"group_code","sample_set","batch","replicate","sample_id","container_type","eem_present","raman_present","hplc_present","matching_measurements","eem_file","raman_file","hplc_status"
"EG","MSStandards","4","1","A1","Plate","False","True","False","Raman only","","C:\Users\nhadu\OneDrive - UTS\C3_UTS\Soft_Sensor_Loc\Emilie data\Raw_data\Emilie_SoftSensor\Emilie_SoftSensor\Raw_data_Plate\Raman\Raman_EG_MSStandards_raw_004_001_A1.CSV","reference workbook missing from local extraction"
"EG","MSStandards","4","1","A10","Plate","False","True","False","Raman only","","C:\Users\nhadu\OneDrive - UTS\C3_UTS\Soft_Sensor_Loc\Emilie data\Raw_data\Emilie_SoftSensor\Emilie_SoftSensor\Raw_data_Plate\Raman\Raman_EG_MSStandards_raw_004_001_A10.CSV","reference workbook missing from local extraction"
"EG","MSStandards","4","1","A11","Plate","False","True","False","Raman only","","C:\Users\nhadu\OneDrive - UTS\C3_UTS\Soft_Sensor_Loc\Emilie data\Raw_data\Emilie_SoftSensor\Emilie_SoftSensor\Raw_data_Plate\Raman\Raman_EG_MSStandards_raw_004_001_A11.CSV","reference workbook missing from local extraction"
"EG","MSStandards","4","1","A2","Plate","False","True","False","Raman only","","C:\Users\nhadu\OneDrive - UTS\C3_UTS\Soft_Sensor_Loc\Emilie data\Raw_data\Emilie_SoftSensor\Emilie_SoftSensor\Raw_data_Plate\Raman\Raman_EG_MSStandards_raw_004_001_A2.CSV","reference workbook missing from local extraction"
"EG","MSStandards","4","1","A3","Plate","False","True","False","Raman only","","C:\Users\nhadu\OneDrive - UTS\C3_UTS\Soft_Sensor_Loc\Emilie data\Raw_data\Emilie_SoftSensor\Emilie_SoftSensor\Raw_data_Plate\Raman\Raman_EG_MSStandards_raw_004_001_A3.CSV","reference workbook missing from local extraction"
"EG","MSStandards","4","1","A4","Plate","False","True","False","Raman only","","C:\Users\nhadu\OneDrive - UTS\C3_UTS\Soft_Sensor_Loc\Emilie data\Raw_data\Emilie_SoftSensor\Emilie_SoftSensor\Raw_data_Plate\Raman\Raman_EG_MSStandards_raw_004_001_A4.CSV","reference workbook missing from local extraction"
"EG","MSStandards","4","1","A5","Plate","False","True","False","Raman only","","C:\Users\nhadu\OneDrive - UTS\C3_UTS\Soft_Sensor_Loc\Emilie data\Raw_data\Emilie_SoftSensor\Emilie_SoftSensor\Raw_data_Plate\Raman\Raman_EG_MSStandards_raw_004_001_A5.CSV","reference workbook missing from local extraction"
"EG","MSStandards","4","1","A6","Plate","False","True","False","Raman only","","C:\Users\nhadu\OneDrive - UTS\C3_UTS\Soft_Sensor_Loc\Emilie data\Raw_data\Emilie_SoftSensor\Emilie_SoftSensor\Raw_data_Plate\Raman\Raman_EG_MSStandards_raw_004_001_A6.CSV","reference workbook missing from local extraction"
"EG","MSStandards","4","1","A7","Plate","False","True","False","Raman only","","C:\Users\nhadu\OneDrive - UTS\C3_UTS\Soft_Sensor_Loc\Emilie data\Raw_data\Emilie_SoftSensor\Emilie_SoftSensor\Raw_data_Plate\Raman\Raman_EG_MSStandards_raw_004_001_A7.CSV","reference workbook missing from local extraction"
"EG","MSStandards","4","1","A8","Plate","False","True","False","Raman only","","C:\Users\nhadu\OneDrive - UTS\C3_UTS\Soft_Sensor_Loc\Emilie data\Raw_data\Emilie_SoftSensor\Emilie_SoftSensor\Raw_data_Plate\Raman\Raman_EG_MSStandards_raw_004_001_A8.CSV","reference workbook missing from local extraction"
"EG","MSStandards","4","1","A9","Plate","False","True","False","Raman only","","C:\Users\nhadu\OneDrive - UTS\C3_UTS\Soft_Sensor_Loc\Emilie data\Raw_data\Emilie_SoftSensor\Emilie_SoftSensor\Raw_data_Plate\Raman\Raman_EG_MSStandards_raw_004_001_A9.CSV","reference workbook missing from local extraction"
"EG","MSStandards","4","1","B1","Plate","False","True","False","Raman only","","C:\Users\nhadu\OneDrive - UTS\C3_UTS\Soft_Sensor_Loc\Emilie data\Raw_data\Emilie_SoftSensor\Emilie_SoftSensor\Raw_data_Plate\Raman\Raman_EG_MSStandards_raw_004_001_B1.CSV","reference workbook missing from local extraction"
"EG","MSStandards","4","1","B10","Plate","False","True","False","Raman only","","C:\Users\nhadu\OneDrive - UTS\C3_UTS\Soft_Sensor_Loc\Emilie data\Raw_data\Emilie_SoftSensor\Emilie_SoftSensor\Raw_data_Plate\Raman\Raman_EG_MSStandards_raw_004_001_B10.CSV","reference workbook missing from local extraction"
"EG","MSStandards","4","1","B11","Plate","False","True","False","Raman only","","C:\Users\nhadu\OneDrive - UTS\C3_UTS\Soft_Sensor_Loc\Emilie data\Raw_data\Emilie_SoftSensor\Emilie_SoftSensor\Raw_data_Plate\Raman\Raman_EG_MSStandards_raw_004_001_B11.CSV","reference workbook missing from local extraction"
"EG","MSStandards","4","1","B2","Plate","False","True","False","Raman only","","C:\Users\nhadu\OneDrive - UTS\C3_UTS\Soft_Sensor_Loc\Emilie data\Raw_data\Emilie_SoftSensor\Emilie_SoftSensor\Raw_data_Plate\Raman\Raman_EG_MSStandards_raw_004_001_B2.CSV","reference workbook missing from local extraction"
"EG","MSStandards","4","1","B3","Plate","False","True","False","Raman only","","C:\Users\nhadu\OneDrive - UTS\C3_UTS\Soft_Sensor_Loc\Emilie data\Raw_data\Emilie_SoftSensor\Emilie_SoftSensor\Raw_data_Plate\Raman\Raman_EG_MSStandards_raw_004_001_B3.CSV","reference workbook missing from local extraction"
"EG","MSStandards","4","1","B4","Plate","False","True","False","Raman only","","C:\Users\nhadu\OneDrive - UTS\C3_UTS\Soft_Sensor_Loc\Emilie data\Raw_data\Emilie_SoftSensor\Emilie_SoftSensor\Raw_data_Plate\Raman\Raman_EG_MSStandards_raw_004_001_B4.CSV","reference workbook missing from local extraction"
"EG","MSStandards","4","1","B5","Plate","False","True","False","Raman only","","C:\Users\nhadu\OneDrive - UTS\C3_UTS\Soft_Sensor_Loc\Emilie data\Raw_data\Emilie_SoftSensor\Emilie_SoftSensor\Raw_data_Plate\Raman\Raman_EG_MSStandards_raw_004_001_B5.CSV","reference workbook missing from local extraction"
"EG","MSStandards","4","1","B6","Plate","False","True","False","Raman only","","C:\Users\nhadu\OneDrive - UTS\C3_UTS\Soft_Sensor_Loc\Emilie data\Raw_data\Emilie_SoftSensor\Emilie_SoftSensor\Raw_data_Plate\Raman\Raman_EG_MSStandards_raw_004_001_B6.CSV","reference workbook missing from local extraction"
"EG","MSStandards","4","1","B7","Plate","False","True","False","Raman only","","C:\Users\nhadu\OneDrive - UTS\C3_UTS\Soft_Sensor_Loc\Emilie data\Raw_data\Emilie_SoftSensor\Emilie_SoftSensor\Raw_data_Plate\Raman\Raman_EG_MSStandards_raw_004_001_B7.CSV","reference workbook missing from local extraction"
"EG","MSStandards","4","1","B8","Plate","False","True","False","Raman only","","C:\Users\nhadu\OneDrive - UTS\C3_UTS\Soft_Sensor_Loc\Emilie data\Raw_data\Emilie_SoftSensor\Emilie_SoftSensor\Raw_data_Plate\Raman\Raman_EG_MSStandards_raw_004_001_B8.CSV","reference workbook missing from local extraction"
"EG","MSStandards","4","1","B9","Plate","False","True","False","Raman only","","C:\Users\nhadu\OneDrive - UTS\C3_UTS\Soft_Sensor_Loc\Emilie data\Raw_data\Emilie_SoftSensor\Emilie_SoftSensor\Raw_data_Plate\Raman\Raman_EG_MSStandards_raw_004_001_B9.CSV","reference workbook missing from local extraction"
"EG","MSStandards","4","1","C1","Plate","False","True","False","Raman only","","C:\Users\nhadu\OneDrive - UTS\C3_UTS\Soft_Sensor_Loc\Emilie data\Raw_data\Emilie_SoftSensor\Emilie_SoftSensor\Raw_data_Plate\Raman\Raman_EG_MSStandards_raw_004_001_C1.CSV","reference workbook missing from local extraction"
"EG","MSStandards","4","1","C10","Plate","False","True","False","Raman only","","C:\Users\nhadu\OneDrive - UTS\C3_UTS\Soft_Sensor_Loc\Emilie data\Raw_data\Emilie_SoftSensor\Emilie_SoftSensor\Raw_data_Plate\Raman\Raman_EG_MSStandards_raw_004_001_C10.CSV","reference workbook missing from local extraction"
"EG","MSStandards","4","1","C11","Plate","False","True","False","Raman only","","C:\Users\nhadu\OneDrive - UTS\C3_UTS\Soft_Sensor_Loc\Emilie data\Raw_data\Emilie_SoftSensor\Emilie_SoftSensor\Raw_data_Plate\Raman\Raman_EG_MSStandards_raw_004_001_C11.CSV","reference workbook missing from local extraction"
"EG","MSStandards","4","1","C2","Plate","False","True","False","Raman only","","C:\Users\nhadu\OneDrive - UTS\C3_UTS\Soft_Sensor_Loc\Emilie data\Raw_data\Emilie_SoftSensor\Emilie_SoftSensor\Raw_data_Plate\Raman\Raman_EG_MSStandards_raw_004_001_C2.CSV","reference workbook missing from local extraction"
"EG","MSStandards","4","1","C3","Plate","False","True","False","Raman only","","C:\Users\nhadu\OneDrive - UTS\C3_UTS\Soft_Sensor_Loc\Emilie data\Raw_data\Emilie_SoftSensor\Emilie_SoftSensor\Raw_data_Plate\Raman\Raman_EG_MSStandards_raw_004_001_C3.CSV","reference workbook missing from local extraction"
"EG","MSStandards","4","1","C4","Plate","False","True","False","Raman only","","C:\Users\nhadu\OneDrive - UTS\C3_UTS\Soft_Sensor_Loc\Emilie data\Raw_data\Emilie_SoftSensor\Emilie_SoftSensor\Raw_data_Plate\Raman\Raman_EG_MSStandards_raw_004_001_C4.CSV","reference workbook missing from local extraction"
"EG","MSStandards","4","1","C5","Plate","False","True","False","Raman only","","C:\Users\nhadu\OneDrive - UTS\C3_UTS\Soft_Sensor_Loc\Emilie data\Raw_data\Emilie_SoftSensor\Emilie_SoftSensor\Raw_data_Plate\Raman\Raman_EG_MSStandards_raw_004_001_C5.CSV","reference workbook missing from local extraction"
"EG","MSStandards","4","1","C6","Plate","False","True","False","Raman only","","C:\Users\nhadu\OneDrive - UTS\C3_UTS\Soft_Sensor_Loc\Emilie data\Raw_data\Emilie_SoftSensor\Emilie_SoftSensor\Raw_data_Plate\Raman\Raman_EG_MSStandards_raw_004_001_C6.CSV","reference workbook missing from local extraction"
"EG","MSStandards","4","1","C7","Plate","False","True","False","Raman only","","C:\Users\nhadu\OneDrive - UTS\C3_UTS\Soft_Sensor_Loc\Emilie data\Raw_data\Emilie_SoftSensor\Emilie_SoftSensor\Raw_data_Plate\Raman\Raman_EG_MSStandards_raw_004_001_C7.CSV","reference workbook missing from local extraction"
"EG","MSStandards","4","1","C8","Plate","False","True","False","Raman only","","C:\Users\nhadu\OneDrive - UTS\C3_UTS\Soft_Sensor_Loc\Emilie data\Raw_data\Emilie_SoftSensor\Emilie_SoftSensor\Raw_data_Plate\Raman\Raman_EG_MSStandards_raw_004_001_C8.CSV","reference workbook missing from local extraction"
"EG","MSStandards","4","1","C9","Plate","False","True","False","Raman only","","C:\Users\nhadu\OneDrive - UTS\C3_UTS\Soft_Sensor_Loc\Emilie data\Raw_data\Emilie_SoftSensor\Emilie_SoftSensor\Raw_data_Plate\Raman\Raman_EG_MSStandards_raw_004_001_C9.CSV","reference workbook missing from local extraction"
"EG","MSStandards","4","1","D1","Plate","False","True","False","Raman only","","C:\Users\nhadu\OneDrive - UTS\C3_UTS\Soft_Sensor_Loc\Emilie data\Raw_data\Emilie_SoftSensor\Emilie_SoftSensor\Raw_data_Plate\Raman\Raman_EG_MSStandards_raw_004_001_D1.CSV","reference workbook missing from local extraction"
"EG","MSStandards","4","1","D10","Plate","False","True","False","Raman only","","C:\Users\nhadu\OneDrive - UTS\C3_UTS\Soft_Sensor_Loc\Emilie data\Raw_data\Emilie_SoftSensor\Emilie_SoftSensor\Raw_data_Plate\Raman\Raman_EG_MSStandards_raw_004_001_D10.CSV","reference workbook missing from local extraction"
"EG","MSStandards","4","1","D11","Plate","False","True","False","Raman only","","C:\Users\nhadu\OneDrive - UTS\C3_UTS\Soft_Sensor_Loc\Emilie data\Raw_data\Emilie_SoftSensor\Emilie_SoftSensor\Raw_data_Plate\Raman\Raman_EG_MSStandards_raw_004_001_D11.CSV","reference workbook missing from local extraction"
"EG","MSStandards","4","1","D2","Plate","False","True","False","Raman only","","C:\Users\nhadu\OneDrive - UTS\C3_UTS\Soft_Sensor_Loc\Emilie data\Raw_data\Emilie_SoftSensor\Emilie_SoftSensor\Raw_data_Plate\Raman\Raman_EG_MSStandards_raw_004_001_D2.CSV","reference workbook missing from local extraction"
"EG","MSStandards","4","1","D3","Plate","False","True","False","Raman only","","C:\Users\nhadu\OneDrive - UTS\C3_UTS\Soft_Sensor_Loc\Emilie data\Raw_data\Emilie_SoftSensor\Emilie_SoftSensor\Raw_data_Plate\Raman\Raman_EG_MSStandards_raw_004_001_D3.CSV","reference workbook missing from local extraction"
"EG","MSStandards","4","1","D4","Plate","False","True","False","Raman only","","C:\Users\nhadu\OneDrive - UTS\C3_UTS\Soft_Sensor_Loc\Emilie data\Raw_data\Emilie_SoftSensor\Emilie_SoftSensor\Raw_data_Plate\Raman\Raman_EG_MSStandards_raw_004_001_D4.CSV","reference workbook missing from local extraction"
"EG","MSStandards","4","1","D5","Plate","False","True","False","Raman only","","C:\Users\nhadu\OneDrive - UTS\C3_UTS\Soft_Sensor_Loc\Emilie data\Raw_data\Emilie_SoftSensor\Emilie_SoftSensor\Raw_data_Plate\Raman\Raman_EG_MSStandards_raw_004_001_D5.CSV","reference workbook missing from local extraction"
"EG","MSStandards","4","1","D6","Plate","False","True","False","Raman only","","C:\Users\nhadu\OneDrive - UTS\C3_UTS\Soft_Sensor_Loc\Emilie data\Raw_data\Emilie_SoftSensor\Emilie_SoftSensor\Raw_data_Plate\Raman\Raman_EG_MSStandards_raw_004_001_D6.CSV","reference workbook missing from local extraction"
"EG","MSStandards","4","1","D7","Plate","False","True","False","Raman only","","C:\Users\nhadu\OneDrive - UTS\C3_UTS\Soft_Sensor_Loc\Emilie data\Raw_data\Emilie_SoftSensor\Emilie_SoftSensor\Raw_data_Plate\Raman\Raman_EG_MSStandards_raw_004_001_D7.CSV","reference workbook missing from local extraction"
"EG","MSStandards","4","1","D8","Plate","False","True","False","Raman only","","C:\Users\nhadu\OneDrive - UTS\C3_UTS\Soft_Sensor_Loc\Emilie data\Raw_data\Emilie_SoftSensor\Emilie_SoftSensor\Raw_data_Plate\Raman\Raman_EG_MSStandards_raw_004_001_D8.CSV","reference workbook missing from local extraction"
"EG","MSStandards","4","1","D9","Plate","False","True","False","Raman only","","C:\Users\nhadu\OneDrive - UTS\C3_UTS\Soft_Sensor_Loc\Emilie data\Raw_data\Emilie_SoftSensor\Emilie_SoftSensor\Raw_data_Plate\Raman\Raman_EG_MSStandards_raw_004_001_D9.CSV","reference workbook missing from local extraction"
"EG","MSStandards","4","1","E1","Plate","False","True","False","Raman only","","C:\Users\nhadu\OneDrive - UTS\C3_UTS\Soft_Sensor_Loc\Emilie data\Raw_data\Emilie_SoftSensor\Emilie_SoftSensor\Raw_data_Plate\Raman\Raman_EG_MSStandards_raw_004_001_E1.CSV","reference workbook missing from local extraction"
"EG","MSStandards","4","1","E10","Plate","False","True","False","Raman only","","C:\Users\nhadu\OneDrive - UTS\C3_UTS\Soft_Sensor_Loc\Emilie data\Raw_data\Emilie_SoftSensor\Emilie_SoftSensor\Raw_data_Plate\Raman\Raman_EG_MSStandards_raw_004_001_E10.CSV","reference workbook missing from local extraction"
"EG","MSStandards","4","1","E2","Plate","False","True","False","Raman only","","C:\Users\nhadu\OneDrive - UTS\C3_UTS\Soft_Sensor_Loc\Emilie data\Raw_data\Emilie_SoftSensor\Emilie_SoftSensor\Raw_data_Plate\Raman\Raman_EG_MSStandards_raw_004_001_E2.CSV","reference workbook missing from local extraction"
"EG","MSStandards","4","1","E3","Plate","False","True","False","Raman only","","C:\Users\nhadu\OneDrive - UTS\C3_UTS\Soft_Sensor_Loc\Emilie data\Raw_data\Emilie_SoftSensor\Emilie_SoftSensor\Raw_data_Plate\Raman\Raman_EG_MSStandards_raw_004_001_E3.CSV","reference workbook missing from local extraction"
"EG","MSStandards","4","1","E4","Plate","False","True","False","Raman only","","C:\Users\nhadu\OneDrive - UTS\C3_UTS\Soft_Sensor_Loc\Emilie data\Raw_data\Emilie_SoftSensor\Emilie_SoftSensor\Raw_data_Plate\Raman\Raman_EG_MSStandards_raw_004_001_E4.CSV","reference workbook missing from local extraction"
"EG","MSStandards","4","1","E5","Plate","False","True","False","Raman only","","C:\Users\nhadu\OneDrive - UTS\C3_UTS\Soft_Sensor_Loc\Emilie data\Raw_data\Emilie_SoftSensor\Emilie_SoftSensor\Raw_data_Plate\Raman\Raman_EG_MSStandards_raw_004_001_E5.CSV","reference workbook missing from local extraction"
"EG","MSStandards","4","1","E6","Plate","False","True","False","Raman only","","C:\Users\nhadu\OneDrive - UTS\C3_UTS\Soft_Sensor_Loc\Emilie data\Raw_data\Emilie_SoftSensor\Emilie_SoftSensor\Raw_data_Plate\Raman\Raman_EG_MSStandards_raw_004_001_E6.CSV","reference workbook missing from local extraction"
"EG","MSStandards","4","1","E7","Plate","False","True","False","Raman only","","C:\Users\nhadu\OneDrive - UTS\C3_UTS\Soft_Sensor_Loc\Emilie data\Raw_data\Emilie_SoftSensor\Emilie_SoftSensor\Raw_data_Plate\Raman\Raman_EG_MSStandards_raw_004_001_E7.CSV","reference workbook missing from local extraction"
"EG","MSStandards","4","1","E8","Plate","False","True","False","Raman only","","C:\Users\nhadu\OneDrive - UTS\C3_UTS\Soft_Sensor_Loc\Emilie data\Raw_data\Emilie_SoftSensor\Emilie_SoftSensor\Raw_data_Plate\Raman\Raman_EG_MSStandards_raw_004_001_E8.CSV","reference workbook missing from local extraction"
"EG","MSStandards","4","1","E9","Plate","False","True","False","Raman only","","C:\Users\nhadu\OneDrive - UTS\C3_UTS\Soft_Sensor_Loc\Emilie data\Raw_data\Emilie_SoftSensor\Emilie_SoftSensor\Raw_data_Plate\Raman\Raman_EG_MSStandards_raw_004_001_E9.CSV","reference workbook missing from local extraction"
"EG","MSStandards","4","1","F1","Plate","False","True","False","Raman only","","C:\Users\nhadu\OneDrive - UTS\C3_UTS\Soft_Sensor_Loc\Emilie data\Raw_data\Emilie_SoftSensor\Emilie_SoftSensor\Raw_data_Plate\Raman\Raman_EG_MSStandards_raw_004_001_F1.CSV","reference workbook missing from local extraction"
"EG","MSStandards","4","1","F10","Plate","False","True","False","Raman only","","C:\Users\nhadu\OneDrive - UTS\C3_UTS\Soft_Sensor_Loc\Emilie data\Raw_data\Emilie_SoftSensor\Emilie_SoftSensor\Raw_data_Plate\Raman\Raman_EG_MSStandards_raw_004_001_F10.CSV","reference workbook missing from local extraction"
"EG","MSStandards","4","1","F2","Plate","False","True","False","Raman only","","C:\Users\nhadu\OneDrive - UTS\C3_UTS\Soft_Sensor_Loc\Emilie data\Raw_data\Emilie_SoftSensor\Emilie_SoftSensor\Raw_data_Plate\Raman\Raman_EG_MSStandards_raw_004_001_F2.CSV","reference workbook missing from local extraction"
"EG","MSStandards","4","1","F3","Plate","False","True","False","Raman only","","C:\Users\nhadu\OneDrive - UTS\C3_UTS\Soft_Sensor_Loc\Emilie data\Raw_data\Emilie_SoftSensor\Emilie_SoftSensor\Raw_data_Plate\Raman\Raman_EG_MSStandards_raw_004_001_F3.CSV","reference workbook missing from local extraction"
"EG","MSStandards","4","1","F4","Plate","False","True","False","Raman only","","C:\Users\nhadu\OneDrive - UTS\C3_UTS\Soft_Sensor_Loc\Emilie data\Raw_data\Emilie_SoftSensor\Emilie_SoftSensor\Raw_data_Plate\Raman\Raman_EG_MSStandards_raw_004_001_F4.CSV","reference workbook missing from local extraction"
"EG","MSStandards","4","1","F5","Plate","False","True","False","Raman only","","C:\Users\nhadu\OneDrive - UTS\C3_UTS\Soft_Sensor_Loc\Emilie data\Raw_data\Emilie_SoftSensor\Emilie_SoftSensor\Raw_data_Plate\Raman\Raman_EG_MSStandards_raw_004_001_F5.CSV","reference workbook missing from local extraction"
"EG","MSStandards","4","1","F6","Plate","False","True","False","Raman only","","C:\Users\nhadu\OneDrive - UTS\C3_UTS\Soft_Sensor_Loc\Emilie data\Raw_data\Emilie_SoftSensor\Emilie_SoftSensor\Raw_data_Plate\Raman\Raman_EG_MSStandards_raw_004_001_F6.CSV","reference workbook missing from local extraction"
"EG","MSStandards","4","1","F7","Plate","False","True","False","Raman only","","C:\Users\nhadu\OneDrive - UTS\C3_UTS\Soft_Sensor_Loc\Emilie data\Raw_data\Emilie_SoftSensor\Emilie_SoftSensor\Raw_data_Plate\Raman\Raman_EG_MSStandards_raw_004_001_F7.CSV","reference workbook missing from local extraction"
"EG","MSStandards","4","1","F8","Plate","False","True","False","Raman only","","C:\Users\nhadu\OneDrive - UTS\C3_UTS\Soft_Sensor_Loc\Emilie data\Raw_data\Emilie_SoftSensor\Emilie_SoftSensor\Raw_data_Plate\Raman\Raman_EG_MSStandards_raw_004_001_F8.CSV","reference workbook missing from local extraction"
"EG","MSStandards","4","1","F9","Plate","False","True","False","Raman only","","C:\Users\nhadu\OneDrive - UTS\C3_UTS\Soft_Sensor_Loc\Emilie data\Raw_data\Emilie_SoftSensor\Emilie_SoftSensor\Raw_data_Plate\Raman\Raman_EG_MSStandards_raw_004_001_F9.CSV","reference workbook missing from local extraction"
"EG","MSStandards","4","1","G1","Plate","False","True","False","Raman only","","C:\Users\nhadu\OneDrive - UTS\C3_UTS\Soft_Sensor_Loc\Emilie data\Raw_data\Emilie_SoftSensor\Emilie_SoftSensor\Raw_data_Plate\Raman\Raman_EG_MSStandards_raw_004_001_G1.CSV","reference workbook missing from local extraction"
"EG","MSStandards","4","1","G10","Plate","False","True","False","Raman only","","C:\Users\nhadu\OneDrive - UTS\C3_UTS\Soft_Sensor_Loc\Emilie data\Raw_data\Emilie_SoftSensor\Emilie_SoftSensor\Raw_data_Plate\Raman\Raman_EG_MSStandards_raw_004_001_G10.CSV","reference workbook missing from local extraction"
"EG","MSStandards","4","1","G2","Plate","False","True","False","Raman only","","C:\Users\nhadu\OneDrive - UTS\C3_UTS\Soft_Sensor_Loc\Emilie data\Raw_data\Emilie_SoftSensor\Emilie_SoftSensor\Raw_data_Plate\Raman\Raman_EG_MSStandards_raw_004_001_G2.CSV","reference workbook missing from local extraction"
"EG","MSStandards","4","1","G3","Plate","False","True","False","Raman only","","C:\Users\nhadu\OneDrive - UTS\C3_UTS\Soft_Sensor_Loc\Emilie data\Raw_data\Emilie_SoftSensor\Emilie_SoftSensor\Raw_data_Plate\Raman\Raman_EG_MSStandards_raw_004_001_G3.CSV","reference workbook missing from local extraction"
"EG","MSStandards","4","1","G4","Plate","False","True","False","Raman only","","C:\Users\nhadu\OneDrive - UTS\C3_UTS\Soft_Sensor_Loc\Emilie data\Raw_data\Emilie_SoftSensor\Emilie_SoftSensor\Raw_data_Plate\Raman\Raman_EG_MSStandards_raw_004_001_G4.CSV","reference workbook missing from local extraction"
"EG","MSStandards","4","1","G5","Plate","False","True","False","Raman only","","C:\Users\nhadu\OneDrive - UTS\C3_UTS\Soft_Sensor_Loc\Emilie data\Raw_data\Emilie_SoftSensor\Emilie_SoftSensor\Raw_data_Plate\Raman\Raman_EG_MSStandards_raw_004_001_G5.CSV","reference workbook missing from local extraction"
"EG","MSStandards","4","1","G6","Plate","False","True","False","Raman only","","C:\Users\nhadu\OneDrive - UTS\C3_UTS\Soft_Sensor_Loc\Emilie data\Raw_data\Emilie_SoftSensor\Emilie_SoftSensor\Raw_data_Plate\Raman\Raman_EG_MSStandards_raw_004_001_G6.CSV","reference workbook missing from local extraction"
"EG","MSStandards","4","1","G7","Plate","False","True","False","Raman only","","C:\Users\nhadu\OneDrive - UTS\C3_UTS\Soft_Sensor_Loc\Emilie data\Raw_data\Emilie_SoftSensor\Emilie_SoftSensor\Raw_data_Plate\Raman\Raman_EG_MSStandards_raw_004_001_G7.CSV","reference workbook missing from local extraction"
"EG","MSStandards","4","1","G8","Plate","False","True","False","Raman only","","C:\Users\nhadu\OneDrive - UTS\C3_UTS\Soft_Sensor_Loc\Emilie data\Raw_data\Emilie_SoftSensor\Emilie_SoftSensor\Raw_data_Plate\Raman\Raman_EG_MSStandards_raw_004_001_G8.CSV","reference workbook missing from local extraction"
"EG","MSStandards","4","1","G9","Plate","False","True","False","Raman only","","C:\Users\nhadu\OneDrive - UTS\C3_UTS\Soft_Sensor_Loc\Emilie data\Raw_data\Emilie_SoftSensor\Emilie_SoftSensor\Raw_data_Plate\Raman\Raman_EG_MSStandards_raw_004_001_G9.CSV","reference workbook missing from local extraction"
"EG","MSStandards","4","1","H1","Plate","False","True","False","Raman only","","C:\Users\nhadu\OneDrive - UTS\C3_UTS\Soft_Sensor_Loc\Emilie data\Raw_data\Emilie_SoftSensor\Emilie_SoftSensor\Raw_data_Plate\Raman\Raman_EG_MSStandards_raw_004_001_H1.CSV","reference workbook missing from local extraction"
"EG","MSStandards","4","1","H10","Plate","False","True","False","Raman only","","C:\Users\nhadu\OneDrive - UTS\C3_UTS\Soft_Sensor_Loc\Emilie data\Raw_data\Emilie_SoftSensor\Emilie_SoftSensor\Raw_data_Plate\Raman\Raman_EG_MSStandards_raw_004_001_H10.CSV","reference workbook missing from local extraction"
"EG","MSStandards","4","1","H2","Plate","False","True","False","Raman only","","C:\Users\nhadu\OneDrive - UTS\C3_UTS\Soft_Sensor_Loc\Emilie data\Raw_data\Emilie_SoftSensor\Emilie_SoftSensor\Raw_data_Plate\Raman\Raman_EG_MSStandards_raw_004_001_H2.CSV","reference workbook missing from local extraction"
"EG","MSStandards","4","1","H3","Plate","False","True","False","Raman only","","C:\Users\nhadu\OneDrive - UTS\C3_UTS\Soft_Sensor_Loc\Emilie data\Raw_data\Emilie_SoftSensor\Emilie_SoftSensor\Raw_data_Plate\Raman\Raman_EG_MSStandards_raw_004_001_H3.CSV","reference workbook missing from local extraction"
"EG","MSStandards","4","1","H4","Plate","False","True","False","Raman only","","C:\Users\nhadu\OneDrive - UTS\C3_UTS\Soft_Sensor_Loc\Emilie data\Raw_data\Emilie_SoftSensor\Emilie_SoftSensor\Raw_data_Plate\Raman\Raman_EG_MSStandards_raw_004_001_H4.CSV","reference workbook missing from local extraction"
"EG","MSStandards","4","1","H5","Plate","False","True","False","Raman only","","C:\Users\nhadu\OneDrive - UTS\C3_UTS\Soft_Sensor_Loc\Emilie data\Raw_data\Emilie_SoftSensor\Emilie_SoftSensor\Raw_data_Plate\Raman\Raman_EG_MSStandards_raw_004_001_H5.CSV","reference workbook missing from local extraction"
"EG","MSStandards","4","1","H6","Plate","False","True","False","Raman only","","C:\Users\nhadu\OneDrive - UTS\C3_UTS\Soft_Sensor_Loc\Emilie data\Raw_data\Emilie_SoftSensor\Emilie_SoftSensor\Raw_data_Plate\Raman\Raman_EG_MSStandards_raw_004_001_H6.CSV","reference workbook missing from local extraction"
"EG","MSStandards","4","1","H7","Plate","False","True","False","Raman only","","C:\Users\nhadu\OneDrive - UTS\C3_UTS\Soft_Sensor_Loc\Emilie data\Raw_data\Emilie_SoftSensor\Emilie_SoftSensor\Raw_data_Plate\Raman\Raman_EG_MSStandards_raw_004_001_H7.CSV","reference workbook missing from local extraction"
"EG","MSStandards","4","1","H8","Plate","False","True","False","Raman only","","C:\Users\nhadu\OneDrive - UTS\C3_UTS\Soft_Sensor_Loc\Emilie data\Raw_data\Emilie_SoftSensor\Emilie_SoftSensor\Raw_data_Plate\Raman\Raman_EG_MSStandards_raw_004_001_H8.CSV","reference workbook missing from local extraction"
"EG","MSStandards","4","1","H9","Plate","False","True","False","Raman only","","C:\Users\nhadu\OneDrive - UTS\C3_UTS\Soft_Sensor_Loc\Emilie data\Raw_data\Emilie_SoftSensor\Emilie_SoftSensor\Raw_data_Plate\Raman\Raman_EG_MSStandards_raw_004_001_H9.CSV","reference workbook missing from local extraction"
"EG","MSStandards","4","2","A1","Plate","False","True","False","Raman only","","C:\Users\nhadu\OneDrive - UTS\C3_UTS\Soft_Sensor_Loc\Emilie data\Raw_data\Emilie_SoftSensor\Emilie_SoftSensor\Raw_data_Plate\Raman\Raman_EG_MSStandards_raw_004_002_A1.CSV","reference workbook missing from local extraction"
"EG","MSStandards","4","2","A2","Plate","False","True","False","Raman only","","C:\Users\nhadu\OneDrive - UTS\C3_UTS\Soft_Sensor_Loc\Emilie data\Raw_data\Emilie_SoftSensor\Emilie_SoftSensor\Raw_data_Plate\Raman\Raman_EG_MSStandards_raw_004_002_A2.CSV","reference workbook missing from local extraction"
"EG","MSStandards","4","2","A3","Plate","False","True","False","Raman only","","C:\Users\nhadu\OneDrive - UTS\C3_UTS\Soft_Sensor_Loc\Emilie data\Raw_data\Emilie_SoftSensor\Emilie_SoftSensor\Raw_data_Plate\Raman\Raman_EG_MSStandards_raw_004_002_A3.CSV","reference workbook missing from local extraction"
"EG","MSStandards","4","2","A4","Plate","False","True","False","Raman only","","C:\Users\nhadu\OneDrive - UTS\C3_UTS\Soft_Sensor_Loc\Emilie data\Raw_data\Emilie_SoftSensor\Emilie_SoftSensor\Raw_data_Plate\Raman\Raman_EG_MSStandards_raw_004_002_A4.CSV","reference workbook missing from local extraction"
"EG","MSStandards","4","2","A5","Plate","False","True","False","Raman only","","C:\Users\nhadu\OneDrive - UTS\C3_UTS\Soft_Sensor_Loc\Emilie data\Raw_data\Emilie_SoftSensor\Emilie_SoftSensor\Raw_data_Plate\Raman\Raman_EG_MSStandards_raw_004_002_A5.CSV","reference workbook missing from local extraction"
"EG","MSStandards","4","2","A6","Plate","False","True","False","Raman only","","C:\Users\nhadu\OneDrive - UTS\C3_UTS\Soft_Sensor_Loc\Emilie data\Raw_data\Emilie_SoftSensor\Emilie_SoftSensor\Raw_data_Plate\Raman\Raman_EG_MSStandards_raw_004_002_A6.CSV","reference workbook missing from local extraction"
"EG","MSStandards","4","2","A7","Plate","False","True","False","Raman only","","C:\Users\nhadu\OneDrive - UTS\C3_UTS\Soft_Sensor_Loc\Emilie data\Raw_data\Emilie_SoftSensor\Emilie_SoftSensor\Raw_data_Plate\Raman\Raman_EG_MSStandards_raw_004_002_A7.CSV","reference workbook missing from local extraction"
"EG","MSStandards","4","2","A8","Plate","False","True","False","Raman only","","C:\Users\nhadu\OneDrive - UTS\C3_UTS\Soft_Sensor_Loc\Emilie data\Raw_data\Emilie_SoftSensor\Emilie_SoftSensor\Raw_data_Plate\Raman\Raman_EG_MSStandards_raw_004_002_A8.CSV","reference workbook missing from local extraction"
"EG","MSStandards","4","2","A9","Plate","False","True","False","Raman only","","C:\Users\nhadu\OneDrive - UTS\C3_UTS\Soft_Sensor_Loc\Emilie data\Raw_data\Emilie_SoftSensor\Emilie_SoftSensor\Raw_data_Plate\Raman\Raman_EG_MSStandards_raw_004_002_A9.CSV","reference workbook missing from local extraction"
"EG","MSStandards","4","2","B1","Plate","False","True","False","Raman only","","C:\Users\nhadu\OneDrive - UTS\C3_UTS\Soft_Sensor_Loc\Emilie data\Raw_data\Emilie_SoftSensor\Emilie_SoftSensor\Raw_data_Plate\Raman\Raman_EG_MSStandards_raw_004_002_B1.CSV","reference workbook missing from local extraction"
"EG","MSStandards","4","2","B2","Plate","False","True","False","Raman only","","C:\Users\nhadu\OneDrive - UTS\C3_UTS\Soft_Sensor_Loc\Emilie data\Raw_data\Emilie_SoftSensor\Emilie_SoftSensor\Raw_data_Plate\Raman\Raman_EG_MSStandards_raw_004_002_B2.CSV","reference workbook missing from local extraction"
"EG","MSStandards","4","2","B3","Plate","False","True","False","Raman only","","C:\Users\nhadu\OneDrive - UTS\C3_UTS\Soft_Sensor_Loc\Emilie data\Raw_data\Emilie_SoftSensor\Emilie_SoftSensor\Raw_data_Plate\Raman\Raman_EG_MSStandards_raw_004_002_B3.CSV","reference workbook missing from local extraction"
"EG","MSStandards","4","2","B4","Plate","False","True","False","Raman only","","C:\Users\nhadu\OneDrive - UTS\C3_UTS\Soft_Sensor_Loc\Emilie data\Raw_data\Emilie_SoftSensor\Emilie_SoftSensor\Raw_data_Plate\Raman\Raman_EG_MSStandards_raw_004_002_B4.CSV","reference workbook missing from local extraction"
"EG","MSStandards","4","2","B5","Plate","False","True","False","Raman only","","C:\Users\nhadu\OneDrive - UTS\C3_UTS\Soft_Sensor_Loc\Emilie data\Raw_data\Emilie_SoftSensor\Emilie_SoftSensor\Raw_data_Plate\Raman\Raman_EG_MSStandards_raw_004_002_B5.CSV","reference workbook missing from local extraction"
"EG","MSStandards","4","2","B6","Plate","False","True","False","Raman only","","C:\Users\nhadu\OneDrive - UTS\C3_UTS\Soft_Sensor_Loc\Emilie data\Raw_data\Emilie_SoftSensor\Emilie_SoftSensor\Raw_data_Plate\Raman\Raman_EG_MSStandards_raw_004_002_B6.CSV","reference workbook missing from local extraction"
"EG","MSStandards","4","2","B7","Plate","False","True","False","Raman only","","C:\Users\nhadu\OneDrive - UTS\C3_UTS\Soft_Sensor_Loc\Emilie data\Raw_data\Emilie_SoftSensor\Emilie_SoftSensor\Raw_data_Plate\Raman\Raman_EG_MSStandards_raw_004_002_B7.CSV","reference workbook missing from local extraction"
"EG","MSStandards","4","2","B8","Plate","False","True","False","Raman only","","C:\Users\nhadu\OneDrive - UTS\C3_UTS\Soft_Sensor_Loc\Emilie data\Raw_data\Emilie_SoftSensor\Emilie_SoftSensor\Raw_data_Plate\Raman\Raman_EG_MSStandards_raw_004_002_B8.CSV","reference workbook missing from local extraction"
"EG","MSStandards","4","2","B9","Plate","False","True","False","Raman only","","C:\Users\nhadu\OneDrive - UTS\C3_UTS\Soft_Sensor_Loc\Emilie data\Raw_data\Emilie_SoftSensor\Emilie_SoftSensor\Raw_data_Plate\Raman\Raman_EG_MSStandards_raw_004_002_B9.CSV","reference workbook missing from local extraction"
"EG","MSStandards","4","2","C1","Plate","False","True","False","Raman only","","C:\Users\nhadu\OneDrive - UTS\C3_UTS\Soft_Sensor_Loc\Emilie data\Raw_data\Emilie_SoftSensor\Emilie_SoftSensor\Raw_data_Plate\Raman\Raman_EG_MSStandards_raw_004_002_C1.CSV","reference workbook missing from local extraction"
"EG","MSStandards","4","2","C2","Plate","False","True","False","Raman only","","C:\Users\nhadu\OneDrive - UTS\C3_UTS\Soft_Sensor_Loc\Emilie data\Raw_data\Emilie_SoftSensor\Emilie_SoftSensor\Raw_data_Plate\Raman\Raman_EG_MSStandards_raw_004_002_C2.CSV","reference workbook missing from local extraction"
"EG","MSStandards","4","2","C3","Plate","False","True","False","Raman only","","C:\Users\nhadu\OneDrive - UTS\C3_UTS\Soft_Sensor_Loc\Emilie data\Raw_data\Emilie_SoftSensor\Emilie_SoftSensor\Raw_data_Plate\Raman\Raman_EG_MSStandards_raw_004_002_C3.CSV","reference workbook missing from local extraction"
"EG","MSStandards","4","2","C4","Plate","False","True","False","Raman only","","C:\Users\nhadu\OneDrive - UTS\C3_UTS\Soft_Sensor_Loc\Emilie data\Raw_data\Emilie_SoftSensor\Emilie_SoftSensor\Raw_data_Plate\Raman\Raman_EG_MSStandards_raw_004_002_C4.CSV","reference workbook missing from local extraction"
"EG","MSStandards","4","2","C5","Plate","False","True","False","Raman only","","C:\Users\nhadu\OneDrive - UTS\C3_UTS\Soft_Sensor_Loc\Emilie data\Raw_data\Emilie_SoftSensor\Emilie_SoftSensor\Raw_data_Plate\Raman\Raman_EG_MSStandards_raw_004_002_C5.CSV","reference workbook missing from local extraction"
"EG","MSStandards","4","2","C6","Plate","False","True","False","Raman only","","C:\Users\nhadu\OneDrive - UTS\C3_UTS\Soft_Sensor_Loc\Emilie data\Raw_data\Emilie_SoftSensor\Emilie_SoftSensor\Raw_data_Plate\Raman\Raman_EG_MSStandards_raw_004_002_C6.CSV","reference workbook missing from local extraction"
"EG","MSStandards","4","2","C7","Plate","False","True","False","Raman only","","C:\Users\nhadu\OneDrive - UTS\C3_UTS\Soft_Sensor_Loc\Emilie data\Raw_data\Emilie_SoftSensor\Emilie_SoftSensor\Raw_data_Plate\Raman\Raman_EG_MSStandards_raw_004_002_C7.CSV","reference workbook missing from local extraction"
"EG","MSStandards","4","2","C8","Plate","False","True","False","Raman only","","C:\Users\nhadu\OneDrive - UTS\C3_UTS\Soft_Sensor_Loc\Emilie data\Raw_data\Emilie_SoftSensor\Emilie_SoftSensor\Raw_data_Plate\Raman\Raman_EG_MSStandards_raw_004_002_C8.CSV","reference workbook missing from local extraction"
"EG","MSStandards","4","2","C9","Flask","False","True","False","Raman only","","C:\Users\nhadu\OneDrive - UTS\C3_UTS\Soft_Sensor_Loc\Emilie data\Raw_data\Emilie_SoftSensor\Emilie_SoftSensor\Raw_data_Flask\Raman\Raman_EG_MSStandards_raw_004_002_C9.CSV","reference workbook missing from local extraction"
"EG","MSStandards","4","2","D1","Plate","False","True","False","Raman only","","C:\Users\nhadu\OneDrive - UTS\C3_UTS\Soft_Sensor_Loc\Emilie data\Raw_data\Emilie_SoftSensor\Emilie_SoftSensor\Raw_data_Plate\Raman\Raman_EG_MSStandards_raw_004_002_D1.CSV","reference workbook missing from local extraction"
"EG","MSStandards","4","2","D2","Plate","False","True","False","Raman only","","C:\Users\nhadu\OneDrive - UTS\C3_UTS\Soft_Sensor_Loc\Emilie data\Raw_data\Emilie_SoftSensor\Emilie_SoftSensor\Raw_data_Plate\Raman\Raman_EG_MSStandards_raw_004_002_D2.CSV","reference workbook missing from local extraction"
"EG","MSStandards","4","2","D3","Plate","False","True","False","Raman only","","C:\Users\nhadu\OneDrive - UTS\C3_UTS\Soft_Sensor_Loc\Emilie data\Raw_data\Emilie_SoftSensor\Emilie_SoftSensor\Raw_data_Plate\Raman\Raman_EG_MSStandards_raw_004_002_D3.CSV","reference workbook missing from local extraction"
"EG","MSStandards","4","2","D4","Plate","False","True","False","Raman only","","C:\Users\nhadu\OneDrive - UTS\C3_UTS\Soft_Sensor_Loc\Emilie data\Raw_data\Emilie_SoftSensor\Emilie_SoftSensor\Raw_data_Plate\Raman\Raman_EG_MSStandards_raw_004_002_D4.CSV","reference workbook missing from local extraction"
"EG","MSStandards","4","2","D5","Plate","False","True","False","Raman only","","C:\Users\nhadu\OneDrive - UTS\C3_UTS\Soft_Sensor_Loc\Emilie data\Raw_data\Emilie_SoftSensor\Emilie_SoftSensor\Raw_data_Plate\Raman\Raman_EG_MSStandards_raw_004_002_D5.CSV","reference workbook missing from local extraction"
"EG","MSStandards","4","2","D6","Plate","False","True","False","Raman only","","C:\Users\nhadu\OneDrive - UTS\C3_UTS\Soft_Sensor_Loc\Emilie data\Raw_data\Emilie_SoftSensor\Emilie_SoftSensor\Raw_data_Plate\Raman\Raman_EG_MSStandards_raw_004_002_D6.CSV","reference workbook missing from local extraction"
"EG","MSStandards","4","2","D7","Plate","False","True","False","Raman only","","C:\Users\nhadu\OneDrive - UTS\C3_UTS\Soft_Sensor_Loc\Emilie data\Raw_data\Emilie_SoftSensor\Emilie_SoftSensor\Raw_data_Plate\Raman\Raman_EG_MSStandards_raw_004_002_D7.CSV","reference workbook missing from local extraction"
"EG","MSStandards","4","2","D8","Plate","False","True","False","Raman only","","C:\Users\nhadu\OneDrive - UTS\C3_UTS\Soft_Sensor_Loc\Emilie data\Raw_data\Emilie_SoftSensor\Emilie_SoftSensor\Raw_data_Plate\Raman\Raman_EG_MSStandards_raw_004_002_D8.CSV","reference workbook missing from local extraction"
"EG","MSStandards","4","2","D9","Flask","False","True","False","Raman only","","C:\Users\nhadu\OneDrive - UTS\C3_UTS\Soft_Sensor_Loc\Emilie data\Raw_data\Emilie_SoftSensor\Emilie_SoftSensor\Raw_data_Flask\Raman\Raman_EG_MSStandards_raw_004_002_D9.CSV","reference workbook missing from local extraction"
"EG","MSStandards","4","2","E1","Plate","False","True","False","Raman only","","C:\Users\nhadu\OneDrive - UTS\C3_UTS\Soft_Sensor_Loc\Emilie data\Raw_data\Emilie_SoftSensor\Emilie_SoftSensor\Raw_data_Plate\Raman\Raman_EG_MSStandards_raw_004_002_E1.CSV","reference workbook missing from local extraction"
"EG","MSStandards","4","2","E2","Plate","False","True","False","Raman only","","C:\Users\nhadu\OneDrive - UTS\C3_UTS\Soft_Sensor_Loc\Emilie data\Raw_data\Emilie_SoftSensor\Emilie_SoftSensor\Raw_data_Plate\Raman\Raman_EG_MSStandards_raw_004_002_E2.CSV","reference workbook missing from local extraction"
"EG","MSStandards","4","2","E3","Plate","False","True","False","Raman only","","C:\Users\nhadu\OneDrive - UTS\C3_UTS\Soft_Sensor_Loc\Emilie data\Raw_data\Emilie_SoftSensor\Emilie_SoftSensor\Raw_data_Plate\Raman\Raman_EG_MSStandards_raw_004_002_E3.CSV","reference workbook missing from local extraction"
"EG","MSStandards","4","2","E4","Plate","False","True","False","Raman only","","C:\Users\nhadu\OneDrive - UTS\C3_UTS\Soft_Sensor_Loc\Emilie data\Raw_data\Emilie_SoftSensor\Emilie_SoftSensor\Raw_data_Plate\Raman\Raman_EG_MSStandards_raw_004_002_E4.CSV","reference workbook missing from local extraction"
"EG","MSStandards","4","2","E5","Plate","False","True","False","Raman only","","C:\Users\nhadu\OneDrive - UTS\C3_UTS\Soft_Sensor_Loc\Emilie data\Raw_data\Emilie_SoftSensor\Emilie_SoftSensor\Raw_data_Plate\Raman\Raman_EG_MSStandards_raw_004_002_E5.CSV","reference workbook missing from local extraction"
"EG","MSStandards","4","2","E6","Plate","False","True","False","Raman only","","C:\Users\nhadu\OneDrive - UTS\C3_UTS\Soft_Sensor_Loc\Emilie data\Raw_data\Emilie_SoftSensor\Emilie_SoftSensor\Raw_data_Plate\Raman\Raman_EG_MSStandards_raw_004_002_E6.CSV","reference workbook missing from local extraction"
"EG","MSStandards","4","2","E7","Plate","False","True","False","Raman only","","C:\Users\nhadu\OneDrive - UTS\C3_UTS\Soft_Sensor_Loc\Emilie data\Raw_data\Emilie_SoftSensor\Emilie_SoftSensor\Raw_data_Plate\Raman\Raman_EG_MSStandards_raw_004_002_E7.CSV","reference workbook missing from local extraction"
"EG","MSStandards","4","2","E8","Plate","False","True","False","Raman only","","C:\Users\nhadu\OneDrive - UTS\C3_UTS\Soft_Sensor_Loc\Emilie data\Raw_data\Emilie_SoftSensor\Emilie_SoftSensor\Raw_data_Plate\Raman\Raman_EG_MSStandards_raw_004_002_E8.CSV","reference workbook missing from local extraction"
"EG","MSStandards","4","2","E9","Flask","False","True","False","Raman only","","C:\Users\nhadu\OneDrive - UTS\C3_UTS\Soft_Sensor_Loc\Emilie data\Raw_data\Emilie_SoftSensor\Emilie_SoftSensor\Raw_data_Flask\Raman\Raman_EG_MSStandards_raw_004_002_E9.CSV","reference workbook missing from local extraction"
"EG","MSStandards","4","2","F1","Plate","False","True","False","Raman only","","C:\Users\nhadu\OneDrive - UTS\C3_UTS\Soft_Sensor_Loc\Emilie data\Raw_data\Emilie_SoftSensor\Emilie_SoftSensor\Raw_data_Plate\Raman\Raman_EG_MSStandards_raw_004_002_F1.CSV","reference workbook missing from local extraction"
"EG","MSStandards","4","2","F2","Plate","False","True","False","Raman only","","C:\Users\nhadu\OneDrive - UTS\C3_UTS\Soft_Sensor_Loc\Emilie data\Raw_data\Emilie_SoftSensor\Emilie_SoftSensor\Raw_data_Plate\Raman\Raman_EG_MSStandards_raw_004_002_F2.CSV","reference workbook missing from local extraction"
"EG","MSStandards","4","2","F3","Plate","False","True","False","Raman only","","C:\Users\nhadu\OneDrive - UTS\C3_UTS\Soft_Sensor_Loc\Emilie data\Raw_data\Emilie_SoftSensor\Emilie_SoftSensor\Raw_data_Plate\Raman\Raman_EG_MSStandards_raw_004_002_F3.CSV","reference workbook missing from local extraction"
"EG","MSStandards","4","2","F4","Plate","False","True","False","Raman only","","C:\Users\nhadu\OneDrive - UTS\C3_UTS\Soft_Sensor_Loc\Emilie data\Raw_data\Emilie_SoftSensor\Emilie_SoftSensor\Raw_data_Plate\Raman\Raman_EG_MSStandards_raw_004_002_F4.CSV","reference workbook missing from local extraction"
"EG","MSStandards","4","2","F5","Plate","False","True","False","Raman only","","C:\Users\nhadu\OneDrive - UTS\C3_UTS\Soft_Sensor_Loc\Emilie data\Raw_data\Emilie_SoftSensor\Emilie_SoftSensor\Raw_data_Plate\Raman\Raman_EG_MSStandards_raw_004_002_F5.CSV","reference workbook missing from local extraction"
"EG","MSStandards","4","2","F7","Plate","False","True","False","Raman only","","C:\Users\nhadu\OneDrive - UTS\C3_UTS\Soft_Sensor_Loc\Emilie data\Raw_data\Emilie_SoftSensor\Emilie_SoftSensor\Raw_data_Plate\Raman\Raman_EG_MSStandards_raw_004_002_F7.CSV","reference workbook missing from local extraction"
"EG","MSStandards","4","2","F8","Plate","False","True","False","Raman only","","C:\Users\nhadu\OneDrive - UTS\C3_UTS\Soft_Sensor_Loc\Emilie data\Raw_data\Emilie_SoftSensor\Emilie_SoftSensor\Raw_data_Plate\Raman\Raman_EG_MSStandards_raw_004_002_F8.CSV","reference workbook missing from local extraction"
"EG","MSStandards","4","2","F9","Plate","False","True","False","Raman only","","C:\Users\nhadu\OneDrive - UTS\C3_UTS\Soft_Sensor_Loc\Emilie data\Raw_data\Emilie_SoftSensor\Emilie_SoftSensor\Raw_data_Plate\Raman\Raman_EG_MSStandards_raw_004_002_F9.CSV","reference workbook missing from local extraction"
"EG","MSStandards","4","2","G1","Plate","False","True","False","Raman only","","C:\Users\nhadu\OneDrive - UTS\C3_UTS\Soft_Sensor_Loc\Emilie data\Raw_data\Emilie_SoftSensor\Emilie_SoftSensor\Raw_data_Plate\Raman\Raman_EG_MSStandards_raw_004_002_G1.CSV","reference workbook missing from local extraction"
"EG","MSStandards","4","2","G2","Plate","False","True","False","Raman only","","C:\Users\nhadu\OneDrive - UTS\C3_UTS\Soft_Sensor_Loc\Emilie data\Raw_data\Emilie_SoftSensor\Emilie_SoftSensor\Raw_data_Plate\Raman\Raman_EG_MSStandards_raw_004_002_G2.CSV","reference workbook missing from local extraction"
"EG","MSStandards","4","2","G3","Plate","False","True","False","Raman only","","C:\Users\nhadu\OneDrive - UTS\C3_UTS\Soft_Sensor_Loc\Emilie data\Raw_data\Emilie_SoftSensor\Emilie_SoftSensor\Raw_data_Plate\Raman\Raman_EG_MSStandards_raw_004_002_G3.CSV","reference workbook missing from local extraction"
"EG","MSStandards","4","2","G4","Plate","False","True","False","Raman only","","C:\Users\nhadu\OneDrive - UTS\C3_UTS\Soft_Sensor_Loc\Emilie data\Raw_data\Emilie_SoftSensor\Emilie_SoftSensor\Raw_data_Plate\Raman\Raman_EG_MSStandards_raw_004_002_G4.CSV","reference workbook missing from local extraction"
"EG","MSStandards","4","2","G5","Plate","False","True","False","Raman only","","C:\Users\nhadu\OneDrive - UTS\C3_UTS\Soft_Sensor_Loc\Emilie data\Raw_data\Emilie_SoftSensor\Emilie_SoftSensor\Raw_data_Plate\Raman\Raman_EG_MSStandards_raw_004_002_G5.CSV","reference workbook missing from local extraction"
"EG","MSStandards","4","2","G7","Plate","False","True","False","Raman only","","C:\Users\nhadu\OneDrive - UTS\C3_UTS\Soft_Sensor_Loc\Emilie data\Raw_data\Emilie_SoftSensor\Emilie_SoftSensor\Raw_data_Plate\Raman\Raman_EG_MSStandards_raw_004_002_G7.CSV","reference workbook missing from local extraction"
"EG","MSStandards","4","2","G8","Plate","False","True","False","Raman only","","C:\Users\nhadu\OneDrive - UTS\C3_UTS\Soft_Sensor_Loc\Emilie data\Raw_data\Emilie_SoftSensor\Emilie_SoftSensor\Raw_data_Plate\Raman\Raman_EG_MSStandards_raw_004_002_G8.CSV","reference workbook missing from local extraction"
"EG","MSStandards","4","2","G9","Plate","False","True","False","Raman only","","C:\Users\nhadu\OneDrive - UTS\C3_UTS\Soft_Sensor_Loc\Emilie data\Raw_data\Emilie_SoftSensor\Emilie_SoftSensor\Raw_data_Plate\Raman\Raman_EG_MSStandards_raw_004_002_G9.CSV","reference workbook missing from local extraction"
"EG","MSStandards","4","2","H1","Plate","False","True","False","Raman only","","C:\Users\nhadu\OneDrive - UTS\C3_UTS\Soft_Sensor_Loc\Emilie data\Raw_data\Emilie_SoftSensor\Emilie_SoftSensor\Raw_data_Plate\Raman\Raman_EG_MSStandards_raw_004_002_H1.CSV","reference workbook missing from local extraction"
"EG","MSStandards","4","2","H2","Plate","False","True","False","Raman only","","C:\Users\nhadu\OneDrive - UTS\C3_UTS\Soft_Sensor_Loc\Emilie data\Raw_data\Emilie_SoftSensor\Emilie_SoftSensor\Raw_data_Plate\Raman\Raman_EG_MSStandards_raw_004_002_H2.CSV","reference workbook missing from local extraction"
"EG","MSStandards","4","2","H3","Plate","False","True","False","Raman only","","C:\Users\nhadu\OneDrive - UTS\C3_UTS\Soft_Sensor_Loc\Emilie data\Raw_data\Emilie_SoftSensor\Emilie_SoftSensor\Raw_data_Plate\Raman\Raman_EG_MSStandards_raw_004_002_H3.CSV","reference workbook missing from local extraction"
"EG","MSStandards","4","2","H4","Plate","False","True","False","Raman only","","C:\Users\nhadu\OneDrive - UTS\C3_UTS\Soft_Sensor_Loc\Emilie data\Raw_data\Emilie_SoftSensor\Emilie_SoftSensor\Raw_data_Plate\Raman\Raman_EG_MSStandards_raw_004_002_H4.CSV","reference workbook missing from local extraction"
"EG","MSStandards","4","2","H5","Plate","False","True","False","Raman only","","C:\Users\nhadu\OneDrive - UTS\C3_UTS\Soft_Sensor_Loc\Emilie data\Raw_data\Emilie_SoftSensor\Emilie_SoftSensor\Raw_data_Plate\Raman\Raman_EG_MSStandards_raw_004_002_H5.CSV","reference workbook missing from local extraction"
"EG","MSStandards","4","2","H7","Plate","False","True","False","Raman only","","C:\Users\nhadu\OneDrive - UTS\C3_UTS\Soft_Sensor_Loc\Emilie data\Raw_data\Emilie_SoftSensor\Emilie_SoftSensor\Raw_data_Plate\Raman\Raman_EG_MSStandards_raw_004_002_H7.CSV","reference workbook missing from local extraction"
"EG","MSStandards","4","2","H8","Plate","False","True","False","Raman only","","C:\Users\nhadu\OneDrive - UTS\C3_UTS\Soft_Sensor_Loc\Emilie data\Raw_data\Emilie_SoftSensor\Emilie_SoftSensor\Raw_data_Plate\Raman\Raman_EG_MSStandards_raw_004_002_H8.CSV","reference workbook missing from local extraction"
"EG","MSStandards","4","2","H9","Plate","False","True","False","Raman only","","C:\Users\nhadu\OneDrive - UTS\C3_UTS\Soft_Sensor_Loc\Emilie data\Raw_data\Emilie_SoftSensor\Emilie_SoftSensor\Raw_data_Plate\Raman\Raman_EG_MSStandards_raw_004_002_H9.CSV","reference workbook missing from local extraction"
"EG","Pavlovagyrans","1","1","B10","Plate","True","False","False","EEM only","C:\Users\nhadu\OneDrive - UTS\C3_UTS\Soft_Sensor_Loc\Emilie data\Raw_data\Emilie_SoftSensor\Emilie_SoftSensor\Raw_data_Plate\EEM\EEM_EG_Pavlovagyrans_raw_001_001_B10.csv","","reference workbook missing from local extraction"
"EG","Pavlovagyrans","1","1","B11","Plate","True","False","False","EEM only","C:\Users\nhadu\OneDrive - UTS\C3_UTS\Soft_Sensor_Loc\Emilie data\Raw_data\Emilie_SoftSensor\Emilie_SoftSensor\Raw_data_Plate\EEM\EEM_EG_Pavlovagyrans_raw_001_001_B11.csv","","reference workbook missing from local extraction"
"EG","Pavlovagyrans","1","1","B2","Plate","True","False","False","EEM only","C:\Users\nhadu\OneDrive - UTS\C3_UTS\Soft_Sensor_Loc\Emilie data\Raw_data\Emilie_SoftSensor\Emilie_SoftSensor\Raw_data_Plate\EEM\EEM_EG_Pavlovagyrans_raw_001_001_B2.csv","","reference workbook missing from local extraction"
"EG","Pavlovagyrans","1","1","B3","Plate","True","False","False","EEM only","C:\Users\nhadu\OneDrive - UTS\C3_UTS\Soft_Sensor_Loc\Emilie data\Raw_data\Emilie_SoftSensor\Emilie_SoftSensor\Raw_data_Plate\EEM\EEM_EG_Pavlovagyrans_raw_001_001_B3.csv","","reference workbook missing from local extraction"
"EG","Pavlovagyrans","1","1","B4","Plate","True","False","False","EEM only","C:\Users\nhadu\OneDrive - UTS\C3_UTS\Soft_Sensor_Loc\Emilie data\Raw_data\Emilie_SoftSensor\Emilie_SoftSensor\Raw_data_Plate\EEM\EEM_EG_Pavlovagyrans_raw_001_001_B4.csv","","reference workbook missing from local extraction"
"EG","Pavlovagyrans","1","1","B5","Plate","True","False","False","EEM only","C:\Users\nhadu\OneDrive - UTS\C3_UTS\Soft_Sensor_Loc\Emilie data\Raw_data\Emilie_SoftSensor\Emilie_SoftSensor\Raw_data_Plate\EEM\EEM_EG_Pavlovagyrans_raw_001_001_B5.csv","","reference workbook missing from local extraction"
"EG","Pavlovagyrans","1","1","B6","Plate","True","False","False","EEM only","C:\Users\nhadu\OneDrive - UTS\C3_UTS\Soft_Sensor_Loc\Emilie data\Raw_data\Emilie_SoftSensor\Emilie_SoftSensor\Raw_data_Plate\EEM\EEM_EG_Pavlovagyrans_raw_001_001_B6.csv","","reference workbook missing from local extraction"
"EG","Pavlovagyrans","1","1","B7","Plate","True","False","False","EEM only","C:\Users\nhadu\OneDrive - UTS\C3_UTS\Soft_Sensor_Loc\Emilie data\Raw_data\Emilie_SoftSensor\Emilie_SoftSensor\Raw_data_Plate\EEM\EEM_EG_Pavlovagyrans_raw_001_001_B7.csv","","reference workbook missing from local extraction"
"EG","Pavlovagyrans","1","1","B8","Plate","True","False","False","EEM only","C:\Users\nhadu\OneDrive - UTS\C3_UTS\Soft_Sensor_Loc\Emilie data\Raw_data\Emilie_SoftSensor\Emilie_SoftSensor\Raw_data_Plate\EEM\EEM_EG_Pavlovagyrans_raw_001_001_B8.csv","","reference workbook missing from local extraction"
"EG","Pavlovagyrans","1","1","B9","Plate","True","False","False","EEM only","C:\Users\nhadu\OneDrive - UTS\C3_UTS\Soft_Sensor_Loc\Emilie data\Raw_data\Emilie_SoftSensor\Emilie_SoftSensor\Raw_data_Plate\EEM\EEM_EG_Pavlovagyrans_raw_001_001_B9.csv","","reference workbook missing from local extraction"
"EG","Pavlovagyrans","1","1","C10","Plate","True","False","False","EEM only","C:\Users\nhadu\OneDrive - UTS\C3_UTS\Soft_Sensor_Loc\Emilie data\Raw_data\Emilie_SoftSensor\Emilie_SoftSensor\Raw_data_Plate\EEM\EEM_EG_Pavlovagyrans_raw_001_001_C10.csv","","reference workbook missing from local extraction"
"EG","Pavlovagyrans","1","1","C11","Plate","True","False","False","EEM only","C:\Users\nhadu\OneDrive - UTS\C3_UTS\Soft_Sensor_Loc\Emilie data\Raw_data\Emilie_SoftSensor\Emilie_SoftSensor\Raw_data_Plate\EEM\EEM_EG_Pavlovagyrans_raw_001_001_C11.csv","","reference workbook missing from local extraction"
"EG","Pavlovagyrans","1","1","C2","Plate","True","False","False","EEM only","C:\Users\nhadu\OneDrive - UTS\C3_UTS\Soft_Sensor_Loc\Emilie data\Raw_data\Emilie_SoftSensor\Emilie_SoftSensor\Raw_data_Plate\EEM\EEM_EG_Pavlovagyrans_raw_001_001_C2.csv","","reference workbook missing from local extraction"
"EG","Pavlovagyrans","1","1","C3","Plate","True","False","False","EEM only","C:\Users\nhadu\OneDrive - UTS\C3_UTS\Soft_Sensor_Loc\Emilie data\Raw_data\Emilie_SoftSensor\Emilie_SoftSensor\Raw_data_Plate\EEM\EEM_EG_Pavlovagyrans_raw_001_001_C3.csv","","reference workbook missing from local extraction"
"EG","Pavlovagyrans","1","1","C4","Plate","True","False","False","EEM only","C:\Users\nhadu\OneDrive - UTS\C3_UTS\Soft_Sensor_Loc\Emilie data\Raw_data\Emilie_SoftSensor\Emilie_SoftSensor\Raw_data_Plate\EEM\EEM_EG_Pavlovagyrans_raw_001_001_C4.csv","","reference workbook missing from local extraction"
"EG","Pavlovagyrans","1","1","C5","Plate","True","False","False","EEM only","C:\Users\nhadu\OneDrive - UTS\C3_UTS\Soft_Sensor_Loc\Emilie data\Raw_data\Emilie_SoftSensor\Emilie_SoftSensor\Raw_data_Plate\EEM\EEM_EG_Pavlovagyrans_raw_001_001_C5.csv","","reference workbook missing from local extraction"
"EG","Pavlovagyrans","1","1","C6","Plate","True","False","False","EEM only","C:\Users\nhadu\OneDrive - UTS\C3_UTS\Soft_Sensor_Loc\Emilie data\Raw_data\Emilie_SoftSensor\Emilie_SoftSensor\Raw_data_Plate\EEM\EEM_EG_Pavlovagyrans_raw_001_001_C6.csv","","reference workbook missing from local extraction"
"EG","Pavlovagyrans","1","1","C7","Plate","True","False","False","EEM only","C:\Users\nhadu\OneDrive - UTS\C3_UTS\Soft_Sensor_Loc\Emilie data\Raw_data\Emilie_SoftSensor\Emilie_SoftSensor\Raw_data_Plate\EEM\EEM_EG_Pavlovagyrans_raw_001_001_C7.csv","","reference workbook missing from local extraction"
"EG","Pavlovagyrans","1","1","C8","Plate","True","False","False","EEM only","C:\Users\nhadu\OneDrive - UTS\C3_UTS\Soft_Sensor_Loc\Emilie data\Raw_data\Emilie_SoftSensor\Emilie_SoftSensor\Raw_data_Plate\EEM\EEM_EG_Pavlovagyrans_raw_001_001_C8.csv","","reference workbook missing from local extraction"
"EG","Pavlovagyrans","1","1","C9","Plate","True","False","False","EEM only","C:\Users\nhadu\OneDrive - UTS\C3_UTS\Soft_Sensor_Loc\Emilie data\Raw_data\Emilie_SoftSensor\Emilie_SoftSensor\Raw_data_Plate\EEM\EEM_EG_Pavlovagyrans_raw_001_001_C9.csv","","reference workbook missing from local extraction"
"EG","Pavlovagyrans","1","1","D10","Plate","True","False","False","EEM only","C:\Users\nhadu\OneDrive - UTS\C3_UTS\Soft_Sensor_Loc\Emilie data\Raw_data\Emilie_SoftSensor\Emilie_SoftSensor\Raw_data_Plate\EEM\EEM_EG_Pavlovagyrans_raw_001_001_D10.csv","","reference workbook missing from local extraction"
"EG","Pavlovagyrans","1","1","D11","Plate","True","False","False","EEM only","C:\Users\nhadu\OneDrive - UTS\C3_UTS\Soft_Sensor_Loc\Emilie data\Raw_data\Emilie_SoftSensor\Emilie_SoftSensor\Raw_data_Plate\EEM\EEM_EG_Pavlovagyrans_raw_001_001_D11.csv","","reference workbook missing from local extraction"
"EG","Pavlovagyrans","1","1","D2","Plate","True","False","False","EEM only","C:\Users\nhadu\OneDrive - UTS\C3_UTS\Soft_Sensor_Loc\Emilie data\Raw_data\Emilie_SoftSensor\Emilie_SoftSensor\Raw_data_Plate\EEM\EEM_EG_Pavlovagyrans_raw_001_001_D2.csv","","reference workbook missing from local extraction"
"EG","Pavlovagyrans","1","1","D3","Plate","True","False","False","EEM only","C:\Users\nhadu\OneDrive - UTS\C3_UTS\Soft_Sensor_Loc\Emilie data\Raw_data\Emilie_SoftSensor\Emilie_SoftSensor\Raw_data_Plate\EEM\EEM_EG_Pavlovagyrans_raw_001_001_D3.csv","","reference workbook missing from local extraction"
"EG","Pavlovagyrans","1","1","D4","Plate","True","False","False","EEM only","C:\Users\nhadu\OneDrive - UTS\C3_UTS\Soft_Sensor_Loc\Emilie data\Raw_data\Emilie_SoftSensor\Emilie_SoftSensor\Raw_data_Plate\EEM\EEM_EG_Pavlovagyrans_raw_001_001_D4.csv","","reference workbook missing from local extraction"
"EG","Pavlovagyrans","1","1","D5","Plate","True","False","False","EEM only","C:\Users\nhadu\OneDrive - UTS\C3_UTS\Soft_Sensor_Loc\Emilie data\Raw_data\Emilie_SoftSensor\Emilie_SoftSensor\Raw_data_Plate\EEM\EEM_EG_Pavlovagyrans_raw_001_001_D5.csv","","reference workbook missing from local extraction"
"EG","Pavlovagyrans","1","1","D6","Plate","True","False","False","EEM only","C:\Users\nhadu\OneDrive - UTS\C3_UTS\Soft_Sensor_Loc\Emilie data\Raw_data\Emilie_SoftSensor\Emilie_SoftSensor\Raw_data_Plate\EEM\EEM_EG_Pavlovagyrans_raw_001_001_D6.csv","","reference workbook missing from local extraction"
"EG","Pavlovagyrans","1","1","D7","Plate","True","False","False","EEM only","C:\Users\nhadu\OneDrive - UTS\C3_UTS\Soft_Sensor_Loc\Emilie data\Raw_data\Emilie_SoftSensor\Emilie_SoftSensor\Raw_data_Plate\EEM\EEM_EG_Pavlovagyrans_raw_001_001_D7.csv","","reference workbook missing from local extraction"
"EG","Pavlovagyrans","1","1","D8","Plate","True","False","False","EEM only","C:\Users\nhadu\OneDrive - UTS\C3_UTS\Soft_Sensor_Loc\Emilie data\Raw_data\Emilie_SoftSensor\Emilie_SoftSensor\Raw_data_Plate\EEM\EEM_EG_Pavlovagyrans_raw_001_001_D8.csv","","reference workbook missing from local extraction"
"EG","Pavlovagyrans","1","1","D9","Plate","True","False","False","EEM only","C:\Users\nhadu\OneDrive - UTS\C3_UTS\Soft_Sensor_Loc\Emilie data\Raw_data\Emilie_SoftSensor\Emilie_SoftSensor\Raw_data_Plate\EEM\EEM_EG_Pavlovagyrans_raw_001_001_D9.csv","","reference workbook missing from local extraction"
"EG","Pavlovagyrans","1","1","E10","Plate","True","False","False","EEM only","C:\Users\nhadu\OneDrive - UTS\C3_UTS\Soft_Sensor_Loc\Emilie data\Raw_data\Emilie_SoftSensor\Emilie_SoftSensor\Raw_data_Plate\EEM\EEM_EG_Pavlovagyrans_raw_001_001_E10.csv","","reference workbook missing from local extraction"
"EG","Pavlovagyrans","1","1","E11","Plate","True","False","False","EEM only","C:\Users\nhadu\OneDrive - UTS\C3_UTS\Soft_Sensor_Loc\Emilie data\Raw_data\Emilie_SoftSensor\Emilie_SoftSensor\Raw_data_Plate\EEM\EEM_EG_Pavlovagyrans_raw_001_001_E11.csv","","reference workbook missing from local extraction"
"EG","Pavlovagyrans","1","1","E2","Plate","True","False","False","EEM only","C:\Users\nhadu\OneDrive - UTS\C3_UTS\Soft_Sensor_Loc\Emilie data\Raw_data\Emilie_SoftSensor\Emilie_SoftSensor\Raw_data_Plate\EEM\EEM_EG_Pavlovagyrans_raw_001_001_E2.csv","","reference workbook missing from local extraction"
"EG","Pavlovagyrans","1","1","E3","Plate","True","False","False","EEM only","C:\Users\nhadu\OneDrive - UTS\C3_UTS\Soft_Sensor_Loc\Emilie data\Raw_data\Emilie_SoftSensor\Emilie_SoftSensor\Raw_data_Plate\EEM\EEM_EG_Pavlovagyrans_raw_001_001_E3.csv","","reference workbook missing from local extraction"
"EG","Pavlovagyrans","1","1","E4","Plate","True","False","False","EEM only","C:\Users\nhadu\OneDrive - UTS\C3_UTS\Soft_Sensor_Loc\Emilie data\Raw_data\Emilie_SoftSensor\Emilie_SoftSensor\Raw_data_Plate\EEM\EEM_EG_Pavlovagyrans_raw_001_001_E4.csv","","reference workbook missing from local extraction"
"EG","Pavlovagyrans","1","1","E5","Plate","True","False","False","EEM only","C:\Users\nhadu\OneDrive - UTS\C3_UTS\Soft_Sensor_Loc\Emilie data\Raw_data\Emilie_SoftSensor\Emilie_SoftSensor\Raw_data_Plate\EEM\EEM_EG_Pavlovagyrans_raw_001_001_E5.csv","","reference workbook missing from local extraction"
"EG","Pavlovagyrans","1","1","E6","Plate","True","False","False","EEM only","C:\Users\nhadu\OneDrive - UTS\C3_UTS\Soft_Sensor_Loc\Emilie data\Raw_data\Emilie_SoftSensor\Emilie_SoftSensor\Raw_data_Plate\EEM\EEM_EG_Pavlovagyrans_raw_001_001_E6.csv","","reference workbook missing from local extraction"
"EG","Pavlovagyrans","1","1","E7","Plate","True","False","False","EEM only","C:\Users\nhadu\OneDrive - UTS\C3_UTS\Soft_Sensor_Loc\Emilie data\Raw_data\Emilie_SoftSensor\Emilie_SoftSensor\Raw_data_Plate\EEM\EEM_EG_Pavlovagyrans_raw_001_001_E7.csv","","reference workbook missing from local extraction"
"EG","Pavlovagyrans","1","1","E8","Plate","True","False","False","EEM only","C:\Users\nhadu\OneDrive - UTS\C3_UTS\Soft_Sensor_Loc\Emilie data\Raw_data\Emilie_SoftSensor\Emilie_SoftSensor\Raw_data_Plate\EEM\EEM_EG_Pavlovagyrans_raw_001_001_E8.csv","","reference workbook missing from local extraction"
"EG","Pavlovagyrans","1","1","E9","Plate","True","False","False","EEM only","C:\Users\nhadu\OneDrive - UTS\C3_UTS\Soft_Sensor_Loc\Emilie data\Raw_data\Emilie_SoftSensor\Emilie_SoftSensor\Raw_data_Plate\EEM\EEM_EG_Pavlovagyrans_raw_001_001_E9.csv","","reference workbook missing from local extraction"
"EG","Pavlovagyrans","1","1","F10","Plate","True","False","False","EEM only","C:\Users\nhadu\OneDrive - UTS\C3_UTS\Soft_Sensor_Loc\Emilie data\Raw_data\Emilie_SoftSensor\Emilie_SoftSensor\Raw_data_Plate\EEM\EEM_EG_Pavlovagyrans_raw_001_001_F10.csv","","reference workbook missing from local extraction"
"EG","Pavlovagyrans","1","1","F11","Plate","True","False","False","EEM only","C:\Users\nhadu\OneDrive - UTS\C3_UTS\Soft_Sensor_Loc\Emilie data\Raw_data\Emilie_SoftSensor\Emilie_SoftSensor\Raw_data_Plate\EEM\EEM_EG_Pavlovagyrans_raw_001_001_F11.csv","","reference workbook missing from local extraction"
"EG","Pavlovagyrans","1","1","F2","Plate","True","False","False","EEM only","C:\Users\nhadu\OneDrive - UTS\C3_UTS\Soft_Sensor_Loc\Emilie data\Raw_data\Emilie_SoftSensor\Emilie_SoftSensor\Raw_data_Plate\EEM\EEM_EG_Pavlovagyrans_raw_001_001_F2.csv","","reference workbook missing from local extraction"
"EG","Pavlovagyrans","1","1","F3","Plate","True","False","False","EEM only","C:\Users\nhadu\OneDrive - UTS\C3_UTS\Soft_Sensor_Loc\Emilie data\Raw_data\Emilie_SoftSensor\Emilie_SoftSensor\Raw_data_Plate\EEM\EEM_EG_Pavlovagyrans_raw_001_001_F3.csv","","reference workbook missing from local extraction"
"EG","Pavlovagyrans","1","1","F4","Plate","True","False","False","EEM only","C:\Users\nhadu\OneDrive - UTS\C3_UTS\Soft_Sensor_Loc\Emilie data\Raw_data\Emilie_SoftSensor\Emilie_SoftSensor\Raw_data_Plate\EEM\EEM_EG_Pavlovagyrans_raw_001_001_F4.csv","","reference workbook missing from local extraction"
"EG","Pavlovagyrans","1","1","F5","Plate","True","False","False","EEM only","C:\Users\nhadu\OneDrive - UTS\C3_UTS\Soft_Sensor_Loc\Emilie data\Raw_data\Emilie_SoftSensor\Emilie_SoftSensor\Raw_data_Plate\EEM\EEM_EG_Pavlovagyrans_raw_001_001_F5.csv","","reference workbook missing from local extraction"
"EG","Pavlovagyrans","1","1","F6","Plate","True","False","False","EEM only","C:\Users\nhadu\OneDrive - UTS\C3_UTS\Soft_Sensor_Loc\Emilie data\Raw_data\Emilie_SoftSensor\Emilie_SoftSensor\Raw_data_Plate\EEM\EEM_EG_Pavlovagyrans_raw_001_001_F6.csv","","reference workbook missing from local extraction"
"EG","Pavlovagyrans","1","1","F7","Plate","True","False","False","EEM only","C:\Users\nhadu\OneDrive - UTS\C3_UTS\Soft_Sensor_Loc\Emilie data\Raw_data\Emilie_SoftSensor\Emilie_SoftSensor\Raw_data_Plate\EEM\EEM_EG_Pavlovagyrans_raw_001_001_F7.csv","","reference workbook missing from local extraction"
"EG","Pavlovagyrans","1","1","F8","Plate","True","False","False","EEM only","C:\Users\nhadu\OneDrive - UTS\C3_UTS\Soft_Sensor_Loc\Emilie data\Raw_data\Emilie_SoftSensor\Emilie_SoftSensor\Raw_data_Plate\EEM\EEM_EG_Pavlovagyrans_raw_001_001_F8.csv","","reference workbook missing from local extraction"
"EG","Pavlovagyrans","1","1","F9","Plate","True","False","False","EEM only","C:\Users\nhadu\OneDrive - UTS\C3_UTS\Soft_Sensor_Loc\Emilie data\Raw_data\Emilie_SoftSensor\Emilie_SoftSensor\Raw_data_Plate\EEM\EEM_EG_Pavlovagyrans_raw_001_001_F9.csv","","reference workbook missing from local extraction"
"EG","Pavlovagyrans","1","1","G10","Plate","True","False","False","EEM only","C:\Users\nhadu\OneDrive - UTS\C3_UTS\Soft_Sensor_Loc\Emilie data\Raw_data\Emilie_SoftSensor\Emilie_SoftSensor\Raw_data_Plate\EEM\EEM_EG_Pavlovagyrans_raw_001_001_G10.csv","","reference workbook missing from local extraction"
"EG","Pavlovagyrans","1","1","G11","Plate","True","False","False","EEM only","C:\Users\nhadu\OneDrive - UTS\C3_UTS\Soft_Sensor_Loc\Emilie data\Raw_data\Emilie_SoftSensor\Emilie_SoftSensor\Raw_data_Plate\EEM\EEM_EG_Pavlovagyrans_raw_001_001_G11.csv","","reference workbook missing from local extraction"
"EG","Pavlovagyrans","1","1","G2","Plate","True","False","False","EEM only","C:\Users\nhadu\OneDrive - UTS\C3_UTS\Soft_Sensor_Loc\Emilie data\Raw_data\Emilie_SoftSensor\Emilie_SoftSensor\Raw_data_Plate\EEM\EEM_EG_Pavlovagyrans_raw_001_001_G2.csv","","reference workbook missing from local extraction"
"EG","Pavlovagyrans","1","1","G3","Plate","True","False","False","EEM only","C:\Users\nhadu\OneDrive - UTS\C3_UTS\Soft_Sensor_Loc\Emilie data\Raw_data\Emilie_SoftSensor\Emilie_SoftSensor\Raw_data_Plate\EEM\EEM_EG_Pavlovagyrans_raw_001_001_G3.csv","","reference workbook missing from local extraction"
"EG","Pavlovagyrans","1","1","G4","Plate","True","False","False","EEM only","C:\Users\nhadu\OneDrive - UTS\C3_UTS\Soft_Sensor_Loc\Emilie data\Raw_data\Emilie_SoftSensor\Emilie_SoftSensor\Raw_data_Plate\EEM\EEM_EG_Pavlovagyrans_raw_001_001_G4.csv","","reference workbook missing from local extraction"
"EG","Pavlovagyrans","1","1","G5","Plate","True","False","False","EEM only","C:\Users\nhadu\OneDrive - UTS\C3_UTS\Soft_Sensor_Loc\Emilie data\Raw_data\Emilie_SoftSensor\Emilie_SoftSensor\Raw_data_Plate\EEM\EEM_EG_Pavlovagyrans_raw_001_001_G5.csv","","reference workbook missing from local extraction"
"EG","Pavlovagyrans","1","1","G6","Plate","True","False","False","EEM only","C:\Users\nhadu\OneDrive - UTS\C3_UTS\Soft_Sensor_Loc\Emilie data\Raw_data\Emilie_SoftSensor\Emilie_SoftSensor\Raw_data_Plate\EEM\EEM_EG_Pavlovagyrans_raw_001_001_G6.csv","","reference workbook missing from local extraction"
"EG","Pavlovagyrans","1","1","G7","Plate","True","False","False","EEM only","C:\Users\nhadu\OneDrive - UTS\C3_UTS\Soft_Sensor_Loc\Emilie data\Raw_data\Emilie_SoftSensor\Emilie_SoftSensor\Raw_data_Plate\EEM\EEM_EG_Pavlovagyrans_raw_001_001_G7.csv","","reference workbook missing from local extraction"
"EG","Pavlovagyrans","1","1","G8","Plate","True","False","False","EEM only","C:\Users\nhadu\OneDrive - UTS\C3_UTS\Soft_Sensor_Loc\Emilie data\Raw_data\Emilie_SoftSensor\Emilie_SoftSensor\Raw_data_Plate\EEM\EEM_EG_Pavlovagyrans_raw_001_001_G8.csv","","reference workbook missing from local extraction"
"EG","Pavlovagyrans","1","1","G9","Plate","True","False","False","EEM only","C:\Users\nhadu\OneDrive - UTS\C3_UTS\Soft_Sensor_Loc\Emilie data\Raw_data\Emilie_SoftSensor\Emilie_SoftSensor\Raw_data_Plate\EEM\EEM_EG_Pavlovagyrans_raw_001_001_G9.csv","","reference workbook missing from local extraction"
"EG","Pavlovagyrans","1","2","B10","Plate","True","False","False","EEM only","C:\Users\nhadu\OneDrive - UTS\C3_UTS\Soft_Sensor_Loc\Emilie data\Raw_data\Emilie_SoftSensor\Emilie_SoftSensor\Raw_data_Plate\EEM\EEM_EG_Pavlovagyrans_raw_001_002_B10.csv","","reference workbook missing from local extraction"
"EG","Pavlovagyrans","1","2","B11","Plate","True","False","False","EEM only","C:\Users\nhadu\OneDrive - UTS\C3_UTS\Soft_Sensor_Loc\Emilie data\Raw_data\Emilie_SoftSensor\Emilie_SoftSensor\Raw_data_Plate\EEM\EEM_EG_Pavlovagyrans_raw_001_002_B11.csv","","reference workbook missing from local extraction"
"EG","Pavlovagyrans","1","2","B2","Plate","True","False","False","EEM only","C:\Users\nhadu\OneDrive - UTS\C3_UTS\Soft_Sensor_Loc\Emilie data\Raw_data\Emilie_SoftSensor\Emilie_SoftSensor\Raw_data_Plate\EEM\EEM_EG_Pavlovagyrans_raw_001_002_B2.csv","","reference workbook missing from local extraction"
"EG","Pavlovagyrans","1","2","B3","Plate","True","False","False","EEM only","C:\Users\nhadu\OneDrive - UTS\C3_UTS\Soft_Sensor_Loc\Emilie data\Raw_data\Emilie_SoftSensor\Emilie_SoftSensor\Raw_data_Plate\EEM\EEM_EG_Pavlovagyrans_raw_001_002_B3.csv","","reference workbook missing from local extraction"
"EG","Pavlovagyrans","1","2","B4","Plate","True","False","False","EEM only","C:\Users\nhadu\OneDrive - UTS\C3_UTS\Soft_Sensor_Loc\Emilie data\Raw_data\Emilie_SoftSensor\Emilie_SoftSensor\Raw_data_Plate\EEM\EEM_EG_Pavlovagyrans_raw_001_002_B4.csv","","reference workbook missing from local extraction"
"EG","Pavlovagyrans","1","2","B5","Plate","True","False","False","EEM only","C:\Users\nhadu\OneDrive - UTS\C3_UTS\Soft_Sensor_Loc\Emilie data\Raw_data\Emilie_SoftSensor\Emilie_SoftSensor\Raw_data_Plate\EEM\EEM_EG_Pavlovagyrans_raw_001_002_B5.csv","","reference workbook missing from local extraction"
"EG","Pavlovagyrans","1","2","B6","Plate","True","False","False","EEM only","C:\Users\nhadu\OneDrive - UTS\C3_UTS\Soft_Sensor_Loc\Emilie data\Raw_data\Emilie_SoftSensor\Emilie_SoftSensor\Raw_data_Plate\EEM\EEM_EG_Pavlovagyrans_raw_001_002_B6.csv","","reference workbook missing from local extraction"
"EG","Pavlovagyrans","1","2","B7","Plate","True","False","False","EEM only","C:\Users\nhadu\OneDrive - UTS\C3_UTS\Soft_Sensor_Loc\Emilie data\Raw_data\Emilie_SoftSensor\Emilie_SoftSensor\Raw_data_Plate\EEM\EEM_EG_Pavlovagyrans_raw_001_002_B7.csv","","reference workbook missing from local extraction"
"EG","Pavlovagyrans","1","2","B8","Plate","True","False","False","EEM only","C:\Users\nhadu\OneDrive - UTS\C3_UTS\Soft_Sensor_Loc\Emilie data\Raw_data\Emilie_SoftSensor\Emilie_SoftSensor\Raw_data_Plate\EEM\EEM_EG_Pavlovagyrans_raw_001_002_B8.csv","","reference workbook missing from local extraction"
"EG","Pavlovagyrans","1","2","B9","Plate","True","False","False","EEM only","C:\Users\nhadu\OneDrive - UTS\C3_UTS\Soft_Sensor_Loc\Emilie data\Raw_data\Emilie_SoftSensor\Emilie_SoftSensor\Raw_data_Plate\EEM\EEM_EG_Pavlovagyrans_raw_001_002_B9.csv","","reference workbook missing from local extraction"
"EG","Pavlovagyrans","1","2","C10","Plate","True","False","False","EEM only","C:\Users\nhadu\OneDrive - UTS\C3_UTS\Soft_Sensor_Loc\Emilie data\Raw_data\Emilie_SoftSensor\Emilie_SoftSensor\Raw_data_Plate\EEM\EEM_EG_Pavlovagyrans_raw_001_002_C10.csv","","reference workbook missing from local extraction"
"EG","Pavlovagyrans","1","2","C11","Plate","True","False","False","EEM only","C:\Users\nhadu\OneDrive - UTS\C3_UTS\Soft_Sensor_Loc\Emilie data\Raw_data\Emilie_SoftSensor\Emilie_SoftSensor\Raw_data_Plate\EEM\EEM_EG_Pavlovagyrans_raw_001_002_C11.csv","","reference workbook missing from local extraction"
"EG","Pavlovagyrans","1","2","C2","Plate","True","False","False","EEM only","C:\Users\nhadu\OneDrive - UTS\C3_UTS\Soft_Sensor_Loc\Emilie data\Raw_data\Emilie_SoftSensor\Emilie_SoftSensor\Raw_data_Plate\EEM\EEM_EG_Pavlovagyrans_raw_001_002_C2.csv","","reference workbook missing from local extraction"
"EG","Pavlovagyrans","1","2","C3","Plate","True","False","False","EEM only","C:\Users\nhadu\OneDrive - UTS\C3_UTS\Soft_Sensor_Loc\Emilie data\Raw_data\Emilie_SoftSensor\Emilie_SoftSensor\Raw_data_Plate\EEM\EEM_EG_Pavlovagyrans_raw_001_002_C3.csv","","reference workbook missing from local extraction"
"EG","Pavlovagyrans","1","2","C4","Plate","True","False","False","EEM only","C:\Users\nhadu\OneDrive - UTS\C3_UTS\Soft_Sensor_Loc\Emilie data\Raw_data\Emilie_SoftSensor\Emilie_SoftSensor\Raw_data_Plate\EEM\EEM_EG_Pavlovagyrans_raw_001_002_C4.csv","","reference workbook missing from local extraction"
"EG","Pavlovagyrans","1","2","C5","Plate","True","False","False","EEM only","C:\Users\nhadu\OneDrive - UTS\C3_UTS\Soft_Sensor_Loc\Emilie data\Raw_data\Emilie_SoftSensor\Emilie_SoftSensor\Raw_data_Plate\EEM\EEM_EG_Pavlovagyrans_raw_001_002_C5.csv","","reference workbook missing from local extraction"
"EG","Pavlovagyrans","1","2","C6","Plate","True","False","False","EEM only","C:\Users\nhadu\OneDrive - UTS\C3_UTS\Soft_Sensor_Loc\Emilie data\Raw_data\Emilie_SoftSensor\Emilie_SoftSensor\Raw_data_Plate\EEM\EEM_EG_Pavlovagyrans_raw_001_002_C6.csv","","reference workbook missing from local extraction"
"EG","Pavlovagyrans","1","2","C7","Plate","True","False","False","EEM only","C:\Users\nhadu\OneDrive - UTS\C3_UTS\Soft_Sensor_Loc\Emilie data\Raw_data\Emilie_SoftSensor\Emilie_SoftSensor\Raw_data_Plate\EEM\EEM_EG_Pavlovagyrans_raw_001_002_C7.csv","","reference workbook missing from local extraction"
"EG","Pavlovagyrans","1","2","C8","Plate","True","False","False","EEM only","C:\Users\nhadu\OneDrive - UTS\C3_UTS\Soft_Sensor_Loc\Emilie data\Raw_data\Emilie_SoftSensor\Emilie_SoftSensor\Raw_data_Plate\EEM\EEM_EG_Pavlovagyrans_raw_001_002_C8.csv","","reference workbook missing from local extraction"
"EG","Pavlovagyrans","1","2","C9","Plate","True","False","False","EEM only","C:\Users\nhadu\OneDrive - UTS\C3_UTS\Soft_Sensor_Loc\Emilie data\Raw_data\Emilie_SoftSensor\Emilie_SoftSensor\Raw_data_Plate\EEM\EEM_EG_Pavlovagyrans_raw_001_002_C9.csv","","reference workbook missing from local extraction"
"EG","Pavlovagyrans","1","2","D10","Plate","True","False","False","EEM only","C:\Users\nhadu\OneDrive - UTS\C3_UTS\Soft_Sensor_Loc\Emilie data\Raw_data\Emilie_SoftSensor\Emilie_SoftSensor\Raw_data_Plate\EEM\EEM_EG_Pavlovagyrans_raw_001_002_D10.csv","","reference workbook missing from local extraction"
"EG","Pavlovagyrans","1","2","D11","Plate","True","False","False","EEM only","C:\Users\nhadu\OneDrive - UTS\C3_UTS\Soft_Sensor_Loc\Emilie data\Raw_data\Emilie_SoftSensor\Emilie_SoftSensor\Raw_data_Plate\EEM\EEM_EG_Pavlovagyrans_raw_001_002_D11.csv","","reference workbook missing from local extraction"
"EG","Pavlovagyrans","1","2","D2","Plate","True","False","False","EEM only","C:\Users\nhadu\OneDrive - UTS\C3_UTS\Soft_Sensor_Loc\Emilie data\Raw_data\Emilie_SoftSensor\Emilie_SoftSensor\Raw_data_Plate\EEM\EEM_EG_Pavlovagyrans_raw_001_002_D2.csv","","reference workbook missing from local extraction"
"EG","Pavlovagyrans","1","2","D3","Plate","True","False","False","EEM only","C:\Users\nhadu\OneDrive - UTS\C3_UTS\Soft_Sensor_Loc\Emilie data\Raw_data\Emilie_SoftSensor\Emilie_SoftSensor\Raw_data_Plate\EEM\EEM_EG_Pavlovagyrans_raw_001_002_D3.csv","","reference workbook missing from local extraction"
"EG","Pavlovagyrans","1","2","D4","Plate","True","False","False","EEM only","C:\Users\nhadu\OneDrive - UTS\C3_UTS\Soft_Sensor_Loc\Emilie data\Raw_data\Emilie_SoftSensor\Emilie_SoftSensor\Raw_data_Plate\EEM\EEM_EG_Pavlovagyrans_raw_001_002_D4.csv","","reference workbook missing from local extraction"
"EG","Pavlovagyrans","1","2","D5","Plate","True","False","False","EEM only","C:\Users\nhadu\OneDrive - UTS\C3_UTS\Soft_Sensor_Loc\Emilie data\Raw_data\Emilie_SoftSensor\Emilie_SoftSensor\Raw_data_Plate\EEM\EEM_EG_Pavlovagyrans_raw_001_002_D5.csv","","reference workbook missing from local extraction"
"EG","Pavlovagyrans","1","2","D6","Plate","True","False","False","EEM only","C:\Users\nhadu\OneDrive - UTS\C3_UTS\Soft_Sensor_Loc\Emilie data\Raw_data\Emilie_SoftSensor\Emilie_SoftSensor\Raw_data_Plate\EEM\EEM_EG_Pavlovagyrans_raw_001_002_D6.csv","","reference workbook missing from local extraction"
"EG","Pavlovagyrans","1","2","D7","Plate","True","False","False","EEM only","C:\Users\nhadu\OneDrive - UTS\C3_UTS\Soft_Sensor_Loc\Emilie data\Raw_data\Emilie_SoftSensor\Emilie_SoftSensor\Raw_data_Plate\EEM\EEM_EG_Pavlovagyrans_raw_001_002_D7.csv","","reference workbook missing from local extraction"
"EG","Pavlovagyrans","1","2","D8","Plate","True","False","False","EEM only","C:\Users\nhadu\OneDrive - UTS\C3_UTS\Soft_Sensor_Loc\Emilie data\Raw_data\Emilie_SoftSensor\Emilie_SoftSensor\Raw_data_Plate\EEM\EEM_EG_Pavlovagyrans_raw_001_002_D8.csv","","reference workbook missing from local extraction"
"EG","Pavlovagyrans","1","2","D9","Plate","True","False","False","EEM only","C:\Users\nhadu\OneDrive - UTS\C3_UTS\Soft_Sensor_Loc\Emilie data\Raw_data\Emilie_SoftSensor\Emilie_SoftSensor\Raw_data_Plate\EEM\EEM_EG_Pavlovagyrans_raw_001_002_D9.csv","","reference workbook missing from local extraction"
"EG","Pavlovagyrans","1","2","E10","Plate","True","False","False","EEM only","C:\Users\nhadu\OneDrive - UTS\C3_UTS\Soft_Sensor_Loc\Emilie data\Raw_data\Emilie_SoftSensor\Emilie_SoftSensor\Raw_data_Plate\EEM\EEM_EG_Pavlovagyrans_raw_001_002_E10.csv","","reference workbook missing from local extraction"
"EG","Pavlovagyrans","1","2","E11","Plate","True","False","False","EEM only","C:\Users\nhadu\OneDrive - UTS\C3_UTS\Soft_Sensor_Loc\Emilie data\Raw_data\Emilie_SoftSensor\Emilie_SoftSensor\Raw_data_Plate\EEM\EEM_EG_Pavlovagyrans_raw_001_002_E11.csv","","reference workbook missing from local extraction"
"EG","Pavlovagyrans","1","2","E2","Plate","True","False","False","EEM only","C:\Users\nhadu\OneDrive - UTS\C3_UTS\Soft_Sensor_Loc\Emilie data\Raw_data\Emilie_SoftSensor\Emilie_SoftSensor\Raw_data_Plate\EEM\EEM_EG_Pavlovagyrans_raw_001_002_E2.csv","","reference workbook missing from local extraction"
"EG","Pavlovagyrans","1","2","E3","Plate","True","False","False","EEM only","C:\Users\nhadu\OneDrive - UTS\C3_UTS\Soft_Sensor_Loc\Emilie data\Raw_data\Emilie_SoftSensor\Emilie_SoftSensor\Raw_data_Plate\EEM\EEM_EG_Pavlovagyrans_raw_001_002_E3.csv","","reference workbook missing from local extraction"
"EG","Pavlovagyrans","1","2","E4","Plate","True","False","False","EEM only","C:\Users\nhadu\OneDrive - UTS\C3_UTS\Soft_Sensor_Loc\Emilie data\Raw_data\Emilie_SoftSensor\Emilie_SoftSensor\Raw_data_Plate\EEM\EEM_EG_Pavlovagyrans_raw_001_002_E4.csv","","reference workbook missing from local extraction"
"EG","Pavlovagyrans","1","2","E5","Plate","True","False","False","EEM only","C:\Users\nhadu\OneDrive - UTS\C3_UTS\Soft_Sensor_Loc\Emilie data\Raw_data\Emilie_SoftSensor\Emilie_SoftSensor\Raw_data_Plate\EEM\EEM_EG_Pavlovagyrans_raw_001_002_E5.csv","","reference workbook missing from local extraction"
"EG","Pavlovagyrans","1","2","E6","Plate","True","False","False","EEM only","C:\Users\nhadu\OneDrive - UTS\C3_UTS\Soft_Sensor_Loc\Emilie data\Raw_data\Emilie_SoftSensor\Emilie_SoftSensor\Raw_data_Plate\EEM\EEM_EG_Pavlovagyrans_raw_001_002_E6.csv","","reference workbook missing from local extraction"
"EG","Pavlovagyrans","1","2","E7","Plate","True","False","False","EEM only","C:\Users\nhadu\OneDrive - UTS\C3_UTS\Soft_Sensor_Loc\Emilie data\Raw_data\Emilie_SoftSensor\Emilie_SoftSensor\Raw_data_Plate\EEM\EEM_EG_Pavlovagyrans_raw_001_002_E7.csv","","reference workbook missing from local extraction"
"EG","Pavlovagyrans","1","2","E8","Plate","True","False","False","EEM only","C:\Users\nhadu\OneDrive - UTS\C3_UTS\Soft_Sensor_Loc\Emilie data\Raw_data\Emilie_SoftSensor\Emilie_SoftSensor\Raw_data_Plate\EEM\EEM_EG_Pavlovagyrans_raw_001_002_E8.csv","","reference workbook missing from local extraction"
"EG","Pavlovagyrans","1","2","E9","Plate","True","False","False","EEM only","C:\Users\nhadu\OneDrive - UTS\C3_UTS\Soft_Sensor_Loc\Emilie data\Raw_data\Emilie_SoftSensor\Emilie_SoftSensor\Raw_data_Plate\EEM\EEM_EG_Pavlovagyrans_raw_001_002_E9.csv","","reference workbook missing from local extraction"
"EG","Pavlovagyrans","1","2","F10","Plate","True","False","False","EEM only","C:\Users\nhadu\OneDrive - UTS\C3_UTS\Soft_Sensor_Loc\Emilie data\Raw_data\Emilie_SoftSensor\Emilie_SoftSensor\Raw_data_Plate\EEM\EEM_EG_Pavlovagyrans_raw_001_002_F10.csv","","reference workbook missing from local extraction"
"EG","Pavlovagyrans","1","2","F11","Plate","True","False","False","EEM only","C:\Users\nhadu\OneDrive - UTS\C3_UTS\Soft_Sensor_Loc\Emilie data\Raw_data\Emilie_SoftSensor\Emilie_SoftSensor\Raw_data_Plate\EEM\EEM_EG_Pavlovagyrans_raw_001_002_F11.csv","","reference workbook missing from local extraction"
"EG","Pavlovagyrans","1","2","F2","Plate","True","False","False","EEM only","C:\Users\nhadu\OneDrive - UTS\C3_UTS\Soft_Sensor_Loc\Emilie data\Raw_data\Emilie_SoftSensor\Emilie_SoftSensor\Raw_data_Plate\EEM\EEM_EG_Pavlovagyrans_raw_001_002_F2.csv","","reference workbook missing from local extraction"
"EG","Pavlovagyrans","1","2","F3","Plate","True","False","False","EEM only","C:\Users\nhadu\OneDrive - UTS\C3_UTS\Soft_Sensor_Loc\Emilie data\Raw_data\Emilie_SoftSensor\Emilie_SoftSensor\Raw_data_Plate\EEM\EEM_EG_Pavlovagyrans_raw_001_002_F3.csv","","reference workbook missing from local extraction"
"EG","Pavlovagyrans","1","2","F4","Plate","True","False","False","EEM only","C:\Users\nhadu\OneDrive - UTS\C3_UTS\Soft_Sensor_Loc\Emilie data\Raw_data\Emilie_SoftSensor\Emilie_SoftSensor\Raw_data_Plate\EEM\EEM_EG_Pavlovagyrans_raw_001_002_F4.csv","","reference workbook missing from local extraction"
"EG","Pavlovagyrans","1","2","F5","Plate","True","False","False","EEM only","C:\Users\nhadu\OneDrive - UTS\C3_UTS\Soft_Sensor_Loc\Emilie data\Raw_data\Emilie_SoftSensor\Emilie_SoftSensor\Raw_data_Plate\EEM\EEM_EG_Pavlovagyrans_raw_001_002_F5.csv","","reference workbook missing from local extraction"
"EG","Pavlovagyrans","1","2","F6","Plate","True","False","False","EEM only","C:\Users\nhadu\OneDrive - UTS\C3_UTS\Soft_Sensor_Loc\Emilie data\Raw_data\Emilie_SoftSensor\Emilie_SoftSensor\Raw_data_Plate\EEM\EEM_EG_Pavlovagyrans_raw_001_002_F6.csv","","reference workbook missing from local extraction"
"EG","Pavlovagyrans","1","2","F7","Plate","True","False","False","EEM only","C:\Users\nhadu\OneDrive - UTS\C3_UTS\Soft_Sensor_Loc\Emilie data\Raw_data\Emilie_SoftSensor\Emilie_SoftSensor\Raw_data_Plate\EEM\EEM_EG_Pavlovagyrans_raw_001_002_F7.csv","","reference workbook missing from local extraction"
"EG","Pavlovagyrans","1","2","F8","Plate","True","False","False","EEM only","C:\Users\nhadu\OneDrive - UTS\C3_UTS\Soft_Sensor_Loc\Emilie data\Raw_data\Emilie_SoftSensor\Emilie_SoftSensor\Raw_data_Plate\EEM\EEM_EG_Pavlovagyrans_raw_001_002_F8.csv","","reference workbook missing from local extraction"
"EG","Pavlovagyrans","1","2","F9","Plate","True","False","False","EEM only","C:\Users\nhadu\OneDrive - UTS\C3_UTS\Soft_Sensor_Loc\Emilie data\Raw_data\Emilie_SoftSensor\Emilie_SoftSensor\Raw_data_Plate\EEM\EEM_EG_Pavlovagyrans_raw_001_002_F9.csv","","reference workbook missing from local extraction"
"EG","Pavlovagyrans","1","2","G10","Plate","True","False","False","EEM only","C:\Users\nhadu\OneDrive - UTS\C3_UTS\Soft_Sensor_Loc\Emilie data\Raw_data\Emilie_SoftSensor\Emilie_SoftSensor\Raw_data_Plate\EEM\EEM_EG_Pavlovagyrans_raw_001_002_G10.csv","","reference workbook missing from local extraction"
"EG","Pavlovagyrans","1","2","G11","Plate","True","False","False","EEM only","C:\Users\nhadu\OneDrive - UTS\C3_UTS\Soft_Sensor_Loc\Emilie data\Raw_data\Emilie_SoftSensor\Emilie_SoftSensor\Raw_data_Plate\EEM\EEM_EG_Pavlovagyrans_raw_001_002_G11.csv","","reference workbook missing from local extraction"
"EG","Pavlovagyrans","1","2","G2","Plate","True","False","False","EEM only","C:\Users\nhadu\OneDrive - UTS\C3_UTS\Soft_Sensor_Loc\Emilie data\Raw_data\Emilie_SoftSensor\Emilie_SoftSensor\Raw_data_Plate\EEM\EEM_EG_Pavlovagyrans_raw_001_002_G2.csv","","reference workbook missing from local extraction"
"EG","Pavlovagyrans","1","2","G3","Plate","True","False","False","EEM only","C:\Users\nhadu\OneDrive - UTS\C3_UTS\Soft_Sensor_Loc\Emilie data\Raw_data\Emilie_SoftSensor\Emilie_SoftSensor\Raw_data_Plate\EEM\EEM_EG_Pavlovagyrans_raw_001_002_G3.csv","","reference workbook missing from local extraction"
"EG","Pavlovagyrans","1","2","G4","Plate","True","False","False","EEM only","C:\Users\nhadu\OneDrive - UTS\C3_UTS\Soft_Sensor_Loc\Emilie data\Raw_data\Emilie_SoftSensor\Emilie_SoftSensor\Raw_data_Plate\EEM\EEM_EG_Pavlovagyrans_raw_001_002_G4.csv","","reference workbook missing from local extraction"
"EG","Pavlovagyrans","1","2","G5","Plate","True","False","False","EEM only","C:\Users\nhadu\OneDrive - UTS\C3_UTS\Soft_Sensor_Loc\Emilie data\Raw_data\Emilie_SoftSensor\Emilie_SoftSensor\Raw_data_Plate\EEM\EEM_EG_Pavlovagyrans_raw_001_002_G5.csv","","reference workbook missing from local extraction"
"EG","Pavlovagyrans","1","2","G6","Plate","True","False","False","EEM only","C:\Users\nhadu\OneDrive - UTS\C3_UTS\Soft_Sensor_Loc\Emilie data\Raw_data\Emilie_SoftSensor\Emilie_SoftSensor\Raw_data_Plate\EEM\EEM_EG_Pavlovagyrans_raw_001_002_G6.csv","","reference workbook missing from local extraction"
"EG","Pavlovagyrans","1","2","G7","Plate","True","False","False","EEM only","C:\Users\nhadu\OneDrive - UTS\C3_UTS\Soft_Sensor_Loc\Emilie data\Raw_data\Emilie_SoftSensor\Emilie_SoftSensor\Raw_data_Plate\EEM\EEM_EG_Pavlovagyrans_raw_001_002_G7.csv","","reference workbook missing from local extraction"
"EG","Pavlovagyrans","1","2","G8","Plate","True","False","False","EEM only","C:\Users\nhadu\OneDrive - UTS\C3_UTS\Soft_Sensor_Loc\Emilie data\Raw_data\Emilie_SoftSensor\Emilie_SoftSensor\Raw_data_Plate\EEM\EEM_EG_Pavlovagyrans_raw_001_002_G8.csv","","reference workbook missing from local extraction"
"EG","Pavlovagyrans","1","2","G9","Plate","True","False","False","EEM only","C:\Users\nhadu\OneDrive - UTS\C3_UTS\Soft_Sensor_Loc\Emilie data\Raw_data\Emilie_SoftSensor\Emilie_SoftSensor\Raw_data_Plate\EEM\EEM_EG_Pavlovagyrans_raw_001_002_G9.csv","","reference workbook missing from local extraction"
"EG","Pavlovagyrans","1","3","B10","Plate","True","False","False","EEM only","C:\Users\nhadu\OneDrive - UTS\C3_UTS\Soft_Sensor_Loc\Emilie data\Raw_data\Emilie_SoftSensor\Emilie_SoftSensor\Raw_data_Plate\EEM\EEM_EG_Pavlovagyrans_raw_001_003_B10.csv","","reference workbook missing from local extraction"
"EG","Pavlovagyrans","1","3","B11","Plate","True","False","False","EEM only","C:\Users\nhadu\OneDrive - UTS\C3_UTS\Soft_Sensor_Loc\Emilie data\Raw_data\Emilie_SoftSensor\Emilie_SoftSensor\Raw_data_Plate\EEM\EEM_EG_Pavlovagyrans_raw_001_003_B11.csv","","reference workbook missing from local extraction"
"EG","Pavlovagyrans","1","3","B2","Plate","True","False","False","EEM only","C:\Users\nhadu\OneDrive - UTS\C3_UTS\Soft_Sensor_Loc\Emilie data\Raw_data\Emilie_SoftSensor\Emilie_SoftSensor\Raw_data_Plate\EEM\EEM_EG_Pavlovagyrans_raw_001_003_B2.csv","","reference workbook missing from local extraction"
"EG","Pavlovagyrans","1","3","B3","Plate","True","False","False","EEM only","C:\Users\nhadu\OneDrive - UTS\C3_UTS\Soft_Sensor_Loc\Emilie data\Raw_data\Emilie_SoftSensor\Emilie_SoftSensor\Raw_data_Plate\EEM\EEM_EG_Pavlovagyrans_raw_001_003_B3.csv","","reference workbook missing from local extraction"
"EG","Pavlovagyrans","1","3","B4","Plate","True","False","False","EEM only","C:\Users\nhadu\OneDrive - UTS\C3_UTS\Soft_Sensor_Loc\Emilie data\Raw_data\Emilie_SoftSensor\Emilie_SoftSensor\Raw_data_Plate\EEM\EEM_EG_Pavlovagyrans_raw_001_003_B4.csv","","reference workbook missing from local extraction"
"EG","Pavlovagyrans","1","3","B5","Plate","True","False","False","EEM only","C:\Users\nhadu\OneDrive - UTS\C3_UTS\Soft_Sensor_Loc\Emilie data\Raw_data\Emilie_SoftSensor\Emilie_SoftSensor\Raw_data_Plate\EEM\EEM_EG_Pavlovagyrans_raw_001_003_B5.csv","","reference workbook missing from local extraction"
"EG","Pavlovagyrans","1","3","B6","Plate","True","False","False","EEM only","C:\Users\nhadu\OneDrive - UTS\C3_UTS\Soft_Sensor_Loc\Emilie data\Raw_data\Emilie_SoftSensor\Emilie_SoftSensor\Raw_data_Plate\EEM\EEM_EG_Pavlovagyrans_raw_001_003_B6.csv","","reference workbook missing from local extraction"
"EG","Pavlovagyrans","1","3","B7","Plate","True","False","False","EEM only","C:\Users\nhadu\OneDrive - UTS\C3_UTS\Soft_Sensor_Loc\Emilie data\Raw_data\Emilie_SoftSensor\Emilie_SoftSensor\Raw_data_Plate\EEM\EEM_EG_Pavlovagyrans_raw_001_003_B7.csv","","reference workbook missing from local extraction"
"EG","Pavlovagyrans","1","3","B8","Plate","True","False","False","EEM only","C:\Users\nhadu\OneDrive - UTS\C3_UTS\Soft_Sensor_Loc\Emilie data\Raw_data\Emilie_SoftSensor\Emilie_SoftSensor\Raw_data_Plate\EEM\EEM_EG_Pavlovagyrans_raw_001_003_B8.csv","","reference workbook missing from local extraction"
"EG","Pavlovagyrans","1","3","B9","Plate","True","False","False","EEM only","C:\Users\nhadu\OneDrive - UTS\C3_UTS\Soft_Sensor_Loc\Emilie data\Raw_data\Emilie_SoftSensor\Emilie_SoftSensor\Raw_data_Plate\EEM\EEM_EG_Pavlovagyrans_raw_001_003_B9.csv","","reference workbook missing from local extraction"
"EG","Pavlovagyrans","1","3","C10","Plate","True","False","False","EEM only","C:\Users\nhadu\OneDrive - UTS\C3_UTS\Soft_Sensor_Loc\Emilie data\Raw_data\Emilie_SoftSensor\Emilie_SoftSensor\Raw_data_Plate\EEM\EEM_EG_Pavlovagyrans_raw_001_003_C10.csv","","reference workbook missing from local extraction"
"EG","Pavlovagyrans","1","3","C11","Plate","True","False","False","EEM only","C:\Users\nhadu\OneDrive - UTS\C3_UTS\Soft_Sensor_Loc\Emilie data\Raw_data\Emilie_SoftSensor\Emilie_SoftSensor\Raw_data_Plate\EEM\EEM_EG_Pavlovagyrans_raw_001_003_C11.csv","","reference workbook missing from local extraction"
"EG","Pavlovagyrans","1","3","C2","Plate","True","False","False","EEM only","C:\Users\nhadu\OneDrive - UTS\C3_UTS\Soft_Sensor_Loc\Emilie data\Raw_data\Emilie_SoftSensor\Emilie_SoftSensor\Raw_data_Plate\EEM\EEM_EG_Pavlovagyrans_raw_001_003_C2.csv","","reference workbook missing from local extraction"
"EG","Pavlovagyrans","1","3","C3","Plate","True","False","False","EEM only","C:\Users\nhadu\OneDrive - UTS\C3_UTS\Soft_Sensor_Loc\Emilie data\Raw_data\Emilie_SoftSensor\Emilie_SoftSensor\Raw_data_Plate\EEM\EEM_EG_Pavlovagyrans_raw_001_003_C3.csv","","reference workbook missing from local extraction"
"EG","Pavlovagyrans","1","3","C4","Plate","True","False","False","EEM only","C:\Users\nhadu\OneDrive - UTS\C3_UTS\Soft_Sensor_Loc\Emilie data\Raw_data\Emilie_SoftSensor\Emilie_SoftSensor\Raw_data_Plate\EEM\EEM_EG_Pavlovagyrans_raw_001_003_C4.csv","","reference workbook missing from local extraction"
"EG","Pavlovagyrans","1","3","C5","Plate","True","False","False","EEM only","C:\Users\nhadu\OneDrive - UTS\C3_UTS\Soft_Sensor_Loc\Emilie data\Raw_data\Emilie_SoftSensor\Emilie_SoftSensor\Raw_data_Plate\EEM\EEM_EG_Pavlovagyrans_raw_001_003_C5.csv","","reference workbook missing from local extraction"
"EG","Pavlovagyrans","1","3","C6","Plate","True","False","False","EEM only","C:\Users\nhadu\OneDrive - UTS\C3_UTS\Soft_Sensor_Loc\Emilie data\Raw_data\Emilie_SoftSensor\Emilie_SoftSensor\Raw_data_Plate\EEM\EEM_EG_Pavlovagyrans_raw_001_003_C6.csv","","reference workbook missing from local extraction"
"EG","Pavlovagyrans","1","3","C7","Plate","True","False","False","EEM only","C:\Users\nhadu\OneDrive - UTS\C3_UTS\Soft_Sensor_Loc\Emilie data\Raw_data\Emilie_SoftSensor\Emilie_SoftSensor\Raw_data_Plate\EEM\EEM_EG_Pavlovagyrans_raw_001_003_C7.csv","","reference workbook missing from local extraction"
"EG","Pavlovagyrans","1","3","C8","Plate","True","False","False","EEM only","C:\Users\nhadu\OneDrive - UTS\C3_UTS\Soft_Sensor_Loc\Emilie data\Raw_data\Emilie_SoftSensor\Emilie_SoftSensor\Raw_data_Plate\EEM\EEM_EG_Pavlovagyrans_raw_001_003_C8.csv","","reference workbook missing from local extraction"
"EG","Pavlovagyrans","1","3","C9","Plate","True","False","False","EEM only","C:\Users\nhadu\OneDrive - UTS\C3_UTS\Soft_Sensor_Loc\Emilie data\Raw_data\Emilie_SoftSensor\Emilie_SoftSensor\Raw_data_Plate\EEM\EEM_EG_Pavlovagyrans_raw_001_003_C9.csv","","reference workbook missing from local extraction"
"EG","Pavlovagyrans","1","3","D10","Plate","True","False","False","EEM only","C:\Users\nhadu\OneDrive - UTS\C3_UTS\Soft_Sensor_Loc\Emilie data\Raw_data\Emilie_SoftSensor\Emilie_SoftSensor\Raw_data_Plate\EEM\EEM_EG_Pavlovagyrans_raw_001_003_D10.csv","","reference workbook missing from local extraction"
"EG","Pavlovagyrans","1","3","D11","Plate","True","False","False","EEM only","C:\Users\nhadu\OneDrive - UTS\C3_UTS\Soft_Sensor_Loc\Emilie data\Raw_data\Emilie_SoftSensor\Emilie_SoftSensor\Raw_data_Plate\EEM\EEM_EG_Pavlovagyrans_raw_001_003_D11.csv","","reference workbook missing from local extraction"
"EG","Pavlovagyrans","1","3","D2","Plate","True","False","False","EEM only","C:\Users\nhadu\OneDrive - UTS\C3_UTS\Soft_Sensor_Loc\Emilie data\Raw_data\Emilie_SoftSensor\Emilie_SoftSensor\Raw_data_Plate\EEM\EEM_EG_Pavlovagyrans_raw_001_003_D2.csv","","reference workbook missing from local extraction"
"EG","Pavlovagyrans","1","3","D3","Plate","True","False","False","EEM only","C:\Users\nhadu\OneDrive - UTS\C3_UTS\Soft_Sensor_Loc\Emilie data\Raw_data\Emilie_SoftSensor\Emilie_SoftSensor\Raw_data_Plate\EEM\EEM_EG_Pavlovagyrans_raw_001_003_D3.csv","","reference workbook missing from local extraction"
"EG","Pavlovagyrans","1","3","D4","Plate","True","False","False","EEM only","C:\Users\nhadu\OneDrive - UTS\C3_UTS\Soft_Sensor_Loc\Emilie data\Raw_data\Emilie_SoftSensor\Emilie_SoftSensor\Raw_data_Plate\EEM\EEM_EG_Pavlovagyrans_raw_001_003_D4.csv","","reference workbook missing from local extraction"
"EG","Pavlovagyrans","1","3","D5","Plate","True","False","False","EEM only","C:\Users\nhadu\OneDrive - UTS\C3_UTS\Soft_Sensor_Loc\Emilie data\Raw_data\Emilie_SoftSensor\Emilie_SoftSensor\Raw_data_Plate\EEM\EEM_EG_Pavlovagyrans_raw_001_003_D5.csv","","reference workbook missing from local extraction"
"EG","Pavlovagyrans","1","3","D6","Plate","True","False","False","EEM only","C:\Users\nhadu\OneDrive - UTS\C3_UTS\Soft_Sensor_Loc\Emilie data\Raw_data\Emilie_SoftSensor\Emilie_SoftSensor\Raw_data_Plate\EEM\EEM_EG_Pavlovagyrans_raw_001_003_D6.csv","","reference workbook missing from local extraction"
"EG","Pavlovagyrans","1","3","D7","Plate","True","False","False","EEM only","C:\Users\nhadu\OneDrive - UTS\C3_UTS\Soft_Sensor_Loc\Emilie data\Raw_data\Emilie_SoftSensor\Emilie_SoftSensor\Raw_data_Plate\EEM\EEM_EG_Pavlovagyrans_raw_001_003_D7.csv","","reference workbook missing from local extraction"
"EG","Pavlovagyrans","1","3","D8","Plate","True","False","False","EEM only","C:\Users\nhadu\OneDrive - UTS\C3_UTS\Soft_Sensor_Loc\Emilie data\Raw_data\Emilie_SoftSensor\Emilie_SoftSensor\Raw_data_Plate\EEM\EEM_EG_Pavlovagyrans_raw_001_003_D8.csv","","reference workbook missing from local extraction"
"EG","Pavlovagyrans","1","3","D9","Plate","True","False","False","EEM only","C:\Users\nhadu\OneDrive - UTS\C3_UTS\Soft_Sensor_Loc\Emilie data\Raw_data\Emilie_SoftSensor\Emilie_SoftSensor\Raw_data_Plate\EEM\EEM_EG_Pavlovagyrans_raw_001_003_D9.csv","","reference workbook missing from local extraction"
"EG","Pavlovagyrans","1","3","E10","Plate","True","False","False","EEM only","C:\Users\nhadu\OneDrive - UTS\C3_UTS\Soft_Sensor_Loc\Emilie data\Raw_data\Emilie_SoftSensor\Emilie_SoftSensor\Raw_data_Plate\EEM\EEM_EG_Pavlovagyrans_raw_001_003_E10.csv","","reference workbook missing from local extraction"
"EG","Pavlovagyrans","1","3","E11","Plate","True","False","False","EEM only","C:\Users\nhadu\OneDrive - UTS\C3_UTS\Soft_Sensor_Loc\Emilie data\Raw_data\Emilie_SoftSensor\Emilie_SoftSensor\Raw_data_Plate\EEM\EEM_EG_Pavlovagyrans_raw_001_003_E11.csv","","reference workbook missing from local extraction"
"EG","Pavlovagyrans","1","3","E2","Plate","True","False","False","EEM only","C:\Users\nhadu\OneDrive - UTS\C3_UTS\Soft_Sensor_Loc\Emilie data\Raw_data\Emilie_SoftSensor\Emilie_SoftSensor\Raw_data_Plate\EEM\EEM_EG_Pavlovagyrans_raw_001_003_E2.csv","","reference workbook missing from local extraction"
"EG","Pavlovagyrans","1","3","E3","Plate","True","False","False","EEM only","C:\Users\nhadu\OneDrive - UTS\C3_UTS\Soft_Sensor_Loc\Emilie data\Raw_data\Emilie_SoftSensor\Emilie_SoftSensor\Raw_data_Plate\EEM\EEM_EG_Pavlovagyrans_raw_001_003_E3.csv","","reference workbook missing from local extraction"
"EG","Pavlovagyrans","1","3","E4","Plate","True","False","False","EEM only","C:\Users\nhadu\OneDrive - UTS\C3_UTS\Soft_Sensor_Loc\Emilie data\Raw_data\Emilie_SoftSensor\Emilie_SoftSensor\Raw_data_Plate\EEM\EEM_EG_Pavlovagyrans_raw_001_003_E4.csv","","reference workbook missing from local extraction"
"EG","Pavlovagyrans","1","3","E5","Plate","True","False","False","EEM only","C:\Users\nhadu\OneDrive - UTS\C3_UTS\Soft_Sensor_Loc\Emilie data\Raw_data\Emilie_SoftSensor\Emilie_SoftSensor\Raw_data_Plate\EEM\EEM_EG_Pavlovagyrans_raw_001_003_E5.csv","","reference workbook missing from local extraction"
"EG","Pavlovagyrans","1","3","E6","Plate","True","False","False","EEM only","C:\Users\nhadu\OneDrive - UTS\C3_UTS\Soft_Sensor_Loc\Emilie data\Raw_data\Emilie_SoftSensor\Emilie_SoftSensor\Raw_data_Plate\EEM\EEM_EG_Pavlovagyrans_raw_001_003_E6.csv","","reference workbook missing from local extraction"
"EG","Pavlovagyrans","1","3","E7","Plate","True","False","False","EEM only","C:\Users\nhadu\OneDrive - UTS\C3_UTS\Soft_Sensor_Loc\Emilie data\Raw_data\Emilie_SoftSensor\Emilie_SoftSensor\Raw_data_Plate\EEM\EEM_EG_Pavlovagyrans_raw_001_003_E7.csv","","reference workbook missing from local extraction"
"EG","Pavlovagyrans","1","3","E8","Plate","True","False","False","EEM only","C:\Users\nhadu\OneDrive - UTS\C3_UTS\Soft_Sensor_Loc\Emilie data\Raw_data\Emilie_SoftSensor\Emilie_SoftSensor\Raw_data_Plate\EEM\EEM_EG_Pavlovagyrans_raw_001_003_E8.csv","","reference workbook missing from local extraction"
"EG","Pavlovagyrans","1","3","E9","Plate","True","False","False","EEM only","C:\Users\nhadu\OneDrive - UTS\C3_UTS\Soft_Sensor_Loc\Emilie data\Raw_data\Emilie_SoftSensor\Emilie_SoftSensor\Raw_data_Plate\EEM\EEM_EG_Pavlovagyrans_raw_001_003_E9.csv","","reference workbook missing from local extraction"
"EG","Pavlovagyrans","1","3","F10","Plate","True","False","False","EEM only","C:\Users\nhadu\OneDrive - UTS\C3_UTS\Soft_Sensor_Loc\Emilie data\Raw_data\Emilie_SoftSensor\Emilie_SoftSensor\Raw_data_Plate\EEM\EEM_EG_Pavlovagyrans_raw_001_003_F10.csv","","reference workbook missing from local extraction"
"EG","Pavlovagyrans","1","3","F11","Plate","True","False","False","EEM only","C:\Users\nhadu\OneDrive - UTS\C3_UTS\Soft_Sensor_Loc\Emilie data\Raw_data\Emilie_SoftSensor\Emilie_SoftSensor\Raw_data_Plate\EEM\EEM_EG_Pavlovagyrans_raw_001_003_F11.csv","","reference workbook missing from local extraction"
"EG","Pavlovagyrans","1","3","F2","Plate","True","False","False","EEM only","C:\Users\nhadu\OneDrive - UTS\C3_UTS\Soft_Sensor_Loc\Emilie data\Raw_data\Emilie_SoftSensor\Emilie_SoftSensor\Raw_data_Plate\EEM\EEM_EG_Pavlovagyrans_raw_001_003_F2.csv","","reference workbook missing from local extraction"
"EG","Pavlovagyrans","1","3","F3","Plate","True","False","False","EEM only","C:\Users\nhadu\OneDrive - UTS\C3_UTS\Soft_Sensor_Loc\Emilie data\Raw_data\Emilie_SoftSensor\Emilie_SoftSensor\Raw_data_Plate\EEM\EEM_EG_Pavlovagyrans_raw_001_003_F3.csv","","reference workbook missing from local extraction"
"EG","Pavlovagyrans","1","3","F4","Plate","True","False","False","EEM only","C:\Users\nhadu\OneDrive - UTS\C3_UTS\Soft_Sensor_Loc\Emilie data\Raw_data\Emilie_SoftSensor\Emilie_SoftSensor\Raw_data_Plate\EEM\EEM_EG_Pavlovagyrans_raw_001_003_F4.csv","","reference workbook missing from local extraction"
"EG","Pavlovagyrans","1","3","F5","Plate","True","False","False","EEM only","C:\Users\nhadu\OneDrive - UTS\C3_UTS\Soft_Sensor_Loc\Emilie data\Raw_data\Emilie_SoftSensor\Emilie_SoftSensor\Raw_data_Plate\EEM\EEM_EG_Pavlovagyrans_raw_001_003_F5.csv","","reference workbook missing from local extraction"
"EG","Pavlovagyrans","1","3","F6","Plate","True","False","False","EEM only","C:\Users\nhadu\OneDrive - UTS\C3_UTS\Soft_Sensor_Loc\Emilie data\Raw_data\Emilie_SoftSensor\Emilie_SoftSensor\Raw_data_Plate\EEM\EEM_EG_Pavlovagyrans_raw_001_003_F6.csv","","reference workbook missing from local extraction"
"EG","Pavlovagyrans","1","3","F7","Plate","True","False","False","EEM only","C:\Users\nhadu\OneDrive - UTS\C3_UTS\Soft_Sensor_Loc\Emilie data\Raw_data\Emilie_SoftSensor\Emilie_SoftSensor\Raw_data_Plate\EEM\EEM_EG_Pavlovagyrans_raw_001_003_F7.csv","","reference workbook missing from local extraction"
"EG","Pavlovagyrans","1","3","F8","Plate","True","False","False","EEM only","C:\Users\nhadu\OneDrive - UTS\C3_UTS\Soft_Sensor_Loc\Emilie data\Raw_data\Emilie_SoftSensor\Emilie_SoftSensor\Raw_data_Plate\EEM\EEM_EG_Pavlovagyrans_raw_001_003_F8.csv","","reference workbook missing from local extraction"
"EG","Pavlovagyrans","1","3","F9","Plate","True","False","False","EEM only","C:\Users\nhadu\OneDrive - UTS\C3_UTS\Soft_Sensor_Loc\Emilie data\Raw_data\Emilie_SoftSensor\Emilie_SoftSensor\Raw_data_Plate\EEM\EEM_EG_Pavlovagyrans_raw_001_003_F9.csv","","reference workbook missing from local extraction"
"EG","Pavlovagyrans","1","3","G10","Plate","True","False","False","EEM only","C:\Users\nhadu\OneDrive - UTS\C3_UTS\Soft_Sensor_Loc\Emilie data\Raw_data\Emilie_SoftSensor\Emilie_SoftSensor\Raw_data_Plate\EEM\EEM_EG_Pavlovagyrans_raw_001_003_G10.csv","","reference workbook missing from local extraction"
"EG","Pavlovagyrans","1","3","G11","Plate","True","False","False","EEM only","C:\Users\nhadu\OneDrive - UTS\C3_UTS\Soft_Sensor_Loc\Emilie data\Raw_data\Emilie_SoftSensor\Emilie_SoftSensor\Raw_data_Plate\EEM\EEM_EG_Pavlovagyrans_raw_001_003_G11.csv","","reference workbook missing from local extraction"
"EG","Pavlovagyrans","1","3","G2","Plate","True","False","False","EEM only","C:\Users\nhadu\OneDrive - UTS\C3_UTS\Soft_Sensor_Loc\Emilie data\Raw_data\Emilie_SoftSensor\Emilie_SoftSensor\Raw_data_Plate\EEM\EEM_EG_Pavlovagyrans_raw_001_003_G2.csv","","reference workbook missing from local extraction"
"EG","Pavlovagyrans","1","3","G3","Plate","True","False","False","EEM only","C:\Users\nhadu\OneDrive - UTS\C3_UTS\Soft_Sensor_Loc\Emilie data\Raw_data\Emilie_SoftSensor\Emilie_SoftSensor\Raw_data_Plate\EEM\EEM_EG_Pavlovagyrans_raw_001_003_G3.csv","","reference workbook missing from local extraction"
"EG","Pavlovagyrans","1","3","G4","Plate","True","False","False","EEM only","C:\Users\nhadu\OneDrive - UTS\C3_UTS\Soft_Sensor_Loc\Emilie data\Raw_data\Emilie_SoftSensor\Emilie_SoftSensor\Raw_data_Plate\EEM\EEM_EG_Pavlovagyrans_raw_001_003_G4.csv","","reference workbook missing from local extraction"
"EG","Pavlovagyrans","1","3","G5","Plate","True","False","False","EEM only","C:\Users\nhadu\OneDrive - UTS\C3_UTS\Soft_Sensor_Loc\Emilie data\Raw_data\Emilie_SoftSensor\Emilie_SoftSensor\Raw_data_Plate\EEM\EEM_EG_Pavlovagyrans_raw_001_003_G5.csv","","reference workbook missing from local extraction"
"EG","Pavlovagyrans","1","3","G6","Plate","True","False","False","EEM only","C:\Users\nhadu\OneDrive - UTS\C3_UTS\Soft_Sensor_Loc\Emilie data\Raw_data\Emilie_SoftSensor\Emilie_SoftSensor\Raw_data_Plate\EEM\EEM_EG_Pavlovagyrans_raw_001_003_G6.csv","","reference workbook missing from local extraction"
"EG","Pavlovagyrans","1","3","G7","Plate","True","False","False","EEM only","C:\Users\nhadu\OneDrive - UTS\C3_UTS\Soft_Sensor_Loc\Emilie data\Raw_data\Emilie_SoftSensor\Emilie_SoftSensor\Raw_data_Plate\EEM\EEM_EG_Pavlovagyrans_raw_001_003_G7.csv","","reference workbook missing from local extraction"
"EG","Pavlovagyrans","1","3","G8","Plate","True","False","False","EEM only","C:\Users\nhadu\OneDrive - UTS\C3_UTS\Soft_Sensor_Loc\Emilie data\Raw_data\Emilie_SoftSensor\Emilie_SoftSensor\Raw_data_Plate\EEM\EEM_EG_Pavlovagyrans_raw_001_003_G8.csv","","reference workbook missing from local extraction"
"EG","Pavlovagyrans","1","3","G9","Plate","True","False","False","EEM only","C:\Users\nhadu\OneDrive - UTS\C3_UTS\Soft_Sensor_Loc\Emilie data\Raw_data\Emilie_SoftSensor\Emilie_SoftSensor\Raw_data_Plate\EEM\EEM_EG_Pavlovagyrans_raw_001_003_G9.csv","","reference workbook missing from local extraction"
"EG","Pavlovagyrans","1","4","B10","Plate","True","False","False","EEM only","C:\Users\nhadu\OneDrive - UTS\C3_UTS\Soft_Sensor_Loc\Emilie data\Raw_data\Emilie_SoftSensor\Emilie_SoftSensor\Raw_data_Plate\EEM\EEM_EG_Pavlovagyrans_raw_001_004_B10.csv","","reference workbook missing from local extraction"
"EG","Pavlovagyrans","1","4","B11","Plate","True","False","False","EEM only","C:\Users\nhadu\OneDrive - UTS\C3_UTS\Soft_Sensor_Loc\Emilie data\Raw_data\Emilie_SoftSensor\Emilie_SoftSensor\Raw_data_Plate\EEM\EEM_EG_Pavlovagyrans_raw_001_004_B11.csv","","reference workbook missing from local extraction"
"EG","Pavlovagyrans","1","4","B2","Plate","True","False","False","EEM only","C:\Users\nhadu\OneDrive - UTS\C3_UTS\Soft_Sensor_Loc\Emilie data\Raw_data\Emilie_SoftSensor\Emilie_SoftSensor\Raw_data_Plate\EEM\EEM_EG_Pavlovagyrans_raw_001_004_B2.csv","","reference workbook missing from local extraction"
"EG","Pavlovagyrans","1","4","B3","Plate","True","False","False","EEM only","C:\Users\nhadu\OneDrive - UTS\C3_UTS\Soft_Sensor_Loc\Emilie data\Raw_data\Emilie_SoftSensor\Emilie_SoftSensor\Raw_data_Plate\EEM\EEM_EG_Pavlovagyrans_raw_001_004_B3.csv","","reference workbook missing from local extraction"
"EG","Pavlovagyrans","1","4","B4","Plate","True","False","False","EEM only","C:\Users\nhadu\OneDrive - UTS\C3_UTS\Soft_Sensor_Loc\Emilie data\Raw_data\Emilie_SoftSensor\Emilie_SoftSensor\Raw_data_Plate\EEM\EEM_EG_Pavlovagyrans_raw_001_004_B4.csv","","reference workbook missing from local extraction"
"EG","Pavlovagyrans","1","4","B5","Plate","True","False","False","EEM only","C:\Users\nhadu\OneDrive - UTS\C3_UTS\Soft_Sensor_Loc\Emilie data\Raw_data\Emilie_SoftSensor\Emilie_SoftSensor\Raw_data_Plate\EEM\EEM_EG_Pavlovagyrans_raw_001_004_B5.csv","","reference workbook missing from local extraction"
"EG","Pavlovagyrans","1","4","B6","Plate","True","False","False","EEM only","C:\Users\nhadu\OneDrive - UTS\C3_UTS\Soft_Sensor_Loc\Emilie data\Raw_data\Emilie_SoftSensor\Emilie_SoftSensor\Raw_data_Plate\EEM\EEM_EG_Pavlovagyrans_raw_001_004_B6.csv","","reference workbook missing from local extraction"
"EG","Pavlovagyrans","1","4","B7","Plate","True","False","False","EEM only","C:\Users\nhadu\OneDrive - UTS\C3_UTS\Soft_Sensor_Loc\Emilie data\Raw_data\Emilie_SoftSensor\Emilie_SoftSensor\Raw_data_Plate\EEM\EEM_EG_Pavlovagyrans_raw_001_004_B7.csv","","reference workbook missing from local extraction"
"EG","Pavlovagyrans","1","4","B8","Plate","True","False","False","EEM only","C:\Users\nhadu\OneDrive - UTS\C3_UTS\Soft_Sensor_Loc\Emilie data\Raw_data\Emilie_SoftSensor\Emilie_SoftSensor\Raw_data_Plate\EEM\EEM_EG_Pavlovagyrans_raw_001_004_B8.csv","","reference workbook missing from local extraction"
"EG","Pavlovagyrans","1","4","B9","Plate","True","False","False","EEM only","C:\Users\nhadu\OneDrive - UTS\C3_UTS\Soft_Sensor_Loc\Emilie data\Raw_data\Emilie_SoftSensor\Emilie_SoftSensor\Raw_data_Plate\EEM\EEM_EG_Pavlovagyrans_raw_001_004_B9.csv","","reference workbook missing from local extraction"
"EG","Pavlovagyrans","1","4","C10","Plate","True","False","False","EEM only","C:\Users\nhadu\OneDrive - UTS\C3_UTS\Soft_Sensor_Loc\Emilie data\Raw_data\Emilie_SoftSensor\Emilie_SoftSensor\Raw_data_Plate\EEM\EEM_EG_Pavlovagyrans_raw_001_004_C10.csv","","reference workbook missing from local extraction"
"EG","Pavlovagyrans","1","4","C11","Plate","True","False","False","EEM only","C:\Users\nhadu\OneDrive - UTS\C3_UTS\Soft_Sensor_Loc\Emilie data\Raw_data\Emilie_SoftSensor\Emilie_SoftSensor\Raw_data_Plate\EEM\EEM_EG_Pavlovagyrans_raw_001_004_C11.csv","","reference workbook missing from local extraction"
"EG","Pavlovagyrans","1","4","C2","Plate","True","False","False","EEM only","C:\Users\nhadu\OneDrive - UTS\C3_UTS\Soft_Sensor_Loc\Emilie data\Raw_data\Emilie_SoftSensor\Emilie_SoftSensor\Raw_data_Plate\EEM\EEM_EG_Pavlovagyrans_raw_001_004_C2.csv","","reference workbook missing from local extraction"
"EG","Pavlovagyrans","1","4","C3","Plate","True","False","False","EEM only","C:\Users\nhadu\OneDrive - UTS\C3_UTS\Soft_Sensor_Loc\Emilie data\Raw_data\Emilie_SoftSensor\Emilie_SoftSensor\Raw_data_Plate\EEM\EEM_EG_Pavlovagyrans_raw_001_004_C3.csv","","reference workbook missing from local extraction"
"EG","Pavlovagyrans","1","4","C4","Plate","True","False","False","EEM only","C:\Users\nhadu\OneDrive - UTS\C3_UTS\Soft_Sensor_Loc\Emilie data\Raw_data\Emilie_SoftSensor\Emilie_SoftSensor\Raw_data_Plate\EEM\EEM_EG_Pavlovagyrans_raw_001_004_C4.csv","","reference workbook missing from local extraction"
"EG","Pavlovagyrans","1","4","C5","Plate","True","False","False","EEM only","C:\Users\nhadu\OneDrive - UTS\C3_UTS\Soft_Sensor_Loc\Emilie data\Raw_data\Emilie_SoftSensor\Emilie_SoftSensor\Raw_data_Plate\EEM\EEM_EG_Pavlovagyrans_raw_001_004_C5.csv","","reference workbook missing from local extraction"
"EG","Pavlovagyrans","1","4","C6","Plate","True","False","False","EEM only","C:\Users\nhadu\OneDrive - UTS\C3_UTS\Soft_Sensor_Loc\Emilie data\Raw_data\Emilie_SoftSensor\Emilie_SoftSensor\Raw_data_Plate\EEM\EEM_EG_Pavlovagyrans_raw_001_004_C6.csv","","reference workbook missing from local extraction"
"EG","Pavlovagyrans","1","4","C7","Plate","True","False","False","EEM only","C:\Users\nhadu\OneDrive - UTS\C3_UTS\Soft_Sensor_Loc\Emilie data\Raw_data\Emilie_SoftSensor\Emilie_SoftSensor\Raw_data_Plate\EEM\EEM_EG_Pavlovagyrans_raw_001_004_C7.csv","","reference workbook missing from local extraction"
"EG","Pavlovagyrans","1","4","C8","Plate","True","False","False","EEM only","C:\Users\nhadu\OneDrive - UTS\C3_UTS\Soft_Sensor_Loc\Emilie data\Raw_data\Emilie_SoftSensor\Emilie_SoftSensor\Raw_data_Plate\EEM\EEM_EG_Pavlovagyrans_raw_001_004_C8.csv","","reference workbook missing from local extraction"
"EG","Pavlovagyrans","1","4","C9","Plate","True","False","False","EEM only","C:\Users\nhadu\OneDrive - UTS\C3_UTS\Soft_Sensor_Loc\Emilie data\Raw_data\Emilie_SoftSensor\Emilie_SoftSensor\Raw_data_Plate\EEM\EEM_EG_Pavlovagyrans_raw_001_004_C9.csv","","reference workbook missing from local extraction"
"EG","Pavlovagyrans","1","4","D10","Plate","True","False","False","EEM only","C:\Users\nhadu\OneDrive - UTS\C3_UTS\Soft_Sensor_Loc\Emilie data\Raw_data\Emilie_SoftSensor\Emilie_SoftSensor\Raw_data_Plate\EEM\EEM_EG_Pavlovagyrans_raw_001_004_D10.csv","","reference workbook missing from local extraction"
"EG","Pavlovagyrans","1","4","D11","Plate","True","False","False","EEM only","C:\Users\nhadu\OneDrive - UTS\C3_UTS\Soft_Sensor_Loc\Emilie data\Raw_data\Emilie_SoftSensor\Emilie_SoftSensor\Raw_data_Plate\EEM\EEM_EG_Pavlovagyrans_raw_001_004_D11.csv","","reference workbook missing from local extraction"
"EG","Pavlovagyrans","1","4","D2","Plate","True","False","False","EEM only","C:\Users\nhadu\OneDrive - UTS\C3_UTS\Soft_Sensor_Loc\Emilie data\Raw_data\Emilie_SoftSensor\Emilie_SoftSensor\Raw_data_Plate\EEM\EEM_EG_Pavlovagyrans_raw_001_004_D2.csv","","reference workbook missing from local extraction"
"EG","Pavlovagyrans","1","4","D3","Plate","True","False","False","EEM only","C:\Users\nhadu\OneDrive - UTS\C3_UTS\Soft_Sensor_Loc\Emilie data\Raw_data\Emilie_SoftSensor\Emilie_SoftSensor\Raw_data_Plate\EEM\EEM_EG_Pavlovagyrans_raw_001_004_D3.csv","","reference workbook missing from local extraction"
"EG","Pavlovagyrans","1","4","D4","Plate","True","False","False","EEM only","C:\Users\nhadu\OneDrive - UTS\C3_UTS\Soft_Sensor_Loc\Emilie data\Raw_data\Emilie_SoftSensor\Emilie_SoftSensor\Raw_data_Plate\EEM\EEM_EG_Pavlovagyrans_raw_001_004_D4.csv","","reference workbook missing from local extraction"
"EG","Pavlovagyrans","1","4","D5","Plate","True","False","False","EEM only","C:\Users\nhadu\OneDrive - UTS\C3_UTS\Soft_Sensor_Loc\Emilie data\Raw_data\Emilie_SoftSensor\Emilie_SoftSensor\Raw_data_Plate\EEM\EEM_EG_Pavlovagyrans_raw_001_004_D5.csv","","reference workbook missing from local extraction"
"EG","Pavlovagyrans","1","4","D6","Plate","True","False","False","EEM only","C:\Users\nhadu\OneDrive - UTS\C3_UTS\Soft_Sensor_Loc\Emilie data\Raw_data\Emilie_SoftSensor\Emilie_SoftSensor\Raw_data_Plate\EEM\EEM_EG_Pavlovagyrans_raw_001_004_D6.csv","","reference workbook missing from local extraction"
"EG","Pavlovagyrans","1","4","D7","Plate","True","False","False","EEM only","C:\Users\nhadu\OneDrive - UTS\C3_UTS\Soft_Sensor_Loc\Emilie data\Raw_data\Emilie_SoftSensor\Emilie_SoftSensor\Raw_data_Plate\EEM\EEM_EG_Pavlovagyrans_raw_001_004_D7.csv","","reference workbook missing from local extraction"
"EG","Pavlovagyrans","1","4","D8","Plate","True","False","False","EEM only","C:\Users\nhadu\OneDrive - UTS\C3_UTS\Soft_Sensor_Loc\Emilie data\Raw_data\Emilie_SoftSensor\Emilie_SoftSensor\Raw_data_Plate\EEM\EEM_EG_Pavlovagyrans_raw_001_004_D8.csv","","reference workbook missing from local extraction"
"EG","Pavlovagyrans","1","4","D9","Plate","True","False","False","EEM only","C:\Users\nhadu\OneDrive - UTS\C3_UTS\Soft_Sensor_Loc\Emilie data\Raw_data\Emilie_SoftSensor\Emilie_SoftSensor\Raw_data_Plate\EEM\EEM_EG_Pavlovagyrans_raw_001_004_D9.csv","","reference workbook missing from local extraction"
"EG","Pavlovagyrans","1","4","E10","Plate","True","False","False","EEM only","C:\Users\nhadu\OneDrive - UTS\C3_UTS\Soft_Sensor_Loc\Emilie data\Raw_data\Emilie_SoftSensor\Emilie_SoftSensor\Raw_data_Plate\EEM\EEM_EG_Pavlovagyrans_raw_001_004_E10.csv","","reference workbook missing from local extraction"
"EG","Pavlovagyrans","1","4","E11","Plate","True","False","False","EEM only","C:\Users\nhadu\OneDrive - UTS\C3_UTS\Soft_Sensor_Loc\Emilie data\Raw_data\Emilie_SoftSensor\Emilie_SoftSensor\Raw_data_Plate\EEM\EEM_EG_Pavlovagyrans_raw_001_004_E11.csv","","reference workbook missing from local extraction"
"EG","Pavlovagyrans","1","4","E2","Plate","True","False","False","EEM only","C:\Users\nhadu\OneDrive - UTS\C3_UTS\Soft_Sensor_Loc\Emilie data\Raw_data\Emilie_SoftSensor\Emilie_SoftSensor\Raw_data_Plate\EEM\EEM_EG_Pavlovagyrans_raw_001_004_E2.csv","","reference workbook missing from local extraction"
"EG","Pavlovagyrans","1","4","E3","Plate","True","False","False","EEM only","C:\Users\nhadu\OneDrive - UTS\C3_UTS\Soft_Sensor_Loc\Emilie data\Raw_data\Emilie_SoftSensor\Emilie_SoftSensor\Raw_data_Plate\EEM\EEM_EG_Pavlovagyrans_raw_001_004_E3.csv","","reference workbook missing from local extraction"
"EG","Pavlovagyrans","1","4","E4","Plate","True","False","False","EEM only","C:\Users\nhadu\OneDrive - UTS\C3_UTS\Soft_Sensor_Loc\Emilie data\Raw_data\Emilie_SoftSensor\Emilie_SoftSensor\Raw_data_Plate\EEM\EEM_EG_Pavlovagyrans_raw_001_004_E4.csv","","reference workbook missing from local extraction"
"EG","Pavlovagyrans","1","4","E5","Plate","True","False","False","EEM only","C:\Users\nhadu\OneDrive - UTS\C3_UTS\Soft_Sensor_Loc\Emilie data\Raw_data\Emilie_SoftSensor\Emilie_SoftSensor\Raw_data_Plate\EEM\EEM_EG_Pavlovagyrans_raw_001_004_E5.csv","","reference workbook missing from local extraction"
"EG","Pavlovagyrans","1","4","E6","Plate","True","False","False","EEM only","C:\Users\nhadu\OneDrive - UTS\C3_UTS\Soft_Sensor_Loc\Emilie data\Raw_data\Emilie_SoftSensor\Emilie_SoftSensor\Raw_data_Plate\EEM\EEM_EG_Pavlovagyrans_raw_001_004_E6.csv","","reference workbook missing from local extraction"
"EG","Pavlovagyrans","1","4","E7","Plate","True","False","False","EEM only","C:\Users\nhadu\OneDrive - UTS\C3_UTS\Soft_Sensor_Loc\Emilie data\Raw_data\Emilie_SoftSensor\Emilie_SoftSensor\Raw_data_Plate\EEM\EEM_EG_Pavlovagyrans_raw_001_004_E7.csv","","reference workbook missing from local extraction"
"EG","Pavlovagyrans","1","4","E8","Plate","True","False","False","EEM only","C:\Users\nhadu\OneDrive - UTS\C3_UTS\Soft_Sensor_Loc\Emilie data\Raw_data\Emilie_SoftSensor\Emilie_SoftSensor\Raw_data_Plate\EEM\EEM_EG_Pavlovagyrans_raw_001_004_E8.csv","","reference workbook missing from local extraction"
"EG","Pavlovagyrans","1","4","E9","Plate","True","False","False","EEM only","C:\Users\nhadu\OneDrive - UTS\C3_UTS\Soft_Sensor_Loc\Emilie data\Raw_data\Emilie_SoftSensor\Emilie_SoftSensor\Raw_data_Plate\EEM\EEM_EG_Pavlovagyrans_raw_001_004_E9.csv","","reference workbook missing from local extraction"
"EG","Pavlovagyrans","1","4","F10","Plate","True","False","False","EEM only","C:\Users\nhadu\OneDrive - UTS\C3_UTS\Soft_Sensor_Loc\Emilie data\Raw_data\Emilie_SoftSensor\Emilie_SoftSensor\Raw_data_Plate\EEM\EEM_EG_Pavlovagyrans_raw_001_004_F10.csv","","reference workbook missing from local extraction"
"EG","Pavlovagyrans","1","4","F11","Plate","True","False","False","EEM only","C:\Users\nhadu\OneDrive - UTS\C3_UTS\Soft_Sensor_Loc\Emilie data\Raw_data\Emilie_SoftSensor\Emilie_SoftSensor\Raw_data_Plate\EEM\EEM_EG_Pavlovagyrans_raw_001_004_F11.csv","","reference workbook missing from local extraction"
"EG","Pavlovagyrans","1","4","F2","Plate","True","False","False","EEM only","C:\Users\nhadu\OneDrive - UTS\C3_UTS\Soft_Sensor_Loc\Emilie data\Raw_data\Emilie_SoftSensor\Emilie_SoftSensor\Raw_data_Plate\EEM\EEM_EG_Pavlovagyrans_raw_001_004_F2.csv","","reference workbook missing from local extraction"
"EG","Pavlovagyrans","1","4","F3","Plate","True","False","False","EEM only","C:\Users\nhadu\OneDrive - UTS\C3_UTS\Soft_Sensor_Loc\Emilie data\Raw_data\Emilie_SoftSensor\Emilie_SoftSensor\Raw_data_Plate\EEM\EEM_EG_Pavlovagyrans_raw_001_004_F3.csv","","reference workbook missing from local extraction"
"EG","Pavlovagyrans","1","4","F4","Plate","True","False","False","EEM only","C:\Users\nhadu\OneDrive - UTS\C3_UTS\Soft_Sensor_Loc\Emilie data\Raw_data\Emilie_SoftSensor\Emilie_SoftSensor\Raw_data_Plate\EEM\EEM_EG_Pavlovagyrans_raw_001_004_F4.csv","","reference workbook missing from local extraction"
"EG","Pavlovagyrans","1","4","F5","Plate","True","False","False","EEM only","C:\Users\nhadu\OneDrive - UTS\C3_UTS\Soft_Sensor_Loc\Emilie data\Raw_data\Emilie_SoftSensor\Emilie_SoftSensor\Raw_data_Plate\EEM\EEM_EG_Pavlovagyrans_raw_001_004_F5.csv","","reference workbook missing from local extraction"
"EG","Pavlovagyrans","1","4","F6","Plate","True","False","False","EEM only","C:\Users\nhadu\OneDrive - UTS\C3_UTS\Soft_Sensor_Loc\Emilie data\Raw_data\Emilie_SoftSensor\Emilie_SoftSensor\Raw_data_Plate\EEM\EEM_EG_Pavlovagyrans_raw_001_004_F6.csv","","reference workbook missing from local extraction"
"EG","Pavlovagyrans","1","4","F7","Plate","True","False","False","EEM only","C:\Users\nhadu\OneDrive - UTS\C3_UTS\Soft_Sensor_Loc\Emilie data\Raw_data\Emilie_SoftSensor\Emilie_SoftSensor\Raw_data_Plate\EEM\EEM_EG_Pavlovagyrans_raw_001_004_F7.csv","","reference workbook missing from local extraction"
"EG","Pavlovagyrans","1","4","F8","Plate","True","False","False","EEM only","C:\Users\nhadu\OneDrive - UTS\C3_UTS\Soft_Sensor_Loc\Emilie data\Raw_data\Emilie_SoftSensor\Emilie_SoftSensor\Raw_data_Plate\EEM\EEM_EG_Pavlovagyrans_raw_001_004_F8.csv","","reference workbook missing from local extraction"
"EG","Pavlovagyrans","1","4","F9","Plate","True","False","False","EEM only","C:\Users\nhadu\OneDrive - UTS\C3_UTS\Soft_Sensor_Loc\Emilie data\Raw_data\Emilie_SoftSensor\Emilie_SoftSensor\Raw_data_Plate\EEM\EEM_EG_Pavlovagyrans_raw_001_004_F9.csv","","reference workbook missing from local extraction"
"EG","Pavlovagyrans","1","4","G10","Plate","True","False","False","EEM only","C:\Users\nhadu\OneDrive - UTS\C3_UTS\Soft_Sensor_Loc\Emilie data\Raw_data\Emilie_SoftSensor\Emilie_SoftSensor\Raw_data_Plate\EEM\EEM_EG_Pavlovagyrans_raw_001_004_G10.csv","","reference workbook missing from local extraction"
"EG","Pavlovagyrans","1","4","G11","Plate","True","False","False","EEM only","C:\Users\nhadu\OneDrive - UTS\C3_UTS\Soft_Sensor_Loc\Emilie data\Raw_data\Emilie_SoftSensor\Emilie_SoftSensor\Raw_data_Plate\EEM\EEM_EG_Pavlovagyrans_raw_001_004_G11.csv","","reference workbook missing from local extraction"
"EG","Pavlovagyrans","1","4","G2","Plate","True","False","False","EEM only","C:\Users\nhadu\OneDrive - UTS\C3_UTS\Soft_Sensor_Loc\Emilie data\Raw_data\Emilie_SoftSensor\Emilie_SoftSensor\Raw_data_Plate\EEM\EEM_EG_Pavlovagyrans_raw_001_004_G2.csv","","reference workbook missing from local extraction"
"EG","Pavlovagyrans","1","4","G3","Plate","True","False","False","EEM only","C:\Users\nhadu\OneDrive - UTS\C3_UTS\Soft_Sensor_Loc\Emilie data\Raw_data\Emilie_SoftSensor\Emilie_SoftSensor\Raw_data_Plate\EEM\EEM_EG_Pavlovagyrans_raw_001_004_G3.csv","","reference workbook missing from local extraction"
"EG","Pavlovagyrans","1","4","G4","Plate","True","False","False","EEM only","C:\Users\nhadu\OneDrive - UTS\C3_UTS\Soft_Sensor_Loc\Emilie data\Raw_data\Emilie_SoftSensor\Emilie_SoftSensor\Raw_data_Plate\EEM\EEM_EG_Pavlovagyrans_raw_001_004_G4.csv","","reference workbook missing from local extraction"
"EG","Pavlovagyrans","1","4","G5","Plate","True","False","False","EEM only","C:\Users\nhadu\OneDrive - UTS\C3_UTS\Soft_Sensor_Loc\Emilie data\Raw_data\Emilie_SoftSensor\Emilie_SoftSensor\Raw_data_Plate\EEM\EEM_EG_Pavlovagyrans_raw_001_004_G5.csv","","reference workbook missing from local extraction"
"EG","Pavlovagyrans","1","4","G6","Plate","True","False","False","EEM only","C:\Users\nhadu\OneDrive - UTS\C3_UTS\Soft_Sensor_Loc\Emilie data\Raw_data\Emilie_SoftSensor\Emilie_SoftSensor\Raw_data_Plate\EEM\EEM_EG_Pavlovagyrans_raw_001_004_G6.csv","","reference workbook missing from local extraction"
"EG","Pavlovagyrans","1","4","G7","Plate","True","False","False","EEM only","C:\Users\nhadu\OneDrive - UTS\C3_UTS\Soft_Sensor_Loc\Emilie data\Raw_data\Emilie_SoftSensor\Emilie_SoftSensor\Raw_data_Plate\EEM\EEM_EG_Pavlovagyrans_raw_001_004_G7.csv","","reference workbook missing from local extraction"
"EG","Pavlovagyrans","1","4","G8","Plate","True","False","False","EEM only","C:\Users\nhadu\OneDrive - UTS\C3_UTS\Soft_Sensor_Loc\Emilie data\Raw_data\Emilie_SoftSensor\Emilie_SoftSensor\Raw_data_Plate\EEM\EEM_EG_Pavlovagyrans_raw_001_004_G8.csv","","reference workbook missing from local extraction"
"EG","Pavlovagyrans","1","4","G9","Plate","True","False","False","EEM only","C:\Users\nhadu\OneDrive - UTS\C3_UTS\Soft_Sensor_Loc\Emilie data\Raw_data\Emilie_SoftSensor\Emilie_SoftSensor\Raw_data_Plate\EEM\EEM_EG_Pavlovagyrans_raw_001_004_G9.csv","","reference workbook missing from local extraction"
"EG","Pavlovagyrans","1","5","B10","Plate","True","False","False","EEM only","C:\Users\nhadu\OneDrive - UTS\C3_UTS\Soft_Sensor_Loc\Emilie data\Raw_data\Emilie_SoftSensor\Emilie_SoftSensor\Raw_data_Plate\EEM\EEM_EG_Pavlovagyrans_raw_001_005_B10.csv","","reference workbook missing from local extraction"
"EG","Pavlovagyrans","1","5","B11","Plate","True","False","False","EEM only","C:\Users\nhadu\OneDrive - UTS\C3_UTS\Soft_Sensor_Loc\Emilie data\Raw_data\Emilie_SoftSensor\Emilie_SoftSensor\Raw_data_Plate\EEM\EEM_EG_Pavlovagyrans_raw_001_005_B11.csv","","reference workbook missing from local extraction"
"EG","Pavlovagyrans","1","5","B2","Plate","True","False","False","EEM only","C:\Users\nhadu\OneDrive - UTS\C3_UTS\Soft_Sensor_Loc\Emilie data\Raw_data\Emilie_SoftSensor\Emilie_SoftSensor\Raw_data_Plate\EEM\EEM_EG_Pavlovagyrans_raw_001_005_B2.csv","","reference workbook missing from local extraction"
"EG","Pavlovagyrans","1","5","B3","Plate","True","False","False","EEM only","C:\Users\nhadu\OneDrive - UTS\C3_UTS\Soft_Sensor_Loc\Emilie data\Raw_data\Emilie_SoftSensor\Emilie_SoftSensor\Raw_data_Plate\EEM\EEM_EG_Pavlovagyrans_raw_001_005_B3.csv","","reference workbook missing from local extraction"
"EG","Pavlovagyrans","1","5","B4","Plate","True","False","False","EEM only","C:\Users\nhadu\OneDrive - UTS\C3_UTS\Soft_Sensor_Loc\Emilie data\Raw_data\Emilie_SoftSensor\Emilie_SoftSensor\Raw_data_Plate\EEM\EEM_EG_Pavlovagyrans_raw_001_005_B4.csv","","reference workbook missing from local extraction"
"EG","Pavlovagyrans","1","5","B5","Plate","True","False","False","EEM only","C:\Users\nhadu\OneDrive - UTS\C3_UTS\Soft_Sensor_Loc\Emilie data\Raw_data\Emilie_SoftSensor\Emilie_SoftSensor\Raw_data_Plate\EEM\EEM_EG_Pavlovagyrans_raw_001_005_B5.csv","","reference workbook missing from local extraction"
"EG","Pavlovagyrans","1","5","B6","Plate","True","False","False","EEM only","C:\Users\nhadu\OneDrive - UTS\C3_UTS\Soft_Sensor_Loc\Emilie data\Raw_data\Emilie_SoftSensor\Emilie_SoftSensor\Raw_data_Plate\EEM\EEM_EG_Pavlovagyrans_raw_001_005_B6.csv","","reference workbook missing from local extraction"
"EG","Pavlovagyrans","1","5","B7","Plate","True","False","False","EEM only","C:\Users\nhadu\OneDrive - UTS\C3_UTS\Soft_Sensor_Loc\Emilie data\Raw_data\Emilie_SoftSensor\Emilie_SoftSensor\Raw_data_Plate\EEM\EEM_EG_Pavlovagyrans_raw_001_005_B7.csv","","reference workbook missing from local extraction"
"EG","Pavlovagyrans","1","5","B8","Plate","True","False","False","EEM only","C:\Users\nhadu\OneDrive - UTS\C3_UTS\Soft_Sensor_Loc\Emilie data\Raw_data\Emilie_SoftSensor\Emilie_SoftSensor\Raw_data_Plate\EEM\EEM_EG_Pavlovagyrans_raw_001_005_B8.csv","","reference workbook missing from local extraction"
"EG","Pavlovagyrans","1","5","B9","Plate","True","False","False","EEM only","C:\Users\nhadu\OneDrive - UTS\C3_UTS\Soft_Sensor_Loc\Emilie data\Raw_data\Emilie_SoftSensor\Emilie_SoftSensor\Raw_data_Plate\EEM\EEM_EG_Pavlovagyrans_raw_001_005_B9.csv","","reference workbook missing from local extraction"
"EG","Pavlovagyrans","1","5","C10","Plate","True","False","False","EEM only","C:\Users\nhadu\OneDrive - UTS\C3_UTS\Soft_Sensor_Loc\Emilie data\Raw_data\Emilie_SoftSensor\Emilie_SoftSensor\Raw_data_Plate\EEM\EEM_EG_Pavlovagyrans_raw_001_005_C10.csv","","reference workbook missing from local extraction"
"EG","Pavlovagyrans","1","5","C11","Plate","True","False","False","EEM only","C:\Users\nhadu\OneDrive - UTS\C3_UTS\Soft_Sensor_Loc\Emilie data\Raw_data\Emilie_SoftSensor\Emilie_SoftSensor\Raw_data_Plate\EEM\EEM_EG_Pavlovagyrans_raw_001_005_C11.csv","","reference workbook missing from local extraction"
"EG","Pavlovagyrans","1","5","C2","Plate","True","False","False","EEM only","C:\Users\nhadu\OneDrive - UTS\C3_UTS\Soft_Sensor_Loc\Emilie data\Raw_data\Emilie_SoftSensor\Emilie_SoftSensor\Raw_data_Plate\EEM\EEM_EG_Pavlovagyrans_raw_001_005_C2.csv","","reference workbook missing from local extraction"
"EG","Pavlovagyrans","1","5","C3","Plate","True","False","False","EEM only","C:\Users\nhadu\OneDrive - UTS\C3_UTS\Soft_Sensor_Loc\Emilie data\Raw_data\Emilie_SoftSensor\Emilie_SoftSensor\Raw_data_Plate\EEM\EEM_EG_Pavlovagyrans_raw_001_005_C3.csv","","reference workbook missing from local extraction"
"EG","Pavlovagyrans","1","5","C4","Plate","True","False","False","EEM only","C:\Users\nhadu\OneDrive - UTS\C3_UTS\Soft_Sensor_Loc\Emilie data\Raw_data\Emilie_SoftSensor\Emilie_SoftSensor\Raw_data_Plate\EEM\EEM_EG_Pavlovagyrans_raw_001_005_C4.csv","","reference workbook missing from local extraction"
"EG","Pavlovagyrans","1","5","C5","Plate","True","False","False","EEM only","C:\Users\nhadu\OneDrive - UTS\C3_UTS\Soft_Sensor_Loc\Emilie data\Raw_data\Emilie_SoftSensor\Emilie_SoftSensor\Raw_data_Plate\EEM\EEM_EG_Pavlovagyrans_raw_001_005_C5.csv","","reference workbook missing from local extraction"
"EG","Pavlovagyrans","1","5","C6","Plate","True","False","False","EEM only","C:\Users\nhadu\OneDrive - UTS\C3_UTS\Soft_Sensor_Loc\Emilie data\Raw_data\Emilie_SoftSensor\Emilie_SoftSensor\Raw_data_Plate\EEM\EEM_EG_Pavlovagyrans_raw_001_005_C6.csv","","reference workbook missing from local extraction"
"EG","Pavlovagyrans","1","5","C7","Plate","True","False","False","EEM only","C:\Users\nhadu\OneDrive - UTS\C3_UTS\Soft_Sensor_Loc\Emilie data\Raw_data\Emilie_SoftSensor\Emilie_SoftSensor\Raw_data_Plate\EEM\EEM_EG_Pavlovagyrans_raw_001_005_C7.csv","","reference workbook missing from local extraction"
"EG","Pavlovagyrans","1","5","C8","Plate","True","False","False","EEM only","C:\Users\nhadu\OneDrive - UTS\C3_UTS\Soft_Sensor_Loc\Emilie data\Raw_data\Emilie_SoftSensor\Emilie_SoftSensor\Raw_data_Plate\EEM\EEM_EG_Pavlovagyrans_raw_001_005_C8.csv","","reference workbook missing from local extraction"
"EG","Pavlovagyrans","1","5","C9","Plate","True","False","False","EEM only","C:\Users\nhadu\OneDrive - UTS\C3_UTS\Soft_Sensor_Loc\Emilie data\Raw_data\Emilie_SoftSensor\Emilie_SoftSensor\Raw_data_Plate\EEM\EEM_EG_Pavlovagyrans_raw_001_005_C9.csv","","reference workbook missing from local extraction"
"EG","Pavlovagyrans","1","5","D10","Plate","True","False","False","EEM only","C:\Users\nhadu\OneDrive - UTS\C3_UTS\Soft_Sensor_Loc\Emilie data\Raw_data\Emilie_SoftSensor\Emilie_SoftSensor\Raw_data_Plate\EEM\EEM_EG_Pavlovagyrans_raw_001_005_D10.csv","","reference workbook missing from local extraction"
"EG","Pavlovagyrans","1","5","D11","Plate","True","False","False","EEM only","C:\Users\nhadu\OneDrive - UTS\C3_UTS\Soft_Sensor_Loc\Emilie data\Raw_data\Emilie_SoftSensor\Emilie_SoftSensor\Raw_data_Plate\EEM\EEM_EG_Pavlovagyrans_raw_001_005_D11.csv","","reference workbook missing from local extraction"
"EG","Pavlovagyrans","1","5","D2","Plate","True","False","False","EEM only","C:\Users\nhadu\OneDrive - UTS\C3_UTS\Soft_Sensor_Loc\Emilie data\Raw_data\Emilie_SoftSensor\Emilie_SoftSensor\Raw_data_Plate\EEM\EEM_EG_Pavlovagyrans_raw_001_005_D2.csv","","reference workbook missing from local extraction"
"EG","Pavlovagyrans","1","5","D3","Plate","True","False","False","EEM only","C:\Users\nhadu\OneDrive - UTS\C3_UTS\Soft_Sensor_Loc\Emilie data\Raw_data\Emilie_SoftSensor\Emilie_SoftSensor\Raw_data_Plate\EEM\EEM_EG_Pavlovagyrans_raw_001_005_D3.csv","","reference workbook missing from local extraction"
"EG","Pavlovagyrans","1","5","D4","Plate","True","False","False","EEM only","C:\Users\nhadu\OneDrive - UTS\C3_UTS\Soft_Sensor_Loc\Emilie data\Raw_data\Emilie_SoftSensor\Emilie_SoftSensor\Raw_data_Plate\EEM\EEM_EG_Pavlovagyrans_raw_001_005_D4.csv","","reference workbook missing from local extraction"
"EG","Pavlovagyrans","1","5","D5","Plate","True","False","False","EEM only","C:\Users\nhadu\OneDrive - UTS\C3_UTS\Soft_Sensor_Loc\Emilie data\Raw_data\Emilie_SoftSensor\Emilie_SoftSensor\Raw_data_Plate\EEM\EEM_EG_Pavlovagyrans_raw_001_005_D5.csv","","reference workbook missing from local extraction"
"EG","Pavlovagyrans","1","5","D6","Plate","True","False","False","EEM only","C:\Users\nhadu\OneDrive - UTS\C3_UTS\Soft_Sensor_Loc\Emilie data\Raw_data\Emilie_SoftSensor\Emilie_SoftSensor\Raw_data_Plate\EEM\EEM_EG_Pavlovagyrans_raw_001_005_D6.csv","","reference workbook missing from local extraction"
"EG","Pavlovagyrans","1","5","D7","Plate","True","False","False","EEM only","C:\Users\nhadu\OneDrive - UTS\C3_UTS\Soft_Sensor_Loc\Emilie data\Raw_data\Emilie_SoftSensor\Emilie_SoftSensor\Raw_data_Plate\EEM\EEM_EG_Pavlovagyrans_raw_001_005_D7.csv","","reference workbook missing from local extraction"
"EG","Pavlovagyrans","1","5","D8","Plate","True","False","False","EEM only","C:\Users\nhadu\OneDrive - UTS\C3_UTS\Soft_Sensor_Loc\Emilie data\Raw_data\Emilie_SoftSensor\Emilie_SoftSensor\Raw_data_Plate\EEM\EEM_EG_Pavlovagyrans_raw_001_005_D8.csv","","reference workbook missing from local extraction"
"EG","Pavlovagyrans","1","5","D9","Plate","True","False","False","EEM only","C:\Users\nhadu\OneDrive - UTS\C3_UTS\Soft_Sensor_Loc\Emilie data\Raw_data\Emilie_SoftSensor\Emilie_SoftSensor\Raw_data_Plate\EEM\EEM_EG_Pavlovagyrans_raw_001_005_D9.csv","","reference workbook missing from local extraction"
"EG","Pavlovagyrans","1","5","E10","Plate","True","False","False","EEM only","C:\Users\nhadu\OneDrive - UTS\C3_UTS\Soft_Sensor_Loc\Emilie data\Raw_data\Emilie_SoftSensor\Emilie_SoftSensor\Raw_data_Plate\EEM\EEM_EG_Pavlovagyrans_raw_001_005_E10.csv","","reference workbook missing from local extraction"
"EG","Pavlovagyrans","1","5","E11","Plate","True","False","False","EEM only","C:\Users\nhadu\OneDrive - UTS\C3_UTS\Soft_Sensor_Loc\Emilie data\Raw_data\Emilie_SoftSensor\Emilie_SoftSensor\Raw_data_Plate\EEM\EEM_EG_Pavlovagyrans_raw_001_005_E11.csv","","reference workbook missing from local extraction"
"EG","Pavlovagyrans","1","5","E2","Plate","True","False","False","EEM only","C:\Users\nhadu\OneDrive - UTS\C3_UTS\Soft_Sensor_Loc\Emilie data\Raw_data\Emilie_SoftSensor\Emilie_SoftSensor\Raw_data_Plate\EEM\EEM_EG_Pavlovagyrans_raw_001_005_E2.csv","","reference workbook missing from local extraction"
"EG","Pavlovagyrans","1","5","E3","Plate","True","False","False","EEM only","C:\Users\nhadu\OneDrive - UTS\C3_UTS\Soft_Sensor_Loc\Emilie data\Raw_data\Emilie_SoftSensor\Emilie_SoftSensor\Raw_data_Plate\EEM\EEM_EG_Pavlovagyrans_raw_001_005_E3.csv","","reference workbook missing from local extraction"
"EG","Pavlovagyrans","1","5","E4","Plate","True","False","False","EEM only","C:\Users\nhadu\OneDrive - UTS\C3_UTS\Soft_Sensor_Loc\Emilie data\Raw_data\Emilie_SoftSensor\Emilie_SoftSensor\Raw_data_Plate\EEM\EEM_EG_Pavlovagyrans_raw_001_005_E4.csv","","reference workbook missing from local extraction"
"EG","Pavlovagyrans","1","5","E5","Plate","True","False","False","EEM only","C:\Users\nhadu\OneDrive - UTS\C3_UTS\Soft_Sensor_Loc\Emilie data\Raw_data\Emilie_SoftSensor\Emilie_SoftSensor\Raw_data_Plate\EEM\EEM_EG_Pavlovagyrans_raw_001_005_E5.csv","","reference workbook missing from local extraction"
"EG","Pavlovagyrans","1","5","E6","Plate","True","False","False","EEM only","C:\Users\nhadu\OneDrive - UTS\C3_UTS\Soft_Sensor_Loc\Emilie data\Raw_data\Emilie_SoftSensor\Emilie_SoftSensor\Raw_data_Plate\EEM\EEM_EG_Pavlovagyrans_raw_001_005_E6.csv","","reference workbook missing from local extraction"
"EG","Pavlovagyrans","1","5","E7","Plate","True","False","False","EEM only","C:\Users\nhadu\OneDrive - UTS\C3_UTS\Soft_Sensor_Loc\Emilie data\Raw_data\Emilie_SoftSensor\Emilie_SoftSensor\Raw_data_Plate\EEM\EEM_EG_Pavlovagyrans_raw_001_005_E7.csv","","reference workbook missing from local extraction"
"EG","Pavlovagyrans","1","5","E8","Plate","True","False","False","EEM only","C:\Users\nhadu\OneDrive - UTS\C3_UTS\Soft_Sensor_Loc\Emilie data\Raw_data\Emilie_SoftSensor\Emilie_SoftSensor\Raw_data_Plate\EEM\EEM_EG_Pavlovagyrans_raw_001_005_E8.csv","","reference workbook missing from local extraction"
"EG","Pavlovagyrans","1","5","E9","Plate","True","False","False","EEM only","C:\Users\nhadu\OneDrive - UTS\C3_UTS\Soft_Sensor_Loc\Emilie data\Raw_data\Emilie_SoftSensor\Emilie_SoftSensor\Raw_data_Plate\EEM\EEM_EG_Pavlovagyrans_raw_001_005_E9.csv","","reference workbook missing from local extraction"
"EG","Pavlovagyrans","1","5","F10","Plate","True","False","False","EEM only","C:\Users\nhadu\OneDrive - UTS\C3_UTS\Soft_Sensor_Loc\Emilie data\Raw_data\Emilie_SoftSensor\Emilie_SoftSensor\Raw_data_Plate\EEM\EEM_EG_Pavlovagyrans_raw_001_005_F10.csv","","reference workbook missing from local extraction"
"EG","Pavlovagyrans","1","5","F11","Plate","True","False","False","EEM only","C:\Users\nhadu\OneDrive - UTS\C3_UTS\Soft_Sensor_Loc\Emilie data\Raw_data\Emilie_SoftSensor\Emilie_SoftSensor\Raw_data_Plate\EEM\EEM_EG_Pavlovagyrans_raw_001_005_F11.csv","","reference workbook missing from local extraction"
"EG","Pavlovagyrans","1","5","F2","Plate","True","False","False","EEM only","C:\Users\nhadu\OneDrive - UTS\C3_UTS\Soft_Sensor_Loc\Emilie data\Raw_data\Emilie_SoftSensor\Emilie_SoftSensor\Raw_data_Plate\EEM\EEM_EG_Pavlovagyrans_raw_001_005_F2.csv","","reference workbook missing from local extraction"
"EG","Pavlovagyrans","1","5","F3","Plate","True","False","False","EEM only","C:\Users\nhadu\OneDrive - UTS\C3_UTS\Soft_Sensor_Loc\Emilie data\Raw_data\Emilie_SoftSensor\Emilie_SoftSensor\Raw_data_Plate\EEM\EEM_EG_Pavlovagyrans_raw_001_005_F3.csv","","reference workbook missing from local extraction"
"EG","Pavlovagyrans","1","5","F4","Plate","True","False","False","EEM only","C:\Users\nhadu\OneDrive - UTS\C3_UTS\Soft_Sensor_Loc\Emilie data\Raw_data\Emilie_SoftSensor\Emilie_SoftSensor\Raw_data_Plate\EEM\EEM_EG_Pavlovagyrans_raw_001_005_F4.csv","","reference workbook missing from local extraction"
"EG","Pavlovagyrans","1","5","F5","Plate","True","False","False","EEM only","C:\Users\nhadu\OneDrive - UTS\C3_UTS\Soft_Sensor_Loc\Emilie data\Raw_data\Emilie_SoftSensor\Emilie_SoftSensor\Raw_data_Plate\EEM\EEM_EG_Pavlovagyrans_raw_001_005_F5.csv","","reference workbook missing from local extraction"
"EG","Pavlovagyrans","1","5","F6","Plate","True","False","False","EEM only","C:\Users\nhadu\OneDrive - UTS\C3_UTS\Soft_Sensor_Loc\Emilie data\Raw_data\Emilie_SoftSensor\Emilie_SoftSensor\Raw_data_Plate\EEM\EEM_EG_Pavlovagyrans_raw_001_005_F6.csv","","reference workbook missing from local extraction"
"EG","Pavlovagyrans","1","5","F7","Plate","True","False","False","EEM only","C:\Users\nhadu\OneDrive - UTS\C3_UTS\Soft_Sensor_Loc\Emilie data\Raw_data\Emilie_SoftSensor\Emilie_SoftSensor\Raw_data_Plate\EEM\EEM_EG_Pavlovagyrans_raw_001_005_F7.csv","","reference workbook missing from local extraction"
"EG","Pavlovagyrans","1","5","F8","Plate","True","False","False","EEM only","C:\Users\nhadu\OneDrive - UTS\C3_UTS\Soft_Sensor_Loc\Emilie data\Raw_data\Emilie_SoftSensor\Emilie_SoftSensor\Raw_data_Plate\EEM\EEM_EG_Pavlovagyrans_raw_001_005_F8.csv","","reference workbook missing from local extraction"
"EG","Pavlovagyrans","1","5","F9","Plate","True","False","False","EEM only","C:\Users\nhadu\OneDrive - UTS\C3_UTS\Soft_Sensor_Loc\Emilie data\Raw_data\Emilie_SoftSensor\Emilie_SoftSensor\Raw_data_Plate\EEM\EEM_EG_Pavlovagyrans_raw_001_005_F9.csv","","reference workbook missing from local extraction"
"EG","Pavlovagyrans","1","5","G10","Plate","True","False","False","EEM only","C:\Users\nhadu\OneDrive - UTS\C3_UTS\Soft_Sensor_Loc\Emilie data\Raw_data\Emilie_SoftSensor\Emilie_SoftSensor\Raw_data_Plate\EEM\EEM_EG_Pavlovagyrans_raw_001_005_G10.csv","","reference workbook missing from local extraction"
"EG","Pavlovagyrans","1","5","G11","Plate","True","False","False","EEM only","C:\Users\nhadu\OneDrive - UTS\C3_UTS\Soft_Sensor_Loc\Emilie data\Raw_data\Emilie_SoftSensor\Emilie_SoftSensor\Raw_data_Plate\EEM\EEM_EG_Pavlovagyrans_raw_001_005_G11.csv","","reference workbook missing from local extraction"
"EG","Pavlovagyrans","1","5","G2","Plate","True","False","False","EEM only","C:\Users\nhadu\OneDrive - UTS\C3_UTS\Soft_Sensor_Loc\Emilie data\Raw_data\Emilie_SoftSensor\Emilie_SoftSensor\Raw_data_Plate\EEM\EEM_EG_Pavlovagyrans_raw_001_005_G2.csv","","reference workbook missing from local extraction"
"EG","Pavlovagyrans","1","5","G3","Plate","True","False","False","EEM only","C:\Users\nhadu\OneDrive - UTS\C3_UTS\Soft_Sensor_Loc\Emilie data\Raw_data\Emilie_SoftSensor\Emilie_SoftSensor\Raw_data_Plate\EEM\EEM_EG_Pavlovagyrans_raw_001_005_G3.csv","","reference workbook missing from local extraction"
"EG","Pavlovagyrans","1","5","G4","Plate","True","False","False","EEM only","C:\Users\nhadu\OneDrive - UTS\C3_UTS\Soft_Sensor_Loc\Emilie data\Raw_data\Emilie_SoftSensor\Emilie_SoftSensor\Raw_data_Plate\EEM\EEM_EG_Pavlovagyrans_raw_001_005_G4.csv","","reference workbook missing from local extraction"
"EG","Pavlovagyrans","1","5","G5","Plate","True","False","False","EEM only","C:\Users\nhadu\OneDrive - UTS\C3_UTS\Soft_Sensor_Loc\Emilie data\Raw_data\Emilie_SoftSensor\Emilie_SoftSensor\Raw_data_Plate\EEM\EEM_EG_Pavlovagyrans_raw_001_005_G5.csv","","reference workbook missing from local extraction"
"EG","Pavlovagyrans","1","5","G6","Plate","True","False","False","EEM only","C:\Users\nhadu\OneDrive - UTS\C3_UTS\Soft_Sensor_Loc\Emilie data\Raw_data\Emilie_SoftSensor\Emilie_SoftSensor\Raw_data_Plate\EEM\EEM_EG_Pavlovagyrans_raw_001_005_G6.csv","","reference workbook missing from local extraction"
"EG","Pavlovagyrans","1","5","G7","Plate","True","False","False","EEM only","C:\Users\nhadu\OneDrive - UTS\C3_UTS\Soft_Sensor_Loc\Emilie data\Raw_data\Emilie_SoftSensor\Emilie_SoftSensor\Raw_data_Plate\EEM\EEM_EG_Pavlovagyrans_raw_001_005_G7.csv","","reference workbook missing from local extraction"
"EG","Pavlovagyrans","1","5","G8","Plate","True","False","False","EEM only","C:\Users\nhadu\OneDrive - UTS\C3_UTS\Soft_Sensor_Loc\Emilie data\Raw_data\Emilie_SoftSensor\Emilie_SoftSensor\Raw_data_Plate\EEM\EEM_EG_Pavlovagyrans_raw_001_005_G8.csv","","reference workbook missing from local extraction"
"EG","Pavlovagyrans","1","5","G9","Plate","True","False","False","EEM only","C:\Users\nhadu\OneDrive - UTS\C3_UTS\Soft_Sensor_Loc\Emilie data\Raw_data\Emilie_SoftSensor\Emilie_SoftSensor\Raw_data_Plate\EEM\EEM_EG_Pavlovagyrans_raw_001_005_G9.csv","","reference workbook missing from local extraction"
"EG","Pavlovagyrans","1","6","B10","Plate","True","False","False","EEM only","C:\Users\nhadu\OneDrive - UTS\C3_UTS\Soft_Sensor_Loc\Emilie data\Raw_data\Emilie_SoftSensor\Emilie_SoftSensor\Raw_data_Plate\EEM\EEM_EG_Pavlovagyrans_raw_001_006_B10.csv","","reference workbook missing from local extraction"
"EG","Pavlovagyrans","1","6","B11","Plate","True","False","False","EEM only","C:\Users\nhadu\OneDrive - UTS\C3_UTS\Soft_Sensor_Loc\Emilie data\Raw_data\Emilie_SoftSensor\Emilie_SoftSensor\Raw_data_Plate\EEM\EEM_EG_Pavlovagyrans_raw_001_006_B11.csv","","reference workbook missing from local extraction"
"EG","Pavlovagyrans","1","6","B2","Plate","True","False","False","EEM only","C:\Users\nhadu\OneDrive - UTS\C3_UTS\Soft_Sensor_Loc\Emilie data\Raw_data\Emilie_SoftSensor\Emilie_SoftSensor\Raw_data_Plate\EEM\EEM_EG_Pavlovagyrans_raw_001_006_B2.csv","","reference workbook missing from local extraction"
"EG","Pavlovagyrans","1","6","B3","Plate","True","False","False","EEM only","C:\Users\nhadu\OneDrive - UTS\C3_UTS\Soft_Sensor_Loc\Emilie data\Raw_data\Emilie_SoftSensor\Emilie_SoftSensor\Raw_data_Plate\EEM\EEM_EG_Pavlovagyrans_raw_001_006_B3.csv","","reference workbook missing from local extraction"
"EG","Pavlovagyrans","1","6","B4","Plate","True","False","False","EEM only","C:\Users\nhadu\OneDrive - UTS\C3_UTS\Soft_Sensor_Loc\Emilie data\Raw_data\Emilie_SoftSensor\Emilie_SoftSensor\Raw_data_Plate\EEM\EEM_EG_Pavlovagyrans_raw_001_006_B4.csv","","reference workbook missing from local extraction"
"EG","Pavlovagyrans","1","6","B5","Plate","True","False","False","EEM only","C:\Users\nhadu\OneDrive - UTS\C3_UTS\Soft_Sensor_Loc\Emilie data\Raw_data\Emilie_SoftSensor\Emilie_SoftSensor\Raw_data_Plate\EEM\EEM_EG_Pavlovagyrans_raw_001_006_B5.csv","","reference workbook missing from local extraction"
"EG","Pavlovagyrans","1","6","B6","Plate","True","False","False","EEM only","C:\Users\nhadu\OneDrive - UTS\C3_UTS\Soft_Sensor_Loc\Emilie data\Raw_data\Emilie_SoftSensor\Emilie_SoftSensor\Raw_data_Plate\EEM\EEM_EG_Pavlovagyrans_raw_001_006_B6.csv","","reference workbook missing from local extraction"
"EG","Pavlovagyrans","1","6","B7","Plate","True","False","False","EEM only","C:\Users\nhadu\OneDrive - UTS\C3_UTS\Soft_Sensor_Loc\Emilie data\Raw_data\Emilie_SoftSensor\Emilie_SoftSensor\Raw_data_Plate\EEM\EEM_EG_Pavlovagyrans_raw_001_006_B7.csv","","reference workbook missing from local extraction"
"EG","Pavlovagyrans","1","6","B8","Plate","True","False","False","EEM only","C:\Users\nhadu\OneDrive - UTS\C3_UTS\Soft_Sensor_Loc\Emilie data\Raw_data\Emilie_SoftSensor\Emilie_SoftSensor\Raw_data_Plate\EEM\EEM_EG_Pavlovagyrans_raw_001_006_B8.csv","","reference workbook missing from local extraction"
"EG","Pavlovagyrans","1","6","B9","Plate","True","False","False","EEM only","C:\Users\nhadu\OneDrive - UTS\C3_UTS\Soft_Sensor_Loc\Emilie data\Raw_data\Emilie_SoftSensor\Emilie_SoftSensor\Raw_data_Plate\EEM\EEM_EG_Pavlovagyrans_raw_001_006_B9.csv","","reference workbook missing from local extraction"
"EG","Pavlovagyrans","1","6","C10","Plate","True","False","False","EEM only","C:\Users\nhadu\OneDrive - UTS\C3_UTS\Soft_Sensor_Loc\Emilie data\Raw_data\Emilie_SoftSensor\Emilie_SoftSensor\Raw_data_Plate\EEM\EEM_EG_Pavlovagyrans_raw_001_006_C10.csv","","reference workbook missing from local extraction"
"EG","Pavlovagyrans","1","6","C11","Plate","True","False","False","EEM only","C:\Users\nhadu\OneDrive - UTS\C3_UTS\Soft_Sensor_Loc\Emilie data\Raw_data\Emilie_SoftSensor\Emilie_SoftSensor\Raw_data_Plate\EEM\EEM_EG_Pavlovagyrans_raw_001_006_C11.csv","","reference workbook missing from local extraction"
"EG","Pavlovagyrans","1","6","C2","Plate","True","False","False","EEM only","C:\Users\nhadu\OneDrive - UTS\C3_UTS\Soft_Sensor_Loc\Emilie data\Raw_data\Emilie_SoftSensor\Emilie_SoftSensor\Raw_data_Plate\EEM\EEM_EG_Pavlovagyrans_raw_001_006_C2.csv","","reference workbook missing from local extraction"
"EG","Pavlovagyrans","1","6","C3","Plate","True","False","False","EEM only","C:\Users\nhadu\OneDrive - UTS\C3_UTS\Soft_Sensor_Loc\Emilie data\Raw_data\Emilie_SoftSensor\Emilie_SoftSensor\Raw_data_Plate\EEM\EEM_EG_Pavlovagyrans_raw_001_006_C3.csv","","reference workbook missing from local extraction"
"EG","Pavlovagyrans","1","6","C4","Plate","True","False","False","EEM only","C:\Users\nhadu\OneDrive - UTS\C3_UTS\Soft_Sensor_Loc\Emilie data\Raw_data\Emilie_SoftSensor\Emilie_SoftSensor\Raw_data_Plate\EEM\EEM_EG_Pavlovagyrans_raw_001_006_C4.csv","","reference workbook missing from local extraction"
"EG","Pavlovagyrans","1","6","C5","Plate","True","False","False","EEM only","C:\Users\nhadu\OneDrive - UTS\C3_UTS\Soft_Sensor_Loc\Emilie data\Raw_data\Emilie_SoftSensor\Emilie_SoftSensor\Raw_data_Plate\EEM\EEM_EG_Pavlovagyrans_raw_001_006_C5.csv","","reference workbook missing from local extraction"
"EG","Pavlovagyrans","1","6","C6","Plate","True","False","False","EEM only","C:\Users\nhadu\OneDrive - UTS\C3_UTS\Soft_Sensor_Loc\Emilie data\Raw_data\Emilie_SoftSensor\Emilie_SoftSensor\Raw_data_Plate\EEM\EEM_EG_Pavlovagyrans_raw_001_006_C6.csv","","reference workbook missing from local extraction"
"EG","Pavlovagyrans","1","6","C7","Plate","True","False","False","EEM only","C:\Users\nhadu\OneDrive - UTS\C3_UTS\Soft_Sensor_Loc\Emilie data\Raw_data\Emilie_SoftSensor\Emilie_SoftSensor\Raw_data_Plate\EEM\EEM_EG_Pavlovagyrans_raw_001_006_C7.csv","","reference workbook missing from local extraction"
"EG","Pavlovagyrans","1","6","C8","Plate","True","False","False","EEM only","C:\Users\nhadu\OneDrive - UTS\C3_UTS\Soft_Sensor_Loc\Emilie data\Raw_data\Emilie_SoftSensor\Emilie_SoftSensor\Raw_data_Plate\EEM\EEM_EG_Pavlovagyrans_raw_001_006_C8.csv","","reference workbook missing from local extraction"
"EG","Pavlovagyrans","1","6","C9","Plate","True","False","False","EEM only","C:\Users\nhadu\OneDrive - UTS\C3_UTS\Soft_Sensor_Loc\Emilie data\Raw_data\Emilie_SoftSensor\Emilie_SoftSensor\Raw_data_Plate\EEM\EEM_EG_Pavlovagyrans_raw_001_006_C9.csv","","reference workbook missing from local extraction"
"EG","Pavlovagyrans","1","6","D10","Plate","True","False","False","EEM only","C:\Users\nhadu\OneDrive - UTS\C3_UTS\Soft_Sensor_Loc\Emilie data\Raw_data\Emilie_SoftSensor\Emilie_SoftSensor\Raw_data_Plate\EEM\EEM_EG_Pavlovagyrans_raw_001_006_D10.csv","","reference workbook missing from local extraction"
"EG","Pavlovagyrans","1","6","D11","Plate","True","False","False","EEM only","C:\Users\nhadu\OneDrive - UTS\C3_UTS\Soft_Sensor_Loc\Emilie data\Raw_data\Emilie_SoftSensor\Emilie_SoftSensor\Raw_data_Plate\EEM\EEM_EG_Pavlovagyrans_raw_001_006_D11.csv","","reference workbook missing from local extraction"
"EG","Pavlovagyrans","1","6","D2","Plate","True","False","False","EEM only","C:\Users\nhadu\OneDrive - UTS\C3_UTS\Soft_Sensor_Loc\Emilie data\Raw_data\Emilie_SoftSensor\Emilie_SoftSensor\Raw_data_Plate\EEM\EEM_EG_Pavlovagyrans_raw_001_006_D2.csv","","reference workbook missing from local extraction"
"EG","Pavlovagyrans","1","6","D3","Plate","True","False","False","EEM only","C:\Users\nhadu\OneDrive - UTS\C3_UTS\Soft_Sensor_Loc\Emilie data\Raw_data\Emilie_SoftSensor\Emilie_SoftSensor\Raw_data_Plate\EEM\EEM_EG_Pavlovagyrans_raw_001_006_D3.csv","","reference workbook missing from local extraction"
"EG","Pavlovagyrans","1","6","D4","Plate","True","False","False","EEM only","C:\Users\nhadu\OneDrive - UTS\C3_UTS\Soft_Sensor_Loc\Emilie data\Raw_data\Emilie_SoftSensor\Emilie_SoftSensor\Raw_data_Plate\EEM\EEM_EG_Pavlovagyrans_raw_001_006_D4.csv","","reference workbook missing from local extraction"
"EG","Pavlovagyrans","1","6","D5","Plate","True","False","False","EEM only","C:\Users\nhadu\OneDrive - UTS\C3_UTS\Soft_Sensor_Loc\Emilie data\Raw_data\Emilie_SoftSensor\Emilie_SoftSensor\Raw_data_Plate\EEM\EEM_EG_Pavlovagyrans_raw_001_006_D5.csv","","reference workbook missing from local extraction"
"EG","Pavlovagyrans","1","6","D6","Plate","True","False","False","EEM only","C:\Users\nhadu\OneDrive - UTS\C3_UTS\Soft_Sensor_Loc\Emilie data\Raw_data\Emilie_SoftSensor\Emilie_SoftSensor\Raw_data_Plate\EEM\EEM_EG_Pavlovagyrans_raw_001_006_D6.csv","","reference workbook missing from local extraction"
"EG","Pavlovagyrans","1","6","D7","Plate","True","False","False","EEM only","C:\Users\nhadu\OneDrive - UTS\C3_UTS\Soft_Sensor_Loc\Emilie data\Raw_data\Emilie_SoftSensor\Emilie_SoftSensor\Raw_data_Plate\EEM\EEM_EG_Pavlovagyrans_raw_001_006_D7.csv","","reference workbook missing from local extraction"
"EG","Pavlovagyrans","1","6","D8","Plate","True","False","False","EEM only","C:\Users\nhadu\OneDrive - UTS\C3_UTS\Soft_Sensor_Loc\Emilie data\Raw_data\Emilie_SoftSensor\Emilie_SoftSensor\Raw_data_Plate\EEM\EEM_EG_Pavlovagyrans_raw_001_006_D8.csv","","reference workbook missing from local extraction"
"EG","Pavlovagyrans","1","6","D9","Plate","True","False","False","EEM only","C:\Users\nhadu\OneDrive - UTS\C3_UTS\Soft_Sensor_Loc\Emilie data\Raw_data\Emilie_SoftSensor\Emilie_SoftSensor\Raw_data_Plate\EEM\EEM_EG_Pavlovagyrans_raw_001_006_D9.csv","","reference workbook missing from local extraction"
"EG","Pavlovagyrans","1","6","E10","Plate","True","False","False","EEM only","C:\Users\nhadu\OneDrive - UTS\C3_UTS\Soft_Sensor_Loc\Emilie data\Raw_data\Emilie_SoftSensor\Emilie_SoftSensor\Raw_data_Plate\EEM\EEM_EG_Pavlovagyrans_raw_001_006_E10.csv","","reference workbook missing from local extraction"
"EG","Pavlovagyrans","1","6","E11","Plate","True","False","False","EEM only","C:\Users\nhadu\OneDrive - UTS\C3_UTS\Soft_Sensor_Loc\Emilie data\Raw_data\Emilie_SoftSensor\Emilie_SoftSensor\Raw_data_Plate\EEM\EEM_EG_Pavlovagyrans_raw_001_006_E11.csv","","reference workbook missing from local extraction"
"EG","Pavlovagyrans","1","6","E2","Plate","True","False","False","EEM only","C:\Users\nhadu\OneDrive - UTS\C3_UTS\Soft_Sensor_Loc\Emilie data\Raw_data\Emilie_SoftSensor\Emilie_SoftSensor\Raw_data_Plate\EEM\EEM_EG_Pavlovagyrans_raw_001_006_E2.csv","","reference workbook missing from local extraction"
"EG","Pavlovagyrans","1","6","E3","Plate","True","False","False","EEM only","C:\Users\nhadu\OneDrive - UTS\C3_UTS\Soft_Sensor_Loc\Emilie data\Raw_data\Emilie_SoftSensor\Emilie_SoftSensor\Raw_data_Plate\EEM\EEM_EG_Pavlovagyrans_raw_001_006_E3.csv","","reference workbook missing from local extraction"
"EG","Pavlovagyrans","1","6","E4","Plate","True","False","False","EEM only","C:\Users\nhadu\OneDrive - UTS\C3_UTS\Soft_Sensor_Loc\Emilie data\Raw_data\Emilie_SoftSensor\Emilie_SoftSensor\Raw_data_Plate\EEM\EEM_EG_Pavlovagyrans_raw_001_006_E4.csv","","reference workbook missing from local extraction"
"EG","Pavlovagyrans","1","6","E5","Plate","True","False","False","EEM only","C:\Users\nhadu\OneDrive - UTS\C3_UTS\Soft_Sensor_Loc\Emilie data\Raw_data\Emilie_SoftSensor\Emilie_SoftSensor\Raw_data_Plate\EEM\EEM_EG_Pavlovagyrans_raw_001_006_E5.csv","","reference workbook missing from local extraction"
"EG","Pavlovagyrans","1","6","E6","Plate","True","False","False","EEM only","C:\Users\nhadu\OneDrive - UTS\C3_UTS\Soft_Sensor_Loc\Emilie data\Raw_data\Emilie_SoftSensor\Emilie_SoftSensor\Raw_data_Plate\EEM\EEM_EG_Pavlovagyrans_raw_001_006_E6.csv","","reference workbook missing from local extraction"
"EG","Pavlovagyrans","1","6","E7","Plate","True","False","False","EEM only","C:\Users\nhadu\OneDrive - UTS\C3_UTS\Soft_Sensor_Loc\Emilie data\Raw_data\Emilie_SoftSensor\Emilie_SoftSensor\Raw_data_Plate\EEM\EEM_EG_Pavlovagyrans_raw_001_006_E7.csv","","reference workbook missing from local extraction"
"EG","Pavlovagyrans","1","6","E8","Plate","True","False","False","EEM only","C:\Users\nhadu\OneDrive - UTS\C3_UTS\Soft_Sensor_Loc\Emilie data\Raw_data\Emilie_SoftSensor\Emilie_SoftSensor\Raw_data_Plate\EEM\EEM_EG_Pavlovagyrans_raw_001_006_E8.csv","","reference workbook missing from local extraction"
"EG","Pavlovagyrans","1","6","E9","Plate","True","False","False","EEM only","C:\Users\nhadu\OneDrive - UTS\C3_UTS\Soft_Sensor_Loc\Emilie data\Raw_data\Emilie_SoftSensor\Emilie_SoftSensor\Raw_data_Plate\EEM\EEM_EG_Pavlovagyrans_raw_001_006_E9.csv","","reference workbook missing from local extraction"
"EG","Pavlovagyrans","1","6","F10","Plate","True","False","False","EEM only","C:\Users\nhadu\OneDrive - UTS\C3_UTS\Soft_Sensor_Loc\Emilie data\Raw_data\Emilie_SoftSensor\Emilie_SoftSensor\Raw_data_Plate\EEM\EEM_EG_Pavlovagyrans_raw_001_006_F10.csv","","reference workbook missing from local extraction"
"EG","Pavlovagyrans","1","6","F11","Plate","True","False","False","EEM only","C:\Users\nhadu\OneDrive - UTS\C3_UTS\Soft_Sensor_Loc\Emilie data\Raw_data\Emilie_SoftSensor\Emilie_SoftSensor\Raw_data_Plate\EEM\EEM_EG_Pavlovagyrans_raw_001_006_F11.csv","","reference workbook missing from local extraction"
"EG","Pavlovagyrans","1","6","F2","Plate","True","False","False","EEM only","C:\Users\nhadu\OneDrive - UTS\C3_UTS\Soft_Sensor_Loc\Emilie data\Raw_data\Emilie_SoftSensor\Emilie_SoftSensor\Raw_data_Plate\EEM\EEM_EG_Pavlovagyrans_raw_001_006_F2.csv","","reference workbook missing from local extraction"
"EG","Pavlovagyrans","1","6","F3","Plate","True","False","False","EEM only","C:\Users\nhadu\OneDrive - UTS\C3_UTS\Soft_Sensor_Loc\Emilie data\Raw_data\Emilie_SoftSensor\Emilie_SoftSensor\Raw_data_Plate\EEM\EEM_EG_Pavlovagyrans_raw_001_006_F3.csv","","reference workbook missing from local extraction"
"EG","Pavlovagyrans","1","6","F4","Plate","True","False","False","EEM only","C:\Users\nhadu\OneDrive - UTS\C3_UTS\Soft_Sensor_Loc\Emilie data\Raw_data\Emilie_SoftSensor\Emilie_SoftSensor\Raw_data_Plate\EEM\EEM_EG_Pavlovagyrans_raw_001_006_F4.csv","","reference workbook missing from local extraction"
"EG","Pavlovagyrans","1","6","F5","Plate","True","False","False","EEM only","C:\Users\nhadu\OneDrive - UTS\C3_UTS\Soft_Sensor_Loc\Emilie data\Raw_data\Emilie_SoftSensor\Emilie_SoftSensor\Raw_data_Plate\EEM\EEM_EG_Pavlovagyrans_raw_001_006_F5.csv","","reference workbook missing from local extraction"
"EG","Pavlovagyrans","1","6","F6","Plate","True","False","False","EEM only","C:\Users\nhadu\OneDrive - UTS\C3_UTS\Soft_Sensor_Loc\Emilie data\Raw_data\Emilie_SoftSensor\Emilie_SoftSensor\Raw_data_Plate\EEM\EEM_EG_Pavlovagyrans_raw_001_006_F6.csv","","reference workbook missing from local extraction"
"EG","Pavlovagyrans","1","6","F7","Plate","True","False","False","EEM only","C:\Users\nhadu\OneDrive - UTS\C3_UTS\Soft_Sensor_Loc\Emilie data\Raw_data\Emilie_SoftSensor\Emilie_SoftSensor\Raw_data_Plate\EEM\EEM_EG_Pavlovagyrans_raw_001_006_F7.csv","","reference workbook missing from local extraction"
"EG","Pavlovagyrans","1","6","F8","Plate","True","False","False","EEM only","C:\Users\nhadu\OneDrive - UTS\C3_UTS\Soft_Sensor_Loc\Emilie data\Raw_data\Emilie_SoftSensor\Emilie_SoftSensor\Raw_data_Plate\EEM\EEM_EG_Pavlovagyrans_raw_001_006_F8.csv","","reference workbook missing from local extraction"
"EG","Pavlovagyrans","1","6","F9","Plate","True","False","False","EEM only","C:\Users\nhadu\OneDrive - UTS\C3_UTS\Soft_Sensor_Loc\Emilie data\Raw_data\Emilie_SoftSensor\Emilie_SoftSensor\Raw_data_Plate\EEM\EEM_EG_Pavlovagyrans_raw_001_006_F9.csv","","reference workbook missing from local extraction"
"EG","Pavlovagyrans","1","6","G10","Plate","True","False","False","EEM only","C:\Users\nhadu\OneDrive - UTS\C3_UTS\Soft_Sensor_Loc\Emilie data\Raw_data\Emilie_SoftSensor\Emilie_SoftSensor\Raw_data_Plate\EEM\EEM_EG_Pavlovagyrans_raw_001_006_G10.csv","","reference workbook missing from local extraction"
"EG","Pavlovagyrans","1","6","G11","Plate","True","False","False","EEM only","C:\Users\nhadu\OneDrive - UTS\C3_UTS\Soft_Sensor_Loc\Emilie data\Raw_data\Emilie_SoftSensor\Emilie_SoftSensor\Raw_data_Plate\EEM\EEM_EG_Pavlovagyrans_raw_001_006_G11.csv","","reference workbook missing from local extraction"
"EG","Pavlovagyrans","1","6","G2","Plate","True","False","False","EEM only","C:\Users\nhadu\OneDrive - UTS\C3_UTS\Soft_Sensor_Loc\Emilie data\Raw_data\Emilie_SoftSensor\Emilie_SoftSensor\Raw_data_Plate\EEM\EEM_EG_Pavlovagyrans_raw_001_006_G2.csv","","reference workbook missing from local extraction"
"EG","Pavlovagyrans","1","6","G3","Plate","True","False","False","EEM only","C:\Users\nhadu\OneDrive - UTS\C3_UTS\Soft_Sensor_Loc\Emilie data\Raw_data\Emilie_SoftSensor\Emilie_SoftSensor\Raw_data_Plate\EEM\EEM_EG_Pavlovagyrans_raw_001_006_G3.csv","","reference workbook missing from local extraction"
"EG","Pavlovagyrans","1","6","G4","Plate","True","False","False","EEM only","C:\Users\nhadu\OneDrive - UTS\C3_UTS\Soft_Sensor_Loc\Emilie data\Raw_data\Emilie_SoftSensor\Emilie_SoftSensor\Raw_data_Plate\EEM\EEM_EG_Pavlovagyrans_raw_001_006_G4.csv","","reference workbook missing from local extraction"
"EG","Pavlovagyrans","1","6","G5","Plate","True","False","False","EEM only","C:\Users\nhadu\OneDrive - UTS\C3_UTS\Soft_Sensor_Loc\Emilie data\Raw_data\Emilie_SoftSensor\Emilie_SoftSensor\Raw_data_Plate\EEM\EEM_EG_Pavlovagyrans_raw_001_006_G5.csv","","reference workbook missing from local extraction"
"EG","Pavlovagyrans","1","6","G6","Plate","True","False","False","EEM only","C:\Users\nhadu\OneDrive - UTS\C3_UTS\Soft_Sensor_Loc\Emilie data\Raw_data\Emilie_SoftSensor\Emilie_SoftSensor\Raw_data_Plate\EEM\EEM_EG_Pavlovagyrans_raw_001_006_G6.csv","","reference workbook missing from local extraction"
"EG","Pavlovagyrans","1","6","G7","Plate","True","False","False","EEM only","C:\Users\nhadu\OneDrive - UTS\C3_UTS\Soft_Sensor_Loc\Emilie data\Raw_data\Emilie_SoftSensor\Emilie_SoftSensor\Raw_data_Plate\EEM\EEM_EG_Pavlovagyrans_raw_001_006_G7.csv","","reference workbook missing from local extraction"
"EG","Pavlovagyrans","1","6","G8","Plate","True","False","False","EEM only","C:\Users\nhadu\OneDrive - UTS\C3_UTS\Soft_Sensor_Loc\Emilie data\Raw_data\Emilie_SoftSensor\Emilie_SoftSensor\Raw_data_Plate\EEM\EEM_EG_Pavlovagyrans_raw_001_006_G8.csv","","reference workbook missing from local extraction"
"EG","Pavlovagyrans","1","6","G9","Plate","True","False","False","EEM only","C:\Users\nhadu\OneDrive - UTS\C3_UTS\Soft_Sensor_Loc\Emilie data\Raw_data\Emilie_SoftSensor\Emilie_SoftSensor\Raw_data_Plate\EEM\EEM_EG_Pavlovagyrans_raw_001_006_G9.csv","","reference workbook missing from local extraction"
"EG","Pavlovagyrans","1","7","B10","Plate","True","True","False","EEM+Raman","C:\Users\nhadu\OneDrive - UTS\C3_UTS\Soft_Sensor_Loc\Emilie data\Raw_data\Emilie_SoftSensor\Emilie_SoftSensor\Raw_data_Plate\EEM\EEM_EG_Pavlovagyrans_raw_001_007_B10.csv","C:\Users\nhadu\OneDrive - UTS\C3_UTS\Soft_Sensor_Loc\Emilie data\Raw_data\Emilie_SoftSensor\Emilie_SoftSensor\Raw_data_Plate\Raman\Raman_EG_Pavlovagyrans_raw_001_007_B10.CSV","reference workbook missing from local extraction"
"EG","Pavlovagyrans","1","7","B11","Plate","True","True","False","EEM+Raman","C:\Users\nhadu\OneDrive - UTS\C3_UTS\Soft_Sensor_Loc\Emilie data\Raw_data\Emilie_SoftSensor\Emilie_SoftSensor\Raw_data_Plate\EEM\EEM_EG_Pavlovagyrans_raw_001_007_B11.csv","C:\Users\nhadu\OneDrive - UTS\C3_UTS\Soft_Sensor_Loc\Emilie data\Raw_data\Emilie_SoftSensor\Emilie_SoftSensor\Raw_data_Plate\Raman\Raman_EG_Pavlovagyrans_raw_001_007_B11.CSV","reference workbook missing from local extraction"
"EG","Pavlovagyrans","1","7","B2","Plate","True","True","False","EEM+Raman","C:\Users\nhadu\OneDrive - UTS\C3_UTS\Soft_Sensor_Loc\Emilie data\Raw_data\Emilie_SoftSensor\Emilie_SoftSensor\Raw_data_Plate\EEM\EEM_EG_Pavlovagyrans_raw_001_007_B2.csv","C:\Users\nhadu\OneDrive - UTS\C3_UTS\Soft_Sensor_Loc\Emilie data\Raw_data\Emilie_SoftSensor\Emilie_SoftSensor\Raw_data_Plate\Raman\Raman_EG_Pavlovagyrans_raw_001_007_B2.CSV","reference workbook missing from local extraction"
"EG","Pavlovagyrans","1","7","B3","Plate","True","True","False","EEM+Raman","C:\Users\nhadu\OneDrive - UTS\C3_UTS\Soft_Sensor_Loc\Emilie data\Raw_data\Emilie_SoftSensor\Emilie_SoftSensor\Raw_data_Plate\EEM\EEM_EG_Pavlovagyrans_raw_001_007_B3.csv","C:\Users\nhadu\OneDrive - UTS\C3_UTS\Soft_Sensor_Loc\Emilie data\Raw_data\Emilie_SoftSensor\Emilie_SoftSensor\Raw_data_Plate\Raman\Raman_EG_Pavlovagyrans_raw_001_007_B3.CSV","reference workbook missing from local extraction"
"EG","Pavlovagyrans","1","7","B4","Plate","True","True","False","EEM+Raman","C:\Users\nhadu\OneDrive - UTS\C3_UTS\Soft_Sensor_Loc\Emilie data\Raw_data\Emilie_SoftSensor\Emilie_SoftSensor\Raw_data_Plate\EEM\EEM_EG_Pavlovagyrans_raw_001_007_B4.csv","C:\Users\nhadu\OneDrive - UTS\C3_UTS\Soft_Sensor_Loc\Emilie data\Raw_data\Emilie_SoftSensor\Emilie_SoftSensor\Raw_data_Plate\Raman\Raman_EG_Pavlovagyrans_raw_001_007_B4.CSV","reference workbook missing from local extraction"
"EG","Pavlovagyrans","1","7","B5","Plate","True","True","False","EEM+Raman","C:\Users\nhadu\OneDrive - UTS\C3_UTS\Soft_Sensor_Loc\Emilie data\Raw_data\Emilie_SoftSensor\Emilie_SoftSensor\Raw_data_Plate\EEM\EEM_EG_Pavlovagyrans_raw_001_007_B5.csv","C:\Users\nhadu\OneDrive - UTS\C3_UTS\Soft_Sensor_Loc\Emilie data\Raw_data\Emilie_SoftSensor\Emilie_SoftSensor\Raw_data_Plate\Raman\Raman_EG_Pavlovagyrans_raw_001_007_B5.CSV","reference workbook missing from local extraction"
"EG","Pavlovagyrans","1","7","B6","Plate","True","True","False","EEM+Raman","C:\Users\nhadu\OneDrive - UTS\C3_UTS\Soft_Sensor_Loc\Emilie data\Raw_data\Emilie_SoftSensor\Emilie_SoftSensor\Raw_data_Plate\EEM\EEM_EG_Pavlovagyrans_raw_001_007_B6.csv","C:\Users\nhadu\OneDrive - UTS\C3_UTS\Soft_Sensor_Loc\Emilie data\Raw_data\Emilie_SoftSensor\Emilie_SoftSensor\Raw_data_Plate\Raman\Raman_EG_Pavlovagyrans_raw_001_007_B6.CSV","reference workbook missing from local extraction"
"EG","Pavlovagyrans","1","7","B7","Plate","True","True","False","EEM+Raman","C:\Users\nhadu\OneDrive - UTS\C3_UTS\Soft_Sensor_Loc\Emilie data\Raw_data\Emilie_SoftSensor\Emilie_SoftSensor\Raw_data_Plate\EEM\EEM_EG_Pavlovagyrans_raw_001_007_B7.csv","C:\Users\nhadu\OneDrive - UTS\C3_UTS\Soft_Sensor_Loc\Emilie data\Raw_data\Emilie_SoftSensor\Emilie_SoftSensor\Raw_data_Plate\Raman\Raman_EG_Pavlovagyrans_raw_001_007_B7.CSV","reference workbook missing from local extraction"
"EG","Pavlovagyrans","1","7","B8","Plate","True","True","False","EEM+Raman","C:\Users\nhadu\OneDrive - UTS\C3_UTS\Soft_Sensor_Loc\Emilie data\Raw_data\Emilie_SoftSensor\Emilie_SoftSensor\Raw_data_Plate\EEM\EEM_EG_Pavlovagyrans_raw_001_007_B8.csv","C:\Users\nhadu\OneDrive - UTS\C3_UTS\Soft_Sensor_Loc\Emilie data\Raw_data\Emilie_SoftSensor\Emilie_SoftSensor\Raw_data_Plate\Raman\Raman_EG_Pavlovagyrans_raw_001_007_B8.CSV","reference workbook missing from local extraction"
"EG","Pavlovagyrans","1","7","B9","Plate","True","True","False","EEM+Raman","C:\Users\nhadu\OneDrive - UTS\C3_UTS\Soft_Sensor_Loc\Emilie data\Raw_data\Emilie_SoftSensor\Emilie_SoftSensor\Raw_data_Plate\EEM\EEM_EG_Pavlovagyrans_raw_001_007_B9.csv","C:\Users\nhadu\OneDrive - UTS\C3_UTS\Soft_Sensor_Loc\Emilie data\Raw_data\Emilie_SoftSensor\Emilie_SoftSensor\Raw_data_Plate\Raman\Raman_EG_Pavlovagyrans_raw_001_007_B9.CSV","reference workbook missing from local extraction"
"EG","Pavlovagyrans","1","7","C10","Plate","True","True","False","EEM+Raman","C:\Users\nhadu\OneDrive - UTS\C3_UTS\Soft_Sensor_Loc\Emilie data\Raw_data\Emilie_SoftSensor\Emilie_SoftSensor\Raw_data_Plate\EEM\EEM_EG_Pavlovagyrans_raw_001_007_C10.csv","C:\Users\nhadu\OneDrive - UTS\C3_UTS\Soft_Sensor_Loc\Emilie data\Raw_data\Emilie_SoftSensor\Emilie_SoftSensor\Raw_data_Plate\Raman\Raman_EG_Pavlovagyrans_raw_001_007_C10.CSV","reference workbook missing from local extraction"
"EG","Pavlovagyrans","1","7","C11","Plate","True","True","False","EEM+Raman","C:\Users\nhadu\OneDrive - UTS\C3_UTS\Soft_Sensor_Loc\Emilie data\Raw_data\Emilie_SoftSensor\Emilie_SoftSensor\Raw_data_Plate\EEM\EEM_EG_Pavlovagyrans_raw_001_007_C11.csv","C:\Users\nhadu\OneDrive - UTS\C3_UTS\Soft_Sensor_Loc\Emilie data\Raw_data\Emilie_SoftSensor\Emilie_SoftSensor\Raw_data_Plate\Raman\Raman_EG_Pavlovagyrans_raw_001_007_C11.CSV","reference workbook missing from local extraction"
"EG","Pavlovagyrans","1","7","C2","Plate","True","True","False","EEM+Raman","C:\Users\nhadu\OneDrive - UTS\C3_UTS\Soft_Sensor_Loc\Emilie data\Raw_data\Emilie_SoftSensor\Emilie_SoftSensor\Raw_data_Plate\EEM\EEM_EG_Pavlovagyrans_raw_001_007_C2.csv","C:\Users\nhadu\OneDrive - UTS\C3_UTS\Soft_Sensor_Loc\Emilie data\Raw_data\Emilie_SoftSensor\Emilie_SoftSensor\Raw_data_Plate\Raman\Raman_EG_Pavlovagyrans_raw_001_007_C2.CSV","reference workbook missing from local extraction"
"EG","Pavlovagyrans","1","7","C3","Plate","True","True","False","EEM+Raman","C:\Users\nhadu\OneDrive - UTS\C3_UTS\Soft_Sensor_Loc\Emilie data\Raw_data\Emilie_SoftSensor\Emilie_SoftSensor\Raw_data_Plate\EEM\EEM_EG_Pavlovagyrans_raw_001_007_C3.csv","C:\Users\nhadu\OneDrive - UTS\C3_UTS\Soft_Sensor_Loc\Emilie data\Raw_data\Emilie_SoftSensor\Emilie_SoftSensor\Raw_data_Plate\Raman\Raman_EG_Pavlovagyrans_raw_001_007_C3.CSV","reference workbook missing from local extraction"
"EG","Pavlovagyrans","1","7","C4","Plate","True","True","False","EEM+Raman","C:\Users\nhadu\OneDrive - UTS\C3_UTS\Soft_Sensor_Loc\Emilie data\Raw_data\Emilie_SoftSensor\Emilie_SoftSensor\Raw_data_Plate\EEM\EEM_EG_Pavlovagyrans_raw_001_007_C4.csv","C:\Users\nhadu\OneDrive - UTS\C3_UTS\Soft_Sensor_Loc\Emilie data\Raw_data\Emilie_SoftSensor\Emilie_SoftSensor\Raw_data_Plate\Raman\Raman_EG_Pavlovagyrans_raw_001_007_C4.CSV","reference workbook missing from local extraction"
"EG","Pavlovagyrans","1","7","C5","Plate","True","True","False","EEM+Raman","C:\Users\nhadu\OneDrive - UTS\C3_UTS\Soft_Sensor_Loc\Emilie data\Raw_data\Emilie_SoftSensor\Emilie_SoftSensor\Raw_data_Plate\EEM\EEM_EG_Pavlovagyrans_raw_001_007_C5.csv","C:\Users\nhadu\OneDrive - UTS\C3_UTS\Soft_Sensor_Loc\Emilie data\Raw_data\Emilie_SoftSensor\Emilie_SoftSensor\Raw_data_Plate\Raman\Raman_EG_Pavlovagyrans_raw_001_007_C5.CSV","reference workbook missing from local extraction"
"EG","Pavlovagyrans","1","7","C6","Plate","True","True","False","EEM+Raman","C:\Users\nhadu\OneDrive - UTS\C3_UTS\Soft_Sensor_Loc\Emilie data\Raw_data\Emilie_SoftSensor\Emilie_SoftSensor\Raw_data_Plate\EEM\EEM_EG_Pavlovagyrans_raw_001_007_C6.csv","C:\Users\nhadu\OneDrive - UTS\C3_UTS\Soft_Sensor_Loc\Emilie data\Raw_data\Emilie_SoftSensor\Emilie_SoftSensor\Raw_data_Plate\Raman\Raman_EG_Pavlovagyrans_raw_001_007_C6.CSV","reference workbook missing from local extraction"
"EG","Pavlovagyrans","1","7","C7","Plate","True","True","False","EEM+Raman","C:\Users\nhadu\OneDrive - UTS\C3_UTS\Soft_Sensor_Loc\Emilie data\Raw_data\Emilie_SoftSensor\Emilie_SoftSensor\Raw_data_Plate\EEM\EEM_EG_Pavlovagyrans_raw_001_007_C7.csv","C:\Users\nhadu\OneDrive - UTS\C3_UTS\Soft_Sensor_Loc\Emilie data\Raw_data\Emilie_SoftSensor\Emilie_SoftSensor\Raw_data_Plate\Raman\Raman_EG_Pavlovagyrans_raw_001_007_C7.CSV","reference workbook missing from local extraction"
"EG","Pavlovagyrans","1","7","C8","Plate","True","True","False","EEM+Raman","C:\Users\nhadu\OneDrive - UTS\C3_UTS\Soft_Sensor_Loc\Emilie data\Raw_data\Emilie_SoftSensor\Emilie_SoftSensor\Raw_data_Plate\EEM\EEM_EG_Pavlovagyrans_raw_001_007_C8.csv","C:\Users\nhadu\OneDrive - UTS\C3_UTS\Soft_Sensor_Loc\Emilie data\Raw_data\Emilie_SoftSensor\Emilie_SoftSensor\Raw_data_Plate\Raman\Raman_EG_Pavlovagyrans_raw_001_007_C8.CSV","reference workbook missing from local extraction"
"EG","Pavlovagyrans","1","7","C9","Plate","True","True","False","EEM+Raman","C:\Users\nhadu\OneDrive - UTS\C3_UTS\Soft_Sensor_Loc\Emilie data\Raw_data\Emilie_SoftSensor\Emilie_SoftSensor\Raw_data_Plate\EEM\EEM_EG_Pavlovagyrans_raw_001_007_C9.csv","C:\Users\nhadu\OneDrive - UTS\C3_UTS\Soft_Sensor_Loc\Emilie data\Raw_data\Emilie_SoftSensor\Emilie_SoftSensor\Raw_data_Plate\Raman\Raman_EG_Pavlovagyrans_raw_001_007_C9.CSV","reference workbook missing from local extraction"
"EG","Pavlovagyrans","1","7","D10","Plate","True","True","False","EEM+Raman","C:\Users\nhadu\OneDrive - UTS\C3_UTS\Soft_Sensor_Loc\Emilie data\Raw_data\Emilie_SoftSensor\Emilie_SoftSensor\Raw_data_Plate\EEM\EEM_EG_Pavlovagyrans_raw_001_007_D10.csv","C:\Users\nhadu\OneDrive - UTS\C3_UTS\Soft_Sensor_Loc\Emilie data\Raw_data\Emilie_SoftSensor\Emilie_SoftSensor\Raw_data_Plate\Raman\Raman_EG_Pavlovagyrans_raw_001_007_D10.CSV","reference workbook missing from local extraction"
"EG","Pavlovagyrans","1","7","D11","Plate","True","True","False","EEM+Raman","C:\Users\nhadu\OneDrive - UTS\C3_UTS\Soft_Sensor_Loc\Emilie data\Raw_data\Emilie_SoftSensor\Emilie_SoftSensor\Raw_data_Plate\EEM\EEM_EG_Pavlovagyrans_raw_001_007_D11.csv","C:\Users\nhadu\OneDrive - UTS\C3_UTS\Soft_Sensor_Loc\Emilie data\Raw_data\Emilie_SoftSensor\Emilie_SoftSensor\Raw_data_Plate\Raman\Raman_EG_Pavlovagyrans_raw_001_007_D11.CSV","reference workbook missing from local extraction"
"EG","Pavlovagyrans","1","7","D2","Plate","True","True","False","EEM+Raman","C:\Users\nhadu\OneDrive - UTS\C3_UTS\Soft_Sensor_Loc\Emilie data\Raw_data\Emilie_SoftSensor\Emilie_SoftSensor\Raw_data_Plate\EEM\EEM_EG_Pavlovagyrans_raw_001_007_D2.csv","C:\Users\nhadu\OneDrive - UTS\C3_UTS\Soft_Sensor_Loc\Emilie data\Raw_data\Emilie_SoftSensor\Emilie_SoftSensor\Raw_data_Plate\Raman\Raman_EG_Pavlovagyrans_raw_001_007_D2.CSV","reference workbook missing from local extraction"
"EG","Pavlovagyrans","1","7","D3","Plate","True","True","False","EEM+Raman","C:\Users\nhadu\OneDrive - UTS\C3_UTS\Soft_Sensor_Loc\Emilie data\Raw_data\Emilie_SoftSensor\Emilie_SoftSensor\Raw_data_Plate\EEM\EEM_EG_Pavlovagyrans_raw_001_007_D3.csv","C:\Users\nhadu\OneDrive - UTS\C3_UTS\Soft_Sensor_Loc\Emilie data\Raw_data\Emilie_SoftSensor\Emilie_SoftSensor\Raw_data_Plate\Raman\Raman_EG_Pavlovagyrans_raw_001_007_D3.CSV","reference workbook missing from local extraction"
"EG","Pavlovagyrans","1","7","D4","Plate","True","True","False","EEM+Raman","C:\Users\nhadu\OneDrive - UTS\C3_UTS\Soft_Sensor_Loc\Emilie data\Raw_data\Emilie_SoftSensor\Emilie_SoftSensor\Raw_data_Plate\EEM\EEM_EG_Pavlovagyrans_raw_001_007_D4.csv","C:\Users\nhadu\OneDrive - UTS\C3_UTS\Soft_Sensor_Loc\Emilie data\Raw_data\Emilie_SoftSensor\Emilie_SoftSensor\Raw_data_Plate\Raman\Raman_EG_Pavlovagyrans_raw_001_007_D4.CSV","reference workbook missing from local extraction"
"EG","Pavlovagyrans","1","7","D5","Plate","True","True","False","EEM+Raman","C:\Users\nhadu\OneDrive - UTS\C3_UTS\Soft_Sensor_Loc\Emilie data\Raw_data\Emilie_SoftSensor\Emilie_SoftSensor\Raw_data_Plate\EEM\EEM_EG_Pavlovagyrans_raw_001_007_D5.csv","C:\Users\nhadu\OneDrive - UTS\C3_UTS\Soft_Sensor_Loc\Emilie data\Raw_data\Emilie_SoftSensor\Emilie_SoftSensor\Raw_data_Plate\Raman\Raman_EG_Pavlovagyrans_raw_001_007_D5.CSV","reference workbook missing from local extraction"
"EG","Pavlovagyrans","1","7","D6","Plate","True","True","False","EEM+Raman","C:\Users\nhadu\OneDrive - UTS\C3_UTS\Soft_Sensor_Loc\Emilie data\Raw_data\Emilie_SoftSensor\Emilie_SoftSensor\Raw_data_Plate\EEM\EEM_EG_Pavlovagyrans_raw_001_007_D6.csv","C:\Users\nhadu\OneDrive - UTS\C3_UTS\Soft_Sensor_Loc\Emilie data\Raw_data\Emilie_SoftSensor\Emilie_SoftSensor\Raw_data_Plate\Raman\Raman_EG_Pavlovagyrans_raw_001_007_D6.CSV","reference workbook missing from local extraction"
"EG","Pavlovagyrans","1","7","D7","Plate","True","True","False","EEM+Raman","C:\Users\nhadu\OneDrive - UTS\C3_UTS\Soft_Sensor_Loc\Emilie data\Raw_data\Emilie_SoftSensor\Emilie_SoftSensor\Raw_data_Plate\EEM\EEM_EG_Pavlovagyrans_raw_001_007_D7.csv","C:\Users\nhadu\OneDrive - UTS\C3_UTS\Soft_Sensor_Loc\Emilie data\Raw_data\Emilie_SoftSensor\Emilie_SoftSensor\Raw_data_Plate\Raman\Raman_EG_Pavlovagyrans_raw_001_007_D7.CSV","reference workbook missing from local extraction"
"EG","Pavlovagyrans","1","7","D8","Plate","True","True","False","EEM+Raman","C:\Users\nhadu\OneDrive - UTS\C3_UTS\Soft_Sensor_Loc\Emilie data\Raw_data\Emilie_SoftSensor\Emilie_SoftSensor\Raw_data_Plate\EEM\EEM_EG_Pavlovagyrans_raw_001_007_D8.csv","C:\Users\nhadu\OneDrive - UTS\C3_UTS\Soft_Sensor_Loc\Emilie data\Raw_data\Emilie_SoftSensor\Emilie_SoftSensor\Raw_data_Plate\Raman\Raman_EG_Pavlovagyrans_raw_001_007_D8.CSV","reference workbook missing from local extraction"
"EG","Pavlovagyrans","1","7","D9","Plate","True","True","False","EEM+Raman","C:\Users\nhadu\OneDrive - UTS\C3_UTS\Soft_Sensor_Loc\Emilie data\Raw_data\Emilie_SoftSensor\Emilie_SoftSensor\Raw_data_Plate\EEM\EEM_EG_Pavlovagyrans_raw_001_007_D9.csv","C:\Users\nhadu\OneDrive - UTS\C3_UTS\Soft_Sensor_Loc\Emilie data\Raw_data\Emilie_SoftSensor\Emilie_SoftSensor\Raw_data_Plate\Raman\Raman_EG_Pavlovagyrans_raw_001_007_D9.CSV","reference workbook missing from local extraction"
"EG","Pavlovagyrans","1","7","E10","Plate","True","True","False","EEM+Raman","C:\Users\nhadu\OneDrive - UTS\C3_UTS\Soft_Sensor_Loc\Emilie data\Raw_data\Emilie_SoftSensor\Emilie_SoftSensor\Raw_data_Plate\EEM\EEM_EG_Pavlovagyrans_raw_001_007_E10.csv","C:\Users\nhadu\OneDrive - UTS\C3_UTS\Soft_Sensor_Loc\Emilie data\Raw_data\Emilie_SoftSensor\Emilie_SoftSensor\Raw_data_Plate\Raman\Raman_EG_Pavlovagyrans_raw_001_007_E10.CSV","reference workbook missing from local extraction"
"EG","Pavlovagyrans","1","7","E11","Plate","True","True","False","EEM+Raman","C:\Users\nhadu\OneDrive - UTS\C3_UTS\Soft_Sensor_Loc\Emilie data\Raw_data\Emilie_SoftSensor\Emilie_SoftSensor\Raw_data_Plate\EEM\EEM_EG_Pavlovagyrans_raw_001_007_E11.csv","C:\Users\nhadu\OneDrive - UTS\C3_UTS\Soft_Sensor_Loc\Emilie data\Raw_data\Emilie_SoftSensor\Emilie_SoftSensor\Raw_data_Plate\Raman\Raman_EG_Pavlovagyrans_raw_001_007_E11.CSV","reference workbook missing from local extraction"
"EG","Pavlovagyrans","1","7","E2","Plate","True","True","False","EEM+Raman","C:\Users\nhadu\OneDrive - UTS\C3_UTS\Soft_Sensor_Loc\Emilie data\Raw_data\Emilie_SoftSensor\Emilie_SoftSensor\Raw_data_Plate\EEM\EEM_EG_Pavlovagyrans_raw_001_007_E2.csv","C:\Users\nhadu\OneDrive - UTS\C3_UTS\Soft_Sensor_Loc\Emilie data\Raw_data\Emilie_SoftSensor\Emilie_SoftSensor\Raw_data_Plate\Raman\Raman_EG_Pavlovagyrans_raw_001_007_E2.CSV","reference workbook missing from local extraction"
"EG","Pavlovagyrans","1","7","E3","Plate","True","True","False","EEM+Raman","C:\Users\nhadu\OneDrive - UTS\C3_UTS\Soft_Sensor_Loc\Emilie data\Raw_data\Emilie_SoftSensor\Emilie_SoftSensor\Raw_data_Plate\EEM\EEM_EG_Pavlovagyrans_raw_001_007_E3.csv","C:\Users\nhadu\OneDrive - UTS\C3_UTS\Soft_Sensor_Loc\Emilie data\Raw_data\Emilie_SoftSensor\Emilie_SoftSensor\Raw_data_Plate\Raman\Raman_EG_Pavlovagyrans_raw_001_007_E3.CSV","reference workbook missing from local extraction"
"EG","Pavlovagyrans","1","7","E4","Plate","True","True","False","EEM+Raman","C:\Users\nhadu\OneDrive - UTS\C3_UTS\Soft_Sensor_Loc\Emilie data\Raw_data\Emilie_SoftSensor\Emilie_SoftSensor\Raw_data_Plate\EEM\EEM_EG_Pavlovagyrans_raw_001_007_E4.csv","C:\Users\nhadu\OneDrive - UTS\C3_UTS\Soft_Sensor_Loc\Emilie data\Raw_data\Emilie_SoftSensor\Emilie_SoftSensor\Raw_data_Plate\Raman\Raman_EG_Pavlovagyrans_raw_001_007_E4.CSV","reference workbook missing from local extraction"
"EG","Pavlovagyrans","1","7","E5","Plate","True","True","False","EEM+Raman","C:\Users\nhadu\OneDrive - UTS\C3_UTS\Soft_Sensor_Loc\Emilie data\Raw_data\Emilie_SoftSensor\Emilie_SoftSensor\Raw_data_Plate\EEM\EEM_EG_Pavlovagyrans_raw_001_007_E5.csv","C:\Users\nhadu\OneDrive - UTS\C3_UTS\Soft_Sensor_Loc\Emilie data\Raw_data\Emilie_SoftSensor\Emilie_SoftSensor\Raw_data_Plate\Raman\Raman_EG_Pavlovagyrans_raw_001_007_E5.CSV","reference workbook missing from local extraction"
"EG","Pavlovagyrans","1","7","E6","Plate","True","True","False","EEM+Raman","C:\Users\nhadu\OneDrive - UTS\C3_UTS\Soft_Sensor_Loc\Emilie data\Raw_data\Emilie_SoftSensor\Emilie_SoftSensor\Raw_data_Plate\EEM\EEM_EG_Pavlovagyrans_raw_001_007_E6.csv","C:\Users\nhadu\OneDrive - UTS\C3_UTS\Soft_Sensor_Loc\Emilie data\Raw_data\Emilie_SoftSensor\Emilie_SoftSensor\Raw_data_Plate\Raman\Raman_EG_Pavlovagyrans_raw_001_007_E6.CSV","reference workbook missing from local extraction"
"EG","Pavlovagyrans","1","7","E7","Plate","True","True","False","EEM+Raman","C:\Users\nhadu\OneDrive - UTS\C3_UTS\Soft_Sensor_Loc\Emilie data\Raw_data\Emilie_SoftSensor\Emilie_SoftSensor\Raw_data_Plate\EEM\EEM_EG_Pavlovagyrans_raw_001_007_E7.csv","C:\Users\nhadu\OneDrive - UTS\C3_UTS\Soft_Sensor_Loc\Emilie data\Raw_data\Emilie_SoftSensor\Emilie_SoftSensor\Raw_data_Plate\Raman\Raman_EG_Pavlovagyrans_raw_001_007_E7.CSV","reference workbook missing from local extraction"
"EG","Pavlovagyrans","1","7","E8","Plate","True","True","False","EEM+Raman","C:\Users\nhadu\OneDrive - UTS\C3_UTS\Soft_Sensor_Loc\Emilie data\Raw_data\Emilie_SoftSensor\Emilie_SoftSensor\Raw_data_Plate\EEM\EEM_EG_Pavlovagyrans_raw_001_007_E8.csv","C:\Users\nhadu\OneDrive - UTS\C3_UTS\Soft_Sensor_Loc\Emilie data\Raw_data\Emilie_SoftSensor\Emilie_SoftSensor\Raw_data_Plate\Raman\Raman_EG_Pavlovagyrans_raw_001_007_E8.CSV","reference workbook missing from local extraction"
"EG","Pavlovagyrans","1","7","E9","Plate","True","True","False","EEM+Raman","C:\Users\nhadu\OneDrive - UTS\C3_UTS\Soft_Sensor_Loc\Emilie data\Raw_data\Emilie_SoftSensor\Emilie_SoftSensor\Raw_data_Plate\EEM\EEM_EG_Pavlovagyrans_raw_001_007_E9.csv","C:\Users\nhadu\OneDrive - UTS\C3_UTS\Soft_Sensor_Loc\Emilie data\Raw_data\Emilie_SoftSensor\Emilie_SoftSensor\Raw_data_Plate\Raman\Raman_EG_Pavlovagyrans_raw_001_007_E9.CSV","reference workbook missing from local extraction"
"EG","Pavlovagyrans","1","7","F10","Plate","True","True","False","EEM+Raman","C:\Users\nhadu\OneDrive - UTS\C3_UTS\Soft_Sensor_Loc\Emilie data\Raw_data\Emilie_SoftSensor\Emilie_SoftSensor\Raw_data_Plate\EEM\EEM_EG_Pavlovagyrans_raw_001_007_F10.csv","C:\Users\nhadu\OneDrive - UTS\C3_UTS\Soft_Sensor_Loc\Emilie data\Raw_data\Emilie_SoftSensor\Emilie_SoftSensor\Raw_data_Plate\Raman\Raman_EG_Pavlovagyrans_raw_001_007_F10.CSV","reference workbook missing from local extraction"
"EG","Pavlovagyrans","1","7","F11","Plate","True","True","False","EEM+Raman","C:\Users\nhadu\OneDrive - UTS\C3_UTS\Soft_Sensor_Loc\Emilie data\Raw_data\Emilie_SoftSensor\Emilie_SoftSensor\Raw_data_Plate\EEM\EEM_EG_Pavlovagyrans_raw_001_007_F11.csv","C:\Users\nhadu\OneDrive - UTS\C3_UTS\Soft_Sensor_Loc\Emilie data\Raw_data\Emilie_SoftSensor\Emilie_SoftSensor\Raw_data_Plate\Raman\Raman_EG_Pavlovagyrans_raw_001_007_F11.CSV","reference workbook missing from local extraction"
"EG","Pavlovagyrans","1","7","F2","Plate","True","True","False","EEM+Raman","C:\Users\nhadu\OneDrive - UTS\C3_UTS\Soft_Sensor_Loc\Emilie data\Raw_data\Emilie_SoftSensor\Emilie_SoftSensor\Raw_data_Plate\EEM\EEM_EG_Pavlovagyrans_raw_001_007_F2.csv","C:\Users\nhadu\OneDrive - UTS\C3_UTS\Soft_Sensor_Loc\Emilie data\Raw_data\Emilie_SoftSensor\Emilie_SoftSensor\Raw_data_Plate\Raman\Raman_EG_Pavlovagyrans_raw_001_007_F2.CSV","reference workbook missing from local extraction"
"EG","Pavlovagyrans","1","7","F3","Plate","True","True","False","EEM+Raman","C:\Users\nhadu\OneDrive - UTS\C3_UTS\Soft_Sensor_Loc\Emilie data\Raw_data\Emilie_SoftSensor\Emilie_SoftSensor\Raw_data_Plate\EEM\EEM_EG_Pavlovagyrans_raw_001_007_F3.csv","C:\Users\nhadu\OneDrive - UTS\C3_UTS\Soft_Sensor_Loc\Emilie data\Raw_data\Emilie_SoftSensor\Emilie_SoftSensor\Raw_data_Plate\Raman\Raman_EG_Pavlovagyrans_raw_001_007_F3.CSV","reference workbook missing from local extraction"
"EG","Pavlovagyrans","1","7","F4","Plate","True","True","False","EEM+Raman","C:\Users\nhadu\OneDrive - UTS\C3_UTS\Soft_Sensor_Loc\Emilie data\Raw_data\Emilie_SoftSensor\Emilie_SoftSensor\Raw_data_Plate\EEM\EEM_EG_Pavlovagyrans_raw_001_007_F4.csv","C:\Users\nhadu\OneDrive - UTS\C3_UTS\Soft_Sensor_Loc\Emilie data\Raw_data\Emilie_SoftSensor\Emilie_SoftSensor\Raw_data_Plate\Raman\Raman_EG_Pavlovagyrans_raw_001_007_F4.CSV","reference workbook missing from local extraction"
"EG","Pavlovagyrans","1","7","F5","Plate","True","False","False","EEM only","C:\Users\nhadu\OneDrive - UTS\C3_UTS\Soft_Sensor_Loc\Emilie data\Raw_data\Emilie_SoftSensor\Emilie_SoftSensor\Raw_data_Plate\EEM\EEM_EG_Pavlovagyrans_raw_001_007_F5.csv","","reference workbook missing from local extraction"
"EG","Pavlovagyrans","1","7","F6","Plate","True","False","False","EEM only","C:\Users\nhadu\OneDrive - UTS\C3_UTS\Soft_Sensor_Loc\Emilie data\Raw_data\Emilie_SoftSensor\Emilie_SoftSensor\Raw_data_Plate\EEM\EEM_EG_Pavlovagyrans_raw_001_007_F6.csv","","reference workbook missing from local extraction"
"EG","Pavlovagyrans","1","7","F7","Plate","True","False","False","EEM only","C:\Users\nhadu\OneDrive - UTS\C3_UTS\Soft_Sensor_Loc\Emilie data\Raw_data\Emilie_SoftSensor\Emilie_SoftSensor\Raw_data_Plate\EEM\EEM_EG_Pavlovagyrans_raw_001_007_F7.csv","","reference workbook missing from local extraction"
"EG","Pavlovagyrans","1","7","F8","Plate","True","False","False","EEM only","C:\Users\nhadu\OneDrive - UTS\C3_UTS\Soft_Sensor_Loc\Emilie data\Raw_data\Emilie_SoftSensor\Emilie_SoftSensor\Raw_data_Plate\EEM\EEM_EG_Pavlovagyrans_raw_001_007_F8.csv","","reference workbook missing from local extraction"
"EG","Pavlovagyrans","1","7","F9","Plate","True","False","False","EEM only","C:\Users\nhadu\OneDrive - UTS\C3_UTS\Soft_Sensor_Loc\Emilie data\Raw_data\Emilie_SoftSensor\Emilie_SoftSensor\Raw_data_Plate\EEM\EEM_EG_Pavlovagyrans_raw_001_007_F9.csv","","reference workbook missing from local extraction"
"EG","Pavlovagyrans","1","7","G10","Plate","True","False","False","EEM only","C:\Users\nhadu\OneDrive - UTS\C3_UTS\Soft_Sensor_Loc\Emilie data\Raw_data\Emilie_SoftSensor\Emilie_SoftSensor\Raw_data_Plate\EEM\EEM_EG_Pavlovagyrans_raw_001_007_G10.csv","","reference workbook missing from local extraction"
"EG","Pavlovagyrans","1","7","G11","Plate","True","False","False","EEM only","C:\Users\nhadu\OneDrive - UTS\C3_UTS\Soft_Sensor_Loc\Emilie data\Raw_data\Emilie_SoftSensor\Emilie_SoftSensor\Raw_data_Plate\EEM\EEM_EG_Pavlovagyrans_raw_001_007_G11.csv","","reference workbook missing from local extraction"
"EG","Pavlovagyrans","1","7","G2","Plate","True","False","False","EEM only","C:\Users\nhadu\OneDrive - UTS\C3_UTS\Soft_Sensor_Loc\Emilie data\Raw_data\Emilie_SoftSensor\Emilie_SoftSensor\Raw_data_Plate\EEM\EEM_EG_Pavlovagyrans_raw_001_007_G2.csv","","reference workbook missing from local extraction"
"EG","Pavlovagyrans","1","7","G3","Plate","True","False","False","EEM only","C:\Users\nhadu\OneDrive - UTS\C3_UTS\Soft_Sensor_Loc\Emilie data\Raw_data\Emilie_SoftSensor\Emilie_SoftSensor\Raw_data_Plate\EEM\EEM_EG_Pavlovagyrans_raw_001_007_G3.csv","","reference workbook missing from local extraction"
"EG","Pavlovagyrans","1","7","G4","Plate","True","False","False","EEM only","C:\Users\nhadu\OneDrive - UTS\C3_UTS\Soft_Sensor_Loc\Emilie data\Raw_data\Emilie_SoftSensor\Emilie_SoftSensor\Raw_data_Plate\EEM\EEM_EG_Pavlovagyrans_raw_001_007_G4.csv","","reference workbook missing from local extraction"
"EG","Pavlovagyrans","1","7","G5","Plate","True","False","False","EEM only","C:\Users\nhadu\OneDrive - UTS\C3_UTS\Soft_Sensor_Loc\Emilie data\Raw_data\Emilie_SoftSensor\Emilie_SoftSensor\Raw_data_Plate\EEM\EEM_EG_Pavlovagyrans_raw_001_007_G5.csv","","reference workbook missing from local extraction"
"EG","Pavlovagyrans","1","7","G6","Plate","True","False","False","EEM only","C:\Users\nhadu\OneDrive - UTS\C3_UTS\Soft_Sensor_Loc\Emilie data\Raw_data\Emilie_SoftSensor\Emilie_SoftSensor\Raw_data_Plate\EEM\EEM_EG_Pavlovagyrans_raw_001_007_G6.csv","","reference workbook missing from local extraction"
"EG","Pavlovagyrans","1","7","G7","Plate","True","False","False","EEM only","C:\Users\nhadu\OneDrive - UTS\C3_UTS\Soft_Sensor_Loc\Emilie data\Raw_data\Emilie_SoftSensor\Emilie_SoftSensor\Raw_data_Plate\EEM\EEM_EG_Pavlovagyrans_raw_001_007_G7.csv","","reference workbook missing from local extraction"
"EG","Pavlovagyrans","1","7","G8","Plate","True","False","False","EEM only","C:\Users\nhadu\OneDrive - UTS\C3_UTS\Soft_Sensor_Loc\Emilie data\Raw_data\Emilie_SoftSensor\Emilie_SoftSensor\Raw_data_Plate\EEM\EEM_EG_Pavlovagyrans_raw_001_007_G8.csv","","reference workbook missing from local extraction"
"EG","Pavlovagyrans","1","7","G9","Plate","True","False","False","EEM only","C:\Users\nhadu\OneDrive - UTS\C3_UTS\Soft_Sensor_Loc\Emilie data\Raw_data\Emilie_SoftSensor\Emilie_SoftSensor\Raw_data_Plate\EEM\EEM_EG_Pavlovagyrans_raw_001_007_G9.csv","","reference workbook missing from local extraction"
"EG","Pavlovagyrans","1","8","B10","Plate","True","False","False","EEM only","C:\Users\nhadu\OneDrive - UTS\C3_UTS\Soft_Sensor_Loc\Emilie data\Raw_data\Emilie_SoftSensor\Emilie_SoftSensor\Raw_data_Plate\EEM\EEM_EG_Pavlovagyrans_raw_001_008_B10.csv","","reference workbook missing from local extraction"
"EG","Pavlovagyrans","1","8","B11","Plate","True","False","False","EEM only","C:\Users\nhadu\OneDrive - UTS\C3_UTS\Soft_Sensor_Loc\Emilie data\Raw_data\Emilie_SoftSensor\Emilie_SoftSensor\Raw_data_Plate\EEM\EEM_EG_Pavlovagyrans_raw_001_008_B11.csv","","reference workbook missing from local extraction"
"EG","Pavlovagyrans","1","8","B2","Plate","True","False","False","EEM only","C:\Users\nhadu\OneDrive - UTS\C3_UTS\Soft_Sensor_Loc\Emilie data\Raw_data\Emilie_SoftSensor\Emilie_SoftSensor\Raw_data_Plate\EEM\EEM_EG_Pavlovagyrans_raw_001_008_B2.csv","","reference workbook missing from local extraction"
"EG","Pavlovagyrans","1","8","B3","Plate","True","False","False","EEM only","C:\Users\nhadu\OneDrive - UTS\C3_UTS\Soft_Sensor_Loc\Emilie data\Raw_data\Emilie_SoftSensor\Emilie_SoftSensor\Raw_data_Plate\EEM\EEM_EG_Pavlovagyrans_raw_001_008_B3.csv","","reference workbook missing from local extraction"
"EG","Pavlovagyrans","1","8","B4","Plate","True","False","False","EEM only","C:\Users\nhadu\OneDrive - UTS\C3_UTS\Soft_Sensor_Loc\Emilie data\Raw_data\Emilie_SoftSensor\Emilie_SoftSensor\Raw_data_Plate\EEM\EEM_EG_Pavlovagyrans_raw_001_008_B4.csv","","reference workbook missing from local extraction"
"EG","Pavlovagyrans","1","8","B5","Plate","True","False","False","EEM only","C:\Users\nhadu\OneDrive - UTS\C3_UTS\Soft_Sensor_Loc\Emilie data\Raw_data\Emilie_SoftSensor\Emilie_SoftSensor\Raw_data_Plate\EEM\EEM_EG_Pavlovagyrans_raw_001_008_B5.csv","","reference workbook missing from local extraction"
"EG","Pavlovagyrans","1","8","B6","Plate","True","False","False","EEM only","C:\Users\nhadu\OneDrive - UTS\C3_UTS\Soft_Sensor_Loc\Emilie data\Raw_data\Emilie_SoftSensor\Emilie_SoftSensor\Raw_data_Plate\EEM\EEM_EG_Pavlovagyrans_raw_001_008_B6.csv","","reference workbook missing from local extraction"
"EG","Pavlovagyrans","1","8","B7","Plate","True","False","False","EEM only","C:\Users\nhadu\OneDrive - UTS\C3_UTS\Soft_Sensor_Loc\Emilie data\Raw_data\Emilie_SoftSensor\Emilie_SoftSensor\Raw_data_Plate\EEM\EEM_EG_Pavlovagyrans_raw_001_008_B7.csv","","reference workbook missing from local extraction"
"EG","Pavlovagyrans","1","8","B8","Plate","True","False","False","EEM only","C:\Users\nhadu\OneDrive - UTS\C3_UTS\Soft_Sensor_Loc\Emilie data\Raw_data\Emilie_SoftSensor\Emilie_SoftSensor\Raw_data_Plate\EEM\EEM_EG_Pavlovagyrans_raw_001_008_B8.csv","","reference workbook missing from local extraction"
"EG","Pavlovagyrans","1","8","B9","Plate","True","False","False","EEM only","C:\Users\nhadu\OneDrive - UTS\C3_UTS\Soft_Sensor_Loc\Emilie data\Raw_data\Emilie_SoftSensor\Emilie_SoftSensor\Raw_data_Plate\EEM\EEM_EG_Pavlovagyrans_raw_001_008_B9.csv","","reference workbook missing from local extraction"
"EG","Pavlovagyrans","1","8","C10","Plate","True","False","False","EEM only","C:\Users\nhadu\OneDrive - UTS\C3_UTS\Soft_Sensor_Loc\Emilie data\Raw_data\Emilie_SoftSensor\Emilie_SoftSensor\Raw_data_Plate\EEM\EEM_EG_Pavlovagyrans_raw_001_008_C10.csv","","reference workbook missing from local extraction"
"EG","Pavlovagyrans","1","8","C11","Plate","True","False","False","EEM only","C:\Users\nhadu\OneDrive - UTS\C3_UTS\Soft_Sensor_Loc\Emilie data\Raw_data\Emilie_SoftSensor\Emilie_SoftSensor\Raw_data_Plate\EEM\EEM_EG_Pavlovagyrans_raw_001_008_C11.csv","","reference workbook missing from local extraction"
"EG","Pavlovagyrans","1","8","C2","Plate","True","False","False","EEM only","C:\Users\nhadu\OneDrive - UTS\C3_UTS\Soft_Sensor_Loc\Emilie data\Raw_data\Emilie_SoftSensor\Emilie_SoftSensor\Raw_data_Plate\EEM\EEM_EG_Pavlovagyrans_raw_001_008_C2.csv","","reference workbook missing from local extraction"
"EG","Pavlovagyrans","1","8","C3","Plate","True","False","False","EEM only","C:\Users\nhadu\OneDrive - UTS\C3_UTS\Soft_Sensor_Loc\Emilie data\Raw_data\Emilie_SoftSensor\Emilie_SoftSensor\Raw_data_Plate\EEM\EEM_EG_Pavlovagyrans_raw_001_008_C3.csv","","reference workbook missing from local extraction"
"EG","Pavlovagyrans","1","8","C4","Plate","True","False","False","EEM only","C:\Users\nhadu\OneDrive - UTS\C3_UTS\Soft_Sensor_Loc\Emilie data\Raw_data\Emilie_SoftSensor\Emilie_SoftSensor\Raw_data_Plate\EEM\EEM_EG_Pavlovagyrans_raw_001_008_C4.csv","","reference workbook missing from local extraction"
"EG","Pavlovagyrans","1","8","C5","Plate","True","False","False","EEM only","C:\Users\nhadu\OneDrive - UTS\C3_UTS\Soft_Sensor_Loc\Emilie data\Raw_data\Emilie_SoftSensor\Emilie_SoftSensor\Raw_data_Plate\EEM\EEM_EG_Pavlovagyrans_raw_001_008_C5.csv","","reference workbook missing from local extraction"
"EG","Pavlovagyrans","1","8","C6","Plate","True","False","False","EEM only","C:\Users\nhadu\OneDrive - UTS\C3_UTS\Soft_Sensor_Loc\Emilie data\Raw_data\Emilie_SoftSensor\Emilie_SoftSensor\Raw_data_Plate\EEM\EEM_EG_Pavlovagyrans_raw_001_008_C6.csv","","reference workbook missing from local extraction"
"EG","Pavlovagyrans","1","8","C7","Plate","True","False","False","EEM only","C:\Users\nhadu\OneDrive - UTS\C3_UTS\Soft_Sensor_Loc\Emilie data\Raw_data\Emilie_SoftSensor\Emilie_SoftSensor\Raw_data_Plate\EEM\EEM_EG_Pavlovagyrans_raw_001_008_C7.csv","","reference workbook missing from local extraction"
"EG","Pavlovagyrans","1","8","C8","Plate","True","False","False","EEM only","C:\Users\nhadu\OneDrive - UTS\C3_UTS\Soft_Sensor_Loc\Emilie data\Raw_data\Emilie_SoftSensor\Emilie_SoftSensor\Raw_data_Plate\EEM\EEM_EG_Pavlovagyrans_raw_001_008_C8.csv","","reference workbook missing from local extraction"
"EG","Pavlovagyrans","1","8","C9","Plate","True","False","False","EEM only","C:\Users\nhadu\OneDrive - UTS\C3_UTS\Soft_Sensor_Loc\Emilie data\Raw_data\Emilie_SoftSensor\Emilie_SoftSensor\Raw_data_Plate\EEM\EEM_EG_Pavlovagyrans_raw_001_008_C9.csv","","reference workbook missing from local extraction"
"EG","Pavlovagyrans","1","8","D10","Plate","True","True","False","EEM+Raman","C:\Users\nhadu\OneDrive - UTS\C3_UTS\Soft_Sensor_Loc\Emilie data\Raw_data\Emilie_SoftSensor\Emilie_SoftSensor\Raw_data_Plate\EEM\EEM_EG_Pavlovagyrans_raw_001_008_D10.csv","C:\Users\nhadu\OneDrive - UTS\C3_UTS\Soft_Sensor_Loc\Emilie data\Raw_data\Emilie_SoftSensor\Emilie_SoftSensor\Raw_data_Plate\Raman\Raman_EG_Pavlovagyrans_raw_001_008_D10.CSV","reference workbook missing from local extraction"
"EG","Pavlovagyrans","1","8","D11","Plate","True","True","False","EEM+Raman","C:\Users\nhadu\OneDrive - UTS\C3_UTS\Soft_Sensor_Loc\Emilie data\Raw_data\Emilie_SoftSensor\Emilie_SoftSensor\Raw_data_Plate\EEM\EEM_EG_Pavlovagyrans_raw_001_008_D11.csv","C:\Users\nhadu\OneDrive - UTS\C3_UTS\Soft_Sensor_Loc\Emilie data\Raw_data\Emilie_SoftSensor\Emilie_SoftSensor\Raw_data_Plate\Raman\Raman_EG_Pavlovagyrans_raw_001_008_D11.CSV","reference workbook missing from local extraction"
"EG","Pavlovagyrans","1","8","D2","Plate","True","True","False","EEM+Raman","C:\Users\nhadu\OneDrive - UTS\C3_UTS\Soft_Sensor_Loc\Emilie data\Raw_data\Emilie_SoftSensor\Emilie_SoftSensor\Raw_data_Plate\EEM\EEM_EG_Pavlovagyrans_raw_001_008_D2.csv","C:\Users\nhadu\OneDrive - UTS\C3_UTS\Soft_Sensor_Loc\Emilie data\Raw_data\Emilie_SoftSensor\Emilie_SoftSensor\Raw_data_Plate\Raman\Raman_EG_Pavlovagyrans_raw_001_008_D2.CSV","reference workbook missing from local extraction"
"EG","Pavlovagyrans","1","8","D3","Plate","True","True","False","EEM+Raman","C:\Users\nhadu\OneDrive - UTS\C3_UTS\Soft_Sensor_Loc\Emilie data\Raw_data\Emilie_SoftSensor\Emilie_SoftSensor\Raw_data_Plate\EEM\EEM_EG_Pavlovagyrans_raw_001_008_D3.csv","C:\Users\nhadu\OneDrive - UTS\C3_UTS\Soft_Sensor_Loc\Emilie data\Raw_data\Emilie_SoftSensor\Emilie_SoftSensor\Raw_data_Plate\Raman\Raman_EG_Pavlovagyrans_raw_001_008_D3.CSV","reference workbook missing from local extraction"
"EG","Pavlovagyrans","1","8","D4","Plate","True","True","False","EEM+Raman","C:\Users\nhadu\OneDrive - UTS\C3_UTS\Soft_Sensor_Loc\Emilie data\Raw_data\Emilie_SoftSensor\Emilie_SoftSensor\Raw_data_Plate\EEM\EEM_EG_Pavlovagyrans_raw_001_008_D4.csv","C:\Users\nhadu\OneDrive - UTS\C3_UTS\Soft_Sensor_Loc\Emilie data\Raw_data\Emilie_SoftSensor\Emilie_SoftSensor\Raw_data_Plate\Raman\Raman_EG_Pavlovagyrans_raw_001_008_D4.CSV","reference workbook missing from local extraction"
"EG","Pavlovagyrans","1","8","D5","Plate","True","True","False","EEM+Raman","C:\Users\nhadu\OneDrive - UTS\C3_UTS\Soft_Sensor_Loc\Emilie data\Raw_data\Emilie_SoftSensor\Emilie_SoftSensor\Raw_data_Plate\EEM\EEM_EG_Pavlovagyrans_raw_001_008_D5.csv","C:\Users\nhadu\OneDrive - UTS\C3_UTS\Soft_Sensor_Loc\Emilie data\Raw_data\Emilie_SoftSensor\Emilie_SoftSensor\Raw_data_Plate\Raman\Raman_EG_Pavlovagyrans_raw_001_008_D5.CSV","reference workbook missing from local extraction"
"EG","Pavlovagyrans","1","8","D6","Plate","True","True","False","EEM+Raman","C:\Users\nhadu\OneDrive - UTS\C3_UTS\Soft_Sensor_Loc\Emilie data\Raw_data\Emilie_SoftSensor\Emilie_SoftSensor\Raw_data_Plate\EEM\EEM_EG_Pavlovagyrans_raw_001_008_D6.csv","C:\Users\nhadu\OneDrive - UTS\C3_UTS\Soft_Sensor_Loc\Emilie data\Raw_data\Emilie_SoftSensor\Emilie_SoftSensor\Raw_data_Plate\Raman\Raman_EG_Pavlovagyrans_raw_001_008_D6.CSV","reference workbook missing from local extraction"
"EG","Pavlovagyrans","1","8","D7","Plate","True","True","False","EEM+Raman","C:\Users\nhadu\OneDrive - UTS\C3_UTS\Soft_Sensor_Loc\Emilie data\Raw_data\Emilie_SoftSensor\Emilie_SoftSensor\Raw_data_Plate\EEM\EEM_EG_Pavlovagyrans_raw_001_008_D7.csv","C:\Users\nhadu\OneDrive - UTS\C3_UTS\Soft_Sensor_Loc\Emilie data\Raw_data\Emilie_SoftSensor\Emilie_SoftSensor\Raw_data_Plate\Raman\Raman_EG_Pavlovagyrans_raw_001_008_D7.CSV","reference workbook missing from local extraction"
"EG","Pavlovagyrans","1","8","D8","Plate","True","True","False","EEM+Raman","C:\Users\nhadu\OneDrive - UTS\C3_UTS\Soft_Sensor_Loc\Emilie data\Raw_data\Emilie_SoftSensor\Emilie_SoftSensor\Raw_data_Plate\EEM\EEM_EG_Pavlovagyrans_raw_001_008_D8.csv","C:\Users\nhadu\OneDrive - UTS\C3_UTS\Soft_Sensor_Loc\Emilie data\Raw_data\Emilie_SoftSensor\Emilie_SoftSensor\Raw_data_Plate\Raman\Raman_EG_Pavlovagyrans_raw_001_008_D8.CSV","reference workbook missing from local extraction"
"EG","Pavlovagyrans","1","8","D9","Plate","True","True","False","EEM+Raman","C:\Users\nhadu\OneDrive - UTS\C3_UTS\Soft_Sensor_Loc\Emilie data\Raw_data\Emilie_SoftSensor\Emilie_SoftSensor\Raw_data_Plate\EEM\EEM_EG_Pavlovagyrans_raw_001_008_D9.csv","C:\Users\nhadu\OneDrive - UTS\C3_UTS\Soft_Sensor_Loc\Emilie data\Raw_data\Emilie_SoftSensor\Emilie_SoftSensor\Raw_data_Plate\Raman\Raman_EG_Pavlovagyrans_raw_001_008_D9.CSV","reference workbook missing from local extraction"
"EG","Pavlovagyrans","1","8","E10","Plate","True","True","False","EEM+Raman","C:\Users\nhadu\OneDrive - UTS\C3_UTS\Soft_Sensor_Loc\Emilie data\Raw_data\Emilie_SoftSensor\Emilie_SoftSensor\Raw_data_Plate\EEM\EEM_EG_Pavlovagyrans_raw_001_008_E10.csv","C:\Users\nhadu\OneDrive - UTS\C3_UTS\Soft_Sensor_Loc\Emilie data\Raw_data\Emilie_SoftSensor\Emilie_SoftSensor\Raw_data_Plate\Raman\Raman_EG_Pavlovagyrans_raw_001_008_E10.CSV","reference workbook missing from local extraction"
"EG","Pavlovagyrans","1","8","E11","Plate","True","True","False","EEM+Raman","C:\Users\nhadu\OneDrive - UTS\C3_UTS\Soft_Sensor_Loc\Emilie data\Raw_data\Emilie_SoftSensor\Emilie_SoftSensor\Raw_data_Plate\EEM\EEM_EG_Pavlovagyrans_raw_001_008_E11.csv","C:\Users\nhadu\OneDrive - UTS\C3_UTS\Soft_Sensor_Loc\Emilie data\Raw_data\Emilie_SoftSensor\Emilie_SoftSensor\Raw_data_Plate\Raman\Raman_EG_Pavlovagyrans_raw_001_008_E11.CSV","reference workbook missing from local extraction"
"EG","Pavlovagyrans","1","8","E2","Plate","True","True","False","EEM+Raman","C:\Users\nhadu\OneDrive - UTS\C3_UTS\Soft_Sensor_Loc\Emilie data\Raw_data\Emilie_SoftSensor\Emilie_SoftSensor\Raw_data_Plate\EEM\EEM_EG_Pavlovagyrans_raw_001_008_E2.csv","C:\Users\nhadu\OneDrive - UTS\C3_UTS\Soft_Sensor_Loc\Emilie data\Raw_data\Emilie_SoftSensor\Emilie_SoftSensor\Raw_data_Plate\Raman\Raman_EG_Pavlovagyrans_raw_001_008_E2.CSV","reference workbook missing from local extraction"
"EG","Pavlovagyrans","1","8","E3","Plate","True","True","False","EEM+Raman","C:\Users\nhadu\OneDrive - UTS\C3_UTS\Soft_Sensor_Loc\Emilie data\Raw_data\Emilie_SoftSensor\Emilie_SoftSensor\Raw_data_Plate\EEM\EEM_EG_Pavlovagyrans_raw_001_008_E3.csv","C:\Users\nhadu\OneDrive - UTS\C3_UTS\Soft_Sensor_Loc\Emilie data\Raw_data\Emilie_SoftSensor\Emilie_SoftSensor\Raw_data_Plate\Raman\Raman_EG_Pavlovagyrans_raw_001_008_E3.CSV","reference workbook missing from local extraction"
"EG","Pavlovagyrans","1","8","E4","Plate","True","True","False","EEM+Raman","C:\Users\nhadu\OneDrive - UTS\C3_UTS\Soft_Sensor_Loc\Emilie data\Raw_data\Emilie_SoftSensor\Emilie_SoftSensor\Raw_data_Plate\EEM\EEM_EG_Pavlovagyrans_raw_001_008_E4.csv","C:\Users\nhadu\OneDrive - UTS\C3_UTS\Soft_Sensor_Loc\Emilie data\Raw_data\Emilie_SoftSensor\Emilie_SoftSensor\Raw_data_Plate\Raman\Raman_EG_Pavlovagyrans_raw_001_008_E4.CSV","reference workbook missing from local extraction"
"EG","Pavlovagyrans","1","8","E5","Plate","True","True","False","EEM+Raman","C:\Users\nhadu\OneDrive - UTS\C3_UTS\Soft_Sensor_Loc\Emilie data\Raw_data\Emilie_SoftSensor\Emilie_SoftSensor\Raw_data_Plate\EEM\EEM_EG_Pavlovagyrans_raw_001_008_E5.csv","C:\Users\nhadu\OneDrive - UTS\C3_UTS\Soft_Sensor_Loc\Emilie data\Raw_data\Emilie_SoftSensor\Emilie_SoftSensor\Raw_data_Plate\Raman\Raman_EG_Pavlovagyrans_raw_001_008_E5.CSV","reference workbook missing from local extraction"
"EG","Pavlovagyrans","1","8","E6","Plate","True","True","False","EEM+Raman","C:\Users\nhadu\OneDrive - UTS\C3_UTS\Soft_Sensor_Loc\Emilie data\Raw_data\Emilie_SoftSensor\Emilie_SoftSensor\Raw_data_Plate\EEM\EEM_EG_Pavlovagyrans_raw_001_008_E6.csv","C:\Users\nhadu\OneDrive - UTS\C3_UTS\Soft_Sensor_Loc\Emilie data\Raw_data\Emilie_SoftSensor\Emilie_SoftSensor\Raw_data_Plate\Raman\Raman_EG_Pavlovagyrans_raw_001_008_E6.CSV","reference workbook missing from local extraction"
"EG","Pavlovagyrans","1","8","E7","Plate","True","True","False","EEM+Raman","C:\Users\nhadu\OneDrive - UTS\C3_UTS\Soft_Sensor_Loc\Emilie data\Raw_data\Emilie_SoftSensor\Emilie_SoftSensor\Raw_data_Plate\EEM\EEM_EG_Pavlovagyrans_raw_001_008_E7.csv","C:\Users\nhadu\OneDrive - UTS\C3_UTS\Soft_Sensor_Loc\Emilie data\Raw_data\Emilie_SoftSensor\Emilie_SoftSensor\Raw_data_Plate\Raman\Raman_EG_Pavlovagyrans_raw_001_008_E7.CSV","reference workbook missing from local extraction"
"EG","Pavlovagyrans","1","8","E8","Plate","True","True","False","EEM+Raman","C:\Users\nhadu\OneDrive - UTS\C3_UTS\Soft_Sensor_Loc\Emilie data\Raw_data\Emilie_SoftSensor\Emilie_SoftSensor\Raw_data_Plate\EEM\EEM_EG_Pavlovagyrans_raw_001_008_E8.csv","C:\Users\nhadu\OneDrive - UTS\C3_UTS\Soft_Sensor_Loc\Emilie data\Raw_data\Emilie_SoftSensor\Emilie_SoftSensor\Raw_data_Plate\Raman\Raman_EG_Pavlovagyrans_raw_001_008_E8.CSV","reference workbook missing from local extraction"
"EG","Pavlovagyrans","1","8","E9","Plate","True","True","False","EEM+Raman","C:\Users\nhadu\OneDrive - UTS\C3_UTS\Soft_Sensor_Loc\Emilie data\Raw_data\Emilie_SoftSensor\Emilie_SoftSensor\Raw_data_Plate\EEM\EEM_EG_Pavlovagyrans_raw_001_008_E9.csv","C:\Users\nhadu\OneDrive - UTS\C3_UTS\Soft_Sensor_Loc\Emilie data\Raw_data\Emilie_SoftSensor\Emilie_SoftSensor\Raw_data_Plate\Raman\Raman_EG_Pavlovagyrans_raw_001_008_E9.CSV","reference workbook missing from local extraction"
"EG","Pavlovagyrans","1","8","F10","Plate","True","True","False","EEM+Raman","C:\Users\nhadu\OneDrive - UTS\C3_UTS\Soft_Sensor_Loc\Emilie data\Raw_data\Emilie_SoftSensor\Emilie_SoftSensor\Raw_data_Plate\EEM\EEM_EG_Pavlovagyrans_raw_001_008_F10.csv","C:\Users\nhadu\OneDrive - UTS\C3_UTS\Soft_Sensor_Loc\Emilie data\Raw_data\Emilie_SoftSensor\Emilie_SoftSensor\Raw_data_Plate\Raman\Raman_EG_Pavlovagyrans_raw_001_008_F10.CSV","reference workbook missing from local extraction"
"EG","Pavlovagyrans","1","8","F11","Plate","True","True","False","EEM+Raman","C:\Users\nhadu\OneDrive - UTS\C3_UTS\Soft_Sensor_Loc\Emilie data\Raw_data\Emilie_SoftSensor\Emilie_SoftSensor\Raw_data_Plate\EEM\EEM_EG_Pavlovagyrans_raw_001_008_F11.csv","C:\Users\nhadu\OneDrive - UTS\C3_UTS\Soft_Sensor_Loc\Emilie data\Raw_data\Emilie_SoftSensor\Emilie_SoftSensor\Raw_data_Plate\Raman\Raman_EG_Pavlovagyrans_raw_001_008_F11.CSV","reference workbook missing from local extraction"
"EG","Pavlovagyrans","1","8","F2","Plate","True","True","False","EEM+Raman","C:\Users\nhadu\OneDrive - UTS\C3_UTS\Soft_Sensor_Loc\Emilie data\Raw_data\Emilie_SoftSensor\Emilie_SoftSensor\Raw_data_Plate\EEM\EEM_EG_Pavlovagyrans_raw_001_008_F2.csv","C:\Users\nhadu\OneDrive - UTS\C3_UTS\Soft_Sensor_Loc\Emilie data\Raw_data\Emilie_SoftSensor\Emilie_SoftSensor\Raw_data_Plate\Raman\Raman_EG_Pavlovagyrans_raw_001_008_F2.CSV","reference workbook missing from local extraction"
"EG","Pavlovagyrans","1","8","F3","Plate","True","True","False","EEM+Raman","C:\Users\nhadu\OneDrive - UTS\C3_UTS\Soft_Sensor_Loc\Emilie data\Raw_data\Emilie_SoftSensor\Emilie_SoftSensor\Raw_data_Plate\EEM\EEM_EG_Pavlovagyrans_raw_001_008_F3.csv","C:\Users\nhadu\OneDrive - UTS\C3_UTS\Soft_Sensor_Loc\Emilie data\Raw_data\Emilie_SoftSensor\Emilie_SoftSensor\Raw_data_Plate\Raman\Raman_EG_Pavlovagyrans_raw_001_008_F3.CSV","reference workbook missing from local extraction"
"EG","Pavlovagyrans","1","8","F4","Plate","True","True","False","EEM+Raman","C:\Users\nhadu\OneDrive - UTS\C3_UTS\Soft_Sensor_Loc\Emilie data\Raw_data\Emilie_SoftSensor\Emilie_SoftSensor\Raw_data_Plate\EEM\EEM_EG_Pavlovagyrans_raw_001_008_F4.csv","C:\Users\nhadu\OneDrive - UTS\C3_UTS\Soft_Sensor_Loc\Emilie data\Raw_data\Emilie_SoftSensor\Emilie_SoftSensor\Raw_data_Plate\Raman\Raman_EG_Pavlovagyrans_raw_001_008_F4.CSV","reference workbook missing from local extraction"
"EG","Pavlovagyrans","1","8","F5","Plate","True","True","False","EEM+Raman","C:\Users\nhadu\OneDrive - UTS\C3_UTS\Soft_Sensor_Loc\Emilie data\Raw_data\Emilie_SoftSensor\Emilie_SoftSensor\Raw_data_Plate\EEM\EEM_EG_Pavlovagyrans_raw_001_008_F5.csv","C:\Users\nhadu\OneDrive - UTS\C3_UTS\Soft_Sensor_Loc\Emilie data\Raw_data\Emilie_SoftSensor\Emilie_SoftSensor\Raw_data_Plate\Raman\Raman_EG_Pavlovagyrans_raw_001_008_F5.CSV","reference workbook missing from local extraction"
"EG","Pavlovagyrans","1","8","F6","Plate","True","True","False","EEM+Raman","C:\Users\nhadu\OneDrive - UTS\C3_UTS\Soft_Sensor_Loc\Emilie data\Raw_data\Emilie_SoftSensor\Emilie_SoftSensor\Raw_data_Plate\EEM\EEM_EG_Pavlovagyrans_raw_001_008_F6.csv","C:\Users\nhadu\OneDrive - UTS\C3_UTS\Soft_Sensor_Loc\Emilie data\Raw_data\Emilie_SoftSensor\Emilie_SoftSensor\Raw_data_Plate\Raman\Raman_EG_Pavlovagyrans_raw_001_008_F6.CSV","reference workbook missing from local extraction"
"EG","Pavlovagyrans","1","8","F7","Plate","True","True","False","EEM+Raman","C:\Users\nhadu\OneDrive - UTS\C3_UTS\Soft_Sensor_Loc\Emilie data\Raw_data\Emilie_SoftSensor\Emilie_SoftSensor\Raw_data_Plate\EEM\EEM_EG_Pavlovagyrans_raw_001_008_F7.csv","C:\Users\nhadu\OneDrive - UTS\C3_UTS\Soft_Sensor_Loc\Emilie data\Raw_data\Emilie_SoftSensor\Emilie_SoftSensor\Raw_data_Plate\Raman\Raman_EG_Pavlovagyrans_raw_001_008_F7.CSV","reference workbook missing from local extraction"
"EG","Pavlovagyrans","1","8","F8","Plate","True","True","False","EEM+Raman","C:\Users\nhadu\OneDrive - UTS\C3_UTS\Soft_Sensor_Loc\Emilie data\Raw_data\Emilie_SoftSensor\Emilie_SoftSensor\Raw_data_Plate\EEM\EEM_EG_Pavlovagyrans_raw_001_008_F8.csv","C:\Users\nhadu\OneDrive - UTS\C3_UTS\Soft_Sensor_Loc\Emilie data\Raw_data\Emilie_SoftSensor\Emilie_SoftSensor\Raw_data_Plate\Raman\Raman_EG_Pavlovagyrans_raw_001_008_F8.CSV","reference workbook missing from local extraction"
"EG","Pavlovagyrans","1","8","F9","Plate","True","True","False","EEM+Raman","C:\Users\nhadu\OneDrive - UTS\C3_UTS\Soft_Sensor_Loc\Emilie data\Raw_data\Emilie_SoftSensor\Emilie_SoftSensor\Raw_data_Plate\EEM\EEM_EG_Pavlovagyrans_raw_001_008_F9.csv","C:\Users\nhadu\OneDrive - UTS\C3_UTS\Soft_Sensor_Loc\Emilie data\Raw_data\Emilie_SoftSensor\Emilie_SoftSensor\Raw_data_Plate\Raman\Raman_EG_Pavlovagyrans_raw_001_008_F9.CSV","reference workbook missing from local extraction"
"EG","Pavlovagyrans","1","8","G10","Plate","True","True","False","EEM+Raman","C:\Users\nhadu\OneDrive - UTS\C3_UTS\Soft_Sensor_Loc\Emilie data\Raw_data\Emilie_SoftSensor\Emilie_SoftSensor\Raw_data_Plate\EEM\EEM_EG_Pavlovagyrans_raw_001_008_G10.csv","C:\Users\nhadu\OneDrive - UTS\C3_UTS\Soft_Sensor_Loc\Emilie data\Raw_data\Emilie_SoftSensor\Emilie_SoftSensor\Raw_data_Plate\Raman\Raman_EG_Pavlovagyrans_raw_001_008_G10.CSV","reference workbook missing from local extraction"
"EG","Pavlovagyrans","1","8","G11","Plate","True","True","False","EEM+Raman","C:\Users\nhadu\OneDrive - UTS\C3_UTS\Soft_Sensor_Loc\Emilie data\Raw_data\Emilie_SoftSensor\Emilie_SoftSensor\Raw_data_Plate\EEM\EEM_EG_Pavlovagyrans_raw_001_008_G11.csv","C:\Users\nhadu\OneDrive - UTS\C3_UTS\Soft_Sensor_Loc\Emilie data\Raw_data\Emilie_SoftSensor\Emilie_SoftSensor\Raw_data_Plate\Raman\Raman_EG_Pavlovagyrans_raw_001_008_G11.CSV","reference workbook missing from local extraction"
"EG","Pavlovagyrans","1","8","G2","Plate","True","True","False","EEM+Raman","C:\Users\nhadu\OneDrive - UTS\C3_UTS\Soft_Sensor_Loc\Emilie data\Raw_data\Emilie_SoftSensor\Emilie_SoftSensor\Raw_data_Plate\EEM\EEM_EG_Pavlovagyrans_raw_001_008_G2.csv","C:\Users\nhadu\OneDrive - UTS\C3_UTS\Soft_Sensor_Loc\Emilie data\Raw_data\Emilie_SoftSensor\Emilie_SoftSensor\Raw_data_Plate\Raman\Raman_EG_Pavlovagyrans_raw_001_008_G2.CSV","reference workbook missing from local extraction"
"EG","Pavlovagyrans","1","8","G3","Plate","True","True","False","EEM+Raman","C:\Users\nhadu\OneDrive - UTS\C3_UTS\Soft_Sensor_Loc\Emilie data\Raw_data\Emilie_SoftSensor\Emilie_SoftSensor\Raw_data_Plate\EEM\EEM_EG_Pavlovagyrans_raw_001_008_G3.csv","C:\Users\nhadu\OneDrive - UTS\C3_UTS\Soft_Sensor_Loc\Emilie data\Raw_data\Emilie_SoftSensor\Emilie_SoftSensor\Raw_data_Plate\Raman\Raman_EG_Pavlovagyrans_raw_001_008_G3.CSV","reference workbook missing from local extraction"
"EG","Pavlovagyrans","1","8","G4","Plate","True","True","False","EEM+Raman","C:\Users\nhadu\OneDrive - UTS\C3_UTS\Soft_Sensor_Loc\Emilie data\Raw_data\Emilie_SoftSensor\Emilie_SoftSensor\Raw_data_Plate\EEM\EEM_EG_Pavlovagyrans_raw_001_008_G4.csv","C:\Users\nhadu\OneDrive - UTS\C3_UTS\Soft_Sensor_Loc\Emilie data\Raw_data\Emilie_SoftSensor\Emilie_SoftSensor\Raw_data_Plate\Raman\Raman_EG_Pavlovagyrans_raw_001_008_G4.CSV","reference workbook missing from local extraction"
"EG","Pavlovagyrans","1","8","G5","Plate","True","True","False","EEM+Raman","C:\Users\nhadu\OneDrive - UTS\C3_UTS\Soft_Sensor_Loc\Emilie data\Raw_data\Emilie_SoftSensor\Emilie_SoftSensor\Raw_data_Plate\EEM\EEM_EG_Pavlovagyrans_raw_001_008_G5.csv","C:\Users\nhadu\OneDrive - UTS\C3_UTS\Soft_Sensor_Loc\Emilie data\Raw_data\Emilie_SoftSensor\Emilie_SoftSensor\Raw_data_Plate\Raman\Raman_EG_Pavlovagyrans_raw_001_008_G5.CSV","reference workbook missing from local extraction"
"EG","Pavlovagyrans","1","8","G6","Plate","True","True","False","EEM+Raman","C:\Users\nhadu\OneDrive - UTS\C3_UTS\Soft_Sensor_Loc\Emilie data\Raw_data\Emilie_SoftSensor\Emilie_SoftSensor\Raw_data_Plate\EEM\EEM_EG_Pavlovagyrans_raw_001_008_G6.csv","C:\Users\nhadu\OneDrive - UTS\C3_UTS\Soft_Sensor_Loc\Emilie data\Raw_data\Emilie_SoftSensor\Emilie_SoftSensor\Raw_data_Plate\Raman\Raman_EG_Pavlovagyrans_raw_001_008_G6.CSV","reference workbook missing from local extraction"
"EG","Pavlovagyrans","1","8","G7","Plate","True","True","False","EEM+Raman","C:\Users\nhadu\OneDrive - UTS\C3_UTS\Soft_Sensor_Loc\Emilie data\Raw_data\Emilie_SoftSensor\Emilie_SoftSensor\Raw_data_Plate\EEM\EEM_EG_Pavlovagyrans_raw_001_008_G7.csv","C:\Users\nhadu\OneDrive - UTS\C3_UTS\Soft_Sensor_Loc\Emilie data\Raw_data\Emilie_SoftSensor\Emilie_SoftSensor\Raw_data_Plate\Raman\Raman_EG_Pavlovagyrans_raw_001_008_G7.CSV","reference workbook missing from local extraction"
"EG","Pavlovagyrans","1","8","G8","Plate","True","True","False","EEM+Raman","C:\Users\nhadu\OneDrive - UTS\C3_UTS\Soft_Sensor_Loc\Emilie data\Raw_data\Emilie_SoftSensor\Emilie_SoftSensor\Raw_data_Plate\EEM\EEM_EG_Pavlovagyrans_raw_001_008_G8.csv","C:\Users\nhadu\OneDrive - UTS\C3_UTS\Soft_Sensor_Loc\Emilie data\Raw_data\Emilie_SoftSensor\Emilie_SoftSensor\Raw_data_Plate\Raman\Raman_EG_Pavlovagyrans_raw_001_008_G8.CSV","reference workbook missing from local extraction"
"EG","Pavlovagyrans","1","8","G9","Plate","True","True","False","EEM+Raman","C:\Users\nhadu\OneDrive - UTS\C3_UTS\Soft_Sensor_Loc\Emilie data\Raw_data\Emilie_SoftSensor\Emilie_SoftSensor\Raw_data_Plate\EEM\EEM_EG_Pavlovagyrans_raw_001_008_G9.csv","C:\Users\nhadu\OneDrive - UTS\C3_UTS\Soft_Sensor_Loc\Emilie data\Raw_data\Emilie_SoftSensor\Emilie_SoftSensor\Raw_data_Plate\Raman\Raman_EG_Pavlovagyrans_raw_001_008_G9.CSV","reference workbook missing from local extraction"
"EG","Pavlovagyrans","1","9","B10","Plate","True","True","False","EEM+Raman","C:\Users\nhadu\OneDrive - UTS\C3_UTS\Soft_Sensor_Loc\Emilie data\Raw_data\Emilie_SoftSensor\Emilie_SoftSensor\Raw_data_Plate\EEM\EEM_EG_Pavlovagyrans_raw_001_009_B10.csv","C:\Users\nhadu\OneDrive - UTS\C3_UTS\Soft_Sensor_Loc\Emilie data\Raw_data\Emilie_SoftSensor\Emilie_SoftSensor\Raw_data_Plate\Raman\Raman_EG_Pavlovagyrans_raw_001_009_B10.CSV","reference workbook missing from local extraction"
"EG","Pavlovagyrans","1","9","B11","Plate","True","True","False","EEM+Raman","C:\Users\nhadu\OneDrive - UTS\C3_UTS\Soft_Sensor_Loc\Emilie data\Raw_data\Emilie_SoftSensor\Emilie_SoftSensor\Raw_data_Plate\EEM\EEM_EG_Pavlovagyrans_raw_001_009_B11.csv","C:\Users\nhadu\OneDrive - UTS\C3_UTS\Soft_Sensor_Loc\Emilie data\Raw_data\Emilie_SoftSensor\Emilie_SoftSensor\Raw_data_Plate\Raman\Raman_EG_Pavlovagyrans_raw_001_009_B11.CSV","reference workbook missing from local extraction"
"EG","Pavlovagyrans","1","9","B2","Plate","True","True","False","EEM+Raman","C:\Users\nhadu\OneDrive - UTS\C3_UTS\Soft_Sensor_Loc\Emilie data\Raw_data\Emilie_SoftSensor\Emilie_SoftSensor\Raw_data_Plate\EEM\EEM_EG_Pavlovagyrans_raw_001_009_B2.csv","C:\Users\nhadu\OneDrive - UTS\C3_UTS\Soft_Sensor_Loc\Emilie data\Raw_data\Emilie_SoftSensor\Emilie_SoftSensor\Raw_data_Plate\Raman\Raman_EG_Pavlovagyrans_raw_001_009_B2.CSV","reference workbook missing from local extraction"
"EG","Pavlovagyrans","1","9","B3","Plate","True","True","False","EEM+Raman","C:\Users\nhadu\OneDrive - UTS\C3_UTS\Soft_Sensor_Loc\Emilie data\Raw_data\Emilie_SoftSensor\Emilie_SoftSensor\Raw_data_Plate\EEM\EEM_EG_Pavlovagyrans_raw_001_009_B3.csv","C:\Users\nhadu\OneDrive - UTS\C3_UTS\Soft_Sensor_Loc\Emilie data\Raw_data\Emilie_SoftSensor\Emilie_SoftSensor\Raw_data_Plate\Raman\Raman_EG_Pavlovagyrans_raw_001_009_B3.CSV","reference workbook missing from local extraction"
"EG","Pavlovagyrans","1","9","B4","Plate","True","True","False","EEM+Raman","C:\Users\nhadu\OneDrive - UTS\C3_UTS\Soft_Sensor_Loc\Emilie data\Raw_data\Emilie_SoftSensor\Emilie_SoftSensor\Raw_data_Plate\EEM\EEM_EG_Pavlovagyrans_raw_001_009_B4.csv","C:\Users\nhadu\OneDrive - UTS\C3_UTS\Soft_Sensor_Loc\Emilie data\Raw_data\Emilie_SoftSensor\Emilie_SoftSensor\Raw_data_Plate\Raman\Raman_EG_Pavlovagyrans_raw_001_009_B4.CSV","reference workbook missing from local extraction"
"EG","Pavlovagyrans","1","9","B5","Plate","True","True","False","EEM+Raman","C:\Users\nhadu\OneDrive - UTS\C3_UTS\Soft_Sensor_Loc\Emilie data\Raw_data\Emilie_SoftSensor\Emilie_SoftSensor\Raw_data_Plate\EEM\EEM_EG_Pavlovagyrans_raw_001_009_B5.csv","C:\Users\nhadu\OneDrive - UTS\C3_UTS\Soft_Sensor_Loc\Emilie data\Raw_data\Emilie_SoftSensor\Emilie_SoftSensor\Raw_data_Plate\Raman\Raman_EG_Pavlovagyrans_raw_001_009_B5.CSV","reference workbook missing from local extraction"
"EG","Pavlovagyrans","1","9","B6","Plate","True","True","False","EEM+Raman","C:\Users\nhadu\OneDrive - UTS\C3_UTS\Soft_Sensor_Loc\Emilie data\Raw_data\Emilie_SoftSensor\Emilie_SoftSensor\Raw_data_Plate\EEM\EEM_EG_Pavlovagyrans_raw_001_009_B6.csv","C:\Users\nhadu\OneDrive - UTS\C3_UTS\Soft_Sensor_Loc\Emilie data\Raw_data\Emilie_SoftSensor\Emilie_SoftSensor\Raw_data_Plate\Raman\Raman_EG_Pavlovagyrans_raw_001_009_B6.CSV","reference workbook missing from local extraction"
"EG","Pavlovagyrans","1","9","B7","Plate","True","True","False","EEM+Raman","C:\Users\nhadu\OneDrive - UTS\C3_UTS\Soft_Sensor_Loc\Emilie data\Raw_data\Emilie_SoftSensor\Emilie_SoftSensor\Raw_data_Plate\EEM\EEM_EG_Pavlovagyrans_raw_001_009_B7.csv","C:\Users\nhadu\OneDrive - UTS\C3_UTS\Soft_Sensor_Loc\Emilie data\Raw_data\Emilie_SoftSensor\Emilie_SoftSensor\Raw_data_Plate\Raman\Raman_EG_Pavlovagyrans_raw_001_009_B7.CSV","reference workbook missing from local extraction"
"EG","Pavlovagyrans","1","9","B8","Plate","True","True","False","EEM+Raman","C:\Users\nhadu\OneDrive - UTS\C3_UTS\Soft_Sensor_Loc\Emilie data\Raw_data\Emilie_SoftSensor\Emilie_SoftSensor\Raw_data_Plate\EEM\EEM_EG_Pavlovagyrans_raw_001_009_B8.csv","C:\Users\nhadu\OneDrive - UTS\C3_UTS\Soft_Sensor_Loc\Emilie data\Raw_data\Emilie_SoftSensor\Emilie_SoftSensor\Raw_data_Plate\Raman\Raman_EG_Pavlovagyrans_raw_001_009_B8.CSV","reference workbook missing from local extraction"
"EG","Pavlovagyrans","1","9","B9","Plate","True","True","False","EEM+Raman","C:\Users\nhadu\OneDrive - UTS\C3_UTS\Soft_Sensor_Loc\Emilie data\Raw_data\Emilie_SoftSensor\Emilie_SoftSensor\Raw_data_Plate\EEM\EEM_EG_Pavlovagyrans_raw_001_009_B9.csv","C:\Users\nhadu\OneDrive - UTS\C3_UTS\Soft_Sensor_Loc\Emilie data\Raw_data\Emilie_SoftSensor\Emilie_SoftSensor\Raw_data_Plate\Raman\Raman_EG_Pavlovagyrans_raw_001_009_B9.CSV","reference workbook missing from local extraction"
"EG","Pavlovagyrans","1","9","C10","Plate","True","True","False","EEM+Raman","C:\Users\nhadu\OneDrive - UTS\C3_UTS\Soft_Sensor_Loc\Emilie data\Raw_data\Emilie_SoftSensor\Emilie_SoftSensor\Raw_data_Plate\EEM\EEM_EG_Pavlovagyrans_raw_001_009_C10.csv","C:\Users\nhadu\OneDrive - UTS\C3_UTS\Soft_Sensor_Loc\Emilie data\Raw_data\Emilie_SoftSensor\Emilie_SoftSensor\Raw_data_Plate\Raman\Raman_EG_Pavlovagyrans_raw_001_009_C10.CSV","reference workbook missing from local extraction"
"EG","Pavlovagyrans","1","9","C11","Plate","True","True","False","EEM+Raman","C:\Users\nhadu\OneDrive - UTS\C3_UTS\Soft_Sensor_Loc\Emilie data\Raw_data\Emilie_SoftSensor\Emilie_SoftSensor\Raw_data_Plate\EEM\EEM_EG_Pavlovagyrans_raw_001_009_C11.csv","C:\Users\nhadu\OneDrive - UTS\C3_UTS\Soft_Sensor_Loc\Emilie data\Raw_data\Emilie_SoftSensor\Emilie_SoftSensor\Raw_data_Plate\Raman\Raman_EG_Pavlovagyrans_raw_001_009_C11.CSV","reference workbook missing from local extraction"
"EG","Pavlovagyrans","1","9","C2","Plate","True","True","False","EEM+Raman","C:\Users\nhadu\OneDrive - UTS\C3_UTS\Soft_Sensor_Loc\Emilie data\Raw_data\Emilie_SoftSensor\Emilie_SoftSensor\Raw_data_Plate\EEM\EEM_EG_Pavlovagyrans_raw_001_009_C2.csv","C:\Users\nhadu\OneDrive - UTS\C3_UTS\Soft_Sensor_Loc\Emilie data\Raw_data\Emilie_SoftSensor\Emilie_SoftSensor\Raw_data_Plate\Raman\Raman_EG_Pavlovagyrans_raw_001_009_C2.CSV","reference workbook missing from local extraction"
"EG","Pavlovagyrans","1","9","C3","Plate","True","True","False","EEM+Raman","C:\Users\nhadu\OneDrive - UTS\C3_UTS\Soft_Sensor_Loc\Emilie data\Raw_data\Emilie_SoftSensor\Emilie_SoftSensor\Raw_data_Plate\EEM\EEM_EG_Pavlovagyrans_raw_001_009_C3.csv","C:\Users\nhadu\OneDrive - UTS\C3_UTS\Soft_Sensor_Loc\Emilie data\Raw_data\Emilie_SoftSensor\Emilie_SoftSensor\Raw_data_Plate\Raman\Raman_EG_Pavlovagyrans_raw_001_009_C3.CSV","reference workbook missing from local extraction"
"EG","Pavlovagyrans","1","9","C4","Plate","True","True","False","EEM+Raman","C:\Users\nhadu\OneDrive - UTS\C3_UTS\Soft_Sensor_Loc\Emilie data\Raw_data\Emilie_SoftSensor\Emilie_SoftSensor\Raw_data_Plate\EEM\EEM_EG_Pavlovagyrans_raw_001_009_C4.csv","C:\Users\nhadu\OneDrive - UTS\C3_UTS\Soft_Sensor_Loc\Emilie data\Raw_data\Emilie_SoftSensor\Emilie_SoftSensor\Raw_data_Plate\Raman\Raman_EG_Pavlovagyrans_raw_001_009_C4.CSV","reference workbook missing from local extraction"
"EG","Pavlovagyrans","1","9","C5","Plate","True","True","False","EEM+Raman","C:\Users\nhadu\OneDrive - UTS\C3_UTS\Soft_Sensor_Loc\Emilie data\Raw_data\Emilie_SoftSensor\Emilie_SoftSensor\Raw_data_Plate\EEM\EEM_EG_Pavlovagyrans_raw_001_009_C5.csv","C:\Users\nhadu\OneDrive - UTS\C3_UTS\Soft_Sensor_Loc\Emilie data\Raw_data\Emilie_SoftSensor\Emilie_SoftSensor\Raw_data_Plate\Raman\Raman_EG_Pavlovagyrans_raw_001_009_C5.CSV","reference workbook missing from local extraction"
"EG","Pavlovagyrans","1","9","C6","Plate","True","True","False","EEM+Raman","C:\Users\nhadu\OneDrive - UTS\C3_UTS\Soft_Sensor_Loc\Emilie data\Raw_data\Emilie_SoftSensor\Emilie_SoftSensor\Raw_data_Plate\EEM\EEM_EG_Pavlovagyrans_raw_001_009_C6.csv","C:\Users\nhadu\OneDrive - UTS\C3_UTS\Soft_Sensor_Loc\Emilie data\Raw_data\Emilie_SoftSensor\Emilie_SoftSensor\Raw_data_Plate\Raman\Raman_EG_Pavlovagyrans_raw_001_009_C6.CSV","reference workbook missing from local extraction"
"EG","Pavlovagyrans","1","9","C7","Plate","True","True","False","EEM+Raman","C:\Users\nhadu\OneDrive - UTS\C3_UTS\Soft_Sensor_Loc\Emilie data\Raw_data\Emilie_SoftSensor\Emilie_SoftSensor\Raw_data_Plate\EEM\EEM_EG_Pavlovagyrans_raw_001_009_C7.csv","C:\Users\nhadu\OneDrive - UTS\C3_UTS\Soft_Sensor_Loc\Emilie data\Raw_data\Emilie_SoftSensor\Emilie_SoftSensor\Raw_data_Plate\Raman\Raman_EG_Pavlovagyrans_raw_001_009_C7.CSV","reference workbook missing from local extraction"
"EG","Pavlovagyrans","1","9","C8","Plate","True","True","False","EEM+Raman","C:\Users\nhadu\OneDrive - UTS\C3_UTS\Soft_Sensor_Loc\Emilie data\Raw_data\Emilie_SoftSensor\Emilie_SoftSensor\Raw_data_Plate\EEM\EEM_EG_Pavlovagyrans_raw_001_009_C8.csv","C:\Users\nhadu\OneDrive - UTS\C3_UTS\Soft_Sensor_Loc\Emilie data\Raw_data\Emilie_SoftSensor\Emilie_SoftSensor\Raw_data_Plate\Raman\Raman_EG_Pavlovagyrans_raw_001_009_C8.CSV","reference workbook missing from local extraction"
"EG","Pavlovagyrans","1","9","C9","Plate","True","True","False","EEM+Raman","C:\Users\nhadu\OneDrive - UTS\C3_UTS\Soft_Sensor_Loc\Emilie data\Raw_data\Emilie_SoftSensor\Emilie_SoftSensor\Raw_data_Plate\EEM\EEM_EG_Pavlovagyrans_raw_001_009_C9.csv","C:\Users\nhadu\OneDrive - UTS\C3_UTS\Soft_Sensor_Loc\Emilie data\Raw_data\Emilie_SoftSensor\Emilie_SoftSensor\Raw_data_Plate\Raman\Raman_EG_Pavlovagyrans_raw_001_009_C9.CSV","reference workbook missing from local extraction"
"EG","Pavlovagyrans","1","9","D10","Plate","True","True","False","EEM+Raman","C:\Users\nhadu\OneDrive - UTS\C3_UTS\Soft_Sensor_Loc\Emilie data\Raw_data\Emilie_SoftSensor\Emilie_SoftSensor\Raw_data_Plate\EEM\EEM_EG_Pavlovagyrans_raw_001_009_D10.csv","C:\Users\nhadu\OneDrive - UTS\C3_UTS\Soft_Sensor_Loc\Emilie data\Raw_data\Emilie_SoftSensor\Emilie_SoftSensor\Raw_data_Plate\Raman\Raman_EG_Pavlovagyrans_raw_001_009_D10.CSV","reference workbook missing from local extraction"
"EG","Pavlovagyrans","1","9","D11","Plate","True","True","False","EEM+Raman","C:\Users\nhadu\OneDrive - UTS\C3_UTS\Soft_Sensor_Loc\Emilie data\Raw_data\Emilie_SoftSensor\Emilie_SoftSensor\Raw_data_Plate\EEM\EEM_EG_Pavlovagyrans_raw_001_009_D11.csv","C:\Users\nhadu\OneDrive - UTS\C3_UTS\Soft_Sensor_Loc\Emilie data\Raw_data\Emilie_SoftSensor\Emilie_SoftSensor\Raw_data_Plate\Raman\Raman_EG_Pavlovagyrans_raw_001_009_D11.CSV","reference workbook missing from local extraction"
"EG","Pavlovagyrans","1","9","D2","Plate","True","True","False","EEM+Raman","C:\Users\nhadu\OneDrive - UTS\C3_UTS\Soft_Sensor_Loc\Emilie data\Raw_data\Emilie_SoftSensor\Emilie_SoftSensor\Raw_data_Plate\EEM\EEM_EG_Pavlovagyrans_raw_001_009_D2.csv","C:\Users\nhadu\OneDrive - UTS\C3_UTS\Soft_Sensor_Loc\Emilie data\Raw_data\Emilie_SoftSensor\Emilie_SoftSensor\Raw_data_Plate\Raman\Raman_EG_Pavlovagyrans_raw_001_009_D2.CSV","reference workbook missing from local extraction"
"EG","Pavlovagyrans","1","9","D3","Plate","True","True","False","EEM+Raman","C:\Users\nhadu\OneDrive - UTS\C3_UTS\Soft_Sensor_Loc\Emilie data\Raw_data\Emilie_SoftSensor\Emilie_SoftSensor\Raw_data_Plate\EEM\EEM_EG_Pavlovagyrans_raw_001_009_D3.csv","C:\Users\nhadu\OneDrive - UTS\C3_UTS\Soft_Sensor_Loc\Emilie data\Raw_data\Emilie_SoftSensor\Emilie_SoftSensor\Raw_data_Plate\Raman\Raman_EG_Pavlovagyrans_raw_001_009_D3.CSV","reference workbook missing from local extraction"
"EG","Pavlovagyrans","1","9","D4","Plate","True","True","False","EEM+Raman","C:\Users\nhadu\OneDrive - UTS\C3_UTS\Soft_Sensor_Loc\Emilie data\Raw_data\Emilie_SoftSensor\Emilie_SoftSensor\Raw_data_Plate\EEM\EEM_EG_Pavlovagyrans_raw_001_009_D4.csv","C:\Users\nhadu\OneDrive - UTS\C3_UTS\Soft_Sensor_Loc\Emilie data\Raw_data\Emilie_SoftSensor\Emilie_SoftSensor\Raw_data_Plate\Raman\Raman_EG_Pavlovagyrans_raw_001_009_D4.CSV","reference workbook missing from local extraction"
"EG","Pavlovagyrans","1","9","D5","Plate","True","True","False","EEM+Raman","C:\Users\nhadu\OneDrive - UTS\C3_UTS\Soft_Sensor_Loc\Emilie data\Raw_data\Emilie_SoftSensor\Emilie_SoftSensor\Raw_data_Plate\EEM\EEM_EG_Pavlovagyrans_raw_001_009_D5.csv","C:\Users\nhadu\OneDrive - UTS\C3_UTS\Soft_Sensor_Loc\Emilie data\Raw_data\Emilie_SoftSensor\Emilie_SoftSensor\Raw_data_Plate\Raman\Raman_EG_Pavlovagyrans_raw_001_009_D5.CSV","reference workbook missing from local extraction"
"EG","Pavlovagyrans","1","9","D6","Plate","True","True","False","EEM+Raman","C:\Users\nhadu\OneDrive - UTS\C3_UTS\Soft_Sensor_Loc\Emilie data\Raw_data\Emilie_SoftSensor\Emilie_SoftSensor\Raw_data_Plate\EEM\EEM_EG_Pavlovagyrans_raw_001_009_D6.csv","C:\Users\nhadu\OneDrive - UTS\C3_UTS\Soft_Sensor_Loc\Emilie data\Raw_data\Emilie_SoftSensor\Emilie_SoftSensor\Raw_data_Plate\Raman\Raman_EG_Pavlovagyrans_raw_001_009_D6.CSV","reference workbook missing from local extraction"
"EG","Pavlovagyrans","1","9","D7","Plate","True","True","False","EEM+Raman","C:\Users\nhadu\OneDrive - UTS\C3_UTS\Soft_Sensor_Loc\Emilie data\Raw_data\Emilie_SoftSensor\Emilie_SoftSensor\Raw_data_Plate\EEM\EEM_EG_Pavlovagyrans_raw_001_009_D7.csv","C:\Users\nhadu\OneDrive - UTS\C3_UTS\Soft_Sensor_Loc\Emilie data\Raw_data\Emilie_SoftSensor\Emilie_SoftSensor\Raw_data_Plate\Raman\Raman_EG_Pavlovagyrans_raw_001_009_D7.CSV","reference workbook missing from local extraction"
"EG","Pavlovagyrans","1","9","D8","Plate","True","True","False","EEM+Raman","C:\Users\nhadu\OneDrive - UTS\C3_UTS\Soft_Sensor_Loc\Emilie data\Raw_data\Emilie_SoftSensor\Emilie_SoftSensor\Raw_data_Plate\EEM\EEM_EG_Pavlovagyrans_raw_001_009_D8.csv","C:\Users\nhadu\OneDrive - UTS\C3_UTS\Soft_Sensor_Loc\Emilie data\Raw_data\Emilie_SoftSensor\Emilie_SoftSensor\Raw_data_Plate\Raman\Raman_EG_Pavlovagyrans_raw_001_009_D8.CSV","reference workbook missing from local extraction"
"EG","Pavlovagyrans","1","9","D9","Plate","True","True","False","EEM+Raman","C:\Users\nhadu\OneDrive - UTS\C3_UTS\Soft_Sensor_Loc\Emilie data\Raw_data\Emilie_SoftSensor\Emilie_SoftSensor\Raw_data_Plate\EEM\EEM_EG_Pavlovagyrans_raw_001_009_D9.csv","C:\Users\nhadu\OneDrive - UTS\C3_UTS\Soft_Sensor_Loc\Emilie data\Raw_data\Emilie_SoftSensor\Emilie_SoftSensor\Raw_data_Plate\Raman\Raman_EG_Pavlovagyrans_raw_001_009_D9.CSV","reference workbook missing from local extraction"
"EG","Pavlovagyrans","1","9","E10","Plate","True","True","False","EEM+Raman","C:\Users\nhadu\OneDrive - UTS\C3_UTS\Soft_Sensor_Loc\Emilie data\Raw_data\Emilie_SoftSensor\Emilie_SoftSensor\Raw_data_Plate\EEM\EEM_EG_Pavlovagyrans_raw_001_009_E10.csv","C:\Users\nhadu\OneDrive - UTS\C3_UTS\Soft_Sensor_Loc\Emilie data\Raw_data\Emilie_SoftSensor\Emilie_SoftSensor\Raw_data_Plate\Raman\Raman_EG_Pavlovagyrans_raw_001_009_E10.CSV","reference workbook missing from local extraction"
"EG","Pavlovagyrans","1","9","E11","Plate","True","True","False","EEM+Raman","C:\Users\nhadu\OneDrive - UTS\C3_UTS\Soft_Sensor_Loc\Emilie data\Raw_data\Emilie_SoftSensor\Emilie_SoftSensor\Raw_data_Plate\EEM\EEM_EG_Pavlovagyrans_raw_001_009_E11.csv","C:\Users\nhadu\OneDrive - UTS\C3_UTS\Soft_Sensor_Loc\Emilie data\Raw_data\Emilie_SoftSensor\Emilie_SoftSensor\Raw_data_Plate\Raman\Raman_EG_Pavlovagyrans_raw_001_009_E11.CSV","reference workbook missing from local extraction"
"EG","Pavlovagyrans","1","9","E2","Plate","True","True","False","EEM+Raman","C:\Users\nhadu\OneDrive - UTS\C3_UTS\Soft_Sensor_Loc\Emilie data\Raw_data\Emilie_SoftSensor\Emilie_SoftSensor\Raw_data_Plate\EEM\EEM_EG_Pavlovagyrans_raw_001_009_E2.csv","C:\Users\nhadu\OneDrive - UTS\C3_UTS\Soft_Sensor_Loc\Emilie data\Raw_data\Emilie_SoftSensor\Emilie_SoftSensor\Raw_data_Plate\Raman\Raman_EG_Pavlovagyrans_raw_001_009_E2.CSV","reference workbook missing from local extraction"
"EG","Pavlovagyrans","1","9","E3","Plate","True","True","False","EEM+Raman","C:\Users\nhadu\OneDrive - UTS\C3_UTS\Soft_Sensor_Loc\Emilie data\Raw_data\Emilie_SoftSensor\Emilie_SoftSensor\Raw_data_Plate\EEM\EEM_EG_Pavlovagyrans_raw_001_009_E3.csv","C:\Users\nhadu\OneDrive - UTS\C3_UTS\Soft_Sensor_Loc\Emilie data\Raw_data\Emilie_SoftSensor\Emilie_SoftSensor\Raw_data_Plate\Raman\Raman_EG_Pavlovagyrans_raw_001_009_E3.CSV","reference workbook missing from local extraction"
"EG","Pavlovagyrans","1","9","E4","Plate","True","True","False","EEM+Raman","C:\Users\nhadu\OneDrive - UTS\C3_UTS\Soft_Sensor_Loc\Emilie data\Raw_data\Emilie_SoftSensor\Emilie_SoftSensor\Raw_data_Plate\EEM\EEM_EG_Pavlovagyrans_raw_001_009_E4.csv","C:\Users\nhadu\OneDrive - UTS\C3_UTS\Soft_Sensor_Loc\Emilie data\Raw_data\Emilie_SoftSensor\Emilie_SoftSensor\Raw_data_Plate\Raman\Raman_EG_Pavlovagyrans_raw_001_009_E4.CSV","reference workbook missing from local extraction"
"EG","Pavlovagyrans","1","9","E5","Plate","True","True","False","EEM+Raman","C:\Users\nhadu\OneDrive - UTS\C3_UTS\Soft_Sensor_Loc\Emilie data\Raw_data\Emilie_SoftSensor\Emilie_SoftSensor\Raw_data_Plate\EEM\EEM_EG_Pavlovagyrans_raw_001_009_E5.csv","C:\Users\nhadu\OneDrive - UTS\C3_UTS\Soft_Sensor_Loc\Emilie data\Raw_data\Emilie_SoftSensor\Emilie_SoftSensor\Raw_data_Plate\Raman\Raman_EG_Pavlovagyrans_raw_001_009_E5.CSV","reference workbook missing from local extraction"
"EG","Pavlovagyrans","1","9","E6","Plate","True","True","False","EEM+Raman","C:\Users\nhadu\OneDrive - UTS\C3_UTS\Soft_Sensor_Loc\Emilie data\Raw_data\Emilie_SoftSensor\Emilie_SoftSensor\Raw_data_Plate\EEM\EEM_EG_Pavlovagyrans_raw_001_009_E6.csv","C:\Users\nhadu\OneDrive - UTS\C3_UTS\Soft_Sensor_Loc\Emilie data\Raw_data\Emilie_SoftSensor\Emilie_SoftSensor\Raw_data_Plate\Raman\Raman_EG_Pavlovagyrans_raw_001_009_E6.CSV","reference workbook missing from local extraction"
"EG","Pavlovagyrans","1","9","E7","Plate","True","True","False","EEM+Raman","C:\Users\nhadu\OneDrive - UTS\C3_UTS\Soft_Sensor_Loc\Emilie data\Raw_data\Emilie_SoftSensor\Emilie_SoftSensor\Raw_data_Plate\EEM\EEM_EG_Pavlovagyrans_raw_001_009_E7.csv","C:\Users\nhadu\OneDrive - UTS\C3_UTS\Soft_Sensor_Loc\Emilie data\Raw_data\Emilie_SoftSensor\Emilie_SoftSensor\Raw_data_Plate\Raman\Raman_EG_Pavlovagyrans_raw_001_009_E7.CSV","reference workbook missing from local extraction"
"EG","Pavlovagyrans","1","9","E8","Plate","True","True","False","EEM+Raman","C:\Users\nhadu\OneDrive - UTS\C3_UTS\Soft_Sensor_Loc\Emilie data\Raw_data\Emilie_SoftSensor\Emilie_SoftSensor\Raw_data_Plate\EEM\EEM_EG_Pavlovagyrans_raw_001_009_E8.csv","C:\Users\nhadu\OneDrive - UTS\C3_UTS\Soft_Sensor_Loc\Emilie data\Raw_data\Emilie_SoftSensor\Emilie_SoftSensor\Raw_data_Plate\Raman\Raman_EG_Pavlovagyrans_raw_001_009_E8.CSV","reference workbook missing from local extraction"
"EG","Pavlovagyrans","1","9","E9","Plate","True","True","False","EEM+Raman","C:\Users\nhadu\OneDrive - UTS\C3_UTS\Soft_Sensor_Loc\Emilie data\Raw_data\Emilie_SoftSensor\Emilie_SoftSensor\Raw_data_Plate\EEM\EEM_EG_Pavlovagyrans_raw_001_009_E9.csv","C:\Users\nhadu\OneDrive - UTS\C3_UTS\Soft_Sensor_Loc\Emilie data\Raw_data\Emilie_SoftSensor\Emilie_SoftSensor\Raw_data_Plate\Raman\Raman_EG_Pavlovagyrans_raw_001_009_E9.CSV","reference workbook missing from local extraction"
"EG","Pavlovagyrans","1","9","F10","Plate","True","True","False","EEM+Raman","C:\Users\nhadu\OneDrive - UTS\C3_UTS\Soft_Sensor_Loc\Emilie data\Raw_data\Emilie_SoftSensor\Emilie_SoftSensor\Raw_data_Plate\EEM\EEM_EG_Pavlovagyrans_raw_001_009_F10.csv","C:\Users\nhadu\OneDrive - UTS\C3_UTS\Soft_Sensor_Loc\Emilie data\Raw_data\Emilie_SoftSensor\Emilie_SoftSensor\Raw_data_Plate\Raman\Raman_EG_Pavlovagyrans_raw_001_009_F10.CSV","reference workbook missing from local extraction"
"EG","Pavlovagyrans","1","9","F11","Plate","True","True","False","EEM+Raman","C:\Users\nhadu\OneDrive - UTS\C3_UTS\Soft_Sensor_Loc\Emilie data\Raw_data\Emilie_SoftSensor\Emilie_SoftSensor\Raw_data_Plate\EEM\EEM_EG_Pavlovagyrans_raw_001_009_F11.csv","C:\Users\nhadu\OneDrive - UTS\C3_UTS\Soft_Sensor_Loc\Emilie data\Raw_data\Emilie_SoftSensor\Emilie_SoftSensor\Raw_data_Plate\Raman\Raman_EG_Pavlovagyrans_raw_001_009_F11.CSV","reference workbook missing from local extraction"
"EG","Pavlovagyrans","1","9","F2","Plate","True","True","False","EEM+Raman","C:\Users\nhadu\OneDrive - UTS\C3_UTS\Soft_Sensor_Loc\Emilie data\Raw_data\Emilie_SoftSensor\Emilie_SoftSensor\Raw_data_Plate\EEM\EEM_EG_Pavlovagyrans_raw_001_009_F2.csv","C:\Users\nhadu\OneDrive - UTS\C3_UTS\Soft_Sensor_Loc\Emilie data\Raw_data\Emilie_SoftSensor\Emilie_SoftSensor\Raw_data_Plate\Raman\Raman_EG_Pavlovagyrans_raw_001_009_F2.CSV","reference workbook missing from local extraction"
"EG","Pavlovagyrans","1","9","F3","Plate","True","True","False","EEM+Raman","C:\Users\nhadu\OneDrive - UTS\C3_UTS\Soft_Sensor_Loc\Emilie data\Raw_data\Emilie_SoftSensor\Emilie_SoftSensor\Raw_data_Plate\EEM\EEM_EG_Pavlovagyrans_raw_001_009_F3.csv","C:\Users\nhadu\OneDrive - UTS\C3_UTS\Soft_Sensor_Loc\Emilie data\Raw_data\Emilie_SoftSensor\Emilie_SoftSensor\Raw_data_Plate\Raman\Raman_EG_Pavlovagyrans_raw_001_009_F3.CSV","reference workbook missing from local extraction"
"EG","Pavlovagyrans","1","9","F4","Plate","True","True","False","EEM+Raman","C:\Users\nhadu\OneDrive - UTS\C3_UTS\Soft_Sensor_Loc\Emilie data\Raw_data\Emilie_SoftSensor\Emilie_SoftSensor\Raw_data_Plate\EEM\EEM_EG_Pavlovagyrans_raw_001_009_F4.csv","C:\Users\nhadu\OneDrive - UTS\C3_UTS\Soft_Sensor_Loc\Emilie data\Raw_data\Emilie_SoftSensor\Emilie_SoftSensor\Raw_data_Plate\Raman\Raman_EG_Pavlovagyrans_raw_001_009_F4.CSV","reference workbook missing from local extraction"
"EG","Pavlovagyrans","1","9","F5","Plate","True","True","False","EEM+Raman","C:\Users\nhadu\OneDrive - UTS\C3_UTS\Soft_Sensor_Loc\Emilie data\Raw_data\Emilie_SoftSensor\Emilie_SoftSensor\Raw_data_Plate\EEM\EEM_EG_Pavlovagyrans_raw_001_009_F5.csv","C:\Users\nhadu\OneDrive - UTS\C3_UTS\Soft_Sensor_Loc\Emilie data\Raw_data\Emilie_SoftSensor\Emilie_SoftSensor\Raw_data_Plate\Raman\Raman_EG_Pavlovagyrans_raw_001_009_F5.CSV","reference workbook missing from local extraction"
"EG","Pavlovagyrans","1","9","F6","Plate","True","True","False","EEM+Raman","C:\Users\nhadu\OneDrive - UTS\C3_UTS\Soft_Sensor_Loc\Emilie data\Raw_data\Emilie_SoftSensor\Emilie_SoftSensor\Raw_data_Plate\EEM\EEM_EG_Pavlovagyrans_raw_001_009_F6.csv","C:\Users\nhadu\OneDrive - UTS\C3_UTS\Soft_Sensor_Loc\Emilie data\Raw_data\Emilie_SoftSensor\Emilie_SoftSensor\Raw_data_Plate\Raman\Raman_EG_Pavlovagyrans_raw_001_009_F6.CSV","reference workbook missing from local extraction"
"EG","Pavlovagyrans","1","9","F7","Plate","True","True","False","EEM+Raman","C:\Users\nhadu\OneDrive - UTS\C3_UTS\Soft_Sensor_Loc\Emilie data\Raw_data\Emilie_SoftSensor\Emilie_SoftSensor\Raw_data_Plate\EEM\EEM_EG_Pavlovagyrans_raw_001_009_F7.csv","C:\Users\nhadu\OneDrive - UTS\C3_UTS\Soft_Sensor_Loc\Emilie data\Raw_data\Emilie_SoftSensor\Emilie_SoftSensor\Raw_data_Plate\Raman\Raman_EG_Pavlovagyrans_raw_001_009_F7.CSV","reference workbook missing from local extraction"
"EG","Pavlovagyrans","1","9","F8","Plate","True","True","False","EEM+Raman","C:\Users\nhadu\OneDrive - UTS\C3_UTS\Soft_Sensor_Loc\Emilie data\Raw_data\Emilie_SoftSensor\Emilie_SoftSensor\Raw_data_Plate\EEM\EEM_EG_Pavlovagyrans_raw_001_009_F8.csv","C:\Users\nhadu\OneDrive - UTS\C3_UTS\Soft_Sensor_Loc\Emilie data\Raw_data\Emilie_SoftSensor\Emilie_SoftSensor\Raw_data_Plate\Raman\Raman_EG_Pavlovagyrans_raw_001_009_F8.CSV","reference workbook missing from local extraction"
"EG","Pavlovagyrans","1","9","F9","Plate","True","True","False","EEM+Raman","C:\Users\nhadu\OneDrive - UTS\C3_UTS\Soft_Sensor_Loc\Emilie data\Raw_data\Emilie_SoftSensor\Emilie_SoftSensor\Raw_data_Plate\EEM\EEM_EG_Pavlovagyrans_raw_001_009_F9.csv","C:\Users\nhadu\OneDrive - UTS\C3_UTS\Soft_Sensor_Loc\Emilie data\Raw_data\Emilie_SoftSensor\Emilie_SoftSensor\Raw_data_Plate\Raman\Raman_EG_Pavlovagyrans_raw_001_009_F9.CSV","reference workbook missing from local extraction"
"EG","Pavlovagyrans","1","9","G10","Plate","True","True","False","EEM+Raman","C:\Users\nhadu\OneDrive - UTS\C3_UTS\Soft_Sensor_Loc\Emilie data\Raw_data\Emilie_SoftSensor\Emilie_SoftSensor\Raw_data_Plate\EEM\EEM_EG_Pavlovagyrans_raw_001_009_G10.csv","C:\Users\nhadu\OneDrive - UTS\C3_UTS\Soft_Sensor_Loc\Emilie data\Raw_data\Emilie_SoftSensor\Emilie_SoftSensor\Raw_data_Plate\Raman\Raman_EG_Pavlovagyrans_raw_001_009_G10.CSV","reference workbook missing from local extraction"
"EG","Pavlovagyrans","1","9","G11","Plate","True","True","False","EEM+Raman","C:\Users\nhadu\OneDrive - UTS\C3_UTS\Soft_Sensor_Loc\Emilie data\Raw_data\Emilie_SoftSensor\Emilie_SoftSensor\Raw_data_Plate\EEM\EEM_EG_Pavlovagyrans_raw_001_009_G11.csv","C:\Users\nhadu\OneDrive - UTS\C3_UTS\Soft_Sensor_Loc\Emilie data\Raw_data\Emilie_SoftSensor\Emilie_SoftSensor\Raw_data_Plate\Raman\Raman_EG_Pavlovagyrans_raw_001_009_G11.CSV","reference workbook missing from local extraction"
"EG","Pavlovagyrans","1","9","G2","Plate","True","True","False","EEM+Raman","C:\Users\nhadu\OneDrive - UTS\C3_UTS\Soft_Sensor_Loc\Emilie data\Raw_data\Emilie_SoftSensor\Emilie_SoftSensor\Raw_data_Plate\EEM\EEM_EG_Pavlovagyrans_raw_001_009_G2.csv","C:\Users\nhadu\OneDrive - UTS\C3_UTS\Soft_Sensor_Loc\Emilie data\Raw_data\Emilie_SoftSensor\Emilie_SoftSensor\Raw_data_Plate\Raman\Raman_EG_Pavlovagyrans_raw_001_009_G2.CSV","reference workbook missing from local extraction"
"EG","Pavlovagyrans","1","9","G3","Plate","True","True","False","EEM+Raman","C:\Users\nhadu\OneDrive - UTS\C3_UTS\Soft_Sensor_Loc\Emilie data\Raw_data\Emilie_SoftSensor\Emilie_SoftSensor\Raw_data_Plate\EEM\EEM_EG_Pavlovagyrans_raw_001_009_G3.csv","C:\Users\nhadu\OneDrive - UTS\C3_UTS\Soft_Sensor_Loc\Emilie data\Raw_data\Emilie_SoftSensor\Emilie_SoftSensor\Raw_data_Plate\Raman\Raman_EG_Pavlovagyrans_raw_001_009_G3.CSV","reference workbook missing from local extraction"
"EG","Pavlovagyrans","1","9","G4","Plate","True","True","False","EEM+Raman","C:\Users\nhadu\OneDrive - UTS\C3_UTS\Soft_Sensor_Loc\Emilie data\Raw_data\Emilie_SoftSensor\Emilie_SoftSensor\Raw_data_Plate\EEM\EEM_EG_Pavlovagyrans_raw_001_009_G4.csv","C:\Users\nhadu\OneDrive - UTS\C3_UTS\Soft_Sensor_Loc\Emilie data\Raw_data\Emilie_SoftSensor\Emilie_SoftSensor\Raw_data_Plate\Raman\Raman_EG_Pavlovagyrans_raw_001_009_G4.CSV","reference workbook missing from local extraction"
"EG","Pavlovagyrans","1","9","G5","Plate","True","True","False","EEM+Raman","C:\Users\nhadu\OneDrive - UTS\C3_UTS\Soft_Sensor_Loc\Emilie data\Raw_data\Emilie_SoftSensor\Emilie_SoftSensor\Raw_data_Plate\EEM\EEM_EG_Pavlovagyrans_raw_001_009_G5.csv","C:\Users\nhadu\OneDrive - UTS\C3_UTS\Soft_Sensor_Loc\Emilie data\Raw_data\Emilie_SoftSensor\Emilie_SoftSensor\Raw_data_Plate\Raman\Raman_EG_Pavlovagyrans_raw_001_009_G5.CSV","reference workbook missing from local extraction"
"EG","Pavlovagyrans","1","9","G6","Plate","True","True","False","EEM+Raman","C:\Users\nhadu\OneDrive - UTS\C3_UTS\Soft_Sensor_Loc\Emilie data\Raw_data\Emilie_SoftSensor\Emilie_SoftSensor\Raw_data_Plate\EEM\EEM_EG_Pavlovagyrans_raw_001_009_G6.csv","C:\Users\nhadu\OneDrive - UTS\C3_UTS\Soft_Sensor_Loc\Emilie data\Raw_data\Emilie_SoftSensor\Emilie_SoftSensor\Raw_data_Plate\Raman\Raman_EG_Pavlovagyrans_raw_001_009_G6.CSV","reference workbook missing from local extraction"
"EG","Pavlovagyrans","1","9","G7","Plate","True","True","False","EEM+Raman","C:\Users\nhadu\OneDrive - UTS\C3_UTS\Soft_Sensor_Loc\Emilie data\Raw_data\Emilie_SoftSensor\Emilie_SoftSensor\Raw_data_Plate\EEM\EEM_EG_Pavlovagyrans_raw_001_009_G7.csv","C:\Users\nhadu\OneDrive - UTS\C3_UTS\Soft_Sensor_Loc\Emilie data\Raw_data\Emilie_SoftSensor\Emilie_SoftSensor\Raw_data_Plate\Raman\Raman_EG_Pavlovagyrans_raw_001_009_G7.CSV","reference workbook missing from local extraction"
"EG","Pavlovagyrans","1","9","G8","Plate","True","True","False","EEM+Raman","C:\Users\nhadu\OneDrive - UTS\C3_UTS\Soft_Sensor_Loc\Emilie data\Raw_data\Emilie_SoftSensor\Emilie_SoftSensor\Raw_data_Plate\EEM\EEM_EG_Pavlovagyrans_raw_001_009_G8.csv","C:\Users\nhadu\OneDrive - UTS\C3_UTS\Soft_Sensor_Loc\Emilie data\Raw_data\Emilie_SoftSensor\Emilie_SoftSensor\Raw_data_Plate\Raman\Raman_EG_Pavlovagyrans_raw_001_009_G8.CSV","reference workbook missing from local extraction"
"EG","Pavlovagyrans","1","9","G9","Plate","True","True","False","EEM+Raman","C:\Users\nhadu\OneDrive - UTS\C3_UTS\Soft_Sensor_Loc\Emilie data\Raw_data\Emilie_SoftSensor\Emilie_SoftSensor\Raw_data_Plate\EEM\EEM_EG_Pavlovagyrans_raw_001_009_G9.csv","C:\Users\nhadu\OneDrive - UTS\C3_UTS\Soft_Sensor_Loc\Emilie data\Raw_data\Emilie_SoftSensor\Emilie_SoftSensor\Raw_data_Plate\Raman\Raman_EG_Pavlovagyrans_raw_001_009_G9.CSV","reference workbook missing from local extraction"
"EG","Pavlovagyrans","1","10","B10","Plate","True","True","False","EEM+Raman","C:\Users\nhadu\OneDrive - UTS\C3_UTS\Soft_Sensor_Loc\Emilie data\Raw_data\Emilie_SoftSensor\Emilie_SoftSensor\Raw_data_Plate\EEM\EEM_EG_Pavlovagyrans_raw_001_010_B10.csv","C:\Users\nhadu\OneDrive - UTS\C3_UTS\Soft_Sensor_Loc\Emilie data\Raw_data\Emilie_SoftSensor\Emilie_SoftSensor\Raw_data_Plate\Raman\Raman_EG_Pavlovagyrans_raw_001_010_B10.CSV","reference workbook missing from local extraction"
"EG","Pavlovagyrans","1","10","B11","Plate","True","True","False","EEM+Raman","C:\Users\nhadu\OneDrive - UTS\C3_UTS\Soft_Sensor_Loc\Emilie data\Raw_data\Emilie_SoftSensor\Emilie_SoftSensor\Raw_data_Plate\EEM\EEM_EG_Pavlovagyrans_raw_001_010_B11.csv","C:\Users\nhadu\OneDrive - UTS\C3_UTS\Soft_Sensor_Loc\Emilie data\Raw_data\Emilie_SoftSensor\Emilie_SoftSensor\Raw_data_Plate\Raman\Raman_EG_Pavlovagyrans_raw_001_010_B11.CSV","reference workbook missing from local extraction"
"EG","Pavlovagyrans","1","10","B2","Plate","True","True","False","EEM+Raman","C:\Users\nhadu\OneDrive - UTS\C3_UTS\Soft_Sensor_Loc\Emilie data\Raw_data\Emilie_SoftSensor\Emilie_SoftSensor\Raw_data_Plate\EEM\EEM_EG_Pavlovagyrans_raw_001_010_B2.csv","C:\Users\nhadu\OneDrive - UTS\C3_UTS\Soft_Sensor_Loc\Emilie data\Raw_data\Emilie_SoftSensor\Emilie_SoftSensor\Raw_data_Plate\Raman\Raman_EG_Pavlovagyrans_raw_001_010_B2.CSV","reference workbook missing from local extraction"
"EG","Pavlovagyrans","1","10","B3","Plate","True","True","False","EEM+Raman","C:\Users\nhadu\OneDrive - UTS\C3_UTS\Soft_Sensor_Loc\Emilie data\Raw_data\Emilie_SoftSensor\Emilie_SoftSensor\Raw_data_Plate\EEM\EEM_EG_Pavlovagyrans_raw_001_010_B3.csv","C:\Users\nhadu\OneDrive - UTS\C3_UTS\Soft_Sensor_Loc\Emilie data\Raw_data\Emilie_SoftSensor\Emilie_SoftSensor\Raw_data_Plate\Raman\Raman_EG_Pavlovagyrans_raw_001_010_B3.CSV","reference workbook missing from local extraction"
"EG","Pavlovagyrans","1","10","B4","Plate","True","True","False","EEM+Raman","C:\Users\nhadu\OneDrive - UTS\C3_UTS\Soft_Sensor_Loc\Emilie data\Raw_data\Emilie_SoftSensor\Emilie_SoftSensor\Raw_data_Plate\EEM\EEM_EG_Pavlovagyrans_raw_001_010_B4.csv","C:\Users\nhadu\OneDrive - UTS\C3_UTS\Soft_Sensor_Loc\Emilie data\Raw_data\Emilie_SoftSensor\Emilie_SoftSensor\Raw_data_Plate\Raman\Raman_EG_Pavlovagyrans_raw_001_010_B4.CSV","reference workbook missing from local extraction"
"EG","Pavlovagyrans","1","10","B5","Plate","True","True","False","EEM+Raman","C:\Users\nhadu\OneDrive - UTS\C3_UTS\Soft_Sensor_Loc\Emilie data\Raw_data\Emilie_SoftSensor\Emilie_SoftSensor\Raw_data_Plate\EEM\EEM_EG_Pavlovagyrans_raw_001_010_B5.csv","C:\Users\nhadu\OneDrive - UTS\C3_UTS\Soft_Sensor_Loc\Emilie data\Raw_data\Emilie_SoftSensor\Emilie_SoftSensor\Raw_data_Plate\Raman\Raman_EG_Pavlovagyrans_raw_001_010_B5.CSV","reference workbook missing from local extraction"
"EG","Pavlovagyrans","1","10","B6","Plate","True","True","False","EEM+Raman","C:\Users\nhadu\OneDrive - UTS\C3_UTS\Soft_Sensor_Loc\Emilie data\Raw_data\Emilie_SoftSensor\Emilie_SoftSensor\Raw_data_Plate\EEM\EEM_EG_Pavlovagyrans_raw_001_010_B6.csv","C:\Users\nhadu\OneDrive - UTS\C3_UTS\Soft_Sensor_Loc\Emilie data\Raw_data\Emilie_SoftSensor\Emilie_SoftSensor\Raw_data_Plate\Raman\Raman_EG_Pavlovagyrans_raw_001_010_B6.CSV","reference workbook missing from local extraction"
"EG","Pavlovagyrans","1","10","B7","Plate","True","True","False","EEM+Raman","C:\Users\nhadu\OneDrive - UTS\C3_UTS\Soft_Sensor_Loc\Emilie data\Raw_data\Emilie_SoftSensor\Emilie_SoftSensor\Raw_data_Plate\EEM\EEM_EG_Pavlovagyrans_raw_001_010_B7.csv","C:\Users\nhadu\OneDrive - UTS\C3_UTS\Soft_Sensor_Loc\Emilie data\Raw_data\Emilie_SoftSensor\Emilie_SoftSensor\Raw_data_Plate\Raman\Raman_EG_Pavlovagyrans_raw_001_010_B7.CSV","reference workbook missing from local extraction"
"EG","Pavlovagyrans","1","10","B8","Plate","True","True","False","EEM+Raman","C:\Users\nhadu\OneDrive - UTS\C3_UTS\Soft_Sensor_Loc\Emilie data\Raw_data\Emilie_SoftSensor\Emilie_SoftSensor\Raw_data_Plate\EEM\EEM_EG_Pavlovagyrans_raw_001_010_B8.csv","C:\Users\nhadu\OneDrive - UTS\C3_UTS\Soft_Sensor_Loc\Emilie data\Raw_data\Emilie_SoftSensor\Emilie_SoftSensor\Raw_data_Plate\Raman\Raman_EG_Pavlovagyrans_raw_001_010_B8.CSV","reference workbook missing from local extraction"
"EG","Pavlovagyrans","1","10","B9","Plate","True","True","False","EEM+Raman","C:\Users\nhadu\OneDrive - UTS\C3_UTS\Soft_Sensor_Loc\Emilie data\Raw_data\Emilie_SoftSensor\Emilie_SoftSensor\Raw_data_Plate\EEM\EEM_EG_Pavlovagyrans_raw_001_010_B9.csv","C:\Users\nhadu\OneDrive - UTS\C3_UTS\Soft_Sensor_Loc\Emilie data\Raw_data\Emilie_SoftSensor\Emilie_SoftSensor\Raw_data_Plate\Raman\Raman_EG_Pavlovagyrans_raw_001_010_B9.CSV","reference workbook missing from local extraction"
"EG","Pavlovagyrans","1","10","C10","Plate","True","True","False","EEM+Raman","C:\Users\nhadu\OneDrive - UTS\C3_UTS\Soft_Sensor_Loc\Emilie data\Raw_data\Emilie_SoftSensor\Emilie_SoftSensor\Raw_data_Plate\EEM\EEM_EG_Pavlovagyrans_raw_001_010_C10.csv","C:\Users\nhadu\OneDrive - UTS\C3_UTS\Soft_Sensor_Loc\Emilie data\Raw_data\Emilie_SoftSensor\Emilie_SoftSensor\Raw_data_Plate\Raman\Raman_EG_Pavlovagyrans_raw_001_010_C10.CSV","reference workbook missing from local extraction"
"EG","Pavlovagyrans","1","10","C11","Plate","True","True","False","EEM+Raman","C:\Users\nhadu\OneDrive - UTS\C3_UTS\Soft_Sensor_Loc\Emilie data\Raw_data\Emilie_SoftSensor\Emilie_SoftSensor\Raw_data_Plate\EEM\EEM_EG_Pavlovagyrans_raw_001_010_C11.csv","C:\Users\nhadu\OneDrive - UTS\C3_UTS\Soft_Sensor_Loc\Emilie data\Raw_data\Emilie_SoftSensor\Emilie_SoftSensor\Raw_data_Plate\Raman\Raman_EG_Pavlovagyrans_raw_001_010_C11.CSV","reference workbook missing from local extraction"
"EG","Pavlovagyrans","1","10","C2","Plate","True","True","False","EEM+Raman","C:\Users\nhadu\OneDrive - UTS\C3_UTS\Soft_Sensor_Loc\Emilie data\Raw_data\Emilie_SoftSensor\Emilie_SoftSensor\Raw_data_Plate\EEM\EEM_EG_Pavlovagyrans_raw_001_010_C2.csv","C:\Users\nhadu\OneDrive - UTS\C3_UTS\Soft_Sensor_Loc\Emilie data\Raw_data\Emilie_SoftSensor\Emilie_SoftSensor\Raw_data_Plate\Raman\Raman_EG_Pavlovagyrans_raw_001_010_C2.CSV","reference workbook missing from local extraction"
"EG","Pavlovagyrans","1","10","C3","Plate","True","True","False","EEM+Raman","C:\Users\nhadu\OneDrive - UTS\C3_UTS\Soft_Sensor_Loc\Emilie data\Raw_data\Emilie_SoftSensor\Emilie_SoftSensor\Raw_data_Plate\EEM\EEM_EG_Pavlovagyrans_raw_001_010_C3.csv","C:\Users\nhadu\OneDrive - UTS\C3_UTS\Soft_Sensor_Loc\Emilie data\Raw_data\Emilie_SoftSensor\Emilie_SoftSensor\Raw_data_Plate\Raman\Raman_EG_Pavlovagyrans_raw_001_010_C3.CSV","reference workbook missing from local extraction"
"EG","Pavlovagyrans","1","10","C4","Plate","True","True","False","EEM+Raman","C:\Users\nhadu\OneDrive - UTS\C3_UTS\Soft_Sensor_Loc\Emilie data\Raw_data\Emilie_SoftSensor\Emilie_SoftSensor\Raw_data_Plate\EEM\EEM_EG_Pavlovagyrans_raw_001_010_C4.csv","C:\Users\nhadu\OneDrive - UTS\C3_UTS\Soft_Sensor_Loc\Emilie data\Raw_data\Emilie_SoftSensor\Emilie_SoftSensor\Raw_data_Plate\Raman\Raman_EG_Pavlovagyrans_raw_001_010_C4.CSV","reference workbook missing from local extraction"
"EG","Pavlovagyrans","1","10","C5","Plate","True","True","False","EEM+Raman","C:\Users\nhadu\OneDrive - UTS\C3_UTS\Soft_Sensor_Loc\Emilie data\Raw_data\Emilie_SoftSensor\Emilie_SoftSensor\Raw_data_Plate\EEM\EEM_EG_Pavlovagyrans_raw_001_010_C5.csv","C:\Users\nhadu\OneDrive - UTS\C3_UTS\Soft_Sensor_Loc\Emilie data\Raw_data\Emilie_SoftSensor\Emilie_SoftSensor\Raw_data_Plate\Raman\Raman_EG_Pavlovagyrans_raw_001_010_C5.CSV","reference workbook missing from local extraction"
"EG","Pavlovagyrans","1","10","C6","Plate","True","True","False","EEM+Raman","C:\Users\nhadu\OneDrive - UTS\C3_UTS\Soft_Sensor_Loc\Emilie data\Raw_data\Emilie_SoftSensor\Emilie_SoftSensor\Raw_data_Plate\EEM\EEM_EG_Pavlovagyrans_raw_001_010_C6.csv","C:\Users\nhadu\OneDrive - UTS\C3_UTS\Soft_Sensor_Loc\Emilie data\Raw_data\Emilie_SoftSensor\Emilie_SoftSensor\Raw_data_Plate\Raman\Raman_EG_Pavlovagyrans_raw_001_010_C6.CSV","reference workbook missing from local extraction"
"EG","Pavlovagyrans","1","10","C7","Plate","True","True","False","EEM+Raman","C:\Users\nhadu\OneDrive - UTS\C3_UTS\Soft_Sensor_Loc\Emilie data\Raw_data\Emilie_SoftSensor\Emilie_SoftSensor\Raw_data_Plate\EEM\EEM_EG_Pavlovagyrans_raw_001_010_C7.csv","C:\Users\nhadu\OneDrive - UTS\C3_UTS\Soft_Sensor_Loc\Emilie data\Raw_data\Emilie_SoftSensor\Emilie_SoftSensor\Raw_data_Plate\Raman\Raman_EG_Pavlovagyrans_raw_001_010_C7.CSV","reference workbook missing from local extraction"
"EG","Pavlovagyrans","1","10","C8","Plate","True","True","False","EEM+Raman","C:\Users\nhadu\OneDrive - UTS\C3_UTS\Soft_Sensor_Loc\Emilie data\Raw_data\Emilie_SoftSensor\Emilie_SoftSensor\Raw_data_Plate\EEM\EEM_EG_Pavlovagyrans_raw_001_010_C8.csv","C:\Users\nhadu\OneDrive - UTS\C3_UTS\Soft_Sensor_Loc\Emilie data\Raw_data\Emilie_SoftSensor\Emilie_SoftSensor\Raw_data_Plate\Raman\Raman_EG_Pavlovagyrans_raw_001_010_C8.CSV","reference workbook missing from local extraction"
"EG","Pavlovagyrans","1","10","C9","Plate","True","True","False","EEM+Raman","C:\Users\nhadu\OneDrive - UTS\C3_UTS\Soft_Sensor_Loc\Emilie data\Raw_data\Emilie_SoftSensor\Emilie_SoftSensor\Raw_data_Plate\EEM\EEM_EG_Pavlovagyrans_raw_001_010_C9.csv","C:\Users\nhadu\OneDrive - UTS\C3_UTS\Soft_Sensor_Loc\Emilie data\Raw_data\Emilie_SoftSensor\Emilie_SoftSensor\Raw_data_Plate\Raman\Raman_EG_Pavlovagyrans_raw_001_010_C9.CSV","reference workbook missing from local extraction"
"EG","Pavlovagyrans","1","10","D10","Plate","True","True","False","EEM+Raman","C:\Users\nhadu\OneDrive - UTS\C3_UTS\Soft_Sensor_Loc\Emilie data\Raw_data\Emilie_SoftSensor\Emilie_SoftSensor\Raw_data_Plate\EEM\EEM_EG_Pavlovagyrans_raw_001_010_D10.csv","C:\Users\nhadu\OneDrive - UTS\C3_UTS\Soft_Sensor_Loc\Emilie data\Raw_data\Emilie_SoftSensor\Emilie_SoftSensor\Raw_data_Plate\Raman\Raman_EG_Pavlovagyrans_raw_001_010_D10.CSV","reference workbook missing from local extraction"
"EG","Pavlovagyrans","1","10","D11","Plate","True","True","False","EEM+Raman","C:\Users\nhadu\OneDrive - UTS\C3_UTS\Soft_Sensor_Loc\Emilie data\Raw_data\Emilie_SoftSensor\Emilie_SoftSensor\Raw_data_Plate\EEM\EEM_EG_Pavlovagyrans_raw_001_010_D11.csv","C:\Users\nhadu\OneDrive - UTS\C3_UTS\Soft_Sensor_Loc\Emilie data\Raw_data\Emilie_SoftSensor\Emilie_SoftSensor\Raw_data_Plate\Raman\Raman_EG_Pavlovagyrans_raw_001_010_D11.CSV","reference workbook missing from local extraction"
"EG","Pavlovagyrans","1","10","D2","Plate","True","True","False","EEM+Raman","C:\Users\nhadu\OneDrive - UTS\C3_UTS\Soft_Sensor_Loc\Emilie data\Raw_data\Emilie_SoftSensor\Emilie_SoftSensor\Raw_data_Plate\EEM\EEM_EG_Pavlovagyrans_raw_001_010_D2.csv","C:\Users\nhadu\OneDrive - UTS\C3_UTS\Soft_Sensor_Loc\Emilie data\Raw_data\Emilie_SoftSensor\Emilie_SoftSensor\Raw_data_Plate\Raman\Raman_EG_Pavlovagyrans_raw_001_010_D2.CSV","reference workbook missing from local extraction"
"EG","Pavlovagyrans","1","10","D3","Plate","True","True","False","EEM+Raman","C:\Users\nhadu\OneDrive - UTS\C3_UTS\Soft_Sensor_Loc\Emilie data\Raw_data\Emilie_SoftSensor\Emilie_SoftSensor\Raw_data_Plate\EEM\EEM_EG_Pavlovagyrans_raw_001_010_D3.csv","C:\Users\nhadu\OneDrive - UTS\C3_UTS\Soft_Sensor_Loc\Emilie data\Raw_data\Emilie_SoftSensor\Emilie_SoftSensor\Raw_data_Plate\Raman\Raman_EG_Pavlovagyrans_raw_001_010_D3.CSV","reference workbook missing from local extraction"
"EG","Pavlovagyrans","1","10","D4","Plate","True","True","False","EEM+Raman","C:\Users\nhadu\OneDrive - UTS\C3_UTS\Soft_Sensor_Loc\Emilie data\Raw_data\Emilie_SoftSensor\Emilie_SoftSensor\Raw_data_Plate\EEM\EEM_EG_Pavlovagyrans_raw_001_010_D4.csv","C:\Users\nhadu\OneDrive - UTS\C3_UTS\Soft_Sensor_Loc\Emilie data\Raw_data\Emilie_SoftSensor\Emilie_SoftSensor\Raw_data_Plate\Raman\Raman_EG_Pavlovagyrans_raw_001_010_D4.CSV","reference workbook missing from local extraction"
"EG","Pavlovagyrans","1","10","D5","Plate","True","True","False","EEM+Raman","C:\Users\nhadu\OneDrive - UTS\C3_UTS\Soft_Sensor_Loc\Emilie data\Raw_data\Emilie_SoftSensor\Emilie_SoftSensor\Raw_data_Plate\EEM\EEM_EG_Pavlovagyrans_raw_001_010_D5.csv","C:\Users\nhadu\OneDrive - UTS\C3_UTS\Soft_Sensor_Loc\Emilie data\Raw_data\Emilie_SoftSensor\Emilie_SoftSensor\Raw_data_Plate\Raman\Raman_EG_Pavlovagyrans_raw_001_010_D5.CSV","reference workbook missing from local extraction"
"EG","Pavlovagyrans","1","10","D6","Plate","True","True","False","EEM+Raman","C:\Users\nhadu\OneDrive - UTS\C3_UTS\Soft_Sensor_Loc\Emilie data\Raw_data\Emilie_SoftSensor\Emilie_SoftSensor\Raw_data_Plate\EEM\EEM_EG_Pavlovagyrans_raw_001_010_D6.csv","C:\Users\nhadu\OneDrive - UTS\C3_UTS\Soft_Sensor_Loc\Emilie data\Raw_data\Emilie_SoftSensor\Emilie_SoftSensor\Raw_data_Plate\Raman\Raman_EG_Pavlovagyrans_raw_001_010_D6.CSV","reference workbook missing from local extraction"
"EG","Pavlovagyrans","1","10","D7","Plate","True","True","False","EEM+Raman","C:\Users\nhadu\OneDrive - UTS\C3_UTS\Soft_Sensor_Loc\Emilie data\Raw_data\Emilie_SoftSensor\Emilie_SoftSensor\Raw_data_Plate\EEM\EEM_EG_Pavlovagyrans_raw_001_010_D7.csv","C:\Users\nhadu\OneDrive - UTS\C3_UTS\Soft_Sensor_Loc\Emilie data\Raw_data\Emilie_SoftSensor\Emilie_SoftSensor\Raw_data_Plate\Raman\Raman_EG_Pavlovagyrans_raw_001_010_D7.CSV","reference workbook missing from local extraction"
"EG","Pavlovagyrans","1","10","D8","Plate","True","True","False","EEM+Raman","C:\Users\nhadu\OneDrive - UTS\C3_UTS\Soft_Sensor_Loc\Emilie data\Raw_data\Emilie_SoftSensor\Emilie_SoftSensor\Raw_data_Plate\EEM\EEM_EG_Pavlovagyrans_raw_001_010_D8.csv","C:\Users\nhadu\OneDrive - UTS\C3_UTS\Soft_Sensor_Loc\Emilie data\Raw_data\Emilie_SoftSensor\Emilie_SoftSensor\Raw_data_Plate\Raman\Raman_EG_Pavlovagyrans_raw_001_010_D8.CSV","reference workbook missing from local extraction"
"EG","Pavlovagyrans","1","10","D9","Plate","True","True","False","EEM+Raman","C:\Users\nhadu\OneDrive - UTS\C3_UTS\Soft_Sensor_Loc\Emilie data\Raw_data\Emilie_SoftSensor\Emilie_SoftSensor\Raw_data_Plate\EEM\EEM_EG_Pavlovagyrans_raw_001_010_D9.csv","C:\Users\nhadu\OneDrive - UTS\C3_UTS\Soft_Sensor_Loc\Emilie data\Raw_data\Emilie_SoftSensor\Emilie_SoftSensor\Raw_data_Plate\Raman\Raman_EG_Pavlovagyrans_raw_001_010_D9.CSV","reference workbook missing from local extraction"
"EG","Pavlovagyrans","1","10","E10","Plate","True","True","False","EEM+Raman","C:\Users\nhadu\OneDrive - UTS\C3_UTS\Soft_Sensor_Loc\Emilie data\Raw_data\Emilie_SoftSensor\Emilie_SoftSensor\Raw_data_Plate\EEM\EEM_EG_Pavlovagyrans_raw_001_010_E10.csv","C:\Users\nhadu\OneDrive - UTS\C3_UTS\Soft_Sensor_Loc\Emilie data\Raw_data\Emilie_SoftSensor\Emilie_SoftSensor\Raw_data_Plate\Raman\Raman_EG_Pavlovagyrans_raw_001_010_E10.CSV","reference workbook missing from local extraction"
"EG","Pavlovagyrans","1","10","E11","Plate","True","True","False","EEM+Raman","C:\Users\nhadu\OneDrive - UTS\C3_UTS\Soft_Sensor_Loc\Emilie data\Raw_data\Emilie_SoftSensor\Emilie_SoftSensor\Raw_data_Plate\EEM\EEM_EG_Pavlovagyrans_raw_001_010_E11.csv","C:\Users\nhadu\OneDrive - UTS\C3_UTS\Soft_Sensor_Loc\Emilie data\Raw_data\Emilie_SoftSensor\Emilie_SoftSensor\Raw_data_Plate\Raman\Raman_EG_Pavlovagyrans_raw_001_010_E11.CSV","reference workbook missing from local extraction"
"EG","Pavlovagyrans","1","10","E2","Plate","True","True","False","EEM+Raman","C:\Users\nhadu\OneDrive - UTS\C3_UTS\Soft_Sensor_Loc\Emilie data\Raw_data\Emilie_SoftSensor\Emilie_SoftSensor\Raw_data_Plate\EEM\EEM_EG_Pavlovagyrans_raw_001_010_E2.csv","C:\Users\nhadu\OneDrive - UTS\C3_UTS\Soft_Sensor_Loc\Emilie data\Raw_data\Emilie_SoftSensor\Emilie_SoftSensor\Raw_data_Plate\Raman\Raman_EG_Pavlovagyrans_raw_001_010_E2.CSV","reference workbook missing from local extraction"
"EG","Pavlovagyrans","1","10","E3","Plate","True","True","False","EEM+Raman","C:\Users\nhadu\OneDrive - UTS\C3_UTS\Soft_Sensor_Loc\Emilie data\Raw_data\Emilie_SoftSensor\Emilie_SoftSensor\Raw_data_Plate\EEM\EEM_EG_Pavlovagyrans_raw_001_010_E3.csv","C:\Users\nhadu\OneDrive - UTS\C3_UTS\Soft_Sensor_Loc\Emilie data\Raw_data\Emilie_SoftSensor\Emilie_SoftSensor\Raw_data_Plate\Raman\Raman_EG_Pavlovagyrans_raw_001_010_E3.CSV","reference workbook missing from local extraction"
"EG","Pavlovagyrans","1","10","E4","Plate","True","True","False","EEM+Raman","C:\Users\nhadu\OneDrive - UTS\C3_UTS\Soft_Sensor_Loc\Emilie data\Raw_data\Emilie_SoftSensor\Emilie_SoftSensor\Raw_data_Plate\EEM\EEM_EG_Pavlovagyrans_raw_001_010_E4.csv","C:\Users\nhadu\OneDrive - UTS\C3_UTS\Soft_Sensor_Loc\Emilie data\Raw_data\Emilie_SoftSensor\Emilie_SoftSensor\Raw_data_Plate\Raman\Raman_EG_Pavlovagyrans_raw_001_010_E4.CSV","reference workbook missing from local extraction"
"EG","Pavlovagyrans","1","10","E5","Plate","True","True","False","EEM+Raman","C:\Users\nhadu\OneDrive - UTS\C3_UTS\Soft_Sensor_Loc\Emilie data\Raw_data\Emilie_SoftSensor\Emilie_SoftSensor\Raw_data_Plate\EEM\EEM_EG_Pavlovagyrans_raw_001_010_E5.csv","C:\Users\nhadu\OneDrive - UTS\C3_UTS\Soft_Sensor_Loc\Emilie data\Raw_data\Emilie_SoftSensor\Emilie_SoftSensor\Raw_data_Plate\Raman\Raman_EG_Pavlovagyrans_raw_001_010_E5.CSV","reference workbook missing from local extraction"
"EG","Pavlovagyrans","1","10","E6","Plate","True","True","False","EEM+Raman","C:\Users\nhadu\OneDrive - UTS\C3_UTS\Soft_Sensor_Loc\Emilie data\Raw_data\Emilie_SoftSensor\Emilie_SoftSensor\Raw_data_Plate\EEM\EEM_EG_Pavlovagyrans_raw_001_010_E6.csv","C:\Users\nhadu\OneDrive - UTS\C3_UTS\Soft_Sensor_Loc\Emilie data\Raw_data\Emilie_SoftSensor\Emilie_SoftSensor\Raw_data_Plate\Raman\Raman_EG_Pavlovagyrans_raw_001_010_E6.CSV","reference workbook missing from local extraction"
"EG","Pavlovagyrans","1","10","E7","Plate","True","True","False","EEM+Raman","C:\Users\nhadu\OneDrive - UTS\C3_UTS\Soft_Sensor_Loc\Emilie data\Raw_data\Emilie_SoftSensor\Emilie_SoftSensor\Raw_data_Plate\EEM\EEM_EG_Pavlovagyrans_raw_001_010_E7.csv","C:\Users\nhadu\OneDrive - UTS\C3_UTS\Soft_Sensor_Loc\Emilie data\Raw_data\Emilie_SoftSensor\Emilie_SoftSensor\Raw_data_Plate\Raman\Raman_EG_Pavlovagyrans_raw_001_010_E7.CSV","reference workbook missing from local extraction"
"EG","Pavlovagyrans","1","10","E8","Plate","True","True","False","EEM+Raman","C:\Users\nhadu\OneDrive - UTS\C3_UTS\Soft_Sensor_Loc\Emilie data\Raw_data\Emilie_SoftSensor\Emilie_SoftSensor\Raw_data_Plate\EEM\EEM_EG_Pavlovagyrans_raw_001_010_E8.csv","C:\Users\nhadu\OneDrive - UTS\C3_UTS\Soft_Sensor_Loc\Emilie data\Raw_data\Emilie_SoftSensor\Emilie_SoftSensor\Raw_data_Plate\Raman\Raman_EG_Pavlovagyrans_raw_001_010_E8.CSV","reference workbook missing from local extraction"
"EG","Pavlovagyrans","1","10","E9","Plate","True","True","False","EEM+Raman","C:\Users\nhadu\OneDrive - UTS\C3_UTS\Soft_Sensor_Loc\Emilie data\Raw_data\Emilie_SoftSensor\Emilie_SoftSensor\Raw_data_Plate\EEM\EEM_EG_Pavlovagyrans_raw_001_010_E9.csv","C:\Users\nhadu\OneDrive - UTS\C3_UTS\Soft_Sensor_Loc\Emilie data\Raw_data\Emilie_SoftSensor\Emilie_SoftSensor\Raw_data_Plate\Raman\Raman_EG_Pavlovagyrans_raw_001_010_E9.CSV","reference workbook missing from local extraction"
"EG","Pavlovagyrans","1","10","F10","Plate","True","True","False","EEM+Raman","C:\Users\nhadu\OneDrive - UTS\C3_UTS\Soft_Sensor_Loc\Emilie data\Raw_data\Emilie_SoftSensor\Emilie_SoftSensor\Raw_data_Plate\EEM\EEM_EG_Pavlovagyrans_raw_001_010_F10.csv","C:\Users\nhadu\OneDrive - UTS\C3_UTS\Soft_Sensor_Loc\Emilie data\Raw_data\Emilie_SoftSensor\Emilie_SoftSensor\Raw_data_Plate\Raman\Raman_EG_Pavlovagyrans_raw_001_010_F10.CSV","reference workbook missing from local extraction"
"EG","Pavlovagyrans","1","10","F11","Plate","True","True","False","EEM+Raman","C:\Users\nhadu\OneDrive - UTS\C3_UTS\Soft_Sensor_Loc\Emilie data\Raw_data\Emilie_SoftSensor\Emilie_SoftSensor\Raw_data_Plate\EEM\EEM_EG_Pavlovagyrans_raw_001_010_F11.csv","C:\Users\nhadu\OneDrive - UTS\C3_UTS\Soft_Sensor_Loc\Emilie data\Raw_data\Emilie_SoftSensor\Emilie_SoftSensor\Raw_data_Plate\Raman\Raman_EG_Pavlovagyrans_raw_001_010_F11.CSV","reference workbook missing from local extraction"
"EG","Pavlovagyrans","1","10","F2","Plate","True","True","False","EEM+Raman","C:\Users\nhadu\OneDrive - UTS\C3_UTS\Soft_Sensor_Loc\Emilie data\Raw_data\Emilie_SoftSensor\Emilie_SoftSensor\Raw_data_Plate\EEM\EEM_EG_Pavlovagyrans_raw_001_010_F2.csv","C:\Users\nhadu\OneDrive - UTS\C3_UTS\Soft_Sensor_Loc\Emilie data\Raw_data\Emilie_SoftSensor\Emilie_SoftSensor\Raw_data_Plate\Raman\Raman_EG_Pavlovagyrans_raw_001_010_F2.CSV","reference workbook missing from local extraction"
"EG","Pavlovagyrans","1","10","F3","Plate","True","True","False","EEM+Raman","C:\Users\nhadu\OneDrive - UTS\C3_UTS\Soft_Sensor_Loc\Emilie data\Raw_data\Emilie_SoftSensor\Emilie_SoftSensor\Raw_data_Plate\EEM\EEM_EG_Pavlovagyrans_raw_001_010_F3.csv","C:\Users\nhadu\OneDrive - UTS\C3_UTS\Soft_Sensor_Loc\Emilie data\Raw_data\Emilie_SoftSensor\Emilie_SoftSensor\Raw_data_Plate\Raman\Raman_EG_Pavlovagyrans_raw_001_010_F3.CSV","reference workbook missing from local extraction"
"EG","Pavlovagyrans","1","10","F4","Plate","True","True","False","EEM+Raman","C:\Users\nhadu\OneDrive - UTS\C3_UTS\Soft_Sensor_Loc\Emilie data\Raw_data\Emilie_SoftSensor\Emilie_SoftSensor\Raw_data_Plate\EEM\EEM_EG_Pavlovagyrans_raw_001_010_F4.csv","C:\Users\nhadu\OneDrive - UTS\C3_UTS\Soft_Sensor_Loc\Emilie data\Raw_data\Emilie_SoftSensor\Emilie_SoftSensor\Raw_data_Plate\Raman\Raman_EG_Pavlovagyrans_raw_001_010_F4.CSV","reference workbook missing from local extraction"
"EG","Pavlovagyrans","1","10","F5","Plate","True","True","False","EEM+Raman","C:\Users\nhadu\OneDrive - UTS\C3_UTS\Soft_Sensor_Loc\Emilie data\Raw_data\Emilie_SoftSensor\Emilie_SoftSensor\Raw_data_Plate\EEM\EEM_EG_Pavlovagyrans_raw_001_010_F5.csv","C:\Users\nhadu\OneDrive - UTS\C3_UTS\Soft_Sensor_Loc\Emilie data\Raw_data\Emilie_SoftSensor\Emilie_SoftSensor\Raw_data_Plate\Raman\Raman_EG_Pavlovagyrans_raw_001_010_F5.CSV","reference workbook missing from local extraction"
"EG","Pavlovagyrans","1","10","F6","Plate","True","True","False","EEM+Raman","C:\Users\nhadu\OneDrive - UTS\C3_UTS\Soft_Sensor_Loc\Emilie data\Raw_data\Emilie_SoftSensor\Emilie_SoftSensor\Raw_data_Plate\EEM\EEM_EG_Pavlovagyrans_raw_001_010_F6.csv","C:\Users\nhadu\OneDrive - UTS\C3_UTS\Soft_Sensor_Loc\Emilie data\Raw_data\Emilie_SoftSensor\Emilie_SoftSensor\Raw_data_Plate\Raman\Raman_EG_Pavlovagyrans_raw_001_010_F6.CSV","reference workbook missing from local extraction"
"EG","Pavlovagyrans","1","10","F7","Plate","True","True","False","EEM+Raman","C:\Users\nhadu\OneDrive - UTS\C3_UTS\Soft_Sensor_Loc\Emilie data\Raw_data\Emilie_SoftSensor\Emilie_SoftSensor\Raw_data_Plate\EEM\EEM_EG_Pavlovagyrans_raw_001_010_F7.csv","C:\Users\nhadu\OneDrive - UTS\C3_UTS\Soft_Sensor_Loc\Emilie data\Raw_data\Emilie_SoftSensor\Emilie_SoftSensor\Raw_data_Plate\Raman\Raman_EG_Pavlovagyrans_raw_001_010_F7.CSV","reference workbook missing from local extraction"
"EG","Pavlovagyrans","1","10","F8","Plate","True","True","False","EEM+Raman","C:\Users\nhadu\OneDrive - UTS\C3_UTS\Soft_Sensor_Loc\Emilie data\Raw_data\Emilie_SoftSensor\Emilie_SoftSensor\Raw_data_Plate\EEM\EEM_EG_Pavlovagyrans_raw_001_010_F8.csv","C:\Users\nhadu\OneDrive - UTS\C3_UTS\Soft_Sensor_Loc\Emilie data\Raw_data\Emilie_SoftSensor\Emilie_SoftSensor\Raw_data_Plate\Raman\Raman_EG_Pavlovagyrans_raw_001_010_F8.CSV","reference workbook missing from local extraction"
"EG","Pavlovagyrans","1","10","F9","Plate","True","True","False","EEM+Raman","C:\Users\nhadu\OneDrive - UTS\C3_UTS\Soft_Sensor_Loc\Emilie data\Raw_data\Emilie_SoftSensor\Emilie_SoftSensor\Raw_data_Plate\EEM\EEM_EG_Pavlovagyrans_raw_001_010_F9.csv","C:\Users\nhadu\OneDrive - UTS\C3_UTS\Soft_Sensor_Loc\Emilie data\Raw_data\Emilie_SoftSensor\Emilie_SoftSensor\Raw_data_Plate\Raman\Raman_EG_Pavlovagyrans_raw_001_010_F9.CSV","reference workbook missing from local extraction"
"EG","Pavlovagyrans","1","10","G10","Plate","True","True","False","EEM+Raman","C:\Users\nhadu\OneDrive - UTS\C3_UTS\Soft_Sensor_Loc\Emilie data\Raw_data\Emilie_SoftSensor\Emilie_SoftSensor\Raw_data_Plate\EEM\EEM_EG_Pavlovagyrans_raw_001_010_G10.csv","C:\Users\nhadu\OneDrive - UTS\C3_UTS\Soft_Sensor_Loc\Emilie data\Raw_data\Emilie_SoftSensor\Emilie_SoftSensor\Raw_data_Plate\Raman\Raman_EG_Pavlovagyrans_raw_001_010_G10.CSV","reference workbook missing from local extraction"
"EG","Pavlovagyrans","1","10","G11","Plate","True","True","False","EEM+Raman","C:\Users\nhadu\OneDrive - UTS\C3_UTS\Soft_Sensor_Loc\Emilie data\Raw_data\Emilie_SoftSensor\Emilie_SoftSensor\Raw_data_Plate\EEM\EEM_EG_Pavlovagyrans_raw_001_010_G11.csv","C:\Users\nhadu\OneDrive - UTS\C3_UTS\Soft_Sensor_Loc\Emilie data\Raw_data\Emilie_SoftSensor\Emilie_SoftSensor\Raw_data_Plate\Raman\Raman_EG_Pavlovagyrans_raw_001_010_G11.CSV","reference workbook missing from local extraction"
"EG","Pavlovagyrans","1","10","G2","Plate","True","True","False","EEM+Raman","C:\Users\nhadu\OneDrive - UTS\C3_UTS\Soft_Sensor_Loc\Emilie data\Raw_data\Emilie_SoftSensor\Emilie_SoftSensor\Raw_data_Plate\EEM\EEM_EG_Pavlovagyrans_raw_001_010_G2.csv","C:\Users\nhadu\OneDrive - UTS\C3_UTS\Soft_Sensor_Loc\Emilie data\Raw_data\Emilie_SoftSensor\Emilie_SoftSensor\Raw_data_Plate\Raman\Raman_EG_Pavlovagyrans_raw_001_010_G2.CSV","reference workbook missing from local extraction"
"EG","Pavlovagyrans","1","10","G3","Plate","True","True","False","EEM+Raman","C:\Users\nhadu\OneDrive - UTS\C3_UTS\Soft_Sensor_Loc\Emilie data\Raw_data\Emilie_SoftSensor\Emilie_SoftSensor\Raw_data_Plate\EEM\EEM_EG_Pavlovagyrans_raw_001_010_G3.csv","C:\Users\nhadu\OneDrive - UTS\C3_UTS\Soft_Sensor_Loc\Emilie data\Raw_data\Emilie_SoftSensor\Emilie_SoftSensor\Raw_data_Plate\Raman\Raman_EG_Pavlovagyrans_raw_001_010_G3.CSV","reference workbook missing from local extraction"
"EG","Pavlovagyrans","1","10","G4","Plate","True","True","False","EEM+Raman","C:\Users\nhadu\OneDrive - UTS\C3_UTS\Soft_Sensor_Loc\Emilie data\Raw_data\Emilie_SoftSensor\Emilie_SoftSensor\Raw_data_Plate\EEM\EEM_EG_Pavlovagyrans_raw_001_010_G4.csv","C:\Users\nhadu\OneDrive - UTS\C3_UTS\Soft_Sensor_Loc\Emilie data\Raw_data\Emilie_SoftSensor\Emilie_SoftSensor\Raw_data_Plate\Raman\Raman_EG_Pavlovagyrans_raw_001_010_G4.CSV","reference workbook missing from local extraction"
"EG","Pavlovagyrans","1","10","G5","Plate","True","True","False","EEM+Raman","C:\Users\nhadu\OneDrive - UTS\C3_UTS\Soft_Sensor_Loc\Emilie data\Raw_data\Emilie_SoftSensor\Emilie_SoftSensor\Raw_data_Plate\EEM\EEM_EG_Pavlovagyrans_raw_001_010_G5.csv","C:\Users\nhadu\OneDrive - UTS\C3_UTS\Soft_Sensor_Loc\Emilie data\Raw_data\Emilie_SoftSensor\Emilie_SoftSensor\Raw_data_Plate\Raman\Raman_EG_Pavlovagyrans_raw_001_010_G5.CSV","reference workbook missing from local extraction"
"EG","Pavlovagyrans","1","10","G6","Plate","True","True","False","EEM+Raman","C:\Users\nhadu\OneDrive - UTS\C3_UTS\Soft_Sensor_Loc\Emilie data\Raw_data\Emilie_SoftSensor\Emilie_SoftSensor\Raw_data_Plate\EEM\EEM_EG_Pavlovagyrans_raw_001_010_G6.csv","C:\Users\nhadu\OneDrive - UTS\C3_UTS\Soft_Sensor_Loc\Emilie data\Raw_data\Emilie_SoftSensor\Emilie_SoftSensor\Raw_data_Plate\Raman\Raman_EG_Pavlovagyrans_raw_001_010_G6.CSV","reference workbook missing from local extraction"
"EG","Pavlovagyrans","1","10","G7","Plate","True","True","False","EEM+Raman","C:\Users\nhadu\OneDrive - UTS\C3_UTS\Soft_Sensor_Loc\Emilie data\Raw_data\Emilie_SoftSensor\Emilie_SoftSensor\Raw_data_Plate\EEM\EEM_EG_Pavlovagyrans_raw_001_010_G7.csv","C:\Users\nhadu\OneDrive - UTS\C3_UTS\Soft_Sensor_Loc\Emilie data\Raw_data\Emilie_SoftSensor\Emilie_SoftSensor\Raw_data_Plate\Raman\Raman_EG_Pavlovagyrans_raw_001_010_G7.CSV","reference workbook missing from local extraction"
"EG","Pavlovagyrans","1","10","G8","Plate","True","True","False","EEM+Raman","C:\Users\nhadu\OneDrive - UTS\C3_UTS\Soft_Sensor_Loc\Emilie data\Raw_data\Emilie_SoftSensor\Emilie_SoftSensor\Raw_data_Plate\EEM\EEM_EG_Pavlovagyrans_raw_001_010_G8.csv","C:\Users\nhadu\OneDrive - UTS\C3_UTS\Soft_Sensor_Loc\Emilie data\Raw_data\Emilie_SoftSensor\Emilie_SoftSensor\Raw_data_Plate\Raman\Raman_EG_Pavlovagyrans_raw_001_010_G8.CSV","reference workbook missing from local extraction"
"EG","Pavlovagyrans","1","10","G9","Plate","True","True","False","EEM+Raman","C:\Users\nhadu\OneDrive - UTS\C3_UTS\Soft_Sensor_Loc\Emilie data\Raw_data\Emilie_SoftSensor\Emilie_SoftSensor\Raw_data_Plate\EEM\EEM_EG_Pavlovagyrans_raw_001_010_G9.csv","C:\Users\nhadu\OneDrive - UTS\C3_UTS\Soft_Sensor_Loc\Emilie data\Raw_data\Emilie_SoftSensor\Emilie_SoftSensor\Raw_data_Plate\Raman\Raman_EG_Pavlovagyrans_raw_001_010_G9.CSV","reference workbook missing from local extraction"
"EG","Pavlovagyrans","1","11","B10","Plate","True","True","False","EEM+Raman","C:\Users\nhadu\OneDrive - UTS\C3_UTS\Soft_Sensor_Loc\Emilie data\Raw_data\Emilie_SoftSensor\Emilie_SoftSensor\Raw_data_Plate\EEM\EEM_EG_Pavlovagyrans_raw_001_011_B10.csv","C:\Users\nhadu\OneDrive - UTS\C3_UTS\Soft_Sensor_Loc\Emilie data\Raw_data\Emilie_SoftSensor\Emilie_SoftSensor\Raw_data_Plate\Raman\Raman_EG_Pavlovagyrans_raw_001_011_B10.CSV","reference workbook missing from local extraction"
"EG","Pavlovagyrans","1","11","B11","Plate","True","True","False","EEM+Raman","C:\Users\nhadu\OneDrive - UTS\C3_UTS\Soft_Sensor_Loc\Emilie data\Raw_data\Emilie_SoftSensor\Emilie_SoftSensor\Raw_data_Plate\EEM\EEM_EG_Pavlovagyrans_raw_001_011_B11.csv","C:\Users\nhadu\OneDrive - UTS\C3_UTS\Soft_Sensor_Loc\Emilie data\Raw_data\Emilie_SoftSensor\Emilie_SoftSensor\Raw_data_Plate\Raman\Raman_EG_Pavlovagyrans_raw_001_011_B11.CSV","reference workbook missing from local extraction"
"EG","Pavlovagyrans","1","11","B2","Plate","True","True","False","EEM+Raman","C:\Users\nhadu\OneDrive - UTS\C3_UTS\Soft_Sensor_Loc\Emilie data\Raw_data\Emilie_SoftSensor\Emilie_SoftSensor\Raw_data_Plate\EEM\EEM_EG_Pavlovagyrans_raw_001_011_B2.csv","C:\Users\nhadu\OneDrive - UTS\C3_UTS\Soft_Sensor_Loc\Emilie data\Raw_data\Emilie_SoftSensor\Emilie_SoftSensor\Raw_data_Plate\Raman\Raman_EG_Pavlovagyrans_raw_001_011_B2.CSV","reference workbook missing from local extraction"
"EG","Pavlovagyrans","1","11","B3","Plate","True","True","False","EEM+Raman","C:\Users\nhadu\OneDrive - UTS\C3_UTS\Soft_Sensor_Loc\Emilie data\Raw_data\Emilie_SoftSensor\Emilie_SoftSensor\Raw_data_Plate\EEM\EEM_EG_Pavlovagyrans_raw_001_011_B3.csv","C:\Users\nhadu\OneDrive - UTS\C3_UTS\Soft_Sensor_Loc\Emilie data\Raw_data\Emilie_SoftSensor\Emilie_SoftSensor\Raw_data_Plate\Raman\Raman_EG_Pavlovagyrans_raw_001_011_B3.CSV","reference workbook missing from local extraction"
"EG","Pavlovagyrans","1","11","B4","Plate","True","True","False","EEM+Raman","C:\Users\nhadu\OneDrive - UTS\C3_UTS\Soft_Sensor_Loc\Emilie data\Raw_data\Emilie_SoftSensor\Emilie_SoftSensor\Raw_data_Plate\EEM\EEM_EG_Pavlovagyrans_raw_001_011_B4.csv","C:\Users\nhadu\OneDrive - UTS\C3_UTS\Soft_Sensor_Loc\Emilie data\Raw_data\Emilie_SoftSensor\Emilie_SoftSensor\Raw_data_Plate\Raman\Raman_EG_Pavlovagyrans_raw_001_011_B4.CSV","reference workbook missing from local extraction"
"EG","Pavlovagyrans","1","11","B5","Plate","True","True","False","EEM+Raman","C:\Users\nhadu\OneDrive - UTS\C3_UTS\Soft_Sensor_Loc\Emilie data\Raw_data\Emilie_SoftSensor\Emilie_SoftSensor\Raw_data_Plate\EEM\EEM_EG_Pavlovagyrans_raw_001_011_B5.csv","C:\Users\nhadu\OneDrive - UTS\C3_UTS\Soft_Sensor_Loc\Emilie data\Raw_data\Emilie_SoftSensor\Emilie_SoftSensor\Raw_data_Plate\Raman\Raman_EG_Pavlovagyrans_raw_001_011_B5.CSV","reference workbook missing from local extraction"
"EG","Pavlovagyrans","1","11","B6","Plate","True","True","False","EEM+Raman","C:\Users\nhadu\OneDrive - UTS\C3_UTS\Soft_Sensor_Loc\Emilie data\Raw_data\Emilie_SoftSensor\Emilie_SoftSensor\Raw_data_Plate\EEM\EEM_EG_Pavlovagyrans_raw_001_011_B6.csv","C:\Users\nhadu\OneDrive - UTS\C3_UTS\Soft_Sensor_Loc\Emilie data\Raw_data\Emilie_SoftSensor\Emilie_SoftSensor\Raw_data_Plate\Raman\Raman_EG_Pavlovagyrans_raw_001_011_B6.CSV","reference workbook missing from local extraction"
"EG","Pavlovagyrans","1","11","B7","Plate","True","True","False","EEM+Raman","C:\Users\nhadu\OneDrive - UTS\C3_UTS\Soft_Sensor_Loc\Emilie data\Raw_data\Emilie_SoftSensor\Emilie_SoftSensor\Raw_data_Plate\EEM\EEM_EG_Pavlovagyrans_raw_001_011_B7.csv","C:\Users\nhadu\OneDrive - UTS\C3_UTS\Soft_Sensor_Loc\Emilie data\Raw_data\Emilie_SoftSensor\Emilie_SoftSensor\Raw_data_Plate\Raman\Raman_EG_Pavlovagyrans_raw_001_011_B7.CSV","reference workbook missing from local extraction"
"EG","Pavlovagyrans","1","11","B8","Plate","True","True","False","EEM+Raman","C:\Users\nhadu\OneDrive - UTS\C3_UTS\Soft_Sensor_Loc\Emilie data\Raw_data\Emilie_SoftSensor\Emilie_SoftSensor\Raw_data_Plate\EEM\EEM_EG_Pavlovagyrans_raw_001_011_B8.csv","C:\Users\nhadu\OneDrive - UTS\C3_UTS\Soft_Sensor_Loc\Emilie data\Raw_data\Emilie_SoftSensor\Emilie_SoftSensor\Raw_data_Plate\Raman\Raman_EG_Pavlovagyrans_raw_001_011_B8.CSV","reference workbook missing from local extraction"
"EG","Pavlovagyrans","1","11","B9","Plate","True","True","False","EEM+Raman","C:\Users\nhadu\OneDrive - UTS\C3_UTS\Soft_Sensor_Loc\Emilie data\Raw_data\Emilie_SoftSensor\Emilie_SoftSensor\Raw_data_Plate\EEM\EEM_EG_Pavlovagyrans_raw_001_011_B9.csv","C:\Users\nhadu\OneDrive - UTS\C3_UTS\Soft_Sensor_Loc\Emilie data\Raw_data\Emilie_SoftSensor\Emilie_SoftSensor\Raw_data_Plate\Raman\Raman_EG_Pavlovagyrans_raw_001_011_B9.CSV","reference workbook missing from local extraction"
"EG","Pavlovagyrans","1","11","C10","Plate","True","True","False","EEM+Raman","C:\Users\nhadu\OneDrive - UTS\C3_UTS\Soft_Sensor_Loc\Emilie data\Raw_data\Emilie_SoftSensor\Emilie_SoftSensor\Raw_data_Plate\EEM\EEM_EG_Pavlovagyrans_raw_001_011_C10.csv","C:\Users\nhadu\OneDrive - UTS\C3_UTS\Soft_Sensor_Loc\Emilie data\Raw_data\Emilie_SoftSensor\Emilie_SoftSensor\Raw_data_Plate\Raman\Raman_EG_Pavlovagyrans_raw_001_011_C10.CSV","reference workbook missing from local extraction"
"EG","Pavlovagyrans","1","11","C11","Plate","True","True","False","EEM+Raman","C:\Users\nhadu\OneDrive - UTS\C3_UTS\Soft_Sensor_Loc\Emilie data\Raw_data\Emilie_SoftSensor\Emilie_SoftSensor\Raw_data_Plate\EEM\EEM_EG_Pavlovagyrans_raw_001_011_C11.csv","C:\Users\nhadu\OneDrive - UTS\C3_UTS\Soft_Sensor_Loc\Emilie data\Raw_data\Emilie_SoftSensor\Emilie_SoftSensor\Raw_data_Plate\Raman\Raman_EG_Pavlovagyrans_raw_001_011_C11.CSV","reference workbook missing from local extraction"
"EG","Pavlovagyrans","1","11","C2","Plate","True","True","False","EEM+Raman","C:\Users\nhadu\OneDrive - UTS\C3_UTS\Soft_Sensor_Loc\Emilie data\Raw_data\Emilie_SoftSensor\Emilie_SoftSensor\Raw_data_Plate\EEM\EEM_EG_Pavlovagyrans_raw_001_011_C2.csv","C:\Users\nhadu\OneDrive - UTS\C3_UTS\Soft_Sensor_Loc\Emilie data\Raw_data\Emilie_SoftSensor\Emilie_SoftSensor\Raw_data_Plate\Raman\Raman_EG_Pavlovagyrans_raw_001_011_C2.CSV","reference workbook missing from local extraction"
"EG","Pavlovagyrans","1","11","C3","Plate","True","True","False","EEM+Raman","C:\Users\nhadu\OneDrive - UTS\C3_UTS\Soft_Sensor_Loc\Emilie data\Raw_data\Emilie_SoftSensor\Emilie_SoftSensor\Raw_data_Plate\EEM\EEM_EG_Pavlovagyrans_raw_001_011_C3.csv","C:\Users\nhadu\OneDrive - UTS\C3_UTS\Soft_Sensor_Loc\Emilie data\Raw_data\Emilie_SoftSensor\Emilie_SoftSensor\Raw_data_Plate\Raman\Raman_EG_Pavlovagyrans_raw_001_011_C3.CSV","reference workbook missing from local extraction"
"EG","Pavlovagyrans","1","11","C4","Plate","True","True","False","EEM+Raman","C:\Users\nhadu\OneDrive - UTS\C3_UTS\Soft_Sensor_Loc\Emilie data\Raw_data\Emilie_SoftSensor\Emilie_SoftSensor\Raw_data_Plate\EEM\EEM_EG_Pavlovagyrans_raw_001_011_C4.csv","C:\Users\nhadu\OneDrive - UTS\C3_UTS\Soft_Sensor_Loc\Emilie data\Raw_data\Emilie_SoftSensor\Emilie_SoftSensor\Raw_data_Plate\Raman\Raman_EG_Pavlovagyrans_raw_001_011_C4.CSV","reference workbook missing from local extraction"
"EG","Pavlovagyrans","1","11","C5","Plate","True","True","False","EEM+Raman","C:\Users\nhadu\OneDrive - UTS\C3_UTS\Soft_Sensor_Loc\Emilie data\Raw_data\Emilie_SoftSensor\Emilie_SoftSensor\Raw_data_Plate\EEM\EEM_EG_Pavlovagyrans_raw_001_011_C5.csv","C:\Users\nhadu\OneDrive - UTS\C3_UTS\Soft_Sensor_Loc\Emilie data\Raw_data\Emilie_SoftSensor\Emilie_SoftSensor\Raw_data_Plate\Raman\Raman_EG_Pavlovagyrans_raw_001_011_C5.CSV","reference workbook missing from local extraction"
"EG","Pavlovagyrans","1","11","C6","Plate","True","True","False","EEM+Raman","C:\Users\nhadu\OneDrive - UTS\C3_UTS\Soft_Sensor_Loc\Emilie data\Raw_data\Emilie_SoftSensor\Emilie_SoftSensor\Raw_data_Plate\EEM\EEM_EG_Pavlovagyrans_raw_001_011_C6.csv","C:\Users\nhadu\OneDrive - UTS\C3_UTS\Soft_Sensor_Loc\Emilie data\Raw_data\Emilie_SoftSensor\Emilie_SoftSensor\Raw_data_Plate\Raman\Raman_EG_Pavlovagyrans_raw_001_011_C6.CSV","reference workbook missing from local extraction"
"EG","Pavlovagyrans","1","11","C7","Plate","True","True","False","EEM+Raman","C:\Users\nhadu\OneDrive - UTS\C3_UTS\Soft_Sensor_Loc\Emilie data\Raw_data\Emilie_SoftSensor\Emilie_SoftSensor\Raw_data_Plate\EEM\EEM_EG_Pavlovagyrans_raw_001_011_C7.csv","C:\Users\nhadu\OneDrive - UTS\C3_UTS\Soft_Sensor_Loc\Emilie data\Raw_data\Emilie_SoftSensor\Emilie_SoftSensor\Raw_data_Plate\Raman\Raman_EG_Pavlovagyrans_raw_001_011_C7.CSV","reference workbook missing from local extraction"
"EG","Pavlovagyrans","1","11","C8","Plate","True","True","False","EEM+Raman","C:\Users\nhadu\OneDrive - UTS\C3_UTS\Soft_Sensor_Loc\Emilie data\Raw_data\Emilie_SoftSensor\Emilie_SoftSensor\Raw_data_Plate\EEM\EEM_EG_Pavlovagyrans_raw_001_011_C8.csv","C:\Users\nhadu\OneDrive - UTS\C3_UTS\Soft_Sensor_Loc\Emilie data\Raw_data\Emilie_SoftSensor\Emilie_SoftSensor\Raw_data_Plate\Raman\Raman_EG_Pavlovagyrans_raw_001_011_C8.CSV","reference workbook missing from local extraction"
"EG","Pavlovagyrans","1","11","C9","Plate","True","True","False","EEM+Raman","C:\Users\nhadu\OneDrive - UTS\C3_UTS\Soft_Sensor_Loc\Emilie data\Raw_data\Emilie_SoftSensor\Emilie_SoftSensor\Raw_data_Plate\EEM\EEM_EG_Pavlovagyrans_raw_001_011_C9.csv","C:\Users\nhadu\OneDrive - UTS\C3_UTS\Soft_Sensor_Loc\Emilie data\Raw_data\Emilie_SoftSensor\Emilie_SoftSensor\Raw_data_Plate\Raman\Raman_EG_Pavlovagyrans_raw_001_011_C9.CSV","reference workbook missing from local extraction"
"EG","Pavlovagyrans","1","11","D10","Plate","True","True","False","EEM+Raman","C:\Users\nhadu\OneDrive - UTS\C3_UTS\Soft_Sensor_Loc\Emilie data\Raw_data\Emilie_SoftSensor\Emilie_SoftSensor\Raw_data_Plate\EEM\EEM_EG_Pavlovagyrans_raw_001_011_D10.csv","C:\Users\nhadu\OneDrive - UTS\C3_UTS\Soft_Sensor_Loc\Emilie data\Raw_data\Emilie_SoftSensor\Emilie_SoftSensor\Raw_data_Plate\Raman\Raman_EG_Pavlovagyrans_raw_001_011_D10.CSV","reference workbook missing from local extraction"
"EG","Pavlovagyrans","1","11","D11","Plate","True","True","False","EEM+Raman","C:\Users\nhadu\OneDrive - UTS\C3_UTS\Soft_Sensor_Loc\Emilie data\Raw_data\Emilie_SoftSensor\Emilie_SoftSensor\Raw_data_Plate\EEM\EEM_EG_Pavlovagyrans_raw_001_011_D11.csv","C:\Users\nhadu\OneDrive - UTS\C3_UTS\Soft_Sensor_Loc\Emilie data\Raw_data\Emilie_SoftSensor\Emilie_SoftSensor\Raw_data_Plate\Raman\Raman_EG_Pavlovagyrans_raw_001_011_D11.CSV","reference workbook missing from local extraction"
"EG","Pavlovagyrans","1","11","D2","Plate","True","False","False","EEM only","C:\Users\nhadu\OneDrive - UTS\C3_UTS\Soft_Sensor_Loc\Emilie data\Raw_data\Emilie_SoftSensor\Emilie_SoftSensor\Raw_data_Plate\EEM\EEM_EG_Pavlovagyrans_raw_001_011_D2.csv","","reference workbook missing from local extraction"
"EG","Pavlovagyrans","1","11","D3","Plate","True","False","False","EEM only","C:\Users\nhadu\OneDrive - UTS\C3_UTS\Soft_Sensor_Loc\Emilie data\Raw_data\Emilie_SoftSensor\Emilie_SoftSensor\Raw_data_Plate\EEM\EEM_EG_Pavlovagyrans_raw_001_011_D3.csv","","reference workbook missing from local extraction"
"EG","Pavlovagyrans","1","11","D4","Plate","True","False","False","EEM only","C:\Users\nhadu\OneDrive - UTS\C3_UTS\Soft_Sensor_Loc\Emilie data\Raw_data\Emilie_SoftSensor\Emilie_SoftSensor\Raw_data_Plate\EEM\EEM_EG_Pavlovagyrans_raw_001_011_D4.csv","","reference workbook missing from local extraction"
"EG","Pavlovagyrans","1","11","D5","Plate","True","False","False","EEM only","C:\Users\nhadu\OneDrive - UTS\C3_UTS\Soft_Sensor_Loc\Emilie data\Raw_data\Emilie_SoftSensor\Emilie_SoftSensor\Raw_data_Plate\EEM\EEM_EG_Pavlovagyrans_raw_001_011_D5.csv","","reference workbook missing from local extraction"
"EG","Pavlovagyrans","1","11","D6","Plate","True","False","False","EEM only","C:\Users\nhadu\OneDrive - UTS\C3_UTS\Soft_Sensor_Loc\Emilie data\Raw_data\Emilie_SoftSensor\Emilie_SoftSensor\Raw_data_Plate\EEM\EEM_EG_Pavlovagyrans_raw_001_011_D6.csv","","reference workbook missing from local extraction"
"EG","Pavlovagyrans","1","11","D7","Plate","True","False","False","EEM only","C:\Users\nhadu\OneDrive - UTS\C3_UTS\Soft_Sensor_Loc\Emilie data\Raw_data\Emilie_SoftSensor\Emilie_SoftSensor\Raw_data_Plate\EEM\EEM_EG_Pavlovagyrans_raw_001_011_D7.csv","","reference workbook missing from local extraction"
"EG","Pavlovagyrans","1","11","D8","Plate","True","False","False","EEM only","C:\Users\nhadu\OneDrive - UTS\C3_UTS\Soft_Sensor_Loc\Emilie data\Raw_data\Emilie_SoftSensor\Emilie_SoftSensor\Raw_data_Plate\EEM\EEM_EG_Pavlovagyrans_raw_001_011_D8.csv","","reference workbook missing from local extraction"
"EG","Pavlovagyrans","1","11","D9","Plate","True","False","False","EEM only","C:\Users\nhadu\OneDrive - UTS\C3_UTS\Soft_Sensor_Loc\Emilie data\Raw_data\Emilie_SoftSensor\Emilie_SoftSensor\Raw_data_Plate\EEM\EEM_EG_Pavlovagyrans_raw_001_011_D9.csv","","reference workbook missing from local extraction"
"EG","Pavlovagyrans","1","11","E10","Plate","True","False","False","EEM only","C:\Users\nhadu\OneDrive - UTS\C3_UTS\Soft_Sensor_Loc\Emilie data\Raw_data\Emilie_SoftSensor\Emilie_SoftSensor\Raw_data_Plate\EEM\EEM_EG_Pavlovagyrans_raw_001_011_E10.csv","","reference workbook missing from local extraction"
"EG","Pavlovagyrans","1","11","E11","Plate","True","False","False","EEM only","C:\Users\nhadu\OneDrive - UTS\C3_UTS\Soft_Sensor_Loc\Emilie data\Raw_data\Emilie_SoftSensor\Emilie_SoftSensor\Raw_data_Plate\EEM\EEM_EG_Pavlovagyrans_raw_001_011_E11.csv","","reference workbook missing from local extraction"
"EG","Pavlovagyrans","1","11","E2","Plate","True","False","False","EEM only","C:\Users\nhadu\OneDrive - UTS\C3_UTS\Soft_Sensor_Loc\Emilie data\Raw_data\Emilie_SoftSensor\Emilie_SoftSensor\Raw_data_Plate\EEM\EEM_EG_Pavlovagyrans_raw_001_011_E2.csv","","reference workbook missing from local extraction"
"EG","Pavlovagyrans","1","11","E3","Plate","True","False","False","EEM only","C:\Users\nhadu\OneDrive - UTS\C3_UTS\Soft_Sensor_Loc\Emilie data\Raw_data\Emilie_SoftSensor\Emilie_SoftSensor\Raw_data_Plate\EEM\EEM_EG_Pavlovagyrans_raw_001_011_E3.csv","","reference workbook missing from local extraction"
"EG","Pavlovagyrans","1","11","E4","Plate","True","False","False","EEM only","C:\Users\nhadu\OneDrive - UTS\C3_UTS\Soft_Sensor_Loc\Emilie data\Raw_data\Emilie_SoftSensor\Emilie_SoftSensor\Raw_data_Plate\EEM\EEM_EG_Pavlovagyrans_raw_001_011_E4.csv","","reference workbook missing from local extraction"
"EG","Pavlovagyrans","1","11","E5","Plate","True","False","False","EEM only","C:\Users\nhadu\OneDrive - UTS\C3_UTS\Soft_Sensor_Loc\Emilie data\Raw_data\Emilie_SoftSensor\Emilie_SoftSensor\Raw_data_Plate\EEM\EEM_EG_Pavlovagyrans_raw_001_011_E5.csv","","reference workbook missing from local extraction"
"EG","Pavlovagyrans","1","11","E6","Plate","True","False","False","EEM only","C:\Users\nhadu\OneDrive - UTS\C3_UTS\Soft_Sensor_Loc\Emilie data\Raw_data\Emilie_SoftSensor\Emilie_SoftSensor\Raw_data_Plate\EEM\EEM_EG_Pavlovagyrans_raw_001_011_E6.csv","","reference workbook missing from local extraction"
"EG","Pavlovagyrans","1","11","E7","Plate","True","False","False","EEM only","C:\Users\nhadu\OneDrive - UTS\C3_UTS\Soft_Sensor_Loc\Emilie data\Raw_data\Emilie_SoftSensor\Emilie_SoftSensor\Raw_data_Plate\EEM\EEM_EG_Pavlovagyrans_raw_001_011_E7.csv","","reference workbook missing from local extraction"
"EG","Pavlovagyrans","1","11","E8","Plate","True","False","False","EEM only","C:\Users\nhadu\OneDrive - UTS\C3_UTS\Soft_Sensor_Loc\Emilie data\Raw_data\Emilie_SoftSensor\Emilie_SoftSensor\Raw_data_Plate\EEM\EEM_EG_Pavlovagyrans_raw_001_011_E8.csv","","reference workbook missing from local extraction"
"EG","Pavlovagyrans","1","11","E9","Plate","True","False","False","EEM only","C:\Users\nhadu\OneDrive - UTS\C3_UTS\Soft_Sensor_Loc\Emilie data\Raw_data\Emilie_SoftSensor\Emilie_SoftSensor\Raw_data_Plate\EEM\EEM_EG_Pavlovagyrans_raw_001_011_E9.csv","","reference workbook missing from local extraction"
"EG","Pavlovagyrans","1","11","F10","Plate","True","False","False","EEM only","C:\Users\nhadu\OneDrive - UTS\C3_UTS\Soft_Sensor_Loc\Emilie data\Raw_data\Emilie_SoftSensor\Emilie_SoftSensor\Raw_data_Plate\EEM\EEM_EG_Pavlovagyrans_raw_001_011_F10.csv","","reference workbook missing from local extraction"
"EG","Pavlovagyrans","1","11","F11","Plate","True","False","False","EEM only","C:\Users\nhadu\OneDrive - UTS\C3_UTS\Soft_Sensor_Loc\Emilie data\Raw_data\Emilie_SoftSensor\Emilie_SoftSensor\Raw_data_Plate\EEM\EEM_EG_Pavlovagyrans_raw_001_011_F11.csv","","reference workbook missing from local extraction"
"EG","Pavlovagyrans","1","11","F2","Plate","True","False","False","EEM only","C:\Users\nhadu\OneDrive - UTS\C3_UTS\Soft_Sensor_Loc\Emilie data\Raw_data\Emilie_SoftSensor\Emilie_SoftSensor\Raw_data_Plate\EEM\EEM_EG_Pavlovagyrans_raw_001_011_F2.csv","","reference workbook missing from local extraction"
"EG","Pavlovagyrans","1","11","F3","Plate","True","False","False","EEM only","C:\Users\nhadu\OneDrive - UTS\C3_UTS\Soft_Sensor_Loc\Emilie data\Raw_data\Emilie_SoftSensor\Emilie_SoftSensor\Raw_data_Plate\EEM\EEM_EG_Pavlovagyrans_raw_001_011_F3.csv","","reference workbook missing from local extraction"
"EG","Pavlovagyrans","1","11","F4","Plate","True","False","False","EEM only","C:\Users\nhadu\OneDrive - UTS\C3_UTS\Soft_Sensor_Loc\Emilie data\Raw_data\Emilie_SoftSensor\Emilie_SoftSensor\Raw_data_Plate\EEM\EEM_EG_Pavlovagyrans_raw_001_011_F4.csv","","reference workbook missing from local extraction"
"EG","Pavlovagyrans","1","11","F5","Plate","True","False","False","EEM only","C:\Users\nhadu\OneDrive - UTS\C3_UTS\Soft_Sensor_Loc\Emilie data\Raw_data\Emilie_SoftSensor\Emilie_SoftSensor\Raw_data_Plate\EEM\EEM_EG_Pavlovagyrans_raw_001_011_F5.csv","","reference workbook missing from local extraction"
"EG","Pavlovagyrans","1","11","F6","Plate","True","False","False","EEM only","C:\Users\nhadu\OneDrive - UTS\C3_UTS\Soft_Sensor_Loc\Emilie data\Raw_data\Emilie_SoftSensor\Emilie_SoftSensor\Raw_data_Plate\EEM\EEM_EG_Pavlovagyrans_raw_001_011_F6.csv","","reference workbook missing from local extraction"
"EG","Pavlovagyrans","1","11","F7","Plate","True","False","False","EEM only","C:\Users\nhadu\OneDrive - UTS\C3_UTS\Soft_Sensor_Loc\Emilie data\Raw_data\Emilie_SoftSensor\Emilie_SoftSensor\Raw_data_Plate\EEM\EEM_EG_Pavlovagyrans_raw_001_011_F7.csv","","reference workbook missing from local extraction"
"EG","Pavlovagyrans","1","11","F8","Plate","True","False","False","EEM only","C:\Users\nhadu\OneDrive - UTS\C3_UTS\Soft_Sensor_Loc\Emilie data\Raw_data\Emilie_SoftSensor\Emilie_SoftSensor\Raw_data_Plate\EEM\EEM_EG_Pavlovagyrans_raw_001_011_F8.csv","","reference workbook missing from local extraction"
"EG","Pavlovagyrans","1","11","F9","Plate","True","False","False","EEM only","C:\Users\nhadu\OneDrive - UTS\C3_UTS\Soft_Sensor_Loc\Emilie data\Raw_data\Emilie_SoftSensor\Emilie_SoftSensor\Raw_data_Plate\EEM\EEM_EG_Pavlovagyrans_raw_001_011_F9.csv","","reference workbook missing from local extraction"
"EG","Pavlovagyrans","1","11","G10","Plate","True","False","False","EEM only","C:\Users\nhadu\OneDrive - UTS\C3_UTS\Soft_Sensor_Loc\Emilie data\Raw_data\Emilie_SoftSensor\Emilie_SoftSensor\Raw_data_Plate\EEM\EEM_EG_Pavlovagyrans_raw_001_011_G10.csv","","reference workbook missing from local extraction"
"EG","Pavlovagyrans","1","11","G11","Plate","True","False","False","EEM only","C:\Users\nhadu\OneDrive - UTS\C3_UTS\Soft_Sensor_Loc\Emilie data\Raw_data\Emilie_SoftSensor\Emilie_SoftSensor\Raw_data_Plate\EEM\EEM_EG_Pavlovagyrans_raw_001_011_G11.csv","","reference workbook missing from local extraction"
"EG","Pavlovagyrans","1","11","G2","Plate","True","False","False","EEM only","C:\Users\nhadu\OneDrive - UTS\C3_UTS\Soft_Sensor_Loc\Emilie data\Raw_data\Emilie_SoftSensor\Emilie_SoftSensor\Raw_data_Plate\EEM\EEM_EG_Pavlovagyrans_raw_001_011_G2.csv","","reference workbook missing from local extraction"
"EG","Pavlovagyrans","1","11","G3","Plate","True","False","False","EEM only","C:\Users\nhadu\OneDrive - UTS\C3_UTS\Soft_Sensor_Loc\Emilie data\Raw_data\Emilie_SoftSensor\Emilie_SoftSensor\Raw_data_Plate\EEM\EEM_EG_Pavlovagyrans_raw_001_011_G3.csv","","reference workbook missing from local extraction"
"EG","Pavlovagyrans","1","11","G4","Plate","True","False","False","EEM only","C:\Users\nhadu\OneDrive - UTS\C3_UTS\Soft_Sensor_Loc\Emilie data\Raw_data\Emilie_SoftSensor\Emilie_SoftSensor\Raw_data_Plate\EEM\EEM_EG_Pavlovagyrans_raw_001_011_G4.csv","","reference workbook missing from local extraction"
"EG","Pavlovagyrans","1","11","G5","Plate","True","False","False","EEM only","C:\Users\nhadu\OneDrive - UTS\C3_UTS\Soft_Sensor_Loc\Emilie data\Raw_data\Emilie_SoftSensor\Emilie_SoftSensor\Raw_data_Plate\EEM\EEM_EG_Pavlovagyrans_raw_001_011_G5.csv","","reference workbook missing from local extraction"
"EG","Pavlovagyrans","1","11","G6","Plate","True","False","False","EEM only","C:\Users\nhadu\OneDrive - UTS\C3_UTS\Soft_Sensor_Loc\Emilie data\Raw_data\Emilie_SoftSensor\Emilie_SoftSensor\Raw_data_Plate\EEM\EEM_EG_Pavlovagyrans_raw_001_011_G6.csv","","reference workbook missing from local extraction"
"EG","Pavlovagyrans","1","11","G7","Plate","True","False","False","EEM only","C:\Users\nhadu\OneDrive - UTS\C3_UTS\Soft_Sensor_Loc\Emilie data\Raw_data\Emilie_SoftSensor\Emilie_SoftSensor\Raw_data_Plate\EEM\EEM_EG_Pavlovagyrans_raw_001_011_G7.csv","","reference workbook missing from local extraction"
"EG","Pavlovagyrans","1","11","G8","Plate","True","False","False","EEM only","C:\Users\nhadu\OneDrive - UTS\C3_UTS\Soft_Sensor_Loc\Emilie data\Raw_data\Emilie_SoftSensor\Emilie_SoftSensor\Raw_data_Plate\EEM\EEM_EG_Pavlovagyrans_raw_001_011_G8.csv","","reference workbook missing from local extraction"
"EG","Pavlovagyrans","1","11","G9","Plate","True","False","False","EEM only","C:\Users\nhadu\OneDrive - UTS\C3_UTS\Soft_Sensor_Loc\Emilie data\Raw_data\Emilie_SoftSensor\Emilie_SoftSensor\Raw_data_Plate\EEM\EEM_EG_Pavlovagyrans_raw_001_011_G9.csv","","reference workbook missing from local extraction"
"EG","Pavlovagyrans","1","12","B10","Plate","True","False","False","EEM only","C:\Users\nhadu\OneDrive - UTS\C3_UTS\Soft_Sensor_Loc\Emilie data\Raw_data\Emilie_SoftSensor\Emilie_SoftSensor\Raw_data_Plate\EEM\EEM_EG_Pavlovagyrans_raw_001_012_B10.csv","","reference workbook missing from local extraction"
"EG","Pavlovagyrans","1","12","B11","Plate","True","False","False","EEM only","C:\Users\nhadu\OneDrive - UTS\C3_UTS\Soft_Sensor_Loc\Emilie data\Raw_data\Emilie_SoftSensor\Emilie_SoftSensor\Raw_data_Plate\EEM\EEM_EG_Pavlovagyrans_raw_001_012_B11.csv","","reference workbook missing from local extraction"
"EG","Pavlovagyrans","1","12","B2","Plate","True","False","False","EEM only","C:\Users\nhadu\OneDrive - UTS\C3_UTS\Soft_Sensor_Loc\Emilie data\Raw_data\Emilie_SoftSensor\Emilie_SoftSensor\Raw_data_Plate\EEM\EEM_EG_Pavlovagyrans_raw_001_012_B2.csv","","reference workbook missing from local extraction"
"EG","Pavlovagyrans","1","12","B3","Plate","True","False","False","EEM only","C:\Users\nhadu\OneDrive - UTS\C3_UTS\Soft_Sensor_Loc\Emilie data\Raw_data\Emilie_SoftSensor\Emilie_SoftSensor\Raw_data_Plate\EEM\EEM_EG_Pavlovagyrans_raw_001_012_B3.csv","","reference workbook missing from local extraction"
"EG","Pavlovagyrans","1","12","B4","Plate","True","False","False","EEM only","C:\Users\nhadu\OneDrive - UTS\C3_UTS\Soft_Sensor_Loc\Emilie data\Raw_data\Emilie_SoftSensor\Emilie_SoftSensor\Raw_data_Plate\EEM\EEM_EG_Pavlovagyrans_raw_001_012_B4.csv","","reference workbook missing from local extraction"
"EG","Pavlovagyrans","1","12","B5","Plate","True","False","False","EEM only","C:\Users\nhadu\OneDrive - UTS\C3_UTS\Soft_Sensor_Loc\Emilie data\Raw_data\Emilie_SoftSensor\Emilie_SoftSensor\Raw_data_Plate\EEM\EEM_EG_Pavlovagyrans_raw_001_012_B5.csv","","reference workbook missing from local extraction"
"EG","Pavlovagyrans","1","12","B6","Plate","True","False","False","EEM only","C:\Users\nhadu\OneDrive - UTS\C3_UTS\Soft_Sensor_Loc\Emilie data\Raw_data\Emilie_SoftSensor\Emilie_SoftSensor\Raw_data_Plate\EEM\EEM_EG_Pavlovagyrans_raw_001_012_B6.csv","","reference workbook missing from local extraction"
"EG","Pavlovagyrans","1","12","B7","Plate","True","False","False","EEM only","C:\Users\nhadu\OneDrive - UTS\C3_UTS\Soft_Sensor_Loc\Emilie data\Raw_data\Emilie_SoftSensor\Emilie_SoftSensor\Raw_data_Plate\EEM\EEM_EG_Pavlovagyrans_raw_001_012_B7.csv","","reference workbook missing from local extraction"
"EG","Pavlovagyrans","1","12","B8","Plate","True","False","False","EEM only","C:\Users\nhadu\OneDrive - UTS\C3_UTS\Soft_Sensor_Loc\Emilie data\Raw_data\Emilie_SoftSensor\Emilie_SoftSensor\Raw_data_Plate\EEM\EEM_EG_Pavlovagyrans_raw_001_012_B8.csv","","reference workbook missing from local extraction"
"EG","Pavlovagyrans","1","12","B9","Plate","True","False","False","EEM only","C:\Users\nhadu\OneDrive - UTS\C3_UTS\Soft_Sensor_Loc\Emilie data\Raw_data\Emilie_SoftSensor\Emilie_SoftSensor\Raw_data_Plate\EEM\EEM_EG_Pavlovagyrans_raw_001_012_B9.csv","","reference workbook missing from local extraction"
"EG","Pavlovagyrans","1","12","C10","Plate","True","False","False","EEM only","C:\Users\nhadu\OneDrive - UTS\C3_UTS\Soft_Sensor_Loc\Emilie data\Raw_data\Emilie_SoftSensor\Emilie_SoftSensor\Raw_data_Plate\EEM\EEM_EG_Pavlovagyrans_raw_001_012_C10.csv","","reference workbook missing from local extraction"
"EG","Pavlovagyrans","1","12","C11","Plate","True","False","False","EEM only","C:\Users\nhadu\OneDrive - UTS\C3_UTS\Soft_Sensor_Loc\Emilie data\Raw_data\Emilie_SoftSensor\Emilie_SoftSensor\Raw_data_Plate\EEM\EEM_EG_Pavlovagyrans_raw_001_012_C11.csv","","reference workbook missing from local extraction"
"EG","Pavlovagyrans","1","12","C2","Plate","True","False","False","EEM only","C:\Users\nhadu\OneDrive - UTS\C3_UTS\Soft_Sensor_Loc\Emilie data\Raw_data\Emilie_SoftSensor\Emilie_SoftSensor\Raw_data_Plate\EEM\EEM_EG_Pavlovagyrans_raw_001_012_C2.csv","","reference workbook missing from local extraction"
"EG","Pavlovagyrans","1","12","C3","Plate","True","False","False","EEM only","C:\Users\nhadu\OneDrive - UTS\C3_UTS\Soft_Sensor_Loc\Emilie data\Raw_data\Emilie_SoftSensor\Emilie_SoftSensor\Raw_data_Plate\EEM\EEM_EG_Pavlovagyrans_raw_001_012_C3.csv","","reference workbook missing from local extraction"
"EG","Pavlovagyrans","1","12","C4","Plate","True","False","False","EEM only","C:\Users\nhadu\OneDrive - UTS\C3_UTS\Soft_Sensor_Loc\Emilie data\Raw_data\Emilie_SoftSensor\Emilie_SoftSensor\Raw_data_Plate\EEM\EEM_EG_Pavlovagyrans_raw_001_012_C4.csv","","reference workbook missing from local extraction"
"EG","Pavlovagyrans","1","12","C5","Plate","True","False","False","EEM only","C:\Users\nhadu\OneDrive - UTS\C3_UTS\Soft_Sensor_Loc\Emilie data\Raw_data\Emilie_SoftSensor\Emilie_SoftSensor\Raw_data_Plate\EEM\EEM_EG_Pavlovagyrans_raw_001_012_C5.csv","","reference workbook missing from local extraction"
"EG","Pavlovagyrans","1","12","C6","Plate","True","False","False","EEM only","C:\Users\nhadu\OneDrive - UTS\C3_UTS\Soft_Sensor_Loc\Emilie data\Raw_data\Emilie_SoftSensor\Emilie_SoftSensor\Raw_data_Plate\EEM\EEM_EG_Pavlovagyrans_raw_001_012_C6.csv","","reference workbook missing from local extraction"
"EG","Pavlovagyrans","1","12","C7","Plate","True","False","False","EEM only","C:\Users\nhadu\OneDrive - UTS\C3_UTS\Soft_Sensor_Loc\Emilie data\Raw_data\Emilie_SoftSensor\Emilie_SoftSensor\Raw_data_Plate\EEM\EEM_EG_Pavlovagyrans_raw_001_012_C7.csv","","reference workbook missing from local extraction"
"EG","Pavlovagyrans","1","12","C8","Plate","True","False","False","EEM only","C:\Users\nhadu\OneDrive - UTS\C3_UTS\Soft_Sensor_Loc\Emilie data\Raw_data\Emilie_SoftSensor\Emilie_SoftSensor\Raw_data_Plate\EEM\EEM_EG_Pavlovagyrans_raw_001_012_C8.csv","","reference workbook missing from local extraction"
"EG","Pavlovagyrans","1","12","C9","Plate","True","False","False","EEM only","C:\Users\nhadu\OneDrive - UTS\C3_UTS\Soft_Sensor_Loc\Emilie data\Raw_data\Emilie_SoftSensor\Emilie_SoftSensor\Raw_data_Plate\EEM\EEM_EG_Pavlovagyrans_raw_001_012_C9.csv","","reference workbook missing from local extraction"
"EG","Pavlovagyrans","1","12","D10","Plate","True","False","False","EEM only","C:\Users\nhadu\OneDrive - UTS\C3_UTS\Soft_Sensor_Loc\Emilie data\Raw_data\Emilie_SoftSensor\Emilie_SoftSensor\Raw_data_Plate\EEM\EEM_EG_Pavlovagyrans_raw_001_012_D10.csv","","reference workbook missing from local extraction"
"EG","Pavlovagyrans","1","12","D11","Plate","True","False","False","EEM only","C:\Users\nhadu\OneDrive - UTS\C3_UTS\Soft_Sensor_Loc\Emilie data\Raw_data\Emilie_SoftSensor\Emilie_SoftSensor\Raw_data_Plate\EEM\EEM_EG_Pavlovagyrans_raw_001_012_D11.csv","","reference workbook missing from local extraction"
"EG","Pavlovagyrans","1","12","D2","Plate","True","False","False","EEM only","C:\Users\nhadu\OneDrive - UTS\C3_UTS\Soft_Sensor_Loc\Emilie data\Raw_data\Emilie_SoftSensor\Emilie_SoftSensor\Raw_data_Plate\EEM\EEM_EG_Pavlovagyrans_raw_001_012_D2.csv","","reference workbook missing from local extraction"
"EG","Pavlovagyrans","1","12","D3","Plate","True","False","False","EEM only","C:\Users\nhadu\OneDrive - UTS\C3_UTS\Soft_Sensor_Loc\Emilie data\Raw_data\Emilie_SoftSensor\Emilie_SoftSensor\Raw_data_Plate\EEM\EEM_EG_Pavlovagyrans_raw_001_012_D3.csv","","reference workbook missing from local extraction"
"EG","Pavlovagyrans","1","12","D4","Plate","True","False","False","EEM only","C:\Users\nhadu\OneDrive - UTS\C3_UTS\Soft_Sensor_Loc\Emilie data\Raw_data\Emilie_SoftSensor\Emilie_SoftSensor\Raw_data_Plate\EEM\EEM_EG_Pavlovagyrans_raw_001_012_D4.csv","","reference workbook missing from local extraction"
"EG","Pavlovagyrans","1","12","D5","Plate","True","False","False","EEM only","C:\Users\nhadu\OneDrive - UTS\C3_UTS\Soft_Sensor_Loc\Emilie data\Raw_data\Emilie_SoftSensor\Emilie_SoftSensor\Raw_data_Plate\EEM\EEM_EG_Pavlovagyrans_raw_001_012_D5.csv","","reference workbook missing from local extraction"
"EG","Pavlovagyrans","1","12","D6","Plate","True","False","False","EEM only","C:\Users\nhadu\OneDrive - UTS\C3_UTS\Soft_Sensor_Loc\Emilie data\Raw_data\Emilie_SoftSensor\Emilie_SoftSensor\Raw_data_Plate\EEM\EEM_EG_Pavlovagyrans_raw_001_012_D6.csv","","reference workbook missing from local extraction"
"EG","Pavlovagyrans","1","12","D7","Plate","True","False","False","EEM only","C:\Users\nhadu\OneDrive - UTS\C3_UTS\Soft_Sensor_Loc\Emilie data\Raw_data\Emilie_SoftSensor\Emilie_SoftSensor\Raw_data_Plate\EEM\EEM_EG_Pavlovagyrans_raw_001_012_D7.csv","","reference workbook missing from local extraction"
"EG","Pavlovagyrans","1","12","D8","Plate","True","False","False","EEM only","C:\Users\nhadu\OneDrive - UTS\C3_UTS\Soft_Sensor_Loc\Emilie data\Raw_data\Emilie_SoftSensor\Emilie_SoftSensor\Raw_data_Plate\EEM\EEM_EG_Pavlovagyrans_raw_001_012_D8.csv","","reference workbook missing from local extraction"
"EG","Pavlovagyrans","1","12","D9","Plate","True","False","False","EEM only","C:\Users\nhadu\OneDrive - UTS\C3_UTS\Soft_Sensor_Loc\Emilie data\Raw_data\Emilie_SoftSensor\Emilie_SoftSensor\Raw_data_Plate\EEM\EEM_EG_Pavlovagyrans_raw_001_012_D9.csv","","reference workbook missing from local extraction"
"EG","Pavlovagyrans","1","12","E10","Plate","True","False","False","EEM only","C:\Users\nhadu\OneDrive - UTS\C3_UTS\Soft_Sensor_Loc\Emilie data\Raw_data\Emilie_SoftSensor\Emilie_SoftSensor\Raw_data_Plate\EEM\EEM_EG_Pavlovagyrans_raw_001_012_E10.csv","","reference workbook missing from local extraction"
"EG","Pavlovagyrans","1","12","E11","Plate","True","False","False","EEM only","C:\Users\nhadu\OneDrive - UTS\C3_UTS\Soft_Sensor_Loc\Emilie data\Raw_data\Emilie_SoftSensor\Emilie_SoftSensor\Raw_data_Plate\EEM\EEM_EG_Pavlovagyrans_raw_001_012_E11.csv","","reference workbook missing from local extraction"
"EG","Pavlovagyrans","1","12","E2","Plate","True","False","False","EEM only","C:\Users\nhadu\OneDrive - UTS\C3_UTS\Soft_Sensor_Loc\Emilie data\Raw_data\Emilie_SoftSensor\Emilie_SoftSensor\Raw_data_Plate\EEM\EEM_EG_Pavlovagyrans_raw_001_012_E2.csv","","reference workbook missing from local extraction"
"EG","Pavlovagyrans","1","12","E3","Plate","True","False","False","EEM only","C:\Users\nhadu\OneDrive - UTS\C3_UTS\Soft_Sensor_Loc\Emilie data\Raw_data\Emilie_SoftSensor\Emilie_SoftSensor\Raw_data_Plate\EEM\EEM_EG_Pavlovagyrans_raw_001_012_E3.csv","","reference workbook missing from local extraction"
"EG","Pavlovagyrans","1","12","E4","Plate","True","False","False","EEM only","C:\Users\nhadu\OneDrive - UTS\C3_UTS\Soft_Sensor_Loc\Emilie data\Raw_data\Emilie_SoftSensor\Emilie_SoftSensor\Raw_data_Plate\EEM\EEM_EG_Pavlovagyrans_raw_001_012_E4.csv","","reference workbook missing from local extraction"
"EG","Pavlovagyrans","1","12","E5","Plate","True","False","False","EEM only","C:\Users\nhadu\OneDrive - UTS\C3_UTS\Soft_Sensor_Loc\Emilie data\Raw_data\Emilie_SoftSensor\Emilie_SoftSensor\Raw_data_Plate\EEM\EEM_EG_Pavlovagyrans_raw_001_012_E5.csv","","reference workbook missing from local extraction"
"EG","Pavlovagyrans","1","12","E6","Plate","True","False","False","EEM only","C:\Users\nhadu\OneDrive - UTS\C3_UTS\Soft_Sensor_Loc\Emilie data\Raw_data\Emilie_SoftSensor\Emilie_SoftSensor\Raw_data_Plate\EEM\EEM_EG_Pavlovagyrans_raw_001_012_E6.csv","","reference workbook missing from local extraction"
"EG","Pavlovagyrans","1","12","E7","Plate","True","False","False","EEM only","C:\Users\nhadu\OneDrive - UTS\C3_UTS\Soft_Sensor_Loc\Emilie data\Raw_data\Emilie_SoftSensor\Emilie_SoftSensor\Raw_data_Plate\EEM\EEM_EG_Pavlovagyrans_raw_001_012_E7.csv","","reference workbook missing from local extraction"
"EG","Pavlovagyrans","1","12","E8","Plate","True","False","False","EEM only","C:\Users\nhadu\OneDrive - UTS\C3_UTS\Soft_Sensor_Loc\Emilie data\Raw_data\Emilie_SoftSensor\Emilie_SoftSensor\Raw_data_Plate\EEM\EEM_EG_Pavlovagyrans_raw_001_012_E8.csv","","reference workbook missing from local extraction"
"EG","Pavlovagyrans","1","12","E9","Plate","True","False","False","EEM only","C:\Users\nhadu\OneDrive - UTS\C3_UTS\Soft_Sensor_Loc\Emilie data\Raw_data\Emilie_SoftSensor\Emilie_SoftSensor\Raw_data_Plate\EEM\EEM_EG_Pavlovagyrans_raw_001_012_E9.csv","","reference workbook missing from local extraction"
"EG","Pavlovagyrans","1","12","F10","Plate","True","False","False","EEM only","C:\Users\nhadu\OneDrive - UTS\C3_UTS\Soft_Sensor_Loc\Emilie data\Raw_data\Emilie_SoftSensor\Emilie_SoftSensor\Raw_data_Plate\EEM\EEM_EG_Pavlovagyrans_raw_001_012_F10.csv","","reference workbook missing from local extraction"
"EG","Pavlovagyrans","1","12","F11","Plate","True","False","False","EEM only","C:\Users\nhadu\OneDrive - UTS\C3_UTS\Soft_Sensor_Loc\Emilie data\Raw_data\Emilie_SoftSensor\Emilie_SoftSensor\Raw_data_Plate\EEM\EEM_EG_Pavlovagyrans_raw_001_012_F11.csv","","reference workbook missing from local extraction"
"EG","Pavlovagyrans","1","12","F2","Plate","True","False","False","EEM only","C:\Users\nhadu\OneDrive - UTS\C3_UTS\Soft_Sensor_Loc\Emilie data\Raw_data\Emilie_SoftSensor\Emilie_SoftSensor\Raw_data_Plate\EEM\EEM_EG_Pavlovagyrans_raw_001_012_F2.csv","","reference workbook missing from local extraction"
"EG","Pavlovagyrans","1","12","F3","Plate","True","False","False","EEM only","C:\Users\nhadu\OneDrive - UTS\C3_UTS\Soft_Sensor_Loc\Emilie data\Raw_data\Emilie_SoftSensor\Emilie_SoftSensor\Raw_data_Plate\EEM\EEM_EG_Pavlovagyrans_raw_001_012_F3.csv","","reference workbook missing from local extraction"
"EG","Pavlovagyrans","1","12","F4","Plate","True","False","False","EEM only","C:\Users\nhadu\OneDrive - UTS\C3_UTS\Soft_Sensor_Loc\Emilie data\Raw_data\Emilie_SoftSensor\Emilie_SoftSensor\Raw_data_Plate\EEM\EEM_EG_Pavlovagyrans_raw_001_012_F4.csv","","reference workbook missing from local extraction"
"EG","Pavlovagyrans","1","12","F5","Plate","True","False","False","EEM only","C:\Users\nhadu\OneDrive - UTS\C3_UTS\Soft_Sensor_Loc\Emilie data\Raw_data\Emilie_SoftSensor\Emilie_SoftSensor\Raw_data_Plate\EEM\EEM_EG_Pavlovagyrans_raw_001_012_F5.csv","","reference workbook missing from local extraction"
"EG","Pavlovagyrans","1","12","F6","Plate","True","False","False","EEM only","C:\Users\nhadu\OneDrive - UTS\C3_UTS\Soft_Sensor_Loc\Emilie data\Raw_data\Emilie_SoftSensor\Emilie_SoftSensor\Raw_data_Plate\EEM\EEM_EG_Pavlovagyrans_raw_001_012_F6.csv","","reference workbook missing from local extraction"
"EG","Pavlovagyrans","1","12","F7","Plate","True","False","False","EEM only","C:\Users\nhadu\OneDrive - UTS\C3_UTS\Soft_Sensor_Loc\Emilie data\Raw_data\Emilie_SoftSensor\Emilie_SoftSensor\Raw_data_Plate\EEM\EEM_EG_Pavlovagyrans_raw_001_012_F7.csv","","reference workbook missing from local extraction"
"EG","Pavlovagyrans","1","12","F8","Plate","True","False","False","EEM only","C:\Users\nhadu\OneDrive - UTS\C3_UTS\Soft_Sensor_Loc\Emilie data\Raw_data\Emilie_SoftSensor\Emilie_SoftSensor\Raw_data_Plate\EEM\EEM_EG_Pavlovagyrans_raw_001_012_F8.csv","","reference workbook missing from local extraction"
"EG","Pavlovagyrans","1","12","F9","Plate","True","False","False","EEM only","C:\Users\nhadu\OneDrive - UTS\C3_UTS\Soft_Sensor_Loc\Emilie data\Raw_data\Emilie_SoftSensor\Emilie_SoftSensor\Raw_data_Plate\EEM\EEM_EG_Pavlovagyrans_raw_001_012_F9.csv","","reference workbook missing from local extraction"
"EG","Pavlovagyrans","1","12","G10","Plate","True","False","False","EEM only","C:\Users\nhadu\OneDrive - UTS\C3_UTS\Soft_Sensor_Loc\Emilie data\Raw_data\Emilie_SoftSensor\Emilie_SoftSensor\Raw_data_Plate\EEM\EEM_EG_Pavlovagyrans_raw_001_012_G10.csv","","reference workbook missing from local extraction"
"EG","Pavlovagyrans","1","12","G11","Plate","True","False","False","EEM only","C:\Users\nhadu\OneDrive - UTS\C3_UTS\Soft_Sensor_Loc\Emilie data\Raw_data\Emilie_SoftSensor\Emilie_SoftSensor\Raw_data_Plate\EEM\EEM_EG_Pavlovagyrans_raw_001_012_G11.csv","","reference workbook missing from local extraction"
"EG","Pavlovagyrans","1","12","G2","Plate","True","False","False","EEM only","C:\Users\nhadu\OneDrive - UTS\C3_UTS\Soft_Sensor_Loc\Emilie data\Raw_data\Emilie_SoftSensor\Emilie_SoftSensor\Raw_data_Plate\EEM\EEM_EG_Pavlovagyrans_raw_001_012_G2.csv","","reference workbook missing from local extraction"
"EG","Pavlovagyrans","1","12","G3","Plate","True","False","False","EEM only","C:\Users\nhadu\OneDrive - UTS\C3_UTS\Soft_Sensor_Loc\Emilie data\Raw_data\Emilie_SoftSensor\Emilie_SoftSensor\Raw_data_Plate\EEM\EEM_EG_Pavlovagyrans_raw_001_012_G3.csv","","reference workbook missing from local extraction"
"EG","Pavlovagyrans","1","12","G4","Plate","True","False","False","EEM only","C:\Users\nhadu\OneDrive - UTS\C3_UTS\Soft_Sensor_Loc\Emilie data\Raw_data\Emilie_SoftSensor\Emilie_SoftSensor\Raw_data_Plate\EEM\EEM_EG_Pavlovagyrans_raw_001_012_G4.csv","","reference workbook missing from local extraction"
"EG","Pavlovagyrans","1","12","G5","Plate","True","False","False","EEM only","C:\Users\nhadu\OneDrive - UTS\C3_UTS\Soft_Sensor_Loc\Emilie data\Raw_data\Emilie_SoftSensor\Emilie_SoftSensor\Raw_data_Plate\EEM\EEM_EG_Pavlovagyrans_raw_001_012_G5.csv","","reference workbook missing from local extraction"
"EG","Pavlovagyrans","1","12","G6","Plate","True","False","False","EEM only","C:\Users\nhadu\OneDrive - UTS\C3_UTS\Soft_Sensor_Loc\Emilie data\Raw_data\Emilie_SoftSensor\Emilie_SoftSensor\Raw_data_Plate\EEM\EEM_EG_Pavlovagyrans_raw_001_012_G6.csv","","reference workbook missing from local extraction"
"EG","Pavlovagyrans","1","12","G7","Plate","True","False","False","EEM only","C:\Users\nhadu\OneDrive - UTS\C3_UTS\Soft_Sensor_Loc\Emilie data\Raw_data\Emilie_SoftSensor\Emilie_SoftSensor\Raw_data_Plate\EEM\EEM_EG_Pavlovagyrans_raw_001_012_G7.csv","","reference workbook missing from local extraction"
"EG","Pavlovagyrans","1","12","G8","Plate","True","False","False","EEM only","C:\Users\nhadu\OneDrive - UTS\C3_UTS\Soft_Sensor_Loc\Emilie data\Raw_data\Emilie_SoftSensor\Emilie_SoftSensor\Raw_data_Plate\EEM\EEM_EG_Pavlovagyrans_raw_001_012_G8.csv","","reference workbook missing from local extraction"
"EG","Pavlovagyrans","1","12","G9","Plate","True","False","False","EEM only","C:\Users\nhadu\OneDrive - UTS\C3_UTS\Soft_Sensor_Loc\Emilie data\Raw_data\Emilie_SoftSensor\Emilie_SoftSensor\Raw_data_Plate\EEM\EEM_EG_Pavlovagyrans_raw_001_012_G9.csv","","reference workbook missing from local extraction"
"EG","Pavlovagyrans","2","1","A1","Flask","True","True","False","EEM+Raman","C:\Users\nhadu\OneDrive - UTS\C3_UTS\Soft_Sensor_Loc\Emilie data\Raw_data\Emilie_SoftSensor\Emilie_SoftSensor\Raw_data_Flask\EEM\EEM_EG_Pavlovagyrans_raw_002_001_A1.csv","C:\Users\nhadu\OneDrive - UTS\C3_UTS\Soft_Sensor_Loc\Emilie data\Raw_data\Emilie_SoftSensor\Emilie_SoftSensor\Raw_data_Flask\Raman\Raman_EG_Pavlovagyrans_raw_002_001_A1.CSV","reference workbook missing from local extraction"
"EG","Pavlovagyrans","2","1","A2","Flask","True","True","False","EEM+Raman","C:\Users\nhadu\OneDrive - UTS\C3_UTS\Soft_Sensor_Loc\Emilie data\Raw_data\Emilie_SoftSensor\Emilie_SoftSensor\Raw_data_Flask\EEM\EEM_EG_Pavlovagyrans_raw_002_001_A2.csv","C:\Users\nhadu\OneDrive - UTS\C3_UTS\Soft_Sensor_Loc\Emilie data\Raw_data\Emilie_SoftSensor\Emilie_SoftSensor\Raw_data_Flask\Raman\Raman_EG_Pavlovagyrans_raw_002_001_A2.CSV","reference workbook missing from local extraction"
"EG","Pavlovagyrans","2","1","A3","Flask","True","True","False","EEM+Raman","C:\Users\nhadu\OneDrive - UTS\C3_UTS\Soft_Sensor_Loc\Emilie data\Raw_data\Emilie_SoftSensor\Emilie_SoftSensor\Raw_data_Flask\EEM\EEM_EG_Pavlovagyrans_raw_002_001_A3.csv","C:\Users\nhadu\OneDrive - UTS\C3_UTS\Soft_Sensor_Loc\Emilie data\Raw_data\Emilie_SoftSensor\Emilie_SoftSensor\Raw_data_Flask\Raman\Raman_EG_Pavlovagyrans_raw_002_001_A3.CSV","reference workbook missing from local extraction"
"EG","Pavlovagyrans","2","1","A4","Flask","True","True","False","EEM+Raman","C:\Users\nhadu\OneDrive - UTS\C3_UTS\Soft_Sensor_Loc\Emilie data\Raw_data\Emilie_SoftSensor\Emilie_SoftSensor\Raw_data_Flask\EEM\EEM_EG_Pavlovagyrans_raw_002_001_A4.csv","C:\Users\nhadu\OneDrive - UTS\C3_UTS\Soft_Sensor_Loc\Emilie data\Raw_data\Emilie_SoftSensor\Emilie_SoftSensor\Raw_data_Flask\Raman\Raman_EG_Pavlovagyrans_raw_002_001_A4.CSV","reference workbook missing from local extraction"
"EG","Pavlovagyrans","2","1","A5","Flask","True","True","False","EEM+Raman","C:\Users\nhadu\OneDrive - UTS\C3_UTS\Soft_Sensor_Loc\Emilie data\Raw_data\Emilie_SoftSensor\Emilie_SoftSensor\Raw_data_Flask\EEM\EEM_EG_Pavlovagyrans_raw_002_001_A5.csv","C:\Users\nhadu\OneDrive - UTS\C3_UTS\Soft_Sensor_Loc\Emilie data\Raw_data\Emilie_SoftSensor\Emilie_SoftSensor\Raw_data_Flask\Raman\Raman_EG_Pavlovagyrans_raw_002_001_A5.CSV","reference workbook missing from local extraction"
"EG","Pavlovagyrans","2","1","A6","Flask","True","True","False","EEM+Raman","C:\Users\nhadu\OneDrive - UTS\C3_UTS\Soft_Sensor_Loc\Emilie data\Raw_data\Emilie_SoftSensor\Emilie_SoftSensor\Raw_data_Flask\EEM\EEM_EG_Pavlovagyrans_raw_002_001_A6.csv","C:\Users\nhadu\OneDrive - UTS\C3_UTS\Soft_Sensor_Loc\Emilie data\Raw_data\Emilie_SoftSensor\Emilie_SoftSensor\Raw_data_Flask\Raman\Raman_EG_Pavlovagyrans_raw_002_001_A6.CSV","reference workbook missing from local extraction"
"EG","Pavlovagyrans","2","1","A7","Flask","True","True","False","EEM+Raman","C:\Users\nhadu\OneDrive - UTS\C3_UTS\Soft_Sensor_Loc\Emilie data\Raw_data\Emilie_SoftSensor\Emilie_SoftSensor\Raw_data_Flask\EEM\EEM_EG_Pavlovagyrans_raw_002_001_A7.csv","C:\Users\nhadu\OneDrive - UTS\C3_UTS\Soft_Sensor_Loc\Emilie data\Raw_data\Emilie_SoftSensor\Emilie_SoftSensor\Raw_data_Flask\Raman\Raman_EG_Pavlovagyrans_raw_002_001_A7.CSV","reference workbook missing from local extraction"
"EG","Pavlovagyrans","2","1","A8","Flask","True","True","False","EEM+Raman","C:\Users\nhadu\OneDrive - UTS\C3_UTS\Soft_Sensor_Loc\Emilie data\Raw_data\Emilie_SoftSensor\Emilie_SoftSensor\Raw_data_Flask\EEM\EEM_EG_Pavlovagyrans_raw_002_001_A8.csv","C:\Users\nhadu\OneDrive - UTS\C3_UTS\Soft_Sensor_Loc\Emilie data\Raw_data\Emilie_SoftSensor\Emilie_SoftSensor\Raw_data_Flask\Raman\Raman_EG_Pavlovagyrans_raw_002_001_A8.CSV","reference workbook missing from local extraction"
"EG","Pavlovagyrans","2","1","B1","Flask","True","True","False","EEM+Raman","C:\Users\nhadu\OneDrive - UTS\C3_UTS\Soft_Sensor_Loc\Emilie data\Raw_data\Emilie_SoftSensor\Emilie_SoftSensor\Raw_data_Flask\EEM\EEM_EG_Pavlovagyrans_raw_002_001_B1.csv","C:\Users\nhadu\OneDrive - UTS\C3_UTS\Soft_Sensor_Loc\Emilie data\Raw_data\Emilie_SoftSensor\Emilie_SoftSensor\Raw_data_Flask\Raman\Raman_EG_Pavlovagyrans_raw_002_001_B1.CSV","reference workbook missing from local extraction"
"EG","Pavlovagyrans","2","1","B2","Flask","True","True","False","EEM+Raman","C:\Users\nhadu\OneDrive - UTS\C3_UTS\Soft_Sensor_Loc\Emilie data\Raw_data\Emilie_SoftSensor\Emilie_SoftSensor\Raw_data_Flask\EEM\EEM_EG_Pavlovagyrans_raw_002_001_B2.csv","C:\Users\nhadu\OneDrive - UTS\C3_UTS\Soft_Sensor_Loc\Emilie data\Raw_data\Emilie_SoftSensor\Emilie_SoftSensor\Raw_data_Flask\Raman\Raman_EG_Pavlovagyrans_raw_002_001_B2.CSV","reference workbook missing from local extraction"
"EG","Pavlovagyrans","2","1","B3","Flask","True","True","False","EEM+Raman","C:\Users\nhadu\OneDrive - UTS\C3_UTS\Soft_Sensor_Loc\Emilie data\Raw_data\Emilie_SoftSensor\Emilie_SoftSensor\Raw_data_Flask\EEM\EEM_EG_Pavlovagyrans_raw_002_001_B3.csv","C:\Users\nhadu\OneDrive - UTS\C3_UTS\Soft_Sensor_Loc\Emilie data\Raw_data\Emilie_SoftSensor\Emilie_SoftSensor\Raw_data_Flask\Raman\Raman_EG_Pavlovagyrans_raw_002_001_B3.CSV","reference workbook missing from local extraction"
"EG","Pavlovagyrans","2","1","B4","Flask","True","True","False","EEM+Raman","C:\Users\nhadu\OneDrive - UTS\C3_UTS\Soft_Sensor_Loc\Emilie data\Raw_data\Emilie_SoftSensor\Emilie_SoftSensor\Raw_data_Flask\EEM\EEM_EG_Pavlovagyrans_raw_002_001_B4.csv","C:\Users\nhadu\OneDrive - UTS\C3_UTS\Soft_Sensor_Loc\Emilie data\Raw_data\Emilie_SoftSensor\Emilie_SoftSensor\Raw_data_Flask\Raman\Raman_EG_Pavlovagyrans_raw_002_001_B4.CSV","reference workbook missing from local extraction"
"EG","Pavlovagyrans","2","1","B5","Flask","True","True","False","EEM+Raman","C:\Users\nhadu\OneDrive - UTS\C3_UTS\Soft_Sensor_Loc\Emilie data\Raw_data\Emilie_SoftSensor\Emilie_SoftSensor\Raw_data_Flask\EEM\EEM_EG_Pavlovagyrans_raw_002_001_B5.csv","C:\Users\nhadu\OneDrive - UTS\C3_UTS\Soft_Sensor_Loc\Emilie data\Raw_data\Emilie_SoftSensor\Emilie_SoftSensor\Raw_data_Flask\Raman\Raman_EG_Pavlovagyrans_raw_002_001_B5.CSV","reference workbook missing from local extraction"
"EG","Pavlovagyrans","2","1","B6","Flask","True","True","False","EEM+Raman","C:\Users\nhadu\OneDrive - UTS\C3_UTS\Soft_Sensor_Loc\Emilie data\Raw_data\Emilie_SoftSensor\Emilie_SoftSensor\Raw_data_Flask\EEM\EEM_EG_Pavlovagyrans_raw_002_001_B6.csv","C:\Users\nhadu\OneDrive - UTS\C3_UTS\Soft_Sensor_Loc\Emilie data\Raw_data\Emilie_SoftSensor\Emilie_SoftSensor\Raw_data_Flask\Raman\Raman_EG_Pavlovagyrans_raw_002_001_B6.CSV","reference workbook missing from local extraction"
"EG","Pavlovagyrans","2","1","B7","Flask","True","True","False","EEM+Raman","C:\Users\nhadu\OneDrive - UTS\C3_UTS\Soft_Sensor_Loc\Emilie data\Raw_data\Emilie_SoftSensor\Emilie_SoftSensor\Raw_data_Flask\EEM\EEM_EG_Pavlovagyrans_raw_002_001_B7.csv","C:\Users\nhadu\OneDrive - UTS\C3_UTS\Soft_Sensor_Loc\Emilie data\Raw_data\Emilie_SoftSensor\Emilie_SoftSensor\Raw_data_Flask\Raman\Raman_EG_Pavlovagyrans_raw_002_001_B7.CSV","reference workbook missing from local extraction"
"EG","Pavlovagyrans","2","1","B8","Flask","True","True","False","EEM+Raman","C:\Users\nhadu\OneDrive - UTS\C3_UTS\Soft_Sensor_Loc\Emilie data\Raw_data\Emilie_SoftSensor\Emilie_SoftSensor\Raw_data_Flask\EEM\EEM_EG_Pavlovagyrans_raw_002_001_B8.csv","C:\Users\nhadu\OneDrive - UTS\C3_UTS\Soft_Sensor_Loc\Emilie data\Raw_data\Emilie_SoftSensor\Emilie_SoftSensor\Raw_data_Flask\Raman\Raman_EG_Pavlovagyrans_raw_002_001_B8.CSV","reference workbook missing from local extraction"
"EG","Pavlovagyrans","2","1","C1","Flask","True","True","False","EEM+Raman","C:\Users\nhadu\OneDrive - UTS\C3_UTS\Soft_Sensor_Loc\Emilie data\Raw_data\Emilie_SoftSensor\Emilie_SoftSensor\Raw_data_Flask\EEM\EEM_EG_Pavlovagyrans_raw_002_001_C1.csv","C:\Users\nhadu\OneDrive - UTS\C3_UTS\Soft_Sensor_Loc\Emilie data\Raw_data\Emilie_SoftSensor\Emilie_SoftSensor\Raw_data_Flask\Raman\Raman_EG_Pavlovagyrans_raw_002_001_C1.CSV","reference workbook missing from local extraction"
"EG","Pavlovagyrans","2","1","C2","Flask","True","True","False","EEM+Raman","C:\Users\nhadu\OneDrive - UTS\C3_UTS\Soft_Sensor_Loc\Emilie data\Raw_data\Emilie_SoftSensor\Emilie_SoftSensor\Raw_data_Flask\EEM\EEM_EG_Pavlovagyrans_raw_002_001_C2.csv","C:\Users\nhadu\OneDrive - UTS\C3_UTS\Soft_Sensor_Loc\Emilie data\Raw_data\Emilie_SoftSensor\Emilie_SoftSensor\Raw_data_Flask\Raman\Raman_EG_Pavlovagyrans_raw_002_001_C2.CSV","reference workbook missing from local extraction"
"EG","Pavlovagyrans","2","1","C3","Flask","True","True","False","EEM+Raman","C:\Users\nhadu\OneDrive - UTS\C3_UTS\Soft_Sensor_Loc\Emilie data\Raw_data\Emilie_SoftSensor\Emilie_SoftSensor\Raw_data_Flask\EEM\EEM_EG_Pavlovagyrans_raw_002_001_C3.csv","C:\Users\nhadu\OneDrive - UTS\C3_UTS\Soft_Sensor_Loc\Emilie data\Raw_data\Emilie_SoftSensor\Emilie_SoftSensor\Raw_data_Flask\Raman\Raman_EG_Pavlovagyrans_raw_002_001_C3.CSV","reference workbook missing from local extraction"
"EG","Pavlovagyrans","2","1","C4","Flask","True","True","False","EEM+Raman","C:\Users\nhadu\OneDrive - UTS\C3_UTS\Soft_Sensor_Loc\Emilie data\Raw_data\Emilie_SoftSensor\Emilie_SoftSensor\Raw_data_Flask\EEM\EEM_EG_Pavlovagyrans_raw_002_001_C4.csv","C:\Users\nhadu\OneDrive - UTS\C3_UTS\Soft_Sensor_Loc\Emilie data\Raw_data\Emilie_SoftSensor\Emilie_SoftSensor\Raw_data_Flask\Raman\Raman_EG_Pavlovagyrans_raw_002_001_C4.CSV","reference workbook missing from local extraction"
"EG","Pavlovagyrans","2","1","C5","Flask","True","True","False","EEM+Raman","C:\Users\nhadu\OneDrive - UTS\C3_UTS\Soft_Sensor_Loc\Emilie data\Raw_data\Emilie_SoftSensor\Emilie_SoftSensor\Raw_data_Flask\EEM\EEM_EG_Pavlovagyrans_raw_002_001_C5.csv","C:\Users\nhadu\OneDrive - UTS\C3_UTS\Soft_Sensor_Loc\Emilie data\Raw_data\Emilie_SoftSensor\Emilie_SoftSensor\Raw_data_Flask\Raman\Raman_EG_Pavlovagyrans_raw_002_001_C5.CSV","reference workbook missing from local extraction"
"EG","Pavlovagyrans","2","1","C6","Flask","True","True","False","EEM+Raman","C:\Users\nhadu\OneDrive - UTS\C3_UTS\Soft_Sensor_Loc\Emilie data\Raw_data\Emilie_SoftSensor\Emilie_SoftSensor\Raw_data_Flask\EEM\EEM_EG_Pavlovagyrans_raw_002_001_C6.csv","C:\Users\nhadu\OneDrive - UTS\C3_UTS\Soft_Sensor_Loc\Emilie data\Raw_data\Emilie_SoftSensor\Emilie_SoftSensor\Raw_data_Flask\Raman\Raman_EG_Pavlovagyrans_raw_002_001_C6.CSV","reference workbook missing from local extraction"
"EG","Pavlovagyrans","2","1","C7","Flask","True","True","False","EEM+Raman","C:\Users\nhadu\OneDrive - UTS\C3_UTS\Soft_Sensor_Loc\Emilie data\Raw_data\Emilie_SoftSensor\Emilie_SoftSensor\Raw_data_Flask\EEM\EEM_EG_Pavlovagyrans_raw_002_001_C7.csv","C:\Users\nhadu\OneDrive - UTS\C3_UTS\Soft_Sensor_Loc\Emilie data\Raw_data\Emilie_SoftSensor\Emilie_SoftSensor\Raw_data_Flask\Raman\Raman_EG_Pavlovagyrans_raw_002_001_C7.CSV","reference workbook missing from local extraction"
"EG","Pavlovagyrans","2","1","C8","Flask","True","True","False","EEM+Raman","C:\Users\nhadu\OneDrive - UTS\C3_UTS\Soft_Sensor_Loc\Emilie data\Raw_data\Emilie_SoftSensor\Emilie_SoftSensor\Raw_data_Flask\EEM\EEM_EG_Pavlovagyrans_raw_002_001_C8.csv","C:\Users\nhadu\OneDrive - UTS\C3_UTS\Soft_Sensor_Loc\Emilie data\Raw_data\Emilie_SoftSensor\Emilie_SoftSensor\Raw_data_Flask\Raman\Raman_EG_Pavlovagyrans_raw_002_001_C8.CSV","reference workbook missing from local extraction"
"EG","Pavlovagyrans","2","1","D1","Flask","True","True","False","EEM+Raman","C:\Users\nhadu\OneDrive - UTS\C3_UTS\Soft_Sensor_Loc\Emilie data\Raw_data\Emilie_SoftSensor\Emilie_SoftSensor\Raw_data_Flask\EEM\EEM_EG_Pavlovagyrans_raw_002_001_D1.csv","C:\Users\nhadu\OneDrive - UTS\C3_UTS\Soft_Sensor_Loc\Emilie data\Raw_data\Emilie_SoftSensor\Emilie_SoftSensor\Raw_data_Flask\Raman\Raman_EG_Pavlovagyrans_raw_002_001_D1.CSV","reference workbook missing from local extraction"
"EG","Pavlovagyrans","2","1","D2","Flask","True","True","False","EEM+Raman","C:\Users\nhadu\OneDrive - UTS\C3_UTS\Soft_Sensor_Loc\Emilie data\Raw_data\Emilie_SoftSensor\Emilie_SoftSensor\Raw_data_Flask\EEM\EEM_EG_Pavlovagyrans_raw_002_001_D2.csv","C:\Users\nhadu\OneDrive - UTS\C3_UTS\Soft_Sensor_Loc\Emilie data\Raw_data\Emilie_SoftSensor\Emilie_SoftSensor\Raw_data_Flask\Raman\Raman_EG_Pavlovagyrans_raw_002_001_D2.CSV","reference workbook missing from local extraction"
"EG","Pavlovagyrans","2","1","D3","Flask","True","True","False","EEM+Raman","C:\Users\nhadu\OneDrive - UTS\C3_UTS\Soft_Sensor_Loc\Emilie data\Raw_data\Emilie_SoftSensor\Emilie_SoftSensor\Raw_data_Flask\EEM\EEM_EG_Pavlovagyrans_raw_002_001_D3.csv","C:\Users\nhadu\OneDrive - UTS\C3_UTS\Soft_Sensor_Loc\Emilie data\Raw_data\Emilie_SoftSensor\Emilie_SoftSensor\Raw_data_Flask\Raman\Raman_EG_Pavlovagyrans_raw_002_001_D3.CSV","reference workbook missing from local extraction"
"EG","Pavlovagyrans","2","1","D4","Flask","True","True","False","EEM+Raman","C:\Users\nhadu\OneDrive - UTS\C3_UTS\Soft_Sensor_Loc\Emilie data\Raw_data\Emilie_SoftSensor\Emilie_SoftSensor\Raw_data_Flask\EEM\EEM_EG_Pavlovagyrans_raw_002_001_D4.csv","C:\Users\nhadu\OneDrive - UTS\C3_UTS\Soft_Sensor_Loc\Emilie data\Raw_data\Emilie_SoftSensor\Emilie_SoftSensor\Raw_data_Flask\Raman\Raman_EG_Pavlovagyrans_raw_002_001_D4.CSV","reference workbook missing from local extraction"
"EG","Pavlovagyrans","2","1","D5","Flask","True","True","False","EEM+Raman","C:\Users\nhadu\OneDrive - UTS\C3_UTS\Soft_Sensor_Loc\Emilie data\Raw_data\Emilie_SoftSensor\Emilie_SoftSensor\Raw_data_Flask\EEM\EEM_EG_Pavlovagyrans_raw_002_001_D5.csv","C:\Users\nhadu\OneDrive - UTS\C3_UTS\Soft_Sensor_Loc\Emilie data\Raw_data\Emilie_SoftSensor\Emilie_SoftSensor\Raw_data_Flask\Raman\Raman_EG_Pavlovagyrans_raw_002_001_D5.CSV","reference workbook missing from local extraction"
"EG","Pavlovagyrans","2","1","D6","Flask","True","True","False","EEM+Raman","C:\Users\nhadu\OneDrive - UTS\C3_UTS\Soft_Sensor_Loc\Emilie data\Raw_data\Emilie_SoftSensor\Emilie_SoftSensor\Raw_data_Flask\EEM\EEM_EG_Pavlovagyrans_raw_002_001_D6.csv","C:\Users\nhadu\OneDrive - UTS\C3_UTS\Soft_Sensor_Loc\Emilie data\Raw_data\Emilie_SoftSensor\Emilie_SoftSensor\Raw_data_Flask\Raman\Raman_EG_Pavlovagyrans_raw_002_001_D6.CSV","reference workbook missing from local extraction"
"EG","Pavlovagyrans","2","1","D7","Flask","True","True","False","EEM+Raman","C:\Users\nhadu\OneDrive - UTS\C3_UTS\Soft_Sensor_Loc\Emilie data\Raw_data\Emilie_SoftSensor\Emilie_SoftSensor\Raw_data_Flask\EEM\EEM_EG_Pavlovagyrans_raw_002_001_D7.csv","C:\Users\nhadu\OneDrive - UTS\C3_UTS\Soft_Sensor_Loc\Emilie data\Raw_data\Emilie_SoftSensor\Emilie_SoftSensor\Raw_data_Flask\Raman\Raman_EG_Pavlovagyrans_raw_002_001_D7.CSV","reference workbook missing from local extraction"
"EG","Pavlovagyrans","2","1","D8","Flask","True","True","False","EEM+Raman","C:\Users\nhadu\OneDrive - UTS\C3_UTS\Soft_Sensor_Loc\Emilie data\Raw_data\Emilie_SoftSensor\Emilie_SoftSensor\Raw_data_Flask\EEM\EEM_EG_Pavlovagyrans_raw_002_001_D8.csv","C:\Users\nhadu\OneDrive - UTS\C3_UTS\Soft_Sensor_Loc\Emilie data\Raw_data\Emilie_SoftSensor\Emilie_SoftSensor\Raw_data_Flask\Raman\Raman_EG_Pavlovagyrans_raw_002_001_D8.CSV","reference workbook missing from local extraction"
"EG","Pavlovagyrans","2","1","E1","Flask","True","True","False","EEM+Raman","C:\Users\nhadu\OneDrive - UTS\C3_UTS\Soft_Sensor_Loc\Emilie data\Raw_data\Emilie_SoftSensor\Emilie_SoftSensor\Raw_data_Flask\EEM\EEM_EG_Pavlovagyrans_raw_002_001_E1.csv","C:\Users\nhadu\OneDrive - UTS\C3_UTS\Soft_Sensor_Loc\Emilie data\Raw_data\Emilie_SoftSensor\Emilie_SoftSensor\Raw_data_Flask\Raman\Raman_EG_Pavlovagyrans_raw_002_001_E1.CSV","reference workbook missing from local extraction"
"EG","Pavlovagyrans","2","1","E2","Flask","True","True","False","EEM+Raman","C:\Users\nhadu\OneDrive - UTS\C3_UTS\Soft_Sensor_Loc\Emilie data\Raw_data\Emilie_SoftSensor\Emilie_SoftSensor\Raw_data_Flask\EEM\EEM_EG_Pavlovagyrans_raw_002_001_E2.csv","C:\Users\nhadu\OneDrive - UTS\C3_UTS\Soft_Sensor_Loc\Emilie data\Raw_data\Emilie_SoftSensor\Emilie_SoftSensor\Raw_data_Flask\Raman\Raman_EG_Pavlovagyrans_raw_002_001_E2.CSV","reference workbook missing from local extraction"
"EG","Pavlovagyrans","2","1","E3","Flask","True","True","False","EEM+Raman","C:\Users\nhadu\OneDrive - UTS\C3_UTS\Soft_Sensor_Loc\Emilie data\Raw_data\Emilie_SoftSensor\Emilie_SoftSensor\Raw_data_Flask\EEM\EEM_EG_Pavlovagyrans_raw_002_001_E3.csv","C:\Users\nhadu\OneDrive - UTS\C3_UTS\Soft_Sensor_Loc\Emilie data\Raw_data\Emilie_SoftSensor\Emilie_SoftSensor\Raw_data_Flask\Raman\Raman_EG_Pavlovagyrans_raw_002_001_E3.CSV","reference workbook missing from local extraction"
"EG","Pavlovagyrans","2","1","E4","Flask","True","True","False","EEM+Raman","C:\Users\nhadu\OneDrive - UTS\C3_UTS\Soft_Sensor_Loc\Emilie data\Raw_data\Emilie_SoftSensor\Emilie_SoftSensor\Raw_data_Flask\EEM\EEM_EG_Pavlovagyrans_raw_002_001_E4.csv","C:\Users\nhadu\OneDrive - UTS\C3_UTS\Soft_Sensor_Loc\Emilie data\Raw_data\Emilie_SoftSensor\Emilie_SoftSensor\Raw_data_Flask\Raman\Raman_EG_Pavlovagyrans_raw_002_001_E4.CSV","reference workbook missing from local extraction"
"EG","Pavlovagyrans","2","1","E5","Flask","True","True","False","EEM+Raman","C:\Users\nhadu\OneDrive - UTS\C3_UTS\Soft_Sensor_Loc\Emilie data\Raw_data\Emilie_SoftSensor\Emilie_SoftSensor\Raw_data_Flask\EEM\EEM_EG_Pavlovagyrans_raw_002_001_E5.csv","C:\Users\nhadu\OneDrive - UTS\C3_UTS\Soft_Sensor_Loc\Emilie data\Raw_data\Emilie_SoftSensor\Emilie_SoftSensor\Raw_data_Flask\Raman\Raman_EG_Pavlovagyrans_raw_002_001_E5.CSV","reference workbook missing from local extraction"
"EG","Pavlovagyrans","2","1","E6","Flask","True","True","False","EEM+Raman","C:\Users\nhadu\OneDrive - UTS\C3_UTS\Soft_Sensor_Loc\Emilie data\Raw_data\Emilie_SoftSensor\Emilie_SoftSensor\Raw_data_Flask\EEM\EEM_EG_Pavlovagyrans_raw_002_001_E6.csv","C:\Users\nhadu\OneDrive - UTS\C3_UTS\Soft_Sensor_Loc\Emilie data\Raw_data\Emilie_SoftSensor\Emilie_SoftSensor\Raw_data_Flask\Raman\Raman_EG_Pavlovagyrans_raw_002_001_E6.CSV","reference workbook missing from local extraction"
"EG","Pavlovagyrans","2","1","E7","Flask","True","True","False","EEM+Raman","C:\Users\nhadu\OneDrive - UTS\C3_UTS\Soft_Sensor_Loc\Emilie data\Raw_data\Emilie_SoftSensor\Emilie_SoftSensor\Raw_data_Flask\EEM\EEM_EG_Pavlovagyrans_raw_002_001_E7.csv","C:\Users\nhadu\OneDrive - UTS\C3_UTS\Soft_Sensor_Loc\Emilie data\Raw_data\Emilie_SoftSensor\Emilie_SoftSensor\Raw_data_Flask\Raman\Raman_EG_Pavlovagyrans_raw_002_001_E7.CSV","reference workbook missing from local extraction"
"EG","Pavlovagyrans","2","1","E8","Flask","True","True","False","EEM+Raman","C:\Users\nhadu\OneDrive - UTS\C3_UTS\Soft_Sensor_Loc\Emilie data\Raw_data\Emilie_SoftSensor\Emilie_SoftSensor\Raw_data_Flask\EEM\EEM_EG_Pavlovagyrans_raw_002_001_E8.csv","C:\Users\nhadu\OneDrive - UTS\C3_UTS\Soft_Sensor_Loc\Emilie data\Raw_data\Emilie_SoftSensor\Emilie_SoftSensor\Raw_data_Flask\Raman\Raman_EG_Pavlovagyrans_raw_002_001_E8.CSV","reference workbook missing from local extraction"
"EG","Pavlovagyrans","2","1","F1","Flask","True","True","False","EEM+Raman","C:\Users\nhadu\OneDrive - UTS\C3_UTS\Soft_Sensor_Loc\Emilie data\Raw_data\Emilie_SoftSensor\Emilie_SoftSensor\Raw_data_Flask\EEM\EEM_EG_Pavlovagyrans_raw_002_001_F1.csv","C:\Users\nhadu\OneDrive - UTS\C3_UTS\Soft_Sensor_Loc\Emilie data\Raw_data\Emilie_SoftSensor\Emilie_SoftSensor\Raw_data_Flask\Raman\Raman_EG_Pavlovagyrans_raw_002_001_F1.CSV","reference workbook missing from local extraction"
"EG","Pavlovagyrans","2","1","F2","Flask","True","True","False","EEM+Raman","C:\Users\nhadu\OneDrive - UTS\C3_UTS\Soft_Sensor_Loc\Emilie data\Raw_data\Emilie_SoftSensor\Emilie_SoftSensor\Raw_data_Flask\EEM\EEM_EG_Pavlovagyrans_raw_002_001_F2.csv","C:\Users\nhadu\OneDrive - UTS\C3_UTS\Soft_Sensor_Loc\Emilie data\Raw_data\Emilie_SoftSensor\Emilie_SoftSensor\Raw_data_Flask\Raman\Raman_EG_Pavlovagyrans_raw_002_001_F2.CSV","reference workbook missing from local extraction"
"EG","Pavlovagyrans","2","1","F3","Flask","True","True","False","EEM+Raman","C:\Users\nhadu\OneDrive - UTS\C3_UTS\Soft_Sensor_Loc\Emilie data\Raw_data\Emilie_SoftSensor\Emilie_SoftSensor\Raw_data_Flask\EEM\EEM_EG_Pavlovagyrans_raw_002_001_F3.csv","C:\Users\nhadu\OneDrive - UTS\C3_UTS\Soft_Sensor_Loc\Emilie data\Raw_data\Emilie_SoftSensor\Emilie_SoftSensor\Raw_data_Flask\Raman\Raman_EG_Pavlovagyrans_raw_002_001_F3.CSV","reference workbook missing from local extraction"
"EG","Pavlovagyrans","2","1","F4","Flask","True","True","False","EEM+Raman","C:\Users\nhadu\OneDrive - UTS\C3_UTS\Soft_Sensor_Loc\Emilie data\Raw_data\Emilie_SoftSensor\Emilie_SoftSensor\Raw_data_Flask\EEM\EEM_EG_Pavlovagyrans_raw_002_001_F4.csv","C:\Users\nhadu\OneDrive - UTS\C3_UTS\Soft_Sensor_Loc\Emilie data\Raw_data\Emilie_SoftSensor\Emilie_SoftSensor\Raw_data_Flask\Raman\Raman_EG_Pavlovagyrans_raw_002_001_F4.CSV","reference workbook missing from local extraction"
"EG","Pavlovagyrans","2","1","F5","Flask","True","True","False","EEM+Raman","C:\Users\nhadu\OneDrive - UTS\C3_UTS\Soft_Sensor_Loc\Emilie data\Raw_data\Emilie_SoftSensor\Emilie_SoftSensor\Raw_data_Flask\EEM\EEM_EG_Pavlovagyrans_raw_002_001_F5.csv","C:\Users\nhadu\OneDrive - UTS\C3_UTS\Soft_Sensor_Loc\Emilie data\Raw_data\Emilie_SoftSensor\Emilie_SoftSensor\Raw_data_Flask\Raman\Raman_EG_Pavlovagyrans_raw_002_001_F5.CSV","reference workbook missing from local extraction"
"EG","Pavlovagyrans","2","1","F6","Flask","True","True","False","EEM+Raman","C:\Users\nhadu\OneDrive - UTS\C3_UTS\Soft_Sensor_Loc\Emilie data\Raw_data\Emilie_SoftSensor\Emilie_SoftSensor\Raw_data_Flask\EEM\EEM_EG_Pavlovagyrans_raw_002_001_F6.csv","C:\Users\nhadu\OneDrive - UTS\C3_UTS\Soft_Sensor_Loc\Emilie data\Raw_data\Emilie_SoftSensor\Emilie_SoftSensor\Raw_data_Flask\Raman\Raman_EG_Pavlovagyrans_raw_002_001_F6.CSV","reference workbook missing from local extraction"
"EG","Pavlovagyrans","2","1","F7","Flask","True","True","False","EEM+Raman","C:\Users\nhadu\OneDrive - UTS\C3_UTS\Soft_Sensor_Loc\Emilie data\Raw_data\Emilie_SoftSensor\Emilie_SoftSensor\Raw_data_Flask\EEM\EEM_EG_Pavlovagyrans_raw_002_001_F7.csv","C:\Users\nhadu\OneDrive - UTS\C3_UTS\Soft_Sensor_Loc\Emilie data\Raw_data\Emilie_SoftSensor\Emilie_SoftSensor\Raw_data_Flask\Raman\Raman_EG_Pavlovagyrans_raw_002_001_F7.CSV","reference workbook missing from local extraction"
"EG","Pavlovagyrans","2","1","F8","Flask","True","True","False","EEM+Raman","C:\Users\nhadu\OneDrive - UTS\C3_UTS\Soft_Sensor_Loc\Emilie data\Raw_data\Emilie_SoftSensor\Emilie_SoftSensor\Raw_data_Flask\EEM\EEM_EG_Pavlovagyrans_raw_002_001_F8.csv","C:\Users\nhadu\OneDrive - UTS\C3_UTS\Soft_Sensor_Loc\Emilie data\Raw_data\Emilie_SoftSensor\Emilie_SoftSensor\Raw_data_Flask\Raman\Raman_EG_Pavlovagyrans_raw_002_001_F8.CSV","reference workbook missing from local extraction"
"EG","Pavlovagyrans","2","2","A1","Flask","True","True","False","EEM+Raman","C:\Users\nhadu\OneDrive - UTS\C3_UTS\Soft_Sensor_Loc\Emilie data\Raw_data\Emilie_SoftSensor\Emilie_SoftSensor\Raw_data_Flask\EEM\EEM_EG_Pavlovagyrans_raw_002_002_A1.csv","C:\Users\nhadu\OneDrive - UTS\C3_UTS\Soft_Sensor_Loc\Emilie data\Raw_data\Emilie_SoftSensor\Emilie_SoftSensor\Raw_data_Flask\Raman\Raman_EG_Pavlovagyrans_raw_002_002_A1.CSV","reference workbook missing from local extraction"
"EG","Pavlovagyrans","2","2","A10","Flask","True","True","False","EEM+Raman","C:\Users\nhadu\OneDrive - UTS\C3_UTS\Soft_Sensor_Loc\Emilie data\Raw_data\Emilie_SoftSensor\Emilie_SoftSensor\Raw_data_Flask\EEM\EEM_EG_Pavlovagyrans_raw_002_002_A10.csv","C:\Users\nhadu\OneDrive - UTS\C3_UTS\Soft_Sensor_Loc\Emilie data\Raw_data\Emilie_SoftSensor\Emilie_SoftSensor\Raw_data_Flask\Raman\Raman_EG_Pavlovagyrans_raw_002_002_A10.CSV","reference workbook missing from local extraction"
"EG","Pavlovagyrans","2","2","A11","Flask","True","True","False","EEM+Raman","C:\Users\nhadu\OneDrive - UTS\C3_UTS\Soft_Sensor_Loc\Emilie data\Raw_data\Emilie_SoftSensor\Emilie_SoftSensor\Raw_data_Flask\EEM\EEM_EG_Pavlovagyrans_raw_002_002_A11.csv","C:\Users\nhadu\OneDrive - UTS\C3_UTS\Soft_Sensor_Loc\Emilie data\Raw_data\Emilie_SoftSensor\Emilie_SoftSensor\Raw_data_Flask\Raman\Raman_EG_Pavlovagyrans_raw_002_002_A11.CSV","reference workbook missing from local extraction"
"EG","Pavlovagyrans","2","2","A2","Flask","True","True","False","EEM+Raman","C:\Users\nhadu\OneDrive - UTS\C3_UTS\Soft_Sensor_Loc\Emilie data\Raw_data\Emilie_SoftSensor\Emilie_SoftSensor\Raw_data_Flask\EEM\EEM_EG_Pavlovagyrans_raw_002_002_A2.csv","C:\Users\nhadu\OneDrive - UTS\C3_UTS\Soft_Sensor_Loc\Emilie data\Raw_data\Emilie_SoftSensor\Emilie_SoftSensor\Raw_data_Flask\Raman\Raman_EG_Pavlovagyrans_raw_002_002_A2.CSV","reference workbook missing from local extraction"
"EG","Pavlovagyrans","2","2","A3","Flask","True","True","False","EEM+Raman","C:\Users\nhadu\OneDrive - UTS\C3_UTS\Soft_Sensor_Loc\Emilie data\Raw_data\Emilie_SoftSensor\Emilie_SoftSensor\Raw_data_Flask\EEM\EEM_EG_Pavlovagyrans_raw_002_002_A3.csv","C:\Users\nhadu\OneDrive - UTS\C3_UTS\Soft_Sensor_Loc\Emilie data\Raw_data\Emilie_SoftSensor\Emilie_SoftSensor\Raw_data_Flask\Raman\Raman_EG_Pavlovagyrans_raw_002_002_A3.CSV","reference workbook missing from local extraction"
"EG","Pavlovagyrans","2","2","A4","Flask","True","True","False","EEM+Raman","C:\Users\nhadu\OneDrive - UTS\C3_UTS\Soft_Sensor_Loc\Emilie data\Raw_data\Emilie_SoftSensor\Emilie_SoftSensor\Raw_data_Flask\EEM\EEM_EG_Pavlovagyrans_raw_002_002_A4.csv","C:\Users\nhadu\OneDrive - UTS\C3_UTS\Soft_Sensor_Loc\Emilie data\Raw_data\Emilie_SoftSensor\Emilie_SoftSensor\Raw_data_Flask\Raman\Raman_EG_Pavlovagyrans_raw_002_002_A4.CSV","reference workbook missing from local extraction"
"EG","Pavlovagyrans","2","2","A5","Flask","True","True","False","EEM+Raman","C:\Users\nhadu\OneDrive - UTS\C3_UTS\Soft_Sensor_Loc\Emilie data\Raw_data\Emilie_SoftSensor\Emilie_SoftSensor\Raw_data_Flask\EEM\EEM_EG_Pavlovagyrans_raw_002_002_A5.csv","C:\Users\nhadu\OneDrive - UTS\C3_UTS\Soft_Sensor_Loc\Emilie data\Raw_data\Emilie_SoftSensor\Emilie_SoftSensor\Raw_data_Flask\Raman\Raman_EG_Pavlovagyrans_raw_002_002_A5.CSV","reference workbook missing from local extraction"
"EG","Pavlovagyrans","2","2","A6","Flask","True","True","False","EEM+Raman","C:\Users\nhadu\OneDrive - UTS\C3_UTS\Soft_Sensor_Loc\Emilie data\Raw_data\Emilie_SoftSensor\Emilie_SoftSensor\Raw_data_Flask\EEM\EEM_EG_Pavlovagyrans_raw_002_002_A6.csv","C:\Users\nhadu\OneDrive - UTS\C3_UTS\Soft_Sensor_Loc\Emilie data\Raw_data\Emilie_SoftSensor\Emilie_SoftSensor\Raw_data_Flask\Raman\Raman_EG_Pavlovagyrans_raw_002_002_A6.CSV","reference workbook missing from local extraction"
"EG","Pavlovagyrans","2","2","A7","Flask","True","True","False","EEM+Raman","C:\Users\nhadu\OneDrive - UTS\C3_UTS\Soft_Sensor_Loc\Emilie data\Raw_data\Emilie_SoftSensor\Emilie_SoftSensor\Raw_data_Flask\EEM\EEM_EG_Pavlovagyrans_raw_002_002_A7.csv","C:\Users\nhadu\OneDrive - UTS\C3_UTS\Soft_Sensor_Loc\Emilie data\Raw_data\Emilie_SoftSensor\Emilie_SoftSensor\Raw_data_Flask\Raman\Raman_EG_Pavlovagyrans_raw_002_002_A7.CSV","reference workbook missing from local extraction"
"EG","Pavlovagyrans","2","2","A8","Flask","True","True","False","EEM+Raman","C:\Users\nhadu\OneDrive - UTS\C3_UTS\Soft_Sensor_Loc\Emilie data\Raw_data\Emilie_SoftSensor\Emilie_SoftSensor\Raw_data_Flask\EEM\EEM_EG_Pavlovagyrans_raw_002_002_A8.csv","C:\Users\nhadu\OneDrive - UTS\C3_UTS\Soft_Sensor_Loc\Emilie data\Raw_data\Emilie_SoftSensor\Emilie_SoftSensor\Raw_data_Flask\Raman\Raman_EG_Pavlovagyrans_raw_002_002_A8.CSV","reference workbook missing from local extraction"
"EG","Pavlovagyrans","2","2","A9","Flask","True","True","False","EEM+Raman","C:\Users\nhadu\OneDrive - UTS\C3_UTS\Soft_Sensor_Loc\Emilie data\Raw_data\Emilie_SoftSensor\Emilie_SoftSensor\Raw_data_Flask\EEM\EEM_EG_Pavlovagyrans_raw_002_002_A9.csv","C:\Users\nhadu\OneDrive - UTS\C3_UTS\Soft_Sensor_Loc\Emilie data\Raw_data\Emilie_SoftSensor\Emilie_SoftSensor\Raw_data_Flask\Raman\Raman_EG_Pavlovagyrans_raw_002_002_A9.CSV","reference workbook missing from local extraction"
"EG","Pavlovagyrans","2","2","B1","Flask","True","True","False","EEM+Raman","C:\Users\nhadu\OneDrive - UTS\C3_UTS\Soft_Sensor_Loc\Emilie data\Raw_data\Emilie_SoftSensor\Emilie_SoftSensor\Raw_data_Flask\EEM\EEM_EG_Pavlovagyrans_raw_002_002_B1.csv","C:\Users\nhadu\OneDrive - UTS\C3_UTS\Soft_Sensor_Loc\Emilie data\Raw_data\Emilie_SoftSensor\Emilie_SoftSensor\Raw_data_Flask\Raman\Raman_EG_Pavlovagyrans_raw_002_002_B1.CSV","reference workbook missing from local extraction"
"EG","Pavlovagyrans","2","2","B10","Flask","True","True","False","EEM+Raman","C:\Users\nhadu\OneDrive - UTS\C3_UTS\Soft_Sensor_Loc\Emilie data\Raw_data\Emilie_SoftSensor\Emilie_SoftSensor\Raw_data_Flask\EEM\EEM_EG_Pavlovagyrans_raw_002_002_B10.csv","C:\Users\nhadu\OneDrive - UTS\C3_UTS\Soft_Sensor_Loc\Emilie data\Raw_data\Emilie_SoftSensor\Emilie_SoftSensor\Raw_data_Flask\Raman\Raman_EG_Pavlovagyrans_raw_002_002_B10.CSV","reference workbook missing from local extraction"
"EG","Pavlovagyrans","2","2","B11","Flask","True","True","False","EEM+Raman","C:\Users\nhadu\OneDrive - UTS\C3_UTS\Soft_Sensor_Loc\Emilie data\Raw_data\Emilie_SoftSensor\Emilie_SoftSensor\Raw_data_Flask\EEM\EEM_EG_Pavlovagyrans_raw_002_002_B11.csv","C:\Users\nhadu\OneDrive - UTS\C3_UTS\Soft_Sensor_Loc\Emilie data\Raw_data\Emilie_SoftSensor\Emilie_SoftSensor\Raw_data_Flask\Raman\Raman_EG_Pavlovagyrans_raw_002_002_B11.CSV","reference workbook missing from local extraction"
"EG","Pavlovagyrans","2","2","B2","Flask","True","True","False","EEM+Raman","C:\Users\nhadu\OneDrive - UTS\C3_UTS\Soft_Sensor_Loc\Emilie data\Raw_data\Emilie_SoftSensor\Emilie_SoftSensor\Raw_data_Flask\EEM\EEM_EG_Pavlovagyrans_raw_002_002_B2.csv","C:\Users\nhadu\OneDrive - UTS\C3_UTS\Soft_Sensor_Loc\Emilie data\Raw_data\Emilie_SoftSensor\Emilie_SoftSensor\Raw_data_Flask\Raman\Raman_EG_Pavlovagyrans_raw_002_002_B2.CSV","reference workbook missing from local extraction"
"EG","Pavlovagyrans","2","2","B3","Flask","True","True","False","EEM+Raman","C:\Users\nhadu\OneDrive - UTS\C3_UTS\Soft_Sensor_Loc\Emilie data\Raw_data\Emilie_SoftSensor\Emilie_SoftSensor\Raw_data_Flask\EEM\EEM_EG_Pavlovagyrans_raw_002_002_B3.csv","C:\Users\nhadu\OneDrive - UTS\C3_UTS\Soft_Sensor_Loc\Emilie data\Raw_data\Emilie_SoftSensor\Emilie_SoftSensor\Raw_data_Flask\Raman\Raman_EG_Pavlovagyrans_raw_002_002_B3.CSV","reference workbook missing from local extraction"
"EG","Pavlovagyrans","2","2","B4","Flask","True","True","False","EEM+Raman","C:\Users\nhadu\OneDrive - UTS\C3_UTS\Soft_Sensor_Loc\Emilie data\Raw_data\Emilie_SoftSensor\Emilie_SoftSensor\Raw_data_Flask\EEM\EEM_EG_Pavlovagyrans_raw_002_002_B4.csv","C:\Users\nhadu\OneDrive - UTS\C3_UTS\Soft_Sensor_Loc\Emilie data\Raw_data\Emilie_SoftSensor\Emilie_SoftSensor\Raw_data_Flask\Raman\Raman_EG_Pavlovagyrans_raw_002_002_B4.CSV","reference workbook missing from local extraction"
"EG","Pavlovagyrans","2","2","B5","Flask","True","True","False","EEM+Raman","C:\Users\nhadu\OneDrive - UTS\C3_UTS\Soft_Sensor_Loc\Emilie data\Raw_data\Emilie_SoftSensor\Emilie_SoftSensor\Raw_data_Flask\EEM\EEM_EG_Pavlovagyrans_raw_002_002_B5.csv","C:\Users\nhadu\OneDrive - UTS\C3_UTS\Soft_Sensor_Loc\Emilie data\Raw_data\Emilie_SoftSensor\Emilie_SoftSensor\Raw_data_Flask\Raman\Raman_EG_Pavlovagyrans_raw_002_002_B5.CSV","reference workbook missing from local extraction"
"EG","Pavlovagyrans","2","2","B6","Flask","True","True","False","EEM+Raman","C:\Users\nhadu\OneDrive - UTS\C3_UTS\Soft_Sensor_Loc\Emilie data\Raw_data\Emilie_SoftSensor\Emilie_SoftSensor\Raw_data_Flask\EEM\EEM_EG_Pavlovagyrans_raw_002_002_B6.csv","C:\Users\nhadu\OneDrive - UTS\C3_UTS\Soft_Sensor_Loc\Emilie data\Raw_data\Emilie_SoftSensor\Emilie_SoftSensor\Raw_data_Flask\Raman\Raman_EG_Pavlovagyrans_raw_002_002_B6.CSV","reference workbook missing from local extraction"
"EG","Pavlovagyrans","2","2","B7","Flask","True","True","False","EEM+Raman","C:\Users\nhadu\OneDrive - UTS\C3_UTS\Soft_Sensor_Loc\Emilie data\Raw_data\Emilie_SoftSensor\Emilie_SoftSensor\Raw_data_Flask\EEM\EEM_EG_Pavlovagyrans_raw_002_002_B7.csv","C:\Users\nhadu\OneDrive - UTS\C3_UTS\Soft_Sensor_Loc\Emilie data\Raw_data\Emilie_SoftSensor\Emilie_SoftSensor\Raw_data_Flask\Raman\Raman_EG_Pavlovagyrans_raw_002_002_B7.CSV","reference workbook missing from local extraction"
"EG","Pavlovagyrans","2","2","B8","Flask","True","True","False","EEM+Raman","C:\Users\nhadu\OneDrive - UTS\C3_UTS\Soft_Sensor_Loc\Emilie data\Raw_data\Emilie_SoftSensor\Emilie_SoftSensor\Raw_data_Flask\EEM\EEM_EG_Pavlovagyrans_raw_002_002_B8.csv","C:\Users\nhadu\OneDrive - UTS\C3_UTS\Soft_Sensor_Loc\Emilie data\Raw_data\Emilie_SoftSensor\Emilie_SoftSensor\Raw_data_Flask\Raman\Raman_EG_Pavlovagyrans_raw_002_002_B8.CSV","reference workbook missing from local extraction"
"EG","Pavlovagyrans","2","2","B9","Flask","True","True","False","EEM+Raman","C:\Users\nhadu\OneDrive - UTS\C3_UTS\Soft_Sensor_Loc\Emilie data\Raw_data\Emilie_SoftSensor\Emilie_SoftSensor\Raw_data_Flask\EEM\EEM_EG_Pavlovagyrans_raw_002_002_B9.csv","C:\Users\nhadu\OneDrive - UTS\C3_UTS\Soft_Sensor_Loc\Emilie data\Raw_data\Emilie_SoftSensor\Emilie_SoftSensor\Raw_data_Flask\Raman\Raman_EG_Pavlovagyrans_raw_002_002_B9.CSV","reference workbook missing from local extraction"
"EG","Pavlovagyrans","2","2","C1","Flask","True","True","False","EEM+Raman","C:\Users\nhadu\OneDrive - UTS\C3_UTS\Soft_Sensor_Loc\Emilie data\Raw_data\Emilie_SoftSensor\Emilie_SoftSensor\Raw_data_Flask\EEM\EEM_EG_Pavlovagyrans_raw_002_002_C1.csv","C:\Users\nhadu\OneDrive - UTS\C3_UTS\Soft_Sensor_Loc\Emilie data\Raw_data\Emilie_SoftSensor\Emilie_SoftSensor\Raw_data_Flask\Raman\Raman_EG_Pavlovagyrans_raw_002_002_C1.CSV","reference workbook missing from local extraction"
"EG","Pavlovagyrans","2","2","C10","Flask","True","True","False","EEM+Raman","C:\Users\nhadu\OneDrive - UTS\C3_UTS\Soft_Sensor_Loc\Emilie data\Raw_data\Emilie_SoftSensor\Emilie_SoftSensor\Raw_data_Flask\EEM\EEM_EG_Pavlovagyrans_raw_002_002_C10.csv","C:\Users\nhadu\OneDrive - UTS\C3_UTS\Soft_Sensor_Loc\Emilie data\Raw_data\Emilie_SoftSensor\Emilie_SoftSensor\Raw_data_Flask\Raman\Raman_EG_Pavlovagyrans_raw_002_002_C10.CSV","reference workbook missing from local extraction"
"EG","Pavlovagyrans","2","2","C11","Flask","True","True","False","EEM+Raman","C:\Users\nhadu\OneDrive - UTS\C3_UTS\Soft_Sensor_Loc\Emilie data\Raw_data\Emilie_SoftSensor\Emilie_SoftSensor\Raw_data_Flask\EEM\EEM_EG_Pavlovagyrans_raw_002_002_C11.csv","C:\Users\nhadu\OneDrive - UTS\C3_UTS\Soft_Sensor_Loc\Emilie data\Raw_data\Emilie_SoftSensor\Emilie_SoftSensor\Raw_data_Flask\Raman\Raman_EG_Pavlovagyrans_raw_002_002_C11.CSV","reference workbook missing from local extraction"
"EG","Pavlovagyrans","2","2","C2","Flask","True","True","False","EEM+Raman","C:\Users\nhadu\OneDrive - UTS\C3_UTS\Soft_Sensor_Loc\Emilie data\Raw_data\Emilie_SoftSensor\Emilie_SoftSensor\Raw_data_Flask\EEM\EEM_EG_Pavlovagyrans_raw_002_002_C2.csv","C:\Users\nhadu\OneDrive - UTS\C3_UTS\Soft_Sensor_Loc\Emilie data\Raw_data\Emilie_SoftSensor\Emilie_SoftSensor\Raw_data_Flask\Raman\Raman_EG_Pavlovagyrans_raw_002_002_C2.CSV","reference workbook missing from local extraction"
"EG","Pavlovagyrans","2","2","C3","Flask","True","True","False","EEM+Raman","C:\Users\nhadu\OneDrive - UTS\C3_UTS\Soft_Sensor_Loc\Emilie data\Raw_data\Emilie_SoftSensor\Emilie_SoftSensor\Raw_data_Flask\EEM\EEM_EG_Pavlovagyrans_raw_002_002_C3.csv","C:\Users\nhadu\OneDrive - UTS\C3_UTS\Soft_Sensor_Loc\Emilie data\Raw_data\Emilie_SoftSensor\Emilie_SoftSensor\Raw_data_Flask\Raman\Raman_EG_Pavlovagyrans_raw_002_002_C3.CSV","reference workbook missing from local extraction"
"EG","Pavlovagyrans","2","2","C4","Flask","True","True","False","EEM+Raman","C:\Users\nhadu\OneDrive - UTS\C3_UTS\Soft_Sensor_Loc\Emilie data\Raw_data\Emilie_SoftSensor\Emilie_SoftSensor\Raw_data_Flask\EEM\EEM_EG_Pavlovagyrans_raw_002_002_C4.csv","C:\Users\nhadu\OneDrive - UTS\C3_UTS\Soft_Sensor_Loc\Emilie data\Raw_data\Emilie_SoftSensor\Emilie_SoftSensor\Raw_data_Flask\Raman\Raman_EG_Pavlovagyrans_raw_002_002_C4.CSV","reference workbook missing from local extraction"
"EG","Pavlovagyrans","2","2","C5","Flask","True","True","False","EEM+Raman","C:\Users\nhadu\OneDrive - UTS\C3_UTS\Soft_Sensor_Loc\Emilie data\Raw_data\Emilie_SoftSensor\Emilie_SoftSensor\Raw_data_Flask\EEM\EEM_EG_Pavlovagyrans_raw_002_002_C5.csv","C:\Users\nhadu\OneDrive - UTS\C3_UTS\Soft_Sensor_Loc\Emilie data\Raw_data\Emilie_SoftSensor\Emilie_SoftSensor\Raw_data_Flask\Raman\Raman_EG_Pavlovagyrans_raw_002_002_C5.CSV","reference workbook missing from local extraction"
"EG","Pavlovagyrans","2","2","C6","Flask","True","True","False","EEM+Raman","C:\Users\nhadu\OneDrive - UTS\C3_UTS\Soft_Sensor_Loc\Emilie data\Raw_data\Emilie_SoftSensor\Emilie_SoftSensor\Raw_data_Flask\EEM\EEM_EG_Pavlovagyrans_raw_002_002_C6.csv","C:\Users\nhadu\OneDrive - UTS\C3_UTS\Soft_Sensor_Loc\Emilie data\Raw_data\Emilie_SoftSensor\Emilie_SoftSensor\Raw_data_Flask\Raman\Raman_EG_Pavlovagyrans_raw_002_002_C6.CSV","reference workbook missing from local extraction"
"EG","Pavlovagyrans","2","2","C7","Flask","True","True","False","EEM+Raman","C:\Users\nhadu\OneDrive - UTS\C3_UTS\Soft_Sensor_Loc\Emilie data\Raw_data\Emilie_SoftSensor\Emilie_SoftSensor\Raw_data_Flask\EEM\EEM_EG_Pavlovagyrans_raw_002_002_C7.csv","C:\Users\nhadu\OneDrive - UTS\C3_UTS\Soft_Sensor_Loc\Emilie data\Raw_data\Emilie_SoftSensor\Emilie_SoftSensor\Raw_data_Flask\Raman\Raman_EG_Pavlovagyrans_raw_002_002_C7.CSV","reference workbook missing from local extraction"
"EG","Pavlovagyrans","2","2","C8","Flask","True","True","False","EEM+Raman","C:\Users\nhadu\OneDrive - UTS\C3_UTS\Soft_Sensor_Loc\Emilie data\Raw_data\Emilie_SoftSensor\Emilie_SoftSensor\Raw_data_Flask\EEM\EEM_EG_Pavlovagyrans_raw_002_002_C8.csv","C:\Users\nhadu\OneDrive - UTS\C3_UTS\Soft_Sensor_Loc\Emilie data\Raw_data\Emilie_SoftSensor\Emilie_SoftSensor\Raw_data_Flask\Raman\Raman_EG_Pavlovagyrans_raw_002_002_C8.CSV","reference workbook missing from local extraction"
"EG","Pavlovagyrans","2","2","C9","Flask","True","True","False","EEM+Raman","C:\Users\nhadu\OneDrive - UTS\C3_UTS\Soft_Sensor_Loc\Emilie data\Raw_data\Emilie_SoftSensor\Emilie_SoftSensor\Raw_data_Flask\EEM\EEM_EG_Pavlovagyrans_raw_002_002_C9.csv","C:\Users\nhadu\OneDrive - UTS\C3_UTS\Soft_Sensor_Loc\Emilie data\Raw_data\Emilie_SoftSensor\Emilie_SoftSensor\Raw_data_Flask\Raman\Raman_EG_Pavlovagyrans_raw_002_002_C9.CSV","reference workbook missing from local extraction"
"EG","Pavlovagyrans","2","2","D1","Flask","True","True","False","EEM+Raman","C:\Users\nhadu\OneDrive - UTS\C3_UTS\Soft_Sensor_Loc\Emilie data\Raw_data\Emilie_SoftSensor\Emilie_SoftSensor\Raw_data_Flask\EEM\EEM_EG_Pavlovagyrans_raw_002_002_D1.csv","C:\Users\nhadu\OneDrive - UTS\C3_UTS\Soft_Sensor_Loc\Emilie data\Raw_data\Emilie_SoftSensor\Emilie_SoftSensor\Raw_data_Flask\Raman\Raman_EG_Pavlovagyrans_raw_002_002_D1.CSV","reference workbook missing from local extraction"
"EG","Pavlovagyrans","2","2","D10","Flask","True","True","False","EEM+Raman","C:\Users\nhadu\OneDrive - UTS\C3_UTS\Soft_Sensor_Loc\Emilie data\Raw_data\Emilie_SoftSensor\Emilie_SoftSensor\Raw_data_Flask\EEM\EEM_EG_Pavlovagyrans_raw_002_002_D10.csv","C:\Users\nhadu\OneDrive - UTS\C3_UTS\Soft_Sensor_Loc\Emilie data\Raw_data\Emilie_SoftSensor\Emilie_SoftSensor\Raw_data_Flask\Raman\Raman_EG_Pavlovagyrans_raw_002_002_D10.CSV","reference workbook missing from local extraction"
"EG","Pavlovagyrans","2","2","D11","Flask","True","True","False","EEM+Raman","C:\Users\nhadu\OneDrive - UTS\C3_UTS\Soft_Sensor_Loc\Emilie data\Raw_data\Emilie_SoftSensor\Emilie_SoftSensor\Raw_data_Flask\EEM\EEM_EG_Pavlovagyrans_raw_002_002_D11.csv","C:\Users\nhadu\OneDrive - UTS\C3_UTS\Soft_Sensor_Loc\Emilie data\Raw_data\Emilie_SoftSensor\Emilie_SoftSensor\Raw_data_Flask\Raman\Raman_EG_Pavlovagyrans_raw_002_002_D11.CSV","reference workbook missing from local extraction"
"EG","Pavlovagyrans","2","2","D2","Flask","True","True","False","EEM+Raman","C:\Users\nhadu\OneDrive - UTS\C3_UTS\Soft_Sensor_Loc\Emilie data\Raw_data\Emilie_SoftSensor\Emilie_SoftSensor\Raw_data_Flask\EEM\EEM_EG_Pavlovagyrans_raw_002_002_D2.csv","C:\Users\nhadu\OneDrive - UTS\C3_UTS\Soft_Sensor_Loc\Emilie data\Raw_data\Emilie_SoftSensor\Emilie_SoftSensor\Raw_data_Flask\Raman\Raman_EG_Pavlovagyrans_raw_002_002_D2.CSV","reference workbook missing from local extraction"
"EG","Pavlovagyrans","2","2","D3","Flask","True","True","False","EEM+Raman","C:\Users\nhadu\OneDrive - UTS\C3_UTS\Soft_Sensor_Loc\Emilie data\Raw_data\Emilie_SoftSensor\Emilie_SoftSensor\Raw_data_Flask\EEM\EEM_EG_Pavlovagyrans_raw_002_002_D3.csv","C:\Users\nhadu\OneDrive - UTS\C3_UTS\Soft_Sensor_Loc\Emilie data\Raw_data\Emilie_SoftSensor\Emilie_SoftSensor\Raw_data_Flask\Raman\Raman_EG_Pavlovagyrans_raw_002_002_D3.CSV","reference workbook missing from local extraction"
"EG","Pavlovagyrans","2","2","D4","Flask","True","True","False","EEM+Raman","C:\Users\nhadu\OneDrive - UTS\C3_UTS\Soft_Sensor_Loc\Emilie data\Raw_data\Emilie_SoftSensor\Emilie_SoftSensor\Raw_data_Flask\EEM\EEM_EG_Pavlovagyrans_raw_002_002_D4.csv","C:\Users\nhadu\OneDrive - UTS\C3_UTS\Soft_Sensor_Loc\Emilie data\Raw_data\Emilie_SoftSensor\Emilie_SoftSensor\Raw_data_Flask\Raman\Raman_EG_Pavlovagyrans_raw_002_002_D4.CSV","reference workbook missing from local extraction"
"EG","Pavlovagyrans","2","2","D5","Flask","True","True","False","EEM+Raman","C:\Users\nhadu\OneDrive - UTS\C3_UTS\Soft_Sensor_Loc\Emilie data\Raw_data\Emilie_SoftSensor\Emilie_SoftSensor\Raw_data_Flask\EEM\EEM_EG_Pavlovagyrans_raw_002_002_D5.csv","C:\Users\nhadu\OneDrive - UTS\C3_UTS\Soft_Sensor_Loc\Emilie data\Raw_data\Emilie_SoftSensor\Emilie_SoftSensor\Raw_data_Flask\Raman\Raman_EG_Pavlovagyrans_raw_002_002_D5.CSV","reference workbook missing from local extraction"
"EG","Pavlovagyrans","2","2","D6","Flask","True","True","False","EEM+Raman","C:\Users\nhadu\OneDrive - UTS\C3_UTS\Soft_Sensor_Loc\Emilie data\Raw_data\Emilie_SoftSensor\Emilie_SoftSensor\Raw_data_Flask\EEM\EEM_EG_Pavlovagyrans_raw_002_002_D6.csv","C:\Users\nhadu\OneDrive - UTS\C3_UTS\Soft_Sensor_Loc\Emilie data\Raw_data\Emilie_SoftSensor\Emilie_SoftSensor\Raw_data_Flask\Raman\Raman_EG_Pavlovagyrans_raw_002_002_D6.CSV","reference workbook missing from local extraction"
"EG","Pavlovagyrans","2","2","D7","Flask","True","True","False","EEM+Raman","C:\Users\nhadu\OneDrive - UTS\C3_UTS\Soft_Sensor_Loc\Emilie data\Raw_data\Emilie_SoftSensor\Emilie_SoftSensor\Raw_data_Flask\EEM\EEM_EG_Pavlovagyrans_raw_002_002_D7.csv","C:\Users\nhadu\OneDrive - UTS\C3_UTS\Soft_Sensor_Loc\Emilie data\Raw_data\Emilie_SoftSensor\Emilie_SoftSensor\Raw_data_Flask\Raman\Raman_EG_Pavlovagyrans_raw_002_002_D7.CSV","reference workbook missing from local extraction"
"EG","Pavlovagyrans","2","2","D8","Flask","True","True","False","EEM+Raman","C:\Users\nhadu\OneDrive - UTS\C3_UTS\Soft_Sensor_Loc\Emilie data\Raw_data\Emilie_SoftSensor\Emilie_SoftSensor\Raw_data_Flask\EEM\EEM_EG_Pavlovagyrans_raw_002_002_D8.csv","C:\Users\nhadu\OneDrive - UTS\C3_UTS\Soft_Sensor_Loc\Emilie data\Raw_data\Emilie_SoftSensor\Emilie_SoftSensor\Raw_data_Flask\Raman\Raman_EG_Pavlovagyrans_raw_002_002_D8.CSV","reference workbook missing from local extraction"
"EG","Pavlovagyrans","2","2","D9","Flask","True","True","False","EEM+Raman","C:\Users\nhadu\OneDrive - UTS\C3_UTS\Soft_Sensor_Loc\Emilie data\Raw_data\Emilie_SoftSensor\Emilie_SoftSensor\Raw_data_Flask\EEM\EEM_EG_Pavlovagyrans_raw_002_002_D9.csv","C:\Users\nhadu\OneDrive - UTS\C3_UTS\Soft_Sensor_Loc\Emilie data\Raw_data\Emilie_SoftSensor\Emilie_SoftSensor\Raw_data_Flask\Raman\Raman_EG_Pavlovagyrans_raw_002_002_D9.CSV","reference workbook missing from local extraction"
"EG","Pavlovagyrans","2","2","E1","Flask","True","True","False","EEM+Raman","C:\Users\nhadu\OneDrive - UTS\C3_UTS\Soft_Sensor_Loc\Emilie data\Raw_data\Emilie_SoftSensor\Emilie_SoftSensor\Raw_data_Flask\EEM\EEM_EG_Pavlovagyrans_raw_002_002_E1.csv","C:\Users\nhadu\OneDrive - UTS\C3_UTS\Soft_Sensor_Loc\Emilie data\Raw_data\Emilie_SoftSensor\Emilie_SoftSensor\Raw_data_Flask\Raman\Raman_EG_Pavlovagyrans_raw_002_002_E1.CSV","reference workbook missing from local extraction"
"EG","Pavlovagyrans","2","2","E10","Flask","True","True","False","EEM+Raman","C:\Users\nhadu\OneDrive - UTS\C3_UTS\Soft_Sensor_Loc\Emilie data\Raw_data\Emilie_SoftSensor\Emilie_SoftSensor\Raw_data_Flask\EEM\EEM_EG_Pavlovagyrans_raw_002_002_E10.csv","C:\Users\nhadu\OneDrive - UTS\C3_UTS\Soft_Sensor_Loc\Emilie data\Raw_data\Emilie_SoftSensor\Emilie_SoftSensor\Raw_data_Flask\Raman\Raman_EG_Pavlovagyrans_raw_002_002_E10.CSV","reference workbook missing from local extraction"
"EG","Pavlovagyrans","2","2","E11","Flask","True","True","False","EEM+Raman","C:\Users\nhadu\OneDrive - UTS\C3_UTS\Soft_Sensor_Loc\Emilie data\Raw_data\Emilie_SoftSensor\Emilie_SoftSensor\Raw_data_Flask\EEM\EEM_EG_Pavlovagyrans_raw_002_002_E11.csv","C:\Users\nhadu\OneDrive - UTS\C3_UTS\Soft_Sensor_Loc\Emilie data\Raw_data\Emilie_SoftSensor\Emilie_SoftSensor\Raw_data_Flask\Raman\Raman_EG_Pavlovagyrans_raw_002_002_E11.CSV","reference workbook missing from local extraction"
"EG","Pavlovagyrans","2","2","E2","Flask","True","True","False","EEM+Raman","C:\Users\nhadu\OneDrive - UTS\C3_UTS\Soft_Sensor_Loc\Emilie data\Raw_data\Emilie_SoftSensor\Emilie_SoftSensor\Raw_data_Flask\EEM\EEM_EG_Pavlovagyrans_raw_002_002_E2.csv","C:\Users\nhadu\OneDrive - UTS\C3_UTS\Soft_Sensor_Loc\Emilie data\Raw_data\Emilie_SoftSensor\Emilie_SoftSensor\Raw_data_Flask\Raman\Raman_EG_Pavlovagyrans_raw_002_002_E2.CSV","reference workbook missing from local extraction"
"EG","Pavlovagyrans","2","2","E3","Flask","True","True","False","EEM+Raman","C:\Users\nhadu\OneDrive - UTS\C3_UTS\Soft_Sensor_Loc\Emilie data\Raw_data\Emilie_SoftSensor\Emilie_SoftSensor\Raw_data_Flask\EEM\EEM_EG_Pavlovagyrans_raw_002_002_E3.csv","C:\Users\nhadu\OneDrive - UTS\C3_UTS\Soft_Sensor_Loc\Emilie data\Raw_data\Emilie_SoftSensor\Emilie_SoftSensor\Raw_data_Flask\Raman\Raman_EG_Pavlovagyrans_raw_002_002_E3.CSV","reference workbook missing from local extraction"
"EG","Pavlovagyrans","2","2","E4","Flask","True","True","False","EEM+Raman","C:\Users\nhadu\OneDrive - UTS\C3_UTS\Soft_Sensor_Loc\Emilie data\Raw_data\Emilie_SoftSensor\Emilie_SoftSensor\Raw_data_Flask\EEM\EEM_EG_Pavlovagyrans_raw_002_002_E4.csv","C:\Users\nhadu\OneDrive - UTS\C3_UTS\Soft_Sensor_Loc\Emilie data\Raw_data\Emilie_SoftSensor\Emilie_SoftSensor\Raw_data_Flask\Raman\Raman_EG_Pavlovagyrans_raw_002_002_E4.CSV","reference workbook missing from local extraction"
"EG","Pavlovagyrans","2","2","E5","Flask","True","True","False","EEM+Raman","C:\Users\nhadu\OneDrive - UTS\C3_UTS\Soft_Sensor_Loc\Emilie data\Raw_data\Emilie_SoftSensor\Emilie_SoftSensor\Raw_data_Flask\EEM\EEM_EG_Pavlovagyrans_raw_002_002_E5.csv","C:\Users\nhadu\OneDrive - UTS\C3_UTS\Soft_Sensor_Loc\Emilie data\Raw_data\Emilie_SoftSensor\Emilie_SoftSensor\Raw_data_Flask\Raman\Raman_EG_Pavlovagyrans_raw_002_002_E5.CSV","reference workbook missing from local extraction"
"EG","Pavlovagyrans","2","2","E6","Flask","True","True","False","EEM+Raman","C:\Users\nhadu\OneDrive - UTS\C3_UTS\Soft_Sensor_Loc\Emilie data\Raw_data\Emilie_SoftSensor\Emilie_SoftSensor\Raw_data_Flask\EEM\EEM_EG_Pavlovagyrans_raw_002_002_E6.csv","C:\Users\nhadu\OneDrive - UTS\C3_UTS\Soft_Sensor_Loc\Emilie data\Raw_data\Emilie_SoftSensor\Emilie_SoftSensor\Raw_data_Flask\Raman\Raman_EG_Pavlovagyrans_raw_002_002_E6.CSV","reference workbook missing from local extraction"
"EG","Pavlovagyrans","2","2","E7","Flask","True","True","False","EEM+Raman","C:\Users\nhadu\OneDrive - UTS\C3_UTS\Soft_Sensor_Loc\Emilie data\Raw_data\Emilie_SoftSensor\Emilie_SoftSensor\Raw_data_Flask\EEM\EEM_EG_Pavlovagyrans_raw_002_002_E7.csv","C:\Users\nhadu\OneDrive - UTS\C3_UTS\Soft_Sensor_Loc\Emilie data\Raw_data\Emilie_SoftSensor\Emilie_SoftSensor\Raw_data_Flask\Raman\Raman_EG_Pavlovagyrans_raw_002_002_E7.CSV","reference workbook missing from local extraction"
"EG","Pavlovagyrans","2","2","E8","Flask","True","True","False","EEM+Raman","C:\Users\nhadu\OneDrive - UTS\C3_UTS\Soft_Sensor_Loc\Emilie data\Raw_data\Emilie_SoftSensor\Emilie_SoftSensor\Raw_data_Flask\EEM\EEM_EG_Pavlovagyrans_raw_002_002_E8.csv","C:\Users\nhadu\OneDrive - UTS\C3_UTS\Soft_Sensor_Loc\Emilie data\Raw_data\Emilie_SoftSensor\Emilie_SoftSensor\Raw_data_Flask\Raman\Raman_EG_Pavlovagyrans_raw_002_002_E8.CSV","reference workbook missing from local extraction"
"EG","Pavlovagyrans","2","2","E9","Flask","True","True","False","EEM+Raman","C:\Users\nhadu\OneDrive - UTS\C3_UTS\Soft_Sensor_Loc\Emilie data\Raw_data\Emilie_SoftSensor\Emilie_SoftSensor\Raw_data_Flask\EEM\EEM_EG_Pavlovagyrans_raw_002_002_E9.csv","C:\Users\nhadu\OneDrive - UTS\C3_UTS\Soft_Sensor_Loc\Emilie data\Raw_data\Emilie_SoftSensor\Emilie_SoftSensor\Raw_data_Flask\Raman\Raman_EG_Pavlovagyrans_raw_002_002_E9.CSV","reference workbook missing from local extraction"
"EG","Pavlovagyrans","2","2","F1","Flask","True","True","False","EEM+Raman","C:\Users\nhadu\OneDrive - UTS\C3_UTS\Soft_Sensor_Loc\Emilie data\Raw_data\Emilie_SoftSensor\Emilie_SoftSensor\Raw_data_Flask\EEM\EEM_EG_Pavlovagyrans_raw_002_002_F1.csv","C:\Users\nhadu\OneDrive - UTS\C3_UTS\Soft_Sensor_Loc\Emilie data\Raw_data\Emilie_SoftSensor\Emilie_SoftSensor\Raw_data_Flask\Raman\Raman_EG_Pavlovagyrans_raw_002_002_F1.CSV","reference workbook missing from local extraction"
"EG","Pavlovagyrans","2","2","F10","Flask","True","True","False","EEM+Raman","C:\Users\nhadu\OneDrive - UTS\C3_UTS\Soft_Sensor_Loc\Emilie data\Raw_data\Emilie_SoftSensor\Emilie_SoftSensor\Raw_data_Flask\EEM\EEM_EG_Pavlovagyrans_raw_002_002_F10.csv","C:\Users\nhadu\OneDrive - UTS\C3_UTS\Soft_Sensor_Loc\Emilie data\Raw_data\Emilie_SoftSensor\Emilie_SoftSensor\Raw_data_Flask\Raman\Raman_EG_Pavlovagyrans_raw_002_002_F10.CSV","reference workbook missing from local extraction"
"EG","Pavlovagyrans","2","2","F11","Flask","True","True","False","EEM+Raman","C:\Users\nhadu\OneDrive - UTS\C3_UTS\Soft_Sensor_Loc\Emilie data\Raw_data\Emilie_SoftSensor\Emilie_SoftSensor\Raw_data_Flask\EEM\EEM_EG_Pavlovagyrans_raw_002_002_F11.csv","C:\Users\nhadu\OneDrive - UTS\C3_UTS\Soft_Sensor_Loc\Emilie data\Raw_data\Emilie_SoftSensor\Emilie_SoftSensor\Raw_data_Flask\Raman\Raman_EG_Pavlovagyrans_raw_002_002_F11.CSV","reference workbook missing from local extraction"
"EG","Pavlovagyrans","2","2","F2","Flask","True","True","False","EEM+Raman","C:\Users\nhadu\OneDrive - UTS\C3_UTS\Soft_Sensor_Loc\Emilie data\Raw_data\Emilie_SoftSensor\Emilie_SoftSensor\Raw_data_Flask\EEM\EEM_EG_Pavlovagyrans_raw_002_002_F2.csv","C:\Users\nhadu\OneDrive - UTS\C3_UTS\Soft_Sensor_Loc\Emilie data\Raw_data\Emilie_SoftSensor\Emilie_SoftSensor\Raw_data_Flask\Raman\Raman_EG_Pavlovagyrans_raw_002_002_F2.CSV","reference workbook missing from local extraction"
"EG","Pavlovagyrans","2","2","F3","Flask","True","True","False","EEM+Raman","C:\Users\nhadu\OneDrive - UTS\C3_UTS\Soft_Sensor_Loc\Emilie data\Raw_data\Emilie_SoftSensor\Emilie_SoftSensor\Raw_data_Flask\EEM\EEM_EG_Pavlovagyrans_raw_002_002_F3.csv","C:\Users\nhadu\OneDrive - UTS\C3_UTS\Soft_Sensor_Loc\Emilie data\Raw_data\Emilie_SoftSensor\Emilie_SoftSensor\Raw_data_Flask\Raman\Raman_EG_Pavlovagyrans_raw_002_002_F3.CSV","reference workbook missing from local extraction"
"EG","Pavlovagyrans","2","2","F4","Flask","True","True","False","EEM+Raman","C:\Users\nhadu\OneDrive - UTS\C3_UTS\Soft_Sensor_Loc\Emilie data\Raw_data\Emilie_SoftSensor\Emilie_SoftSensor\Raw_data_Flask\EEM\EEM_EG_Pavlovagyrans_raw_002_002_F4.csv","C:\Users\nhadu\OneDrive - UTS\C3_UTS\Soft_Sensor_Loc\Emilie data\Raw_data\Emilie_SoftSensor\Emilie_SoftSensor\Raw_data_Flask\Raman\Raman_EG_Pavlovagyrans_raw_002_002_F4.CSV","reference workbook missing from local extraction"
"EG","Pavlovagyrans","2","2","F5","Flask","True","True","False","EEM+Raman","C:\Users\nhadu\OneDrive - UTS\C3_UTS\Soft_Sensor_Loc\Emilie data\Raw_data\Emilie_SoftSensor\Emilie_SoftSensor\Raw_data_Flask\EEM\EEM_EG_Pavlovagyrans_raw_002_002_F5.csv","C:\Users\nhadu\OneDrive - UTS\C3_UTS\Soft_Sensor_Loc\Emilie data\Raw_data\Emilie_SoftSensor\Emilie_SoftSensor\Raw_data_Flask\Raman\Raman_EG_Pavlovagyrans_raw_002_002_F5.CSV","reference workbook missing from local extraction"
"EG","Pavlovagyrans","2","2","F6","Flask","True","True","False","EEM+Raman","C:\Users\nhadu\OneDrive - UTS\C3_UTS\Soft_Sensor_Loc\Emilie data\Raw_data\Emilie_SoftSensor\Emilie_SoftSensor\Raw_data_Flask\EEM\EEM_EG_Pavlovagyrans_raw_002_002_F6.csv","C:\Users\nhadu\OneDrive - UTS\C3_UTS\Soft_Sensor_Loc\Emilie data\Raw_data\Emilie_SoftSensor\Emilie_SoftSensor\Raw_data_Flask\Raman\Raman_EG_Pavlovagyrans_raw_002_002_F6.CSV","reference workbook missing from local extraction"
"EG","Pavlovagyrans","2","2","F7","Flask","True","True","False","EEM+Raman","C:\Users\nhadu\OneDrive - UTS\C3_UTS\Soft_Sensor_Loc\Emilie data\Raw_data\Emilie_SoftSensor\Emilie_SoftSensor\Raw_data_Flask\EEM\EEM_EG_Pavlovagyrans_raw_002_002_F7.csv","C:\Users\nhadu\OneDrive - UTS\C3_UTS\Soft_Sensor_Loc\Emilie data\Raw_data\Emilie_SoftSensor\Emilie_SoftSensor\Raw_data_Flask\Raman\Raman_EG_Pavlovagyrans_raw_002_002_F7.CSV","reference workbook missing from local extraction"
"EG","Pavlovagyrans","2","2","F8","Flask","True","True","False","EEM+Raman","C:\Users\nhadu\OneDrive - UTS\C3_UTS\Soft_Sensor_Loc\Emilie data\Raw_data\Emilie_SoftSensor\Emilie_SoftSensor\Raw_data_Flask\EEM\EEM_EG_Pavlovagyrans_raw_002_002_F8.csv","C:\Users\nhadu\OneDrive - UTS\C3_UTS\Soft_Sensor_Loc\Emilie data\Raw_data\Emilie_SoftSensor\Emilie_SoftSensor\Raw_data_Flask\Raman\Raman_EG_Pavlovagyrans_raw_002_002_F8.CSV","reference workbook missing from local extraction"
"EG","Pavlovagyrans","2","2","F9","Flask","True","True","False","EEM+Raman","C:\Users\nhadu\OneDrive - UTS\C3_UTS\Soft_Sensor_Loc\Emilie data\Raw_data\Emilie_SoftSensor\Emilie_SoftSensor\Raw_data_Flask\EEM\EEM_EG_Pavlovagyrans_raw_002_002_F9.csv","C:\Users\nhadu\OneDrive - UTS\C3_UTS\Soft_Sensor_Loc\Emilie data\Raw_data\Emilie_SoftSensor\Emilie_SoftSensor\Raw_data_Flask\Raman\Raman_EG_Pavlovagyrans_raw_002_002_F9.CSV","reference workbook missing from local extraction"
"EG","Pavlovagyrans","2","3","A1","Flask","True","True","False","EEM+Raman","C:\Users\nhadu\OneDrive - UTS\C3_UTS\Soft_Sensor_Loc\Emilie data\Raw_data\Emilie_SoftSensor\Emilie_SoftSensor\Raw_data_Flask\EEM\EEM_EG_Pavlovagyrans_raw_002_003_A1.csv","C:\Users\nhadu\OneDrive - UTS\C3_UTS\Soft_Sensor_Loc\Emilie data\Raw_data\Emilie_SoftSensor\Emilie_SoftSensor\Raw_data_Flask\Raman\Raman_EG_Pavlovagyrans_raw_002_003_A1.CSV","reference workbook missing from local extraction"
"EG","Pavlovagyrans","2","3","A2","Flask","True","True","False","EEM+Raman","C:\Users\nhadu\OneDrive - UTS\C3_UTS\Soft_Sensor_Loc\Emilie data\Raw_data\Emilie_SoftSensor\Emilie_SoftSensor\Raw_data_Flask\EEM\EEM_EG_Pavlovagyrans_raw_002_003_A2.csv","C:\Users\nhadu\OneDrive - UTS\C3_UTS\Soft_Sensor_Loc\Emilie data\Raw_data\Emilie_SoftSensor\Emilie_SoftSensor\Raw_data_Flask\Raman\Raman_EG_Pavlovagyrans_raw_002_003_A2.CSV","reference workbook missing from local extraction"
"EG","Pavlovagyrans","2","3","A3","Flask","True","True","False","EEM+Raman","C:\Users\nhadu\OneDrive - UTS\C3_UTS\Soft_Sensor_Loc\Emilie data\Raw_data\Emilie_SoftSensor\Emilie_SoftSensor\Raw_data_Flask\EEM\EEM_EG_Pavlovagyrans_raw_002_003_A3.csv","C:\Users\nhadu\OneDrive - UTS\C3_UTS\Soft_Sensor_Loc\Emilie data\Raw_data\Emilie_SoftSensor\Emilie_SoftSensor\Raw_data_Flask\Raman\Raman_EG_Pavlovagyrans_raw_002_003_A3.CSV","reference workbook missing from local extraction"
"EG","Pavlovagyrans","2","3","A4","Flask","True","True","False","EEM+Raman","C:\Users\nhadu\OneDrive - UTS\C3_UTS\Soft_Sensor_Loc\Emilie data\Raw_data\Emilie_SoftSensor\Emilie_SoftSensor\Raw_data_Flask\EEM\EEM_EG_Pavlovagyrans_raw_002_003_A4.csv","C:\Users\nhadu\OneDrive - UTS\C3_UTS\Soft_Sensor_Loc\Emilie data\Raw_data\Emilie_SoftSensor\Emilie_SoftSensor\Raw_data_Flask\Raman\Raman_EG_Pavlovagyrans_raw_002_003_A4.CSV","reference workbook missing from local extraction"
"EG","Pavlovagyrans","2","3","A5","Flask","True","True","False","EEM+Raman","C:\Users\nhadu\OneDrive - UTS\C3_UTS\Soft_Sensor_Loc\Emilie data\Raw_data\Emilie_SoftSensor\Emilie_SoftSensor\Raw_data_Flask\EEM\EEM_EG_Pavlovagyrans_raw_002_003_A5.csv","C:\Users\nhadu\OneDrive - UTS\C3_UTS\Soft_Sensor_Loc\Emilie data\Raw_data\Emilie_SoftSensor\Emilie_SoftSensor\Raw_data_Flask\Raman\Raman_EG_Pavlovagyrans_raw_002_003_A5.CSV","reference workbook missing from local extraction"
"EG","Pavlovagyrans","2","3","A6","Flask","True","True","False","EEM+Raman","C:\Users\nhadu\OneDrive - UTS\C3_UTS\Soft_Sensor_Loc\Emilie data\Raw_data\Emilie_SoftSensor\Emilie_SoftSensor\Raw_data_Flask\EEM\EEM_EG_Pavlovagyrans_raw_002_003_A6.csv","C:\Users\nhadu\OneDrive - UTS\C3_UTS\Soft_Sensor_Loc\Emilie data\Raw_data\Emilie_SoftSensor\Emilie_SoftSensor\Raw_data_Flask\Raman\Raman_EG_Pavlovagyrans_raw_002_003_A6.CSV","reference workbook missing from local extraction"
"EG","Pavlovagyrans","2","3","A7","Flask","True","True","False","EEM+Raman","C:\Users\nhadu\OneDrive - UTS\C3_UTS\Soft_Sensor_Loc\Emilie data\Raw_data\Emilie_SoftSensor\Emilie_SoftSensor\Raw_data_Flask\EEM\EEM_EG_Pavlovagyrans_raw_002_003_A7.csv","C:\Users\nhadu\OneDrive - UTS\C3_UTS\Soft_Sensor_Loc\Emilie data\Raw_data\Emilie_SoftSensor\Emilie_SoftSensor\Raw_data_Flask\Raman\Raman_EG_Pavlovagyrans_raw_002_003_A7.CSV","reference workbook missing from local extraction"
"EG","Pavlovagyrans","2","3","A8","Flask","True","True","False","EEM+Raman","C:\Users\nhadu\OneDrive - UTS\C3_UTS\Soft_Sensor_Loc\Emilie data\Raw_data\Emilie_SoftSensor\Emilie_SoftSensor\Raw_data_Flask\EEM\EEM_EG_Pavlovagyrans_raw_002_003_A8.csv","C:\Users\nhadu\OneDrive - UTS\C3_UTS\Soft_Sensor_Loc\Emilie data\Raw_data\Emilie_SoftSensor\Emilie_SoftSensor\Raw_data_Flask\Raman\Raman_EG_Pavlovagyrans_raw_002_003_A8.CSV","reference workbook missing from local extraction"
"EG","Pavlovagyrans","2","3","B1","Flask","True","True","False","EEM+Raman","C:\Users\nhadu\OneDrive - UTS\C3_UTS\Soft_Sensor_Loc\Emilie data\Raw_data\Emilie_SoftSensor\Emilie_SoftSensor\Raw_data_Flask\EEM\EEM_EG_Pavlovagyrans_raw_002_003_B1.csv","C:\Users\nhadu\OneDrive - UTS\C3_UTS\Soft_Sensor_Loc\Emilie data\Raw_data\Emilie_SoftSensor\Emilie_SoftSensor\Raw_data_Flask\Raman\Raman_EG_Pavlovagyrans_raw_002_003_B1.CSV","reference workbook missing from local extraction"
"EG","Pavlovagyrans","2","3","B2","Flask","True","True","False","EEM+Raman","C:\Users\nhadu\OneDrive - UTS\C3_UTS\Soft_Sensor_Loc\Emilie data\Raw_data\Emilie_SoftSensor\Emilie_SoftSensor\Raw_data_Flask\EEM\EEM_EG_Pavlovagyrans_raw_002_003_B2.csv","C:\Users\nhadu\OneDrive - UTS\C3_UTS\Soft_Sensor_Loc\Emilie data\Raw_data\Emilie_SoftSensor\Emilie_SoftSensor\Raw_data_Flask\Raman\Raman_EG_Pavlovagyrans_raw_002_003_B2.CSV","reference workbook missing from local extraction"
"EG","Pavlovagyrans","2","3","B3","Flask","True","True","False","EEM+Raman","C:\Users\nhadu\OneDrive - UTS\C3_UTS\Soft_Sensor_Loc\Emilie data\Raw_data\Emilie_SoftSensor\Emilie_SoftSensor\Raw_data_Flask\EEM\EEM_EG_Pavlovagyrans_raw_002_003_B3.csv","C:\Users\nhadu\OneDrive - UTS\C3_UTS\Soft_Sensor_Loc\Emilie data\Raw_data\Emilie_SoftSensor\Emilie_SoftSensor\Raw_data_Flask\Raman\Raman_EG_Pavlovagyrans_raw_002_003_B3.CSV","reference workbook missing from local extraction"
"EG","Pavlovagyrans","2","3","B4","Flask","True","True","False","EEM+Raman","C:\Users\nhadu\OneDrive - UTS\C3_UTS\Soft_Sensor_Loc\Emilie data\Raw_data\Emilie_SoftSensor\Emilie_SoftSensor\Raw_data_Flask\EEM\EEM_EG_Pavlovagyrans_raw_002_003_B4.csv","C:\Users\nhadu\OneDrive - UTS\C3_UTS\Soft_Sensor_Loc\Emilie data\Raw_data\Emilie_SoftSensor\Emilie_SoftSensor\Raw_data_Flask\Raman\Raman_EG_Pavlovagyrans_raw_002_003_B4.CSV","reference workbook missing from local extraction"
"EG","Pavlovagyrans","2","3","B5","Flask","True","True","False","EEM+Raman","C:\Users\nhadu\OneDrive - UTS\C3_UTS\Soft_Sensor_Loc\Emilie data\Raw_data\Emilie_SoftSensor\Emilie_SoftSensor\Raw_data_Flask\EEM\EEM_EG_Pavlovagyrans_raw_002_003_B5.csv","C:\Users\nhadu\OneDrive - UTS\C3_UTS\Soft_Sensor_Loc\Emilie data\Raw_data\Emilie_SoftSensor\Emilie_SoftSensor\Raw_data_Flask\Raman\Raman_EG_Pavlovagyrans_raw_002_003_B5.CSV","reference workbook missing from local extraction"
"EG","Pavlovagyrans","2","3","B6","Flask","True","True","False","EEM+Raman","C:\Users\nhadu\OneDrive - UTS\C3_UTS\Soft_Sensor_Loc\Emilie data\Raw_data\Emilie_SoftSensor\Emilie_SoftSensor\Raw_data_Flask\EEM\EEM_EG_Pavlovagyrans_raw_002_003_B6.csv","C:\Users\nhadu\OneDrive - UTS\C3_UTS\Soft_Sensor_Loc\Emilie data\Raw_data\Emilie_SoftSensor\Emilie_SoftSensor\Raw_data_Flask\Raman\Raman_EG_Pavlovagyrans_raw_002_003_B6.CSV","reference workbook missing from local extraction"
"EG","Pavlovagyrans","2","3","B7","Flask","True","True","False","EEM+Raman","C:\Users\nhadu\OneDrive - UTS\C3_UTS\Soft_Sensor_Loc\Emilie data\Raw_data\Emilie_SoftSensor\Emilie_SoftSensor\Raw_data_Flask\EEM\EEM_EG_Pavlovagyrans_raw_002_003_B7.csv","C:\Users\nhadu\OneDrive - UTS\C3_UTS\Soft_Sensor_Loc\Emilie data\Raw_data\Emilie_SoftSensor\Emilie_SoftSensor\Raw_data_Flask\Raman\Raman_EG_Pavlovagyrans_raw_002_003_B7.CSV","reference workbook missing from local extraction"
"EG","Pavlovagyrans","2","3","B8","Flask","True","True","False","EEM+Raman","C:\Users\nhadu\OneDrive - UTS\C3_UTS\Soft_Sensor_Loc\Emilie data\Raw_data\Emilie_SoftSensor\Emilie_SoftSensor\Raw_data_Flask\EEM\EEM_EG_Pavlovagyrans_raw_002_003_B8.csv","C:\Users\nhadu\OneDrive - UTS\C3_UTS\Soft_Sensor_Loc\Emilie data\Raw_data\Emilie_SoftSensor\Emilie_SoftSensor\Raw_data_Flask\Raman\Raman_EG_Pavlovagyrans_raw_002_003_B8.CSV","reference workbook missing from local extraction"
"EG","Pavlovagyrans","2","3","C1","Flask","True","True","False","EEM+Raman","C:\Users\nhadu\OneDrive - UTS\C3_UTS\Soft_Sensor_Loc\Emilie data\Raw_data\Emilie_SoftSensor\Emilie_SoftSensor\Raw_data_Flask\EEM\EEM_EG_Pavlovagyrans_raw_002_003_C1.csv","C:\Users\nhadu\OneDrive - UTS\C3_UTS\Soft_Sensor_Loc\Emilie data\Raw_data\Emilie_SoftSensor\Emilie_SoftSensor\Raw_data_Flask\Raman\Raman_EG_Pavlovagyrans_raw_002_003_C1.CSV","reference workbook missing from local extraction"
"EG","Pavlovagyrans","2","3","C2","Flask","True","True","False","EEM+Raman","C:\Users\nhadu\OneDrive - UTS\C3_UTS\Soft_Sensor_Loc\Emilie data\Raw_data\Emilie_SoftSensor\Emilie_SoftSensor\Raw_data_Flask\EEM\EEM_EG_Pavlovagyrans_raw_002_003_C2.csv","C:\Users\nhadu\OneDrive - UTS\C3_UTS\Soft_Sensor_Loc\Emilie data\Raw_data\Emilie_SoftSensor\Emilie_SoftSensor\Raw_data_Flask\Raman\Raman_EG_Pavlovagyrans_raw_002_003_C2.CSV","reference workbook missing from local extraction"
"EG","Pavlovagyrans","2","3","C3","Flask","True","True","False","EEM+Raman","C:\Users\nhadu\OneDrive - UTS\C3_UTS\Soft_Sensor_Loc\Emilie data\Raw_data\Emilie_SoftSensor\Emilie_SoftSensor\Raw_data_Flask\EEM\EEM_EG_Pavlovagyrans_raw_002_003_C3.csv","C:\Users\nhadu\OneDrive - UTS\C3_UTS\Soft_Sensor_Loc\Emilie data\Raw_data\Emilie_SoftSensor\Emilie_SoftSensor\Raw_data_Flask\Raman\Raman_EG_Pavlovagyrans_raw_002_003_C3.CSV","reference workbook missing from local extraction"
"EG","Pavlovagyrans","2","3","C4","Flask","True","True","False","EEM+Raman","C:\Users\nhadu\OneDrive - UTS\C3_UTS\Soft_Sensor_Loc\Emilie data\Raw_data\Emilie_SoftSensor\Emilie_SoftSensor\Raw_data_Flask\EEM\EEM_EG_Pavlovagyrans_raw_002_003_C4.csv","C:\Users\nhadu\OneDrive - UTS\C3_UTS\Soft_Sensor_Loc\Emilie data\Raw_data\Emilie_SoftSensor\Emilie_SoftSensor\Raw_data_Flask\Raman\Raman_EG_Pavlovagyrans_raw_002_003_C4.CSV","reference workbook missing from local extraction"
"EG","Pavlovagyrans","2","3","C5","Flask","True","True","False","EEM+Raman","C:\Users\nhadu\OneDrive - UTS\C3_UTS\Soft_Sensor_Loc\Emilie data\Raw_data\Emilie_SoftSensor\Emilie_SoftSensor\Raw_data_Flask\EEM\EEM_EG_Pavlovagyrans_raw_002_003_C5.csv","C:\Users\nhadu\OneDrive - UTS\C3_UTS\Soft_Sensor_Loc\Emilie data\Raw_data\Emilie_SoftSensor\Emilie_SoftSensor\Raw_data_Flask\Raman\Raman_EG_Pavlovagyrans_raw_002_003_C5.CSV","reference workbook missing from local extraction"
"EG","Pavlovagyrans","2","3","C6","Flask","True","True","False","EEM+Raman","C:\Users\nhadu\OneDrive - UTS\C3_UTS\Soft_Sensor_Loc\Emilie data\Raw_data\Emilie_SoftSensor\Emilie_SoftSensor\Raw_data_Flask\EEM\EEM_EG_Pavlovagyrans_raw_002_003_C6.csv","C:\Users\nhadu\OneDrive - UTS\C3_UTS\Soft_Sensor_Loc\Emilie data\Raw_data\Emilie_SoftSensor\Emilie_SoftSensor\Raw_data_Flask\Raman\Raman_EG_Pavlovagyrans_raw_002_003_C6.CSV","reference workbook missing from local extraction"
"EG","Pavlovagyrans","2","3","C7","Flask","True","True","False","EEM+Raman","C:\Users\nhadu\OneDrive - UTS\C3_UTS\Soft_Sensor_Loc\Emilie data\Raw_data\Emilie_SoftSensor\Emilie_SoftSensor\Raw_data_Flask\EEM\EEM_EG_Pavlovagyrans_raw_002_003_C7.csv","C:\Users\nhadu\OneDrive - UTS\C3_UTS\Soft_Sensor_Loc\Emilie data\Raw_data\Emilie_SoftSensor\Emilie_SoftSensor\Raw_data_Flask\Raman\Raman_EG_Pavlovagyrans_raw_002_003_C7.CSV","reference workbook missing from local extraction"
"EG","Pavlovagyrans","2","3","C8","Flask","True","True","False","EEM+Raman","C:\Users\nhadu\OneDrive - UTS\C3_UTS\Soft_Sensor_Loc\Emilie data\Raw_data\Emilie_SoftSensor\Emilie_SoftSensor\Raw_data_Flask\EEM\EEM_EG_Pavlovagyrans_raw_002_003_C8.csv","C:\Users\nhadu\OneDrive - UTS\C3_UTS\Soft_Sensor_Loc\Emilie data\Raw_data\Emilie_SoftSensor\Emilie_SoftSensor\Raw_data_Flask\Raman\Raman_EG_Pavlovagyrans_raw_002_003_C8.CSV","reference workbook missing from local extraction"
"EG","Pavlovagyrans","2","3","D1","Flask","True","True","False","EEM+Raman","C:\Users\nhadu\OneDrive - UTS\C3_UTS\Soft_Sensor_Loc\Emilie data\Raw_data\Emilie_SoftSensor\Emilie_SoftSensor\Raw_data_Flask\EEM\EEM_EG_Pavlovagyrans_raw_002_003_D1.csv","C:\Users\nhadu\OneDrive - UTS\C3_UTS\Soft_Sensor_Loc\Emilie data\Raw_data\Emilie_SoftSensor\Emilie_SoftSensor\Raw_data_Flask\Raman\Raman_EG_Pavlovagyrans_raw_002_003_D1.CSV","reference workbook missing from local extraction"
"EG","Pavlovagyrans","2","3","D2","Flask","True","True","False","EEM+Raman","C:\Users\nhadu\OneDrive - UTS\C3_UTS\Soft_Sensor_Loc\Emilie data\Raw_data\Emilie_SoftSensor\Emilie_SoftSensor\Raw_data_Flask\EEM\EEM_EG_Pavlovagyrans_raw_002_003_D2.csv","C:\Users\nhadu\OneDrive - UTS\C3_UTS\Soft_Sensor_Loc\Emilie data\Raw_data\Emilie_SoftSensor\Emilie_SoftSensor\Raw_data_Flask\Raman\Raman_EG_Pavlovagyrans_raw_002_003_D2.CSV","reference workbook missing from local extraction"
"EG","Pavlovagyrans","2","3","D3","Flask","True","True","False","EEM+Raman","C:\Users\nhadu\OneDrive - UTS\C3_UTS\Soft_Sensor_Loc\Emilie data\Raw_data\Emilie_SoftSensor\Emilie_SoftSensor\Raw_data_Flask\EEM\EEM_EG_Pavlovagyrans_raw_002_003_D3.csv","C:\Users\nhadu\OneDrive - UTS\C3_UTS\Soft_Sensor_Loc\Emilie data\Raw_data\Emilie_SoftSensor\Emilie_SoftSensor\Raw_data_Flask\Raman\Raman_EG_Pavlovagyrans_raw_002_003_D3.CSV","reference workbook missing from local extraction"
"EG","Pavlovagyrans","2","3","D4","Flask","True","True","False","EEM+Raman","C:\Users\nhadu\OneDrive - UTS\C3_UTS\Soft_Sensor_Loc\Emilie data\Raw_data\Emilie_SoftSensor\Emilie_SoftSensor\Raw_data_Flask\EEM\EEM_EG_Pavlovagyrans_raw_002_003_D4.csv","C:\Users\nhadu\OneDrive - UTS\C3_UTS\Soft_Sensor_Loc\Emilie data\Raw_data\Emilie_SoftSensor\Emilie_SoftSensor\Raw_data_Flask\Raman\Raman_EG_Pavlovagyrans_raw_002_003_D4.CSV","reference workbook missing from local extraction"
"EG","Pavlovagyrans","2","3","D5","Flask","True","True","False","EEM+Raman","C:\Users\nhadu\OneDrive - UTS\C3_UTS\Soft_Sensor_Loc\Emilie data\Raw_data\Emilie_SoftSensor\Emilie_SoftSensor\Raw_data_Flask\EEM\EEM_EG_Pavlovagyrans_raw_002_003_D5.csv","C:\Users\nhadu\OneDrive - UTS\C3_UTS\Soft_Sensor_Loc\Emilie data\Raw_data\Emilie_SoftSensor\Emilie_SoftSensor\Raw_data_Flask\Raman\Raman_EG_Pavlovagyrans_raw_002_003_D5.CSV","reference workbook missing from local extraction"
"EG","Pavlovagyrans","2","3","D6","Flask","True","True","False","EEM+Raman","C:\Users\nhadu\OneDrive - UTS\C3_UTS\Soft_Sensor_Loc\Emilie data\Raw_data\Emilie_SoftSensor\Emilie_SoftSensor\Raw_data_Flask\EEM\EEM_EG_Pavlovagyrans_raw_002_003_D6.csv","C:\Users\nhadu\OneDrive - UTS\C3_UTS\Soft_Sensor_Loc\Emilie data\Raw_data\Emilie_SoftSensor\Emilie_SoftSensor\Raw_data_Flask\Raman\Raman_EG_Pavlovagyrans_raw_002_003_D6.CSV","reference workbook missing from local extraction"
"EG","Pavlovagyrans","2","3","D7","Flask","True","True","False","EEM+Raman","C:\Users\nhadu\OneDrive - UTS\C3_UTS\Soft_Sensor_Loc\Emilie data\Raw_data\Emilie_SoftSensor\Emilie_SoftSensor\Raw_data_Flask\EEM\EEM_EG_Pavlovagyrans_raw_002_003_D7.csv","C:\Users\nhadu\OneDrive - UTS\C3_UTS\Soft_Sensor_Loc\Emilie data\Raw_data\Emilie_SoftSensor\Emilie_SoftSensor\Raw_data_Flask\Raman\Raman_EG_Pavlovagyrans_raw_002_003_D7.CSV","reference workbook missing from local extraction"
"EG","Pavlovagyrans","2","3","D8","Flask","True","True","False","EEM+Raman","C:\Users\nhadu\OneDrive - UTS\C3_UTS\Soft_Sensor_Loc\Emilie data\Raw_data\Emilie_SoftSensor\Emilie_SoftSensor\Raw_data_Flask\EEM\EEM_EG_Pavlovagyrans_raw_002_003_D8.csv","C:\Users\nhadu\OneDrive - UTS\C3_UTS\Soft_Sensor_Loc\Emilie data\Raw_data\Emilie_SoftSensor\Emilie_SoftSensor\Raw_data_Flask\Raman\Raman_EG_Pavlovagyrans_raw_002_003_D8.CSV","reference workbook missing from local extraction"
"EG","Pavlovagyrans","2","3","E1","Flask","True","True","False","EEM+Raman","C:\Users\nhadu\OneDrive - UTS\C3_UTS\Soft_Sensor_Loc\Emilie data\Raw_data\Emilie_SoftSensor\Emilie_SoftSensor\Raw_data_Flask\EEM\EEM_EG_Pavlovagyrans_raw_002_003_E1.csv","C:\Users\nhadu\OneDrive - UTS\C3_UTS\Soft_Sensor_Loc\Emilie data\Raw_data\Emilie_SoftSensor\Emilie_SoftSensor\Raw_data_Flask\Raman\Raman_EG_Pavlovagyrans_raw_002_003_E1.CSV","reference workbook missing from local extraction"
"EG","Pavlovagyrans","2","3","E2","Flask","True","True","False","EEM+Raman","C:\Users\nhadu\OneDrive - UTS\C3_UTS\Soft_Sensor_Loc\Emilie data\Raw_data\Emilie_SoftSensor\Emilie_SoftSensor\Raw_data_Flask\EEM\EEM_EG_Pavlovagyrans_raw_002_003_E2.csv","C:\Users\nhadu\OneDrive - UTS\C3_UTS\Soft_Sensor_Loc\Emilie data\Raw_data\Emilie_SoftSensor\Emilie_SoftSensor\Raw_data_Flask\Raman\Raman_EG_Pavlovagyrans_raw_002_003_E2.CSV","reference workbook missing from local extraction"
"EG","Pavlovagyrans","2","3","E3","Flask","True","True","False","EEM+Raman","C:\Users\nhadu\OneDrive - UTS\C3_UTS\Soft_Sensor_Loc\Emilie data\Raw_data\Emilie_SoftSensor\Emilie_SoftSensor\Raw_data_Flask\EEM\EEM_EG_Pavlovagyrans_raw_002_003_E3.csv","C:\Users\nhadu\OneDrive - UTS\C3_UTS\Soft_Sensor_Loc\Emilie data\Raw_data\Emilie_SoftSensor\Emilie_SoftSensor\Raw_data_Flask\Raman\Raman_EG_Pavlovagyrans_raw_002_003_E3.CSV","reference workbook missing from local extraction"
"EG","Pavlovagyrans","2","3","E4","Flask","True","True","False","EEM+Raman","C:\Users\nhadu\OneDrive - UTS\C3_UTS\Soft_Sensor_Loc\Emilie data\Raw_data\Emilie_SoftSensor\Emilie_SoftSensor\Raw_data_Flask\EEM\EEM_EG_Pavlovagyrans_raw_002_003_E4.csv","C:\Users\nhadu\OneDrive - UTS\C3_UTS\Soft_Sensor_Loc\Emilie data\Raw_data\Emilie_SoftSensor\Emilie_SoftSensor\Raw_data_Flask\Raman\Raman_EG_Pavlovagyrans_raw_002_003_E4.CSV","reference workbook missing from local extraction"
"EG","Pavlovagyrans","2","3","E5","Flask","True","True","False","EEM+Raman","C:\Users\nhadu\OneDrive - UTS\C3_UTS\Soft_Sensor_Loc\Emilie data\Raw_data\Emilie_SoftSensor\Emilie_SoftSensor\Raw_data_Flask\EEM\EEM_EG_Pavlovagyrans_raw_002_003_E5.csv","C:\Users\nhadu\OneDrive - UTS\C3_UTS\Soft_Sensor_Loc\Emilie data\Raw_data\Emilie_SoftSensor\Emilie_SoftSensor\Raw_data_Flask\Raman\Raman_EG_Pavlovagyrans_raw_002_003_E5.CSV","reference workbook missing from local extraction"
"EG","Pavlovagyrans","2","3","E6","Flask","True","True","False","EEM+Raman","C:\Users\nhadu\OneDrive - UTS\C3_UTS\Soft_Sensor_Loc\Emilie data\Raw_data\Emilie_SoftSensor\Emilie_SoftSensor\Raw_data_Flask\EEM\EEM_EG_Pavlovagyrans_raw_002_003_E6.csv","C:\Users\nhadu\OneDrive - UTS\C3_UTS\Soft_Sensor_Loc\Emilie data\Raw_data\Emilie_SoftSensor\Emilie_SoftSensor\Raw_data_Flask\Raman\Raman_EG_Pavlovagyrans_raw_002_003_E6.CSV","reference workbook missing from local extraction"
"EG","Pavlovagyrans","2","3","E7","Flask","True","True","False","EEM+Raman","C:\Users\nhadu\OneDrive - UTS\C3_UTS\Soft_Sensor_Loc\Emilie data\Raw_data\Emilie_SoftSensor\Emilie_SoftSensor\Raw_data_Flask\EEM\EEM_EG_Pavlovagyrans_raw_002_003_E7.csv","C:\Users\nhadu\OneDrive - UTS\C3_UTS\Soft_Sensor_Loc\Emilie data\Raw_data\Emilie_SoftSensor\Emilie_SoftSensor\Raw_data_Flask\Raman\Raman_EG_Pavlovagyrans_raw_002_003_E7.CSV","reference workbook missing from local extraction"
"EG","Pavlovagyrans","2","3","E8","Flask","True","True","False","EEM+Raman","C:\Users\nhadu\OneDrive - UTS\C3_UTS\Soft_Sensor_Loc\Emilie data\Raw_data\Emilie_SoftSensor\Emilie_SoftSensor\Raw_data_Flask\EEM\EEM_EG_Pavlovagyrans_raw_002_003_E8.csv","C:\Users\nhadu\OneDrive - UTS\C3_UTS\Soft_Sensor_Loc\Emilie data\Raw_data\Emilie_SoftSensor\Emilie_SoftSensor\Raw_data_Flask\Raman\Raman_EG_Pavlovagyrans_raw_002_003_E8.CSV","reference workbook missing from local extraction"
"EG","Pavlovagyrans","2","3","F1","Flask","True","True","False","EEM+Raman","C:\Users\nhadu\OneDrive - UTS\C3_UTS\Soft_Sensor_Loc\Emilie data\Raw_data\Emilie_SoftSensor\Emilie_SoftSensor\Raw_data_Flask\EEM\EEM_EG_Pavlovagyrans_raw_002_003_F1.csv","C:\Users\nhadu\OneDrive - UTS\C3_UTS\Soft_Sensor_Loc\Emilie data\Raw_data\Emilie_SoftSensor\Emilie_SoftSensor\Raw_data_Flask\Raman\Raman_EG_Pavlovagyrans_raw_002_003_F1.CSV","reference workbook missing from local extraction"
"EG","Pavlovagyrans","2","3","F2","Flask","True","True","False","EEM+Raman","C:\Users\nhadu\OneDrive - UTS\C3_UTS\Soft_Sensor_Loc\Emilie data\Raw_data\Emilie_SoftSensor\Emilie_SoftSensor\Raw_data_Flask\EEM\EEM_EG_Pavlovagyrans_raw_002_003_F2.csv","C:\Users\nhadu\OneDrive - UTS\C3_UTS\Soft_Sensor_Loc\Emilie data\Raw_data\Emilie_SoftSensor\Emilie_SoftSensor\Raw_data_Flask\Raman\Raman_EG_Pavlovagyrans_raw_002_003_F2.CSV","reference workbook missing from local extraction"
"EG","Pavlovagyrans","2","3","F3","Flask","True","True","False","EEM+Raman","C:\Users\nhadu\OneDrive - UTS\C3_UTS\Soft_Sensor_Loc\Emilie data\Raw_data\Emilie_SoftSensor\Emilie_SoftSensor\Raw_data_Flask\EEM\EEM_EG_Pavlovagyrans_raw_002_003_F3.csv","C:\Users\nhadu\OneDrive - UTS\C3_UTS\Soft_Sensor_Loc\Emilie data\Raw_data\Emilie_SoftSensor\Emilie_SoftSensor\Raw_data_Flask\Raman\Raman_EG_Pavlovagyrans_raw_002_003_F3.CSV","reference workbook missing from local extraction"
"EG","Pavlovagyrans","2","3","F4","Flask","True","True","False","EEM+Raman","C:\Users\nhadu\OneDrive - UTS\C3_UTS\Soft_Sensor_Loc\Emilie data\Raw_data\Emilie_SoftSensor\Emilie_SoftSensor\Raw_data_Flask\EEM\EEM_EG_Pavlovagyrans_raw_002_003_F4.csv","C:\Users\nhadu\OneDrive - UTS\C3_UTS\Soft_Sensor_Loc\Emilie data\Raw_data\Emilie_SoftSensor\Emilie_SoftSensor\Raw_data_Flask\Raman\Raman_EG_Pavlovagyrans_raw_002_003_F4.CSV","reference workbook missing from local extraction"
"EG","Pavlovagyrans","2","3","F5","Flask","True","True","False","EEM+Raman","C:\Users\nhadu\OneDrive - UTS\C3_UTS\Soft_Sensor_Loc\Emilie data\Raw_data\Emilie_SoftSensor\Emilie_SoftSensor\Raw_data_Flask\EEM\EEM_EG_Pavlovagyrans_raw_002_003_F5.csv","C:\Users\nhadu\OneDrive - UTS\C3_UTS\Soft_Sensor_Loc\Emilie data\Raw_data\Emilie_SoftSensor\Emilie_SoftSensor\Raw_data_Flask\Raman\Raman_EG_Pavlovagyrans_raw_002_003_F5.CSV","reference workbook missing from local extraction"
"EG","Pavlovagyrans","2","3","F6","Flask","True","True","False","EEM+Raman","C:\Users\nhadu\OneDrive - UTS\C3_UTS\Soft_Sensor_Loc\Emilie data\Raw_data\Emilie_SoftSensor\Emilie_SoftSensor\Raw_data_Flask\EEM\EEM_EG_Pavlovagyrans_raw_002_003_F6.csv","C:\Users\nhadu\OneDrive - UTS\C3_UTS\Soft_Sensor_Loc\Emilie data\Raw_data\Emilie_SoftSensor\Emilie_SoftSensor\Raw_data_Flask\Raman\Raman_EG_Pavlovagyrans_raw_002_003_F6.CSV","reference workbook missing from local extraction"
"EG","Pavlovagyrans","2","3","F7","Flask","True","True","False","EEM+Raman","C:\Users\nhadu\OneDrive - UTS\C3_UTS\Soft_Sensor_Loc\Emilie data\Raw_data\Emilie_SoftSensor\Emilie_SoftSensor\Raw_data_Flask\EEM\EEM_EG_Pavlovagyrans_raw_002_003_F7.csv","C:\Users\nhadu\OneDrive - UTS\C3_UTS\Soft_Sensor_Loc\Emilie data\Raw_data\Emilie_SoftSensor\Emilie_SoftSensor\Raw_data_Flask\Raman\Raman_EG_Pavlovagyrans_raw_002_003_F7.CSV","reference workbook missing from local extraction"
"EG","Pavlovagyrans","2","3","F8","Flask","True","True","False","EEM+Raman","C:\Users\nhadu\OneDrive - UTS\C3_UTS\Soft_Sensor_Loc\Emilie data\Raw_data\Emilie_SoftSensor\Emilie_SoftSensor\Raw_data_Flask\EEM\EEM_EG_Pavlovagyrans_raw_002_003_F8.csv","C:\Users\nhadu\OneDrive - UTS\C3_UTS\Soft_Sensor_Loc\Emilie data\Raw_data\Emilie_SoftSensor\Emilie_SoftSensor\Raw_data_Flask\Raman\Raman_EG_Pavlovagyrans_raw_002_003_F8.CSV","reference workbook missing from local extraction"
"EG","Pavlovagyrans","2","4","A1","Flask","True","True","False","EEM+Raman","C:\Users\nhadu\OneDrive - UTS\C3_UTS\Soft_Sensor_Loc\Emilie data\Raw_data\Emilie_SoftSensor\Emilie_SoftSensor\Raw_data_Flask\EEM\EEM_EG_Pavlovagyrans_raw_002_004_A1.csv","C:\Users\nhadu\OneDrive - UTS\C3_UTS\Soft_Sensor_Loc\Emilie data\Raw_data\Emilie_SoftSensor\Emilie_SoftSensor\Raw_data_Flask\Raman\Raman_EG_Pavlovagyrans_raw_002_004_A1.CSV","reference workbook missing from local extraction"
"EG","Pavlovagyrans","2","4","A10","Flask","True","True","False","EEM+Raman","C:\Users\nhadu\OneDrive - UTS\C3_UTS\Soft_Sensor_Loc\Emilie data\Raw_data\Emilie_SoftSensor\Emilie_SoftSensor\Raw_data_Flask\EEM\EEM_EG_Pavlovagyrans_raw_002_004_A10.csv","C:\Users\nhadu\OneDrive - UTS\C3_UTS\Soft_Sensor_Loc\Emilie data\Raw_data\Emilie_SoftSensor\Emilie_SoftSensor\Raw_data_Flask\Raman\Raman_EG_Pavlovagyrans_raw_002_004_A10.CSV","reference workbook missing from local extraction"
"EG","Pavlovagyrans","2","4","A11","Flask","True","True","False","EEM+Raman","C:\Users\nhadu\OneDrive - UTS\C3_UTS\Soft_Sensor_Loc\Emilie data\Raw_data\Emilie_SoftSensor\Emilie_SoftSensor\Raw_data_Flask\EEM\EEM_EG_Pavlovagyrans_raw_002_004_A11.csv","C:\Users\nhadu\OneDrive - UTS\C3_UTS\Soft_Sensor_Loc\Emilie data\Raw_data\Emilie_SoftSensor\Emilie_SoftSensor\Raw_data_Flask\Raman\Raman_EG_Pavlovagyrans_raw_002_004_A11.CSV","reference workbook missing from local extraction"
"EG","Pavlovagyrans","2","4","A2","Flask","True","True","False","EEM+Raman","C:\Users\nhadu\OneDrive - UTS\C3_UTS\Soft_Sensor_Loc\Emilie data\Raw_data\Emilie_SoftSensor\Emilie_SoftSensor\Raw_data_Flask\EEM\EEM_EG_Pavlovagyrans_raw_002_004_A2.csv","C:\Users\nhadu\OneDrive - UTS\C3_UTS\Soft_Sensor_Loc\Emilie data\Raw_data\Emilie_SoftSensor\Emilie_SoftSensor\Raw_data_Flask\Raman\Raman_EG_Pavlovagyrans_raw_002_004_A2.CSV","reference workbook missing from local extraction"
"EG","Pavlovagyrans","2","4","A3","Flask","True","True","False","EEM+Raman","C:\Users\nhadu\OneDrive - UTS\C3_UTS\Soft_Sensor_Loc\Emilie data\Raw_data\Emilie_SoftSensor\Emilie_SoftSensor\Raw_data_Flask\EEM\EEM_EG_Pavlovagyrans_raw_002_004_A3.csv","C:\Users\nhadu\OneDrive - UTS\C3_UTS\Soft_Sensor_Loc\Emilie data\Raw_data\Emilie_SoftSensor\Emilie_SoftSensor\Raw_data_Flask\Raman\Raman_EG_Pavlovagyrans_raw_002_004_A3.CSV","reference workbook missing from local extraction"
"EG","Pavlovagyrans","2","4","A4","Flask","True","True","False","EEM+Raman","C:\Users\nhadu\OneDrive - UTS\C3_UTS\Soft_Sensor_Loc\Emilie data\Raw_data\Emilie_SoftSensor\Emilie_SoftSensor\Raw_data_Flask\EEM\EEM_EG_Pavlovagyrans_raw_002_004_A4.csv","C:\Users\nhadu\OneDrive - UTS\C3_UTS\Soft_Sensor_Loc\Emilie data\Raw_data\Emilie_SoftSensor\Emilie_SoftSensor\Raw_data_Flask\Raman\Raman_EG_Pavlovagyrans_raw_002_004_A4.CSV","reference workbook missing from local extraction"
"EG","Pavlovagyrans","2","4","A5","Flask","True","True","False","EEM+Raman","C:\Users\nhadu\OneDrive - UTS\C3_UTS\Soft_Sensor_Loc\Emilie data\Raw_data\Emilie_SoftSensor\Emilie_SoftSensor\Raw_data_Flask\EEM\EEM_EG_Pavlovagyrans_raw_002_004_A5.csv","C:\Users\nhadu\OneDrive - UTS\C3_UTS\Soft_Sensor_Loc\Emilie data\Raw_data\Emilie_SoftSensor\Emilie_SoftSensor\Raw_data_Flask\Raman\Raman_EG_Pavlovagyrans_raw_002_004_A5.CSV","reference workbook missing from local extraction"
"EG","Pavlovagyrans","2","4","A6","Flask","True","True","False","EEM+Raman","C:\Users\nhadu\OneDrive - UTS\C3_UTS\Soft_Sensor_Loc\Emilie data\Raw_data\Emilie_SoftSensor\Emilie_SoftSensor\Raw_data_Flask\EEM\EEM_EG_Pavlovagyrans_raw_002_004_A6.csv","C:\Users\nhadu\OneDrive - UTS\C3_UTS\Soft_Sensor_Loc\Emilie data\Raw_data\Emilie_SoftSensor\Emilie_SoftSensor\Raw_data_Flask\Raman\Raman_EG_Pavlovagyrans_raw_002_004_A6.CSV","reference workbook missing from local extraction"
"EG","Pavlovagyrans","2","4","A7","Flask","True","True","False","EEM+Raman","C:\Users\nhadu\OneDrive - UTS\C3_UTS\Soft_Sensor_Loc\Emilie data\Raw_data\Emilie_SoftSensor\Emilie_SoftSensor\Raw_data_Flask\EEM\EEM_EG_Pavlovagyrans_raw_002_004_A7.csv","C:\Users\nhadu\OneDrive - UTS\C3_UTS\Soft_Sensor_Loc\Emilie data\Raw_data\Emilie_SoftSensor\Emilie_SoftSensor\Raw_data_Flask\Raman\Raman_EG_Pavlovagyrans_raw_002_004_A7.CSV","reference workbook missing from local extraction"
"EG","Pavlovagyrans","2","4","A8","Flask","True","True","False","EEM+Raman","C:\Users\nhadu\OneDrive - UTS\C3_UTS\Soft_Sensor_Loc\Emilie data\Raw_data\Emilie_SoftSensor\Emilie_SoftSensor\Raw_data_Flask\EEM\EEM_EG_Pavlovagyrans_raw_002_004_A8.csv","C:\Users\nhadu\OneDrive - UTS\C3_UTS\Soft_Sensor_Loc\Emilie data\Raw_data\Emilie_SoftSensor\Emilie_SoftSensor\Raw_data_Flask\Raman\Raman_EG_Pavlovagyrans_raw_002_004_A8.CSV","reference workbook missing from local extraction"
"EG","Pavlovagyrans","2","4","A9","Flask","True","True","False","EEM+Raman","C:\Users\nhadu\OneDrive - UTS\C3_UTS\Soft_Sensor_Loc\Emilie data\Raw_data\Emilie_SoftSensor\Emilie_SoftSensor\Raw_data_Flask\EEM\EEM_EG_Pavlovagyrans_raw_002_004_A9.csv","C:\Users\nhadu\OneDrive - UTS\C3_UTS\Soft_Sensor_Loc\Emilie data\Raw_data\Emilie_SoftSensor\Emilie_SoftSensor\Raw_data_Flask\Raman\Raman_EG_Pavlovagyrans_raw_002_004_A9.CSV","reference workbook missing from local extraction"
"EG","Pavlovagyrans","2","4","B1","Flask","True","True","False","EEM+Raman","C:\Users\nhadu\OneDrive - UTS\C3_UTS\Soft_Sensor_Loc\Emilie data\Raw_data\Emilie_SoftSensor\Emilie_SoftSensor\Raw_data_Flask\EEM\EEM_EG_Pavlovagyrans_raw_002_004_B1.csv","C:\Users\nhadu\OneDrive - UTS\C3_UTS\Soft_Sensor_Loc\Emilie data\Raw_data\Emilie_SoftSensor\Emilie_SoftSensor\Raw_data_Flask\Raman\Raman_EG_Pavlovagyrans_raw_002_004_B1.CSV","reference workbook missing from local extraction"
"EG","Pavlovagyrans","2","4","B10","Flask","True","True","False","EEM+Raman","C:\Users\nhadu\OneDrive - UTS\C3_UTS\Soft_Sensor_Loc\Emilie data\Raw_data\Emilie_SoftSensor\Emilie_SoftSensor\Raw_data_Flask\EEM\EEM_EG_Pavlovagyrans_raw_002_004_B10.csv","C:\Users\nhadu\OneDrive - UTS\C3_UTS\Soft_Sensor_Loc\Emilie data\Raw_data\Emilie_SoftSensor\Emilie_SoftSensor\Raw_data_Flask\Raman\Raman_EG_Pavlovagyrans_raw_002_004_B10.CSV","reference workbook missing from local extraction"
"EG","Pavlovagyrans","2","4","B11","Flask","True","True","False","EEM+Raman","C:\Users\nhadu\OneDrive - UTS\C3_UTS\Soft_Sensor_Loc\Emilie data\Raw_data\Emilie_SoftSensor\Emilie_SoftSensor\Raw_data_Flask\EEM\EEM_EG_Pavlovagyrans_raw_002_004_B11.csv","C:\Users\nhadu\OneDrive - UTS\C3_UTS\Soft_Sensor_Loc\Emilie data\Raw_data\Emilie_SoftSensor\Emilie_SoftSensor\Raw_data_Flask\Raman\Raman_EG_Pavlovagyrans_raw_002_004_B11.CSV","reference workbook missing from local extraction"
"EG","Pavlovagyrans","2","4","B2","Flask","True","True","False","EEM+Raman","C:\Users\nhadu\OneDrive - UTS\C3_UTS\Soft_Sensor_Loc\Emilie data\Raw_data\Emilie_SoftSensor\Emilie_SoftSensor\Raw_data_Flask\EEM\EEM_EG_Pavlovagyrans_raw_002_004_B2.csv","C:\Users\nhadu\OneDrive - UTS\C3_UTS\Soft_Sensor_Loc\Emilie data\Raw_data\Emilie_SoftSensor\Emilie_SoftSensor\Raw_data_Flask\Raman\Raman_EG_Pavlovagyrans_raw_002_004_B2.CSV","reference workbook missing from local extraction"
"EG","Pavlovagyrans","2","4","B3","Flask","True","True","False","EEM+Raman","C:\Users\nhadu\OneDrive - UTS\C3_UTS\Soft_Sensor_Loc\Emilie data\Raw_data\Emilie_SoftSensor\Emilie_SoftSensor\Raw_data_Flask\EEM\EEM_EG_Pavlovagyrans_raw_002_004_B3.csv","C:\Users\nhadu\OneDrive - UTS\C3_UTS\Soft_Sensor_Loc\Emilie data\Raw_data\Emilie_SoftSensor\Emilie_SoftSensor\Raw_data_Flask\Raman\Raman_EG_Pavlovagyrans_raw_002_004_B3.CSV","reference workbook missing from local extraction"
"EG","Pavlovagyrans","2","4","B4","Flask","True","True","False","EEM+Raman","C:\Users\nhadu\OneDrive - UTS\C3_UTS\Soft_Sensor_Loc\Emilie data\Raw_data\Emilie_SoftSensor\Emilie_SoftSensor\Raw_data_Flask\EEM\EEM_EG_Pavlovagyrans_raw_002_004_B4.csv","C:\Users\nhadu\OneDrive - UTS\C3_UTS\Soft_Sensor_Loc\Emilie data\Raw_data\Emilie_SoftSensor\Emilie_SoftSensor\Raw_data_Flask\Raman\Raman_EG_Pavlovagyrans_raw_002_004_B4.CSV","reference workbook missing from local extraction"
"EG","Pavlovagyrans","2","4","B5","Flask","True","True","False","EEM+Raman","C:\Users\nhadu\OneDrive - UTS\C3_UTS\Soft_Sensor_Loc\Emilie data\Raw_data\Emilie_SoftSensor\Emilie_SoftSensor\Raw_data_Flask\EEM\EEM_EG_Pavlovagyrans_raw_002_004_B5.csv","C:\Users\nhadu\OneDrive - UTS\C3_UTS\Soft_Sensor_Loc\Emilie data\Raw_data\Emilie_SoftSensor\Emilie_SoftSensor\Raw_data_Flask\Raman\Raman_EG_Pavlovagyrans_raw_002_004_B5.CSV","reference workbook missing from local extraction"
"EG","Pavlovagyrans","2","4","B6","Flask","True","True","False","EEM+Raman","C:\Users\nhadu\OneDrive - UTS\C3_UTS\Soft_Sensor_Loc\Emilie data\Raw_data\Emilie_SoftSensor\Emilie_SoftSensor\Raw_data_Flask\EEM\EEM_EG_Pavlovagyrans_raw_002_004_B6.csv","C:\Users\nhadu\OneDrive - UTS\C3_UTS\Soft_Sensor_Loc\Emilie data\Raw_data\Emilie_SoftSensor\Emilie_SoftSensor\Raw_data_Flask\Raman\Raman_EG_Pavlovagyrans_raw_002_004_B6.CSV","reference workbook missing from local extraction"
"EG","Pavlovagyrans","2","4","B7","Flask","True","True","False","EEM+Raman","C:\Users\nhadu\OneDrive - UTS\C3_UTS\Soft_Sensor_Loc\Emilie data\Raw_data\Emilie_SoftSensor\Emilie_SoftSensor\Raw_data_Flask\EEM\EEM_EG_Pavlovagyrans_raw_002_004_B7.csv","C:\Users\nhadu\OneDrive - UTS\C3_UTS\Soft_Sensor_Loc\Emilie data\Raw_data\Emilie_SoftSensor\Emilie_SoftSensor\Raw_data_Flask\Raman\Raman_EG_Pavlovagyrans_raw_002_004_B7.CSV","reference workbook missing from local extraction"
"EG","Pavlovagyrans","2","4","B8","Flask","True","True","False","EEM+Raman","C:\Users\nhadu\OneDrive - UTS\C3_UTS\Soft_Sensor_Loc\Emilie data\Raw_data\Emilie_SoftSensor\Emilie_SoftSensor\Raw_data_Flask\EEM\EEM_EG_Pavlovagyrans_raw_002_004_B8.csv","C:\Users\nhadu\OneDrive - UTS\C3_UTS\Soft_Sensor_Loc\Emilie data\Raw_data\Emilie_SoftSensor\Emilie_SoftSensor\Raw_data_Flask\Raman\Raman_EG_Pavlovagyrans_raw_002_004_B8.CSV","reference workbook missing from local extraction"
"EG","Pavlovagyrans","2","4","B9","Flask","True","True","False","EEM+Raman","C:\Users\nhadu\OneDrive - UTS\C3_UTS\Soft_Sensor_Loc\Emilie data\Raw_data\Emilie_SoftSensor\Emilie_SoftSensor\Raw_data_Flask\EEM\EEM_EG_Pavlovagyrans_raw_002_004_B9.csv","C:\Users\nhadu\OneDrive - UTS\C3_UTS\Soft_Sensor_Loc\Emilie data\Raw_data\Emilie_SoftSensor\Emilie_SoftSensor\Raw_data_Flask\Raman\Raman_EG_Pavlovagyrans_raw_002_004_B9.CSV","reference workbook missing from local extraction"
"EG","Pavlovagyrans","2","4","C1","Flask","True","True","False","EEM+Raman","C:\Users\nhadu\OneDrive - UTS\C3_UTS\Soft_Sensor_Loc\Emilie data\Raw_data\Emilie_SoftSensor\Emilie_SoftSensor\Raw_data_Flask\EEM\EEM_EG_Pavlovagyrans_raw_002_004_C1.csv","C:\Users\nhadu\OneDrive - UTS\C3_UTS\Soft_Sensor_Loc\Emilie data\Raw_data\Emilie_SoftSensor\Emilie_SoftSensor\Raw_data_Flask\Raman\Raman_EG_Pavlovagyrans_raw_002_004_C1.CSV","reference workbook missing from local extraction"
"EG","Pavlovagyrans","2","4","C10","Flask","True","True","False","EEM+Raman","C:\Users\nhadu\OneDrive - UTS\C3_UTS\Soft_Sensor_Loc\Emilie data\Raw_data\Emilie_SoftSensor\Emilie_SoftSensor\Raw_data_Flask\EEM\EEM_EG_Pavlovagyrans_raw_002_004_C10.csv","C:\Users\nhadu\OneDrive - UTS\C3_UTS\Soft_Sensor_Loc\Emilie data\Raw_data\Emilie_SoftSensor\Emilie_SoftSensor\Raw_data_Flask\Raman\Raman_EG_Pavlovagyrans_raw_002_004_C10.CSV","reference workbook missing from local extraction"
"EG","Pavlovagyrans","2","4","C11","Flask","True","True","False","EEM+Raman","C:\Users\nhadu\OneDrive - UTS\C3_UTS\Soft_Sensor_Loc\Emilie data\Raw_data\Emilie_SoftSensor\Emilie_SoftSensor\Raw_data_Flask\EEM\EEM_EG_Pavlovagyrans_raw_002_004_C11.csv","C:\Users\nhadu\OneDrive - UTS\C3_UTS\Soft_Sensor_Loc\Emilie data\Raw_data\Emilie_SoftSensor\Emilie_SoftSensor\Raw_data_Flask\Raman\Raman_EG_Pavlovagyrans_raw_002_004_C11.CSV","reference workbook missing from local extraction"
"EG","Pavlovagyrans","2","4","C2","Flask","True","True","False","EEM+Raman","C:\Users\nhadu\OneDrive - UTS\C3_UTS\Soft_Sensor_Loc\Emilie data\Raw_data\Emilie_SoftSensor\Emilie_SoftSensor\Raw_data_Flask\EEM\EEM_EG_Pavlovagyrans_raw_002_004_C2.csv","C:\Users\nhadu\OneDrive - UTS\C3_UTS\Soft_Sensor_Loc\Emilie data\Raw_data\Emilie_SoftSensor\Emilie_SoftSensor\Raw_data_Flask\Raman\Raman_EG_Pavlovagyrans_raw_002_004_C2.CSV","reference workbook missing from local extraction"
"EG","Pavlovagyrans","2","4","C3","Flask","True","True","False","EEM+Raman","C:\Users\nhadu\OneDrive - UTS\C3_UTS\Soft_Sensor_Loc\Emilie data\Raw_data\Emilie_SoftSensor\Emilie_SoftSensor\Raw_data_Flask\EEM\EEM_EG_Pavlovagyrans_raw_002_004_C3.csv","C:\Users\nhadu\OneDrive - UTS\C3_UTS\Soft_Sensor_Loc\Emilie data\Raw_data\Emilie_SoftSensor\Emilie_SoftSensor\Raw_data_Flask\Raman\Raman_EG_Pavlovagyrans_raw_002_004_C3.CSV","reference workbook missing from local extraction"
"EG","Pavlovagyrans","2","4","C4","Flask","True","True","False","EEM+Raman","C:\Users\nhadu\OneDrive - UTS\C3_UTS\Soft_Sensor_Loc\Emilie data\Raw_data\Emilie_SoftSensor\Emilie_SoftSensor\Raw_data_Flask\EEM\EEM_EG_Pavlovagyrans_raw_002_004_C4.csv","C:\Users\nhadu\OneDrive - UTS\C3_UTS\Soft_Sensor_Loc\Emilie data\Raw_data\Emilie_SoftSensor\Emilie_SoftSensor\Raw_data_Flask\Raman\Raman_EG_Pavlovagyrans_raw_002_004_C4.CSV","reference workbook missing from local extraction"
"EG","Pavlovagyrans","2","4","C5","Flask","True","True","False","EEM+Raman","C:\Users\nhadu\OneDrive - UTS\C3_UTS\Soft_Sensor_Loc\Emilie data\Raw_data\Emilie_SoftSensor\Emilie_SoftSensor\Raw_data_Flask\EEM\EEM_EG_Pavlovagyrans_raw_002_004_C5.csv","C:\Users\nhadu\OneDrive - UTS\C3_UTS\Soft_Sensor_Loc\Emilie data\Raw_data\Emilie_SoftSensor\Emilie_SoftSensor\Raw_data_Flask\Raman\Raman_EG_Pavlovagyrans_raw_002_004_C5.CSV","reference workbook missing from local extraction"
"EG","Pavlovagyrans","2","4","C6","Flask","True","True","False","EEM+Raman","C:\Users\nhadu\OneDrive - UTS\C3_UTS\Soft_Sensor_Loc\Emilie data\Raw_data\Emilie_SoftSensor\Emilie_SoftSensor\Raw_data_Flask\EEM\EEM_EG_Pavlovagyrans_raw_002_004_C6.csv","C:\Users\nhadu\OneDrive - UTS\C3_UTS\Soft_Sensor_Loc\Emilie data\Raw_data\Emilie_SoftSensor\Emilie_SoftSensor\Raw_data_Flask\Raman\Raman_EG_Pavlovagyrans_raw_002_004_C6.CSV","reference workbook missing from local extraction"
"EG","Pavlovagyrans","2","4","C7","Flask","True","True","False","EEM+Raman","C:\Users\nhadu\OneDrive - UTS\C3_UTS\Soft_Sensor_Loc\Emilie data\Raw_data\Emilie_SoftSensor\Emilie_SoftSensor\Raw_data_Flask\EEM\EEM_EG_Pavlovagyrans_raw_002_004_C7.csv","C:\Users\nhadu\OneDrive - UTS\C3_UTS\Soft_Sensor_Loc\Emilie data\Raw_data\Emilie_SoftSensor\Emilie_SoftSensor\Raw_data_Flask\Raman\Raman_EG_Pavlovagyrans_raw_002_004_C7.CSV","reference workbook missing from local extraction"
"EG","Pavlovagyrans","2","4","C8","Flask","True","True","False","EEM+Raman","C:\Users\nhadu\OneDrive - UTS\C3_UTS\Soft_Sensor_Loc\Emilie data\Raw_data\Emilie_SoftSensor\Emilie_SoftSensor\Raw_data_Flask\EEM\EEM_EG_Pavlovagyrans_raw_002_004_C8.csv","C:\Users\nhadu\OneDrive - UTS\C3_UTS\Soft_Sensor_Loc\Emilie data\Raw_data\Emilie_SoftSensor\Emilie_SoftSensor\Raw_data_Flask\Raman\Raman_EG_Pavlovagyrans_raw_002_004_C8.CSV","reference workbook missing from local extraction"
"EG","Pavlovagyrans","2","4","C9","Flask","True","True","False","EEM+Raman","C:\Users\nhadu\OneDrive - UTS\C3_UTS\Soft_Sensor_Loc\Emilie data\Raw_data\Emilie_SoftSensor\Emilie_SoftSensor\Raw_data_Flask\EEM\EEM_EG_Pavlovagyrans_raw_002_004_C9.csv","C:\Users\nhadu\OneDrive - UTS\C3_UTS\Soft_Sensor_Loc\Emilie data\Raw_data\Emilie_SoftSensor\Emilie_SoftSensor\Raw_data_Flask\Raman\Raman_EG_Pavlovagyrans_raw_002_004_C9.CSV","reference workbook missing from local extraction"
"EG","Pavlovagyrans","2","4","D1","Flask","True","True","False","EEM+Raman","C:\Users\nhadu\OneDrive - UTS\C3_UTS\Soft_Sensor_Loc\Emilie data\Raw_data\Emilie_SoftSensor\Emilie_SoftSensor\Raw_data_Flask\EEM\EEM_EG_Pavlovagyrans_raw_002_004_D1.csv","C:\Users\nhadu\OneDrive - UTS\C3_UTS\Soft_Sensor_Loc\Emilie data\Raw_data\Emilie_SoftSensor\Emilie_SoftSensor\Raw_data_Flask\Raman\Raman_EG_Pavlovagyrans_raw_002_004_D1.CSV","reference workbook missing from local extraction"
"EG","Pavlovagyrans","2","4","D10","Flask","True","True","False","EEM+Raman","C:\Users\nhadu\OneDrive - UTS\C3_UTS\Soft_Sensor_Loc\Emilie data\Raw_data\Emilie_SoftSensor\Emilie_SoftSensor\Raw_data_Flask\EEM\EEM_EG_Pavlovagyrans_raw_002_004_D10.csv","C:\Users\nhadu\OneDrive - UTS\C3_UTS\Soft_Sensor_Loc\Emilie data\Raw_data\Emilie_SoftSensor\Emilie_SoftSensor\Raw_data_Flask\Raman\Raman_EG_Pavlovagyrans_raw_002_004_D10.CSV","reference workbook missing from local extraction"
"EG","Pavlovagyrans","2","4","D11","Flask","True","True","False","EEM+Raman","C:\Users\nhadu\OneDrive - UTS\C3_UTS\Soft_Sensor_Loc\Emilie data\Raw_data\Emilie_SoftSensor\Emilie_SoftSensor\Raw_data_Flask\EEM\EEM_EG_Pavlovagyrans_raw_002_004_D11.csv","C:\Users\nhadu\OneDrive - UTS\C3_UTS\Soft_Sensor_Loc\Emilie data\Raw_data\Emilie_SoftSensor\Emilie_SoftSensor\Raw_data_Flask\Raman\Raman_EG_Pavlovagyrans_raw_002_004_D11.CSV","reference workbook missing from local extraction"
"EG","Pavlovagyrans","2","4","D2","Flask","True","True","False","EEM+Raman","C:\Users\nhadu\OneDrive - UTS\C3_UTS\Soft_Sensor_Loc\Emilie data\Raw_data\Emilie_SoftSensor\Emilie_SoftSensor\Raw_data_Flask\EEM\EEM_EG_Pavlovagyrans_raw_002_004_D2.csv","C:\Users\nhadu\OneDrive - UTS\C3_UTS\Soft_Sensor_Loc\Emilie data\Raw_data\Emilie_SoftSensor\Emilie_SoftSensor\Raw_data_Flask\Raman\Raman_EG_Pavlovagyrans_raw_002_004_D2.CSV","reference workbook missing from local extraction"
"EG","Pavlovagyrans","2","4","D3","Flask","True","True","False","EEM+Raman","C:\Users\nhadu\OneDrive - UTS\C3_UTS\Soft_Sensor_Loc\Emilie data\Raw_data\Emilie_SoftSensor\Emilie_SoftSensor\Raw_data_Flask\EEM\EEM_EG_Pavlovagyrans_raw_002_004_D3.csv","C:\Users\nhadu\OneDrive - UTS\C3_UTS\Soft_Sensor_Loc\Emilie data\Raw_data\Emilie_SoftSensor\Emilie_SoftSensor\Raw_data_Flask\Raman\Raman_EG_Pavlovagyrans_raw_002_004_D3.CSV","reference workbook missing from local extraction"
"EG","Pavlovagyrans","2","4","D4","Flask","True","True","False","EEM+Raman","C:\Users\nhadu\OneDrive - UTS\C3_UTS\Soft_Sensor_Loc\Emilie data\Raw_data\Emilie_SoftSensor\Emilie_SoftSensor\Raw_data_Flask\EEM\EEM_EG_Pavlovagyrans_raw_002_004_D4.csv","C:\Users\nhadu\OneDrive - UTS\C3_UTS\Soft_Sensor_Loc\Emilie data\Raw_data\Emilie_SoftSensor\Emilie_SoftSensor\Raw_data_Flask\Raman\Raman_EG_Pavlovagyrans_raw_002_004_D4.CSV","reference workbook missing from local extraction"
"EG","Pavlovagyrans","2","4","D5","Flask","True","True","False","EEM+Raman","C:\Users\nhadu\OneDrive - UTS\C3_UTS\Soft_Sensor_Loc\Emilie data\Raw_data\Emilie_SoftSensor\Emilie_SoftSensor\Raw_data_Flask\EEM\EEM_EG_Pavlovagyrans_raw_002_004_D5.csv","C:\Users\nhadu\OneDrive - UTS\C3_UTS\Soft_Sensor_Loc\Emilie data\Raw_data\Emilie_SoftSensor\Emilie_SoftSensor\Raw_data_Flask\Raman\Raman_EG_Pavlovagyrans_raw_002_004_D5.CSV","reference workbook missing from local extraction"
"EG","Pavlovagyrans","2","4","D6","Flask","True","True","False","EEM+Raman","C:\Users\nhadu\OneDrive - UTS\C3_UTS\Soft_Sensor_Loc\Emilie data\Raw_data\Emilie_SoftSensor\Emilie_SoftSensor\Raw_data_Flask\EEM\EEM_EG_Pavlovagyrans_raw_002_004_D6.csv","C:\Users\nhadu\OneDrive - UTS\C3_UTS\Soft_Sensor_Loc\Emilie data\Raw_data\Emilie_SoftSensor\Emilie_SoftSensor\Raw_data_Flask\Raman\Raman_EG_Pavlovagyrans_raw_002_004_D6.CSV","reference workbook missing from local extraction"
"EG","Pavlovagyrans","2","4","D7","Flask","True","True","False","EEM+Raman","C:\Users\nhadu\OneDrive - UTS\C3_UTS\Soft_Sensor_Loc\Emilie data\Raw_data\Emilie_SoftSensor\Emilie_SoftSensor\Raw_data_Flask\EEM\EEM_EG_Pavlovagyrans_raw_002_004_D7.csv","C:\Users\nhadu\OneDrive - UTS\C3_UTS\Soft_Sensor_Loc\Emilie data\Raw_data\Emilie_SoftSensor\Emilie_SoftSensor\Raw_data_Flask\Raman\Raman_EG_Pavlovagyrans_raw_002_004_D7.CSV","reference workbook missing from local extraction"
"EG","Pavlovagyrans","2","4","D8","Flask","True","True","False","EEM+Raman","C:\Users\nhadu\OneDrive - UTS\C3_UTS\Soft_Sensor_Loc\Emilie data\Raw_data\Emilie_SoftSensor\Emilie_SoftSensor\Raw_data_Flask\EEM\EEM_EG_Pavlovagyrans_raw_002_004_D8.csv","C:\Users\nhadu\OneDrive - UTS\C3_UTS\Soft_Sensor_Loc\Emilie data\Raw_data\Emilie_SoftSensor\Emilie_SoftSensor\Raw_data_Flask\Raman\Raman_EG_Pavlovagyrans_raw_002_004_D8.CSV","reference workbook missing from local extraction"
"EG","Pavlovagyrans","2","4","D9","Flask","True","True","False","EEM+Raman","C:\Users\nhadu\OneDrive - UTS\C3_UTS\Soft_Sensor_Loc\Emilie data\Raw_data\Emilie_SoftSensor\Emilie_SoftSensor\Raw_data_Flask\EEM\EEM_EG_Pavlovagyrans_raw_002_004_D9.csv","C:\Users\nhadu\OneDrive - UTS\C3_UTS\Soft_Sensor_Loc\Emilie data\Raw_data\Emilie_SoftSensor\Emilie_SoftSensor\Raw_data_Flask\Raman\Raman_EG_Pavlovagyrans_raw_002_004_D9.CSV","reference workbook missing from local extraction"
"EG","Pavlovagyrans","2","4","E1","Flask","True","True","False","EEM+Raman","C:\Users\nhadu\OneDrive - UTS\C3_UTS\Soft_Sensor_Loc\Emilie data\Raw_data\Emilie_SoftSensor\Emilie_SoftSensor\Raw_data_Flask\EEM\EEM_EG_Pavlovagyrans_raw_002_004_E1.csv","C:\Users\nhadu\OneDrive - UTS\C3_UTS\Soft_Sensor_Loc\Emilie data\Raw_data\Emilie_SoftSensor\Emilie_SoftSensor\Raw_data_Flask\Raman\Raman_EG_Pavlovagyrans_raw_002_004_E1.CSV","reference workbook missing from local extraction"
"EG","Pavlovagyrans","2","4","E10","Flask","True","True","False","EEM+Raman","C:\Users\nhadu\OneDrive - UTS\C3_UTS\Soft_Sensor_Loc\Emilie data\Raw_data\Emilie_SoftSensor\Emilie_SoftSensor\Raw_data_Flask\EEM\EEM_EG_Pavlovagyrans_raw_002_004_E10.csv","C:\Users\nhadu\OneDrive - UTS\C3_UTS\Soft_Sensor_Loc\Emilie data\Raw_data\Emilie_SoftSensor\Emilie_SoftSensor\Raw_data_Flask\Raman\Raman_EG_Pavlovagyrans_raw_002_004_E10.CSV","reference workbook missing from local extraction"
"EG","Pavlovagyrans","2","4","E11","Flask","True","True","False","EEM+Raman","C:\Users\nhadu\OneDrive - UTS\C3_UTS\Soft_Sensor_Loc\Emilie data\Raw_data\Emilie_SoftSensor\Emilie_SoftSensor\Raw_data_Flask\EEM\EEM_EG_Pavlovagyrans_raw_002_004_E11.csv","C:\Users\nhadu\OneDrive - UTS\C3_UTS\Soft_Sensor_Loc\Emilie data\Raw_data\Emilie_SoftSensor\Emilie_SoftSensor\Raw_data_Flask\Raman\Raman_EG_Pavlovagyrans_raw_002_004_E11.CSV","reference workbook missing from local extraction"
"EG","Pavlovagyrans","2","4","E2","Flask","True","True","False","EEM+Raman","C:\Users\nhadu\OneDrive - UTS\C3_UTS\Soft_Sensor_Loc\Emilie data\Raw_data\Emilie_SoftSensor\Emilie_SoftSensor\Raw_data_Flask\EEM\EEM_EG_Pavlovagyrans_raw_002_004_E2.csv","C:\Users\nhadu\OneDrive - UTS\C3_UTS\Soft_Sensor_Loc\Emilie data\Raw_data\Emilie_SoftSensor\Emilie_SoftSensor\Raw_data_Flask\Raman\Raman_EG_Pavlovagyrans_raw_002_004_E2.CSV","reference workbook missing from local extraction"
"EG","Pavlovagyrans","2","4","E3","Flask","True","True","False","EEM+Raman","C:\Users\nhadu\OneDrive - UTS\C3_UTS\Soft_Sensor_Loc\Emilie data\Raw_data\Emilie_SoftSensor\Emilie_SoftSensor\Raw_data_Flask\EEM\EEM_EG_Pavlovagyrans_raw_002_004_E3.csv","C:\Users\nhadu\OneDrive - UTS\C3_UTS\Soft_Sensor_Loc\Emilie data\Raw_data\Emilie_SoftSensor\Emilie_SoftSensor\Raw_data_Flask\Raman\Raman_EG_Pavlovagyrans_raw_002_004_E3.CSV","reference workbook missing from local extraction"
"EG","Pavlovagyrans","2","4","E4","Flask","True","True","False","EEM+Raman","C:\Users\nhadu\OneDrive - UTS\C3_UTS\Soft_Sensor_Loc\Emilie data\Raw_data\Emilie_SoftSensor\Emilie_SoftSensor\Raw_data_Flask\EEM\EEM_EG_Pavlovagyrans_raw_002_004_E4.csv","C:\Users\nhadu\OneDrive - UTS\C3_UTS\Soft_Sensor_Loc\Emilie data\Raw_data\Emilie_SoftSensor\Emilie_SoftSensor\Raw_data_Flask\Raman\Raman_EG_Pavlovagyrans_raw_002_004_E4.CSV","reference workbook missing from local extraction"
"EG","Pavlovagyrans","2","4","E5","Flask","True","True","False","EEM+Raman","C:\Users\nhadu\OneDrive - UTS\C3_UTS\Soft_Sensor_Loc\Emilie data\Raw_data\Emilie_SoftSensor\Emilie_SoftSensor\Raw_data_Flask\EEM\EEM_EG_Pavlovagyrans_raw_002_004_E5.csv","C:\Users\nhadu\OneDrive - UTS\C3_UTS\Soft_Sensor_Loc\Emilie data\Raw_data\Emilie_SoftSensor\Emilie_SoftSensor\Raw_data_Flask\Raman\Raman_EG_Pavlovagyrans_raw_002_004_E5.CSV","reference workbook missing from local extraction"
"EG","Pavlovagyrans","2","4","E6","Flask","True","True","False","EEM+Raman","C:\Users\nhadu\OneDrive - UTS\C3_UTS\Soft_Sensor_Loc\Emilie data\Raw_data\Emilie_SoftSensor\Emilie_SoftSensor\Raw_data_Flask\EEM\EEM_EG_Pavlovagyrans_raw_002_004_E6.csv","C:\Users\nhadu\OneDrive - UTS\C3_UTS\Soft_Sensor_Loc\Emilie data\Raw_data\Emilie_SoftSensor\Emilie_SoftSensor\Raw_data_Flask\Raman\Raman_EG_Pavlovagyrans_raw_002_004_E6.CSV","reference workbook missing from local extraction"
"EG","Pavlovagyrans","2","4","E7","Flask","True","True","False","EEM+Raman","C:\Users\nhadu\OneDrive - UTS\C3_UTS\Soft_Sensor_Loc\Emilie data\Raw_data\Emilie_SoftSensor\Emilie_SoftSensor\Raw_data_Flask\EEM\EEM_EG_Pavlovagyrans_raw_002_004_E7.csv","C:\Users\nhadu\OneDrive - UTS\C3_UTS\Soft_Sensor_Loc\Emilie data\Raw_data\Emilie_SoftSensor\Emilie_SoftSensor\Raw_data_Flask\Raman\Raman_EG_Pavlovagyrans_raw_002_004_E7.CSV","reference workbook missing from local extraction"
"EG","Pavlovagyrans","2","4","E8","Flask","True","True","False","EEM+Raman","C:\Users\nhadu\OneDrive - UTS\C3_UTS\Soft_Sensor_Loc\Emilie data\Raw_data\Emilie_SoftSensor\Emilie_SoftSensor\Raw_data_Flask\EEM\EEM_EG_Pavlovagyrans_raw_002_004_E8.csv","C:\Users\nhadu\OneDrive - UTS\C3_UTS\Soft_Sensor_Loc\Emilie data\Raw_data\Emilie_SoftSensor\Emilie_SoftSensor\Raw_data_Flask\Raman\Raman_EG_Pavlovagyrans_raw_002_004_E8.CSV","reference workbook missing from local extraction"
"EG","Pavlovagyrans","2","4","E9","Flask","True","True","False","EEM+Raman","C:\Users\nhadu\OneDrive - UTS\C3_UTS\Soft_Sensor_Loc\Emilie data\Raw_data\Emilie_SoftSensor\Emilie_SoftSensor\Raw_data_Flask\EEM\EEM_EG_Pavlovagyrans_raw_002_004_E9.csv","C:\Users\nhadu\OneDrive - UTS\C3_UTS\Soft_Sensor_Loc\Emilie data\Raw_data\Emilie_SoftSensor\Emilie_SoftSensor\Raw_data_Flask\Raman\Raman_EG_Pavlovagyrans_raw_002_004_E9.CSV","reference workbook missing from local extraction"
"EG","Pavlovagyrans","2","4","F1","Flask","True","True","False","EEM+Raman","C:\Users\nhadu\OneDrive - UTS\C3_UTS\Soft_Sensor_Loc\Emilie data\Raw_data\Emilie_SoftSensor\Emilie_SoftSensor\Raw_data_Flask\EEM\EEM_EG_Pavlovagyrans_raw_002_004_F1.csv","C:\Users\nhadu\OneDrive - UTS\C3_UTS\Soft_Sensor_Loc\Emilie data\Raw_data\Emilie_SoftSensor\Emilie_SoftSensor\Raw_data_Flask\Raman\Raman_EG_Pavlovagyrans_raw_002_004_F1.CSV","reference workbook missing from local extraction"
"EG","Pavlovagyrans","2","4","F10","Flask","True","True","False","EEM+Raman","C:\Users\nhadu\OneDrive - UTS\C3_UTS\Soft_Sensor_Loc\Emilie data\Raw_data\Emilie_SoftSensor\Emilie_SoftSensor\Raw_data_Flask\EEM\EEM_EG_Pavlovagyrans_raw_002_004_F10.csv","C:\Users\nhadu\OneDrive - UTS\C3_UTS\Soft_Sensor_Loc\Emilie data\Raw_data\Emilie_SoftSensor\Emilie_SoftSensor\Raw_data_Flask\Raman\Raman_EG_Pavlovagyrans_raw_002_004_F10.CSV","reference workbook missing from local extraction"
"EG","Pavlovagyrans","2","4","F11","Flask","True","True","False","EEM+Raman","C:\Users\nhadu\OneDrive - UTS\C3_UTS\Soft_Sensor_Loc\Emilie data\Raw_data\Emilie_SoftSensor\Emilie_SoftSensor\Raw_data_Flask\EEM\EEM_EG_Pavlovagyrans_raw_002_004_F11.csv","C:\Users\nhadu\OneDrive - UTS\C3_UTS\Soft_Sensor_Loc\Emilie data\Raw_data\Emilie_SoftSensor\Emilie_SoftSensor\Raw_data_Flask\Raman\Raman_EG_Pavlovagyrans_raw_002_004_F11.CSV","reference workbook missing from local extraction"
"EG","Pavlovagyrans","2","4","F2","Flask","True","True","False","EEM+Raman","C:\Users\nhadu\OneDrive - UTS\C3_UTS\Soft_Sensor_Loc\Emilie data\Raw_data\Emilie_SoftSensor\Emilie_SoftSensor\Raw_data_Flask\EEM\EEM_EG_Pavlovagyrans_raw_002_004_F2.csv","C:\Users\nhadu\OneDrive - UTS\C3_UTS\Soft_Sensor_Loc\Emilie data\Raw_data\Emilie_SoftSensor\Emilie_SoftSensor\Raw_data_Flask\Raman\Raman_EG_Pavlovagyrans_raw_002_004_F2.CSV","reference workbook missing from local extraction"
"EG","Pavlovagyrans","2","4","F3","Flask","True","True","False","EEM+Raman","C:\Users\nhadu\OneDrive - UTS\C3_UTS\Soft_Sensor_Loc\Emilie data\Raw_data\Emilie_SoftSensor\Emilie_SoftSensor\Raw_data_Flask\EEM\EEM_EG_Pavlovagyrans_raw_002_004_F3.csv","C:\Users\nhadu\OneDrive - UTS\C3_UTS\Soft_Sensor_Loc\Emilie data\Raw_data\Emilie_SoftSensor\Emilie_SoftSensor\Raw_data_Flask\Raman\Raman_EG_Pavlovagyrans_raw_002_004_F3.CSV","reference workbook missing from local extraction"
"EG","Pavlovagyrans","2","4","F4","Flask","True","True","False","EEM+Raman","C:\Users\nhadu\OneDrive - UTS\C3_UTS\Soft_Sensor_Loc\Emilie data\Raw_data\Emilie_SoftSensor\Emilie_SoftSensor\Raw_data_Flask\EEM\EEM_EG_Pavlovagyrans_raw_002_004_F4.csv","C:\Users\nhadu\OneDrive - UTS\C3_UTS\Soft_Sensor_Loc\Emilie data\Raw_data\Emilie_SoftSensor\Emilie_SoftSensor\Raw_data_Flask\Raman\Raman_EG_Pavlovagyrans_raw_002_004_F4.CSV","reference workbook missing from local extraction"
"EG","Pavlovagyrans","2","4","F5","Flask","True","True","False","EEM+Raman","C:\Users\nhadu\OneDrive - UTS\C3_UTS\Soft_Sensor_Loc\Emilie data\Raw_data\Emilie_SoftSensor\Emilie_SoftSensor\Raw_data_Flask\EEM\EEM_EG_Pavlovagyrans_raw_002_004_F5.csv","C:\Users\nhadu\OneDrive - UTS\C3_UTS\Soft_Sensor_Loc\Emilie data\Raw_data\Emilie_SoftSensor\Emilie_SoftSensor\Raw_data_Flask\Raman\Raman_EG_Pavlovagyrans_raw_002_004_F5.CSV","reference workbook missing from local extraction"
"EG","Pavlovagyrans","2","4","F6","Flask","True","True","False","EEM+Raman","C:\Users\nhadu\OneDrive - UTS\C3_UTS\Soft_Sensor_Loc\Emilie data\Raw_data\Emilie_SoftSensor\Emilie_SoftSensor\Raw_data_Flask\EEM\EEM_EG_Pavlovagyrans_raw_002_004_F6.csv","C:\Users\nhadu\OneDrive - UTS\C3_UTS\Soft_Sensor_Loc\Emilie data\Raw_data\Emilie_SoftSensor\Emilie_SoftSensor\Raw_data_Flask\Raman\Raman_EG_Pavlovagyrans_raw_002_004_F6.CSV","reference workbook missing from local extraction"
"EG","Pavlovagyrans","2","4","F7","Flask","True","True","False","EEM+Raman","C:\Users\nhadu\OneDrive - UTS\C3_UTS\Soft_Sensor_Loc\Emilie data\Raw_data\Emilie_SoftSensor\Emilie_SoftSensor\Raw_data_Flask\EEM\EEM_EG_Pavlovagyrans_raw_002_004_F7.csv","C:\Users\nhadu\OneDrive - UTS\C3_UTS\Soft_Sensor_Loc\Emilie data\Raw_data\Emilie_SoftSensor\Emilie_SoftSensor\Raw_data_Flask\Raman\Raman_EG_Pavlovagyrans_raw_002_004_F7.CSV","reference workbook missing from local extraction"
"EG","Pavlovagyrans","2","4","F8","Flask","True","True","False","EEM+Raman","C:\Users\nhadu\OneDrive - UTS\C3_UTS\Soft_Sensor_Loc\Emilie data\Raw_data\Emilie_SoftSensor\Emilie_SoftSensor\Raw_data_Flask\EEM\EEM_EG_Pavlovagyrans_raw_002_004_F8.csv","C:\Users\nhadu\OneDrive - UTS\C3_UTS\Soft_Sensor_Loc\Emilie data\Raw_data\Emilie_SoftSensor\Emilie_SoftSensor\Raw_data_Flask\Raman\Raman_EG_Pavlovagyrans_raw_002_004_F8.CSV","reference workbook missing from local extraction"
"EG","Pavlovagyrans","2","4","F9","Flask","True","True","False","EEM+Raman","C:\Users\nhadu\OneDrive - UTS\C3_UTS\Soft_Sensor_Loc\Emilie data\Raw_data\Emilie_SoftSensor\Emilie_SoftSensor\Raw_data_Flask\EEM\EEM_EG_Pavlovagyrans_raw_002_004_F9.csv","C:\Users\nhadu\OneDrive - UTS\C3_UTS\Soft_Sensor_Loc\Emilie data\Raw_data\Emilie_SoftSensor\Emilie_SoftSensor\Raw_data_Flask\Raman\Raman_EG_Pavlovagyrans_raw_002_004_F9.CSV","reference workbook missing from local extraction"
"EG","Pavlovagyrans","2","5","A1","Flask","True","True","False","EEM+Raman","C:\Users\nhadu\OneDrive - UTS\C3_UTS\Soft_Sensor_Loc\Emilie data\Raw_data\Emilie_SoftSensor\Emilie_SoftSensor\Raw_data_Flask\EEM\EEM_EG_Pavlovagyrans_raw_002_005_A1.csv","C:\Users\nhadu\OneDrive - UTS\C3_UTS\Soft_Sensor_Loc\Emilie data\Raw_data\Emilie_SoftSensor\Emilie_SoftSensor\Raw_data_Flask\Raman\Raman_EG_Pavlovagyrans_raw_002_005_A1.CSV","reference workbook missing from local extraction"
"EG","Pavlovagyrans","2","5","A2","Flask","True","True","False","EEM+Raman","C:\Users\nhadu\OneDrive - UTS\C3_UTS\Soft_Sensor_Loc\Emilie data\Raw_data\Emilie_SoftSensor\Emilie_SoftSensor\Raw_data_Flask\EEM\EEM_EG_Pavlovagyrans_raw_002_005_A2.csv","C:\Users\nhadu\OneDrive - UTS\C3_UTS\Soft_Sensor_Loc\Emilie data\Raw_data\Emilie_SoftSensor\Emilie_SoftSensor\Raw_data_Flask\Raman\Raman_EG_Pavlovagyrans_raw_002_005_A2.CSV","reference workbook missing from local extraction"
"EG","Pavlovagyrans","2","5","A3","Flask","True","True","False","EEM+Raman","C:\Users\nhadu\OneDrive - UTS\C3_UTS\Soft_Sensor_Loc\Emilie data\Raw_data\Emilie_SoftSensor\Emilie_SoftSensor\Raw_data_Flask\EEM\EEM_EG_Pavlovagyrans_raw_002_005_A3.csv","C:\Users\nhadu\OneDrive - UTS\C3_UTS\Soft_Sensor_Loc\Emilie data\Raw_data\Emilie_SoftSensor\Emilie_SoftSensor\Raw_data_Flask\Raman\Raman_EG_Pavlovagyrans_raw_002_005_A3.CSV","reference workbook missing from local extraction"
"EG","Pavlovagyrans","2","5","A4","Flask","True","True","False","EEM+Raman","C:\Users\nhadu\OneDrive - UTS\C3_UTS\Soft_Sensor_Loc\Emilie data\Raw_data\Emilie_SoftSensor\Emilie_SoftSensor\Raw_data_Flask\EEM\EEM_EG_Pavlovagyrans_raw_002_005_A4.csv","C:\Users\nhadu\OneDrive - UTS\C3_UTS\Soft_Sensor_Loc\Emilie data\Raw_data\Emilie_SoftSensor\Emilie_SoftSensor\Raw_data_Flask\Raman\Raman_EG_Pavlovagyrans_raw_002_005_A4.CSV","reference workbook missing from local extraction"
"EG","Pavlovagyrans","2","5","A5","Flask","True","True","False","EEM+Raman","C:\Users\nhadu\OneDrive - UTS\C3_UTS\Soft_Sensor_Loc\Emilie data\Raw_data\Emilie_SoftSensor\Emilie_SoftSensor\Raw_data_Flask\EEM\EEM_EG_Pavlovagyrans_raw_002_005_A5.csv","C:\Users\nhadu\OneDrive - UTS\C3_UTS\Soft_Sensor_Loc\Emilie data\Raw_data\Emilie_SoftSensor\Emilie_SoftSensor\Raw_data_Flask\Raman\Raman_EG_Pavlovagyrans_raw_002_005_A5.CSV","reference workbook missing from local extraction"
"EG","Pavlovagyrans","2","5","A6","Flask","True","True","False","EEM+Raman","C:\Users\nhadu\OneDrive - UTS\C3_UTS\Soft_Sensor_Loc\Emilie data\Raw_data\Emilie_SoftSensor\Emilie_SoftSensor\Raw_data_Flask\EEM\EEM_EG_Pavlovagyrans_raw_002_005_A6.csv","C:\Users\nhadu\OneDrive - UTS\C3_UTS\Soft_Sensor_Loc\Emilie data\Raw_data\Emilie_SoftSensor\Emilie_SoftSensor\Raw_data_Flask\Raman\Raman_EG_Pavlovagyrans_raw_002_005_A6.CSV","reference workbook missing from local extraction"
"EG","Pavlovagyrans","2","5","A7","Flask","True","True","False","EEM+Raman","C:\Users\nhadu\OneDrive - UTS\C3_UTS\Soft_Sensor_Loc\Emilie data\Raw_data\Emilie_SoftSensor\Emilie_SoftSensor\Raw_data_Flask\EEM\EEM_EG_Pavlovagyrans_raw_002_005_A7.csv","C:\Users\nhadu\OneDrive - UTS\C3_UTS\Soft_Sensor_Loc\Emilie data\Raw_data\Emilie_SoftSensor\Emilie_SoftSensor\Raw_data_Flask\Raman\Raman_EG_Pavlovagyrans_raw_002_005_A7.CSV","reference workbook missing from local extraction"
"EG","Pavlovagyrans","2","5","A8","Flask","True","True","False","EEM+Raman","C:\Users\nhadu\OneDrive - UTS\C3_UTS\Soft_Sensor_Loc\Emilie data\Raw_data\Emilie_SoftSensor\Emilie_SoftSensor\Raw_data_Flask\EEM\EEM_EG_Pavlovagyrans_raw_002_005_A8.csv","C:\Users\nhadu\OneDrive - UTS\C3_UTS\Soft_Sensor_Loc\Emilie data\Raw_data\Emilie_SoftSensor\Emilie_SoftSensor\Raw_data_Flask\Raman\Raman_EG_Pavlovagyrans_raw_002_005_A8.CSV","reference workbook missing from local extraction"
"EG","Pavlovagyrans","2","5","B1","Flask","True","True","False","EEM+Raman","C:\Users\nhadu\OneDrive - UTS\C3_UTS\Soft_Sensor_Loc\Emilie data\Raw_data\Emilie_SoftSensor\Emilie_SoftSensor\Raw_data_Flask\EEM\EEM_EG_Pavlovagyrans_raw_002_005_B1.csv","C:\Users\nhadu\OneDrive - UTS\C3_UTS\Soft_Sensor_Loc\Emilie data\Raw_data\Emilie_SoftSensor\Emilie_SoftSensor\Raw_data_Flask\Raman\Raman_EG_Pavlovagyrans_raw_002_005_B1.CSV","reference workbook missing from local extraction"
"EG","Pavlovagyrans","2","5","B2","Flask","True","True","False","EEM+Raman","C:\Users\nhadu\OneDrive - UTS\C3_UTS\Soft_Sensor_Loc\Emilie data\Raw_data\Emilie_SoftSensor\Emilie_SoftSensor\Raw_data_Flask\EEM\EEM_EG_Pavlovagyrans_raw_002_005_B2.csv","C:\Users\nhadu\OneDrive - UTS\C3_UTS\Soft_Sensor_Loc\Emilie data\Raw_data\Emilie_SoftSensor\Emilie_SoftSensor\Raw_data_Flask\Raman\Raman_EG_Pavlovagyrans_raw_002_005_B2.CSV","reference workbook missing from local extraction"
"EG","Pavlovagyrans","2","5","B3","Flask","True","True","False","EEM+Raman","C:\Users\nhadu\OneDrive - UTS\C3_UTS\Soft_Sensor_Loc\Emilie data\Raw_data\Emilie_SoftSensor\Emilie_SoftSensor\Raw_data_Flask\EEM\EEM_EG_Pavlovagyrans_raw_002_005_B3.csv","C:\Users\nhadu\OneDrive - UTS\C3_UTS\Soft_Sensor_Loc\Emilie data\Raw_data\Emilie_SoftSensor\Emilie_SoftSensor\Raw_data_Flask\Raman\Raman_EG_Pavlovagyrans_raw_002_005_B3.CSV","reference workbook missing from local extraction"
"EG","Pavlovagyrans","2","5","B4","Flask","True","True","False","EEM+Raman","C:\Users\nhadu\OneDrive - UTS\C3_UTS\Soft_Sensor_Loc\Emilie data\Raw_data\Emilie_SoftSensor\Emilie_SoftSensor\Raw_data_Flask\EEM\EEM_EG_Pavlovagyrans_raw_002_005_B4.csv","C:\Users\nhadu\OneDrive - UTS\C3_UTS\Soft_Sensor_Loc\Emilie data\Raw_data\Emilie_SoftSensor\Emilie_SoftSensor\Raw_data_Flask\Raman\Raman_EG_Pavlovagyrans_raw_002_005_B4.CSV","reference workbook missing from local extraction"
"EG","Pavlovagyrans","2","5","B5","Flask","True","True","False","EEM+Raman","C:\Users\nhadu\OneDrive - UTS\C3_UTS\Soft_Sensor_Loc\Emilie data\Raw_data\Emilie_SoftSensor\Emilie_SoftSensor\Raw_data_Flask\EEM\EEM_EG_Pavlovagyrans_raw_002_005_B5.csv","C:\Users\nhadu\OneDrive - UTS\C3_UTS\Soft_Sensor_Loc\Emilie data\Raw_data\Emilie_SoftSensor\Emilie_SoftSensor\Raw_data_Flask\Raman\Raman_EG_Pavlovagyrans_raw_002_005_B5.CSV","reference workbook missing from local extraction"
"EG","Pavlovagyrans","2","5","B6","Flask","True","True","False","EEM+Raman","C:\Users\nhadu\OneDrive - UTS\C3_UTS\Soft_Sensor_Loc\Emilie data\Raw_data\Emilie_SoftSensor\Emilie_SoftSensor\Raw_data_Flask\EEM\EEM_EG_Pavlovagyrans_raw_002_005_B6.csv","C:\Users\nhadu\OneDrive - UTS\C3_UTS\Soft_Sensor_Loc\Emilie data\Raw_data\Emilie_SoftSensor\Emilie_SoftSensor\Raw_data_Flask\Raman\Raman_EG_Pavlovagyrans_raw_002_005_B6.CSV","reference workbook missing from local extraction"
"EG","Pavlovagyrans","2","5","B7","Flask","True","True","False","EEM+Raman","C:\Users\nhadu\OneDrive - UTS\C3_UTS\Soft_Sensor_Loc\Emilie data\Raw_data\Emilie_SoftSensor\Emilie_SoftSensor\Raw_data_Flask\EEM\EEM_EG_Pavlovagyrans_raw_002_005_B7.csv","C:\Users\nhadu\OneDrive - UTS\C3_UTS\Soft_Sensor_Loc\Emilie data\Raw_data\Emilie_SoftSensor\Emilie_SoftSensor\Raw_data_Flask\Raman\Raman_EG_Pavlovagyrans_raw_002_005_B7.CSV","reference workbook missing from local extraction"
"EG","Pavlovagyrans","2","5","B8","Flask","True","True","False","EEM+Raman","C:\Users\nhadu\OneDrive - UTS\C3_UTS\Soft_Sensor_Loc\Emilie data\Raw_data\Emilie_SoftSensor\Emilie_SoftSensor\Raw_data_Flask\EEM\EEM_EG_Pavlovagyrans_raw_002_005_B8.csv","C:\Users\nhadu\OneDrive - UTS\C3_UTS\Soft_Sensor_Loc\Emilie data\Raw_data\Emilie_SoftSensor\Emilie_SoftSensor\Raw_data_Flask\Raman\Raman_EG_Pavlovagyrans_raw_002_005_B8.CSV","reference workbook missing from local extraction"
"EG","Pavlovagyrans","2","5","C1","Flask","True","True","False","EEM+Raman","C:\Users\nhadu\OneDrive - UTS\C3_UTS\Soft_Sensor_Loc\Emilie data\Raw_data\Emilie_SoftSensor\Emilie_SoftSensor\Raw_data_Flask\EEM\EEM_EG_Pavlovagyrans_raw_002_005_C1.csv","C:\Users\nhadu\OneDrive - UTS\C3_UTS\Soft_Sensor_Loc\Emilie data\Raw_data\Emilie_SoftSensor\Emilie_SoftSensor\Raw_data_Flask\Raman\Raman_EG_Pavlovagyrans_raw_002_005_C1.CSV","reference workbook missing from local extraction"
"EG","Pavlovagyrans","2","5","C2","Flask","True","True","False","EEM+Raman","C:\Users\nhadu\OneDrive - UTS\C3_UTS\Soft_Sensor_Loc\Emilie data\Raw_data\Emilie_SoftSensor\Emilie_SoftSensor\Raw_data_Flask\EEM\EEM_EG_Pavlovagyrans_raw_002_005_C2.csv","C:\Users\nhadu\OneDrive - UTS\C3_UTS\Soft_Sensor_Loc\Emilie data\Raw_data\Emilie_SoftSensor\Emilie_SoftSensor\Raw_data_Flask\Raman\Raman_EG_Pavlovagyrans_raw_002_005_C2.CSV","reference workbook missing from local extraction"
"EG","Pavlovagyrans","2","5","C3","Flask","True","True","False","EEM+Raman","C:\Users\nhadu\OneDrive - UTS\C3_UTS\Soft_Sensor_Loc\Emilie data\Raw_data\Emilie_SoftSensor\Emilie_SoftSensor\Raw_data_Flask\EEM\EEM_EG_Pavlovagyrans_raw_002_005_C3.csv","C:\Users\nhadu\OneDrive - UTS\C3_UTS\Soft_Sensor_Loc\Emilie data\Raw_data\Emilie_SoftSensor\Emilie_SoftSensor\Raw_data_Flask\Raman\Raman_EG_Pavlovagyrans_raw_002_005_C3.CSV","reference workbook missing from local extraction"
"EG","Pavlovagyrans","2","5","C4","Flask","True","True","False","EEM+Raman","C:\Users\nhadu\OneDrive - UTS\C3_UTS\Soft_Sensor_Loc\Emilie data\Raw_data\Emilie_SoftSensor\Emilie_SoftSensor\Raw_data_Flask\EEM\EEM_EG_Pavlovagyrans_raw_002_005_C4.csv","C:\Users\nhadu\OneDrive - UTS\C3_UTS\Soft_Sensor_Loc\Emilie data\Raw_data\Emilie_SoftSensor\Emilie_SoftSensor\Raw_data_Flask\Raman\Raman_EG_Pavlovagyrans_raw_002_005_C4.CSV","reference workbook missing from local extraction"
"EG","Pavlovagyrans","2","5","C5","Flask","True","True","False","EEM+Raman","C:\Users\nhadu\OneDrive - UTS\C3_UTS\Soft_Sensor_Loc\Emilie data\Raw_data\Emilie_SoftSensor\Emilie_SoftSensor\Raw_data_Flask\EEM\EEM_EG_Pavlovagyrans_raw_002_005_C5.csv","C:\Users\nhadu\OneDrive - UTS\C3_UTS\Soft_Sensor_Loc\Emilie data\Raw_data\Emilie_SoftSensor\Emilie_SoftSensor\Raw_data_Flask\Raman\Raman_EG_Pavlovagyrans_raw_002_005_C5.CSV","reference workbook missing from local extraction"
"EG","Pavlovagyrans","2","5","C6","Flask","True","True","False","EEM+Raman","C:\Users\nhadu\OneDrive - UTS\C3_UTS\Soft_Sensor_Loc\Emilie data\Raw_data\Emilie_SoftSensor\Emilie_SoftSensor\Raw_data_Flask\EEM\EEM_EG_Pavlovagyrans_raw_002_005_C6.csv","C:\Users\nhadu\OneDrive - UTS\C3_UTS\Soft_Sensor_Loc\Emilie data\Raw_data\Emilie_SoftSensor\Emilie_SoftSensor\Raw_data_Flask\Raman\Raman_EG_Pavlovagyrans_raw_002_005_C6.CSV","reference workbook missing from local extraction"
"EG","Pavlovagyrans","2","5","C7","Flask","True","True","False","EEM+Raman","C:\Users\nhadu\OneDrive - UTS\C3_UTS\Soft_Sensor_Loc\Emilie data\Raw_data\Emilie_SoftSensor\Emilie_SoftSensor\Raw_data_Flask\EEM\EEM_EG_Pavlovagyrans_raw_002_005_C7.csv","C:\Users\nhadu\OneDrive - UTS\C3_UTS\Soft_Sensor_Loc\Emilie data\Raw_data\Emilie_SoftSensor\Emilie_SoftSensor\Raw_data_Flask\Raman\Raman_EG_Pavlovagyrans_raw_002_005_C7.CSV","reference workbook missing from local extraction"
"EG","Pavlovagyrans","2","5","C8","Flask","True","True","False","EEM+Raman","C:\Users\nhadu\OneDrive - UTS\C3_UTS\Soft_Sensor_Loc\Emilie data\Raw_data\Emilie_SoftSensor\Emilie_SoftSensor\Raw_data_Flask\EEM\EEM_EG_Pavlovagyrans_raw_002_005_C8.csv","C:\Users\nhadu\OneDrive - UTS\C3_UTS\Soft_Sensor_Loc\Emilie data\Raw_data\Emilie_SoftSensor\Emilie_SoftSensor\Raw_data_Flask\Raman\Raman_EG_Pavlovagyrans_raw_002_005_C8.CSV","reference workbook missing from local extraction"
"EG","Pavlovagyrans","2","5","D1","Flask","True","True","False","EEM+Raman","C:\Users\nhadu\OneDrive - UTS\C3_UTS\Soft_Sensor_Loc\Emilie data\Raw_data\Emilie_SoftSensor\Emilie_SoftSensor\Raw_data_Flask\EEM\EEM_EG_Pavlovagyrans_raw_002_005_D1.csv","C:\Users\nhadu\OneDrive - UTS\C3_UTS\Soft_Sensor_Loc\Emilie data\Raw_data\Emilie_SoftSensor\Emilie_SoftSensor\Raw_data_Flask\Raman\Raman_EG_Pavlovagyrans_raw_002_005_D1.CSV","reference workbook missing from local extraction"
"EG","Pavlovagyrans","2","5","D2","Flask","True","True","False","EEM+Raman","C:\Users\nhadu\OneDrive - UTS\C3_UTS\Soft_Sensor_Loc\Emilie data\Raw_data\Emilie_SoftSensor\Emilie_SoftSensor\Raw_data_Flask\EEM\EEM_EG_Pavlovagyrans_raw_002_005_D2.csv","C:\Users\nhadu\OneDrive - UTS\C3_UTS\Soft_Sensor_Loc\Emilie data\Raw_data\Emilie_SoftSensor\Emilie_SoftSensor\Raw_data_Flask\Raman\Raman_EG_Pavlovagyrans_raw_002_005_D2.CSV","reference workbook missing from local extraction"
"EG","Pavlovagyrans","2","5","D3","Flask","True","True","False","EEM+Raman","C:\Users\nhadu\OneDrive - UTS\C3_UTS\Soft_Sensor_Loc\Emilie data\Raw_data\Emilie_SoftSensor\Emilie_SoftSensor\Raw_data_Flask\EEM\EEM_EG_Pavlovagyrans_raw_002_005_D3.csv","C:\Users\nhadu\OneDrive - UTS\C3_UTS\Soft_Sensor_Loc\Emilie data\Raw_data\Emilie_SoftSensor\Emilie_SoftSensor\Raw_data_Flask\Raman\Raman_EG_Pavlovagyrans_raw_002_005_D3.CSV","reference workbook missing from local extraction"
"EG","Pavlovagyrans","2","5","D4","Flask","True","True","False","EEM+Raman","C:\Users\nhadu\OneDrive - UTS\C3_UTS\Soft_Sensor_Loc\Emilie data\Raw_data\Emilie_SoftSensor\Emilie_SoftSensor\Raw_data_Flask\EEM\EEM_EG_Pavlovagyrans_raw_002_005_D4.csv","C:\Users\nhadu\OneDrive - UTS\C3_UTS\Soft_Sensor_Loc\Emilie data\Raw_data\Emilie_SoftSensor\Emilie_SoftSensor\Raw_data_Flask\Raman\Raman_EG_Pavlovagyrans_raw_002_005_D4.CSV","reference workbook missing from local extraction"
"EG","Pavlovagyrans","2","5","D5","Flask","True","True","False","EEM+Raman","C:\Users\nhadu\OneDrive - UTS\C3_UTS\Soft_Sensor_Loc\Emilie data\Raw_data\Emilie_SoftSensor\Emilie_SoftSensor\Raw_data_Flask\EEM\EEM_EG_Pavlovagyrans_raw_002_005_D5.csv","C:\Users\nhadu\OneDrive - UTS\C3_UTS\Soft_Sensor_Loc\Emilie data\Raw_data\Emilie_SoftSensor\Emilie_SoftSensor\Raw_data_Flask\Raman\Raman_EG_Pavlovagyrans_raw_002_005_D5.CSV","reference workbook missing from local extraction"
"EG","Pavlovagyrans","2","5","D6","Flask","True","True","False","EEM+Raman","C:\Users\nhadu\OneDrive - UTS\C3_UTS\Soft_Sensor_Loc\Emilie data\Raw_data\Emilie_SoftSensor\Emilie_SoftSensor\Raw_data_Flask\EEM\EEM_EG_Pavlovagyrans_raw_002_005_D6.csv","C:\Users\nhadu\OneDrive - UTS\C3_UTS\Soft_Sensor_Loc\Emilie data\Raw_data\Emilie_SoftSensor\Emilie_SoftSensor\Raw_data_Flask\Raman\Raman_EG_Pavlovagyrans_raw_002_005_D6.CSV","reference workbook missing from local extraction"
"EG","Pavlovagyrans","2","5","D7","Flask","True","False","False","EEM only","C:\Users\nhadu\OneDrive - UTS\C3_UTS\Soft_Sensor_Loc\Emilie data\Raw_data\Emilie_SoftSensor\Emilie_SoftSensor\Raw_data_Flask\EEM\EEM_EG_Pavlovagyrans_raw_002_005_D7.csv","","reference workbook missing from local extraction"
"EG","Pavlovagyrans","2","5","D8","Flask","True","True","False","EEM+Raman","C:\Users\nhadu\OneDrive - UTS\C3_UTS\Soft_Sensor_Loc\Emilie data\Raw_data\Emilie_SoftSensor\Emilie_SoftSensor\Raw_data_Flask\EEM\EEM_EG_Pavlovagyrans_raw_002_005_D8.csv","C:\Users\nhadu\OneDrive - UTS\C3_UTS\Soft_Sensor_Loc\Emilie data\Raw_data\Emilie_SoftSensor\Emilie_SoftSensor\Raw_data_Flask\Raman\Raman_EG_Pavlovagyrans_raw_002_005_D8.CSV","reference workbook missing from local extraction"
"EG","Pavlovagyrans","2","5","E1","Flask","True","True","False","EEM+Raman","C:\Users\nhadu\OneDrive - UTS\C3_UTS\Soft_Sensor_Loc\Emilie data\Raw_data\Emilie_SoftSensor\Emilie_SoftSensor\Raw_data_Flask\EEM\EEM_EG_Pavlovagyrans_raw_002_005_E1.csv","C:\Users\nhadu\OneDrive - UTS\C3_UTS\Soft_Sensor_Loc\Emilie data\Raw_data\Emilie_SoftSensor\Emilie_SoftSensor\Raw_data_Flask\Raman\Raman_EG_Pavlovagyrans_raw_002_005_E1.CSV","reference workbook missing from local extraction"
"EG","Pavlovagyrans","2","5","E2","Flask","True","True","False","EEM+Raman","C:\Users\nhadu\OneDrive - UTS\C3_UTS\Soft_Sensor_Loc\Emilie data\Raw_data\Emilie_SoftSensor\Emilie_SoftSensor\Raw_data_Flask\EEM\EEM_EG_Pavlovagyrans_raw_002_005_E2.csv","C:\Users\nhadu\OneDrive - UTS\C3_UTS\Soft_Sensor_Loc\Emilie data\Raw_data\Emilie_SoftSensor\Emilie_SoftSensor\Raw_data_Flask\Raman\Raman_EG_Pavlovagyrans_raw_002_005_E2.CSV","reference workbook missing from local extraction"
"EG","Pavlovagyrans","2","5","E3","Flask","True","True","False","EEM+Raman","C:\Users\nhadu\OneDrive - UTS\C3_UTS\Soft_Sensor_Loc\Emilie data\Raw_data\Emilie_SoftSensor\Emilie_SoftSensor\Raw_data_Flask\EEM\EEM_EG_Pavlovagyrans_raw_002_005_E3.csv","C:\Users\nhadu\OneDrive - UTS\C3_UTS\Soft_Sensor_Loc\Emilie data\Raw_data\Emilie_SoftSensor\Emilie_SoftSensor\Raw_data_Flask\Raman\Raman_EG_Pavlovagyrans_raw_002_005_E3.CSV","reference workbook missing from local extraction"
"EG","Pavlovagyrans","2","5","E4","Flask","True","True","False","EEM+Raman","C:\Users\nhadu\OneDrive - UTS\C3_UTS\Soft_Sensor_Loc\Emilie data\Raw_data\Emilie_SoftSensor\Emilie_SoftSensor\Raw_data_Flask\EEM\EEM_EG_Pavlovagyrans_raw_002_005_E4.csv","C:\Users\nhadu\OneDrive - UTS\C3_UTS\Soft_Sensor_Loc\Emilie data\Raw_data\Emilie_SoftSensor\Emilie_SoftSensor\Raw_data_Flask\Raman\Raman_EG_Pavlovagyrans_raw_002_005_E4.CSV","reference workbook missing from local extraction"
"EG","Pavlovagyrans","2","5","E5","Flask","True","True","False","EEM+Raman","C:\Users\nhadu\OneDrive - UTS\C3_UTS\Soft_Sensor_Loc\Emilie data\Raw_data\Emilie_SoftSensor\Emilie_SoftSensor\Raw_data_Flask\EEM\EEM_EG_Pavlovagyrans_raw_002_005_E5.csv","C:\Users\nhadu\OneDrive - UTS\C3_UTS\Soft_Sensor_Loc\Emilie data\Raw_data\Emilie_SoftSensor\Emilie_SoftSensor\Raw_data_Flask\Raman\Raman_EG_Pavlovagyrans_raw_002_005_E5.CSV","reference workbook missing from local extraction"
"EG","Pavlovagyrans","2","5","E6","Flask","True","True","False","EEM+Raman","C:\Users\nhadu\OneDrive - UTS\C3_UTS\Soft_Sensor_Loc\Emilie data\Raw_data\Emilie_SoftSensor\Emilie_SoftSensor\Raw_data_Flask\EEM\EEM_EG_Pavlovagyrans_raw_002_005_E6.csv","C:\Users\nhadu\OneDrive - UTS\C3_UTS\Soft_Sensor_Loc\Emilie data\Raw_data\Emilie_SoftSensor\Emilie_SoftSensor\Raw_data_Flask\Raman\Raman_EG_Pavlovagyrans_raw_002_005_E6.CSV","reference workbook missing from local extraction"
"EG","Pavlovagyrans","2","5","E7","Flask","True","True","False","EEM+Raman","C:\Users\nhadu\OneDrive - UTS\C3_UTS\Soft_Sensor_Loc\Emilie data\Raw_data\Emilie_SoftSensor\Emilie_SoftSensor\Raw_data_Flask\EEM\EEM_EG_Pavlovagyrans_raw_002_005_E7.csv","C:\Users\nhadu\OneDrive - UTS\C3_UTS\Soft_Sensor_Loc\Emilie data\Raw_data\Emilie_SoftSensor\Emilie_SoftSensor\Raw_data_Flask\Raman\Raman_EG_Pavlovagyrans_raw_002_005_E7.CSV","reference workbook missing from local extraction"
"EG","Pavlovagyrans","2","5","E8","Flask","True","True","False","EEM+Raman","C:\Users\nhadu\OneDrive - UTS\C3_UTS\Soft_Sensor_Loc\Emilie data\Raw_data\Emilie_SoftSensor\Emilie_SoftSensor\Raw_data_Flask\EEM\EEM_EG_Pavlovagyrans_raw_002_005_E8.csv","C:\Users\nhadu\OneDrive - UTS\C3_UTS\Soft_Sensor_Loc\Emilie data\Raw_data\Emilie_SoftSensor\Emilie_SoftSensor\Raw_data_Flask\Raman\Raman_EG_Pavlovagyrans_raw_002_005_E8.CSV","reference workbook missing from local extraction"
"EG","Pavlovagyrans","2","5","F1","Flask","True","True","False","EEM+Raman","C:\Users\nhadu\OneDrive - UTS\C3_UTS\Soft_Sensor_Loc\Emilie data\Raw_data\Emilie_SoftSensor\Emilie_SoftSensor\Raw_data_Flask\EEM\EEM_EG_Pavlovagyrans_raw_002_005_F1.csv","C:\Users\nhadu\OneDrive - UTS\C3_UTS\Soft_Sensor_Loc\Emilie data\Raw_data\Emilie_SoftSensor\Emilie_SoftSensor\Raw_data_Flask\Raman\Raman_EG_Pavlovagyrans_raw_002_005_F1.CSV","reference workbook missing from local extraction"
"EG","Pavlovagyrans","2","5","F2","Flask","True","True","False","EEM+Raman","C:\Users\nhadu\OneDrive - UTS\C3_UTS\Soft_Sensor_Loc\Emilie data\Raw_data\Emilie_SoftSensor\Emilie_SoftSensor\Raw_data_Flask\EEM\EEM_EG_Pavlovagyrans_raw_002_005_F2.csv","C:\Users\nhadu\OneDrive - UTS\C3_UTS\Soft_Sensor_Loc\Emilie data\Raw_data\Emilie_SoftSensor\Emilie_SoftSensor\Raw_data_Flask\Raman\Raman_EG_Pavlovagyrans_raw_002_005_F2.CSV","reference workbook missing from local extraction"
"EG","Pavlovagyrans","2","5","F3","Flask","True","True","False","EEM+Raman","C:\Users\nhadu\OneDrive - UTS\C3_UTS\Soft_Sensor_Loc\Emilie data\Raw_data\Emilie_SoftSensor\Emilie_SoftSensor\Raw_data_Flask\EEM\EEM_EG_Pavlovagyrans_raw_002_005_F3.csv","C:\Users\nhadu\OneDrive - UTS\C3_UTS\Soft_Sensor_Loc\Emilie data\Raw_data\Emilie_SoftSensor\Emilie_SoftSensor\Raw_data_Flask\Raman\Raman_EG_Pavlovagyrans_raw_002_005_F3.CSV","reference workbook missing from local extraction"
"EG","Pavlovagyrans","2","5","F4","Flask","True","True","False","EEM+Raman","C:\Users\nhadu\OneDrive - UTS\C3_UTS\Soft_Sensor_Loc\Emilie data\Raw_data\Emilie_SoftSensor\Emilie_SoftSensor\Raw_data_Flask\EEM\EEM_EG_Pavlovagyrans_raw_002_005_F4.csv","C:\Users\nhadu\OneDrive - UTS\C3_UTS\Soft_Sensor_Loc\Emilie data\Raw_data\Emilie_SoftSensor\Emilie_SoftSensor\Raw_data_Flask\Raman\Raman_EG_Pavlovagyrans_raw_002_005_F4.CSV","reference workbook missing from local extraction"
"EG","Pavlovagyrans","2","5","F5","Flask","True","True","False","EEM+Raman","C:\Users\nhadu\OneDrive - UTS\C3_UTS\Soft_Sensor_Loc\Emilie data\Raw_data\Emilie_SoftSensor\Emilie_SoftSensor\Raw_data_Flask\EEM\EEM_EG_Pavlovagyrans_raw_002_005_F5.csv","C:\Users\nhadu\OneDrive - UTS\C3_UTS\Soft_Sensor_Loc\Emilie data\Raw_data\Emilie_SoftSensor\Emilie_SoftSensor\Raw_data_Flask\Raman\Raman_EG_Pavlovagyrans_raw_002_005_F5.CSV","reference workbook missing from local extraction"
"EG","Pavlovagyrans","2","5","F6","Flask","True","True","False","EEM+Raman","C:\Users\nhadu\OneDrive - UTS\C3_UTS\Soft_Sensor_Loc\Emilie data\Raw_data\Emilie_SoftSensor\Emilie_SoftSensor\Raw_data_Flask\EEM\EEM_EG_Pavlovagyrans_raw_002_005_F6.csv","C:\Users\nhadu\OneDrive - UTS\C3_UTS\Soft_Sensor_Loc\Emilie data\Raw_data\Emilie_SoftSensor\Emilie_SoftSensor\Raw_data_Flask\Raman\Raman_EG_Pavlovagyrans_raw_002_005_F6.CSV","reference workbook missing from local extraction"
"EG","Pavlovagyrans","2","5","F7","Flask","True","True","False","EEM+Raman","C:\Users\nhadu\OneDrive - UTS\C3_UTS\Soft_Sensor_Loc\Emilie data\Raw_data\Emilie_SoftSensor\Emilie_SoftSensor\Raw_data_Flask\EEM\EEM_EG_Pavlovagyrans_raw_002_005_F7.csv","C:\Users\nhadu\OneDrive - UTS\C3_UTS\Soft_Sensor_Loc\Emilie data\Raw_data\Emilie_SoftSensor\Emilie_SoftSensor\Raw_data_Flask\Raman\Raman_EG_Pavlovagyrans_raw_002_005_F7.CSV","reference workbook missing from local extraction"
"EG","Pavlovagyrans","2","5","F8","Flask","True","True","False","EEM+Raman","C:\Users\nhadu\OneDrive - UTS\C3_UTS\Soft_Sensor_Loc\Emilie data\Raw_data\Emilie_SoftSensor\Emilie_SoftSensor\Raw_data_Flask\EEM\EEM_EG_Pavlovagyrans_raw_002_005_F8.csv","C:\Users\nhadu\OneDrive - UTS\C3_UTS\Soft_Sensor_Loc\Emilie data\Raw_data\Emilie_SoftSensor\Emilie_SoftSensor\Raw_data_Flask\Raman\Raman_EG_Pavlovagyrans_raw_002_005_F8.CSV","reference workbook missing from local extraction"
"EG","Pavlovagyrans","2","6","A1","Flask","True","True","False","EEM+Raman","C:\Users\nhadu\OneDrive - UTS\C3_UTS\Soft_Sensor_Loc\Emilie data\Raw_data\Emilie_SoftSensor\Emilie_SoftSensor\Raw_data_Flask\EEM\EEM_EG_Pavlovagyrans_raw_002_006_A1.csv","C:\Users\nhadu\OneDrive - UTS\C3_UTS\Soft_Sensor_Loc\Emilie data\Raw_data\Emilie_SoftSensor\Emilie_SoftSensor\Raw_data_Flask\Raman\Raman_EG_Pavlovagyrans_raw_002_006_A1.CSV","reference workbook missing from local extraction"
"EG","Pavlovagyrans","2","6","A10","Flask","True","True","False","EEM+Raman","C:\Users\nhadu\OneDrive - UTS\C3_UTS\Soft_Sensor_Loc\Emilie data\Raw_data\Emilie_SoftSensor\Emilie_SoftSensor\Raw_data_Flask\EEM\EEM_EG_Pavlovagyrans_raw_002_006_A10.csv","C:\Users\nhadu\OneDrive - UTS\C3_UTS\Soft_Sensor_Loc\Emilie data\Raw_data\Emilie_SoftSensor\Emilie_SoftSensor\Raw_data_Flask\Raman\Raman_EG_Pavlovagyrans_raw_002_006_A10.CSV","reference workbook missing from local extraction"
"EG","Pavlovagyrans","2","6","A11","Flask","True","True","False","EEM+Raman","C:\Users\nhadu\OneDrive - UTS\C3_UTS\Soft_Sensor_Loc\Emilie data\Raw_data\Emilie_SoftSensor\Emilie_SoftSensor\Raw_data_Flask\EEM\EEM_EG_Pavlovagyrans_raw_002_006_A11.csv","C:\Users\nhadu\OneDrive - UTS\C3_UTS\Soft_Sensor_Loc\Emilie data\Raw_data\Emilie_SoftSensor\Emilie_SoftSensor\Raw_data_Flask\Raman\Raman_EG_Pavlovagyrans_raw_002_006_A11.CSV","reference workbook missing from local extraction"
"EG","Pavlovagyrans","2","6","A2","Flask","True","True","False","EEM+Raman","C:\Users\nhadu\OneDrive - UTS\C3_UTS\Soft_Sensor_Loc\Emilie data\Raw_data\Emilie_SoftSensor\Emilie_SoftSensor\Raw_data_Flask\EEM\EEM_EG_Pavlovagyrans_raw_002_006_A2.csv","C:\Users\nhadu\OneDrive - UTS\C3_UTS\Soft_Sensor_Loc\Emilie data\Raw_data\Emilie_SoftSensor\Emilie_SoftSensor\Raw_data_Flask\Raman\Raman_EG_Pavlovagyrans_raw_002_006_A2.CSV","reference workbook missing from local extraction"
"EG","Pavlovagyrans","2","6","A3","Flask","True","True","False","EEM+Raman","C:\Users\nhadu\OneDrive - UTS\C3_UTS\Soft_Sensor_Loc\Emilie data\Raw_data\Emilie_SoftSensor\Emilie_SoftSensor\Raw_data_Flask\EEM\EEM_EG_Pavlovagyrans_raw_002_006_A3.csv","C:\Users\nhadu\OneDrive - UTS\C3_UTS\Soft_Sensor_Loc\Emilie data\Raw_data\Emilie_SoftSensor\Emilie_SoftSensor\Raw_data_Flask\Raman\Raman_EG_Pavlovagyrans_raw_002_006_A3.CSV","reference workbook missing from local extraction"
"EG","Pavlovagyrans","2","6","A4","Flask","True","True","False","EEM+Raman","C:\Users\nhadu\OneDrive - UTS\C3_UTS\Soft_Sensor_Loc\Emilie data\Raw_data\Emilie_SoftSensor\Emilie_SoftSensor\Raw_data_Flask\EEM\EEM_EG_Pavlovagyrans_raw_002_006_A4.csv","C:\Users\nhadu\OneDrive - UTS\C3_UTS\Soft_Sensor_Loc\Emilie data\Raw_data\Emilie_SoftSensor\Emilie_SoftSensor\Raw_data_Flask\Raman\Raman_EG_Pavlovagyrans_raw_002_006_A4.CSV","reference workbook missing from local extraction"
"EG","Pavlovagyrans","2","6","A5","Flask","True","True","False","EEM+Raman","C:\Users\nhadu\OneDrive - UTS\C3_UTS\Soft_Sensor_Loc\Emilie data\Raw_data\Emilie_SoftSensor\Emilie_SoftSensor\Raw_data_Flask\EEM\EEM_EG_Pavlovagyrans_raw_002_006_A5.csv","C:\Users\nhadu\OneDrive - UTS\C3_UTS\Soft_Sensor_Loc\Emilie data\Raw_data\Emilie_SoftSensor\Emilie_SoftSensor\Raw_data_Flask\Raman\Raman_EG_Pavlovagyrans_raw_002_006_A5.CSV","reference workbook missing from local extraction"
"EG","Pavlovagyrans","2","6","A6","Flask","True","True","False","EEM+Raman","C:\Users\nhadu\OneDrive - UTS\C3_UTS\Soft_Sensor_Loc\Emilie data\Raw_data\Emilie_SoftSensor\Emilie_SoftSensor\Raw_data_Flask\EEM\EEM_EG_Pavlovagyrans_raw_002_006_A6.csv","C:\Users\nhadu\OneDrive - UTS\C3_UTS\Soft_Sensor_Loc\Emilie data\Raw_data\Emilie_SoftSensor\Emilie_SoftSensor\Raw_data_Flask\Raman\Raman_EG_Pavlovagyrans_raw_002_006_A6.CSV","reference workbook missing from local extraction"
"EG","Pavlovagyrans","2","6","A7","Flask","True","True","False","EEM+Raman","C:\Users\nhadu\OneDrive - UTS\C3_UTS\Soft_Sensor_Loc\Emilie data\Raw_data\Emilie_SoftSensor\Emilie_SoftSensor\Raw_data_Flask\EEM\EEM_EG_Pavlovagyrans_raw_002_006_A7.csv","C:\Users\nhadu\OneDrive - UTS\C3_UTS\Soft_Sensor_Loc\Emilie data\Raw_data\Emilie_SoftSensor\Emilie_SoftSensor\Raw_data_Flask\Raman\Raman_EG_Pavlovagyrans_raw_002_006_A7.CSV","reference workbook missing from local extraction"
"EG","Pavlovagyrans","2","6","A8","Flask","True","True","False","EEM+Raman","C:\Users\nhadu\OneDrive - UTS\C3_UTS\Soft_Sensor_Loc\Emilie data\Raw_data\Emilie_SoftSensor\Emilie_SoftSensor\Raw_data_Flask\EEM\EEM_EG_Pavlovagyrans_raw_002_006_A8.csv","C:\Users\nhadu\OneDrive - UTS\C3_UTS\Soft_Sensor_Loc\Emilie data\Raw_data\Emilie_SoftSensor\Emilie_SoftSensor\Raw_data_Flask\Raman\Raman_EG_Pavlovagyrans_raw_002_006_A8.CSV","reference workbook missing from local extraction"
"EG","Pavlovagyrans","2","6","A9","Flask","True","True","False","EEM+Raman","C:\Users\nhadu\OneDrive - UTS\C3_UTS\Soft_Sensor_Loc\Emilie data\Raw_data\Emilie_SoftSensor\Emilie_SoftSensor\Raw_data_Flask\EEM\EEM_EG_Pavlovagyrans_raw_002_006_A9.csv","C:\Users\nhadu\OneDrive - UTS\C3_UTS\Soft_Sensor_Loc\Emilie data\Raw_data\Emilie_SoftSensor\Emilie_SoftSensor\Raw_data_Flask\Raman\Raman_EG_Pavlovagyrans_raw_002_006_A9.CSV","reference workbook missing from local extraction"
"EG","Pavlovagyrans","2","6","B1","Flask","True","True","False","EEM+Raman","C:\Users\nhadu\OneDrive - UTS\C3_UTS\Soft_Sensor_Loc\Emilie data\Raw_data\Emilie_SoftSensor\Emilie_SoftSensor\Raw_data_Flask\EEM\EEM_EG_Pavlovagyrans_raw_002_006_B1.csv","C:\Users\nhadu\OneDrive - UTS\C3_UTS\Soft_Sensor_Loc\Emilie data\Raw_data\Emilie_SoftSensor\Emilie_SoftSensor\Raw_data_Flask\Raman\Raman_EG_Pavlovagyrans_raw_002_006_B1.CSV","reference workbook missing from local extraction"
"EG","Pavlovagyrans","2","6","B10","Flask","True","True","False","EEM+Raman","C:\Users\nhadu\OneDrive - UTS\C3_UTS\Soft_Sensor_Loc\Emilie data\Raw_data\Emilie_SoftSensor\Emilie_SoftSensor\Raw_data_Flask\EEM\EEM_EG_Pavlovagyrans_raw_002_006_B10.csv","C:\Users\nhadu\OneDrive - UTS\C3_UTS\Soft_Sensor_Loc\Emilie data\Raw_data\Emilie_SoftSensor\Emilie_SoftSensor\Raw_data_Flask\Raman\Raman_EG_Pavlovagyrans_raw_002_006_B10.CSV","reference workbook missing from local extraction"
"EG","Pavlovagyrans","2","6","B11","Flask","True","True","False","EEM+Raman","C:\Users\nhadu\OneDrive - UTS\C3_UTS\Soft_Sensor_Loc\Emilie data\Raw_data\Emilie_SoftSensor\Emilie_SoftSensor\Raw_data_Flask\EEM\EEM_EG_Pavlovagyrans_raw_002_006_B11.csv","C:\Users\nhadu\OneDrive - UTS\C3_UTS\Soft_Sensor_Loc\Emilie data\Raw_data\Emilie_SoftSensor\Emilie_SoftSensor\Raw_data_Flask\Raman\Raman_EG_Pavlovagyrans_raw_002_006_B11.CSV","reference workbook missing from local extraction"
"EG","Pavlovagyrans","2","6","B2","Flask","True","True","False","EEM+Raman","C:\Users\nhadu\OneDrive - UTS\C3_UTS\Soft_Sensor_Loc\Emilie data\Raw_data\Emilie_SoftSensor\Emilie_SoftSensor\Raw_data_Flask\EEM\EEM_EG_Pavlovagyrans_raw_002_006_B2.csv","C:\Users\nhadu\OneDrive - UTS\C3_UTS\Soft_Sensor_Loc\Emilie data\Raw_data\Emilie_SoftSensor\Emilie_SoftSensor\Raw_data_Flask\Raman\Raman_EG_Pavlovagyrans_raw_002_006_B2.CSV","reference workbook missing from local extraction"
"EG","Pavlovagyrans","2","6","B3","Flask","True","True","False","EEM+Raman","C:\Users\nhadu\OneDrive - UTS\C3_UTS\Soft_Sensor_Loc\Emilie data\Raw_data\Emilie_SoftSensor\Emilie_SoftSensor\Raw_data_Flask\EEM\EEM_EG_Pavlovagyrans_raw_002_006_B3.csv","C:\Users\nhadu\OneDrive - UTS\C3_UTS\Soft_Sensor_Loc\Emilie data\Raw_data\Emilie_SoftSensor\Emilie_SoftSensor\Raw_data_Flask\Raman\Raman_EG_Pavlovagyrans_raw_002_006_B3.CSV","reference workbook missing from local extraction"
"EG","Pavlovagyrans","2","6","B4","Flask","True","True","False","EEM+Raman","C:\Users\nhadu\OneDrive - UTS\C3_UTS\Soft_Sensor_Loc\Emilie data\Raw_data\Emilie_SoftSensor\Emilie_SoftSensor\Raw_data_Flask\EEM\EEM_EG_Pavlovagyrans_raw_002_006_B4.csv","C:\Users\nhadu\OneDrive - UTS\C3_UTS\Soft_Sensor_Loc\Emilie data\Raw_data\Emilie_SoftSensor\Emilie_SoftSensor\Raw_data_Flask\Raman\Raman_EG_Pavlovagyrans_raw_002_006_B4.CSV","reference workbook missing from local extraction"
"EG","Pavlovagyrans","2","6","B5","Flask","True","True","False","EEM+Raman","C:\Users\nhadu\OneDrive - UTS\C3_UTS\Soft_Sensor_Loc\Emilie data\Raw_data\Emilie_SoftSensor\Emilie_SoftSensor\Raw_data_Flask\EEM\EEM_EG_Pavlovagyrans_raw_002_006_B5.csv","C:\Users\nhadu\OneDrive - UTS\C3_UTS\Soft_Sensor_Loc\Emilie data\Raw_data\Emilie_SoftSensor\Emilie_SoftSensor\Raw_data_Flask\Raman\Raman_EG_Pavlovagyrans_raw_002_006_B5.CSV","reference workbook missing from local extraction"
"EG","Pavlovagyrans","2","6","B6","Flask","True","True","False","EEM+Raman","C:\Users\nhadu\OneDrive - UTS\C3_UTS\Soft_Sensor_Loc\Emilie data\Raw_data\Emilie_SoftSensor\Emilie_SoftSensor\Raw_data_Flask\EEM\EEM_EG_Pavlovagyrans_raw_002_006_B6.csv","C:\Users\nhadu\OneDrive - UTS\C3_UTS\Soft_Sensor_Loc\Emilie data\Raw_data\Emilie_SoftSensor\Emilie_SoftSensor\Raw_data_Flask\Raman\Raman_EG_Pavlovagyrans_raw_002_006_B6.CSV","reference workbook missing from local extraction"
"EG","Pavlovagyrans","2","6","B7","Flask","True","True","False","EEM+Raman","C:\Users\nhadu\OneDrive - UTS\C3_UTS\Soft_Sensor_Loc\Emilie data\Raw_data\Emilie_SoftSensor\Emilie_SoftSensor\Raw_data_Flask\EEM\EEM_EG_Pavlovagyrans_raw_002_006_B7.csv","C:\Users\nhadu\OneDrive - UTS\C3_UTS\Soft_Sensor_Loc\Emilie data\Raw_data\Emilie_SoftSensor\Emilie_SoftSensor\Raw_data_Flask\Raman\Raman_EG_Pavlovagyrans_raw_002_006_B7.CSV","reference workbook missing from local extraction"
"EG","Pavlovagyrans","2","6","B8","Flask","True","True","False","EEM+Raman","C:\Users\nhadu\OneDrive - UTS\C3_UTS\Soft_Sensor_Loc\Emilie data\Raw_data\Emilie_SoftSensor\Emilie_SoftSensor\Raw_data_Flask\EEM\EEM_EG_Pavlovagyrans_raw_002_006_B8.csv","C:\Users\nhadu\OneDrive - UTS\C3_UTS\Soft_Sensor_Loc\Emilie data\Raw_data\Emilie_SoftSensor\Emilie_SoftSensor\Raw_data_Flask\Raman\Raman_EG_Pavlovagyrans_raw_002_006_B8.CSV","reference workbook missing from local extraction"
"EG","Pavlovagyrans","2","6","B9","Flask","True","True","False","EEM+Raman","C:\Users\nhadu\OneDrive - UTS\C3_UTS\Soft_Sensor_Loc\Emilie data\Raw_data\Emilie_SoftSensor\Emilie_SoftSensor\Raw_data_Flask\EEM\EEM_EG_Pavlovagyrans_raw_002_006_B9.csv","C:\Users\nhadu\OneDrive - UTS\C3_UTS\Soft_Sensor_Loc\Emilie data\Raw_data\Emilie_SoftSensor\Emilie_SoftSensor\Raw_data_Flask\Raman\Raman_EG_Pavlovagyrans_raw_002_006_B9.CSV","reference workbook missing from local extraction"
"EG","Pavlovagyrans","2","6","C1","Flask","True","True","False","EEM+Raman","C:\Users\nhadu\OneDrive - UTS\C3_UTS\Soft_Sensor_Loc\Emilie data\Raw_data\Emilie_SoftSensor\Emilie_SoftSensor\Raw_data_Flask\EEM\EEM_EG_Pavlovagyrans_raw_002_006_C1.csv","C:\Users\nhadu\OneDrive - UTS\C3_UTS\Soft_Sensor_Loc\Emilie data\Raw_data\Emilie_SoftSensor\Emilie_SoftSensor\Raw_data_Flask\Raman\Raman_EG_Pavlovagyrans_raw_002_006_C1.CSV","reference workbook missing from local extraction"
"EG","Pavlovagyrans","2","6","C10","Flask","True","True","False","EEM+Raman","C:\Users\nhadu\OneDrive - UTS\C3_UTS\Soft_Sensor_Loc\Emilie data\Raw_data\Emilie_SoftSensor\Emilie_SoftSensor\Raw_data_Flask\EEM\EEM_EG_Pavlovagyrans_raw_002_006_C10.csv","C:\Users\nhadu\OneDrive - UTS\C3_UTS\Soft_Sensor_Loc\Emilie data\Raw_data\Emilie_SoftSensor\Emilie_SoftSensor\Raw_data_Flask\Raman\Raman_EG_Pavlovagyrans_raw_002_006_C10.CSV","reference workbook missing from local extraction"
"EG","Pavlovagyrans","2","6","C11","Flask","True","True","False","EEM+Raman","C:\Users\nhadu\OneDrive - UTS\C3_UTS\Soft_Sensor_Loc\Emilie data\Raw_data\Emilie_SoftSensor\Emilie_SoftSensor\Raw_data_Flask\EEM\EEM_EG_Pavlovagyrans_raw_002_006_C11.csv","C:\Users\nhadu\OneDrive - UTS\C3_UTS\Soft_Sensor_Loc\Emilie data\Raw_data\Emilie_SoftSensor\Emilie_SoftSensor\Raw_data_Flask\Raman\Raman_EG_Pavlovagyrans_raw_002_006_C11.CSV","reference workbook missing from local extraction"
"EG","Pavlovagyrans","2","6","C2","Flask","True","True","False","EEM+Raman","C:\Users\nhadu\OneDrive - UTS\C3_UTS\Soft_Sensor_Loc\Emilie data\Raw_data\Emilie_SoftSensor\Emilie_SoftSensor\Raw_data_Flask\EEM\EEM_EG_Pavlovagyrans_raw_002_006_C2.csv","C:\Users\nhadu\OneDrive - UTS\C3_UTS\Soft_Sensor_Loc\Emilie data\Raw_data\Emilie_SoftSensor\Emilie_SoftSensor\Raw_data_Flask\Raman\Raman_EG_Pavlovagyrans_raw_002_006_C2.CSV","reference workbook missing from local extraction"
"EG","Pavlovagyrans","2","6","C3","Flask","True","True","False","EEM+Raman","C:\Users\nhadu\OneDrive - UTS\C3_UTS\Soft_Sensor_Loc\Emilie data\Raw_data\Emilie_SoftSensor\Emilie_SoftSensor\Raw_data_Flask\EEM\EEM_EG_Pavlovagyrans_raw_002_006_C3.csv","C:\Users\nhadu\OneDrive - UTS\C3_UTS\Soft_Sensor_Loc\Emilie data\Raw_data\Emilie_SoftSensor\Emilie_SoftSensor\Raw_data_Flask\Raman\Raman_EG_Pavlovagyrans_raw_002_006_C3.CSV","reference workbook missing from local extraction"
"EG","Pavlovagyrans","2","6","C4","Flask","True","True","False","EEM+Raman","C:\Users\nhadu\OneDrive - UTS\C3_UTS\Soft_Sensor_Loc\Emilie data\Raw_data\Emilie_SoftSensor\Emilie_SoftSensor\Raw_data_Flask\EEM\EEM_EG_Pavlovagyrans_raw_002_006_C4.csv","C:\Users\nhadu\OneDrive - UTS\C3_UTS\Soft_Sensor_Loc\Emilie data\Raw_data\Emilie_SoftSensor\Emilie_SoftSensor\Raw_data_Flask\Raman\Raman_EG_Pavlovagyrans_raw_002_006_C4.CSV","reference workbook missing from local extraction"
"EG","Pavlovagyrans","2","6","C5","Flask","True","True","False","EEM+Raman","C:\Users\nhadu\OneDrive - UTS\C3_UTS\Soft_Sensor_Loc\Emilie data\Raw_data\Emilie_SoftSensor\Emilie_SoftSensor\Raw_data_Flask\EEM\EEM_EG_Pavlovagyrans_raw_002_006_C5.csv","C:\Users\nhadu\OneDrive - UTS\C3_UTS\Soft_Sensor_Loc\Emilie data\Raw_data\Emilie_SoftSensor\Emilie_SoftSensor\Raw_data_Flask\Raman\Raman_EG_Pavlovagyrans_raw_002_006_C5.CSV","reference workbook missing from local extraction"
"EG","Pavlovagyrans","2","6","C6","Flask","True","True","False","EEM+Raman","C:\Users\nhadu\OneDrive - UTS\C3_UTS\Soft_Sensor_Loc\Emilie data\Raw_data\Emilie_SoftSensor\Emilie_SoftSensor\Raw_data_Flask\EEM\EEM_EG_Pavlovagyrans_raw_002_006_C6.csv","C:\Users\nhadu\OneDrive - UTS\C3_UTS\Soft_Sensor_Loc\Emilie data\Raw_data\Emilie_SoftSensor\Emilie_SoftSensor\Raw_data_Flask\Raman\Raman_EG_Pavlovagyrans_raw_002_006_C6.CSV","reference workbook missing from local extraction"
"EG","Pavlovagyrans","2","6","C7","Flask","True","True","False","EEM+Raman","C:\Users\nhadu\OneDrive - UTS\C3_UTS\Soft_Sensor_Loc\Emilie data\Raw_data\Emilie_SoftSensor\Emilie_SoftSensor\Raw_data_Flask\EEM\EEM_EG_Pavlovagyrans_raw_002_006_C7.csv","C:\Users\nhadu\OneDrive - UTS\C3_UTS\Soft_Sensor_Loc\Emilie data\Raw_data\Emilie_SoftSensor\Emilie_SoftSensor\Raw_data_Flask\Raman\Raman_EG_Pavlovagyrans_raw_002_006_C7.CSV","reference workbook missing from local extraction"
"EG","Pavlovagyrans","2","6","C8","Flask","True","True","False","EEM+Raman","C:\Users\nhadu\OneDrive - UTS\C3_UTS\Soft_Sensor_Loc\Emilie data\Raw_data\Emilie_SoftSensor\Emilie_SoftSensor\Raw_data_Flask\EEM\EEM_EG_Pavlovagyrans_raw_002_006_C8.csv","C:\Users\nhadu\OneDrive - UTS\C3_UTS\Soft_Sensor_Loc\Emilie data\Raw_data\Emilie_SoftSensor\Emilie_SoftSensor\Raw_data_Flask\Raman\Raman_EG_Pavlovagyrans_raw_002_006_C8.CSV","reference workbook missing from local extraction"
"EG","Pavlovagyrans","2","6","C9","Flask","True","True","False","EEM+Raman","C:\Users\nhadu\OneDrive - UTS\C3_UTS\Soft_Sensor_Loc\Emilie data\Raw_data\Emilie_SoftSensor\Emilie_SoftSensor\Raw_data_Flask\EEM\EEM_EG_Pavlovagyrans_raw_002_006_C9.csv","C:\Users\nhadu\OneDrive - UTS\C3_UTS\Soft_Sensor_Loc\Emilie data\Raw_data\Emilie_SoftSensor\Emilie_SoftSensor\Raw_data_Flask\Raman\Raman_EG_Pavlovagyrans_raw_002_006_C9.CSV","reference workbook missing from local extraction"
"EG","Pavlovagyrans","2","6","D1","Flask","True","True","False","EEM+Raman","C:\Users\nhadu\OneDrive - UTS\C3_UTS\Soft_Sensor_Loc\Emilie data\Raw_data\Emilie_SoftSensor\Emilie_SoftSensor\Raw_data_Flask\EEM\EEM_EG_Pavlovagyrans_raw_002_006_D1.csv","C:\Users\nhadu\OneDrive - UTS\C3_UTS\Soft_Sensor_Loc\Emilie data\Raw_data\Emilie_SoftSensor\Emilie_SoftSensor\Raw_data_Flask\Raman\Raman_EG_Pavlovagyrans_raw_002_006_D1.CSV","reference workbook missing from local extraction"
"EG","Pavlovagyrans","2","6","D10","Flask","True","True","False","EEM+Raman","C:\Users\nhadu\OneDrive - UTS\C3_UTS\Soft_Sensor_Loc\Emilie data\Raw_data\Emilie_SoftSensor\Emilie_SoftSensor\Raw_data_Flask\EEM\EEM_EG_Pavlovagyrans_raw_002_006_D10.csv","C:\Users\nhadu\OneDrive - UTS\C3_UTS\Soft_Sensor_Loc\Emilie data\Raw_data\Emilie_SoftSensor\Emilie_SoftSensor\Raw_data_Flask\Raman\Raman_EG_Pavlovagyrans_raw_002_006_D10.CSV","reference workbook missing from local extraction"
"EG","Pavlovagyrans","2","6","D11","Flask","True","True","False","EEM+Raman","C:\Users\nhadu\OneDrive - UTS\C3_UTS\Soft_Sensor_Loc\Emilie data\Raw_data\Emilie_SoftSensor\Emilie_SoftSensor\Raw_data_Flask\EEM\EEM_EG_Pavlovagyrans_raw_002_006_D11.csv","C:\Users\nhadu\OneDrive - UTS\C3_UTS\Soft_Sensor_Loc\Emilie data\Raw_data\Emilie_SoftSensor\Emilie_SoftSensor\Raw_data_Flask\Raman\Raman_EG_Pavlovagyrans_raw_002_006_D11.CSV","reference workbook missing from local extraction"
"EG","Pavlovagyrans","2","6","D2","Flask","True","True","False","EEM+Raman","C:\Users\nhadu\OneDrive - UTS\C3_UTS\Soft_Sensor_Loc\Emilie data\Raw_data\Emilie_SoftSensor\Emilie_SoftSensor\Raw_data_Flask\EEM\EEM_EG_Pavlovagyrans_raw_002_006_D2.csv","C:\Users\nhadu\OneDrive - UTS\C3_UTS\Soft_Sensor_Loc\Emilie data\Raw_data\Emilie_SoftSensor\Emilie_SoftSensor\Raw_data_Flask\Raman\Raman_EG_Pavlovagyrans_raw_002_006_D2.CSV","reference workbook missing from local extraction"
"EG","Pavlovagyrans","2","6","D3","Flask","True","True","False","EEM+Raman","C:\Users\nhadu\OneDrive - UTS\C3_UTS\Soft_Sensor_Loc\Emilie data\Raw_data\Emilie_SoftSensor\Emilie_SoftSensor\Raw_data_Flask\EEM\EEM_EG_Pavlovagyrans_raw_002_006_D3.csv","C:\Users\nhadu\OneDrive - UTS\C3_UTS\Soft_Sensor_Loc\Emilie data\Raw_data\Emilie_SoftSensor\Emilie_SoftSensor\Raw_data_Flask\Raman\Raman_EG_Pavlovagyrans_raw_002_006_D3.CSV","reference workbook missing from local extraction"
"EG","Pavlovagyrans","2","6","D4","Flask","True","True","False","EEM+Raman","C:\Users\nhadu\OneDrive - UTS\C3_UTS\Soft_Sensor_Loc\Emilie data\Raw_data\Emilie_SoftSensor\Emilie_SoftSensor\Raw_data_Flask\EEM\EEM_EG_Pavlovagyrans_raw_002_006_D4.csv","C:\Users\nhadu\OneDrive - UTS\C3_UTS\Soft_Sensor_Loc\Emilie data\Raw_data\Emilie_SoftSensor\Emilie_SoftSensor\Raw_data_Flask\Raman\Raman_EG_Pavlovagyrans_raw_002_006_D4.CSV","reference workbook missing from local extraction"
"EG","Pavlovagyrans","2","6","D5","Flask","True","True","False","EEM+Raman","C:\Users\nhadu\OneDrive - UTS\C3_UTS\Soft_Sensor_Loc\Emilie data\Raw_data\Emilie_SoftSensor\Emilie_SoftSensor\Raw_data_Flask\EEM\EEM_EG_Pavlovagyrans_raw_002_006_D5.csv","C:\Users\nhadu\OneDrive - UTS\C3_UTS\Soft_Sensor_Loc\Emilie data\Raw_data\Emilie_SoftSensor\Emilie_SoftSensor\Raw_data_Flask\Raman\Raman_EG_Pavlovagyrans_raw_002_006_D5.CSV","reference workbook missing from local extraction"
"EG","Pavlovagyrans","2","6","D6","Flask","True","True","False","EEM+Raman","C:\Users\nhadu\OneDrive - UTS\C3_UTS\Soft_Sensor_Loc\Emilie data\Raw_data\Emilie_SoftSensor\Emilie_SoftSensor\Raw_data_Flask\EEM\EEM_EG_Pavlovagyrans_raw_002_006_D6.csv","C:\Users\nhadu\OneDrive - UTS\C3_UTS\Soft_Sensor_Loc\Emilie data\Raw_data\Emilie_SoftSensor\Emilie_SoftSensor\Raw_data_Flask\Raman\Raman_EG_Pavlovagyrans_raw_002_006_D6.CSV","reference workbook missing from local extraction"
"EG","Pavlovagyrans","2","6","D7","Flask","True","True","False","EEM+Raman","C:\Users\nhadu\OneDrive - UTS\C3_UTS\Soft_Sensor_Loc\Emilie data\Raw_data\Emilie_SoftSensor\Emilie_SoftSensor\Raw_data_Flask\EEM\EEM_EG_Pavlovagyrans_raw_002_006_D7.csv","C:\Users\nhadu\OneDrive - UTS\C3_UTS\Soft_Sensor_Loc\Emilie data\Raw_data\Emilie_SoftSensor\Emilie_SoftSensor\Raw_data_Flask\Raman\Raman_EG_Pavlovagyrans_raw_002_006_D7.CSV","reference workbook missing from local extraction"
"EG","Pavlovagyrans","2","6","D8","Flask","True","True","False","EEM+Raman","C:\Users\nhadu\OneDrive - UTS\C3_UTS\Soft_Sensor_Loc\Emilie data\Raw_data\Emilie_SoftSensor\Emilie_SoftSensor\Raw_data_Flask\EEM\EEM_EG_Pavlovagyrans_raw_002_006_D8.csv","C:\Users\nhadu\OneDrive - UTS\C3_UTS\Soft_Sensor_Loc\Emilie data\Raw_data\Emilie_SoftSensor\Emilie_SoftSensor\Raw_data_Flask\Raman\Raman_EG_Pavlovagyrans_raw_002_006_D8.CSV","reference workbook missing from local extraction"
"EG","Pavlovagyrans","2","6","D9","Flask","True","True","False","EEM+Raman","C:\Users\nhadu\OneDrive - UTS\C3_UTS\Soft_Sensor_Loc\Emilie data\Raw_data\Emilie_SoftSensor\Emilie_SoftSensor\Raw_data_Flask\EEM\EEM_EG_Pavlovagyrans_raw_002_006_D9.csv","C:\Users\nhadu\OneDrive - UTS\C3_UTS\Soft_Sensor_Loc\Emilie data\Raw_data\Emilie_SoftSensor\Emilie_SoftSensor\Raw_data_Flask\Raman\Raman_EG_Pavlovagyrans_raw_002_006_D9.CSV","reference workbook missing from local extraction"
"EG","Pavlovagyrans","2","6","E1","Flask","True","True","False","EEM+Raman","C:\Users\nhadu\OneDrive - UTS\C3_UTS\Soft_Sensor_Loc\Emilie data\Raw_data\Emilie_SoftSensor\Emilie_SoftSensor\Raw_data_Flask\EEM\EEM_EG_Pavlovagyrans_raw_002_006_E1.csv","C:\Users\nhadu\OneDrive - UTS\C3_UTS\Soft_Sensor_Loc\Emilie data\Raw_data\Emilie_SoftSensor\Emilie_SoftSensor\Raw_data_Flask\Raman\Raman_EG_Pavlovagyrans_raw_002_006_E1.CSV","reference workbook missing from local extraction"
"EG","Pavlovagyrans","2","6","E10","Flask","True","True","False","EEM+Raman","C:\Users\nhadu\OneDrive - UTS\C3_UTS\Soft_Sensor_Loc\Emilie data\Raw_data\Emilie_SoftSensor\Emilie_SoftSensor\Raw_data_Flask\EEM\EEM_EG_Pavlovagyrans_raw_002_006_E10.csv","C:\Users\nhadu\OneDrive - UTS\C3_UTS\Soft_Sensor_Loc\Emilie data\Raw_data\Emilie_SoftSensor\Emilie_SoftSensor\Raw_data_Flask\Raman\Raman_EG_Pavlovagyrans_raw_002_006_E10.CSV","reference workbook missing from local extraction"
"EG","Pavlovagyrans","2","6","E11","Flask","True","True","False","EEM+Raman","C:\Users\nhadu\OneDrive - UTS\C3_UTS\Soft_Sensor_Loc\Emilie data\Raw_data\Emilie_SoftSensor\Emilie_SoftSensor\Raw_data_Flask\EEM\EEM_EG_Pavlovagyrans_raw_002_006_E11.csv","C:\Users\nhadu\OneDrive - UTS\C3_UTS\Soft_Sensor_Loc\Emilie data\Raw_data\Emilie_SoftSensor\Emilie_SoftSensor\Raw_data_Flask\Raman\Raman_EG_Pavlovagyrans_raw_002_006_E11.CSV","reference workbook missing from local extraction"
"EG","Pavlovagyrans","2","6","E2","Flask","True","True","False","EEM+Raman","C:\Users\nhadu\OneDrive - UTS\C3_UTS\Soft_Sensor_Loc\Emilie data\Raw_data\Emilie_SoftSensor\Emilie_SoftSensor\Raw_data_Flask\EEM\EEM_EG_Pavlovagyrans_raw_002_006_E2.csv","C:\Users\nhadu\OneDrive - UTS\C3_UTS\Soft_Sensor_Loc\Emilie data\Raw_data\Emilie_SoftSensor\Emilie_SoftSensor\Raw_data_Flask\Raman\Raman_EG_Pavlovagyrans_raw_002_006_E2.CSV","reference workbook missing from local extraction"
"EG","Pavlovagyrans","2","6","E3","Flask","True","True","False","EEM+Raman","C:\Users\nhadu\OneDrive - UTS\C3_UTS\Soft_Sensor_Loc\Emilie data\Raw_data\Emilie_SoftSensor\Emilie_SoftSensor\Raw_data_Flask\EEM\EEM_EG_Pavlovagyrans_raw_002_006_E3.csv","C:\Users\nhadu\OneDrive - UTS\C3_UTS\Soft_Sensor_Loc\Emilie data\Raw_data\Emilie_SoftSensor\Emilie_SoftSensor\Raw_data_Flask\Raman\Raman_EG_Pavlovagyrans_raw_002_006_E3.CSV","reference workbook missing from local extraction"
"EG","Pavlovagyrans","2","6","E4","Flask","True","True","False","EEM+Raman","C:\Users\nhadu\OneDrive - UTS\C3_UTS\Soft_Sensor_Loc\Emilie data\Raw_data\Emilie_SoftSensor\Emilie_SoftSensor\Raw_data_Flask\EEM\EEM_EG_Pavlovagyrans_raw_002_006_E4.csv","C:\Users\nhadu\OneDrive - UTS\C3_UTS\Soft_Sensor_Loc\Emilie data\Raw_data\Emilie_SoftSensor\Emilie_SoftSensor\Raw_data_Flask\Raman\Raman_EG_Pavlovagyrans_raw_002_006_E4.CSV","reference workbook missing from local extraction"
"EG","Pavlovagyrans","2","6","E5","Flask","True","True","False","EEM+Raman","C:\Users\nhadu\OneDrive - UTS\C3_UTS\Soft_Sensor_Loc\Emilie data\Raw_data\Emilie_SoftSensor\Emilie_SoftSensor\Raw_data_Flask\EEM\EEM_EG_Pavlovagyrans_raw_002_006_E5.csv","C:\Users\nhadu\OneDrive - UTS\C3_UTS\Soft_Sensor_Loc\Emilie data\Raw_data\Emilie_SoftSensor\Emilie_SoftSensor\Raw_data_Flask\Raman\Raman_EG_Pavlovagyrans_raw_002_006_E5.CSV","reference workbook missing from local extraction"
"EG","Pavlovagyrans","2","6","E6","Flask","True","True","False","EEM+Raman","C:\Users\nhadu\OneDrive - UTS\C3_UTS\Soft_Sensor_Loc\Emilie data\Raw_data\Emilie_SoftSensor\Emilie_SoftSensor\Raw_data_Flask\EEM\EEM_EG_Pavlovagyrans_raw_002_006_E6.csv","C:\Users\nhadu\OneDrive - UTS\C3_UTS\Soft_Sensor_Loc\Emilie data\Raw_data\Emilie_SoftSensor\Emilie_SoftSensor\Raw_data_Flask\Raman\Raman_EG_Pavlovagyrans_raw_002_006_E6.CSV","reference workbook missing from local extraction"
"EG","Pavlovagyrans","2","6","E7","Flask","True","True","False","EEM+Raman","C:\Users\nhadu\OneDrive - UTS\C3_UTS\Soft_Sensor_Loc\Emilie data\Raw_data\Emilie_SoftSensor\Emilie_SoftSensor\Raw_data_Flask\EEM\EEM_EG_Pavlovagyrans_raw_002_006_E7.csv","C:\Users\nhadu\OneDrive - UTS\C3_UTS\Soft_Sensor_Loc\Emilie data\Raw_data\Emilie_SoftSensor\Emilie_SoftSensor\Raw_data_Flask\Raman\Raman_EG_Pavlovagyrans_raw_002_006_E7.CSV","reference workbook missing from local extraction"
"EG","Pavlovagyrans","2","6","E8","Flask","True","True","False","EEM+Raman","C:\Users\nhadu\OneDrive - UTS\C3_UTS\Soft_Sensor_Loc\Emilie data\Raw_data\Emilie_SoftSensor\Emilie_SoftSensor\Raw_data_Flask\EEM\EEM_EG_Pavlovagyrans_raw_002_006_E8.csv","C:\Users\nhadu\OneDrive - UTS\C3_UTS\Soft_Sensor_Loc\Emilie data\Raw_data\Emilie_SoftSensor\Emilie_SoftSensor\Raw_data_Flask\Raman\Raman_EG_Pavlovagyrans_raw_002_006_E8.CSV","reference workbook missing from local extraction"
"EG","Pavlovagyrans","2","6","E9","Flask","True","True","False","EEM+Raman","C:\Users\nhadu\OneDrive - UTS\C3_UTS\Soft_Sensor_Loc\Emilie data\Raw_data\Emilie_SoftSensor\Emilie_SoftSensor\Raw_data_Flask\EEM\EEM_EG_Pavlovagyrans_raw_002_006_E9.csv","C:\Users\nhadu\OneDrive - UTS\C3_UTS\Soft_Sensor_Loc\Emilie data\Raw_data\Emilie_SoftSensor\Emilie_SoftSensor\Raw_data_Flask\Raman\Raman_EG_Pavlovagyrans_raw_002_006_E9.CSV","reference workbook missing from local extraction"
"EG","Pavlovagyrans","2","6","F1","Flask","True","True","False","EEM+Raman","C:\Users\nhadu\OneDrive - UTS\C3_UTS\Soft_Sensor_Loc\Emilie data\Raw_data\Emilie_SoftSensor\Emilie_SoftSensor\Raw_data_Flask\EEM\EEM_EG_Pavlovagyrans_raw_002_006_F1.csv","C:\Users\nhadu\OneDrive - UTS\C3_UTS\Soft_Sensor_Loc\Emilie data\Raw_data\Emilie_SoftSensor\Emilie_SoftSensor\Raw_data_Flask\Raman\Raman_EG_Pavlovagyrans_raw_002_006_F1.CSV","reference workbook missing from local extraction"
"EG","Pavlovagyrans","2","6","F10","Flask","True","True","False","EEM+Raman","C:\Users\nhadu\OneDrive - UTS\C3_UTS\Soft_Sensor_Loc\Emilie data\Raw_data\Emilie_SoftSensor\Emilie_SoftSensor\Raw_data_Flask\EEM\EEM_EG_Pavlovagyrans_raw_002_006_F10.csv","C:\Users\nhadu\OneDrive - UTS\C3_UTS\Soft_Sensor_Loc\Emilie data\Raw_data\Emilie_SoftSensor\Emilie_SoftSensor\Raw_data_Flask\Raman\Raman_EG_Pavlovagyrans_raw_002_006_F10.CSV","reference workbook missing from local extraction"
"EG","Pavlovagyrans","2","6","F11","Flask","True","True","False","EEM+Raman","C:\Users\nhadu\OneDrive - UTS\C3_UTS\Soft_Sensor_Loc\Emilie data\Raw_data\Emilie_SoftSensor\Emilie_SoftSensor\Raw_data_Flask\EEM\EEM_EG_Pavlovagyrans_raw_002_006_F11.csv","C:\Users\nhadu\OneDrive - UTS\C3_UTS\Soft_Sensor_Loc\Emilie data\Raw_data\Emilie_SoftSensor\Emilie_SoftSensor\Raw_data_Flask\Raman\Raman_EG_Pavlovagyrans_raw_002_006_F11.CSV","reference workbook missing from local extraction"
"EG","Pavlovagyrans","2","6","F2","Flask","True","True","False","EEM+Raman","C:\Users\nhadu\OneDrive - UTS\C3_UTS\Soft_Sensor_Loc\Emilie data\Raw_data\Emilie_SoftSensor\Emilie_SoftSensor\Raw_data_Flask\EEM\EEM_EG_Pavlovagyrans_raw_002_006_F2.csv","C:\Users\nhadu\OneDrive - UTS\C3_UTS\Soft_Sensor_Loc\Emilie data\Raw_data\Emilie_SoftSensor\Emilie_SoftSensor\Raw_data_Flask\Raman\Raman_EG_Pavlovagyrans_raw_002_006_F2.CSV","reference workbook missing from local extraction"
"EG","Pavlovagyrans","2","6","F3","Flask","True","True","False","EEM+Raman","C:\Users\nhadu\OneDrive - UTS\C3_UTS\Soft_Sensor_Loc\Emilie data\Raw_data\Emilie_SoftSensor\Emilie_SoftSensor\Raw_data_Flask\EEM\EEM_EG_Pavlovagyrans_raw_002_006_F3.csv","C:\Users\nhadu\OneDrive - UTS\C3_UTS\Soft_Sensor_Loc\Emilie data\Raw_data\Emilie_SoftSensor\Emilie_SoftSensor\Raw_data_Flask\Raman\Raman_EG_Pavlovagyrans_raw_002_006_F3.CSV","reference workbook missing from local extraction"
"EG","Pavlovagyrans","2","6","F4","Flask","True","True","False","EEM+Raman","C:\Users\nhadu\OneDrive - UTS\C3_UTS\Soft_Sensor_Loc\Emilie data\Raw_data\Emilie_SoftSensor\Emilie_SoftSensor\Raw_data_Flask\EEM\EEM_EG_Pavlovagyrans_raw_002_006_F4.csv","C:\Users\nhadu\OneDrive - UTS\C3_UTS\Soft_Sensor_Loc\Emilie data\Raw_data\Emilie_SoftSensor\Emilie_SoftSensor\Raw_data_Flask\Raman\Raman_EG_Pavlovagyrans_raw_002_006_F4.CSV","reference workbook missing from local extraction"
"EG","Pavlovagyrans","2","6","F5","Flask","True","True","False","EEM+Raman","C:\Users\nhadu\OneDrive - UTS\C3_UTS\Soft_Sensor_Loc\Emilie data\Raw_data\Emilie_SoftSensor\Emilie_SoftSensor\Raw_data_Flask\EEM\EEM_EG_Pavlovagyrans_raw_002_006_F5.csv","C:\Users\nhadu\OneDrive - UTS\C3_UTS\Soft_Sensor_Loc\Emilie data\Raw_data\Emilie_SoftSensor\Emilie_SoftSensor\Raw_data_Flask\Raman\Raman_EG_Pavlovagyrans_raw_002_006_F5.CSV","reference workbook missing from local extraction"
"EG","Pavlovagyrans","2","6","F6","Flask","True","True","False","EEM+Raman","C:\Users\nhadu\OneDrive - UTS\C3_UTS\Soft_Sensor_Loc\Emilie data\Raw_data\Emilie_SoftSensor\Emilie_SoftSensor\Raw_data_Flask\EEM\EEM_EG_Pavlovagyrans_raw_002_006_F6.csv","C:\Users\nhadu\OneDrive - UTS\C3_UTS\Soft_Sensor_Loc\Emilie data\Raw_data\Emilie_SoftSensor\Emilie_SoftSensor\Raw_data_Flask\Raman\Raman_EG_Pavlovagyrans_raw_002_006_F6.CSV","reference workbook missing from local extraction"
"EG","Pavlovagyrans","2","6","F7","Flask","True","True","False","EEM+Raman","C:\Users\nhadu\OneDrive - UTS\C3_UTS\Soft_Sensor_Loc\Emilie data\Raw_data\Emilie_SoftSensor\Emilie_SoftSensor\Raw_data_Flask\EEM\EEM_EG_Pavlovagyrans_raw_002_006_F7.csv","C:\Users\nhadu\OneDrive - UTS\C3_UTS\Soft_Sensor_Loc\Emilie data\Raw_data\Emilie_SoftSensor\Emilie_SoftSensor\Raw_data_Flask\Raman\Raman_EG_Pavlovagyrans_raw_002_006_F7.CSV","reference workbook missing from local extraction"
"EG","Pavlovagyrans","2","6","F8","Flask","True","True","False","EEM+Raman","C:\Users\nhadu\OneDrive - UTS\C3_UTS\Soft_Sensor_Loc\Emilie data\Raw_data\Emilie_SoftSensor\Emilie_SoftSensor\Raw_data_Flask\EEM\EEM_EG_Pavlovagyrans_raw_002_006_F8.csv","C:\Users\nhadu\OneDrive - UTS\C3_UTS\Soft_Sensor_Loc\Emilie data\Raw_data\Emilie_SoftSensor\Emilie_SoftSensor\Raw_data_Flask\Raman\Raman_EG_Pavlovagyrans_raw_002_006_F8.CSV","reference workbook missing from local extraction"
"EG","Pavlovagyrans","2","6","F9","Flask","True","False","False","EEM only","C:\Users\nhadu\OneDrive - UTS\C3_UTS\Soft_Sensor_Loc\Emilie data\Raw_data\Emilie_SoftSensor\Emilie_SoftSensor\Raw_data_Flask\EEM\EEM_EG_Pavlovagyrans_raw_002_006_F9.csv","","reference workbook missing from local extraction"
"EG","Pavlovagyrans","2","7","A1","Flask","True","True","False","EEM+Raman","C:\Users\nhadu\OneDrive - UTS\C3_UTS\Soft_Sensor_Loc\Emilie data\Raw_data\Emilie_SoftSensor\Emilie_SoftSensor\Raw_data_Flask\EEM\EEM_EG_Pavlovagyrans_raw_002_007_A1.csv","C:\Users\nhadu\OneDrive - UTS\C3_UTS\Soft_Sensor_Loc\Emilie data\Raw_data\Emilie_SoftSensor\Emilie_SoftSensor\Raw_data_Flask\Raman\Raman_EG_Pavlovagyrans_raw_002_007_A1.CSV","reference workbook missing from local extraction"
"EG","Pavlovagyrans","2","7","A2","Flask","True","True","False","EEM+Raman","C:\Users\nhadu\OneDrive - UTS\C3_UTS\Soft_Sensor_Loc\Emilie data\Raw_data\Emilie_SoftSensor\Emilie_SoftSensor\Raw_data_Flask\EEM\EEM_EG_Pavlovagyrans_raw_002_007_A2.csv","C:\Users\nhadu\OneDrive - UTS\C3_UTS\Soft_Sensor_Loc\Emilie data\Raw_data\Emilie_SoftSensor\Emilie_SoftSensor\Raw_data_Flask\Raman\Raman_EG_Pavlovagyrans_raw_002_007_A2.CSV","reference workbook missing from local extraction"
"EG","Pavlovagyrans","2","7","A3","Flask","True","True","False","EEM+Raman","C:\Users\nhadu\OneDrive - UTS\C3_UTS\Soft_Sensor_Loc\Emilie data\Raw_data\Emilie_SoftSensor\Emilie_SoftSensor\Raw_data_Flask\EEM\EEM_EG_Pavlovagyrans_raw_002_007_A3.csv","C:\Users\nhadu\OneDrive - UTS\C3_UTS\Soft_Sensor_Loc\Emilie data\Raw_data\Emilie_SoftSensor\Emilie_SoftSensor\Raw_data_Flask\Raman\Raman_EG_Pavlovagyrans_raw_002_007_A3.CSV","reference workbook missing from local extraction"
"EG","Pavlovagyrans","2","7","A4","Flask","True","True","False","EEM+Raman","C:\Users\nhadu\OneDrive - UTS\C3_UTS\Soft_Sensor_Loc\Emilie data\Raw_data\Emilie_SoftSensor\Emilie_SoftSensor\Raw_data_Flask\EEM\EEM_EG_Pavlovagyrans_raw_002_007_A4.csv","C:\Users\nhadu\OneDrive - UTS\C3_UTS\Soft_Sensor_Loc\Emilie data\Raw_data\Emilie_SoftSensor\Emilie_SoftSensor\Raw_data_Flask\Raman\Raman_EG_Pavlovagyrans_raw_002_007_A4.CSV","reference workbook missing from local extraction"
"EG","Pavlovagyrans","2","7","A5","Flask","True","True","False","EEM+Raman","C:\Users\nhadu\OneDrive - UTS\C3_UTS\Soft_Sensor_Loc\Emilie data\Raw_data\Emilie_SoftSensor\Emilie_SoftSensor\Raw_data_Flask\EEM\EEM_EG_Pavlovagyrans_raw_002_007_A5.csv","C:\Users\nhadu\OneDrive - UTS\C3_UTS\Soft_Sensor_Loc\Emilie data\Raw_data\Emilie_SoftSensor\Emilie_SoftSensor\Raw_data_Flask\Raman\Raman_EG_Pavlovagyrans_raw_002_007_A5.CSV","reference workbook missing from local extraction"
"EG","Pavlovagyrans","2","7","A6","Flask","True","True","False","EEM+Raman","C:\Users\nhadu\OneDrive - UTS\C3_UTS\Soft_Sensor_Loc\Emilie data\Raw_data\Emilie_SoftSensor\Emilie_SoftSensor\Raw_data_Flask\EEM\EEM_EG_Pavlovagyrans_raw_002_007_A6.csv","C:\Users\nhadu\OneDrive - UTS\C3_UTS\Soft_Sensor_Loc\Emilie data\Raw_data\Emilie_SoftSensor\Emilie_SoftSensor\Raw_data_Flask\Raman\Raman_EG_Pavlovagyrans_raw_002_007_A6.CSV","reference workbook missing from local extraction"
"EG","Pavlovagyrans","2","7","A7","Flask","True","True","False","EEM+Raman","C:\Users\nhadu\OneDrive - UTS\C3_UTS\Soft_Sensor_Loc\Emilie data\Raw_data\Emilie_SoftSensor\Emilie_SoftSensor\Raw_data_Flask\EEM\EEM_EG_Pavlovagyrans_raw_002_007_A7.csv","C:\Users\nhadu\OneDrive - UTS\C3_UTS\Soft_Sensor_Loc\Emilie data\Raw_data\Emilie_SoftSensor\Emilie_SoftSensor\Raw_data_Flask\Raman\Raman_EG_Pavlovagyrans_raw_002_007_A7.CSV","reference workbook missing from local extraction"
"EG","Pavlovagyrans","2","7","A8","Flask","True","True","False","EEM+Raman","C:\Users\nhadu\OneDrive - UTS\C3_UTS\Soft_Sensor_Loc\Emilie data\Raw_data\Emilie_SoftSensor\Emilie_SoftSensor\Raw_data_Flask\EEM\EEM_EG_Pavlovagyrans_raw_002_007_A8.csv","C:\Users\nhadu\OneDrive - UTS\C3_UTS\Soft_Sensor_Loc\Emilie data\Raw_data\Emilie_SoftSensor\Emilie_SoftSensor\Raw_data_Flask\Raman\Raman_EG_Pavlovagyrans_raw_002_007_A8.CSV","reference workbook missing from local extraction"
"EG","Pavlovagyrans","2","7","B1","Flask","True","True","False","EEM+Raman","C:\Users\nhadu\OneDrive - UTS\C3_UTS\Soft_Sensor_Loc\Emilie data\Raw_data\Emilie_SoftSensor\Emilie_SoftSensor\Raw_data_Flask\EEM\EEM_EG_Pavlovagyrans_raw_002_007_B1.csv","C:\Users\nhadu\OneDrive - UTS\C3_UTS\Soft_Sensor_Loc\Emilie data\Raw_data\Emilie_SoftSensor\Emilie_SoftSensor\Raw_data_Flask\Raman\Raman_EG_Pavlovagyrans_raw_002_007_B1.CSV","reference workbook missing from local extraction"
"EG","Pavlovagyrans","2","7","B2","Flask","True","True","False","EEM+Raman","C:\Users\nhadu\OneDrive - UTS\C3_UTS\Soft_Sensor_Loc\Emilie data\Raw_data\Emilie_SoftSensor\Emilie_SoftSensor\Raw_data_Flask\EEM\EEM_EG_Pavlovagyrans_raw_002_007_B2.csv","C:\Users\nhadu\OneDrive - UTS\C3_UTS\Soft_Sensor_Loc\Emilie data\Raw_data\Emilie_SoftSensor\Emilie_SoftSensor\Raw_data_Flask\Raman\Raman_EG_Pavlovagyrans_raw_002_007_B2.CSV","reference workbook missing from local extraction"
"EG","Pavlovagyrans","2","7","B3","Flask","True","True","False","EEM+Raman","C:\Users\nhadu\OneDrive - UTS\C3_UTS\Soft_Sensor_Loc\Emilie data\Raw_data\Emilie_SoftSensor\Emilie_SoftSensor\Raw_data_Flask\EEM\EEM_EG_Pavlovagyrans_raw_002_007_B3.csv","C:\Users\nhadu\OneDrive - UTS\C3_UTS\Soft_Sensor_Loc\Emilie data\Raw_data\Emilie_SoftSensor\Emilie_SoftSensor\Raw_data_Flask\Raman\Raman_EG_Pavlovagyrans_raw_002_007_B3.CSV","reference workbook missing from local extraction"
"EG","Pavlovagyrans","2","7","B4","Flask","True","True","False","EEM+Raman","C:\Users\nhadu\OneDrive - UTS\C3_UTS\Soft_Sensor_Loc\Emilie data\Raw_data\Emilie_SoftSensor\Emilie_SoftSensor\Raw_data_Flask\EEM\EEM_EG_Pavlovagyrans_raw_002_007_B4.csv","C:\Users\nhadu\OneDrive - UTS\C3_UTS\Soft_Sensor_Loc\Emilie data\Raw_data\Emilie_SoftSensor\Emilie_SoftSensor\Raw_data_Flask\Raman\Raman_EG_Pavlovagyrans_raw_002_007_B4.CSV","reference workbook missing from local extraction"
"EG","Pavlovagyrans","2","7","B5","Flask","True","True","False","EEM+Raman","C:\Users\nhadu\OneDrive - UTS\C3_UTS\Soft_Sensor_Loc\Emilie data\Raw_data\Emilie_SoftSensor\Emilie_SoftSensor\Raw_data_Flask\EEM\EEM_EG_Pavlovagyrans_raw_002_007_B5.csv","C:\Users\nhadu\OneDrive - UTS\C3_UTS\Soft_Sensor_Loc\Emilie data\Raw_data\Emilie_SoftSensor\Emilie_SoftSensor\Raw_data_Flask\Raman\Raman_EG_Pavlovagyrans_raw_002_007_B5.CSV","reference workbook missing from local extraction"
"EG","Pavlovagyrans","2","7","B6","Flask","True","True","False","EEM+Raman","C:\Users\nhadu\OneDrive - UTS\C3_UTS\Soft_Sensor_Loc\Emilie data\Raw_data\Emilie_SoftSensor\Emilie_SoftSensor\Raw_data_Flask\EEM\EEM_EG_Pavlovagyrans_raw_002_007_B6.csv","C:\Users\nhadu\OneDrive - UTS\C3_UTS\Soft_Sensor_Loc\Emilie data\Raw_data\Emilie_SoftSensor\Emilie_SoftSensor\Raw_data_Flask\Raman\Raman_EG_Pavlovagyrans_raw_002_007_B6.CSV","reference workbook missing from local extraction"
"EG","Pavlovagyrans","2","7","B7","Flask","True","True","False","EEM+Raman","C:\Users\nhadu\OneDrive - UTS\C3_UTS\Soft_Sensor_Loc\Emilie data\Raw_data\Emilie_SoftSensor\Emilie_SoftSensor\Raw_data_Flask\EEM\EEM_EG_Pavlovagyrans_raw_002_007_B7.csv","C:\Users\nhadu\OneDrive - UTS\C3_UTS\Soft_Sensor_Loc\Emilie data\Raw_data\Emilie_SoftSensor\Emilie_SoftSensor\Raw_data_Flask\Raman\Raman_EG_Pavlovagyrans_raw_002_007_B7.CSV","reference workbook missing from local extraction"
"EG","Pavlovagyrans","2","7","B8","Flask","True","True","False","EEM+Raman","C:\Users\nhadu\OneDrive - UTS\C3_UTS\Soft_Sensor_Loc\Emilie data\Raw_data\Emilie_SoftSensor\Emilie_SoftSensor\Raw_data_Flask\EEM\EEM_EG_Pavlovagyrans_raw_002_007_B8.csv","C:\Users\nhadu\OneDrive - UTS\C3_UTS\Soft_Sensor_Loc\Emilie data\Raw_data\Emilie_SoftSensor\Emilie_SoftSensor\Raw_data_Flask\Raman\Raman_EG_Pavlovagyrans_raw_002_007_B8.CSV","reference workbook missing from local extraction"
"EG","Pavlovagyrans","2","7","C1","Flask","True","True","False","EEM+Raman","C:\Users\nhadu\OneDrive - UTS\C3_UTS\Soft_Sensor_Loc\Emilie data\Raw_data\Emilie_SoftSensor\Emilie_SoftSensor\Raw_data_Flask\EEM\EEM_EG_Pavlovagyrans_raw_002_007_C1.csv","C:\Users\nhadu\OneDrive - UTS\C3_UTS\Soft_Sensor_Loc\Emilie data\Raw_data\Emilie_SoftSensor\Emilie_SoftSensor\Raw_data_Flask\Raman\Raman_EG_Pavlovagyrans_raw_002_007_C1.CSV","reference workbook missing from local extraction"
"EG","Pavlovagyrans","2","7","C2","Flask","True","True","False","EEM+Raman","C:\Users\nhadu\OneDrive - UTS\C3_UTS\Soft_Sensor_Loc\Emilie data\Raw_data\Emilie_SoftSensor\Emilie_SoftSensor\Raw_data_Flask\EEM\EEM_EG_Pavlovagyrans_raw_002_007_C2.csv","C:\Users\nhadu\OneDrive - UTS\C3_UTS\Soft_Sensor_Loc\Emilie data\Raw_data\Emilie_SoftSensor\Emilie_SoftSensor\Raw_data_Flask\Raman\Raman_EG_Pavlovagyrans_raw_002_007_C2.CSV","reference workbook missing from local extraction"
"EG","Pavlovagyrans","2","7","C3","Flask","True","True","False","EEM+Raman","C:\Users\nhadu\OneDrive - UTS\C3_UTS\Soft_Sensor_Loc\Emilie data\Raw_data\Emilie_SoftSensor\Emilie_SoftSensor\Raw_data_Flask\EEM\EEM_EG_Pavlovagyrans_raw_002_007_C3.csv","C:\Users\nhadu\OneDrive - UTS\C3_UTS\Soft_Sensor_Loc\Emilie data\Raw_data\Emilie_SoftSensor\Emilie_SoftSensor\Raw_data_Flask\Raman\Raman_EG_Pavlovagyrans_raw_002_007_C3.CSV","reference workbook missing from local extraction"
"EG","Pavlovagyrans","2","7","C4","Flask","True","True","False","EEM+Raman","C:\Users\nhadu\OneDrive - UTS\C3_UTS\Soft_Sensor_Loc\Emilie data\Raw_data\Emilie_SoftSensor\Emilie_SoftSensor\Raw_data_Flask\EEM\EEM_EG_Pavlovagyrans_raw_002_007_C4.csv","C:\Users\nhadu\OneDrive - UTS\C3_UTS\Soft_Sensor_Loc\Emilie data\Raw_data\Emilie_SoftSensor\Emilie_SoftSensor\Raw_data_Flask\Raman\Raman_EG_Pavlovagyrans_raw_002_007_C4.CSV","reference workbook missing from local extraction"
"EG","Pavlovagyrans","2","7","C5","Flask","True","True","False","EEM+Raman","C:\Users\nhadu\OneDrive - UTS\C3_UTS\Soft_Sensor_Loc\Emilie data\Raw_data\Emilie_SoftSensor\Emilie_SoftSensor\Raw_data_Flask\EEM\EEM_EG_Pavlovagyrans_raw_002_007_C5.csv","C:\Users\nhadu\OneDrive - UTS\C3_UTS\Soft_Sensor_Loc\Emilie data\Raw_data\Emilie_SoftSensor\Emilie_SoftSensor\Raw_data_Flask\Raman\Raman_EG_Pavlovagyrans_raw_002_007_C5.CSV","reference workbook missing from local extraction"
"EG","Pavlovagyrans","2","7","C6","Flask","True","True","False","EEM+Raman","C:\Users\nhadu\OneDrive - UTS\C3_UTS\Soft_Sensor_Loc\Emilie data\Raw_data\Emilie_SoftSensor\Emilie_SoftSensor\Raw_data_Flask\EEM\EEM_EG_Pavlovagyrans_raw_002_007_C6.csv","C:\Users\nhadu\OneDrive - UTS\C3_UTS\Soft_Sensor_Loc\Emilie data\Raw_data\Emilie_SoftSensor\Emilie_SoftSensor\Raw_data_Flask\Raman\Raman_EG_Pavlovagyrans_raw_002_007_C6.CSV","reference workbook missing from local extraction"
"EG","Pavlovagyrans","2","7","C7","Flask","True","True","False","EEM+Raman","C:\Users\nhadu\OneDrive - UTS\C3_UTS\Soft_Sensor_Loc\Emilie data\Raw_data\Emilie_SoftSensor\Emilie_SoftSensor\Raw_data_Flask\EEM\EEM_EG_Pavlovagyrans_raw_002_007_C7.csv","C:\Users\nhadu\OneDrive - UTS\C3_UTS\Soft_Sensor_Loc\Emilie data\Raw_data\Emilie_SoftSensor\Emilie_SoftSensor\Raw_data_Flask\Raman\Raman_EG_Pavlovagyrans_raw_002_007_C7.CSV","reference workbook missing from local extraction"
"EG","Pavlovagyrans","2","7","C8","Flask","True","True","False","EEM+Raman","C:\Users\nhadu\OneDrive - UTS\C3_UTS\Soft_Sensor_Loc\Emilie data\Raw_data\Emilie_SoftSensor\Emilie_SoftSensor\Raw_data_Flask\EEM\EEM_EG_Pavlovagyrans_raw_002_007_C8.csv","C:\Users\nhadu\OneDrive - UTS\C3_UTS\Soft_Sensor_Loc\Emilie data\Raw_data\Emilie_SoftSensor\Emilie_SoftSensor\Raw_data_Flask\Raman\Raman_EG_Pavlovagyrans_raw_002_007_C8.CSV","reference workbook missing from local extraction"
"EG","Pavlovagyrans","2","7","D1","Flask","True","True","False","EEM+Raman","C:\Users\nhadu\OneDrive - UTS\C3_UTS\Soft_Sensor_Loc\Emilie data\Raw_data\Emilie_SoftSensor\Emilie_SoftSensor\Raw_data_Flask\EEM\EEM_EG_Pavlovagyrans_raw_002_007_D1.csv","C:\Users\nhadu\OneDrive - UTS\C3_UTS\Soft_Sensor_Loc\Emilie data\Raw_data\Emilie_SoftSensor\Emilie_SoftSensor\Raw_data_Flask\Raman\Raman_EG_Pavlovagyrans_raw_002_007_D1.CSV","reference workbook missing from local extraction"
"EG","Pavlovagyrans","2","7","D2","Flask","True","True","False","EEM+Raman","C:\Users\nhadu\OneDrive - UTS\C3_UTS\Soft_Sensor_Loc\Emilie data\Raw_data\Emilie_SoftSensor\Emilie_SoftSensor\Raw_data_Flask\EEM\EEM_EG_Pavlovagyrans_raw_002_007_D2.csv","C:\Users\nhadu\OneDrive - UTS\C3_UTS\Soft_Sensor_Loc\Emilie data\Raw_data\Emilie_SoftSensor\Emilie_SoftSensor\Raw_data_Flask\Raman\Raman_EG_Pavlovagyrans_raw_002_007_D2.CSV","reference workbook missing from local extraction"
"EG","Pavlovagyrans","2","7","D3","Flask","True","True","False","EEM+Raman","C:\Users\nhadu\OneDrive - UTS\C3_UTS\Soft_Sensor_Loc\Emilie data\Raw_data\Emilie_SoftSensor\Emilie_SoftSensor\Raw_data_Flask\EEM\EEM_EG_Pavlovagyrans_raw_002_007_D3.csv","C:\Users\nhadu\OneDrive - UTS\C3_UTS\Soft_Sensor_Loc\Emilie data\Raw_data\Emilie_SoftSensor\Emilie_SoftSensor\Raw_data_Flask\Raman\Raman_EG_Pavlovagyrans_raw_002_007_D3.CSV","reference workbook missing from local extraction"
"EG","Pavlovagyrans","2","7","D4","Flask","True","True","False","EEM+Raman","C:\Users\nhadu\OneDrive - UTS\C3_UTS\Soft_Sensor_Loc\Emilie data\Raw_data\Emilie_SoftSensor\Emilie_SoftSensor\Raw_data_Flask\EEM\EEM_EG_Pavlovagyrans_raw_002_007_D4.csv","C:\Users\nhadu\OneDrive - UTS\C3_UTS\Soft_Sensor_Loc\Emilie data\Raw_data\Emilie_SoftSensor\Emilie_SoftSensor\Raw_data_Flask\Raman\Raman_EG_Pavlovagyrans_raw_002_007_D4.CSV","reference workbook missing from local extraction"
"EG","Pavlovagyrans","2","7","D5","Flask","True","True","False","EEM+Raman","C:\Users\nhadu\OneDrive - UTS\C3_UTS\Soft_Sensor_Loc\Emilie data\Raw_data\Emilie_SoftSensor\Emilie_SoftSensor\Raw_data_Flask\EEM\EEM_EG_Pavlovagyrans_raw_002_007_D5.csv","C:\Users\nhadu\OneDrive - UTS\C3_UTS\Soft_Sensor_Loc\Emilie data\Raw_data\Emilie_SoftSensor\Emilie_SoftSensor\Raw_data_Flask\Raman\Raman_EG_Pavlovagyrans_raw_002_007_D5.CSV","reference workbook missing from local extraction"
"EG","Pavlovagyrans","2","7","D6","Flask","True","True","False","EEM+Raman","C:\Users\nhadu\OneDrive - UTS\C3_UTS\Soft_Sensor_Loc\Emilie data\Raw_data\Emilie_SoftSensor\Emilie_SoftSensor\Raw_data_Flask\EEM\EEM_EG_Pavlovagyrans_raw_002_007_D6.csv","C:\Users\nhadu\OneDrive - UTS\C3_UTS\Soft_Sensor_Loc\Emilie data\Raw_data\Emilie_SoftSensor\Emilie_SoftSensor\Raw_data_Flask\Raman\Raman_EG_Pavlovagyrans_raw_002_007_D6.CSV","reference workbook missing from local extraction"
"EG","Pavlovagyrans","2","7","D7","Flask","True","True","False","EEM+Raman","C:\Users\nhadu\OneDrive - UTS\C3_UTS\Soft_Sensor_Loc\Emilie data\Raw_data\Emilie_SoftSensor\Emilie_SoftSensor\Raw_data_Flask\EEM\EEM_EG_Pavlovagyrans_raw_002_007_D7.csv","C:\Users\nhadu\OneDrive - UTS\C3_UTS\Soft_Sensor_Loc\Emilie data\Raw_data\Emilie_SoftSensor\Emilie_SoftSensor\Raw_data_Flask\Raman\Raman_EG_Pavlovagyrans_raw_002_007_D7.CSV","reference workbook missing from local extraction"
"EG","Pavlovagyrans","2","7","D8","Flask","True","True","False","EEM+Raman","C:\Users\nhadu\OneDrive - UTS\C3_UTS\Soft_Sensor_Loc\Emilie data\Raw_data\Emilie_SoftSensor\Emilie_SoftSensor\Raw_data_Flask\EEM\EEM_EG_Pavlovagyrans_raw_002_007_D8.csv","C:\Users\nhadu\OneDrive - UTS\C3_UTS\Soft_Sensor_Loc\Emilie data\Raw_data\Emilie_SoftSensor\Emilie_SoftSensor\Raw_data_Flask\Raman\Raman_EG_Pavlovagyrans_raw_002_007_D8.CSV","reference workbook missing from local extraction"
"EG","Pavlovagyrans","2","7","E1","Flask","True","True","False","EEM+Raman","C:\Users\nhadu\OneDrive - UTS\C3_UTS\Soft_Sensor_Loc\Emilie data\Raw_data\Emilie_SoftSensor\Emilie_SoftSensor\Raw_data_Flask\EEM\EEM_EG_Pavlovagyrans_raw_002_007_E1.csv","C:\Users\nhadu\OneDrive - UTS\C3_UTS\Soft_Sensor_Loc\Emilie data\Raw_data\Emilie_SoftSensor\Emilie_SoftSensor\Raw_data_Flask\Raman\Raman_EG_Pavlovagyrans_raw_002_007_E1.CSV","reference workbook missing from local extraction"
"EG","Pavlovagyrans","2","7","E2","Flask","True","True","False","EEM+Raman","C:\Users\nhadu\OneDrive - UTS\C3_UTS\Soft_Sensor_Loc\Emilie data\Raw_data\Emilie_SoftSensor\Emilie_SoftSensor\Raw_data_Flask\EEM\EEM_EG_Pavlovagyrans_raw_002_007_E2.csv","C:\Users\nhadu\OneDrive - UTS\C3_UTS\Soft_Sensor_Loc\Emilie data\Raw_data\Emilie_SoftSensor\Emilie_SoftSensor\Raw_data_Flask\Raman\Raman_EG_Pavlovagyrans_raw_002_007_E2.CSV","reference workbook missing from local extraction"
"EG","Pavlovagyrans","2","7","E3","Flask","True","True","False","EEM+Raman","C:\Users\nhadu\OneDrive - UTS\C3_UTS\Soft_Sensor_Loc\Emilie data\Raw_data\Emilie_SoftSensor\Emilie_SoftSensor\Raw_data_Flask\EEM\EEM_EG_Pavlovagyrans_raw_002_007_E3.csv","C:\Users\nhadu\OneDrive - UTS\C3_UTS\Soft_Sensor_Loc\Emilie data\Raw_data\Emilie_SoftSensor\Emilie_SoftSensor\Raw_data_Flask\Raman\Raman_EG_Pavlovagyrans_raw_002_007_E3.CSV","reference workbook missing from local extraction"
"EG","Pavlovagyrans","2","7","E4","Flask","True","True","False","EEM+Raman","C:\Users\nhadu\OneDrive - UTS\C3_UTS\Soft_Sensor_Loc\Emilie data\Raw_data\Emilie_SoftSensor\Emilie_SoftSensor\Raw_data_Flask\EEM\EEM_EG_Pavlovagyrans_raw_002_007_E4.csv","C:\Users\nhadu\OneDrive - UTS\C3_UTS\Soft_Sensor_Loc\Emilie data\Raw_data\Emilie_SoftSensor\Emilie_SoftSensor\Raw_data_Flask\Raman\Raman_EG_Pavlovagyrans_raw_002_007_E4.CSV","reference workbook missing from local extraction"
"EG","Pavlovagyrans","2","7","E5","Flask","True","True","False","EEM+Raman","C:\Users\nhadu\OneDrive - UTS\C3_UTS\Soft_Sensor_Loc\Emilie data\Raw_data\Emilie_SoftSensor\Emilie_SoftSensor\Raw_data_Flask\EEM\EEM_EG_Pavlovagyrans_raw_002_007_E5.csv","C:\Users\nhadu\OneDrive - UTS\C3_UTS\Soft_Sensor_Loc\Emilie data\Raw_data\Emilie_SoftSensor\Emilie_SoftSensor\Raw_data_Flask\Raman\Raman_EG_Pavlovagyrans_raw_002_007_E5.CSV","reference workbook missing from local extraction"
"EG","Pavlovagyrans","2","7","E6","Flask","True","True","False","EEM+Raman","C:\Users\nhadu\OneDrive - UTS\C3_UTS\Soft_Sensor_Loc\Emilie data\Raw_data\Emilie_SoftSensor\Emilie_SoftSensor\Raw_data_Flask\EEM\EEM_EG_Pavlovagyrans_raw_002_007_E6.csv","C:\Users\nhadu\OneDrive - UTS\C3_UTS\Soft_Sensor_Loc\Emilie data\Raw_data\Emilie_SoftSensor\Emilie_SoftSensor\Raw_data_Flask\Raman\Raman_EG_Pavlovagyrans_raw_002_007_E6.CSV","reference workbook missing from local extraction"
"EG","Pavlovagyrans","2","7","E7","Flask","True","True","False","EEM+Raman","C:\Users\nhadu\OneDrive - UTS\C3_UTS\Soft_Sensor_Loc\Emilie data\Raw_data\Emilie_SoftSensor\Emilie_SoftSensor\Raw_data_Flask\EEM\EEM_EG_Pavlovagyrans_raw_002_007_E7.csv","C:\Users\nhadu\OneDrive - UTS\C3_UTS\Soft_Sensor_Loc\Emilie data\Raw_data\Emilie_SoftSensor\Emilie_SoftSensor\Raw_data_Flask\Raman\Raman_EG_Pavlovagyrans_raw_002_007_E7.CSV","reference workbook missing from local extraction"
"EG","Pavlovagyrans","2","7","E8","Flask","True","True","False","EEM+Raman","C:\Users\nhadu\OneDrive - UTS\C3_UTS\Soft_Sensor_Loc\Emilie data\Raw_data\Emilie_SoftSensor\Emilie_SoftSensor\Raw_data_Flask\EEM\EEM_EG_Pavlovagyrans_raw_002_007_E8.csv","C:\Users\nhadu\OneDrive - UTS\C3_UTS\Soft_Sensor_Loc\Emilie data\Raw_data\Emilie_SoftSensor\Emilie_SoftSensor\Raw_data_Flask\Raman\Raman_EG_Pavlovagyrans_raw_002_007_E8.CSV","reference workbook missing from local extraction"
"EG","Pavlovagyrans","2","7","F1","Flask","True","True","False","EEM+Raman","C:\Users\nhadu\OneDrive - UTS\C3_UTS\Soft_Sensor_Loc\Emilie data\Raw_data\Emilie_SoftSensor\Emilie_SoftSensor\Raw_data_Flask\EEM\EEM_EG_Pavlovagyrans_raw_002_007_F1.csv","C:\Users\nhadu\OneDrive - UTS\C3_UTS\Soft_Sensor_Loc\Emilie data\Raw_data\Emilie_SoftSensor\Emilie_SoftSensor\Raw_data_Flask\Raman\Raman_EG_Pavlovagyrans_raw_002_007_F1.CSV","reference workbook missing from local extraction"
"EG","Pavlovagyrans","2","7","F2","Flask","True","True","False","EEM+Raman","C:\Users\nhadu\OneDrive - UTS\C3_UTS\Soft_Sensor_Loc\Emilie data\Raw_data\Emilie_SoftSensor\Emilie_SoftSensor\Raw_data_Flask\EEM\EEM_EG_Pavlovagyrans_raw_002_007_F2.csv","C:\Users\nhadu\OneDrive - UTS\C3_UTS\Soft_Sensor_Loc\Emilie data\Raw_data\Emilie_SoftSensor\Emilie_SoftSensor\Raw_data_Flask\Raman\Raman_EG_Pavlovagyrans_raw_002_007_F2.CSV","reference workbook missing from local extraction"
"EG","Pavlovagyrans","2","7","F3","Flask","True","True","False","EEM+Raman","C:\Users\nhadu\OneDrive - UTS\C3_UTS\Soft_Sensor_Loc\Emilie data\Raw_data\Emilie_SoftSensor\Emilie_SoftSensor\Raw_data_Flask\EEM\EEM_EG_Pavlovagyrans_raw_002_007_F3.csv","C:\Users\nhadu\OneDrive - UTS\C3_UTS\Soft_Sensor_Loc\Emilie data\Raw_data\Emilie_SoftSensor\Emilie_SoftSensor\Raw_data_Flask\Raman\Raman_EG_Pavlovagyrans_raw_002_007_F3.CSV","reference workbook missing from local extraction"
"EG","Pavlovagyrans","2","7","F4","Flask","True","True","False","EEM+Raman","C:\Users\nhadu\OneDrive - UTS\C3_UTS\Soft_Sensor_Loc\Emilie data\Raw_data\Emilie_SoftSensor\Emilie_SoftSensor\Raw_data_Flask\EEM\EEM_EG_Pavlovagyrans_raw_002_007_F4.csv","C:\Users\nhadu\OneDrive - UTS\C3_UTS\Soft_Sensor_Loc\Emilie data\Raw_data\Emilie_SoftSensor\Emilie_SoftSensor\Raw_data_Flask\Raman\Raman_EG_Pavlovagyrans_raw_002_007_F4.CSV","reference workbook missing from local extraction"
"EG","Pavlovagyrans","2","7","F5","Flask","True","True","False","EEM+Raman","C:\Users\nhadu\OneDrive - UTS\C3_UTS\Soft_Sensor_Loc\Emilie data\Raw_data\Emilie_SoftSensor\Emilie_SoftSensor\Raw_data_Flask\EEM\EEM_EG_Pavlovagyrans_raw_002_007_F5.csv","C:\Users\nhadu\OneDrive - UTS\C3_UTS\Soft_Sensor_Loc\Emilie data\Raw_data\Emilie_SoftSensor\Emilie_SoftSensor\Raw_data_Flask\Raman\Raman_EG_Pavlovagyrans_raw_002_007_F5.CSV","reference workbook missing from local extraction"
"EG","Pavlovagyrans","2","7","F6","Flask","True","True","False","EEM+Raman","C:\Users\nhadu\OneDrive - UTS\C3_UTS\Soft_Sensor_Loc\Emilie data\Raw_data\Emilie_SoftSensor\Emilie_SoftSensor\Raw_data_Flask\EEM\EEM_EG_Pavlovagyrans_raw_002_007_F6.csv","C:\Users\nhadu\OneDrive - UTS\C3_UTS\Soft_Sensor_Loc\Emilie data\Raw_data\Emilie_SoftSensor\Emilie_SoftSensor\Raw_data_Flask\Raman\Raman_EG_Pavlovagyrans_raw_002_007_F6.CSV","reference workbook missing from local extraction"
"EG","Pavlovagyrans","2","7","F7","Flask","True","True","False","EEM+Raman","C:\Users\nhadu\OneDrive - UTS\C3_UTS\Soft_Sensor_Loc\Emilie data\Raw_data\Emilie_SoftSensor\Emilie_SoftSensor\Raw_data_Flask\EEM\EEM_EG_Pavlovagyrans_raw_002_007_F7.csv","C:\Users\nhadu\OneDrive - UTS\C3_UTS\Soft_Sensor_Loc\Emilie data\Raw_data\Emilie_SoftSensor\Emilie_SoftSensor\Raw_data_Flask\Raman\Raman_EG_Pavlovagyrans_raw_002_007_F7.CSV","reference workbook missing from local extraction"
"EG","Pavlovagyrans","2","7","F8","Flask","True","True","False","EEM+Raman","C:\Users\nhadu\OneDrive - UTS\C3_UTS\Soft_Sensor_Loc\Emilie data\Raw_data\Emilie_SoftSensor\Emilie_SoftSensor\Raw_data_Flask\EEM\EEM_EG_Pavlovagyrans_raw_002_007_F8.csv","C:\Users\nhadu\OneDrive - UTS\C3_UTS\Soft_Sensor_Loc\Emilie data\Raw_data\Emilie_SoftSensor\Emilie_SoftSensor\Raw_data_Flask\Raman\Raman_EG_Pavlovagyrans_raw_002_007_F8.CSV","reference workbook missing from local extraction"
"EG","Pavlovagyrans","2","8","A1","Flask","True","True","False","EEM+Raman","C:\Users\nhadu\OneDrive - UTS\C3_UTS\Soft_Sensor_Loc\Emilie data\Raw_data\Emilie_SoftSensor\Emilie_SoftSensor\Raw_data_Flask\EEM\EEM_EG_Pavlovagyrans_raw_002_008_A1.csv","C:\Users\nhadu\OneDrive - UTS\C3_UTS\Soft_Sensor_Loc\Emilie data\Raw_data\Emilie_SoftSensor\Emilie_SoftSensor\Raw_data_Flask\Raman\Raman_EG_Pavlovagyrans_raw_002_008_A1.CSV","reference workbook missing from local extraction"
"EG","Pavlovagyrans","2","8","A10","Flask","True","True","False","EEM+Raman","C:\Users\nhadu\OneDrive - UTS\C3_UTS\Soft_Sensor_Loc\Emilie data\Raw_data\Emilie_SoftSensor\Emilie_SoftSensor\Raw_data_Flask\EEM\EEM_EG_Pavlovagyrans_raw_002_008_A10.csv","C:\Users\nhadu\OneDrive - UTS\C3_UTS\Soft_Sensor_Loc\Emilie data\Raw_data\Emilie_SoftSensor\Emilie_SoftSensor\Raw_data_Flask\Raman\Raman_EG_Pavlovagyrans_raw_002_008_A10.CSV","reference workbook missing from local extraction"
"EG","Pavlovagyrans","2","8","A11","Flask","True","True","False","EEM+Raman","C:\Users\nhadu\OneDrive - UTS\C3_UTS\Soft_Sensor_Loc\Emilie data\Raw_data\Emilie_SoftSensor\Emilie_SoftSensor\Raw_data_Flask\EEM\EEM_EG_Pavlovagyrans_raw_002_008_A11.csv","C:\Users\nhadu\OneDrive - UTS\C3_UTS\Soft_Sensor_Loc\Emilie data\Raw_data\Emilie_SoftSensor\Emilie_SoftSensor\Raw_data_Flask\Raman\Raman_EG_Pavlovagyrans_raw_002_008_A11.CSV","reference workbook missing from local extraction"
"EG","Pavlovagyrans","2","8","A2","Flask","True","True","False","EEM+Raman","C:\Users\nhadu\OneDrive - UTS\C3_UTS\Soft_Sensor_Loc\Emilie data\Raw_data\Emilie_SoftSensor\Emilie_SoftSensor\Raw_data_Flask\EEM\EEM_EG_Pavlovagyrans_raw_002_008_A2.csv","C:\Users\nhadu\OneDrive - UTS\C3_UTS\Soft_Sensor_Loc\Emilie data\Raw_data\Emilie_SoftSensor\Emilie_SoftSensor\Raw_data_Flask\Raman\Raman_EG_Pavlovagyrans_raw_002_008_A2.CSV","reference workbook missing from local extraction"
"EG","Pavlovagyrans","2","8","A3","Flask","True","True","False","EEM+Raman","C:\Users\nhadu\OneDrive - UTS\C3_UTS\Soft_Sensor_Loc\Emilie data\Raw_data\Emilie_SoftSensor\Emilie_SoftSensor\Raw_data_Flask\EEM\EEM_EG_Pavlovagyrans_raw_002_008_A3.csv","C:\Users\nhadu\OneDrive - UTS\C3_UTS\Soft_Sensor_Loc\Emilie data\Raw_data\Emilie_SoftSensor\Emilie_SoftSensor\Raw_data_Flask\Raman\Raman_EG_Pavlovagyrans_raw_002_008_A3.CSV","reference workbook missing from local extraction"
"EG","Pavlovagyrans","2","8","A4","Flask","True","True","False","EEM+Raman","C:\Users\nhadu\OneDrive - UTS\C3_UTS\Soft_Sensor_Loc\Emilie data\Raw_data\Emilie_SoftSensor\Emilie_SoftSensor\Raw_data_Flask\EEM\EEM_EG_Pavlovagyrans_raw_002_008_A4.csv","C:\Users\nhadu\OneDrive - UTS\C3_UTS\Soft_Sensor_Loc\Emilie data\Raw_data\Emilie_SoftSensor\Emilie_SoftSensor\Raw_data_Flask\Raman\Raman_EG_Pavlovagyrans_raw_002_008_A4.CSV","reference workbook missing from local extraction"
"EG","Pavlovagyrans","2","8","A5","Flask","True","True","False","EEM+Raman","C:\Users\nhadu\OneDrive - UTS\C3_UTS\Soft_Sensor_Loc\Emilie data\Raw_data\Emilie_SoftSensor\Emilie_SoftSensor\Raw_data_Flask\EEM\EEM_EG_Pavlovagyrans_raw_002_008_A5.csv","C:\Users\nhadu\OneDrive - UTS\C3_UTS\Soft_Sensor_Loc\Emilie data\Raw_data\Emilie_SoftSensor\Emilie_SoftSensor\Raw_data_Flask\Raman\Raman_EG_Pavlovagyrans_raw_002_008_A5.CSV","reference workbook missing from local extraction"
"EG","Pavlovagyrans","2","8","A6","Flask","True","True","False","EEM+Raman","C:\Users\nhadu\OneDrive - UTS\C3_UTS\Soft_Sensor_Loc\Emilie data\Raw_data\Emilie_SoftSensor\Emilie_SoftSensor\Raw_data_Flask\EEM\EEM_EG_Pavlovagyrans_raw_002_008_A6.csv","C:\Users\nhadu\OneDrive - UTS\C3_UTS\Soft_Sensor_Loc\Emilie data\Raw_data\Emilie_SoftSensor\Emilie_SoftSensor\Raw_data_Flask\Raman\Raman_EG_Pavlovagyrans_raw_002_008_A6.CSV","reference workbook missing from local extraction"
"EG","Pavlovagyrans","2","8","A7","Flask","True","True","False","EEM+Raman","C:\Users\nhadu\OneDrive - UTS\C3_UTS\Soft_Sensor_Loc\Emilie data\Raw_data\Emilie_SoftSensor\Emilie_SoftSensor\Raw_data_Flask\EEM\EEM_EG_Pavlovagyrans_raw_002_008_A7.csv","C:\Users\nhadu\OneDrive - UTS\C3_UTS\Soft_Sensor_Loc\Emilie data\Raw_data\Emilie_SoftSensor\Emilie_SoftSensor\Raw_data_Flask\Raman\Raman_EG_Pavlovagyrans_raw_002_008_A7.CSV","reference workbook missing from local extraction"
"EG","Pavlovagyrans","2","8","A8","Flask","True","True","False","EEM+Raman","C:\Users\nhadu\OneDrive - UTS\C3_UTS\Soft_Sensor_Loc\Emilie data\Raw_data\Emilie_SoftSensor\Emilie_SoftSensor\Raw_data_Flask\EEM\EEM_EG_Pavlovagyrans_raw_002_008_A8.csv","C:\Users\nhadu\OneDrive - UTS\C3_UTS\Soft_Sensor_Loc\Emilie data\Raw_data\Emilie_SoftSensor\Emilie_SoftSensor\Raw_data_Flask\Raman\Raman_EG_Pavlovagyrans_raw_002_008_A8.CSV","reference workbook missing from local extraction"
"EG","Pavlovagyrans","2","8","A9","Flask","True","True","False","EEM+Raman","C:\Users\nhadu\OneDrive - UTS\C3_UTS\Soft_Sensor_Loc\Emilie data\Raw_data\Emilie_SoftSensor\Emilie_SoftSensor\Raw_data_Flask\EEM\EEM_EG_Pavlovagyrans_raw_002_008_A9.csv","C:\Users\nhadu\OneDrive - UTS\C3_UTS\Soft_Sensor_Loc\Emilie data\Raw_data\Emilie_SoftSensor\Emilie_SoftSensor\Raw_data_Flask\Raman\Raman_EG_Pavlovagyrans_raw_002_008_A9.CSV","reference workbook missing from local extraction"
"EG","Pavlovagyrans","2","8","B1","Flask","True","True","False","EEM+Raman","C:\Users\nhadu\OneDrive - UTS\C3_UTS\Soft_Sensor_Loc\Emilie data\Raw_data\Emilie_SoftSensor\Emilie_SoftSensor\Raw_data_Flask\EEM\EEM_EG_Pavlovagyrans_raw_002_008_B1.csv","C:\Users\nhadu\OneDrive - UTS\C3_UTS\Soft_Sensor_Loc\Emilie data\Raw_data\Emilie_SoftSensor\Emilie_SoftSensor\Raw_data_Flask\Raman\Raman_EG_Pavlovagyrans_raw_002_008_B1.CSV","reference workbook missing from local extraction"
"EG","Pavlovagyrans","2","8","B10","Flask","True","True","False","EEM+Raman","C:\Users\nhadu\OneDrive - UTS\C3_UTS\Soft_Sensor_Loc\Emilie data\Raw_data\Emilie_SoftSensor\Emilie_SoftSensor\Raw_data_Flask\EEM\EEM_EG_Pavlovagyrans_raw_002_008_B10.csv","C:\Users\nhadu\OneDrive - UTS\C3_UTS\Soft_Sensor_Loc\Emilie data\Raw_data\Emilie_SoftSensor\Emilie_SoftSensor\Raw_data_Flask\Raman\Raman_EG_Pavlovagyrans_raw_002_008_B10.CSV","reference workbook missing from local extraction"
"EG","Pavlovagyrans","2","8","B11","Flask","True","True","False","EEM+Raman","C:\Users\nhadu\OneDrive - UTS\C3_UTS\Soft_Sensor_Loc\Emilie data\Raw_data\Emilie_SoftSensor\Emilie_SoftSensor\Raw_data_Flask\EEM\EEM_EG_Pavlovagyrans_raw_002_008_B11.csv","C:\Users\nhadu\OneDrive - UTS\C3_UTS\Soft_Sensor_Loc\Emilie data\Raw_data\Emilie_SoftSensor\Emilie_SoftSensor\Raw_data_Flask\Raman\Raman_EG_Pavlovagyrans_raw_002_008_B11.CSV","reference workbook missing from local extraction"
"EG","Pavlovagyrans","2","8","B2","Flask","True","True","False","EEM+Raman","C:\Users\nhadu\OneDrive - UTS\C3_UTS\Soft_Sensor_Loc\Emilie data\Raw_data\Emilie_SoftSensor\Emilie_SoftSensor\Raw_data_Flask\EEM\EEM_EG_Pavlovagyrans_raw_002_008_B2.csv","C:\Users\nhadu\OneDrive - UTS\C3_UTS\Soft_Sensor_Loc\Emilie data\Raw_data\Emilie_SoftSensor\Emilie_SoftSensor\Raw_data_Flask\Raman\Raman_EG_Pavlovagyrans_raw_002_008_B2.CSV","reference workbook missing from local extraction"
"EG","Pavlovagyrans","2","8","B3","Flask","True","True","False","EEM+Raman","C:\Users\nhadu\OneDrive - UTS\C3_UTS\Soft_Sensor_Loc\Emilie data\Raw_data\Emilie_SoftSensor\Emilie_SoftSensor\Raw_data_Flask\EEM\EEM_EG_Pavlovagyrans_raw_002_008_B3.csv","C:\Users\nhadu\OneDrive - UTS\C3_UTS\Soft_Sensor_Loc\Emilie data\Raw_data\Emilie_SoftSensor\Emilie_SoftSensor\Raw_data_Flask\Raman\Raman_EG_Pavlovagyrans_raw_002_008_B3.CSV","reference workbook missing from local extraction"
"EG","Pavlovagyrans","2","8","B4","Flask","True","True","False","EEM+Raman","C:\Users\nhadu\OneDrive - UTS\C3_UTS\Soft_Sensor_Loc\Emilie data\Raw_data\Emilie_SoftSensor\Emilie_SoftSensor\Raw_data_Flask\EEM\EEM_EG_Pavlovagyrans_raw_002_008_B4.csv","C:\Users\nhadu\OneDrive - UTS\C3_UTS\Soft_Sensor_Loc\Emilie data\Raw_data\Emilie_SoftSensor\Emilie_SoftSensor\Raw_data_Flask\Raman\Raman_EG_Pavlovagyrans_raw_002_008_B4.CSV","reference workbook missing from local extraction"
"EG","Pavlovagyrans","2","8","B5","Flask","True","True","False","EEM+Raman","C:\Users\nhadu\OneDrive - UTS\C3_UTS\Soft_Sensor_Loc\Emilie data\Raw_data\Emilie_SoftSensor\Emilie_SoftSensor\Raw_data_Flask\EEM\EEM_EG_Pavlovagyrans_raw_002_008_B5.csv","C:\Users\nhadu\OneDrive - UTS\C3_UTS\Soft_Sensor_Loc\Emilie data\Raw_data\Emilie_SoftSensor\Emilie_SoftSensor\Raw_data_Flask\Raman\Raman_EG_Pavlovagyrans_raw_002_008_B5.CSV","reference workbook missing from local extraction"
"EG","Pavlovagyrans","2","8","B6","Flask","True","True","False","EEM+Raman","C:\Users\nhadu\OneDrive - UTS\C3_UTS\Soft_Sensor_Loc\Emilie data\Raw_data\Emilie_SoftSensor\Emilie_SoftSensor\Raw_data_Flask\EEM\EEM_EG_Pavlovagyrans_raw_002_008_B6.csv","C:\Users\nhadu\OneDrive - UTS\C3_UTS\Soft_Sensor_Loc\Emilie data\Raw_data\Emilie_SoftSensor\Emilie_SoftSensor\Raw_data_Flask\Raman\Raman_EG_Pavlovagyrans_raw_002_008_B6.CSV","reference workbook missing from local extraction"
"EG","Pavlovagyrans","2","8","B7","Flask","True","True","False","EEM+Raman","C:\Users\nhadu\OneDrive - UTS\C3_UTS\Soft_Sensor_Loc\Emilie data\Raw_data\Emilie_SoftSensor\Emilie_SoftSensor\Raw_data_Flask\EEM\EEM_EG_Pavlovagyrans_raw_002_008_B7.csv","C:\Users\nhadu\OneDrive - UTS\C3_UTS\Soft_Sensor_Loc\Emilie data\Raw_data\Emilie_SoftSensor\Emilie_SoftSensor\Raw_data_Flask\Raman\Raman_EG_Pavlovagyrans_raw_002_008_B7.CSV","reference workbook missing from local extraction"
"EG","Pavlovagyrans","2","8","B8","Flask","True","True","False","EEM+Raman","C:\Users\nhadu\OneDrive - UTS\C3_UTS\Soft_Sensor_Loc\Emilie data\Raw_data\Emilie_SoftSensor\Emilie_SoftSensor\Raw_data_Flask\EEM\EEM_EG_Pavlovagyrans_raw_002_008_B8.csv","C:\Users\nhadu\OneDrive - UTS\C3_UTS\Soft_Sensor_Loc\Emilie data\Raw_data\Emilie_SoftSensor\Emilie_SoftSensor\Raw_data_Flask\Raman\Raman_EG_Pavlovagyrans_raw_002_008_B8.CSV","reference workbook missing from local extraction"
"EG","Pavlovagyrans","2","8","B9","Flask","True","True","False","EEM+Raman","C:\Users\nhadu\OneDrive - UTS\C3_UTS\Soft_Sensor_Loc\Emilie data\Raw_data\Emilie_SoftSensor\Emilie_SoftSensor\Raw_data_Flask\EEM\EEM_EG_Pavlovagyrans_raw_002_008_B9.csv","C:\Users\nhadu\OneDrive - UTS\C3_UTS\Soft_Sensor_Loc\Emilie data\Raw_data\Emilie_SoftSensor\Emilie_SoftSensor\Raw_data_Flask\Raman\Raman_EG_Pavlovagyrans_raw_002_008_B9.CSV","reference workbook missing from local extraction"
"EG","Pavlovagyrans","2","8","C1","Flask","True","True","False","EEM+Raman","C:\Users\nhadu\OneDrive - UTS\C3_UTS\Soft_Sensor_Loc\Emilie data\Raw_data\Emilie_SoftSensor\Emilie_SoftSensor\Raw_data_Flask\EEM\EEM_EG_Pavlovagyrans_raw_002_008_C1.csv","C:\Users\nhadu\OneDrive - UTS\C3_UTS\Soft_Sensor_Loc\Emilie data\Raw_data\Emilie_SoftSensor\Emilie_SoftSensor\Raw_data_Flask\Raman\Raman_EG_Pavlovagyrans_raw_002_008_C1.CSV","reference workbook missing from local extraction"
"EG","Pavlovagyrans","2","8","C10","Flask","True","True","False","EEM+Raman","C:\Users\nhadu\OneDrive - UTS\C3_UTS\Soft_Sensor_Loc\Emilie data\Raw_data\Emilie_SoftSensor\Emilie_SoftSensor\Raw_data_Flask\EEM\EEM_EG_Pavlovagyrans_raw_002_008_C10.csv","C:\Users\nhadu\OneDrive - UTS\C3_UTS\Soft_Sensor_Loc\Emilie data\Raw_data\Emilie_SoftSensor\Emilie_SoftSensor\Raw_data_Flask\Raman\Raman_EG_Pavlovagyrans_raw_002_008_C10.CSV","reference workbook missing from local extraction"
"EG","Pavlovagyrans","2","8","C11","Flask","True","True","False","EEM+Raman","C:\Users\nhadu\OneDrive - UTS\C3_UTS\Soft_Sensor_Loc\Emilie data\Raw_data\Emilie_SoftSensor\Emilie_SoftSensor\Raw_data_Flask\EEM\EEM_EG_Pavlovagyrans_raw_002_008_C11.csv","C:\Users\nhadu\OneDrive - UTS\C3_UTS\Soft_Sensor_Loc\Emilie data\Raw_data\Emilie_SoftSensor\Emilie_SoftSensor\Raw_data_Flask\Raman\Raman_EG_Pavlovagyrans_raw_002_008_C11.CSV","reference workbook missing from local extraction"
"EG","Pavlovagyrans","2","8","C2","Flask","True","True","False","EEM+Raman","C:\Users\nhadu\OneDrive - UTS\C3_UTS\Soft_Sensor_Loc\Emilie data\Raw_data\Emilie_SoftSensor\Emilie_SoftSensor\Raw_data_Flask\EEM\EEM_EG_Pavlovagyrans_raw_002_008_C2.csv","C:\Users\nhadu\OneDrive - UTS\C3_UTS\Soft_Sensor_Loc\Emilie data\Raw_data\Emilie_SoftSensor\Emilie_SoftSensor\Raw_data_Flask\Raman\Raman_EG_Pavlovagyrans_raw_002_008_C2.CSV","reference workbook missing from local extraction"
"EG","Pavlovagyrans","2","8","C3","Flask","True","True","False","EEM+Raman","C:\Users\nhadu\OneDrive - UTS\C3_UTS\Soft_Sensor_Loc\Emilie data\Raw_data\Emilie_SoftSensor\Emilie_SoftSensor\Raw_data_Flask\EEM\EEM_EG_Pavlovagyrans_raw_002_008_C3.csv","C:\Users\nhadu\OneDrive - UTS\C3_UTS\Soft_Sensor_Loc\Emilie data\Raw_data\Emilie_SoftSensor\Emilie_SoftSensor\Raw_data_Flask\Raman\Raman_EG_Pavlovagyrans_raw_002_008_C3.CSV","reference workbook missing from local extraction"
"EG","Pavlovagyrans","2","8","C4","Flask","True","True","False","EEM+Raman","C:\Users\nhadu\OneDrive - UTS\C3_UTS\Soft_Sensor_Loc\Emilie data\Raw_data\Emilie_SoftSensor\Emilie_SoftSensor\Raw_data_Flask\EEM\EEM_EG_Pavlovagyrans_raw_002_008_C4.csv","C:\Users\nhadu\OneDrive - UTS\C3_UTS\Soft_Sensor_Loc\Emilie data\Raw_data\Emilie_SoftSensor\Emilie_SoftSensor\Raw_data_Flask\Raman\Raman_EG_Pavlovagyrans_raw_002_008_C4.CSV","reference workbook missing from local extraction"
"EG","Pavlovagyrans","2","8","C5","Flask","True","True","False","EEM+Raman","C:\Users\nhadu\OneDrive - UTS\C3_UTS\Soft_Sensor_Loc\Emilie data\Raw_data\Emilie_SoftSensor\Emilie_SoftSensor\Raw_data_Flask\EEM\EEM_EG_Pavlovagyrans_raw_002_008_C5.csv","C:\Users\nhadu\OneDrive - UTS\C3_UTS\Soft_Sensor_Loc\Emilie data\Raw_data\Emilie_SoftSensor\Emilie_SoftSensor\Raw_data_Flask\Raman\Raman_EG_Pavlovagyrans_raw_002_008_C5.CSV","reference workbook missing from local extraction"
"EG","Pavlovagyrans","2","8","C6","Flask","True","True","False","EEM+Raman","C:\Users\nhadu\OneDrive - UTS\C3_UTS\Soft_Sensor_Loc\Emilie data\Raw_data\Emilie_SoftSensor\Emilie_SoftSensor\Raw_data_Flask\EEM\EEM_EG_Pavlovagyrans_raw_002_008_C6.csv","C:\Users\nhadu\OneDrive - UTS\C3_UTS\Soft_Sensor_Loc\Emilie data\Raw_data\Emilie_SoftSensor\Emilie_SoftSensor\Raw_data_Flask\Raman\Raman_EG_Pavlovagyrans_raw_002_008_C6.CSV","reference workbook missing from local extraction"
"EG","Pavlovagyrans","2","8","C7","Flask","True","True","False","EEM+Raman","C:\Users\nhadu\OneDrive - UTS\C3_UTS\Soft_Sensor_Loc\Emilie data\Raw_data\Emilie_SoftSensor\Emilie_SoftSensor\Raw_data_Flask\EEM\EEM_EG_Pavlovagyrans_raw_002_008_C7.csv","C:\Users\nhadu\OneDrive - UTS\C3_UTS\Soft_Sensor_Loc\Emilie data\Raw_data\Emilie_SoftSensor\Emilie_SoftSensor\Raw_data_Flask\Raman\Raman_EG_Pavlovagyrans_raw_002_008_C7.CSV","reference workbook missing from local extraction"
"EG","Pavlovagyrans","2","8","C8","Flask","True","True","False","EEM+Raman","C:\Users\nhadu\OneDrive - UTS\C3_UTS\Soft_Sensor_Loc\Emilie data\Raw_data\Emilie_SoftSensor\Emilie_SoftSensor\Raw_data_Flask\EEM\EEM_EG_Pavlovagyrans_raw_002_008_C8.csv","C:\Users\nhadu\OneDrive - UTS\C3_UTS\Soft_Sensor_Loc\Emilie data\Raw_data\Emilie_SoftSensor\Emilie_SoftSensor\Raw_data_Flask\Raman\Raman_EG_Pavlovagyrans_raw_002_008_C8.CSV","reference workbook missing from local extraction"
"EG","Pavlovagyrans","2","8","C9","Flask","True","True","False","EEM+Raman","C:\Users\nhadu\OneDrive - UTS\C3_UTS\Soft_Sensor_Loc\Emilie data\Raw_data\Emilie_SoftSensor\Emilie_SoftSensor\Raw_data_Flask\EEM\EEM_EG_Pavlovagyrans_raw_002_008_C9.csv","C:\Users\nhadu\OneDrive - UTS\C3_UTS\Soft_Sensor_Loc\Emilie data\Raw_data\Emilie_SoftSensor\Emilie_SoftSensor\Raw_data_Flask\Raman\Raman_EG_Pavlovagyrans_raw_002_008_C9.CSV","reference workbook missing from local extraction"
"EG","Pavlovagyrans","2","8","D1","Flask","True","True","False","EEM+Raman","C:\Users\nhadu\OneDrive - UTS\C3_UTS\Soft_Sensor_Loc\Emilie data\Raw_data\Emilie_SoftSensor\Emilie_SoftSensor\Raw_data_Flask\EEM\EEM_EG_Pavlovagyrans_raw_002_008_D1.csv","C:\Users\nhadu\OneDrive - UTS\C3_UTS\Soft_Sensor_Loc\Emilie data\Raw_data\Emilie_SoftSensor\Emilie_SoftSensor\Raw_data_Flask\Raman\Raman_EG_Pavlovagyrans_raw_002_008_D1.CSV","reference workbook missing from local extraction"
"EG","Pavlovagyrans","2","8","D10","Flask","True","True","False","EEM+Raman","C:\Users\nhadu\OneDrive - UTS\C3_UTS\Soft_Sensor_Loc\Emilie data\Raw_data\Emilie_SoftSensor\Emilie_SoftSensor\Raw_data_Flask\EEM\EEM_EG_Pavlovagyrans_raw_002_008_D10.csv","C:\Users\nhadu\OneDrive - UTS\C3_UTS\Soft_Sensor_Loc\Emilie data\Raw_data\Emilie_SoftSensor\Emilie_SoftSensor\Raw_data_Flask\Raman\Raman_EG_Pavlovagyrans_raw_002_008_D10.CSV","reference workbook missing from local extraction"
"EG","Pavlovagyrans","2","8","D11","Flask","True","True","False","EEM+Raman","C:\Users\nhadu\OneDrive - UTS\C3_UTS\Soft_Sensor_Loc\Emilie data\Raw_data\Emilie_SoftSensor\Emilie_SoftSensor\Raw_data_Flask\EEM\EEM_EG_Pavlovagyrans_raw_002_008_D11.csv","C:\Users\nhadu\OneDrive - UTS\C3_UTS\Soft_Sensor_Loc\Emilie data\Raw_data\Emilie_SoftSensor\Emilie_SoftSensor\Raw_data_Flask\Raman\Raman_EG_Pavlovagyrans_raw_002_008_D11.CSV","reference workbook missing from local extraction"
"EG","Pavlovagyrans","2","8","D2","Flask","True","True","False","EEM+Raman","C:\Users\nhadu\OneDrive - UTS\C3_UTS\Soft_Sensor_Loc\Emilie data\Raw_data\Emilie_SoftSensor\Emilie_SoftSensor\Raw_data_Flask\EEM\EEM_EG_Pavlovagyrans_raw_002_008_D2.csv","C:\Users\nhadu\OneDrive - UTS\C3_UTS\Soft_Sensor_Loc\Emilie data\Raw_data\Emilie_SoftSensor\Emilie_SoftSensor\Raw_data_Flask\Raman\Raman_EG_Pavlovagyrans_raw_002_008_D2.CSV","reference workbook missing from local extraction"
"EG","Pavlovagyrans","2","8","D3","Flask","True","True","False","EEM+Raman","C:\Users\nhadu\OneDrive - UTS\C3_UTS\Soft_Sensor_Loc\Emilie data\Raw_data\Emilie_SoftSensor\Emilie_SoftSensor\Raw_data_Flask\EEM\EEM_EG_Pavlovagyrans_raw_002_008_D3.csv","C:\Users\nhadu\OneDrive - UTS\C3_UTS\Soft_Sensor_Loc\Emilie data\Raw_data\Emilie_SoftSensor\Emilie_SoftSensor\Raw_data_Flask\Raman\Raman_EG_Pavlovagyrans_raw_002_008_D3.CSV","reference workbook missing from local extraction"
"EG","Pavlovagyrans","2","8","D4","Flask","True","True","False","EEM+Raman","C:\Users\nhadu\OneDrive - UTS\C3_UTS\Soft_Sensor_Loc\Emilie data\Raw_data\Emilie_SoftSensor\Emilie_SoftSensor\Raw_data_Flask\EEM\EEM_EG_Pavlovagyrans_raw_002_008_D4.csv","C:\Users\nhadu\OneDrive - UTS\C3_UTS\Soft_Sensor_Loc\Emilie data\Raw_data\Emilie_SoftSensor\Emilie_SoftSensor\Raw_data_Flask\Raman\Raman_EG_Pavlovagyrans_raw_002_008_D4.CSV","reference workbook missing from local extraction"
"EG","Pavlovagyrans","2","8","D5","Flask","True","True","False","EEM+Raman","C:\Users\nhadu\OneDrive - UTS\C3_UTS\Soft_Sensor_Loc\Emilie data\Raw_data\Emilie_SoftSensor\Emilie_SoftSensor\Raw_data_Flask\EEM\EEM_EG_Pavlovagyrans_raw_002_008_D5.csv","C:\Users\nhadu\OneDrive - UTS\C3_UTS\Soft_Sensor_Loc\Emilie data\Raw_data\Emilie_SoftSensor\Emilie_SoftSensor\Raw_data_Flask\Raman\Raman_EG_Pavlovagyrans_raw_002_008_D5.CSV","reference workbook missing from local extraction"
"EG","Pavlovagyrans","2","8","D6","Flask","True","True","False","EEM+Raman","C:\Users\nhadu\OneDrive - UTS\C3_UTS\Soft_Sensor_Loc\Emilie data\Raw_data\Emilie_SoftSensor\Emilie_SoftSensor\Raw_data_Flask\EEM\EEM_EG_Pavlovagyrans_raw_002_008_D6.csv","C:\Users\nhadu\OneDrive - UTS\C3_UTS\Soft_Sensor_Loc\Emilie data\Raw_data\Emilie_SoftSensor\Emilie_SoftSensor\Raw_data_Flask\Raman\Raman_EG_Pavlovagyrans_raw_002_008_D6.CSV","reference workbook missing from local extraction"
"EG","Pavlovagyrans","2","8","D7","Flask","True","True","False","EEM+Raman","C:\Users\nhadu\OneDrive - UTS\C3_UTS\Soft_Sensor_Loc\Emilie data\Raw_data\Emilie_SoftSensor\Emilie_SoftSensor\Raw_data_Flask\EEM\EEM_EG_Pavlovagyrans_raw_002_008_D7.csv","C:\Users\nhadu\OneDrive - UTS\C3_UTS\Soft_Sensor_Loc\Emilie data\Raw_data\Emilie_SoftSensor\Emilie_SoftSensor\Raw_data_Flask\Raman\Raman_EG_Pavlovagyrans_raw_002_008_D7.CSV","reference workbook missing from local extraction"
"EG","Pavlovagyrans","2","8","D8","Flask","True","True","False","EEM+Raman","C:\Users\nhadu\OneDrive - UTS\C3_UTS\Soft_Sensor_Loc\Emilie data\Raw_data\Emilie_SoftSensor\Emilie_SoftSensor\Raw_data_Flask\EEM\EEM_EG_Pavlovagyrans_raw_002_008_D8.csv","C:\Users\nhadu\OneDrive - UTS\C3_UTS\Soft_Sensor_Loc\Emilie data\Raw_data\Emilie_SoftSensor\Emilie_SoftSensor\Raw_data_Flask\Raman\Raman_EG_Pavlovagyrans_raw_002_008_D8.CSV","reference workbook missing from local extraction"
"EG","Pavlovagyrans","2","8","D9","Flask","True","True","False","EEM+Raman","C:\Users\nhadu\OneDrive - UTS\C3_UTS\Soft_Sensor_Loc\Emilie data\Raw_data\Emilie_SoftSensor\Emilie_SoftSensor\Raw_data_Flask\EEM\EEM_EG_Pavlovagyrans_raw_002_008_D9.csv","C:\Users\nhadu\OneDrive - UTS\C3_UTS\Soft_Sensor_Loc\Emilie data\Raw_data\Emilie_SoftSensor\Emilie_SoftSensor\Raw_data_Flask\Raman\Raman_EG_Pavlovagyrans_raw_002_008_D9.CSV","reference workbook missing from local extraction"
"EG","Pavlovagyrans","2","8","E1","Flask","True","True","False","EEM+Raman","C:\Users\nhadu\OneDrive - UTS\C3_UTS\Soft_Sensor_Loc\Emilie data\Raw_data\Emilie_SoftSensor\Emilie_SoftSensor\Raw_data_Flask\EEM\EEM_EG_Pavlovagyrans_raw_002_008_E1.csv","C:\Users\nhadu\OneDrive - UTS\C3_UTS\Soft_Sensor_Loc\Emilie data\Raw_data\Emilie_SoftSensor\Emilie_SoftSensor\Raw_data_Flask\Raman\Raman_EG_Pavlovagyrans_raw_002_008_E1.CSV","reference workbook missing from local extraction"
"EG","Pavlovagyrans","2","8","E10","Flask","True","True","False","EEM+Raman","C:\Users\nhadu\OneDrive - UTS\C3_UTS\Soft_Sensor_Loc\Emilie data\Raw_data\Emilie_SoftSensor\Emilie_SoftSensor\Raw_data_Flask\EEM\EEM_EG_Pavlovagyrans_raw_002_008_E10.csv","C:\Users\nhadu\OneDrive - UTS\C3_UTS\Soft_Sensor_Loc\Emilie data\Raw_data\Emilie_SoftSensor\Emilie_SoftSensor\Raw_data_Flask\Raman\Raman_EG_Pavlovagyrans_raw_002_008_E10.CSV","reference workbook missing from local extraction"
"EG","Pavlovagyrans","2","8","E11","Flask","True","True","False","EEM+Raman","C:\Users\nhadu\OneDrive - UTS\C3_UTS\Soft_Sensor_Loc\Emilie data\Raw_data\Emilie_SoftSensor\Emilie_SoftSensor\Raw_data_Flask\EEM\EEM_EG_Pavlovagyrans_raw_002_008_E11.csv","C:\Users\nhadu\OneDrive - UTS\C3_UTS\Soft_Sensor_Loc\Emilie data\Raw_data\Emilie_SoftSensor\Emilie_SoftSensor\Raw_data_Flask\Raman\Raman_EG_Pavlovagyrans_raw_002_008_E11.CSV","reference workbook missing from local extraction"
"EG","Pavlovagyrans","2","8","E2","Flask","True","True","False","EEM+Raman","C:\Users\nhadu\OneDrive - UTS\C3_UTS\Soft_Sensor_Loc\Emilie data\Raw_data\Emilie_SoftSensor\Emilie_SoftSensor\Raw_data_Flask\EEM\EEM_EG_Pavlovagyrans_raw_002_008_E2.csv","C:\Users\nhadu\OneDrive - UTS\C3_UTS\Soft_Sensor_Loc\Emilie data\Raw_data\Emilie_SoftSensor\Emilie_SoftSensor\Raw_data_Flask\Raman\Raman_EG_Pavlovagyrans_raw_002_008_E2.CSV","reference workbook missing from local extraction"
"EG","Pavlovagyrans","2","8","E3","Flask","True","True","False","EEM+Raman","C:\Users\nhadu\OneDrive - UTS\C3_UTS\Soft_Sensor_Loc\Emilie data\Raw_data\Emilie_SoftSensor\Emilie_SoftSensor\Raw_data_Flask\EEM\EEM_EG_Pavlovagyrans_raw_002_008_E3.csv","C:\Users\nhadu\OneDrive - UTS\C3_UTS\Soft_Sensor_Loc\Emilie data\Raw_data\Emilie_SoftSensor\Emilie_SoftSensor\Raw_data_Flask\Raman\Raman_EG_Pavlovagyrans_raw_002_008_E3.CSV","reference workbook missing from local extraction"
"EG","Pavlovagyrans","2","8","E4","Flask","True","True","False","EEM+Raman","C:\Users\nhadu\OneDrive - UTS\C3_UTS\Soft_Sensor_Loc\Emilie data\Raw_data\Emilie_SoftSensor\Emilie_SoftSensor\Raw_data_Flask\EEM\EEM_EG_Pavlovagyrans_raw_002_008_E4.csv","C:\Users\nhadu\OneDrive - UTS\C3_UTS\Soft_Sensor_Loc\Emilie data\Raw_data\Emilie_SoftSensor\Emilie_SoftSensor\Raw_data_Flask\Raman\Raman_EG_Pavlovagyrans_raw_002_008_E4.CSV","reference workbook missing from local extraction"
"EG","Pavlovagyrans","2","8","E5","Flask","True","True","False","EEM+Raman","C:\Users\nhadu\OneDrive - UTS\C3_UTS\Soft_Sensor_Loc\Emilie data\Raw_data\Emilie_SoftSensor\Emilie_SoftSensor\Raw_data_Flask\EEM\EEM_EG_Pavlovagyrans_raw_002_008_E5.csv","C:\Users\nhadu\OneDrive - UTS\C3_UTS\Soft_Sensor_Loc\Emilie data\Raw_data\Emilie_SoftSensor\Emilie_SoftSensor\Raw_data_Flask\Raman\Raman_EG_Pavlovagyrans_raw_002_008_E5.CSV","reference workbook missing from local extraction"
"EG","Pavlovagyrans","2","8","E6","Flask","True","True","False","EEM+Raman","C:\Users\nhadu\OneDrive - UTS\C3_UTS\Soft_Sensor_Loc\Emilie data\Raw_data\Emilie_SoftSensor\Emilie_SoftSensor\Raw_data_Flask\EEM\EEM_EG_Pavlovagyrans_raw_002_008_E6.csv","C:\Users\nhadu\OneDrive - UTS\C3_UTS\Soft_Sensor_Loc\Emilie data\Raw_data\Emilie_SoftSensor\Emilie_SoftSensor\Raw_data_Flask\Raman\Raman_EG_Pavlovagyrans_raw_002_008_E6.CSV","reference workbook missing from local extraction"
"EG","Pavlovagyrans","2","8","E7","Flask","True","True","False","EEM+Raman","C:\Users\nhadu\OneDrive - UTS\C3_UTS\Soft_Sensor_Loc\Emilie data\Raw_data\Emilie_SoftSensor\Emilie_SoftSensor\Raw_data_Flask\EEM\EEM_EG_Pavlovagyrans_raw_002_008_E7.csv","C:\Users\nhadu\OneDrive - UTS\C3_UTS\Soft_Sensor_Loc\Emilie data\Raw_data\Emilie_SoftSensor\Emilie_SoftSensor\Raw_data_Flask\Raman\Raman_EG_Pavlovagyrans_raw_002_008_E7.CSV","reference workbook missing from local extraction"
"EG","Pavlovagyrans","2","8","E8","Flask","True","True","False","EEM+Raman","C:\Users\nhadu\OneDrive - UTS\C3_UTS\Soft_Sensor_Loc\Emilie data\Raw_data\Emilie_SoftSensor\Emilie_SoftSensor\Raw_data_Flask\EEM\EEM_EG_Pavlovagyrans_raw_002_008_E8.csv","C:\Users\nhadu\OneDrive - UTS\C3_UTS\Soft_Sensor_Loc\Emilie data\Raw_data\Emilie_SoftSensor\Emilie_SoftSensor\Raw_data_Flask\Raman\Raman_EG_Pavlovagyrans_raw_002_008_E8.CSV","reference workbook missing from local extraction"
"EG","Pavlovagyrans","2","8","E9","Flask","True","True","False","EEM+Raman","C:\Users\nhadu\OneDrive - UTS\C3_UTS\Soft_Sensor_Loc\Emilie data\Raw_data\Emilie_SoftSensor\Emilie_SoftSensor\Raw_data_Flask\EEM\EEM_EG_Pavlovagyrans_raw_002_008_E9.csv","C:\Users\nhadu\OneDrive - UTS\C3_UTS\Soft_Sensor_Loc\Emilie data\Raw_data\Emilie_SoftSensor\Emilie_SoftSensor\Raw_data_Flask\Raman\Raman_EG_Pavlovagyrans_raw_002_008_E9.CSV","reference workbook missing from local extraction"
"EG","Pavlovagyrans","2","8","F1","Flask","True","True","False","EEM+Raman","C:\Users\nhadu\OneDrive - UTS\C3_UTS\Soft_Sensor_Loc\Emilie data\Raw_data\Emilie_SoftSensor\Emilie_SoftSensor\Raw_data_Flask\EEM\EEM_EG_Pavlovagyrans_raw_002_008_F1.csv","C:\Users\nhadu\OneDrive - UTS\C3_UTS\Soft_Sensor_Loc\Emilie data\Raw_data\Emilie_SoftSensor\Emilie_SoftSensor\Raw_data_Flask\Raman\Raman_EG_Pavlovagyrans_raw_002_008_F1.CSV","reference workbook missing from local extraction"
"EG","Pavlovagyrans","2","8","F10","Flask","True","True","False","EEM+Raman","C:\Users\nhadu\OneDrive - UTS\C3_UTS\Soft_Sensor_Loc\Emilie data\Raw_data\Emilie_SoftSensor\Emilie_SoftSensor\Raw_data_Flask\EEM\EEM_EG_Pavlovagyrans_raw_002_008_F10.csv","C:\Users\nhadu\OneDrive - UTS\C3_UTS\Soft_Sensor_Loc\Emilie data\Raw_data\Emilie_SoftSensor\Emilie_SoftSensor\Raw_data_Flask\Raman\Raman_EG_Pavlovagyrans_raw_002_008_F10.CSV","reference workbook missing from local extraction"
"EG","Pavlovagyrans","2","8","F11","Flask","True","True","False","EEM+Raman","C:\Users\nhadu\OneDrive - UTS\C3_UTS\Soft_Sensor_Loc\Emilie data\Raw_data\Emilie_SoftSensor\Emilie_SoftSensor\Raw_data_Flask\EEM\EEM_EG_Pavlovagyrans_raw_002_008_F11.csv","C:\Users\nhadu\OneDrive - UTS\C3_UTS\Soft_Sensor_Loc\Emilie data\Raw_data\Emilie_SoftSensor\Emilie_SoftSensor\Raw_data_Flask\Raman\Raman_EG_Pavlovagyrans_raw_002_008_F11.CSV","reference workbook missing from local extraction"
"EG","Pavlovagyrans","2","8","F2","Flask","True","True","False","EEM+Raman","C:\Users\nhadu\OneDrive - UTS\C3_UTS\Soft_Sensor_Loc\Emilie data\Raw_data\Emilie_SoftSensor\Emilie_SoftSensor\Raw_data_Flask\EEM\EEM_EG_Pavlovagyrans_raw_002_008_F2.csv","C:\Users\nhadu\OneDrive - UTS\C3_UTS\Soft_Sensor_Loc\Emilie data\Raw_data\Emilie_SoftSensor\Emilie_SoftSensor\Raw_data_Flask\Raman\Raman_EG_Pavlovagyrans_raw_002_008_F2.CSV","reference workbook missing from local extraction"
"EG","Pavlovagyrans","2","8","F3","Flask","True","True","False","EEM+Raman","C:\Users\nhadu\OneDrive - UTS\C3_UTS\Soft_Sensor_Loc\Emilie data\Raw_data\Emilie_SoftSensor\Emilie_SoftSensor\Raw_data_Flask\EEM\EEM_EG_Pavlovagyrans_raw_002_008_F3.csv","C:\Users\nhadu\OneDrive - UTS\C3_UTS\Soft_Sensor_Loc\Emilie data\Raw_data\Emilie_SoftSensor\Emilie_SoftSensor\Raw_data_Flask\Raman\Raman_EG_Pavlovagyrans_raw_002_008_F3.CSV","reference workbook missing from local extraction"
"EG","Pavlovagyrans","2","8","F4","Flask","True","True","False","EEM+Raman","C:\Users\nhadu\OneDrive - UTS\C3_UTS\Soft_Sensor_Loc\Emilie data\Raw_data\Emilie_SoftSensor\Emilie_SoftSensor\Raw_data_Flask\EEM\EEM_EG_Pavlovagyrans_raw_002_008_F4.csv","C:\Users\nhadu\OneDrive - UTS\C3_UTS\Soft_Sensor_Loc\Emilie data\Raw_data\Emilie_SoftSensor\Emilie_SoftSensor\Raw_data_Flask\Raman\Raman_EG_Pavlovagyrans_raw_002_008_F4.CSV","reference workbook missing from local extraction"
"EG","Pavlovagyrans","2","8","F5","Flask","True","True","False","EEM+Raman","C:\Users\nhadu\OneDrive - UTS\C3_UTS\Soft_Sensor_Loc\Emilie data\Raw_data\Emilie_SoftSensor\Emilie_SoftSensor\Raw_data_Flask\EEM\EEM_EG_Pavlovagyrans_raw_002_008_F5.csv","C:\Users\nhadu\OneDrive - UTS\C3_UTS\Soft_Sensor_Loc\Emilie data\Raw_data\Emilie_SoftSensor\Emilie_SoftSensor\Raw_data_Flask\Raman\Raman_EG_Pavlovagyrans_raw_002_008_F5.CSV","reference workbook missing from local extraction"
"EG","Pavlovagyrans","2","8","F6","Flask","True","True","False","EEM+Raman","C:\Users\nhadu\OneDrive - UTS\C3_UTS\Soft_Sensor_Loc\Emilie data\Raw_data\Emilie_SoftSensor\Emilie_SoftSensor\Raw_data_Flask\EEM\EEM_EG_Pavlovagyrans_raw_002_008_F6.csv","C:\Users\nhadu\OneDrive - UTS\C3_UTS\Soft_Sensor_Loc\Emilie data\Raw_data\Emilie_SoftSensor\Emilie_SoftSensor\Raw_data_Flask\Raman\Raman_EG_Pavlovagyrans_raw_002_008_F6.CSV","reference workbook missing from local extraction"
"EG","Pavlovagyrans","2","8","F7","Flask","True","True","False","EEM+Raman","C:\Users\nhadu\OneDrive - UTS\C3_UTS\Soft_Sensor_Loc\Emilie data\Raw_data\Emilie_SoftSensor\Emilie_SoftSensor\Raw_data_Flask\EEM\EEM_EG_Pavlovagyrans_raw_002_008_F7.csv","C:\Users\nhadu\OneDrive - UTS\C3_UTS\Soft_Sensor_Loc\Emilie data\Raw_data\Emilie_SoftSensor\Emilie_SoftSensor\Raw_data_Flask\Raman\Raman_EG_Pavlovagyrans_raw_002_008_F7.CSV","reference workbook missing from local extraction"
"EG","Pavlovagyrans","2","8","F8","Flask","True","True","False","EEM+Raman","C:\Users\nhadu\OneDrive - UTS\C3_UTS\Soft_Sensor_Loc\Emilie data\Raw_data\Emilie_SoftSensor\Emilie_SoftSensor\Raw_data_Flask\EEM\EEM_EG_Pavlovagyrans_raw_002_008_F8.csv","C:\Users\nhadu\OneDrive - UTS\C3_UTS\Soft_Sensor_Loc\Emilie data\Raw_data\Emilie_SoftSensor\Emilie_SoftSensor\Raw_data_Flask\Raman\Raman_EG_Pavlovagyrans_raw_002_008_F8.CSV","reference workbook missing from local extraction"
"EG","Pavlovagyrans","2","8","F9","Flask","True","True","False","EEM+Raman","C:\Users\nhadu\OneDrive - UTS\C3_UTS\Soft_Sensor_Loc\Emilie data\Raw_data\Emilie_SoftSensor\Emilie_SoftSensor\Raw_data_Flask\EEM\EEM_EG_Pavlovagyrans_raw_002_008_F9.csv","C:\Users\nhadu\OneDrive - UTS\C3_UTS\Soft_Sensor_Loc\Emilie data\Raw_data\Emilie_SoftSensor\Emilie_SoftSensor\Raw_data_Flask\Raman\Raman_EG_Pavlovagyrans_raw_002_008_F9.CSV","reference workbook missing from local extraction"
"EG","Pavlovagyrans","3","1","A1","Flask","True","True","False","EEM+Raman","C:\Users\nhadu\OneDrive - UTS\C3_UTS\Soft_Sensor_Loc\Emilie data\Raw_data\Emilie_SoftSensor\Emilie_SoftSensor\Raw_data_Flask\EEM\EEM_EG_Pavlovagyrans_raw_003_001_A1.csv","C:\Users\nhadu\OneDrive - UTS\C3_UTS\Soft_Sensor_Loc\Emilie data\Raw_data\Emilie_SoftSensor\Emilie_SoftSensor\Raw_data_Flask\Raman\Raman_EG_Pavlovagyrans_raw_003_001_A1.CSV","reference workbook missing from local extraction"
"EG","Pavlovagyrans","3","1","A2","Flask","True","True","False","EEM+Raman","C:\Users\nhadu\OneDrive - UTS\C3_UTS\Soft_Sensor_Loc\Emilie data\Raw_data\Emilie_SoftSensor\Emilie_SoftSensor\Raw_data_Flask\EEM\EEM_EG_Pavlovagyrans_raw_003_001_A2.csv","C:\Users\nhadu\OneDrive - UTS\C3_UTS\Soft_Sensor_Loc\Emilie data\Raw_data\Emilie_SoftSensor\Emilie_SoftSensor\Raw_data_Flask\Raman\Raman_EG_Pavlovagyrans_raw_003_001_A2.CSV","reference workbook missing from local extraction"
"EG","Pavlovagyrans","3","1","A3","Flask","True","True","False","EEM+Raman","C:\Users\nhadu\OneDrive - UTS\C3_UTS\Soft_Sensor_Loc\Emilie data\Raw_data\Emilie_SoftSensor\Emilie_SoftSensor\Raw_data_Flask\EEM\EEM_EG_Pavlovagyrans_raw_003_001_A3.csv","C:\Users\nhadu\OneDrive - UTS\C3_UTS\Soft_Sensor_Loc\Emilie data\Raw_data\Emilie_SoftSensor\Emilie_SoftSensor\Raw_data_Flask\Raman\Raman_EG_Pavlovagyrans_raw_003_001_A3.CSV","reference workbook missing from local extraction"
"EG","Pavlovagyrans","4","1","A1","Plate","True","False","False","EEM only","C:\Users\nhadu\OneDrive - UTS\C3_UTS\Soft_Sensor_Loc\Emilie data\Raw_data\Emilie_SoftSensor\Emilie_SoftSensor\Raw_data_Plate\EEM\EEM_EG_Pavlovagyrans_raw_004_001_A1.csv","","reference workbook missing from local extraction"
"EG","Pavlovagyrans","4","1","A10","Plate","True","False","False","EEM only","C:\Users\nhadu\OneDrive - UTS\C3_UTS\Soft_Sensor_Loc\Emilie data\Raw_data\Emilie_SoftSensor\Emilie_SoftSensor\Raw_data_Plate\EEM\EEM_EG_Pavlovagyrans_raw_004_001_A10.csv","","reference workbook missing from local extraction"
"EG","Pavlovagyrans","4","1","A11","Plate","True","False","False","EEM only","C:\Users\nhadu\OneDrive - UTS\C3_UTS\Soft_Sensor_Loc\Emilie data\Raw_data\Emilie_SoftSensor\Emilie_SoftSensor\Raw_data_Plate\EEM\EEM_EG_Pavlovagyrans_raw_004_001_A11.csv","","reference workbook missing from local extraction"
"EG","Pavlovagyrans","4","1","A2","Plate","True","False","False","EEM only","C:\Users\nhadu\OneDrive - UTS\C3_UTS\Soft_Sensor_Loc\Emilie data\Raw_data\Emilie_SoftSensor\Emilie_SoftSensor\Raw_data_Plate\EEM\EEM_EG_Pavlovagyrans_raw_004_001_A2.csv","","reference workbook missing from local extraction"
"EG","Pavlovagyrans","4","1","A3","Plate","True","False","False","EEM only","C:\Users\nhadu\OneDrive - UTS\C3_UTS\Soft_Sensor_Loc\Emilie data\Raw_data\Emilie_SoftSensor\Emilie_SoftSensor\Raw_data_Plate\EEM\EEM_EG_Pavlovagyrans_raw_004_001_A3.csv","","reference workbook missing from local extraction"
"EG","Pavlovagyrans","4","1","A4","Plate","True","False","False","EEM only","C:\Users\nhadu\OneDrive - UTS\C3_UTS\Soft_Sensor_Loc\Emilie data\Raw_data\Emilie_SoftSensor\Emilie_SoftSensor\Raw_data_Plate\EEM\EEM_EG_Pavlovagyrans_raw_004_001_A4.csv","","reference workbook missing from local extraction"
"EG","Pavlovagyrans","4","1","A5","Plate","True","False","False","EEM only","C:\Users\nhadu\OneDrive - UTS\C3_UTS\Soft_Sensor_Loc\Emilie data\Raw_data\Emilie_SoftSensor\Emilie_SoftSensor\Raw_data_Plate\EEM\EEM_EG_Pavlovagyrans_raw_004_001_A5.csv","","reference workbook missing from local extraction"
"EG","Pavlovagyrans","4","1","A6","Plate","True","False","False","EEM only","C:\Users\nhadu\OneDrive - UTS\C3_UTS\Soft_Sensor_Loc\Emilie data\Raw_data\Emilie_SoftSensor\Emilie_SoftSensor\Raw_data_Plate\EEM\EEM_EG_Pavlovagyrans_raw_004_001_A6.csv","","reference workbook missing from local extraction"
"EG","Pavlovagyrans","4","1","A7","Plate","True","False","False","EEM only","C:\Users\nhadu\OneDrive - UTS\C3_UTS\Soft_Sensor_Loc\Emilie data\Raw_data\Emilie_SoftSensor\Emilie_SoftSensor\Raw_data_Plate\EEM\EEM_EG_Pavlovagyrans_raw_004_001_A7.csv","","reference workbook missing from local extraction"
"EG","Pavlovagyrans","4","1","A8","Plate","True","False","False","EEM only","C:\Users\nhadu\OneDrive - UTS\C3_UTS\Soft_Sensor_Loc\Emilie data\Raw_data\Emilie_SoftSensor\Emilie_SoftSensor\Raw_data_Plate\EEM\EEM_EG_Pavlovagyrans_raw_004_001_A8.csv","","reference workbook missing from local extraction"
"EG","Pavlovagyrans","4","1","A9","Plate","True","False","False","EEM only","C:\Users\nhadu\OneDrive - UTS\C3_UTS\Soft_Sensor_Loc\Emilie data\Raw_data\Emilie_SoftSensor\Emilie_SoftSensor\Raw_data_Plate\EEM\EEM_EG_Pavlovagyrans_raw_004_001_A9.csv","","reference workbook missing from local extraction"
"EG","Pavlovagyrans","4","1","B1","Plate","True","False","False","EEM only","C:\Users\nhadu\OneDrive - UTS\C3_UTS\Soft_Sensor_Loc\Emilie data\Raw_data\Emilie_SoftSensor\Emilie_SoftSensor\Raw_data_Plate\EEM\EEM_EG_Pavlovagyrans_raw_004_001_B1.csv","","reference workbook missing from local extraction"
"EG","Pavlovagyrans","4","1","B10","Plate","True","False","False","EEM only","C:\Users\nhadu\OneDrive - UTS\C3_UTS\Soft_Sensor_Loc\Emilie data\Raw_data\Emilie_SoftSensor\Emilie_SoftSensor\Raw_data_Plate\EEM\EEM_EG_Pavlovagyrans_raw_004_001_B10.csv","","reference workbook missing from local extraction"
"EG","Pavlovagyrans","4","1","B11","Plate","True","False","False","EEM only","C:\Users\nhadu\OneDrive - UTS\C3_UTS\Soft_Sensor_Loc\Emilie data\Raw_data\Emilie_SoftSensor\Emilie_SoftSensor\Raw_data_Plate\EEM\EEM_EG_Pavlovagyrans_raw_004_001_B11.csv","","reference workbook missing from local extraction"
"EG","Pavlovagyrans","4","1","B2","Plate","True","False","False","EEM only","C:\Users\nhadu\OneDrive - UTS\C3_UTS\Soft_Sensor_Loc\Emilie data\Raw_data\Emilie_SoftSensor\Emilie_SoftSensor\Raw_data_Plate\EEM\EEM_EG_Pavlovagyrans_raw_004_001_B2.csv","","reference workbook missing from local extraction"
"EG","Pavlovagyrans","4","1","B3","Plate","True","False","False","EEM only","C:\Users\nhadu\OneDrive - UTS\C3_UTS\Soft_Sensor_Loc\Emilie data\Raw_data\Emilie_SoftSensor\Emilie_SoftSensor\Raw_data_Plate\EEM\EEM_EG_Pavlovagyrans_raw_004_001_B3.csv","","reference workbook missing from local extraction"
"EG","Pavlovagyrans","4","1","B4","Plate","True","False","False","EEM only","C:\Users\nhadu\OneDrive - UTS\C3_UTS\Soft_Sensor_Loc\Emilie data\Raw_data\Emilie_SoftSensor\Emilie_SoftSensor\Raw_data_Plate\EEM\EEM_EG_Pavlovagyrans_raw_004_001_B4.csv","","reference workbook missing from local extraction"
"EG","Pavlovagyrans","4","1","B5","Plate","True","False","False","EEM only","C:\Users\nhadu\OneDrive - UTS\C3_UTS\Soft_Sensor_Loc\Emilie data\Raw_data\Emilie_SoftSensor\Emilie_SoftSensor\Raw_data_Plate\EEM\EEM_EG_Pavlovagyrans_raw_004_001_B5.csv","","reference workbook missing from local extraction"
"EG","Pavlovagyrans","4","1","B6","Plate","True","False","False","EEM only","C:\Users\nhadu\OneDrive - UTS\C3_UTS\Soft_Sensor_Loc\Emilie data\Raw_data\Emilie_SoftSensor\Emilie_SoftSensor\Raw_data_Plate\EEM\EEM_EG_Pavlovagyrans_raw_004_001_B6.csv","","reference workbook missing from local extraction"
"EG","Pavlovagyrans","4","1","B7","Plate","True","False","False","EEM only","C:\Users\nhadu\OneDrive - UTS\C3_UTS\Soft_Sensor_Loc\Emilie data\Raw_data\Emilie_SoftSensor\Emilie_SoftSensor\Raw_data_Plate\EEM\EEM_EG_Pavlovagyrans_raw_004_001_B7.csv","","reference workbook missing from local extraction"
"EG","Pavlovagyrans","4","1","B8","Plate","True","False","False","EEM only","C:\Users\nhadu\OneDrive - UTS\C3_UTS\Soft_Sensor_Loc\Emilie data\Raw_data\Emilie_SoftSensor\Emilie_SoftSensor\Raw_data_Plate\EEM\EEM_EG_Pavlovagyrans_raw_004_001_B8.csv","","reference workbook missing from local extraction"
"EG","Pavlovagyrans","4","1","B9","Plate","True","False","False","EEM only","C:\Users\nhadu\OneDrive - UTS\C3_UTS\Soft_Sensor_Loc\Emilie data\Raw_data\Emilie_SoftSensor\Emilie_SoftSensor\Raw_data_Plate\EEM\EEM_EG_Pavlovagyrans_raw_004_001_B9.csv","","reference workbook missing from local extraction"
"EG","Pavlovagyrans","4","1","C1","Plate","True","False","False","EEM only","C:\Users\nhadu\OneDrive - UTS\C3_UTS\Soft_Sensor_Loc\Emilie data\Raw_data\Emilie_SoftSensor\Emilie_SoftSensor\Raw_data_Plate\EEM\EEM_EG_Pavlovagyrans_raw_004_001_C1.csv","","reference workbook missing from local extraction"
"EG","Pavlovagyrans","4","1","C10","Plate","True","False","False","EEM only","C:\Users\nhadu\OneDrive - UTS\C3_UTS\Soft_Sensor_Loc\Emilie data\Raw_data\Emilie_SoftSensor\Emilie_SoftSensor\Raw_data_Plate\EEM\EEM_EG_Pavlovagyrans_raw_004_001_C10.csv","","reference workbook missing from local extraction"
"EG","Pavlovagyrans","4","1","C11","Plate","True","False","False","EEM only","C:\Users\nhadu\OneDrive - UTS\C3_UTS\Soft_Sensor_Loc\Emilie data\Raw_data\Emilie_SoftSensor\Emilie_SoftSensor\Raw_data_Plate\EEM\EEM_EG_Pavlovagyrans_raw_004_001_C11.csv","","reference workbook missing from local extraction"
"EG","Pavlovagyrans","4","1","C2","Plate","True","False","False","EEM only","C:\Users\nhadu\OneDrive - UTS\C3_UTS\Soft_Sensor_Loc\Emilie data\Raw_data\Emilie_SoftSensor\Emilie_SoftSensor\Raw_data_Plate\EEM\EEM_EG_Pavlovagyrans_raw_004_001_C2.csv","","reference workbook missing from local extraction"
"EG","Pavlovagyrans","4","1","C3","Plate","True","False","False","EEM only","C:\Users\nhadu\OneDrive - UTS\C3_UTS\Soft_Sensor_Loc\Emilie data\Raw_data\Emilie_SoftSensor\Emilie_SoftSensor\Raw_data_Plate\EEM\EEM_EG_Pavlovagyrans_raw_004_001_C3.csv","","reference workbook missing from local extraction"
"EG","Pavlovagyrans","4","1","C4","Plate","True","False","False","EEM only","C:\Users\nhadu\OneDrive - UTS\C3_UTS\Soft_Sensor_Loc\Emilie data\Raw_data\Emilie_SoftSensor\Emilie_SoftSensor\Raw_data_Plate\EEM\EEM_EG_Pavlovagyrans_raw_004_001_C4.csv","","reference workbook missing from local extraction"
"EG","Pavlovagyrans","4","1","C5","Plate","True","False","False","EEM only","C:\Users\nhadu\OneDrive - UTS\C3_UTS\Soft_Sensor_Loc\Emilie data\Raw_data\Emilie_SoftSensor\Emilie_SoftSensor\Raw_data_Plate\EEM\EEM_EG_Pavlovagyrans_raw_004_001_C5.csv","","reference workbook missing from local extraction"
"EG","Pavlovagyrans","4","1","C6","Plate","True","False","False","EEM only","C:\Users\nhadu\OneDrive - UTS\C3_UTS\Soft_Sensor_Loc\Emilie data\Raw_data\Emilie_SoftSensor\Emilie_SoftSensor\Raw_data_Plate\EEM\EEM_EG_Pavlovagyrans_raw_004_001_C6.csv","","reference workbook missing from local extraction"
"EG","Pavlovagyrans","4","1","C7","Plate","True","False","False","EEM only","C:\Users\nhadu\OneDrive - UTS\C3_UTS\Soft_Sensor_Loc\Emilie data\Raw_data\Emilie_SoftSensor\Emilie_SoftSensor\Raw_data_Plate\EEM\EEM_EG_Pavlovagyrans_raw_004_001_C7.csv","","reference workbook missing from local extraction"
"EG","Pavlovagyrans","4","1","C8","Plate","True","False","False","EEM only","C:\Users\nhadu\OneDrive - UTS\C3_UTS\Soft_Sensor_Loc\Emilie data\Raw_data\Emilie_SoftSensor\Emilie_SoftSensor\Raw_data_Plate\EEM\EEM_EG_Pavlovagyrans_raw_004_001_C8.csv","","reference workbook missing from local extraction"
"EG","Pavlovagyrans","4","1","C9","Plate","True","False","False","EEM only","C:\Users\nhadu\OneDrive - UTS\C3_UTS\Soft_Sensor_Loc\Emilie data\Raw_data\Emilie_SoftSensor\Emilie_SoftSensor\Raw_data_Plate\EEM\EEM_EG_Pavlovagyrans_raw_004_001_C9.csv","","reference workbook missing from local extraction"
"EG","Pavlovagyrans","4","1","D1","Plate","True","False","False","EEM only","C:\Users\nhadu\OneDrive - UTS\C3_UTS\Soft_Sensor_Loc\Emilie data\Raw_data\Emilie_SoftSensor\Emilie_SoftSensor\Raw_data_Plate\EEM\EEM_EG_Pavlovagyrans_raw_004_001_D1.csv","","reference workbook missing from local extraction"
"EG","Pavlovagyrans","4","1","D10","Plate","True","False","False","EEM only","C:\Users\nhadu\OneDrive - UTS\C3_UTS\Soft_Sensor_Loc\Emilie data\Raw_data\Emilie_SoftSensor\Emilie_SoftSensor\Raw_data_Plate\EEM\EEM_EG_Pavlovagyrans_raw_004_001_D10.csv","","reference workbook missing from local extraction"
"EG","Pavlovagyrans","4","1","D11","Plate","True","False","False","EEM only","C:\Users\nhadu\OneDrive - UTS\C3_UTS\Soft_Sensor_Loc\Emilie data\Raw_data\Emilie_SoftSensor\Emilie_SoftSensor\Raw_data_Plate\EEM\EEM_EG_Pavlovagyrans_raw_004_001_D11.csv","","reference workbook missing from local extraction"
"EG","Pavlovagyrans","4","1","D2","Plate","True","False","False","EEM only","C:\Users\nhadu\OneDrive - UTS\C3_UTS\Soft_Sensor_Loc\Emilie data\Raw_data\Emilie_SoftSensor\Emilie_SoftSensor\Raw_data_Plate\EEM\EEM_EG_Pavlovagyrans_raw_004_001_D2.csv","","reference workbook missing from local extraction"
"EG","Pavlovagyrans","4","1","D3","Plate","True","False","False","EEM only","C:\Users\nhadu\OneDrive - UTS\C3_UTS\Soft_Sensor_Loc\Emilie data\Raw_data\Emilie_SoftSensor\Emilie_SoftSensor\Raw_data_Plate\EEM\EEM_EG_Pavlovagyrans_raw_004_001_D3.csv","","reference workbook missing from local extraction"
"EG","Pavlovagyrans","4","1","D4","Plate","True","False","False","EEM only","C:\Users\nhadu\OneDrive - UTS\C3_UTS\Soft_Sensor_Loc\Emilie data\Raw_data\Emilie_SoftSensor\Emilie_SoftSensor\Raw_data_Plate\EEM\EEM_EG_Pavlovagyrans_raw_004_001_D4.csv","","reference workbook missing from local extraction"
"EG","Pavlovagyrans","4","1","D5","Plate","True","False","False","EEM only","C:\Users\nhadu\OneDrive - UTS\C3_UTS\Soft_Sensor_Loc\Emilie data\Raw_data\Emilie_SoftSensor\Emilie_SoftSensor\Raw_data_Plate\EEM\EEM_EG_Pavlovagyrans_raw_004_001_D5.csv","","reference workbook missing from local extraction"
"EG","Pavlovagyrans","4","1","D6","Plate","True","False","False","EEM only","C:\Users\nhadu\OneDrive - UTS\C3_UTS\Soft_Sensor_Loc\Emilie data\Raw_data\Emilie_SoftSensor\Emilie_SoftSensor\Raw_data_Plate\EEM\EEM_EG_Pavlovagyrans_raw_004_001_D6.csv","","reference workbook missing from local extraction"
"EG","Pavlovagyrans","4","1","D7","Plate","True","False","False","EEM only","C:\Users\nhadu\OneDrive - UTS\C3_UTS\Soft_Sensor_Loc\Emilie data\Raw_data\Emilie_SoftSensor\Emilie_SoftSensor\Raw_data_Plate\EEM\EEM_EG_Pavlovagyrans_raw_004_001_D7.csv","","reference workbook missing from local extraction"
"EG","Pavlovagyrans","4","1","D8","Plate","True","False","False","EEM only","C:\Users\nhadu\OneDrive - UTS\C3_UTS\Soft_Sensor_Loc\Emilie data\Raw_data\Emilie_SoftSensor\Emilie_SoftSensor\Raw_data_Plate\EEM\EEM_EG_Pavlovagyrans_raw_004_001_D8.csv","","reference workbook missing from local extraction"
"EG","Pavlovagyrans","4","1","D9","Plate","True","False","False","EEM only","C:\Users\nhadu\OneDrive - UTS\C3_UTS\Soft_Sensor_Loc\Emilie data\Raw_data\Emilie_SoftSensor\Emilie_SoftSensor\Raw_data_Plate\EEM\EEM_EG_Pavlovagyrans_raw_004_001_D9.csv","","reference workbook missing from local extraction"
"EG","Pavlovagyrans","4","1","E1","Plate","True","False","False","EEM only","C:\Users\nhadu\OneDrive - UTS\C3_UTS\Soft_Sensor_Loc\Emilie data\Raw_data\Emilie_SoftSensor\Emilie_SoftSensor\Raw_data_Plate\EEM\EEM_EG_Pavlovagyrans_raw_004_001_E1.csv","","reference workbook missing from local extraction"
"EG","Pavlovagyrans","4","1","E10","Plate","True","False","False","EEM only","C:\Users\nhadu\OneDrive - UTS\C3_UTS\Soft_Sensor_Loc\Emilie data\Raw_data\Emilie_SoftSensor\Emilie_SoftSensor\Raw_data_Plate\EEM\EEM_EG_Pavlovagyrans_raw_004_001_E10.csv","","reference workbook missing from local extraction"
"EG","Pavlovagyrans","4","1","E2","Plate","True","False","False","EEM only","C:\Users\nhadu\OneDrive - UTS\C3_UTS\Soft_Sensor_Loc\Emilie data\Raw_data\Emilie_SoftSensor\Emilie_SoftSensor\Raw_data_Plate\EEM\EEM_EG_Pavlovagyrans_raw_004_001_E2.csv","","reference workbook missing from local extraction"
"EG","Pavlovagyrans","4","1","E3","Plate","True","False","False","EEM only","C:\Users\nhadu\OneDrive - UTS\C3_UTS\Soft_Sensor_Loc\Emilie data\Raw_data\Emilie_SoftSensor\Emilie_SoftSensor\Raw_data_Plate\EEM\EEM_EG_Pavlovagyrans_raw_004_001_E3.csv","","reference workbook missing from local extraction"
"EG","Pavlovagyrans","4","1","E4","Plate","True","False","False","EEM only","C:\Users\nhadu\OneDrive - UTS\C3_UTS\Soft_Sensor_Loc\Emilie data\Raw_data\Emilie_SoftSensor\Emilie_SoftSensor\Raw_data_Plate\EEM\EEM_EG_Pavlovagyrans_raw_004_001_E4.csv","","reference workbook missing from local extraction"
"EG","Pavlovagyrans","4","1","E5","Plate","True","False","False","EEM only","C:\Users\nhadu\OneDrive - UTS\C3_UTS\Soft_Sensor_Loc\Emilie data\Raw_data\Emilie_SoftSensor\Emilie_SoftSensor\Raw_data_Plate\EEM\EEM_EG_Pavlovagyrans_raw_004_001_E5.csv","","reference workbook missing from local extraction"
"EG","Pavlovagyrans","4","1","E6","Plate","True","False","False","EEM only","C:\Users\nhadu\OneDrive - UTS\C3_UTS\Soft_Sensor_Loc\Emilie data\Raw_data\Emilie_SoftSensor\Emilie_SoftSensor\Raw_data_Plate\EEM\EEM_EG_Pavlovagyrans_raw_004_001_E6.csv","","reference workbook missing from local extraction"
"EG","Pavlovagyrans","4","1","E7","Plate","True","False","False","EEM only","C:\Users\nhadu\OneDrive - UTS\C3_UTS\Soft_Sensor_Loc\Emilie data\Raw_data\Emilie_SoftSensor\Emilie_SoftSensor\Raw_data_Plate\EEM\EEM_EG_Pavlovagyrans_raw_004_001_E7.csv","","reference workbook missing from local extraction"
"EG","Pavlovagyrans","4","1","E8","Plate","True","False","False","EEM only","C:\Users\nhadu\OneDrive - UTS\C3_UTS\Soft_Sensor_Loc\Emilie data\Raw_data\Emilie_SoftSensor\Emilie_SoftSensor\Raw_data_Plate\EEM\EEM_EG_Pavlovagyrans_raw_004_001_E8.csv","","reference workbook missing from local extraction"
"EG","Pavlovagyrans","4","1","E9","Plate","True","False","False","EEM only","C:\Users\nhadu\OneDrive - UTS\C3_UTS\Soft_Sensor_Loc\Emilie data\Raw_data\Emilie_SoftSensor\Emilie_SoftSensor\Raw_data_Plate\EEM\EEM_EG_Pavlovagyrans_raw_004_001_E9.csv","","reference workbook missing from local extraction"
"EG","Pavlovagyrans","4","1","F1","Plate","True","False","False","EEM only","C:\Users\nhadu\OneDrive - UTS\C3_UTS\Soft_Sensor_Loc\Emilie data\Raw_data\Emilie_SoftSensor\Emilie_SoftSensor\Raw_data_Plate\EEM\EEM_EG_Pavlovagyrans_raw_004_001_F1.csv","","reference workbook missing from local extraction"
"EG","Pavlovagyrans","4","1","F10","Plate","True","False","False","EEM only","C:\Users\nhadu\OneDrive - UTS\C3_UTS\Soft_Sensor_Loc\Emilie data\Raw_data\Emilie_SoftSensor\Emilie_SoftSensor\Raw_data_Plate\EEM\EEM_EG_Pavlovagyrans_raw_004_001_F10.csv","","reference workbook missing from local extraction"
"EG","Pavlovagyrans","4","1","F2","Plate","True","False","False","EEM only","C:\Users\nhadu\OneDrive - UTS\C3_UTS\Soft_Sensor_Loc\Emilie data\Raw_data\Emilie_SoftSensor\Emilie_SoftSensor\Raw_data_Plate\EEM\EEM_EG_Pavlovagyrans_raw_004_001_F2.csv","","reference workbook missing from local extraction"
"EG","Pavlovagyrans","4","1","F3","Plate","True","False","False","EEM only","C:\Users\nhadu\OneDrive - UTS\C3_UTS\Soft_Sensor_Loc\Emilie data\Raw_data\Emilie_SoftSensor\Emilie_SoftSensor\Raw_data_Plate\EEM\EEM_EG_Pavlovagyrans_raw_004_001_F3.csv","","reference workbook missing from local extraction"
"EG","Pavlovagyrans","4","1","F4","Plate","True","False","False","EEM only","C:\Users\nhadu\OneDrive - UTS\C3_UTS\Soft_Sensor_Loc\Emilie data\Raw_data\Emilie_SoftSensor\Emilie_SoftSensor\Raw_data_Plate\EEM\EEM_EG_Pavlovagyrans_raw_004_001_F4.csv","","reference workbook missing from local extraction"
"EG","Pavlovagyrans","4","1","F5","Plate","True","False","False","EEM only","C:\Users\nhadu\OneDrive - UTS\C3_UTS\Soft_Sensor_Loc\Emilie data\Raw_data\Emilie_SoftSensor\Emilie_SoftSensor\Raw_data_Plate\EEM\EEM_EG_Pavlovagyrans_raw_004_001_F5.csv","","reference workbook missing from local extraction"
"EG","Pavlovagyrans","4","1","F6","Plate","True","False","False","EEM only","C:\Users\nhadu\OneDrive - UTS\C3_UTS\Soft_Sensor_Loc\Emilie data\Raw_data\Emilie_SoftSensor\Emilie_SoftSensor\Raw_data_Plate\EEM\EEM_EG_Pavlovagyrans_raw_004_001_F6.csv","","reference workbook missing from local extraction"
"EG","Pavlovagyrans","4","1","F7","Plate","True","False","False","EEM only","C:\Users\nhadu\OneDrive - UTS\C3_UTS\Soft_Sensor_Loc\Emilie data\Raw_data\Emilie_SoftSensor\Emilie_SoftSensor\Raw_data_Plate\EEM\EEM_EG_Pavlovagyrans_raw_004_001_F7.csv","","reference workbook missing from local extraction"
"EG","Pavlovagyrans","4","1","F8","Plate","True","False","False","EEM only","C:\Users\nhadu\OneDrive - UTS\C3_UTS\Soft_Sensor_Loc\Emilie data\Raw_data\Emilie_SoftSensor\Emilie_SoftSensor\Raw_data_Plate\EEM\EEM_EG_Pavlovagyrans_raw_004_001_F8.csv","","reference workbook missing from local extraction"
"EG","Pavlovagyrans","4","1","F9","Plate","True","False","False","EEM only","C:\Users\nhadu\OneDrive - UTS\C3_UTS\Soft_Sensor_Loc\Emilie data\Raw_data\Emilie_SoftSensor\Emilie_SoftSensor\Raw_data_Plate\EEM\EEM_EG_Pavlovagyrans_raw_004_001_F9.csv","","reference workbook missing from local extraction"
"EG","Pavlovagyrans","4","1","G1","Plate","True","False","False","EEM only","C:\Users\nhadu\OneDrive - UTS\C3_UTS\Soft_Sensor_Loc\Emilie data\Raw_data\Emilie_SoftSensor\Emilie_SoftSensor\Raw_data_Plate\EEM\EEM_EG_Pavlovagyrans_raw_004_001_G1.csv","","reference workbook missing from local extraction"
"EG","Pavlovagyrans","4","1","G10","Plate","True","False","False","EEM only","C:\Users\nhadu\OneDrive - UTS\C3_UTS\Soft_Sensor_Loc\Emilie data\Raw_data\Emilie_SoftSensor\Emilie_SoftSensor\Raw_data_Plate\EEM\EEM_EG_Pavlovagyrans_raw_004_001_G10.csv","","reference workbook missing from local extraction"
"EG","Pavlovagyrans","4","1","G2","Plate","True","False","False","EEM only","C:\Users\nhadu\OneDrive - UTS\C3_UTS\Soft_Sensor_Loc\Emilie data\Raw_data\Emilie_SoftSensor\Emilie_SoftSensor\Raw_data_Plate\EEM\EEM_EG_Pavlovagyrans_raw_004_001_G2.csv","","reference workbook missing from local extraction"
"EG","Pavlovagyrans","4","1","G3","Plate","True","False","False","EEM only","C:\Users\nhadu\OneDrive - UTS\C3_UTS\Soft_Sensor_Loc\Emilie data\Raw_data\Emilie_SoftSensor\Emilie_SoftSensor\Raw_data_Plate\EEM\EEM_EG_Pavlovagyrans_raw_004_001_G3.csv","","reference workbook missing from local extraction"
"EG","Pavlovagyrans","4","1","G4","Plate","True","False","False","EEM only","C:\Users\nhadu\OneDrive - UTS\C3_UTS\Soft_Sensor_Loc\Emilie data\Raw_data\Emilie_SoftSensor\Emilie_SoftSensor\Raw_data_Plate\EEM\EEM_EG_Pavlovagyrans_raw_004_001_G4.csv","","reference workbook missing from local extraction"
"EG","Pavlovagyrans","4","1","G5","Plate","True","False","False","EEM only","C:\Users\nhadu\OneDrive - UTS\C3_UTS\Soft_Sensor_Loc\Emilie data\Raw_data\Emilie_SoftSensor\Emilie_SoftSensor\Raw_data_Plate\EEM\EEM_EG_Pavlovagyrans_raw_004_001_G5.csv","","reference workbook missing from local extraction"
"EG","Pavlovagyrans","4","1","G6","Plate","True","False","False","EEM only","C:\Users\nhadu\OneDrive - UTS\C3_UTS\Soft_Sensor_Loc\Emilie data\Raw_data\Emilie_SoftSensor\Emilie_SoftSensor\Raw_data_Plate\EEM\EEM_EG_Pavlovagyrans_raw_004_001_G6.csv","","reference workbook missing from local extraction"
"EG","Pavlovagyrans","4","1","G7","Plate","True","False","False","EEM only","C:\Users\nhadu\OneDrive - UTS\C3_UTS\Soft_Sensor_Loc\Emilie data\Raw_data\Emilie_SoftSensor\Emilie_SoftSensor\Raw_data_Plate\EEM\EEM_EG_Pavlovagyrans_raw_004_001_G7.csv","","reference workbook missing from local extraction"
"EG","Pavlovagyrans","4","1","G8","Plate","True","False","False","EEM only","C:\Users\nhadu\OneDrive - UTS\C3_UTS\Soft_Sensor_Loc\Emilie data\Raw_data\Emilie_SoftSensor\Emilie_SoftSensor\Raw_data_Plate\EEM\EEM_EG_Pavlovagyrans_raw_004_001_G8.csv","","reference workbook missing from local extraction"
"EG","Pavlovagyrans","4","1","G9","Plate","True","False","False","EEM only","C:\Users\nhadu\OneDrive - UTS\C3_UTS\Soft_Sensor_Loc\Emilie data\Raw_data\Emilie_SoftSensor\Emilie_SoftSensor\Raw_data_Plate\EEM\EEM_EG_Pavlovagyrans_raw_004_001_G9.csv","","reference workbook missing from local extraction"
"EG","Pavlovagyrans","4","1","H1","Plate","True","False","False","EEM only","C:\Users\nhadu\OneDrive - UTS\C3_UTS\Soft_Sensor_Loc\Emilie data\Raw_data\Emilie_SoftSensor\Emilie_SoftSensor\Raw_data_Plate\EEM\EEM_EG_Pavlovagyrans_raw_004_001_H1.csv","","reference workbook missing from local extraction"
"EG","Pavlovagyrans","4","1","H10","Plate","True","False","False","EEM only","C:\Users\nhadu\OneDrive - UTS\C3_UTS\Soft_Sensor_Loc\Emilie data\Raw_data\Emilie_SoftSensor\Emilie_SoftSensor\Raw_data_Plate\EEM\EEM_EG_Pavlovagyrans_raw_004_001_H10.csv","","reference workbook missing from local extraction"
"EG","Pavlovagyrans","4","1","H2","Plate","True","False","False","EEM only","C:\Users\nhadu\OneDrive - UTS\C3_UTS\Soft_Sensor_Loc\Emilie data\Raw_data\Emilie_SoftSensor\Emilie_SoftSensor\Raw_data_Plate\EEM\EEM_EG_Pavlovagyrans_raw_004_001_H2.csv","","reference workbook missing from local extraction"
"EG","Pavlovagyrans","4","1","H3","Plate","True","False","False","EEM only","C:\Users\nhadu\OneDrive - UTS\C3_UTS\Soft_Sensor_Loc\Emilie data\Raw_data\Emilie_SoftSensor\Emilie_SoftSensor\Raw_data_Plate\EEM\EEM_EG_Pavlovagyrans_raw_004_001_H3.csv","","reference workbook missing from local extraction"
"EG","Pavlovagyrans","4","1","H4","Plate","True","False","False","EEM only","C:\Users\nhadu\OneDrive - UTS\C3_UTS\Soft_Sensor_Loc\Emilie data\Raw_data\Emilie_SoftSensor\Emilie_SoftSensor\Raw_data_Plate\EEM\EEM_EG_Pavlovagyrans_raw_004_001_H4.csv","","reference workbook missing from local extraction"
"EG","Pavlovagyrans","4","1","H5","Plate","True","False","False","EEM only","C:\Users\nhadu\OneDrive - UTS\C3_UTS\Soft_Sensor_Loc\Emilie data\Raw_data\Emilie_SoftSensor\Emilie_SoftSensor\Raw_data_Plate\EEM\EEM_EG_Pavlovagyrans_raw_004_001_H5.csv","","reference workbook missing from local extraction"
"EG","Pavlovagyrans","4","1","H6","Plate","True","False","False","EEM only","C:\Users\nhadu\OneDrive - UTS\C3_UTS\Soft_Sensor_Loc\Emilie data\Raw_data\Emilie_SoftSensor\Emilie_SoftSensor\Raw_data_Plate\EEM\EEM_EG_Pavlovagyrans_raw_004_001_H6.csv","","reference workbook missing from local extraction"
"EG","Pavlovagyrans","4","1","H7","Plate","True","False","False","EEM only","C:\Users\nhadu\OneDrive - UTS\C3_UTS\Soft_Sensor_Loc\Emilie data\Raw_data\Emilie_SoftSensor\Emilie_SoftSensor\Raw_data_Plate\EEM\EEM_EG_Pavlovagyrans_raw_004_001_H7.csv","","reference workbook missing from local extraction"
"EG","Pavlovagyrans","4","1","H8","Plate","True","False","False","EEM only","C:\Users\nhadu\OneDrive - UTS\C3_UTS\Soft_Sensor_Loc\Emilie data\Raw_data\Emilie_SoftSensor\Emilie_SoftSensor\Raw_data_Plate\EEM\EEM_EG_Pavlovagyrans_raw_004_001_H8.csv","","reference workbook missing from local extraction"
"EG","Pavlovagyrans","4","1","H9","Plate","True","False","False","EEM only","C:\Users\nhadu\OneDrive - UTS\C3_UTS\Soft_Sensor_Loc\Emilie data\Raw_data\Emilie_SoftSensor\Emilie_SoftSensor\Raw_data_Plate\EEM\EEM_EG_Pavlovagyrans_raw_004_001_H9.csv","","reference workbook missing from local extraction"
"EG","Pavlovagyrans","4","2","A1","Plate","True","False","False","EEM only","C:\Users\nhadu\OneDrive - UTS\C3_UTS\Soft_Sensor_Loc\Emilie data\Raw_data\Emilie_SoftSensor\Emilie_SoftSensor\Raw_data_Plate\EEM\EEM_EG_Pavlovagyrans_raw_004_002_A1.csv","","reference workbook missing from local extraction"
"EG","Pavlovagyrans","4","2","A2","Plate","True","False","False","EEM only","C:\Users\nhadu\OneDrive - UTS\C3_UTS\Soft_Sensor_Loc\Emilie data\Raw_data\Emilie_SoftSensor\Emilie_SoftSensor\Raw_data_Plate\EEM\EEM_EG_Pavlovagyrans_raw_004_002_A2.csv","","reference workbook missing from local extraction"
"EG","Pavlovagyrans","4","2","A3","Plate","True","False","False","EEM only","C:\Users\nhadu\OneDrive - UTS\C3_UTS\Soft_Sensor_Loc\Emilie data\Raw_data\Emilie_SoftSensor\Emilie_SoftSensor\Raw_data_Plate\EEM\EEM_EG_Pavlovagyrans_raw_004_002_A3.csv","","reference workbook missing from local extraction"
"EG","Pavlovagyrans","4","2","A4","Plate","True","False","False","EEM only","C:\Users\nhadu\OneDrive - UTS\C3_UTS\Soft_Sensor_Loc\Emilie data\Raw_data\Emilie_SoftSensor\Emilie_SoftSensor\Raw_data_Plate\EEM\EEM_EG_Pavlovagyrans_raw_004_002_A4.csv","","reference workbook missing from local extraction"
"EG","Pavlovagyrans","4","2","A5","Plate","True","False","False","EEM only","C:\Users\nhadu\OneDrive - UTS\C3_UTS\Soft_Sensor_Loc\Emilie data\Raw_data\Emilie_SoftSensor\Emilie_SoftSensor\Raw_data_Plate\EEM\EEM_EG_Pavlovagyrans_raw_004_002_A5.csv","","reference workbook missing from local extraction"
"EG","Pavlovagyrans","4","2","A6","Plate","True","False","False","EEM only","C:\Users\nhadu\OneDrive - UTS\C3_UTS\Soft_Sensor_Loc\Emilie data\Raw_data\Emilie_SoftSensor\Emilie_SoftSensor\Raw_data_Plate\EEM\EEM_EG_Pavlovagyrans_raw_004_002_A6.csv","","reference workbook missing from local extraction"
"EG","Pavlovagyrans","4","2","A7","Plate","True","False","False","EEM only","C:\Users\nhadu\OneDrive - UTS\C3_UTS\Soft_Sensor_Loc\Emilie data\Raw_data\Emilie_SoftSensor\Emilie_SoftSensor\Raw_data_Plate\EEM\EEM_EG_Pavlovagyrans_raw_004_002_A7.csv","","reference workbook missing from local extraction"
"EG","Pavlovagyrans","4","2","A8","Plate","True","False","False","EEM only","C:\Users\nhadu\OneDrive - UTS\C3_UTS\Soft_Sensor_Loc\Emilie data\Raw_data\Emilie_SoftSensor\Emilie_SoftSensor\Raw_data_Plate\EEM\EEM_EG_Pavlovagyrans_raw_004_002_A8.csv","","reference workbook missing from local extraction"
"EG","Pavlovagyrans","4","2","A9","Plate","True","False","False","EEM only","C:\Users\nhadu\OneDrive - UTS\C3_UTS\Soft_Sensor_Loc\Emilie data\Raw_data\Emilie_SoftSensor\Emilie_SoftSensor\Raw_data_Plate\EEM\EEM_EG_Pavlovagyrans_raw_004_002_A9.csv","","reference workbook missing from local extraction"
"EG","Pavlovagyrans","4","2","B1","Plate","True","False","False","EEM only","C:\Users\nhadu\OneDrive - UTS\C3_UTS\Soft_Sensor_Loc\Emilie data\Raw_data\Emilie_SoftSensor\Emilie_SoftSensor\Raw_data_Plate\EEM\EEM_EG_Pavlovagyrans_raw_004_002_B1.csv","","reference workbook missing from local extraction"
"EG","Pavlovagyrans","4","2","B2","Plate","True","False","False","EEM only","C:\Users\nhadu\OneDrive - UTS\C3_UTS\Soft_Sensor_Loc\Emilie data\Raw_data\Emilie_SoftSensor\Emilie_SoftSensor\Raw_data_Plate\EEM\EEM_EG_Pavlovagyrans_raw_004_002_B2.csv","","reference workbook missing from local extraction"
"EG","Pavlovagyrans","4","2","B3","Plate","True","False","False","EEM only","C:\Users\nhadu\OneDrive - UTS\C3_UTS\Soft_Sensor_Loc\Emilie data\Raw_data\Emilie_SoftSensor\Emilie_SoftSensor\Raw_data_Plate\EEM\EEM_EG_Pavlovagyrans_raw_004_002_B3.csv","","reference workbook missing from local extraction"
"EG","Pavlovagyrans","4","2","B4","Plate","True","False","False","EEM only","C:\Users\nhadu\OneDrive - UTS\C3_UTS\Soft_Sensor_Loc\Emilie data\Raw_data\Emilie_SoftSensor\Emilie_SoftSensor\Raw_data_Plate\EEM\EEM_EG_Pavlovagyrans_raw_004_002_B4.csv","","reference workbook missing from local extraction"
"EG","Pavlovagyrans","4","2","B5","Plate","True","False","False","EEM only","C:\Users\nhadu\OneDrive - UTS\C3_UTS\Soft_Sensor_Loc\Emilie data\Raw_data\Emilie_SoftSensor\Emilie_SoftSensor\Raw_data_Plate\EEM\EEM_EG_Pavlovagyrans_raw_004_002_B5.csv","","reference workbook missing from local extraction"
"EG","Pavlovagyrans","4","2","B6","Plate","True","False","False","EEM only","C:\Users\nhadu\OneDrive - UTS\C3_UTS\Soft_Sensor_Loc\Emilie data\Raw_data\Emilie_SoftSensor\Emilie_SoftSensor\Raw_data_Plate\EEM\EEM_EG_Pavlovagyrans_raw_004_002_B6.csv","","reference workbook missing from local extraction"
"EG","Pavlovagyrans","4","2","B7","Plate","True","False","False","EEM only","C:\Users\nhadu\OneDrive - UTS\C3_UTS\Soft_Sensor_Loc\Emilie data\Raw_data\Emilie_SoftSensor\Emilie_SoftSensor\Raw_data_Plate\EEM\EEM_EG_Pavlovagyrans_raw_004_002_B7.csv","","reference workbook missing from local extraction"
"EG","Pavlovagyrans","4","2","B8","Plate","True","False","False","EEM only","C:\Users\nhadu\OneDrive - UTS\C3_UTS\Soft_Sensor_Loc\Emilie data\Raw_data\Emilie_SoftSensor\Emilie_SoftSensor\Raw_data_Plate\EEM\EEM_EG_Pavlovagyrans_raw_004_002_B8.csv","","reference workbook missing from local extraction"
"EG","Pavlovagyrans","4","2","B9","Plate","True","False","False","EEM only","C:\Users\nhadu\OneDrive - UTS\C3_UTS\Soft_Sensor_Loc\Emilie data\Raw_data\Emilie_SoftSensor\Emilie_SoftSensor\Raw_data_Plate\EEM\EEM_EG_Pavlovagyrans_raw_004_002_B9.csv","","reference workbook missing from local extraction"
"EG","Pavlovagyrans","4","2","C1","Plate","True","False","False","EEM only","C:\Users\nhadu\OneDrive - UTS\C3_UTS\Soft_Sensor_Loc\Emilie data\Raw_data\Emilie_SoftSensor\Emilie_SoftSensor\Raw_data_Plate\EEM\EEM_EG_Pavlovagyrans_raw_004_002_C1.csv","","reference workbook missing from local extraction"
"EG","Pavlovagyrans","4","2","C2","Plate","True","False","False","EEM only","C:\Users\nhadu\OneDrive - UTS\C3_UTS\Soft_Sensor_Loc\Emilie data\Raw_data\Emilie_SoftSensor\Emilie_SoftSensor\Raw_data_Plate\EEM\EEM_EG_Pavlovagyrans_raw_004_002_C2.csv","","reference workbook missing from local extraction"
"EG","Pavlovagyrans","4","2","C3","Plate","True","False","False","EEM only","C:\Users\nhadu\OneDrive - UTS\C3_UTS\Soft_Sensor_Loc\Emilie data\Raw_data\Emilie_SoftSensor\Emilie_SoftSensor\Raw_data_Plate\EEM\EEM_EG_Pavlovagyrans_raw_004_002_C3.csv","","reference workbook missing from local extraction"
"EG","Pavlovagyrans","4","2","C4","Plate","True","False","False","EEM only","C:\Users\nhadu\OneDrive - UTS\C3_UTS\Soft_Sensor_Loc\Emilie data\Raw_data\Emilie_SoftSensor\Emilie_SoftSensor\Raw_data_Plate\EEM\EEM_EG_Pavlovagyrans_raw_004_002_C4.csv","","reference workbook missing from local extraction"
"EG","Pavlovagyrans","4","2","C5","Plate","True","False","False","EEM only","C:\Users\nhadu\OneDrive - UTS\C3_UTS\Soft_Sensor_Loc\Emilie data\Raw_data\Emilie_SoftSensor\Emilie_SoftSensor\Raw_data_Plate\EEM\EEM_EG_Pavlovagyrans_raw_004_002_C5.csv","","reference workbook missing from local extraction"
"EG","Pavlovagyrans","4","2","C6","Plate","True","False","False","EEM only","C:\Users\nhadu\OneDrive - UTS\C3_UTS\Soft_Sensor_Loc\Emilie data\Raw_data\Emilie_SoftSensor\Emilie_SoftSensor\Raw_data_Plate\EEM\EEM_EG_Pavlovagyrans_raw_004_002_C6.csv","","reference workbook missing from local extraction"
"EG","Pavlovagyrans","4","2","C7","Plate","True","False","False","EEM only","C:\Users\nhadu\OneDrive - UTS\C3_UTS\Soft_Sensor_Loc\Emilie data\Raw_data\Emilie_SoftSensor\Emilie_SoftSensor\Raw_data_Plate\EEM\EEM_EG_Pavlovagyrans_raw_004_002_C7.csv","","reference workbook missing from local extraction"
"EG","Pavlovagyrans","4","2","C9","Flask","True","False","False","EEM only","C:\Users\nhadu\OneDrive - UTS\C3_UTS\Soft_Sensor_Loc\Emilie data\Raw_data\Emilie_SoftSensor\Emilie_SoftSensor\Raw_data_Flask\EEM\EEM_EG_Pavlovagyrans_raw_004_002_C9.csv","","reference workbook missing from local extraction"
"EG","Pavlovagyrans","4","2","D2","Plate","True","False","False","EEM only","C:\Users\nhadu\OneDrive - UTS\C3_UTS\Soft_Sensor_Loc\Emilie data\Raw_data\Emilie_SoftSensor\Emilie_SoftSensor\Raw_data_Plate\EEM\EEM_EG_Pavlovagyrans_raw_004_002_D2.csv","","reference workbook missing from local extraction"
"EG","Pavlovagyrans","4","2","D3","Plate","True","False","False","EEM only","C:\Users\nhadu\OneDrive - UTS\C3_UTS\Soft_Sensor_Loc\Emilie data\Raw_data\Emilie_SoftSensor\Emilie_SoftSensor\Raw_data_Plate\EEM\EEM_EG_Pavlovagyrans_raw_004_002_D3.csv","","reference workbook missing from local extraction"
"EG","Pavlovagyrans","4","2","D4","Plate","True","False","False","EEM only","C:\Users\nhadu\OneDrive - UTS\C3_UTS\Soft_Sensor_Loc\Emilie data\Raw_data\Emilie_SoftSensor\Emilie_SoftSensor\Raw_data_Plate\EEM\EEM_EG_Pavlovagyrans_raw_004_002_D4.csv","","reference workbook missing from local extraction"
"EG","Pavlovagyrans","4","2","D5","Plate","True","False","False","EEM only","C:\Users\nhadu\OneDrive - UTS\C3_UTS\Soft_Sensor_Loc\Emilie data\Raw_data\Emilie_SoftSensor\Emilie_SoftSensor\Raw_data_Plate\EEM\EEM_EG_Pavlovagyrans_raw_004_002_D5.csv","","reference workbook missing from local extraction"
"EG","Pavlovagyrans","4","2","D6","Plate","True","False","False","EEM only","C:\Users\nhadu\OneDrive - UTS\C3_UTS\Soft_Sensor_Loc\Emilie data\Raw_data\Emilie_SoftSensor\Emilie_SoftSensor\Raw_data_Plate\EEM\EEM_EG_Pavlovagyrans_raw_004_002_D6.csv","","reference workbook missing from local extraction"
"EG","Pavlovagyrans","4","2","D7","Plate","True","False","False","EEM only","C:\Users\nhadu\OneDrive - UTS\C3_UTS\Soft_Sensor_Loc\Emilie data\Raw_data\Emilie_SoftSensor\Emilie_SoftSensor\Raw_data_Plate\EEM\EEM_EG_Pavlovagyrans_raw_004_002_D7.csv","","reference workbook missing from local extraction"
"EG","Pavlovagyrans","4","2","D8","Plate","True","False","False","EEM only","C:\Users\nhadu\OneDrive - UTS\C3_UTS\Soft_Sensor_Loc\Emilie data\Raw_data\Emilie_SoftSensor\Emilie_SoftSensor\Raw_data_Plate\EEM\EEM_EG_Pavlovagyrans_raw_004_002_D8.csv","","reference workbook missing from local extraction"
"EG","Pavlovagyrans","4","2","D9","Flask","True","False","False","EEM only","C:\Users\nhadu\OneDrive - UTS\C3_UTS\Soft_Sensor_Loc\Emilie data\Raw_data\Emilie_SoftSensor\Emilie_SoftSensor\Raw_data_Flask\EEM\EEM_EG_Pavlovagyrans_raw_004_002_D9.csv","","reference workbook missing from local extraction"
"EG","Pavlovagyrans","4","2","E1","Plate","True","False","False","EEM only","C:\Users\nhadu\OneDrive - UTS\C3_UTS\Soft_Sensor_Loc\Emilie data\Raw_data\Emilie_SoftSensor\Emilie_SoftSensor\Raw_data_Plate\EEM\EEM_EG_Pavlovagyrans_raw_004_002_E1.csv","","reference workbook missing from local extraction"
"EG","Pavlovagyrans","4","2","E2","Plate","True","False","False","EEM only","C:\Users\nhadu\OneDrive - UTS\C3_UTS\Soft_Sensor_Loc\Emilie data\Raw_data\Emilie_SoftSensor\Emilie_SoftSensor\Raw_data_Plate\EEM\EEM_EG_Pavlovagyrans_raw_004_002_E2.csv","","reference workbook missing from local extraction"
"EG","Pavlovagyrans","4","2","E3","Plate","True","False","False","EEM only","C:\Users\nhadu\OneDrive - UTS\C3_UTS\Soft_Sensor_Loc\Emilie data\Raw_data\Emilie_SoftSensor\Emilie_SoftSensor\Raw_data_Plate\EEM\EEM_EG_Pavlovagyrans_raw_004_002_E3.csv","","reference workbook missing from local extraction"
"EG","Pavlovagyrans","4","2","E4","Plate","True","False","False","EEM only","C:\Users\nhadu\OneDrive - UTS\C3_UTS\Soft_Sensor_Loc\Emilie data\Raw_data\Emilie_SoftSensor\Emilie_SoftSensor\Raw_data_Plate\EEM\EEM_EG_Pavlovagyrans_raw_004_002_E4.csv","","reference workbook missing from local extraction"
"EG","Pavlovagyrans","4","2","E5","Plate","True","False","False","EEM only","C:\Users\nhadu\OneDrive - UTS\C3_UTS\Soft_Sensor_Loc\Emilie data\Raw_data\Emilie_SoftSensor\Emilie_SoftSensor\Raw_data_Plate\EEM\EEM_EG_Pavlovagyrans_raw_004_002_E5.csv","","reference workbook missing from local extraction"
"EG","Pavlovagyrans","4","2","E6","Plate","True","False","False","EEM only","C:\Users\nhadu\OneDrive - UTS\C3_UTS\Soft_Sensor_Loc\Emilie data\Raw_data\Emilie_SoftSensor\Emilie_SoftSensor\Raw_data_Plate\EEM\EEM_EG_Pavlovagyrans_raw_004_002_E6.csv","","reference workbook missing from local extraction"
"EG","Pavlovagyrans","4","2","E7","Plate","True","False","False","EEM only","C:\Users\nhadu\OneDrive - UTS\C3_UTS\Soft_Sensor_Loc\Emilie data\Raw_data\Emilie_SoftSensor\Emilie_SoftSensor\Raw_data_Plate\EEM\EEM_EG_Pavlovagyrans_raw_004_002_E7.csv","","reference workbook missing from local extraction"
"EG","Pavlovagyrans","4","2","E8","Plate","True","False","False","EEM only","C:\Users\nhadu\OneDrive - UTS\C3_UTS\Soft_Sensor_Loc\Emilie data\Raw_data\Emilie_SoftSensor\Emilie_SoftSensor\Raw_data_Plate\EEM\EEM_EG_Pavlovagyrans_raw_004_002_E8.csv","","reference workbook missing from local extraction"
"EG","Pavlovagyrans","4","2","E9","Flask","True","False","False","EEM only","C:\Users\nhadu\OneDrive - UTS\C3_UTS\Soft_Sensor_Loc\Emilie data\Raw_data\Emilie_SoftSensor\Emilie_SoftSensor\Raw_data_Flask\EEM\EEM_EG_Pavlovagyrans_raw_004_002_E9.csv","","reference workbook missing from local extraction"
"EG","Pavlovagyrans","4","2","F1","Plate","True","False","False","EEM only","C:\Users\nhadu\OneDrive - UTS\C3_UTS\Soft_Sensor_Loc\Emilie data\Raw_data\Emilie_SoftSensor\Emilie_SoftSensor\Raw_data_Plate\EEM\EEM_EG_Pavlovagyrans_raw_004_002_F1.csv","","reference workbook missing from local extraction"
"EG","Pavlovagyrans","4","2","F2","Plate","True","False","False","EEM only","C:\Users\nhadu\OneDrive - UTS\C3_UTS\Soft_Sensor_Loc\Emilie data\Raw_data\Emilie_SoftSensor\Emilie_SoftSensor\Raw_data_Plate\EEM\EEM_EG_Pavlovagyrans_raw_004_002_F2.csv","","reference workbook missing from local extraction"
"EG","Pavlovagyrans","4","2","F3","Plate","True","False","False","EEM only","C:\Users\nhadu\OneDrive - UTS\C3_UTS\Soft_Sensor_Loc\Emilie data\Raw_data\Emilie_SoftSensor\Emilie_SoftSensor\Raw_data_Plate\EEM\EEM_EG_Pavlovagyrans_raw_004_002_F3.csv","","reference workbook missing from local extraction"
"EG","Pavlovagyrans","4","2","F4","Plate","True","False","False","EEM only","C:\Users\nhadu\OneDrive - UTS\C3_UTS\Soft_Sensor_Loc\Emilie data\Raw_data\Emilie_SoftSensor\Emilie_SoftSensor\Raw_data_Plate\EEM\EEM_EG_Pavlovagyrans_raw_004_002_F4.csv","","reference workbook missing from local extraction"
"EG","Pavlovagyrans","4","2","F5","Plate","True","False","False","EEM only","C:\Users\nhadu\OneDrive - UTS\C3_UTS\Soft_Sensor_Loc\Emilie data\Raw_data\Emilie_SoftSensor\Emilie_SoftSensor\Raw_data_Plate\EEM\EEM_EG_Pavlovagyrans_raw_004_002_F5.csv","","reference workbook missing from local extraction"
"EG","Pavlovagyrans","4","2","F7","Plate","True","False","False","EEM only","C:\Users\nhadu\OneDrive - UTS\C3_UTS\Soft_Sensor_Loc\Emilie data\Raw_data\Emilie_SoftSensor\Emilie_SoftSensor\Raw_data_Plate\EEM\EEM_EG_Pavlovagyrans_raw_004_002_F7.csv","","reference workbook missing from local extraction"
"EG","Pavlovagyrans","4","2","F8","Plate","True","False","False","EEM only","C:\Users\nhadu\OneDrive - UTS\C3_UTS\Soft_Sensor_Loc\Emilie data\Raw_data\Emilie_SoftSensor\Emilie_SoftSensor\Raw_data_Plate\EEM\EEM_EG_Pavlovagyrans_raw_004_002_F8.csv","","reference workbook missing from local extraction"
"EG","Pavlovagyrans","4","2","F9","Plate","True","False","False","EEM only","C:\Users\nhadu\OneDrive - UTS\C3_UTS\Soft_Sensor_Loc\Emilie data\Raw_data\Emilie_SoftSensor\Emilie_SoftSensor\Raw_data_Plate\EEM\EEM_EG_Pavlovagyrans_raw_004_002_F9.csv","","reference workbook missing from local extraction"
"EG","Pavlovagyrans","4","2","G1","Plate","True","False","False","EEM only","C:\Users\nhadu\OneDrive - UTS\C3_UTS\Soft_Sensor_Loc\Emilie data\Raw_data\Emilie_SoftSensor\Emilie_SoftSensor\Raw_data_Plate\EEM\EEM_EG_Pavlovagyrans_raw_004_002_G1.csv","","reference workbook missing from local extraction"
"EG","Pavlovagyrans","4","2","G2","Plate","True","False","False","EEM only","C:\Users\nhadu\OneDrive - UTS\C3_UTS\Soft_Sensor_Loc\Emilie data\Raw_data\Emilie_SoftSensor\Emilie_SoftSensor\Raw_data_Plate\EEM\EEM_EG_Pavlovagyrans_raw_004_002_G2.csv","","reference workbook missing from local extraction"
"EG","Pavlovagyrans","4","2","G3","Plate","True","False","False","EEM only","C:\Users\nhadu\OneDrive - UTS\C3_UTS\Soft_Sensor_Loc\Emilie data\Raw_data\Emilie_SoftSensor\Emilie_SoftSensor\Raw_data_Plate\EEM\EEM_EG_Pavlovagyrans_raw_004_002_G3.csv","","reference workbook missing from local extraction"
"EG","Pavlovagyrans","4","2","G4","Plate","True","False","False","EEM only","C:\Users\nhadu\OneDrive - UTS\C3_UTS\Soft_Sensor_Loc\Emilie data\Raw_data\Emilie_SoftSensor\Emilie_SoftSensor\Raw_data_Plate\EEM\EEM_EG_Pavlovagyrans_raw_004_002_G4.csv","","reference workbook missing from local extraction"
"EG","Pavlovagyrans","4","2","G5","Plate","True","False","False","EEM only","C:\Users\nhadu\OneDrive - UTS\C3_UTS\Soft_Sensor_Loc\Emilie data\Raw_data\Emilie_SoftSensor\Emilie_SoftSensor\Raw_data_Plate\EEM\EEM_EG_Pavlovagyrans_raw_004_002_G5.csv","","reference workbook missing from local extraction"
"EG","Pavlovagyrans","4","2","G7","Plate","True","False","False","EEM only","C:\Users\nhadu\OneDrive - UTS\C3_UTS\Soft_Sensor_Loc\Emilie data\Raw_data\Emilie_SoftSensor\Emilie_SoftSensor\Raw_data_Plate\EEM\EEM_EG_Pavlovagyrans_raw_004_002_G7.csv","","reference workbook missing from local extraction"
"EG","Pavlovagyrans","4","2","G8","Plate","True","False","False","EEM only","C:\Users\nhadu\OneDrive - UTS\C3_UTS\Soft_Sensor_Loc\Emilie data\Raw_data\Emilie_SoftSensor\Emilie_SoftSensor\Raw_data_Plate\EEM\EEM_EG_Pavlovagyrans_raw_004_002_G8.csv","","reference workbook missing from local extraction"
"EG","Pavlovagyrans","4","2","G9","Plate","True","False","False","EEM only","C:\Users\nhadu\OneDrive - UTS\C3_UTS\Soft_Sensor_Loc\Emilie data\Raw_data\Emilie_SoftSensor\Emilie_SoftSensor\Raw_data_Plate\EEM\EEM_EG_Pavlovagyrans_raw_004_002_G9.csv","","reference workbook missing from local extraction"
"EG","Pavlovagyrans","4","2","H1","Plate","True","False","False","EEM only","C:\Users\nhadu\OneDrive - UTS\C3_UTS\Soft_Sensor_Loc\Emilie data\Raw_data\Emilie_SoftSensor\Emilie_SoftSensor\Raw_data_Plate\EEM\EEM_EG_Pavlovagyrans_raw_004_002_H1.csv","","reference workbook missing from local extraction"
"EG","Pavlovagyrans","4","2","H2","Plate","True","False","False","EEM only","C:\Users\nhadu\OneDrive - UTS\C3_UTS\Soft_Sensor_Loc\Emilie data\Raw_data\Emilie_SoftSensor\Emilie_SoftSensor\Raw_data_Plate\EEM\EEM_EG_Pavlovagyrans_raw_004_002_H2.csv","","reference workbook missing from local extraction"
"EG","Pavlovagyrans","4","2","H3","Plate","True","False","False","EEM only","C:\Users\nhadu\OneDrive - UTS\C3_UTS\Soft_Sensor_Loc\Emilie data\Raw_data\Emilie_SoftSensor\Emilie_SoftSensor\Raw_data_Plate\EEM\EEM_EG_Pavlovagyrans_raw_004_002_H3.csv","","reference workbook missing from local extraction"
"EG","Pavlovagyrans","4","2","H4","Plate","True","False","False","EEM only","C:\Users\nhadu\OneDrive - UTS\C3_UTS\Soft_Sensor_Loc\Emilie data\Raw_data\Emilie_SoftSensor\Emilie_SoftSensor\Raw_data_Plate\EEM\EEM_EG_Pavlovagyrans_raw_004_002_H4.csv","","reference workbook missing from local extraction"
"EG","Pavlovagyrans","4","2","H5","Plate","True","False","False","EEM only","C:\Users\nhadu\OneDrive - UTS\C3_UTS\Soft_Sensor_Loc\Emilie data\Raw_data\Emilie_SoftSensor\Emilie_SoftSensor\Raw_data_Plate\EEM\EEM_EG_Pavlovagyrans_raw_004_002_H5.csv","","reference workbook missing from local extraction"
"EG","Pavlovagyrans","4","2","H7","Plate","True","False","False","EEM only","C:\Users\nhadu\OneDrive - UTS\C3_UTS\Soft_Sensor_Loc\Emilie data\Raw_data\Emilie_SoftSensor\Emilie_SoftSensor\Raw_data_Plate\EEM\EEM_EG_Pavlovagyrans_raw_004_002_H7.csv","","reference workbook missing from local extraction"
"EG","Pavlovagyrans","4","2","H8","Plate","True","False","False","EEM only","C:\Users\nhadu\OneDrive - UTS\C3_UTS\Soft_Sensor_Loc\Emilie data\Raw_data\Emilie_SoftSensor\Emilie_SoftSensor\Raw_data_Plate\EEM\EEM_EG_Pavlovagyrans_raw_004_002_H8.csv","","reference workbook missing from local extraction"
"EG","Pavlovagyrans","4","2","H9","Plate","True","False","False","EEM only","C:\Users\nhadu\OneDrive - UTS\C3_UTS\Soft_Sensor_Loc\Emilie data\Raw_data\Emilie_SoftSensor\Emilie_SoftSensor\Raw_data_Plate\EEM\EEM_EG_Pavlovagyrans_raw_004_002_H9.csv","","reference workbook missing from local extraction"
