feature_strategy,model_category,model,config,split,n_samples,n_train,n_test,n_features_raw,n_features_selected,rmse,mae,r2,status
EEM interpretable,Statistics,Mean baseline,mean,0,148,111,37,16,12,0.3314980398280951,0.28472364256148047,-0.11812591500314462,ok
EEM interpretable,Statistics,Linear regression,ols,0,148,111,37,16,16,0.35801690757652077,0.28013108149873145,-0.304174960649398,ok
EEM interpretable,Statistics,Ridge,alpha=10,0,148,111,37,16,16,0.36539481034227805,0.3116470806973645,-0.35848089001421,ok
EEM interpretable,Statistics,Lasso,alpha=0.001,0,148,111,37,16,16,0.36254035307356863,0.2911990865002159,-0.337338940636319,ok
EEM interpretable,Statistics,Elastic Net,"alpha=0.001,l1_ratio=0.2",0,148,111,37,16,16,0.3593507862923588,0.2846941617298004,-0.31391110358769336,ok
EEM interpretable,Chemometrics,PLSR,n_components=2,0,148,111,37,16,16,0.3731018838462673,0.3201424679126026,-0.41639266022532095,ok
EEM interpretable,Chemometrics,PLSR,n_components=5,0,148,111,37,16,16,0.3618744738556455,0.2914483939768206,-0.3324308612884028,ok
EEM interpretable,Chemometrics,PCR + Ridge,n_components=5,0,148,111,37,16,16,0.3788277703762703,0.3271374039853291,-0.4602001868764469,ok
EEM interpretable,ML,SVR linear,"C=1,epsilon=0.05",0,148,111,37,16,16,0.32606489077445394,0.1603071273936984,-0.08177480089656841,ok
EEM interpretable,ML,SVR RBF,"C=10,epsilon=0.05",0,148,111,37,16,16,0.39448423709340874,0.2515306613003189,-0.5833907091969657,ok
EEM interpretable,ML,Weighted kNN,"k=3,distance",0,148,111,37,16,16,0.38197899932653767,0.23400028728930608,-0.4845941919518406,ok
EEM interpretable,ML,Kernel ridge,"rbf,alpha=0.1",0,148,111,37,16,16,0.3670493093666209,0.2602873477534374,-0.37081108078367153,ok
EEM interpretable,ML,Random forest,"n=250,max_depth=4",0,148,111,37,16,16,0.3972391885632449,0.26192595023669873,-0.6055837203724594,ok
EEM interpretable,ML,Extra trees,"n=250,max_depth=4",0,148,111,37,16,16,0.3375515065383319,0.25162751864146377,-0.15933483406760818,ok
EEM interpretable,DL,ANN MLP,"hidden=(32,16),early_stop",0,148,111,37,16,16,0.3919836053008589,0.31643903388620515,-0.5633801372526432,ok
EEM interpretable,ML,XGBoost,"n=250,depth=2,eta=0.05",0,148,111,37,16,16,0.4256691149352325,0.30055193943147723,-0.843627020970632,ok
EEM interpretable,Statistics,Mean baseline,mean,1,148,111,37,16,12,0.548383706499764,0.35666179693206723,-0.056190299538443345,ok
EEM interpretable,Statistics,Linear regression,ols,1,148,111,37,16,16,0.5609149129252328,0.3666483531147262,-0.10501217357177572,ok
EEM interpretable,Statistics,Ridge,alpha=10,1,148,111,37,16,16,0.5455782511281196,0.3639655585070072,-0.04541129453754156,ok
EEM interpretable,Statistics,Lasso,alpha=0.001,1,148,111,37,16,16,0.5536186824081594,0.36533214474662307,-0.07645173975872921,ok
EEM interpretable,Statistics,Elastic Net,"alpha=0.001,l1_ratio=0.2",1,148,111,37,16,16,0.5577524538443338,0.3660125114839124,-0.09258709987533087,ok
EEM interpretable,Chemometrics,PLSR,n_components=2,1,148,111,37,16,16,0.5374919786314818,0.36331941198039425,-0.014651878924893502,ok
EEM interpretable,Chemometrics,PLSR,n_components=5,1,148,111,37,16,16,0.5532916070699715,0.3664332286508723,-0.07518019013746158,ok
EEM interpretable,Chemometrics,PCR + Ridge,n_components=5,1,148,111,37,16,16,0.552237997045936,0.36820450211576283,-0.07108924778415027,ok
EEM interpretable,ML,SVR linear,"C=1,epsilon=0.05",1,148,111,37,16,16,0.5952544248010763,0.315777870104035,-0.2444525845751213,ok
EEM interpretable,ML,SVR RBF,"C=10,epsilon=0.05",1,148,111,37,16,16,0.5365398271615089,0.34488668551754914,-0.011060210191949915,ok
EEM interpretable,ML,Weighted kNN,"k=3,distance",1,148,111,37,16,16,0.5941484485280601,0.3493633050440338,-0.23983252173693637,ok
EEM interpretable,ML,Kernel ridge,"rbf,alpha=0.1",1,148,111,37,16,16,0.565281535919886,0.36351298899565126,-0.12228378823840957,ok
EEM interpretable,ML,Random forest,"n=250,max_depth=4",1,148,111,37,16,16,0.4767205647814075,0.3129408308430561,0.20181996025996807,ok
EEM interpretable,ML,Extra trees,"n=250,max_depth=4",1,148,111,37,16,16,0.51745970959052,0.3289323685212836,0.059570659802522186,ok
EEM interpretable,DL,ANN MLP,"hidden=(32,16),early_stop",1,148,111,37,16,16,0.5294382254090841,0.38119520290208875,0.015527299813734685,ok
EEM interpretable,ML,XGBoost,"n=250,depth=2,eta=0.05",1,148,111,37,16,16,0.5713714076682115,0.33937394996148507,-0.14659514053483602,ok
EEM interpretable,Statistics,Mean baseline,mean,2,148,111,37,16,12,0.5053037266639787,0.32608229851473103,-0.00031797070586758736,ok
EEM interpretable,Statistics,Linear regression,ols,2,148,111,37,16,16,0.49668226551851535,0.32266673310403937,0.03352555452280803,ok
EEM interpretable,Statistics,Ridge,alpha=10,2,148,111,37,16,16,0.4980752401166288,0.31537305604196914,0.028096883927407168,ok
EEM interpretable,Statistics,Lasso,alpha=0.001,2,148,111,37,16,16,0.5008028861060722,0.32014539822484056,0.017422727187975884,ok
EEM interpretable,Statistics,Elastic Net,"alpha=0.001,l1_ratio=0.2",2,148,111,37,16,16,0.49744460736795293,0.3215991677395535,0.03055645576283217,ok
EEM interpretable,Chemometrics,PLSR,n_components=2,2,148,111,37,16,16,0.4919006135552824,0.3115564151522573,0.052044835280199764,ok
EEM interpretable,Chemometrics,PLSR,n_components=5,2,148,111,37,16,16,0.5038294346733164,0.31864955601911066,0.0055106400388206245,ok
EEM interpretable,Chemometrics,PCR + Ridge,n_components=5,2,148,111,37,16,16,0.5068527020331423,0.3165838810505008,-0.006460188592171123,ok
EEM interpretable,ML,SVR linear,"C=1,epsilon=0.05",2,148,111,37,16,16,0.5352824635135258,0.23457584266531667,-0.12253295505486883,ok
EEM interpretable,ML,SVR RBF,"C=10,epsilon=0.05",2,148,111,37,16,16,0.542004453014241,0.29245754127189955,-0.15090314763087687,ok
EEM interpretable,ML,Weighted kNN,"k=3,distance",2,148,111,37,16,16,0.546565845464401,0.2930394634291975,-0.1703561656202064,ok
EEM interpretable,ML,Kernel ridge,"rbf,alpha=0.1",2,148,111,37,16,16,0.5534692344847074,0.3375679164179154,-0.2001071918593027,ok
EEM interpretable,ML,Random forest,"n=250,max_depth=4",2,148,111,37,16,16,0.4446985313426933,0.2806885789679404,0.22524487307753172,ok
EEM interpretable,ML,Extra trees,"n=250,max_depth=4",2,148,111,37,16,16,0.46878058475413414,0.2870529767336306,0.13906115884444303,ok
EEM interpretable,DL,ANN MLP,"hidden=(32,16),early_stop",2,148,111,37,16,16,0.4928105014435245,0.35700820060455674,0.048534652004555756,ok
EEM interpretable,ML,XGBoost,"n=250,depth=2,eta=0.05",2,148,111,37,16,16,0.5434705687636068,0.300286488252113,-0.1571379280360703,ok
EEM interpretable,Statistics,Mean baseline,mean,3,148,111,37,16,12,0.3009426523334754,0.27424640857073285,-0.4521610577548738,ok
EEM interpretable,Statistics,Linear regression,ols,3,148,111,37,16,16,0.31491258432691527,0.24963131312304662,-0.5901105887286011,ok
EEM interpretable,Statistics,Ridge,alpha=10,3,148,111,37,16,16,0.3035159889678207,0.2460687126628797,-0.47710186414180633,ok
EEM interpretable,Statistics,Lasso,alpha=0.001,3,148,111,37,16,16,0.31263200580293576,0.24968981711024354,-0.5671630073868614,ok
EEM interpretable,Statistics,Elastic Net,"alpha=0.001,l1_ratio=0.2",3,148,111,37,16,16,0.31403545240147135,0.249911977013761,-0.5812649951356361,ok
EEM interpretable,Chemometrics,PLSR,n_components=2,3,148,111,37,16,16,0.2834060066367826,0.2257642903473049,-0.2878503459170676,ok
EEM interpretable,Chemometrics,PLSR,n_components=5,3,148,111,37,16,16,0.32069741338514196,0.2548331009106254,-0.649066661667596,ok
EEM interpretable,Chemometrics,PCR + Ridge,n_components=5,3,148,111,37,16,16,0.3027335711953294,0.24295312060212151,-0.4694961947898757,ok
EEM interpretable,ML,SVR linear,"C=1,epsilon=0.05",3,148,111,37,16,16,0.2571192700335932,0.1206941788406408,-0.06002608036952539,ok
EEM interpretable,ML,SVR RBF,"C=10,epsilon=0.05",3,148,111,37,16,16,0.35937740508074606,0.24991571323856682,-1.0708509170512905,ok
EEM interpretable,ML,Weighted kNN,"k=3,distance",3,148,111,37,16,16,0.4007166716204634,0.23936828104132088,-1.5746732478573806,ok
EEM interpretable,ML,Kernel ridge,"rbf,alpha=0.1",3,148,111,37,16,16,0.3851177664964104,0.2871797234777672,-1.3781235088246713,ok
EEM interpretable,ML,Random forest,"n=250,max_depth=4",3,148,111,37,16,16,0.34323384235541954,0.25127325875836537,-0.8889806180207418,ok
EEM interpretable,ML,Extra trees,"n=250,max_depth=4",3,148,111,37,16,16,0.3170083062539082,0.2500685565444384,-0.611345168356842,ok
EEM interpretable,DL,ANN MLP,"hidden=(32,16),early_stop",3,148,111,37,16,16,0.303791563040884,0.2518385610940372,-0.4797853192519703,ok
EEM interpretable,ML,XGBoost,"n=250,depth=2,eta=0.05",3,148,111,37,16,16,0.366188091762407,0.2415652515925467,-1.1500855082340578,ok
EEM interpretable,Statistics,Mean baseline,mean,4,148,111,37,16,12,0.49935272201002034,0.32771365960555154,-0.0003387557203491376,ok
EEM interpretable,Statistics,Linear regression,ols,4,148,111,37,16,16,0.5274801897564878,0.3290565580801209,-0.11620653066407338,ok
EEM interpretable,Statistics,Ridge,alpha=10,4,148,111,37,16,16,0.5030668184728877,0.32509710912611334,-0.015274778064468864,ok
EEM interpretable,Statistics,Lasso,alpha=0.001,4,148,111,37,16,16,0.5251715732319953,0.3263896969568149,-0.1064573352909366,ok
EEM interpretable,Statistics,Elastic Net,"alpha=0.001,l1_ratio=0.2",4,148,111,37,16,16,0.5262279752211968,0.3282546304465437,-0.11091317180554139,ok
EEM interpretable,Chemometrics,PLSR,n_components=2,4,148,111,37,16,16,0.50225590196355,0.3301598640099185,-0.01200428003591214,ok
EEM interpretable,Chemometrics,PLSR,n_components=5,4,148,111,37,16,16,0.5215338944385338,0.3242877131675195,-0.09118233972955059,ok
EEM interpretable,Chemometrics,PCR + Ridge,n_components=5,4,148,111,37,16,16,0.4997195839169414,0.32840433164484234,-0.0018091431842648387,ok
EEM interpretable,ML,SVR linear,"C=1,epsilon=0.05",4,148,111,37,16,16,0.5294072966406685,0.23638226125478212,-0.1243773726214914,ok
EEM interpretable,ML,SVR RBF,"C=10,epsilon=0.05",4,148,111,37,16,16,0.5486018949128378,0.29004912050489945,-0.20738800886970998,ok
EEM interpretable,ML,Weighted kNN,"k=3,distance",4,148,111,37,16,16,0.5467776136434828,0.28313867310065044,-0.19937143750695374,ok
EEM interpretable,ML,Kernel ridge,"rbf,alpha=0.1",4,148,111,37,16,16,0.539633270599923,0.3080252832866718,-0.16823358485992923,ok
EEM interpretable,ML,Random forest,"n=250,max_depth=4",4,148,111,37,16,16,0.5269428915855845,0.3069407340206255,-0.11393372387581091,ok
EEM interpretable,ML,Extra trees,"n=250,max_depth=4",4,148,111,37,16,16,0.5116223821664545,0.3063038615876417,-0.0501016058726782,ok
EEM interpretable,DL,ANN MLP,"hidden=(32,16),early_stop",4,148,111,37,16,16,0.4742258438557381,0.3351451167162976,0.09780028066743551,ok
EEM interpretable,ML,XGBoost,"n=250,depth=2,eta=0.05",4,148,111,37,16,16,0.5060746429585516,0.29424299895914424,-0.027451679536096174,ok
Raman interpretable,Statistics,Mean baseline,mean,0,150,112,38,27,12,0.29512906650488685,0.2696804511278195,-0.5862115380801094,ok
Raman interpretable,Statistics,Linear regression,ols,0,150,112,38,27,27,0.4296887786251112,0.3228133105553474,-2.3623673563022134,ok
Raman interpretable,Statistics,Ridge,alpha=10,0,150,112,38,27,27,0.2985390857935157,0.26921618664368097,-0.6230785316680842,ok
Raman interpretable,Statistics,Lasso,alpha=0.001,0,150,112,38,27,27,0.31570566248737636,0.24559804702926397,-0.8151055269561835,ok
Raman interpretable,Statistics,Elastic Net,"alpha=0.001,l1_ratio=0.2",0,150,112,38,27,27,0.3332233148384281,0.2515466954880971,-1.0221245273090904,ok
Raman interpretable,Chemometrics,PLSR,n_components=2,0,150,112,38,27,27,0.2953957931073443,0.2673947724764978,-0.5890799508965929,ok
Raman interpretable,Chemometrics,PLSR,n_components=5,0,150,112,38,27,27,0.3147334699213354,0.2765018873013836,-0.8039437691462759,ok
Raman interpretable,Chemometrics,PCR + Ridge,n_components=5,0,150,112,38,27,27,0.2928352873869111,0.26733516521751344,-0.5616508953225763,ok
Raman interpretable,ML,SVR linear,"C=1,epsilon=0.05",0,150,112,38,27,27,0.2333912060686143,0.11582213272816004,0.008012698344072922,ok
Raman interpretable,ML,SVR RBF,"C=10,epsilon=0.05",0,150,112,38,27,27,0.24496772736048966,0.13306473373041244,-0.09283572202343748,ok
Raman interpretable,ML,Weighted kNN,"k=3,distance",0,150,112,38,27,27,0.39100255212565393,0.24729849951733962,-1.7841736602482365,ok
Raman interpretable,ML,Kernel ridge,"rbf,alpha=0.1",0,150,112,38,27,27,0.3067633744080535,0.220593156320322,-0.7137369040890675,ok
Raman interpretable,ML,Random forest,"n=250,max_depth=4",0,150,112,38,27,27,0.29127335335490856,0.23324148923998697,-0.545036158949477,ok
Raman interpretable,ML,Extra trees,"n=250,max_depth=4",0,150,112,38,27,27,0.29822462492207064,0.25848202560229366,-0.6196610502986222,ok
Raman interpretable,DL,ANN MLP,"hidden=(32,16),early_stop",0,150,112,38,27,27,0.38817066307095976,0.2906809779241832,-1.743990194965285,ok
Raman interpretable,ML,XGBoost,"n=250,depth=2,eta=0.05",0,150,112,38,27,27,0.3172699239211462,0.1994695526169074,-0.8331370924716526,ok
Raman interpretable,Statistics,Mean baseline,mean,1,150,112,38,27,12,0.3062327308037921,0.25986372180451134,-0.11732709228443894,ok
Raman interpretable,Statistics,Linear regression,ols,1,150,112,38,27,27,0.3943355119974348,0.29839218929054917,-0.8527161779108385,ok
Raman interpretable,Statistics,Ridge,alpha=10,1,150,112,38,27,27,0.3135429015545146,0.26810167085409614,-0.17130786953735044,ok
Raman interpretable,Statistics,Lasso,alpha=0.001,1,150,112,38,27,27,0.3051123997709787,0.2424753417490081,-0.10916672063420951,ok
Raman interpretable,Statistics,Elastic Net,"alpha=0.001,l1_ratio=0.2",1,150,112,38,27,27,0.30591243057429224,0.23960360725395638,-0.11499100650376848,ok
Raman interpretable,Chemometrics,PLSR,n_components=2,1,150,112,38,27,27,0.31872216435242917,0.27406323075556444,-0.21032400492979164,ok
Raman interpretable,Chemometrics,PLSR,n_components=5,1,150,112,38,27,27,0.32736059388220173,0.27641790098029856,-0.2768207000074665,ok
Raman interpretable,Chemometrics,PCR + Ridge,n_components=5,1,150,112,38,27,27,0.31673683236232547,0.2735548691517473,-0.19529266181601224,ok
Raman interpretable,ML,SVR linear,"C=1,epsilon=0.05",1,150,112,38,27,27,0.300810614635951,0.1462637540813991,-0.07811088082031303,ok
Raman interpretable,ML,SVR RBF,"C=10,epsilon=0.05",1,150,112,38,27,27,0.2918122091318678,0.15646657156728025,-0.014574708306921647,ok
Raman interpretable,ML,Weighted kNN,"k=3,distance",1,150,112,38,27,27,0.33996282055549704,0.23042346873617894,-0.3770190950721424,ok
Raman interpretable,ML,Kernel ridge,"rbf,alpha=0.1",1,150,112,38,27,27,0.2802498230092211,0.2078321535473566,0.06423282025112598,ok
Raman interpretable,ML,Random forest,"n=250,max_depth=4",1,150,112,38,27,27,0.2776371327007084,0.20062519775933155,0.08159927849428839,ok
Raman interpretable,ML,Extra trees,"n=250,max_depth=4",1,150,112,38,27,27,0.30388877390091706,0.25308878209677005,-0.10028813280858695,ok
Raman interpretable,DL,ANN MLP,"hidden=(32,16),early_stop",1,150,112,38,27,27,0.31624109031242303,0.18038710445947884,-0.19155395477322945,ok
Raman interpretable,ML,XGBoost,"n=250,depth=2,eta=0.05",1,150,112,38,27,27,0.28438113290453493,0.19308326731681041,0.036440194906747325,ok
Raman interpretable,Statistics,Mean baseline,mean,2,150,112,38,27,12,0.5073359445909648,0.32307330827067665,-0.010602271663350926,ok
Raman interpretable,Statistics,Linear regression,ols,2,150,112,38,27,27,1.1142144920060615,0.4887885717555129,-3.8744611084148257,ok
Raman interpretable,Statistics,Ridge,alpha=10,2,150,112,38,27,27,0.7766559086910444,0.38186790483483835,-1.36835229889639,ok
Raman interpretable,Statistics,Lasso,alpha=0.001,2,150,112,38,27,27,1.1546800624177764,0.4292413210422753,-4.2349475903282165,ok
Raman interpretable,Statistics,Elastic Net,"alpha=0.001,l1_ratio=0.2",2,150,112,38,27,27,1.1976373579263304,0.4372744807410497,-4.6317020894204415,ok
Raman interpretable,Chemometrics,PLSR,n_components=2,2,150,112,38,27,27,0.5347027654677134,0.3485762421522739,-0.1225711187157923,ok
Raman interpretable,Chemometrics,PLSR,n_components=5,2,150,112,38,27,27,1.1639982582153403,0.43357494797307544,-4.319779908957982,ok
Raman interpretable,Chemometrics,PCR + Ridge,n_components=5,2,150,112,38,27,27,0.5038180634528041,0.32835680583057597,0.0033642247183690577,ok
Raman interpretable,ML,SVR linear,"C=1,epsilon=0.05",2,150,112,38,27,27,0.5414552801943614,0.2548064937660414,-0.1511030126587034,ok
Raman interpretable,ML,SVR RBF,"C=10,epsilon=0.05",2,150,112,38,27,27,0.48723203186021957,0.23420757724219662,0.06790394814281131,ok
Raman interpretable,ML,Weighted kNN,"k=3,distance",2,150,112,38,27,27,0.44303058718034305,0.2645104546477298,0.22935134170200444,ok
Raman interpretable,ML,Kernel ridge,"rbf,alpha=0.1",2,150,112,38,27,27,0.43484968051312173,0.27890189988942626,0.25754982368520685,ok
Raman interpretable,ML,Random forest,"n=250,max_depth=4",2,150,112,38,27,27,0.444211992363585,0.30405939600623494,0.2252357692478174,ok
Raman interpretable,ML,Extra trees,"n=250,max_depth=4",2,150,112,38,27,27,0.46663291401674795,0.30576204002297896,0.14505192030925773,ok
Raman interpretable,DL,ANN MLP,"hidden=(32,16),early_stop",2,150,112,38,27,27,1.1041936685588025,0.49175095963126836,-3.7871772635452015,ok
Raman interpretable,ML,XGBoost,"n=250,depth=2,eta=0.05",2,150,112,38,27,27,0.4236560414068533,0.3121091868512725,0.29528127399930115,ok
Raman interpretable,Statistics,Mean baseline,mean,3,150,112,38,27,12,0.4934294186768383,0.3210714285714285,-0.00025697240802968757,ok
Raman interpretable,Statistics,Linear regression,ols,3,150,112,38,27,27,0.8457103223799852,0.4659852900075242,-1.938358437564613,ok
Raman interpretable,Statistics,Ridge,alpha=10,3,150,112,38,27,27,0.5169815369409074,0.33677821523687024,-0.09802335119158534,ok
Raman interpretable,Statistics,Lasso,alpha=0.001,3,150,112,38,27,27,0.5120627950211257,0.32525373188668444,-0.07722879620659828,ok
Raman interpretable,Statistics,Elastic Net,"alpha=0.001,l1_ratio=0.2",3,150,112,38,27,27,0.5608496823080675,0.3444264821014779,-0.2922735814037303,ok
Raman interpretable,Chemometrics,PLSR,n_components=2,3,150,112,38,27,27,0.4936578252400542,0.321967198120358,-0.001183216878226645,ok
Raman interpretable,Chemometrics,PLSR,n_components=5,3,150,112,38,27,27,0.5256360397514805,0.3393949023342255,-0.13509387092171532,ok
Raman interpretable,Chemometrics,PCR + Ridge,n_components=5,3,150,112,38,27,27,0.5215145485547361,0.3451273704955693,-0.11736320581083803,ok
Raman interpretable,ML,SVR linear,"C=1,epsilon=0.05",3,150,112,38,27,27,0.516309581894411,0.24012163123024083,-0.09517085925092283,ok
Raman interpretable,ML,SVR RBF,"C=10,epsilon=0.05",3,150,112,38,27,27,0.4822151136194172,0.23562023177135583,0.04469259229787692,ok
Raman interpretable,ML,Weighted kNN,"k=3,distance",3,150,112,38,27,27,0.43998729886093174,0.2512526429243116,0.20468020988287194,ok
Raman interpretable,ML,Kernel ridge,"rbf,alpha=0.1",3,150,112,38,27,27,0.41140567487324203,0.24112639486179896,0.30465223111071404,ok
Raman interpretable,ML,Random forest,"n=250,max_depth=4",3,150,112,38,27,27,0.4570640420183972,0.29919545671969133,0.14174642436757257,ok
Raman interpretable,ML,Extra trees,"n=250,max_depth=4",3,150,112,38,27,27,0.46858097498153506,0.3039206582165943,0.09794958040620128,ok
Raman interpretable,DL,ANN MLP,"hidden=(32,16),early_stop",3,150,112,38,27,27,0.579759173223988,0.3127769344219395,-0.3808826324307435,ok
Raman interpretable,ML,XGBoost,"n=250,depth=2,eta=0.05",3,150,112,38,27,27,0.4009732755918277,0.2723442833343717,0.3394702752844734,ok
Raman interpretable,Statistics,Mean baseline,mean,4,150,112,38,27,12,0.6361597912537823,0.3728477443609023,-0.06059506628269573,ok
Raman interpretable,Statistics,Linear regression,ols,4,150,112,38,27,27,0.6746942559931584,0.44703029916047876,-0.19297459812433693,ok
Raman interpretable,Statistics,Ridge,alpha=10,4,150,112,38,27,27,0.642710429221915,0.36633374041720507,-0.0825497529562953,ok
Raman interpretable,Statistics,Lasso,alpha=0.001,4,150,112,38,27,27,0.6438180862106515,0.3791024487181084,-0.08628433392231916,ok
Raman interpretable,Statistics,Elastic Net,"alpha=0.001,l1_ratio=0.2",4,150,112,38,27,27,0.6430809740997195,0.3831529852284448,-0.0837983678264167,ok
Raman interpretable,Chemometrics,PLSR,n_components=2,4,150,112,38,27,27,0.6380008442866979,0.3713734286441506,-0.06674269532088872,ok
Raman interpretable,Chemometrics,PLSR,n_components=5,4,150,112,38,27,27,0.6503720842657381,0.37077181822848504,-0.10851341838024764,ok
Raman interpretable,Chemometrics,PCR + Ridge,n_components=5,4,150,112,38,27,27,0.6353696019641614,0.37053377819817357,-0.057961921655868,ok
Raman interpretable,ML,SVR linear,"C=1,epsilon=0.05",4,150,112,38,27,27,0.67622846229759,0.33259153288739773,-0.19840624389135453,ok
Raman interpretable,ML,SVR RBF,"C=10,epsilon=0.05",4,150,112,38,27,27,0.6592145396653927,0.3401212266547881,-0.1388610133580035,ok
Raman interpretable,ML,Weighted kNN,"k=3,distance",4,150,112,38,27,27,0.6624985713156767,0.37488218531206996,-0.15023628307404335,ok
Raman interpretable,ML,Kernel ridge,"rbf,alpha=0.1",4,150,112,38,27,27,0.6157227604023364,0.3678091950766303,0.006454899062662611,ok
Raman interpretable,ML,Random forest,"n=250,max_depth=4",4,150,112,38,27,27,0.6324145699632281,0.3654796856022857,-0.048143884202416,ok
Raman interpretable,ML,Extra trees,"n=250,max_depth=4",4,150,112,38,27,27,0.6087814045067589,0.3523724937723886,0.028730106106859332,ok
Raman interpretable,DL,ANN MLP,"hidden=(32,16),early_stop",4,150,112,38,27,27,0.6512457936798776,0.34853548226863307,-0.11149377127793492,ok
Raman interpretable,ML,XGBoost,"n=250,depth=2,eta=0.05",4,150,112,38,27,27,0.5643706734213596,0.33660783059600935,0.16526995173465953,ok
EEM + Raman interpretable,Statistics,Mean baseline,mean,0,150,112,38,43,12,0.29512906650488685,0.2696804511278195,-0.5862115380801094,ok
EEM + Raman interpretable,Statistics,Linear regression,ols,0,150,112,38,43,43,0.46008449246091104,0.38019172539647694,-2.8548929903587825,ok
EEM + Raman interpretable,Statistics,Ridge,alpha=10,0,150,112,38,43,43,0.377460390204661,0.33369290748451175,-1.5946567061289998,ok
EEM + Raman interpretable,Statistics,Lasso,alpha=0.001,0,150,112,38,43,43,0.4349196919853254,0.35736120124508447,-2.444730734107899,ok
EEM + Raman interpretable,Statistics,Elastic Net,"alpha=0.001,l1_ratio=0.2",0,150,112,38,43,43,0.4368870763791898,0.3497330972310325,-2.475966099790279,ok
EEM + Raman interpretable,Chemometrics,PLSR,n_components=2,0,150,112,38,43,43,0.3254501088977784,0.2863226967662957,-0.9288834138698581,ok
EEM + Raman interpretable,Chemometrics,PLSR,n_components=5,0,150,112,38,43,43,0.4210520087100451,0.34680121738874536,-2.228558228096108,ok
EEM + Raman interpretable,Chemometrics,PCR + Ridge,n_components=5,0,150,112,38,43,43,0.31464143997124056,0.28522999872159144,-0.8028889554785146,ok
EEM + Raman interpretable,ML,SVR linear,"C=1,epsilon=0.05",0,150,112,38,43,43,0.248145095529967,0.15372172643581186,-0.12136895436933237,ok
EEM + Raman interpretable,ML,SVR RBF,"C=10,epsilon=0.05",0,150,112,38,43,43,0.289201002276065,0.2186401441830884,-0.5231291288011504,ok
EEM + Raman interpretable,ML,Weighted kNN,"k=3,distance",0,150,112,38,43,43,0.31798922769590937,0.17274226477256374,-0.8414585692569783,ok
EEM + Raman interpretable,ML,Kernel ridge,"rbf,alpha=0.1",0,150,112,38,43,43,0.3721278512009008,0.29009959226618337,-1.5218629813653406,ok
EEM + Raman interpretable,ML,Random forest,"n=250,max_depth=4",0,150,112,38,43,43,0.3027580974921191,0.24881996789126107,-0.6692780061341101,ok
EEM + Raman interpretable,ML,Extra trees,"n=250,max_depth=4",0,150,112,38,43,43,0.32310789621726144,0.26710293565481563,-0.9012195850651246,ok
EEM + Raman interpretable,DL,ANN MLP,"hidden=(32,16),early_stop",0,150,112,38,43,43,0.3779608129001154,0.32303641458358806,-1.6015410618802255,ok
EEM + Raman interpretable,ML,XGBoost,"n=250,depth=2,eta=0.05",0,150,112,38,43,43,0.26532484856833516,0.21414187022337786,-0.2820146450447334,ok
EEM + Raman interpretable,Statistics,Mean baseline,mean,1,150,112,38,43,12,0.3062327308037921,0.25986372180451134,-0.11732709228443894,ok
EEM + Raman interpretable,Statistics,Linear regression,ols,1,150,112,38,43,43,0.49889587099477595,0.41090711886558234,-1.9654932122470417,ok
EEM + Raman interpretable,Statistics,Ridge,alpha=10,1,150,112,38,43,43,0.37030956758786443,0.30997070590958303,-0.6338304317635284,ok
EEM + Raman interpretable,Statistics,Lasso,alpha=0.001,1,150,112,38,43,43,0.40198073160390996,0.31888154457410145,-0.9252520195772687,ok
EEM + Raman interpretable,Statistics,Elastic Net,"alpha=0.001,l1_ratio=0.2",1,150,112,38,43,43,0.4130068256357802,0.32455392321137844,-1.0323175776808569,ok
EEM + Raman interpretable,Chemometrics,PLSR,n_components=2,1,150,112,38,43,43,0.3583828371536391,0.30747531684293516,-0.5302821822686741,ok
EEM + Raman interpretable,Chemometrics,PLSR,n_components=5,1,150,112,38,43,43,0.38515295707252983,0.3188783488226807,-0.7674355587284702,ok
EEM + Raman interpretable,Chemometrics,PCR + Ridge,n_components=5,1,150,112,38,43,43,0.3446845790527294,0.2941563643180368,-0.41553568666650853,ok
EEM + Raman interpretable,ML,SVR linear,"C=1,epsilon=0.05",1,150,112,38,43,43,0.31373920800809035,0.1730185756239497,-0.17277501979338705,ok
EEM + Raman interpretable,ML,SVR RBF,"C=10,epsilon=0.05",1,150,112,38,43,43,0.30928686733539285,0.22343961575698723,-0.1397249998644139,ok
EEM + Raman interpretable,ML,Weighted kNN,"k=3,distance",1,150,112,38,43,43,0.34325032681160234,0.2153309317729606,-0.4037799459593019,ok
EEM + Raman interpretable,ML,Kernel ridge,"rbf,alpha=0.1",1,150,112,38,43,43,0.308112927949785,0.2302947000611424,-0.13108946444803182,ok
EEM + Raman interpretable,ML,Random forest,"n=250,max_depth=4",1,150,112,38,43,43,0.33726846918684267,0.2513157382940275,-0.35527865346133547,ok
EEM + Raman interpretable,ML,Extra trees,"n=250,max_depth=4",1,150,112,38,43,43,0.3342980867184349,0.2578935849357793,-0.3315114245999462,ok
EEM + Raman interpretable,DL,ANN MLP,"hidden=(32,16),early_stop",1,150,112,38,43,43,0.3651755683692497,0.312973432277845,-0.5888413827100105,ok
EEM + Raman interpretable,ML,XGBoost,"n=250,depth=2,eta=0.05",1,150,112,38,43,43,0.3434081803571918,0.23570917606672373,-0.4050713800937076,ok
EEM + Raman interpretable,Statistics,Mean baseline,mean,2,150,112,38,43,12,0.5073359445909648,0.32307330827067665,-0.010602271663350926,ok
EEM + Raman interpretable,Statistics,Linear regression,ols,2,150,112,38,43,43,1.302008579259671,0.5028089916210999,-5.656051842047064,ok
EEM + Raman interpretable,Statistics,Ridge,alpha=10,2,150,112,38,43,43,0.901111300637505,0.4246015320308285,-2.1882023406409656,ok
EEM + Raman interpretable,Statistics,Lasso,alpha=0.001,2,150,112,38,43,43,1.3317324813690143,0.4738292476286869,-5.963426388529306,ok
EEM + Raman interpretable,Statistics,Elastic Net,"alpha=0.001,l1_ratio=0.2",2,150,112,38,43,43,1.4427285612972196,0.49159624735265384,-7.172562734820968,ok
EEM + Raman interpretable,Chemometrics,PLSR,n_components=2,2,150,112,38,43,43,0.5003213216177933,0.35657351708260365,0.017150488222576477,ok
EEM + Raman interpretable,Chemometrics,PLSR,n_components=5,2,150,112,38,43,43,0.7543762685212866,0.4133562058986662,-1.2344211807265615,ok
EEM + Raman interpretable,Chemometrics,PCR + Ridge,n_components=5,2,150,112,38,43,43,0.493122394484927,0.33729162797176726,0.04523067865751684,ok
EEM + Raman interpretable,ML,SVR linear,"C=1,epsilon=0.05",2,150,112,38,43,43,0.5515664038393344,0.26571009930263156,-0.1944957655433568,ok
EEM + Raman interpretable,ML,SVR RBF,"C=10,epsilon=0.05",2,150,112,38,43,43,0.44796562605200235,0.2836840669939098,0.2120867846584933,ok
EEM + Raman interpretable,ML,Weighted kNN,"k=3,distance",2,150,112,38,43,43,0.4232465504862523,0.25476085412521854,0.29664292792632463,ok
EEM + Raman interpretable,ML,Kernel ridge,"rbf,alpha=0.1",2,150,112,38,43,43,0.45602345546077616,0.29988209853387854,0.18348650644182962,ok
EEM + Raman interpretable,ML,Random forest,"n=250,max_depth=4",2,150,112,38,43,43,0.4793589426133434,0.3268743385177241,0.09778369502505235,ok
EEM + Raman interpretable,ML,Extra trees,"n=250,max_depth=4",2,150,112,38,43,43,0.4928480309977852,0.32592894122596316,0.046292812401173444,ok
EEM + Raman interpretable,DL,ANN MLP,"hidden=(32,16),early_stop",2,150,112,38,43,43,0.6493995581017172,0.4349883682699285,-0.6558194571700116,ok
EEM + Raman interpretable,ML,XGBoost,"n=250,depth=2,eta=0.05",2,150,112,38,43,43,0.42833630267367934,0.2848443026432621,0.2796247699830551,ok
EEM + Raman interpretable,Statistics,Mean baseline,mean,3,150,112,38,43,12,0.4934294186768383,0.3210714285714285,-0.00025697240802968757,ok
EEM + Raman interpretable,Statistics,Linear regression,ols,3,150,112,38,43,43,0.7855790133136122,0.4512423290591742,-1.5353694622695322,ok
EEM + Raman interpretable,Statistics,Ridge,alpha=10,3,150,112,38,43,43,0.48513175334579145,0.3284449370288547,0.03310144230507617,ok
EEM + Raman interpretable,Statistics,Lasso,alpha=0.001,3,150,112,38,43,43,0.4909814402009905,0.3456416179138991,0.009643262514762108,ok
EEM + Raman interpretable,Statistics,Elastic Net,"alpha=0.001,l1_ratio=0.2",3,150,112,38,43,43,0.5180979038980357,0.36427999301569436,-0.10277060187356701,ok
EEM + Raman interpretable,Chemometrics,PLSR,n_components=2,3,150,112,38,43,43,0.46837464924280553,0.3085503923782351,0.0987437878271149,ok
EEM + Raman interpretable,Chemometrics,PLSR,n_components=5,3,150,112,38,43,43,0.5132607201318312,0.35298460465543685,-0.08227485255485267,ok
EEM + Raman interpretable,Chemometrics,PCR + Ridge,n_components=5,3,150,112,38,43,43,0.47100426775739684,0.3089363587461805,0.08859544646610151,ok
EEM + Raman interpretable,ML,SVR linear,"C=1,epsilon=0.05",3,150,112,38,43,43,0.5014879868314379,0.23110261945322272,-0.03319566988077893,ok
EEM + Raman interpretable,ML,SVR RBF,"C=10,epsilon=0.05",3,150,112,38,43,43,0.43318611615308855,0.2404484224600481,0.22907777332477064,ok
EEM + Raman interpretable,ML,Weighted kNN,"k=3,distance",3,150,112,38,43,43,0.5233722054641978,0.2736907669896335,-0.1253375732027424,ok
EEM + Raman interpretable,ML,Kernel ridge,"rbf,alpha=0.1",3,150,112,38,43,43,0.4265279053618994,0.2572243038289468,0.252594293592003,ok
EEM + Raman interpretable,ML,Random forest,"n=250,max_depth=4",3,150,112,38,43,43,0.39684497934736696,0.2570387662254844,0.35300147590642594,ok
EEM + Raman interpretable,ML,Extra trees,"n=250,max_depth=4",3,150,112,38,43,43,0.43218608919543333,0.2839030822445985,0.23263307255663046,ok
EEM + Raman interpretable,DL,ANN MLP,"hidden=(32,16),early_stop",3,150,112,38,43,43,0.6912716982441529,0.43891605657048294,-0.963175215566237,ok
EEM + Raman interpretable,ML,XGBoost,"n=250,depth=2,eta=0.05",3,150,112,38,43,43,0.3557094997562243,0.2106741674734574,0.4801806556111846,ok
EEM + Raman interpretable,Statistics,Mean baseline,mean,4,150,112,38,43,12,0.6361597912537823,0.3728477443609023,-0.06059506628269573,ok
EEM + Raman interpretable,Statistics,Linear regression,ols,4,150,112,38,43,43,0.6419239999398195,0.4573045462536651,-0.07990212837973454,ok
EEM + Raman interpretable,Statistics,Ridge,alpha=10,4,150,112,38,43,43,0.6473930120062263,0.4047183192365261,-0.098381438988979,ok
EEM + Raman interpretable,Statistics,Lasso,alpha=0.001,4,150,112,38,43,43,0.6228578603122269,0.4062762029337133,-0.01670525852459681,ok
EEM + Raman interpretable,Statistics,Elastic Net,"alpha=0.001,l1_ratio=0.2",4,150,112,38,43,43,0.6150320096634432,0.41030378229097253,0.008682872745483516,ok
EEM + Raman interpretable,Chemometrics,PLSR,n_components=2,4,150,112,38,43,43,0.6304531284499382,0.40114783971006485,-0.04165230457610014,ok
EEM + Raman interpretable,Chemometrics,PLSR,n_components=5,4,150,112,38,43,43,0.6516000934700484,0.41095639006257845,-0.1127034808363987,ok
EEM + Raman interpretable,Chemometrics,PCR + Ridge,n_components=5,4,150,112,38,43,43,0.6318583206068212,0.39265007573146227,-0.046300874939990244,ok
EEM + Raman interpretable,ML,SVR linear,"C=1,epsilon=0.05",4,150,112,38,43,43,0.6870215231434058,0.35160828648728387,-0.23696626810032018,ok
EEM + Raman interpretable,ML,SVR RBF,"C=10,epsilon=0.05",4,150,112,38,43,43,0.6258257060171074,0.3534619906530079,-0.02641730798706199,ok
EEM + Raman interpretable,ML,Weighted kNN,"k=3,distance",4,150,112,38,43,43,0.6982544008964695,0.3963386813884441,-0.2777460115792423,ok
EEM + Raman interpretable,ML,Kernel ridge,"rbf,alpha=0.1",4,150,112,38,43,43,0.6022109244935836,0.35122666096090843,0.04958248758674644,ok
EEM + Raman interpretable,ML,Random forest,"n=250,max_depth=4",4,150,112,38,43,43,0.6408279442229237,0.3636135164288967,-0.07621751025600321,ok
EEM + Raman interpretable,ML,Extra trees,"n=250,max_depth=4",4,150,112,38,43,43,0.6431490252821623,0.3974567223637525,-0.08402775624175618,ok
EEM + Raman interpretable,DL,ANN MLP,"hidden=(32,16),early_stop",4,150,112,38,43,43,0.6526982235277181,0.4265415740397646,-0.11645707991420928,ok
EEM + Raman interpretable,ML,XGBoost,"n=250,depth=2,eta=0.05",4,150,112,38,43,43,0.6615787373281359,0.38642284177684866,-0.14704445150198997,ok
EEM unfolded full,Statistics,Mean baseline,mean,0,148,111,37,174,12,0.3314980398280951,0.28472364256148047,-0.11812591500314462,ok
EEM unfolded full,Statistics,Linear regression,ols,0,148,111,37,174,96,1.2256173825198502,0.9398569444794362,-14.284055548167135,ok
EEM unfolded full,Statistics,Ridge,alpha=10,0,148,111,37,174,174,0.3946321994109374,0.3174404215940614,-0.5845787216642937,ok
EEM unfolded full,Statistics,Lasso,alpha=0.001,0,148,111,37,174,174,0.6702638824729414,0.5247657846121795,-3.5710968133874417,ok
EEM unfolded full,Statistics,Elastic Net,"alpha=0.001,l1_ratio=0.2",0,148,111,37,174,174,0.7098465335884101,0.5607483598281984,-4.126933868618615,ok
EEM unfolded full,Chemometrics,PLSR,n_components=2,0,148,111,37,174,174,0.38340708781335237,0.27682613554381136,-0.49571572009801,ok
EEM unfolded full,Chemometrics,PLSR,n_components=5,0,148,111,37,174,174,0.36101950671364974,0.27246861937789124,-0.32614227800959816,ok
EEM unfolded full,Chemometrics,PCR + Ridge,n_components=5,0,148,111,37,174,174,0.37537432386512426,0.2734430159041957,-0.433698760364732,ok
EEM unfolded full,ML,SVR linear,"C=1,epsilon=0.05",0,148,111,37,174,174,0.7158991765476141,0.5587098291325442,-4.214738194579631,ok
EEM unfolded full,ML,SVR RBF,"C=10,epsilon=0.05",0,148,111,37,174,174,0.35266871860557397,0.24877458194472854,-0.2655014979017525,ok
EEM unfolded full,ML,Weighted kNN,"k=3,distance",0,148,111,37,174,96,0.3816628226652874,0.2550571324740494,-0.4821375136042858,ok
EEM unfolded full,ML,Kernel ridge,"rbf,alpha=0.1",0,148,111,37,174,174,0.3340960923095128,0.2256229502492048,-0.1357207900966353,ok
EEM unfolded full,ML,Random forest,"n=250,max_depth=4",0,148,111,37,174,96,0.3223560984957813,0.2158038078899057,-0.057305680467750086,ok
EEM unfolded full,ML,Extra trees,"n=250,max_depth=4",0,148,111,37,174,96,0.3015382070737929,0.21694222399939705,0.07484717292292187,ok
EEM unfolded full,DL,ANN MLP,"hidden=(32,16),early_stop",0,148,111,37,174,96,0.4427072265191139,0.33068641958515865,-0.9941692092913477,ok
EEM unfolded full,ML,XGBoost,"n=250,depth=2,eta=0.05",0,148,111,37,174,174,0.35347572277735734,0.23557690606628717,-0.27129976354604923,ok
EEM unfolded full,Statistics,Mean baseline,mean,1,148,111,37,174,12,0.548383706499764,0.35666179693206723,-0.056190299538443345,ok
EEM unfolded full,Statistics,Linear regression,ols,1,148,111,37,174,96,1.1981238663876912,0.971178694257714,-4.041694519161139,ok
EEM unfolded full,Statistics,Ridge,alpha=10,1,148,111,37,174,174,0.4370719950038393,0.3273090944871346,0.32906715967616695,ok
EEM unfolded full,Statistics,Lasso,alpha=0.001,1,148,111,37,174,174,0.7217886702174184,0.491954561713119,-0.829756129568944,ok
EEM unfolded full,Statistics,Elastic Net,"alpha=0.001,l1_ratio=0.2",1,148,111,37,174,174,0.7156972225354289,0.5313186933934219,-0.799002441927545,ok
EEM unfolded full,Chemometrics,PLSR,n_components=2,1,148,111,37,174,174,0.4273162439482007,0.2868446476732081,0.35868426760328587,ok
EEM unfolded full,Chemometrics,PLSR,n_components=5,1,148,111,37,174,174,0.41478995720467193,0.3059280831514872,0.39573205738771056,ok
EEM unfolded full,Chemometrics,PCR + Ridge,n_components=5,1,148,111,37,174,174,0.4448897478674739,0.30232649403669304,0.3048510277718136,ok
EEM unfolded full,ML,SVR linear,"C=1,epsilon=0.05",1,148,111,37,174,174,0.6959634404302529,0.5346797176970971,-0.7011630532023778,ok
EEM unfolded full,ML,SVR RBF,"C=10,epsilon=0.05",1,148,111,37,174,174,0.5179849210486411,0.3115872148398821,0.057660656308191505,ok
EEM unfolded full,ML,Weighted kNN,"k=3,distance",1,148,111,37,174,96,0.42317947177784315,0.30044969377354896,0.37104109050987066,ok
EEM unfolded full,ML,Kernel ridge,"rbf,alpha=0.1",1,148,111,37,174,174,0.5287234558139048,0.3073213516300109,0.01818368585841168,ok
EEM unfolded full,ML,Random forest,"n=250,max_depth=4",1,148,111,37,174,96,0.35056328052585406,0.24849221245686007,0.5683756495078665,ok
EEM unfolded full,ML,Extra trees,"n=250,max_depth=4",1,148,111,37,174,96,0.3466435265299392,0.25300653611975676,0.5779739318147217,ok
EEM unfolded full,DL,ANN MLP,"hidden=(32,16),early_stop",1,148,111,37,174,96,0.9266710135785746,0.6393679553547116,-2.0159507554453873,ok
EEM unfolded full,ML,XGBoost,"n=250,depth=2,eta=0.05",1,148,111,37,174,174,0.3679559756160011,0.2409881367751498,0.5244843555681559,ok
EEM unfolded full,Statistics,Mean baseline,mean,2,148,111,37,174,12,0.5053037266639787,0.32608229851473103,-0.00031797070586758736,ok
EEM unfolded full,Statistics,Linear regression,ols,2,148,111,37,174,96,1.3269579932617215,1.0054348705262384,-5.898384833831353,ok
EEM unfolded full,Statistics,Ridge,alpha=10,2,148,111,37,174,174,0.36771426859332673,0.2703427296548566,0.4702706533663624,ok
EEM unfolded full,Statistics,Lasso,alpha=0.001,2,148,111,37,174,174,0.5336311734434894,0.4148387179414415,-0.11561784564925803,ok
EEM unfolded full,Statistics,Elastic Net,"alpha=0.001,l1_ratio=0.2",2,148,111,37,174,174,0.5883626820130698,0.46550035327437317,-0.3561986463034197,ok
EEM unfolded full,Chemometrics,PLSR,n_components=2,2,148,111,37,174,174,0.4061582909352416,0.2793867242849585,0.3537155384344006,ok
EEM unfolded full,Chemometrics,PLSR,n_components=5,2,148,111,37,174,174,0.3796965071117547,0.270117383592883,0.43518493411677794,ok
EEM unfolded full,Chemometrics,PCR + Ridge,n_components=5,2,148,111,37,174,174,0.41601903269690227,0.28964126876546653,0.32195351598667643,ok
EEM unfolded full,ML,SVR linear,"C=1,epsilon=0.05",2,148,111,37,174,174,0.6234573763053558,0.5073863595131989,-0.5228130982680907,ok
EEM unfolded full,ML,SVR RBF,"C=10,epsilon=0.05",2,148,111,37,174,174,0.488747938687706,0.27264641283795243,0.06415710810850617,ok
EEM unfolded full,ML,Weighted kNN,"k=3,distance",2,148,111,37,174,96,0.47948723092798334,0.2914384525876644,0.09928548644977386,ok
EEM unfolded full,ML,Kernel ridge,"rbf,alpha=0.1",2,148,111,37,174,174,0.5074397681899181,0.26357570860100027,-0.00879301979100422,ok
EEM unfolded full,ML,Random forest,"n=250,max_depth=4",2,148,111,37,174,96,0.338310760056488,0.23012543007964462,0.5516009433527072,ok
EEM unfolded full,ML,Extra trees,"n=250,max_depth=4",2,148,111,37,174,96,0.33260763284884626,0.2313982356482321,0.5665914332184365,ok
EEM unfolded full,DL,ANN MLP,"hidden=(32,16),early_stop",2,148,111,37,174,96,0.46420157868359724,0.35329245097813333,0.15579815933673324,ok
EEM unfolded full,ML,XGBoost,"n=250,depth=2,eta=0.05",2,148,111,37,174,174,0.3687463881270149,0.2426653606887605,0.4672927361749565,ok
EEM unfolded full,Statistics,Mean baseline,mean,3,148,111,37,174,12,0.3009426523334754,0.27424640857073285,-0.4521610577548738,ok
EEM unfolded full,Statistics,Linear regression,ols,3,148,111,37,174,96,1.1419422730129762,0.9131348001492136,-19.909112439095153,ok
EEM unfolded full,Statistics,Ridge,alpha=10,3,148,111,37,174,174,0.4017486516392507,0.3076705467846624,-1.5879516207498918,ok
EEM unfolded full,Statistics,Lasso,alpha=0.001,3,148,111,37,174,174,0.625547449977609,0.5283271296039903,-5.274336601844773,ok
EEM unfolded full,Statistics,Elastic Net,"alpha=0.001,l1_ratio=0.2",3,148,111,37,174,174,0.7192446336889131,0.5642318056110089,-7.294697612914254,ok
EEM unfolded full,Chemometrics,PLSR,n_components=2,3,148,111,37,174,174,0.30191531575827363,0.21447048457742257,-0.4615631582409623,ok
EEM unfolded full,Chemometrics,PLSR,n_components=5,3,148,111,37,174,174,0.278691698003045,0.21174188916339542,-0.24536128615059893,ok
EEM unfolded full,Chemometrics,PCR + Ridge,n_components=5,3,148,111,37,174,174,0.3154900286710327,0.23132133537168234,-0.5959473970868157,ok
EEM unfolded full,ML,SVR linear,"C=1,epsilon=0.05",3,148,111,37,174,174,0.7218399822808858,0.5595863169885787,-7.354667395951978,ok
EEM unfolded full,ML,SVR RBF,"C=10,epsilon=0.05",3,148,111,37,174,174,0.3160637788781427,0.2585747121778438,-0.6017574556610845,ok
EEM unfolded full,ML,Weighted kNN,"k=3,distance",3,148,111,37,174,96,0.3594275862830592,0.22163308221190936,-1.0714292786431612,ok
EEM unfolded full,ML,Kernel ridge,"rbf,alpha=0.1",3,148,111,37,174,174,0.27203155704002424,0.21089628675032648,-0.18654953182330436,ok
EEM unfolded full,ML,Random forest,"n=250,max_depth=4",3,148,111,37,174,96,0.30194260198974543,0.2157440548249086,-0.4618273538660864,ok
EEM unfolded full,ML,Extra trees,"n=250,max_depth=4",3,148,111,37,174,96,0.30050971525583864,0.2193308027517737,-0.4479858958836471,ok
EEM unfolded full,DL,ANN MLP,"hidden=(32,16),early_stop",3,148,111,37,174,96,0.37981435041743916,0.28463261518526484,-1.3130767150615612,ok
EEM unfolded full,ML,XGBoost,"n=250,depth=2,eta=0.05",3,148,111,37,174,174,0.34381662468543783,0.2425154283018531,-0.8954007257016798,ok
EEM unfolded full,Statistics,Mean baseline,mean,4,148,111,37,174,12,0.49935272201002034,0.32771365960555154,-0.0003387557203491376,ok
EEM unfolded full,Statistics,Linear regression,ols,4,148,111,37,174,96,1.0553792940385796,0.8387105248592345,-3.468372704894602,ok
EEM unfolded full,Statistics,Ridge,alpha=10,4,148,111,37,174,174,0.46127561836700126,0.34651519324461144,0.14640227077480983,ok
EEM unfolded full,Statistics,Lasso,alpha=0.001,4,148,111,37,174,174,0.58567174526031,0.48361732022474263,-0.37607085646054617,ok
EEM unfolded full,Statistics,Elastic Net,"alpha=0.001,l1_ratio=0.2",4,148,111,37,174,174,0.6395295950150163,0.5224647963396699,-0.6407920579664863,ok
EEM unfolded full,Chemometrics,PLSR,n_components=2,4,148,111,37,174,174,0.4639791883782753,0.28283074586210777,0.1363669508549692,ok
EEM unfolded full,Chemometrics,PLSR,n_components=5,4,148,111,37,174,174,0.4648870458009066,0.29686123137599923,0.13298394245450595,ok
EEM unfolded full,Chemometrics,PCR + Ridge,n_components=5,4,148,111,37,174,174,0.4620573157674333,0.280218520694567,0.1435067329275762,ok
EEM unfolded full,ML,SVR linear,"C=1,epsilon=0.05",4,148,111,37,174,174,0.6447269846071907,0.5391208419102255,-0.6675695145283334,ok
EEM unfolded full,ML,SVR RBF,"C=10,epsilon=0.05",4,148,111,37,174,174,0.3753014987033494,0.2444554973925824,0.4349422328081872,ok
EEM unfolded full,ML,Weighted kNN,"k=3,distance",4,148,111,37,174,96,0.40647698123077763,0.2679711862955472,0.33716693505547257,ok
EEM unfolded full,ML,Kernel ridge,"rbf,alpha=0.1",4,148,111,37,174,174,0.3850033294615626,0.23311569292222606,0.4053502753181649,ok
EEM unfolded full,ML,Random forest,"n=250,max_depth=4",4,148,111,37,174,96,0.42039117258256775,0.2630356692582711,0.2910111131453218,ok
EEM unfolded full,ML,Extra trees,"n=250,max_depth=4",4,148,111,37,174,96,0.4411044972047072,0.2649297338113007,0.21942394843286994,ok
EEM unfolded full,DL,ANN MLP,"hidden=(32,16),early_stop",4,148,111,37,174,96,0.4831542907634063,0.31885990442466344,0.0635082989227641,ok
EEM unfolded full,ML,XGBoost,"n=250,depth=2,eta=0.05",4,148,111,37,174,174,0.4458166610746047,0.2569267766681072,0.20265763224008038,ok
Raman full,Statistics,Mean baseline,mean,0,150,112,38,1501,12,0.29512906650488685,0.2696804511278195,-0.5862115380801094,ok
Raman full,Statistics,Linear regression,ols,0,150,112,38,1501,96,1.6088891671239,1.1998264058437704,-46.139979719499145,ok
Raman full,Statistics,Ridge,alpha=10,0,150,112,38,1501,192,0.5175028522049071,0.43036881025676665,-3.8771109078747594,ok
Raman full,Statistics,Lasso,alpha=0.001,0,150,112,38,1501,192,1.128249602141731,0.8824286976649014,-22.181819201773376,ok
Raman full,Statistics,Elastic Net,"alpha=0.001,l1_ratio=0.2",0,150,112,38,1501,192,1.3251829778109683,0.9765355914248764,-30.98076393132156,ok
Raman full,Chemometrics,PLSR,n_components=2,0,150,112,38,1501,192,0.332087127045242,0.2925335555128066,-1.008358405914723,ok
Raman full,Chemometrics,PLSR,n_components=5,0,150,112,38,1501,192,0.39405062161833593,0.31564858525426237,-1.827751036088625,ok
Raman full,Chemometrics,PCR + Ridge,n_components=5,0,150,112,38,1501,192,0.31997093007959293,0.28901590829022544,-0.8644819515509723,ok
Raman full,ML,SVR linear,"C=1,epsilon=0.05",0,150,112,38,1501,192,1.3713137554383055,0.987730506503787,-33.2460748087357,ok
Raman full,ML,SVR RBF,"C=10,epsilon=0.05",0,150,112,38,1501,192,0.4142266296170874,0.32591975334107337,-2.124734818086883,ok
Raman full,ML,Weighted kNN,"k=3,distance",0,150,112,38,1501,96,0.3513117186535583,0.19276487826536162,-1.2476175253195652,ok
Raman full,ML,Kernel ridge,"rbf,alpha=0.1",0,150,112,38,1501,192,0.3754109499266449,0.2956164561337624,-1.5665575570467891,ok
Raman full,ML,Random forest,"n=250,max_depth=4",0,150,112,38,1501,96,0.34351239758054575,0.2771233335939412,-1.1489285092179888,ok
Raman full,ML,Extra trees,"n=250,max_depth=4",0,150,112,38,1501,96,0.30463276883930984,0.2639733592558263,-0.6900142711576609,ok
Raman full,DL,ANN MLP,"hidden=(32,16),early_stop",0,150,112,38,1501,96,0.37778169575043463,0.2718759006485501,-1.5990758845981587,ok
Raman full,ML,XGBoost,"n=250,depth=2,eta=0.05",0,150,112,38,1501,192,0.32493243197471094,0.26321098948583793,-0.9227519409267466,ok
Raman full,Statistics,Mean baseline,mean,1,150,112,38,1501,12,0.3062327308037921,0.25986372180451134,-0.11732709228443894,ok
Raman full,Statistics,Linear regression,ols,1,150,112,38,1501,96,1.4638534942559855,1.1767957797758262,-24.531265540011823,ok
Raman full,Statistics,Ridge,alpha=10,1,150,112,38,1501,192,0.43034624131470794,0.33929971828111993,-1.206546801478411,ok
Raman full,Statistics,Lasso,alpha=0.001,1,150,112,38,1501,192,0.7718940805569967,0.5779484869063173,-6.09892415200816,ok
Raman full,Statistics,Elastic Net,"alpha=0.001,l1_ratio=0.2",1,150,112,38,1501,192,0.9149344700297781,0.6925255180097323,-8.97371823397442,ok
Raman full,Chemometrics,PLSR,n_components=2,1,150,112,38,1501,192,0.3109732900109658,0.23736488841691053,-0.15218785173460203,ok
Raman full,Chemometrics,PLSR,n_components=5,1,150,112,38,1501,192,0.4028315965747641,0.32632155388593975,-0.9334109340394952,ok
Raman full,Chemometrics,PCR + Ridge,n_components=5,1,150,112,38,1501,192,0.30399222345777865,0.25490449740677235,-0.10103737860853279,ok
Raman full,ML,SVR linear,"C=1,epsilon=0.05",1,150,112,38,1501,192,0.9533135312494431,0.722147532312231,-9.828009544158293,ok
Raman full,ML,SVR RBF,"C=10,epsilon=0.05",1,150,112,38,1501,192,0.3857066083329811,0.26300876200708173,-0.7725205319934203,ok
Raman full,ML,Weighted kNN,"k=3,distance",1,150,112,38,1501,96,0.4034732142576169,0.2441782208591375,-0.9395747929696845,ok
Raman full,ML,Kernel ridge,"rbf,alpha=0.1",1,150,112,38,1501,192,0.38411744048546237,0.28110601323683543,-0.7579445320193929,ok
Raman full,ML,Random forest,"n=250,max_depth=4",1,150,112,38,1501,96,0.35078809566937874,0.2670706824113577,-0.46611085273482544,ok
Raman full,ML,Extra trees,"n=250,max_depth=4",1,150,112,38,1501,96,0.3113660284466522,0.24827440882902868,-0.155099961635907,ok
Raman full,DL,ANN MLP,"hidden=(32,16),early_stop",1,150,112,38,1501,96,0.4162677310927898,0.3056794013147601,-1.0645366968729046,ok
Raman full,ML,XGBoost,"n=250,depth=2,eta=0.05",1,150,112,38,1501,192,0.37432670648761524,0.2579085020245494,-0.669470469247589,ok
Raman full,Statistics,Mean baseline,mean,2,150,112,38,1501,12,0.5073359445909648,0.32307330827067665,-0.010602271663350926,ok
Raman full,Statistics,Linear regression,ols,2,150,112,38,1501,96,1.3459746391903709,0.7716706656468785,-6.11316295541099,ok
Raman full,Statistics,Ridge,alpha=10,2,150,112,38,1501,192,0.809505369762707,0.5201721607120364,-1.572932968902995,ok
Raman full,Statistics,Lasso,alpha=0.001,2,150,112,38,1501,192,1.0066152380594064,0.677471526899985,-2.978469242705154,ok
Raman full,Statistics,Elastic Net,"alpha=0.001,l1_ratio=0.2",2,150,112,38,1501,192,1.0780532586766465,0.7194838014548571,-3.563199302003138,ok
Raman full,Chemometrics,PLSR,n_components=2,2,150,112,38,1501,192,0.7262882296880364,0.39084945180796044,-1.071128362522836,ok
Raman full,Chemometrics,PLSR,n_components=5,2,150,112,38,1501,192,0.5312949782772552,0.3423416651420245,-0.10830789297802323,ok
Raman full,Chemometrics,PCR + Ridge,n_components=5,2,150,112,38,1501,192,0.6120303470043091,0.3804719960757643,-0.47073665917837704,ok
Raman full,ML,SVR linear,"C=1,epsilon=0.05",2,150,112,38,1501,192,1.0623178483701896,0.7135370272220207,-3.4309613375114196,ok
Raman full,ML,SVR RBF,"C=10,epsilon=0.05",2,150,112,38,1501,192,0.5302896660646308,0.34941803486938583,-0.10411759805827825,ok
Raman full,ML,Weighted kNN,"k=3,distance",2,150,112,38,1501,96,0.5361312212765594,0.27999267677471673,-0.12857701682593992,ok
Raman full,ML,Kernel ridge,"rbf,alpha=0.1",2,150,112,38,1501,192,0.5374389616699252,0.326615888668346,-0.13408942011863756,ok
Raman full,ML,Random forest,"n=250,max_depth=4",2,150,112,38,1501,96,0.5467028492580726,0.3532726456852375,-0.17352319694798624,ok
Raman full,ML,Extra trees,"n=250,max_depth=4",2,150,112,38,1501,96,0.49269649969855545,0.3239964321834616,0.04687917681201814,ok
Raman full,DL,ANN MLP,"hidden=(32,16),early_stop",2,150,112,38,1501,96,0.6208610382509565,0.4520144348749947,-0.5134839427875135,ok
Raman full,ML,XGBoost,"n=250,depth=2,eta=0.05",2,150,112,38,1501,192,0.5607464670766101,0.3611639296167873,-0.23458812722181732,ok
Raman full,Statistics,Mean baseline,mean,3,150,112,38,1501,12,0.4934294186768383,0.3210714285714285,-0.00025697240802968757,ok
Raman full,Statistics,Linear regression,ols,3,150,112,38,1501,96,0.95853959088907,0.7494358181340693,-2.7746928657762275,ok
Raman full,Statistics,Ridge,alpha=10,3,150,112,38,1501,192,0.5840991322284277,0.3866649199877772,-0.40163402502099843,ok
Raman full,Statistics,Lasso,alpha=0.001,3,150,112,38,1501,192,0.9331446027259082,0.7052253250980648,-2.5773333098633353,ok
Raman full,Statistics,Elastic Net,"alpha=0.001,l1_ratio=0.2",3,150,112,38,1501,192,1.0080072393173691,0.7726477068450733,-3.174349538091274,ok
Raman full,Chemometrics,PLSR,n_components=2,3,150,112,38,1501,192,0.5063247921758403,0.3183972799313722,-0.05322193586633017,ok
Raman full,Chemometrics,PLSR,n_components=5,3,150,112,38,1501,192,0.551922861420846,0.3489141870565577,-0.25146375645657626,ok
Raman full,Chemometrics,PCR + Ridge,n_components=5,3,150,112,38,1501,192,0.504319425705255,0.3170756565126091,-0.04489560711130669,ok
Raman full,ML,SVR linear,"C=1,epsilon=0.05",3,150,112,38,1501,192,1.0222985153031268,0.7773578455885645,-3.293554397881927,ok
Raman full,ML,SVR RBF,"C=10,epsilon=0.05",3,150,112,38,1501,192,0.5346095869949776,0.33857615579522077,-0.17418085418948426,ok
Raman full,ML,Weighted kNN,"k=3,distance",3,150,112,38,1501,96,0.49370538113836504,0.22447829646496478,-0.0013761215913568048,ok
Raman full,ML,Kernel ridge,"rbf,alpha=0.1",3,150,112,38,1501,192,0.5107377954422115,0.31258778534669956,-0.07166119372380653,ok
Raman full,ML,Random forest,"n=250,max_depth=4",3,150,112,38,1501,96,0.5142736520489658,0.3264776559726153,-0.08655085676117724,ok
Raman full,ML,Extra trees,"n=250,max_depth=4",3,150,112,38,1501,96,0.5083797832619511,0.3217467086323024,-0.06178858679112964,ok
Raman full,DL,ANN MLP,"hidden=(32,16),early_stop",3,150,112,38,1501,96,0.5625894820539054,0.34533614655527173,-0.30030348501890125,ok
Raman full,ML,XGBoost,"n=250,depth=2,eta=0.05",3,150,112,38,1501,192,0.5335882826263976,0.3316344198726706,-0.1696988897487417,ok
Raman full,Statistics,Mean baseline,mean,4,150,112,38,1501,12,0.6361597912537823,0.3728477443609023,-0.06059506628269573,ok
Raman full,Statistics,Linear regression,ols,4,150,112,38,1501,96,1.3573124283366274,1.0433955997282724,-3.8281062882280024,ok
Raman full,Statistics,Ridge,alpha=10,4,150,112,38,1501,192,0.6781718241630875,0.4173153372465064,-0.20530415961594817,ok
Raman full,Statistics,Lasso,alpha=0.001,4,150,112,38,1501,192,0.8670012851602835,0.6745799367213956,-0.9699565768116736,ok
Raman full,Statistics,Elastic Net,"alpha=0.001,l1_ratio=0.2",4,150,112,38,1501,192,0.9875768007733513,0.8024881491517365,-1.5559886998550825,ok
Raman full,Chemometrics,PLSR,n_components=2,4,150,112,38,1501,192,0.646890392558452,0.3677235039994925,-0.09667659029164222,ok
Raman full,Chemometrics,PLSR,n_components=5,4,150,112,38,1501,192,0.6633086522047689,0.40566522010264056,-0.15305094305521472,ok
Raman full,Chemometrics,PCR + Ridge,n_components=5,4,150,112,38,1501,192,0.6479547588665207,0.3591241885947633,-0.10028841050700987,ok
Raman full,ML,SVR linear,"C=1,epsilon=0.05",4,150,112,38,1501,192,0.9482443788544567,0.6939179144735012,-1.3564472621134445,ok
Raman full,ML,SVR RBF,"C=10,epsilon=0.05",4,150,112,38,1501,192,0.684445402552291,0.3939837661584697,-0.2277071697252142,ok
Raman full,ML,Weighted kNN,"k=3,distance",4,150,112,38,1501,96,0.6547930138734555,0.3234503360447701,-0.12363496533425877,ok
Raman full,ML,Kernel ridge,"rbf,alpha=0.1",4,150,112,38,1501,192,0.6643481392247961,0.40089283719075175,-0.1566677228085267,ok
Raman full,ML,Random forest,"n=250,max_depth=4",4,150,112,38,1501,96,0.6610997157259779,0.36647350628582315,-0.14538399864973583,ok
Raman full,ML,Extra trees,"n=250,max_depth=4",4,150,112,38,1501,96,0.6487863701233211,0.3581400152706515,-0.10311453192108888,ok
Raman full,DL,ANN MLP,"hidden=(32,16),early_stop",4,150,112,38,1501,96,0.7469356055203334,0.4748738517365243,-0.46212160744426534,ok
Raman full,ML,XGBoost,"n=250,depth=2,eta=0.05",4,150,112,38,1501,192,0.6746007332873245,0.39417809208953064,-0.19264389283444516,ok
EEM + Raman full,Statistics,Mean baseline,mean,0,150,112,38,1675,12,0.29512906650488685,0.2696804511278195,-0.5862115380801094,ok
EEM + Raman full,Statistics,Linear regression,ols,0,150,112,38,1675,96,0.8967899264121175,0.7499702572422452,-13.645984787681991,ok
EEM + Raman full,Statistics,Ridge,alpha=10,0,150,112,38,1675,192,0.43303202263909546,0.345484155299774,-2.4148934956533,ok
EEM + Raman full,Statistics,Lasso,alpha=0.001,0,150,112,38,1675,192,0.5549698540596212,0.4372597767117747,-4.608877075664174,ok
EEM + Raman full,Statistics,Elastic Net,"alpha=0.001,l1_ratio=0.2",0,150,112,38,1675,192,0.6569553813758677,0.5355696343521947,-6.859752765907332,ok
EEM + Raman full,Chemometrics,PLSR,n_components=2,0,150,112,38,1675,192,0.38251574656308074,0.3005371845962826,-1.6646229995276167,ok
EEM + Raman full,Chemometrics,PLSR,n_components=5,0,150,112,38,1675,192,0.40708314609050644,0.33503515452030747,-2.0178898248455828,ok
EEM + Raman full,Chemometrics,PCR + Ridge,n_components=5,0,150,112,38,1675,192,0.33706756062228366,0.2561908079134444,-1.0690503170655257,ok
EEM + Raman full,ML,SVR linear,"C=1,epsilon=0.05",0,150,112,38,1675,192,0.6213840900951709,0.50392424089458,-6.031652419952104,ok
EEM + Raman full,ML,SVR RBF,"C=10,epsilon=0.05",0,150,112,38,1675,192,0.4007126193497161,0.30583548861904086,-1.9241737584157756,ok
EEM + Raman full,ML,Weighted kNN,"k=3,distance",0,150,112,38,1675,96,0.2789041763480237,0.16934141234666913,-0.4165997841504385,ok
EEM + Raman full,ML,Kernel ridge,"rbf,alpha=0.1",0,150,112,38,1675,192,0.36023181126393194,0.266889888730334,-1.3632042542728682,ok
EEM + Raman full,ML,Random forest,"n=250,max_depth=4",0,150,112,38,1675,96,0.3447940014449751,0.25755322288500154,-1.16499321409837,ok
EEM + Raman full,ML,Extra trees,"n=250,max_depth=4",0,150,112,38,1675,96,0.30891724430059264,0.2461620948392028,-0.7378866232319643,ok
EEM + Raman full,DL,ANN MLP,"hidden=(32,16),early_stop",0,150,112,38,1675,96,0.42606093819225355,0.33715437240361235,-2.3058304451912752,ok
EEM + Raman full,ML,XGBoost,"n=250,depth=2,eta=0.05",0,150,112,38,1675,192,0.34100764907075093,0.25573427842831925,-1.1177045885774164,ok
EEM + Raman full,Statistics,Mean baseline,mean,1,150,112,38,1675,12,0.3062327308037921,0.25986372180451134,-0.11732709228443894,ok
EEM + Raman full,Statistics,Linear regression,ols,1,150,112,38,1675,96,0.9469703540649759,0.7629252692876479,-9.684393670891104,ok
EEM + Raman full,Statistics,Ridge,alpha=10,1,150,112,38,1675,192,0.38487140026824834,0.30382678159227877,-0.7648524207462641,ok
EEM + Raman full,Statistics,Lasso,alpha=0.001,1,150,112,38,1675,192,0.5288097176253488,0.45296872522544396,-2.3317773368457146,ok
EEM + Raman full,Statistics,Elastic Net,"alpha=0.001,l1_ratio=0.2",1,150,112,38,1675,192,0.5951946671986674,0.493136572562436,-3.220803926254815,ok
EEM + Raman full,Chemometrics,PLSR,n_components=2,1,150,112,38,1675,192,0.33532327640292076,0.23637032740018626,-0.33969062112618253,ok
EEM + Raman full,Chemometrics,PLSR,n_components=5,1,150,112,38,1675,192,0.3857068803563237,0.30536966546573274,-0.7725230321690437,ok
EEM + Raman full,Chemometrics,PCR + Ridge,n_components=5,1,150,112,38,1675,192,0.31211309651946334,0.2515588839379029,-0.16064953003914773,ok
EEM + Raman full,ML,SVR linear,"C=1,epsilon=0.05",1,150,112,38,1675,192,0.5790042723382058,0.46415361415347517,-2.994299736586723,ok
EEM + Raman full,ML,SVR RBF,"C=10,epsilon=0.05",1,150,112,38,1675,192,0.37031450947839006,0.25804467114168383,-0.6338740399536176,ok
EEM + Raman full,ML,Weighted kNN,"k=3,distance",1,150,112,38,1675,96,0.39541690908535465,0.24435095019726458,-0.8628916197617009,ok
EEM + Raman full,ML,Kernel ridge,"rbf,alpha=0.1",1,150,112,38,1675,192,0.33038362268666654,0.22154812373199895,-0.3005113206530947,ok
EEM + Raman full,ML,Random forest,"n=250,max_depth=4",1,150,112,38,1675,96,0.3005890510653816,0.2055376022497457,-0.07652328973062938,ok
EEM + Raman full,ML,Extra trees,"n=250,max_depth=4",1,150,112,38,1675,96,0.3367403825237397,0.24060672511789113,-0.3510378522556896,ok
EEM + Raman full,DL,ANN MLP,"hidden=(32,16),early_stop",1,150,112,38,1675,96,0.45105640604912123,0.31911716890788394,-1.4240346610372363,ok
EEM + Raman full,ML,XGBoost,"n=250,depth=2,eta=0.05",1,150,112,38,1675,192,0.3170058969394696,0.21400335454382002,-0.1973243012356809,ok
EEM + Raman full,Statistics,Mean baseline,mean,2,150,112,38,1675,12,0.5073359445909648,0.32307330827067665,-0.010602271663350926,ok
EEM + Raman full,Statistics,Linear regression,ols,2,150,112,38,1675,96,1.8910899694131291,1.2609572282945603,-13.041496182323991,ok
EEM + Raman full,Statistics,Ridge,alpha=10,2,150,112,38,1675,192,0.5587048622604122,0.37696693951971755,-0.22561454385218238,ok
EEM + Raman full,Statistics,Lasso,alpha=0.001,2,150,112,38,1675,192,0.8757021925540288,0.5623377879908313,-2.0109384536039205,ok
EEM + Raman full,Statistics,Elastic Net,"alpha=0.001,l1_ratio=0.2",2,150,112,38,1675,192,0.8764884555744151,0.5939863556874637,-2.016347718036255,ok
EEM + Raman full,Chemometrics,PLSR,n_components=2,2,150,112,38,1675,192,0.48182309361617115,0.3348447329567693,0.08848414430466534,ok
EEM + Raman full,Chemometrics,PLSR,n_components=5,2,150,112,38,1675,192,0.4400696056130742,0.3149777422610384,0.23961813190376613,ok
EEM + Raman full,Chemometrics,PCR + Ridge,n_components=5,2,150,112,38,1675,192,0.4581862142513049,0.30956822858199773,0.1757232684447706,ok
EEM + Raman full,ML,SVR linear,"C=1,epsilon=0.05",2,150,112,38,1675,192,0.8036299317490647,0.5284052607007708,-1.5357195091767313,ok
EEM + Raman full,ML,SVR RBF,"C=10,epsilon=0.05",2,150,112,38,1675,192,0.5016320469643436,0.34986255320722404,0.011994069084931391,ok
EEM + Raman full,ML,Weighted kNN,"k=3,distance",2,150,112,38,1675,96,0.40510790267917796,0.26743652186970823,0.3556372376166388,ok
EEM + Raman full,ML,Kernel ridge,"rbf,alpha=0.1",2,150,112,38,1675,192,0.5304459520845065,0.3410580407222179,-0.1047685010795254,ok
EEM + Raman full,ML,Random forest,"n=250,max_depth=4",2,150,112,38,1675,96,0.36340991404577494,0.27139672124990266,0.4814596625594857,ok
EEM + Raman full,ML,Extra trees,"n=250,max_depth=4",2,150,112,38,1675,96,0.36587227704926717,0.27557633092139444,0.47440889025829225,ok
EEM + Raman full,DL,ANN MLP,"hidden=(32,16),early_stop",2,150,112,38,1675,96,0.7418732950103579,0.4312097721488652,-1.1609687196257537,ok
EEM + Raman full,ML,XGBoost,"n=250,depth=2,eta=0.05",2,150,112,38,1675,192,0.4285581969452763,0.3055024540404741,0.2788782138805278,ok
EEM + Raman full,Statistics,Mean baseline,mean,3,150,112,38,1675,12,0.4934294186768383,0.3210714285714285,-0.00025697240802968757,ok
EEM + Raman full,Statistics,Linear regression,ols,3,150,112,38,1675,96,1.249189503440666,1.024933030960606,-5.410887593467672,ok
EEM + Raman full,Statistics,Ridge,alpha=10,3,150,112,38,1675,192,0.4350841613351338,0.3209680133494043,0.2223072382786534,ok
EEM + Raman full,Statistics,Lasso,alpha=0.001,3,150,112,38,1675,192,0.6403160235335184,0.466586393044707,-0.6844194569000823,ok
EEM + Raman full,Statistics,Elastic Net,"alpha=0.001,l1_ratio=0.2",3,150,112,38,1675,192,0.6360790680794561,0.5028085978040656,-0.6622016835063362,ok
EEM + Raman full,Chemometrics,PLSR,n_components=2,3,150,112,38,1675,192,0.4031708244760338,0.29648296730747953,0.33221032019559105,ok
EEM + Raman full,Chemometrics,PLSR,n_components=5,3,150,112,38,1675,192,0.43276761222242727,0.3303511802840453,0.2305666397527386,ok
EEM + Raman full,Chemometrics,PCR + Ridge,n_components=5,3,150,112,38,1675,192,0.45762564687796736,0.30182611150982386,0.13963601770148282,ok
EEM + Raman full,ML,SVR linear,"C=1,epsilon=0.05",3,150,112,38,1675,192,0.6632013596810302,0.5024819401130132,-0.8069757544910727,ok
EEM + Raman full,ML,SVR RBF,"C=10,epsilon=0.05",3,150,112,38,1675,192,0.48598130143318696,0.3231411327952823,0.029712070062770324,ok
EEM + Raman full,ML,Weighted kNN,"k=3,distance",3,150,112,38,1675,96,0.37120848667930595,0.25074090357100476,0.4338945932362882,ok
EEM + Raman full,ML,Kernel ridge,"rbf,alpha=0.1",3,150,112,38,1675,192,0.5071200407564626,0.29353023972966186,-0.056532976609728225,ok
EEM + Raman full,ML,Random forest,"n=250,max_depth=4",3,150,112,38,1675,96,0.37733758723789157,0.27991293037601145,0.4150460932708213,ok
EEM + Raman full,ML,Extra trees,"n=250,max_depth=4",3,150,112,38,1675,96,0.3400601764094563,0.2688185218739433,0.5249130937957465,ok
EEM + Raman full,DL,ANN MLP,"hidden=(32,16),early_stop",3,150,112,38,1675,96,0.555084434419068,0.39450366810518206,-0.26584231024613003,ok
EEM + Raman full,ML,XGBoost,"n=250,depth=2,eta=0.05",3,150,112,38,1675,192,0.34777071322396946,0.24499628129421344,0.5031245703524305,ok
EEM + Raman full,Statistics,Mean baseline,mean,4,150,112,38,1675,12,0.6361597912537823,0.3728477443609023,-0.06059506628269573,ok
EEM + Raman full,Statistics,Linear regression,ols,4,150,112,38,1675,96,0.9510237414746994,0.7678185380848603,-1.370281290475258,ok
EEM + Raman full,Statistics,Ridge,alpha=10,4,150,112,38,1675,192,0.634620615715798,0.38982771093745994,-0.05546909895739005,ok
EEM + Raman full,Statistics,Lasso,alpha=0.001,4,150,112,38,1675,192,0.9665829918939247,0.5971570161406313,-1.4484738424380388,ok
EEM + Raman full,Statistics,Elastic Net,"alpha=0.001,l1_ratio=0.2",4,150,112,38,1675,192,1.2139232160134907,0.7198236236651998,-2.8618873850716673,ok
EEM + Raman full,Chemometrics,PLSR,n_components=2,4,150,112,38,1675,192,0.5744220812063939,0.3518722946099528,0.13527219639075183,ok
EEM + Raman full,Chemometrics,PLSR,n_components=5,4,150,112,38,1675,192,0.5825844071157055,0.37210657189278096,0.11052266976952152,ok
EEM + Raman full,Chemometrics,PCR + Ridge,n_components=5,4,150,112,38,1675,192,0.6084686287346188,0.36693678774470717,0.029727875254271896,ok
EEM + Raman full,ML,SVR linear,"C=1,epsilon=0.05",4,150,112,38,1675,192,1.2557976466402327,0.7182001779727218,-3.13291525762257,ok
EEM + Raman full,ML,SVR RBF,"C=10,epsilon=0.05",4,150,112,38,1675,192,0.5540453668526024,0.34033865985835715,0.19553375555169805,ok
EEM + Raman full,ML,Weighted kNN,"k=3,distance",4,150,112,38,1675,96,0.6495730284695631,0.3519425528715157,-0.10579122300086996,ok
EEM + Raman full,ML,Kernel ridge,"rbf,alpha=0.1",4,150,112,38,1675,192,0.5859578583528878,0.33143765787993873,0.10019182031625073,ok
EEM + Raman full,ML,Random forest,"n=250,max_depth=4",4,150,112,38,1675,96,0.5267703658180214,0.338701274596684,0.2727900020852141,ok
EEM + Raman full,ML,Extra trees,"n=250,max_depth=4",4,150,112,38,1675,96,0.5455820417096429,0.3346930913019823,0.21992330361113055,ok
EEM + Raman full,DL,ANN MLP,"hidden=(32,16),early_stop",4,150,112,38,1675,96,0.6820759619391603,0.44433677884596,-0.21922163090057234,ok
EEM + Raman full,ML,XGBoost,"n=250,depth=2,eta=0.05",4,150,112,38,1675,192,0.6106687199897672,0.3676158150311216,0.022698600777551925,ok
Processed Raman,Statistics,Mean baseline,mean,0,150,112,38,175,12,0.29512906650488685,0.2696804511278195,-0.5862115380801094,ok
Processed Raman,Statistics,Linear regression,ols,0,150,112,38,175,96,1.6005043532172585,1.1907989550272864,-45.64991488952678,ok
Processed Raman,Statistics,Ridge,alpha=10,0,150,112,38,175,175,0.594965142293061,0.4937557278795063,-5.446443498206796,ok
Processed Raman,Statistics,Lasso,alpha=0.001,0,150,112,38,175,175,1.1545821907083444,0.9114759827387748,-23.27654310797788,ok
Processed Raman,Statistics,Elastic Net,"alpha=0.001,l1_ratio=0.2",0,150,112,38,175,175,1.3922976149348696,1.0822528200355594,-34.30216127403577,ok
Processed Raman,Chemometrics,PLSR,n_components=2,0,150,112,38,175,175,0.35796745457000956,0.2965934918827805,-1.3335882179881446,ok
Processed Raman,Chemometrics,PLSR,n_components=5,0,150,112,38,175,175,0.5190996756051738,0.41356091189485494,-3.907255283171498,ok
Processed Raman,Chemometrics,PCR + Ridge,n_components=5,0,150,112,38,175,175,0.2947004030712958,0.25750024555040224,-0.5816070638999118,ok
Processed Raman,ML,SVR linear,"C=1,epsilon=0.05",0,150,112,38,175,175,1.327488694594164,1.079157895727133,-31.092148902473717,ok
Processed Raman,ML,SVR RBF,"C=10,epsilon=0.05",0,150,112,38,175,175,0.3458976745721636,0.2791597952039416,-1.1788755269237328,ok
Processed Raman,ML,Weighted kNN,"k=3,distance",0,150,112,38,175,96,0.3633110276833114,0.2614320748162374,-1.4037776726960307,ok
Processed Raman,ML,Kernel ridge,"rbf,alpha=0.1",0,150,112,38,175,175,0.30269030223980053,0.23425881345316257,-0.6685305020783774,ok
Processed Raman,ML,Random forest,"n=250,max_depth=4",0,150,112,38,175,96,0.3371227345525782,0.2700612356592014,-1.0697277301092445,ok
Processed Raman,ML,Extra trees,"n=250,max_depth=4",0,150,112,38,175,96,0.2983375844194937,0.25422441375200955,-0.6208882510887597,ok
Processed Raman,DL,ANN MLP,"hidden=(32,16),early_stop",0,150,112,38,175,96,0.518646996110347,0.3709149660525401,-3.8987002970757745,ok
Processed Raman,ML,XGBoost,"n=250,depth=2,eta=0.05",0,150,112,38,175,175,0.3710787604502074,0.27164556827138814,-1.5076639159851868,ok
Processed Raman,Statistics,Mean baseline,mean,1,150,112,38,175,12,0.3062327308037921,0.25986372180451134,-0.11732709228443894,ok
Processed Raman,Statistics,Linear regression,ols,1,150,112,38,175,96,2.0811055839825463,1.657713446211412,-50.60185857042683,ok
Processed Raman,Statistics,Ridge,alpha=10,1,150,112,38,175,175,0.5307440539019637,0.40570574271807697,-2.356196574045517,ok
Processed Raman,Statistics,Lasso,alpha=0.001,1,150,112,38,175,175,1.1541356377548597,0.8457240405426404,-14.870507626580963,ok
Processed Raman,Statistics,Elastic Net,"alpha=0.001,l1_ratio=0.2",1,150,112,38,175,175,1.4512934272918863,1.1232398130733483,-24.095021488849177,ok
Processed Raman,Chemometrics,PLSR,n_components=2,1,150,112,38,175,175,0.3596754480813867,0.26599427705772505,-0.5413408965067212,ok
Processed Raman,Chemometrics,PLSR,n_components=5,1,150,112,38,175,175,0.4809482769659374,0.35353801188746053,-1.7559660381960853,ok
Processed Raman,Chemometrics,PCR + Ridge,n_components=5,1,150,112,38,175,175,0.3029094952464861,0.23210893035315894,-0.09320822281447527,ok
Processed Raman,ML,SVR linear,"C=1,epsilon=0.05",1,150,112,38,175,175,1.4097266384325238,1.0973636604412884,-22.678104216981883,ok
Processed Raman,ML,SVR RBF,"C=10,epsilon=0.05",1,150,112,38,175,175,0.3157106394638462,0.23644743113515643,-0.1875599721547112,ok
Processed Raman,ML,Weighted kNN,"k=3,distance",1,150,112,38,175,96,0.33659042642900916,0.2052190632052128,-0.3498348409098304,ok
Processed Raman,ML,Kernel ridge,"rbf,alpha=0.1",1,150,112,38,175,175,0.30811087828697054,0.21052514522089336,-0.13107441578182133,ok
Processed Raman,ML,Random forest,"n=250,max_depth=4",1,150,112,38,175,96,0.432581717471761,0.3205522565079058,-1.2295305942658565,ok
Processed Raman,ML,Extra trees,"n=250,max_depth=4",1,150,112,38,175,96,0.35087401945214564,0.2815653797840335,-0.4668291736830088,ok
Processed Raman,DL,ANN MLP,"hidden=(32,16),early_stop",1,150,112,38,175,96,0.5222031709253622,0.4239256393917326,-2.249047976551983,ok
Processed Raman,ML,XGBoost,"n=250,depth=2,eta=0.05",1,150,112,38,175,175,0.39658527698837553,0.2899069577867263,-0.8739167343791183,ok
Processed Raman,Statistics,Mean baseline,mean,2,150,112,38,175,12,0.5073359445909648,0.32307330827067665,-0.010602271663350926,ok
Processed Raman,Statistics,Linear regression,ols,2,150,112,38,175,96,1.3281235261264146,0.976579764679094,-5.925736172502893,ok
Processed Raman,Statistics,Ridge,alpha=10,2,150,112,38,175,175,0.5568360030548655,0.4336746274476386,-0.2174289334099817,ok
Processed Raman,Statistics,Lasso,alpha=0.001,2,150,112,38,175,175,1.0242014255543368,0.7857613541697067,-3.1186961711977785,ok
Processed Raman,Statistics,Elastic Net,"alpha=0.001,l1_ratio=0.2",2,150,112,38,175,175,1.1514813558842272,0.8831802240472516,-4.205983952807459,ok
Processed Raman,Chemometrics,PLSR,n_components=2,2,150,112,38,175,175,0.5263230953997123,0.32606971708674076,-0.0876617582342909,ok
Processed Raman,Chemometrics,PLSR,n_components=5,2,150,112,38,175,175,0.5691554985761204,0.4144233793945994,-0.27189387481746796,ok
Processed Raman,Chemometrics,PCR + Ridge,n_components=5,2,150,112,38,175,175,0.48977084171160595,0.30712168219000946,0.05816493347378571,ok
Processed Raman,ML,SVR linear,"C=1,epsilon=0.05",2,150,112,38,175,175,1.1730396775536052,0.8762418633649189,-4.402744232850374,ok
Processed Raman,ML,SVR RBF,"C=10,epsilon=0.05",2,150,112,38,175,175,0.516602108211713,0.3515148947963434,-0.047855391698237604,ok
Processed Raman,ML,Weighted kNN,"k=3,distance",2,150,112,38,175,96,0.5267467142342208,0.3160342573137007,-0.08941330374954193,ok
Processed Raman,ML,Kernel ridge,"rbf,alpha=0.1",2,150,112,38,175,175,0.5103766073623783,0.314543537193936,-0.02275244270874599,ok
Processed Raman,ML,Random forest,"n=250,max_depth=4",2,150,112,38,175,96,0.4759431874940605,0.3036710292529889,0.11059568169326506,ok
Processed Raman,ML,Extra trees,"n=250,max_depth=4",2,150,112,38,175,96,0.4978008889592769,0.3046288255041733,0.027028006049827802,ok
Processed Raman,DL,ANN MLP,"hidden=(32,16),early_stop",2,150,112,38,175,96,0.7226255740585861,0.4794672331620134,-1.050291724780748,ok
Processed Raman,ML,XGBoost,"n=250,depth=2,eta=0.05",2,150,112,38,175,175,0.4767840453308907,0.27631992241416714,0.10745025071610703,ok
Processed Raman,Statistics,Mean baseline,mean,3,150,112,38,175,12,0.4934294186768383,0.3210714285714285,-0.00025697240802968757,ok
Processed Raman,Statistics,Linear regression,ols,3,150,112,38,175,96,1.592555624965336,1.2494444023192584,-9.41959239826498,ok
Processed Raman,Statistics,Ridge,alpha=10,3,150,112,38,175,175,0.5690608447286593,0.45035233878517983,-0.3303898349449039,ok
Processed Raman,Statistics,Lasso,alpha=0.001,3,150,112,38,175,175,0.9007925660177802,0.7186998299977814,-2.3335816461050247,ok
Processed Raman,Statistics,Elastic Net,"alpha=0.001,l1_ratio=0.2",3,150,112,38,175,175,1.1646054555694265,0.8991454299200902,-4.572103182343527,ok
Processed Raman,Chemometrics,PLSR,n_components=2,3,150,112,38,175,175,0.5203144034969709,0.3471506689035597,-0.11222641745209483,ok
Processed Raman,Chemometrics,PLSR,n_components=5,3,150,112,38,175,175,0.5386959053470874,0.4015807167857841,-0.19219928885564097,ok
Processed Raman,Chemometrics,PCR + Ridge,n_components=5,3,150,112,38,175,175,0.48709568873670295,0.30686381026536214,0.02525709919847019,ok
Processed Raman,ML,SVR linear,"C=1,epsilon=0.05",3,150,112,38,175,175,1.1600376489548745,0.8791206070622414,-4.528479180302989,ok
Processed Raman,ML,SVR RBF,"C=10,epsilon=0.05",3,150,112,38,175,175,0.48896717602077233,0.3113347058115363,0.017752522853942798,ok
Processed Raman,ML,Weighted kNN,"k=3,distance",3,150,112,38,175,96,0.4987841468536863,0.27829933301904775,-0.022084477563270033,ok
Processed Raman,ML,Kernel ridge,"rbf,alpha=0.1",3,150,112,38,175,175,0.49475553404463496,0.27573470278418205,-0.005640674919552557,ok
Processed Raman,ML,Random forest,"n=250,max_depth=4",3,150,112,38,175,96,0.4938841593225632,0.3187281377701592,-0.002101479771534853,ok
Processed Raman,ML,Extra trees,"n=250,max_depth=4",3,150,112,38,175,96,0.5081466646621879,0.32468088593390526,-0.06081503935384225,ok
Processed Raman,DL,ANN MLP,"hidden=(32,16),early_stop",3,150,112,38,175,96,0.584301441741769,0.45006794668043015,-0.40260513759302397,ok
Processed Raman,ML,XGBoost,"n=250,depth=2,eta=0.05",3,150,112,38,175,175,0.5186390353040738,0.34003905805710116,-0.10507539962975998,ok
Processed Raman,Statistics,Mean baseline,mean,4,150,112,38,175,12,0.6361597912537823,0.3728477443609023,-0.06059506628269573,ok
Processed Raman,Statistics,Linear regression,ols,4,150,112,38,175,96,2.4998448272488307,1.9947664480849454,-15.37733655567903,ok
Processed Raman,Statistics,Ridge,alpha=10,4,150,112,38,175,175,0.7695773376875805,0.536701376793698,-0.5521071917089495,ok
Processed Raman,Statistics,Lasso,alpha=0.001,4,150,112,38,175,175,1.1118131665970243,0.8655700212267018,-2.2395209767591138,ok
Processed Raman,Statistics,Elastic Net,"alpha=0.001,l1_ratio=0.2",4,150,112,38,175,175,1.223582141079657,0.9139120692484589,-2.923588291825648,ok
Processed Raman,Chemometrics,PLSR,n_components=2,4,150,112,38,175,175,0.6625434015419404,0.41577637927968003,-0.15039195766635927,ok
Processed Raman,Chemometrics,PLSR,n_components=5,4,150,112,38,175,175,0.7551108282659851,0.5182809975965097,-0.49430265104555526,ok
Processed Raman,Chemometrics,PCR + Ridge,n_components=5,4,150,112,38,175,175,0.6484777328189962,0.37649904890375435,-0.10206524565465358,ok
Processed Raman,ML,SVR linear,"C=1,epsilon=0.05",4,150,112,38,175,175,1.2565600148513378,0.9494135165596876,-3.137934791801592,ok
Processed Raman,ML,SVR RBF,"C=10,epsilon=0.05",4,150,112,38,175,175,0.6585226218956781,0.3981600798390247,-0.13647154959515184,ok
Processed Raman,ML,Weighted kNN,"k=3,distance",4,150,112,38,175,96,0.7004186495651511,0.39294363359869633,-0.28567906788612607,ok
Processed Raman,ML,Kernel ridge,"rbf,alpha=0.1",4,150,112,38,175,175,0.6739897873710442,0.3899185005478461,-0.19048465719620067,ok
Processed Raman,ML,Random forest,"n=250,max_depth=4",4,150,112,38,175,96,0.6361409217249799,0.35660657474611535,-0.0605321492841111,ok
Processed Raman,ML,Extra trees,"n=250,max_depth=4",4,150,112,38,175,96,0.6379969844814298,0.36903161512381205,-0.06672978810718466,ok
Processed Raman,DL,ANN MLP,"hidden=(32,16),early_stop",4,150,112,38,175,96,0.7637517000551297,0.4847657105548528,-0.5286974836256644,ok
Processed Raman,ML,XGBoost,"n=250,depth=2,eta=0.05",4,150,112,38,175,175,0.6454901034044991,0.3782412049037061,-0.09193389425825504,ok
EEM PARAFAC scores,Statistics,Mean baseline,mean,0,148,111,37,6,6,0.3314980398280951,0.28472364256148047,-0.11812591500314462,ok
EEM PARAFAC scores,Statistics,Linear regression,ols,0,148,111,37,6,6,0.3355139069009353,0.28271490640833075,-0.14538063504896015,ok
EEM PARAFAC scores,Statistics,Ridge,alpha=10,0,148,111,37,6,6,0.33620505736519524,0.28536141951392535,-0.15010440781058176,ok
EEM PARAFAC scores,Statistics,Lasso,alpha=0.001,0,148,111,37,6,6,0.3358088642595313,0.2829072854245129,-0.1473953768537235,ok
EEM PARAFAC scores,Statistics,Elastic Net,"alpha=0.001,l1_ratio=0.2",0,148,111,37,6,6,0.33551511708012544,0.2827466404419891,-0.14538889770681518,ok
EEM PARAFAC scores,Chemometrics,PLSR,n_components=2,0,148,111,37,6,6,0.3308120873887083,0.2802812394425511,-0.11350333767947163,ok
EEM PARAFAC scores,Chemometrics,PLSR,n_components=5,0,148,111,37,6,6,0.338577235221833,0.2844976063002088,-0.16639135577789999,ok
EEM PARAFAC scores,Chemometrics,PCR + Ridge,n_components=5,0,148,111,37,6,6,0.339012224283523,0.28697033561035873,-0.1693903371047698,ok
EEM PARAFAC scores,ML,SVR linear,"C=1,epsilon=0.05",0,148,111,37,6,6,0.32553774253453416,0.16033200515007726,-0.07827982346733342,ok
EEM PARAFAC scores,ML,SVR RBF,"C=10,epsilon=0.05",0,148,111,37,6,6,0.32497732578785793,0.18309242142808782,-0.07457047828684282,ok
EEM PARAFAC scores,ML,Weighted kNN,"k=3,distance",0,148,111,37,6,6,0.33979349712991,0.2030789432937636,-0.17478640006658508,ok
EEM PARAFAC scores,ML,Kernel ridge,"rbf,alpha=0.1",0,148,111,37,6,6,0.32988883646267725,0.25857564117208204,-0.10729674207025441,ok
EEM PARAFAC scores,ML,Random forest,"n=250,max_depth=4",0,148,111,37,6,6,0.3769872242465623,0.25949467330076587,-0.4460458022060658,ok
EEM PARAFAC scores,ML,Extra trees,"n=250,max_depth=4",0,148,111,37,6,6,0.3216403195938603,0.26157778949982724,-0.05261548299017127,ok
EEM PARAFAC scores,DL,ANN MLP,"hidden=(32,16),early_stop",0,148,111,37,6,6,0.3813831692111979,0.29272263990832725,-0.4799663143203514,ok
EEM PARAFAC scores,ML,XGBoost,"n=250,depth=2,eta=0.05",0,148,111,37,6,6,0.37965871481216207,0.23186690486766195,-0.466613000450653,ok
EEM PARAFAC scores,Statistics,Mean baseline,mean,1,148,111,37,6,6,0.548383706499764,0.35666179693206723,-0.056190299538443345,ok
EEM PARAFAC scores,Statistics,Linear regression,ols,1,148,111,37,6,6,3.2385997480562403,0.8171191814318229,-35.83728759683109,ok
EEM PARAFAC scores,Statistics,Ridge,alpha=10,1,148,111,37,6,6,0.5348710177180616,0.35229721503772976,-0.00478055387102172,ok
EEM PARAFAC scores,Statistics,Lasso,alpha=0.001,1,148,111,37,6,6,2.5059470436335043,0.696080436731442,-21.055497955803705,ok
EEM PARAFAC scores,Statistics,Elastic Net,"alpha=0.001,l1_ratio=0.2",1,148,111,37,6,6,3.0331848554716063,0.7832810199141692,-31.31252132382128,ok
EEM PARAFAC scores,Chemometrics,PLSR,n_components=2,1,148,111,37,6,6,3.8513754105553635,0.923210158197119,-51.0960500113234,ok
EEM PARAFAC scores,Chemometrics,PLSR,n_components=5,1,148,111,37,6,6,1.7890822802475386,0.5755112743228092,-10.241744689825454,ok
EEM PARAFAC scores,Chemometrics,PCR + Ridge,n_components=5,1,148,111,37,6,6,1.9282086738676187,0.6017949850208144,-12.058134980427448,ok
EEM PARAFAC scores,ML,SVR linear,"C=1,epsilon=0.05",1,148,111,37,6,6,2.2877933288045225,0.6183158543088247,-17.382588595020522,ok
EEM PARAFAC scores,ML,SVR RBF,"C=10,epsilon=0.05",1,148,111,37,6,6,0.6205356228377475,0.3620307585362356,-0.35240424428699413,ok
EEM PARAFAC scores,ML,Weighted kNN,"k=3,distance",1,148,111,37,6,6,0.6693703568681271,0.4155555252653031,-0.5736423707476173,ok
EEM PARAFAC scores,ML,Kernel ridge,"rbf,alpha=0.1",1,148,111,37,6,6,0.6217503169994213,0.4030427234525258,-0.3577040701872778,ok
EEM PARAFAC scores,ML,Random forest,"n=250,max_depth=4",1,148,111,37,6,6,0.4912085778892426,0.3459667291017633,0.15256777715776015,ok
EEM PARAFAC scores,ML,Extra trees,"n=250,max_depth=4",1,148,111,37,6,6,0.4886148249586433,0.36012814746639504,0.1614936254732705,ok
EEM PARAFAC scores,DL,ANN MLP,"hidden=(32,16),early_stop",1,148,111,37,6,6,18.704775312661965,3.4060305317303694,-1227.7911663433479,ok
EEM PARAFAC scores,ML,XGBoost,"n=250,depth=2,eta=0.05",1,148,111,37,6,6,0.5345338099999921,0.3435875639279147,-0.0035140318775079837,ok
EEM PARAFAC scores,Statistics,Mean baseline,mean,2,148,111,37,6,6,0.5053037266639787,0.32608229851473103,-0.00031797070586758736,ok
EEM PARAFAC scores,Statistics,Linear regression,ols,2,148,111,37,6,6,3.2149774755741833,0.7668505148693244,-39.49383768176219,ok
EEM PARAFAC scores,Statistics,Ridge,alpha=10,2,148,111,37,6,6,0.3520346938621094,0.26885862253818066,0.5144834916175038,ok
EEM PARAFAC scores,Statistics,Lasso,alpha=0.001,2,148,111,37,6,6,2.3402219390851866,0.6231794473034615,-20.455920999468386,ok
EEM PARAFAC scores,Statistics,Elastic Net,"alpha=0.001,l1_ratio=0.2",2,148,111,37,6,6,3.0011756663694924,0.7318102467097594,-34.28709458719467,ok
EEM PARAFAC scores,Chemometrics,PLSR,n_components=2,2,148,111,37,6,6,4.903390669650598,1.0545628698410026,-93.19461192584961,ok
EEM PARAFAC scores,Chemometrics,PLSR,n_components=5,2,148,111,37,6,6,6.249946978022186,1.2661595033408282,-152.03322637666216,ok
EEM PARAFAC scores,Chemometrics,PCR + Ridge,n_components=5,2,148,111,37,6,6,2.7458387410514,0.6905662103146675,-28.538138665018895,ok
EEM PARAFAC scores,ML,SVR linear,"C=1,epsilon=0.05",2,148,111,37,6,6,2.487396642998663,0.5732898786943941,-23.239472042821276,ok
EEM PARAFAC scores,ML,SVR RBF,"C=10,epsilon=0.05",2,148,111,37,6,6,0.5831309625693027,0.29302012305192077,-0.332187248002894,ok
EEM PARAFAC scores,ML,Weighted kNN,"k=3,distance",2,148,111,37,6,6,0.5091869492210774,0.24607831164574873,-0.015751789967227703,ok
EEM PARAFAC scores,ML,Kernel ridge,"rbf,alpha=0.1",2,148,111,37,6,6,0.5570476255596195,0.318919963661755,-0.21567566518733217,ok
EEM PARAFAC scores,ML,Random forest,"n=250,max_depth=4",2,148,111,37,6,6,0.4439124291273988,0.2684674958637852,0.22798155141436882,ok
EEM PARAFAC scores,ML,Extra trees,"n=250,max_depth=4",2,148,111,37,6,6,0.42018472529035944,0.30431523185485093,0.3083066665010257,ok
EEM PARAFAC scores,DL,ANN MLP,"hidden=(32,16),early_stop",2,148,111,37,6,6,7.200321745482705,1.420357919274027,-202.1126044704526,ok
EEM PARAFAC scores,ML,XGBoost,"n=250,depth=2,eta=0.05",2,148,111,37,6,6,0.5367139786576304,0.3017481800813127,-0.12854500194776342,ok
EEM PARAFAC scores,Statistics,Mean baseline,mean,3,148,111,37,6,6,0.3009426523334754,0.27424640857073285,-0.4521610577548738,ok
EEM PARAFAC scores,Statistics,Linear regression,ols,3,148,111,37,6,6,0.2927237699144316,0.2517844612854872,-0.37392579400823944,ok
EEM PARAFAC scores,Statistics,Ridge,alpha=10,3,148,111,37,6,6,0.29005571905990174,0.24879163693184567,-0.3489944518407033,ok
EEM PARAFAC scores,Statistics,Lasso,alpha=0.001,3,148,111,37,6,6,0.29189086917908186,0.25125286639409145,-0.36611832571274405,ok
EEM PARAFAC scores,Statistics,Elastic Net,"alpha=0.001,l1_ratio=0.2",3,148,111,37,6,6,0.292781761381232,0.2518765096194924,-0.37447022444100453,ok
EEM PARAFAC scores,Chemometrics,PLSR,n_components=2,3,148,111,37,6,6,0.28377192955344027,0.24284698440309224,-0.29117813838602435,ok
EEM PARAFAC scores,Chemometrics,PLSR,n_components=5,3,148,111,37,6,6,0.2975890225417393,0.25561101790174473,-0.4199763510872472,ok
EEM PARAFAC scores,Chemometrics,PCR + Ridge,n_components=5,3,148,111,37,6,6,0.29678992983553093,0.25493875738647304,-0.41236068513101376,ok
EEM PARAFAC scores,ML,SVR linear,"C=1,epsilon=0.05",3,148,111,37,6,6,0.2538507382510529,0.11713429494819223,-0.03324701473667924,ok
EEM PARAFAC scores,ML,SVR RBF,"C=10,epsilon=0.05",3,148,111,37,6,6,0.2751336484731139,0.14888323875867232,-0.21376528543911766,ok
EEM PARAFAC scores,ML,Weighted kNN,"k=3,distance",3,148,111,37,6,6,0.34131616019473426,0.22201510507169622,-0.8679317326844236,ok
EEM PARAFAC scores,ML,Kernel ridge,"rbf,alpha=0.1",3,148,111,37,6,6,0.3230540882205754,0.2549412763650898,-0.6733923544277509,ok
EEM PARAFAC scores,ML,Random forest,"n=250,max_depth=4",3,148,111,37,6,6,0.32568606084071394,0.2426105780653235,-0.7007702108141662,ok
EEM PARAFAC scores,ML,Extra trees,"n=250,max_depth=4",3,148,111,37,6,6,0.301373346788584,0.25000205608927756,-0.4563205563080559,ok
EEM PARAFAC scores,DL,ANN MLP,"hidden=(32,16),early_stop",3,148,111,37,6,6,0.2794599422812013,0.20900951991621797,-0.25223669988525543,ok
EEM PARAFAC scores,ML,XGBoost,"n=250,depth=2,eta=0.05",3,148,111,37,6,6,0.3289735727441096,0.23887116797067026,-0.7352790376100822,ok
EEM PARAFAC scores,Statistics,Mean baseline,mean,4,148,111,37,6,6,0.49935272201002034,0.32771365960555154,-0.0003387557203491376,ok
EEM PARAFAC scores,Statistics,Linear regression,ols,4,148,111,37,6,6,0.5209889235119406,0.30585310326367016,-0.0889030939734945,ok
EEM PARAFAC scores,Statistics,Ridge,alpha=10,4,148,111,37,6,6,0.5025876934522286,0.3044968864586644,-0.013341786721289495,ok
EEM PARAFAC scores,Statistics,Lasso,alpha=0.001,4,148,111,37,6,6,0.5174853239441,0.30454214913889227,-0.07430680519837263,ok
EEM PARAFAC scores,Statistics,Elastic Net,"alpha=0.001,l1_ratio=0.2",4,148,111,37,6,6,0.5193952305749991,0.30529351711914426,-0.08225142499326621,ok
EEM PARAFAC scores,Chemometrics,PLSR,n_components=2,4,148,111,37,6,6,0.5207955403346252,0.32352519865133383,-0.08809487541306726,ok
EEM PARAFAC scores,Chemometrics,PLSR,n_components=5,4,148,111,37,6,6,0.5212163031449525,0.3067829466534106,-0.0898537798886081,ok
EEM PARAFAC scores,Chemometrics,PCR + Ridge,n_components=5,4,148,111,37,6,6,0.4939944997829258,0.29908269293858925,0.021014006049230316,ok
EEM PARAFAC scores,ML,SVR linear,"C=1,epsilon=0.05",4,148,111,37,6,6,0.5295007808095336,0.2368426231830215,-0.12477449886161662,ok
EEM PARAFAC scores,ML,SVR RBF,"C=10,epsilon=0.05",4,148,111,37,6,6,0.6051795479985344,0.32261785240469665,-0.46926704250346174,ok
EEM PARAFAC scores,ML,Weighted kNN,"k=3,distance",4,148,111,37,6,6,0.537493037043815,0.3233448929001529,-0.1589853243690913,ok
EEM PARAFAC scores,ML,Kernel ridge,"rbf,alpha=0.1",4,148,111,37,6,6,0.5496160803740467,0.32822363936968907,-0.21185626623516884,ok
EEM PARAFAC scores,ML,Random forest,"n=250,max_depth=4",4,148,111,37,6,6,0.5165082254426216,0.31008182233342385,-0.07025369484584076,ok
EEM PARAFAC scores,ML,Extra trees,"n=250,max_depth=4",4,148,111,37,6,6,0.5096177958760001,0.3146604277679841,-0.041888925893343254,ok
EEM PARAFAC scores,DL,ANN MLP,"hidden=(32,16),early_stop",4,148,111,37,6,6,0.8113189266791724,0.4995419368711913,-1.6406781170941933,ok
EEM PARAFAC scores,ML,XGBoost,"n=250,depth=2,eta=0.05",4,148,111,37,6,6,0.5145876794870696,0.31032113315487225,-0.06230938787212148,ok
Processed Raman + PARAFAC,Statistics,Mean baseline,mean,0,148,111,37,181,12,0.3314980398280951,0.28472364256148047,-0.11812591500314462,ok
Processed Raman + PARAFAC,Statistics,Linear regression,ols,0,148,111,37,181,96,1.1865135444315071,1.016499652606736,-13.324325600551205,ok
Processed Raman + PARAFAC,Statistics,Ridge,alpha=10,0,148,111,37,181,181,1.0619074802401942,0.5080799234662949,-10.473664430265492,ok
Processed Raman + PARAFAC,Statistics,Lasso,alpha=0.001,0,148,111,37,181,181,1.892199665621386,0.8308357459875527,-35.43029656207524,ok
Processed Raman + PARAFAC,Statistics,Elastic Net,"alpha=0.001,l1_ratio=0.2",0,148,111,37,181,181,2.490697089638676,0.9817438281551413,-62.12052616112432,ok
Processed Raman + PARAFAC,Chemometrics,PLSR,n_components=2,0,148,111,37,181,181,0.43758835069798563,0.34080444158472656,-0.9483199949798471,ok
Processed Raman + PARAFAC,Chemometrics,PLSR,n_components=5,0,148,111,37,181,181,0.6517299778175886,0.44764835028430583,-3.321795167026818,ok
Processed Raman + PARAFAC,Chemometrics,PCR + Ridge,n_components=5,0,148,111,37,181,181,0.34177713979414853,0.26274782919115025,-0.18854274625079204,ok
Processed Raman + PARAFAC,ML,SVR linear,"C=1,epsilon=0.05",0,148,111,37,181,181,1.829848847327378,0.7784695120103027,-33.068986755320374,ok
Processed Raman + PARAFAC,ML,SVR RBF,"C=10,epsilon=0.05",0,148,111,37,181,181,0.3718476607797635,0.2971316786359619,-0.40688594627525565,ok
Processed Raman + PARAFAC,ML,Weighted kNN,"k=3,distance",0,148,111,37,181,96,0.37595945585387874,0.20566465269908987,-0.43817193177188485,ok
Processed Raman + PARAFAC,ML,Kernel ridge,"rbf,alpha=0.1",0,148,111,37,181,181,0.34334316019019656,0.2422414693880437,-0.19945948792703394,ok
Processed Raman + PARAFAC,ML,Random forest,"n=250,max_depth=4",0,148,111,37,181,96,0.3747498175515022,0.29088063922948465,-0.42893226955623365,ok
Processed Raman + PARAFAC,ML,Extra trees,"n=250,max_depth=4",0,148,111,37,181,96,0.3190583054882623,0.2506979103297282,-0.03578327122471192,ok
Processed Raman + PARAFAC,DL,ANN MLP,"hidden=(32,16),early_stop",0,148,111,37,181,96,0.48952673882053166,0.4005244858538768,-1.4382690235080537,ok
Processed Raman + PARAFAC,ML,XGBoost,"n=250,depth=2,eta=0.05",0,148,111,37,181,181,0.41425681230638245,0.31064279903632563,-0.7460959370119475,ok
Processed Raman + PARAFAC,Statistics,Mean baseline,mean,1,148,111,37,181,12,0.548383706499764,0.35666179693206723,-0.056190299538443345,ok
Processed Raman + PARAFAC,Statistics,Linear regression,ols,1,148,111,37,181,96,2.744603805420886,1.6216638538363712,-25.4565013306213,ok
Processed Raman + PARAFAC,Statistics,Ridge,alpha=10,1,148,111,37,181,181,1.0525819975814663,0.582195206252432,-2.891212650244517,ok
Processed Raman + PARAFAC,Statistics,Lasso,alpha=0.001,1,148,111,37,181,181,6.28967804630528,1.5390466446477513,-137.94084001945927,ok
Processed Raman + PARAFAC,Statistics,Elastic Net,"alpha=0.001,l1_ratio=0.2",1,148,111,37,181,181,6.90245544695132,1.6645815929444447,-166.33250531990845,ok
Processed Raman + PARAFAC,Chemometrics,PLSR,n_components=2,1,148,111,37,181,181,2.239163216431556,0.6951627878743687,-16.609401337551322,ok
Processed Raman + PARAFAC,Chemometrics,PLSR,n_components=5,1,148,111,37,181,181,4.229116677786307,1.1142078836859868,-61.81631033338791,ok
Processed Raman + PARAFAC,Chemometrics,PCR + Ridge,n_components=5,1,148,111,37,181,181,0.5549726140118164,0.3501172264642924,-0.08172332555979711,ok
Processed Raman + PARAFAC,ML,SVR linear,"C=1,epsilon=0.05",1,148,111,37,181,181,5.943354538347198,1.4817687507444635,-123.06131069565426,ok
Processed Raman + PARAFAC,ML,SVR RBF,"C=10,epsilon=0.05",1,148,111,37,181,181,0.5323523417007445,0.3414093313169767,0.004660070512816361,ok
Processed Raman + PARAFAC,ML,Weighted kNN,"k=3,distance",1,148,111,37,181,96,0.5810675680630875,0.34361217394978355,-0.18584072652087458,ok
Processed Raman + PARAFAC,ML,Kernel ridge,"rbf,alpha=0.1",1,148,111,37,181,181,0.5701287670976743,0.3398401010387684,-0.14161324518836227,ok
Processed Raman + PARAFAC,ML,Random forest,"n=250,max_depth=4",1,148,111,37,181,96,0.49689990309446413,0.34794795207444784,0.13281668487174236,ok
Processed Raman + PARAFAC,ML,Extra trees,"n=250,max_depth=4",1,148,111,37,181,96,0.5116522462938916,0.344982441276178,0.08056113094482997,ok
Processed Raman + PARAFAC,DL,ANN MLP,"hidden=(32,16),early_stop",1,148,111,37,181,96,2.062623482059641,0.7227937243868812,-13.942146998112865,ok
Processed Raman + PARAFAC,ML,XGBoost,"n=250,depth=2,eta=0.05",1,148,111,37,181,181,0.5218154878031016,0.3206723104064932,0.043671674410541206,ok
Processed Raman + PARAFAC,Statistics,Mean baseline,mean,2,148,111,37,181,12,0.5053037266639787,0.32608229851473103,-0.00031797070586758736,ok
Processed Raman + PARAFAC,Statistics,Linear regression,ols,2,148,111,37,181,96,1.130912002355824,0.871827529454801,-4.010611087260052,ok
Processed Raman + PARAFAC,Statistics,Ridge,alpha=10,2,148,111,37,181,181,0.7006031545166199,0.4840528316234984,-0.9229909723161811,ok
Processed Raman + PARAFAC,Statistics,Lasso,alpha=0.001,2,148,111,37,181,181,8.930492650690214,2.0045070070709743,-311.4524276657208,ok
Processed Raman + PARAFAC,Statistics,Elastic Net,"alpha=0.001,l1_ratio=0.2",2,148,111,37,181,181,8.973405285510204,2.0404107589455864,-314.4624231416963,ok
Processed Raman + PARAFAC,Chemometrics,PLSR,n_components=2,2,148,111,37,181,181,3.1240265285155995,0.8470284718684095,-37.23512328343028,ok
Processed Raman + PARAFAC,Chemometrics,PLSR,n_components=5,2,148,111,37,181,181,6.630607990802471,1.4857903617199169,-171.24228326099575,ok
Processed Raman + PARAFAC,Chemometrics,PCR + Ridge,n_components=5,2,148,111,37,181,181,0.43806445851554526,0.30722474148862683,0.2481882542433116,ok
Processed Raman + PARAFAC,ML,SVR linear,"C=1,epsilon=0.05",2,148,111,37,181,181,4.857256498444031,1.267402020436706,-91.43046640838206,ok
Processed Raman + PARAFAC,ML,SVR RBF,"C=10,epsilon=0.05",2,148,111,37,181,181,0.4986691187984265,0.3077283383965918,0.025777810012930558,ok
Processed Raman + PARAFAC,ML,Weighted kNN,"k=3,distance",2,148,111,37,181,96,0.48159437082611667,0.23400525205537503,0.09135158681102762,ok
Processed Raman + PARAFAC,ML,Kernel ridge,"rbf,alpha=0.1",2,148,111,37,181,181,0.5331812282225726,0.2957191002391316,-0.11373731347776661,ok
Processed Raman + PARAFAC,ML,Random forest,"n=250,max_depth=4",2,148,111,37,181,96,0.47945738567247803,0.30942445446746836,0.09939761130497571,ok
Processed Raman + PARAFAC,ML,Extra trees,"n=250,max_depth=4",2,148,111,37,181,96,0.48414352169148533,0.3057693857345056,0.08170690555097804,ok
Processed Raman + PARAFAC,DL,ANN MLP,"hidden=(32,16),early_stop",2,148,111,37,181,96,0.5847104460253565,0.40174529520658125,-0.3394138147781589,ok
Processed Raman + PARAFAC,ML,XGBoost,"n=250,depth=2,eta=0.05",2,148,111,37,181,181,0.5025075810250325,0.29948890168119124,0.010722105814233829,ok
Processed Raman + PARAFAC,Statistics,Mean baseline,mean,3,148,111,37,181,12,0.3009426523334754,0.27424640857073285,-0.4521610577548738,ok
Processed Raman + PARAFAC,Statistics,Linear regression,ols,3,148,111,37,181,96,1.9129780046076819,1.4665251417649963,-57.676912090986264,ok
Processed Raman + PARAFAC,Statistics,Ridge,alpha=10,3,148,111,37,181,181,0.594835112581656,0.44898159137024846,-4.673361940478834,ok
Processed Raman + PARAFAC,Statistics,Lasso,alpha=0.001,3,148,111,37,181,181,0.831184794277224,0.6324100589620383,-10.077518319318012,ok
Processed Raman + PARAFAC,Statistics,Elastic Net,"alpha=0.001,l1_ratio=0.2",3,148,111,37,181,181,0.9772930967482353,0.7593757905845038,-14.314293277429764,ok
Processed Raman + PARAFAC,Chemometrics,PLSR,n_components=2,3,148,111,37,181,181,0.3714712768857854,0.2947364730644398,-1.212573848389931,ok
Processed Raman + PARAFAC,Chemometrics,PLSR,n_components=5,3,148,111,37,181,181,0.5517311705250805,0.44560729166417923,-3.8809272958557903,ok
Processed Raman + PARAFAC,Chemometrics,PCR + Ridge,n_components=5,3,148,111,37,181,181,0.310116893406092,0.24651493674610025,-0.5420489047942423,ok
Processed Raman + PARAFAC,ML,SVR linear,"C=1,epsilon=0.05",3,148,111,37,181,181,0.8814794283017111,0.6591591595205317,-11.458669361310184,ok
Processed Raman + PARAFAC,ML,SVR RBF,"C=10,epsilon=0.05",3,148,111,37,181,181,0.34611881453262344,0.2872596064810219,-0.920868845583023,ok
Processed Raman + PARAFAC,ML,Weighted kNN,"k=3,distance",3,148,111,37,181,96,0.37685426563733865,0.25547272747952443,-1.277163261621927,ok
Processed Raman + PARAFAC,ML,Kernel ridge,"rbf,alpha=0.1",3,148,111,37,181,181,0.3071030350960232,0.21909971223125124,-0.5122218708379489,ok
Processed Raman + PARAFAC,ML,Random forest,"n=250,max_depth=4",3,148,111,37,181,96,0.3373110812808381,0.267217683196153,-0.8243514879900107,ok
Processed Raman + PARAFAC,ML,Extra trees,"n=250,max_depth=4",3,148,111,37,181,96,0.3054172161888662,0.25253697197313746,-0.4956649844003047,ok
Processed Raman + PARAFAC,DL,ANN MLP,"hidden=(32,16),early_stop",3,148,111,37,181,96,0.4735596937366793,0.3805614117989774,-2.5958101974148176,ok
Processed Raman + PARAFAC,ML,XGBoost,"n=250,depth=2,eta=0.05",3,148,111,37,181,181,0.3400872873402637,0.2535152765192293,-0.8545053638008726,ok
Processed Raman + PARAFAC,Statistics,Mean baseline,mean,4,148,111,37,181,12,0.49935272201002034,0.32771365960555154,-0.0003387557203491376,ok
Processed Raman + PARAFAC,Statistics,Linear regression,ols,4,148,111,37,181,96,1.0361230439001892,0.7830902165173588,-3.3068021097104348,ok
Processed Raman + PARAFAC,Statistics,Ridge,alpha=10,4,148,111,37,181,181,0.615473243561567,0.42218829520652557,-0.519674607655171,ok
Processed Raman + PARAFAC,Statistics,Lasso,alpha=0.001,4,148,111,37,181,181,0.8616763517123573,0.6001578630966873,-1.9786577125529825,ok
Processed Raman + PARAFAC,Statistics,Elastic Net,"alpha=0.001,l1_ratio=0.2",4,148,111,37,181,181,0.9581203897802333,0.6619184734834923,-2.6827515132050563,ok
Processed Raman + PARAFAC,Chemometrics,PLSR,n_components=2,4,148,111,37,181,181,0.5577161766833956,0.3843744314223949,-0.2478395161839162,ok
Processed Raman + PARAFAC,Chemometrics,PLSR,n_components=5,4,148,111,37,181,181,0.6018642091089214,0.40510504431569616,-0.45321304489798275,ok
Processed Raman + PARAFAC,Chemometrics,PCR + Ridge,n_components=5,4,148,111,37,181,181,0.5173535179097637,0.32982068192647274,-0.07375961253422458,ok
Processed Raman + PARAFAC,ML,SVR linear,"C=1,epsilon=0.05",4,148,111,37,181,181,0.811827882950809,0.5599286234346249,-1.6439922546063412,ok
Processed Raman + PARAFAC,ML,SVR RBF,"C=10,epsilon=0.05",4,148,111,37,181,181,0.5213464098893973,0.34292213665818644,-0.09039794945579294,ok
Processed Raman + PARAFAC,ML,Weighted kNN,"k=3,distance",4,148,111,37,181,96,0.5614114608238716,0.3046534378816466,-0.26443002519561554,ok
Processed Raman + PARAFAC,ML,Kernel ridge,"rbf,alpha=0.1",4,148,111,37,181,181,0.5321726866322994,0.31170901295462894,-0.1361545538866864,ok
Processed Raman + PARAFAC,ML,Random forest,"n=250,max_depth=4",4,148,111,37,181,96,0.5471540436887667,0.35134318383601426,-0.20102342487507974,ok
Processed Raman + PARAFAC,ML,Extra trees,"n=250,max_depth=4",4,148,111,37,181,96,0.5429460536095508,0.33899308527461386,-0.1826210727192885,ok
Processed Raman + PARAFAC,DL,ANN MLP,"hidden=(32,16),early_stop",4,148,111,37,181,96,0.6730719444165252,0.49641425644005766,-0.8174196871043493,ok
Processed Raman + PARAFAC,ML,XGBoost,"n=250,depth=2,eta=0.05",4,148,111,37,181,181,0.5616771214490991,0.3267065032823578,-0.26562696815401665,ok
EEM interpretable + PARAFAC,Statistics,Mean baseline,mean,0,148,111,37,22,12,0.3314980398280951,0.28472364256148047,-0.11812591500314462,ok
EEM interpretable + PARAFAC,Statistics,Linear regression,ols,0,148,111,37,22,22,0.3946384227999476,0.2876570118829656,-0.5846286999862602,ok
EEM interpretable + PARAFAC,Statistics,Ridge,alpha=10,0,148,111,37,22,22,0.3488606868163116,0.2922342413018512,-0.238319884660132,ok
EEM interpretable + PARAFAC,Statistics,Lasso,alpha=0.001,0,148,111,37,22,22,0.3611787601539681,0.27308684974540715,-0.32731251561179686,ok
EEM interpretable + PARAFAC,Statistics,Elastic Net,"alpha=0.001,l1_ratio=0.2",0,148,111,37,22,22,0.37740417880949806,0.28058334740233004,-0.4492462757779516,ok
EEM interpretable + PARAFAC,Chemometrics,PLSR,n_components=2,0,148,111,37,22,22,0.34971253825158066,0.2830073775542264,-0.24437475126042973,ok
EEM interpretable + PARAFAC,Chemometrics,PLSR,n_components=5,0,148,111,37,22,22,0.34973806965279286,0.2940423605255427,-0.24455645358616285,ok
EEM interpretable + PARAFAC,Chemometrics,PCR + Ridge,n_components=5,0,148,111,37,22,22,0.36760577020170676,0.2931934746610494,-0.37497063579898193,ok
EEM interpretable + PARAFAC,ML,SVR linear,"C=1,epsilon=0.05",0,148,111,37,22,22,0.3176598641974321,0.16990704337535972,-0.026723436695253122,ok
EEM interpretable + PARAFAC,ML,SVR RBF,"C=10,epsilon=0.05",0,148,111,37,22,22,0.38448454858074954,0.2732602773824373,-0.504134132299016,ok
EEM interpretable + PARAFAC,ML,Weighted kNN,"k=3,distance",0,148,111,37,22,22,0.3621704232866411,0.22730659355690738,-0.3346111388751485,ok
EEM interpretable + PARAFAC,ML,Kernel ridge,"rbf,alpha=0.1",0,148,111,37,22,22,0.35499894886419864,0.2549851295974793,-0.2822801463577467,ok
EEM interpretable + PARAFAC,ML,Random forest,"n=250,max_depth=4",0,148,111,37,22,22,0.39357678429504417,0.2619636466722175,-0.5761143743699011,ok
EEM interpretable + PARAFAC,ML,Extra trees,"n=250,max_depth=4",0,148,111,37,22,22,0.3205975875616872,0.25539705556295295,-0.04580155664972274,ok
EEM interpretable + PARAFAC,DL,ANN MLP,"hidden=(32,16),early_stop",0,148,111,37,22,22,0.38663977156096724,0.2787440518315162,-0.5210442018285735,ok
EEM interpretable + PARAFAC,ML,XGBoost,"n=250,depth=2,eta=0.05",0,148,111,37,22,22,0.4263290029296726,0.2897089228265592,-0.8493475691333818,ok
EEM interpretable + PARAFAC,Statistics,Mean baseline,mean,1,148,111,37,22,12,0.548383706499764,0.35666179693206723,-0.056190299538443345,ok
EEM interpretable + PARAFAC,Statistics,Linear regression,ols,1,148,111,37,22,22,8.094351607112518,1.5810712237535107,-229.11091557643647,ok
EEM interpretable + PARAFAC,Statistics,Ridge,alpha=10,1,148,111,37,22,22,0.5735999266494887,0.36804385085688074,-0.15555670927630194,ok
EEM interpretable + PARAFAC,Statistics,Lasso,alpha=0.001,1,148,111,37,22,22,5.99253172086995,1.2452770610993156,-125.12284897905455,ok
EEM interpretable + PARAFAC,Statistics,Elastic Net,"alpha=0.001,l1_ratio=0.2",1,148,111,37,22,22,6.975700325725066,1.4037794360227431,-169.90261954583502,ok
EEM interpretable + PARAFAC,Chemometrics,PLSR,n_components=2,1,148,111,37,22,22,4.094867143676965,0.9749991444582036,-57.89151419202685,ok
EEM interpretable + PARAFAC,Chemometrics,PLSR,n_components=5,1,148,111,37,22,22,2.731805965648373,0.7468810458116413,-25.210348012480424,ok
EEM interpretable + PARAFAC,Chemometrics,PCR + Ridge,n_components=5,1,148,111,37,22,22,4.418152776841703,1.0301822270119416,-67.55743302240857,ok
EEM interpretable + PARAFAC,ML,SVR linear,"C=1,epsilon=0.05",1,148,111,37,22,22,0.7747271338183658,0.33808285124533843,-1.108000079366081,ok
EEM interpretable + PARAFAC,ML,SVR RBF,"C=10,epsilon=0.05",1,148,111,37,22,22,0.5594388828604071,0.3514044700866205,-0.09920421536331303,ok
EEM interpretable + PARAFAC,ML,Weighted kNN,"k=3,distance",1,148,111,37,22,22,0.6009852212076572,0.3734041790939764,-0.2685298001322578,ok
EEM interpretable + PARAFAC,ML,Kernel ridge,"rbf,alpha=0.1",1,148,111,37,22,22,0.570333478451616,0.3811500237514425,-0.14243321135443932,ok
EEM interpretable + PARAFAC,ML,Random forest,"n=250,max_depth=4",1,148,111,37,22,22,0.48179373288755845,0.3180424637888429,0.18474141251788434,ok
EEM interpretable + PARAFAC,ML,Extra trees,"n=250,max_depth=4",1,148,111,37,22,22,0.4767799616982865,0.32719672363227975,0.20162104965924,ok
EEM interpretable + PARAFAC,DL,ANN MLP,"hidden=(32,16),early_stop",1,148,111,37,22,22,8.21823507664344,1.6930358595483619,-236.20847899248614,ok
EEM interpretable + PARAFAC,ML,XGBoost,"n=250,depth=2,eta=0.05",1,148,111,37,22,22,0.557234597019776,0.3533233483256521,-0.0905591714776437,ok
EEM interpretable + PARAFAC,Statistics,Mean baseline,mean,2,148,111,37,22,12,0.5053037266639787,0.32608229851473103,-0.00031797070586758736,ok
EEM interpretable + PARAFAC,Statistics,Linear regression,ols,2,148,111,37,22,22,4.738543329822107,1.0287708955176134,-86.96760761844456,ok
EEM interpretable + PARAFAC,Statistics,Ridge,alpha=10,2,148,111,37,22,22,0.3263943092068116,0.26466168169840715,0.582632887537573,ok
EEM interpretable + PARAFAC,Statistics,Lasso,alpha=0.001,2,148,111,37,22,22,3.928780162035303,0.8862873865112922,-59.47119137470752,ok
EEM interpretable + PARAFAC,Statistics,Elastic Net,"alpha=0.001,l1_ratio=0.2",2,148,111,37,22,22,4.207289933467472,0.9364147624178366,-68.34864039434568,ok
EEM interpretable + PARAFAC,Chemometrics,PLSR,n_components=2,2,148,111,37,22,22,5.288418053229337,1.1209039099051485,-108.56822516065316,ok
EEM interpretable + PARAFAC,Chemometrics,PLSR,n_components=5,2,148,111,37,22,22,1.0716276882071203,0.4283374789638186,-3.4990510482794814,ok
EEM interpretable + PARAFAC,Chemometrics,PCR + Ridge,n_components=5,2,148,111,37,22,22,5.222452031029446,1.1039246765463058,-105.851835721614,ok
EEM interpretable + PARAFAC,ML,SVR linear,"C=1,epsilon=0.05",2,148,111,37,22,22,3.962620915344544,0.8149175167823476,-60.51742146718912,ok
EEM interpretable + PARAFAC,ML,SVR RBF,"C=10,epsilon=0.05",2,148,111,37,22,22,0.4855518727860525,0.2736317358109122,0.0763565907324596,ok
EEM interpretable + PARAFAC,ML,Weighted kNN,"k=3,distance",2,148,111,37,22,22,0.5378727417955594,0.27411113701994927,-0.1334233098612987,ok
EEM interpretable + PARAFAC,ML,Kernel ridge,"rbf,alpha=0.1",2,148,111,37,22,22,0.5363365801108078,0.2887408330903309,-0.12695845299347885,ok
EEM interpretable + PARAFAC,ML,Random forest,"n=250,max_depth=4",2,148,111,37,22,22,0.4311719224216732,0.2702903497174444,0.27166024970511826,ok
EEM interpretable + PARAFAC,ML,Extra trees,"n=250,max_depth=4",2,148,111,37,22,22,0.42900202126941367,0.28896916101496145,0.2789726389596534,ok
EEM interpretable + PARAFAC,DL,ANN MLP,"hidden=(32,16),early_stop",2,148,111,37,22,22,4.9882576856024246,1.07764959149385,-96.48343620211868,ok
EEM interpretable + PARAFAC,ML,XGBoost,"n=250,depth=2,eta=0.05",2,148,111,37,22,22,0.543951309250669,0.295134107455284,-0.15918598406763373,ok
EEM interpretable + PARAFAC,Statistics,Mean baseline,mean,3,148,111,37,22,12,0.3009426523334754,0.27424640857073285,-0.4521610577548738,ok
EEM interpretable + PARAFAC,Statistics,Linear regression,ols,3,148,111,37,22,22,0.3058629845001664,0.23499539167906608,-0.5000341330332727,ok
EEM interpretable + PARAFAC,Statistics,Ridge,alpha=10,3,148,111,37,22,22,0.3000566333789884,0.2458429977832995,-0.4436228982003867,ok
EEM interpretable + PARAFAC,Statistics,Lasso,alpha=0.001,3,148,111,37,22,22,0.30382229712666625,0.23537847132645884,-0.4800847492232716,ok
EEM interpretable + PARAFAC,Statistics,Elastic Net,"alpha=0.001,l1_ratio=0.2",3,148,111,37,22,22,0.30468414986498904,0.23495642300956252,-0.4884937723586795,ok
EEM interpretable + PARAFAC,Chemometrics,PLSR,n_components=2,3,148,111,37,22,22,0.2732520177855679,0.22163857566987022,-0.19722024703089258,ok
EEM interpretable + PARAFAC,Chemometrics,PLSR,n_components=5,3,148,111,37,22,22,0.323636442279803,0.25884317992205574,-0.679430879951068,ok
EEM interpretable + PARAFAC,Chemometrics,PCR + Ridge,n_components=5,3,148,111,37,22,22,0.28321073110477474,0.22367958921963654,-0.28607621964700747,ok
EEM interpretable + PARAFAC,ML,SVR linear,"C=1,epsilon=0.05",3,148,111,37,22,22,0.26797514599486005,0.1429025218498903,-0.15142679051713737,ok
EEM interpretable + PARAFAC,ML,SVR RBF,"C=10,epsilon=0.05",3,148,111,37,22,22,0.32423902734127447,0.21843567255715407,-0.6856906329270829,ok
EEM interpretable + PARAFAC,ML,Weighted kNN,"k=3,distance",3,148,111,37,22,22,0.4168065230024769,0.27627760089495884,-1.7855843365921782,ok
EEM interpretable + PARAFAC,ML,Kernel ridge,"rbf,alpha=0.1",3,148,111,37,22,22,0.378894301472658,0.27411758629639954,-1.301884056236739,ok
EEM interpretable + PARAFAC,ML,Random forest,"n=250,max_depth=4",3,148,111,37,22,22,0.3407085939852601,0.2495711977707201,-0.861287557918718,ok
EEM interpretable + PARAFAC,ML,Extra trees,"n=250,max_depth=4",3,148,111,37,22,22,0.3172277171988774,0.24884204088686893,-0.613576460781913,ok
EEM interpretable + PARAFAC,DL,ANN MLP,"hidden=(32,16),early_stop",3,148,111,37,22,22,0.2517874582969772,0.17159909185658187,-0.016518964266661884,ok
EEM interpretable + PARAFAC,ML,XGBoost,"n=250,depth=2,eta=0.05",3,148,111,37,22,22,0.35610016256500154,0.24305904348242424,-1.0332540289436083,ok
EEM interpretable + PARAFAC,Statistics,Mean baseline,mean,4,148,111,37,22,12,0.49935272201002034,0.32771365960555154,-0.0003387557203491376,ok
EEM interpretable + PARAFAC,Statistics,Linear regression,ols,4,148,111,37,22,22,0.4991587633156568,0.2806776649507394,0.00043819695831059935,ok
EEM interpretable + PARAFAC,Statistics,Ridge,alpha=10,4,148,111,37,22,22,0.503263156893045,0.31200913571579747,-0.0160674216562795,ok
EEM interpretable + PARAFAC,Statistics,Lasso,alpha=0.001,4,148,111,37,22,22,0.4949174184660136,0.28428728898934896,0.017352554426613875,ok
EEM interpretable + PARAFAC,Statistics,Elastic Net,"alpha=0.001,l1_ratio=0.2",4,148,111,37,22,22,0.4966988936498902,0.2822867886542609,0.010265664441971856,ok
EEM interpretable + PARAFAC,Chemometrics,PLSR,n_components=2,4,148,111,37,22,22,0.5398148455472386,0.34621524721512176,-0.16901988789352962,ok
EEM interpretable + PARAFAC,Chemometrics,PLSR,n_components=5,4,148,111,37,22,22,0.49574347477241176,0.30944039227620557,0.014069584366269261,ok
EEM interpretable + PARAFAC,Chemometrics,PCR + Ridge,n_components=5,4,148,111,37,22,22,0.5370415475995307,0.3412211338810945,-0.1570390670856403,ok
EEM interpretable + PARAFAC,ML,SVR linear,"C=1,epsilon=0.05",4,148,111,37,22,22,0.5191028703244905,0.22235386108115743,-0.08103339976507451,ok
EEM interpretable + PARAFAC,ML,SVR RBF,"C=10,epsilon=0.05",4,148,111,37,22,22,0.5255306518061982,0.2949871763594766,-0.10797090140336962,ok
EEM interpretable + PARAFAC,ML,Weighted kNN,"k=3,distance",4,148,111,37,22,22,0.5612762227808379,0.30802581095346493,-0.2638209231085815,ok
EEM interpretable + PARAFAC,ML,Kernel ridge,"rbf,alpha=0.1",4,148,111,37,22,22,0.5288318120454155,0.2978822952584721,-0.1219342247024846,ok
EEM interpretable + PARAFAC,ML,Random forest,"n=250,max_depth=4",4,148,111,37,22,22,0.528568954642252,0.31743928992976783,-0.12081918049565443,ok
EEM interpretable + PARAFAC,ML,Extra trees,"n=250,max_depth=4",4,148,111,37,22,22,0.5268786306476138,0.32735822649602025,-0.11366205094001103,ok
EEM interpretable + PARAFAC,DL,ANN MLP,"hidden=(32,16),early_stop",4,148,111,37,22,22,0.5393145446371715,0.3255779778223354,-0.16685399455648398,ok
EEM interpretable + PARAFAC,ML,XGBoost,"n=250,depth=2,eta=0.05",4,148,111,37,22,22,0.5210158517459065,0.30912453908120857,-0.08901566064715372,ok
EEM full + processed Raman,Statistics,Mean baseline,mean,0,150,112,38,349,12,0.29512906650488685,0.2696804511278195,-0.5862115380801094,ok
EEM full + processed Raman,Statistics,Linear regression,ols,0,150,112,38,349,96,0.6763700330570926,0.5083323796602506,-7.33116722267048,ok
EEM full + processed Raman,Statistics,Ridge,alpha=10,0,150,112,38,349,192,0.479143464851652,0.4003002635464659,-3.180885505466108,ok
EEM full + processed Raman,Statistics,Lasso,alpha=0.001,0,150,112,38,349,192,0.6391706327497205,0.5034768616006421,-6.439962760228902,ok
EEM full + processed Raman,Statistics,Elastic Net,"alpha=0.001,l1_ratio=0.2",0,150,112,38,349,192,0.6814691915692759,0.5389353597520834,-7.45725819657212,ok
EEM full + processed Raman,Chemometrics,PLSR,n_components=2,0,150,112,38,349,192,0.36217588942908463,0.2837524674324213,-1.3887802897467165,ok
EEM full + processed Raman,Chemometrics,PLSR,n_components=5,0,150,112,38,349,192,0.3644392090679197,0.3239074172852603,-1.418729642838271,ok
EEM full + processed Raman,Chemometrics,PCR + Ridge,n_components=5,0,150,112,38,349,192,0.34530004860787167,0.27096328499166517,-1.1713529109360645,ok
EEM full + processed Raman,ML,SVR linear,"C=1,epsilon=0.05",0,150,112,38,349,192,0.6641512127071905,0.5206773785165928,-7.0328762451956415,ok
EEM full + processed Raman,ML,SVR RBF,"C=10,epsilon=0.05",0,150,112,38,349,192,0.3097870489033349,0.2451256141265519,-0.7476869818400576,ok
EEM full + processed Raman,ML,Weighted kNN,"k=3,distance",0,150,112,38,349,96,0.31373377480268055,0.20437794191037795,-0.7925021534811942,ok
EEM full + processed Raman,ML,Kernel ridge,"rbf,alpha=0.1",0,150,112,38,349,192,0.27144572086858687,0.21333938997971885,-0.34184742080805175,ok
EEM full + processed Raman,ML,Random forest,"n=250,max_depth=4",0,150,112,38,349,96,0.32357958338390114,0.24332438941538073,-0.9067746053533845,ok
EEM full + processed Raman,ML,Extra trees,"n=250,max_depth=4",0,150,112,38,349,96,0.28153411103474085,0.2289344043851569,-0.44344147664499967,ok
EEM full + processed Raman,DL,ANN MLP,"hidden=(32,16),early_stop",0,150,112,38,349,96,0.36679857020937656,0.2673518296927342,-1.4501484852302347,ok
EEM full + processed Raman,ML,XGBoost,"n=250,depth=2,eta=0.05",0,150,112,38,349,192,0.3230147955032563,0.24815727624454,-0.9001241033284346,ok
EEM full + processed Raman,Statistics,Mean baseline,mean,1,150,112,38,349,12,0.3062327308037921,0.25986372180451134,-0.11732709228443894,ok
EEM full + processed Raman,Statistics,Linear regression,ols,1,150,112,38,349,96,1.2791507885277666,1.0901320281663687,-18.494881553992922,ok
EEM full + processed Raman,Statistics,Ridge,alpha=10,1,150,112,38,349,192,0.4639875252033637,0.35367263715641334,-1.5650139038506063,ok
EEM full + processed Raman,Statistics,Lasso,alpha=0.001,1,150,112,38,349,192,0.7343963165125811,0.5761154863041843,-5.425961140604432,ok
EEM full + processed Raman,Statistics,Elastic Net,"alpha=0.001,l1_ratio=0.2",1,150,112,38,349,192,0.8151267578352934,0.6444966063781346,-6.916394249451325,ok
EEM full + processed Raman,Chemometrics,PLSR,n_components=2,1,150,112,38,349,192,0.35338197856611625,0.2652540709043756,-0.48787316537637304,ok
EEM full + processed Raman,Chemometrics,PLSR,n_components=5,1,150,112,38,349,192,0.3756781532700392,0.29455238628171587,-0.6815469429834602,ok
EEM full + processed Raman,Chemometrics,PCR + Ridge,n_components=5,1,150,112,38,349,192,0.33628791043125195,0.24509776261643126,-0.3474095602265943,ok
EEM full + processed Raman,ML,SVR linear,"C=1,epsilon=0.05",1,150,112,38,349,192,0.7266297108374469,0.5765159844233825,-5.290764368228056,ok
EEM full + processed Raman,ML,SVR RBF,"C=10,epsilon=0.05",1,150,112,38,349,192,0.32647972342303877,0.23909902890919033,-0.2699585397302591,ok
EEM full + processed Raman,ML,Weighted kNN,"k=3,distance",1,150,112,38,349,96,0.33959454815199697,0.2242001504752711,-0.3740373369057952,ok
EEM full + processed Raman,ML,Kernel ridge,"rbf,alpha=0.1",1,150,112,38,349,192,0.2914032067747661,0.19984951312196733,-0.011732656953650444,ok
EEM full + processed Raman,ML,Random forest,"n=250,max_depth=4",1,150,112,38,349,96,0.32095644051590677,0.22170710078235892,-0.22735248136107344,ok
EEM full + processed Raman,ML,Extra trees,"n=250,max_depth=4",1,150,112,38,349,96,0.34626379800567536,0.24896563281327094,-0.4285363365827486,ok
EEM full + processed Raman,DL,ANN MLP,"hidden=(32,16),early_stop",1,150,112,38,349,96,0.4288650559464795,0.3412617869446402,-1.1913837535745242,ok
EEM full + processed Raman,ML,XGBoost,"n=250,depth=2,eta=0.05",1,150,112,38,349,192,0.34977031864473046,0.2497654119624119,-0.4576156428789906,ok
EEM full + processed Raman,Statistics,Mean baseline,mean,2,150,112,38,349,12,0.5073359445909648,0.32307330827067665,-0.010602271663350926,ok
EEM full + processed Raman,Statistics,Linear regression,ols,2,150,112,38,349,96,2.6317100524869814,1.4071533390822162,-26.193498420545055,ok
EEM full + processed Raman,Statistics,Ridge,alpha=10,2,150,112,38,349,192,0.48651686553476536,0.3609685444647036,0.07063822848346069,ok
EEM full + processed Raman,Statistics,Lasso,alpha=0.001,2,150,112,38,349,192,0.5728979569169861,0.4861282304523147,-0.28867543794372463,ok
EEM full + processed Raman,Statistics,Elastic Net,"alpha=0.001,l1_ratio=0.2",2,150,112,38,349,192,0.5992627399550067,0.5080795121121277,-0.4100144238534551,ok
EEM full + processed Raman,Chemometrics,PLSR,n_components=2,2,150,112,38,349,192,0.43398527746392,0.3073177164403176,0.26049860510151124,ok
EEM full + processed Raman,Chemometrics,PLSR,n_components=5,2,150,112,38,349,192,0.47227735501711354,0.3550548678134384,0.12424374342806477,ok
EEM full + processed Raman,Chemometrics,PCR + Ridge,n_components=5,2,150,112,38,349,192,0.41068731914457746,0.2844807750446214,0.33776582256679144,ok
EEM full + processed Raman,ML,SVR linear,"C=1,epsilon=0.05",2,150,112,38,349,192,0.5829405062739269,0.4621069025025741,-0.33425079937243285,ok
EEM full + processed Raman,ML,SVR RBF,"C=10,epsilon=0.05",2,150,112,38,349,192,0.4768963616087052,0.3415622391880133,0.10702968432212678,ok
EEM full + processed Raman,ML,Weighted kNN,"k=3,distance",2,150,112,38,349,96,0.44199555789704614,0.29600097907352807,0.2329479880941292,ok
EEM full + processed Raman,ML,Kernel ridge,"rbf,alpha=0.1",2,150,112,38,349,192,0.504040219172767,0.3280470067455987,0.0024851091461455255,ok
EEM full + processed Raman,ML,Random forest,"n=250,max_depth=4",2,150,112,38,349,96,0.3724455288380698,0.25886143756117824,0.455353729603042,ok
EEM full + processed Raman,ML,Extra trees,"n=250,max_depth=4",2,150,112,38,349,96,0.391794655549093,0.27864492645965516,0.39729330036167565,ok
EEM full + processed Raman,DL,ANN MLP,"hidden=(32,16),early_stop",2,150,112,38,349,96,0.5120310950057646,0.37227419605595474,-0.02939410278837884,ok
EEM full + processed Raman,ML,XGBoost,"n=250,depth=2,eta=0.05",2,150,112,38,349,192,0.4297838490064902,0.28143228393415676,0.27474758106469455,ok
EEM full + processed Raman,Statistics,Mean baseline,mean,3,150,112,38,349,12,0.4934294186768383,0.3210714285714285,-0.00025697240802968757,ok
EEM full + processed Raman,Statistics,Linear regression,ols,3,150,112,38,349,96,1.9039216696542498,1.5987388112906942,-13.89222753949471,ok
EEM full + processed Raman,Statistics,Ridge,alpha=10,3,150,112,38,349,192,0.4578348153190707,0.34541966154489,0.1388493392368263,ok
EEM full + processed Raman,Statistics,Lasso,alpha=0.001,3,150,112,38,349,192,0.6297446443526545,0.5342221958253252,-0.6292602990553178,ok
EEM full + processed Raman,Statistics,Elastic Net,"alpha=0.001,l1_ratio=0.2",3,150,112,38,349,192,0.637506188585124,0.5350035955494659,-0.6696687527526131,ok
EEM full + processed Raman,Chemometrics,PLSR,n_components=2,3,150,112,38,349,192,0.41330469386511864,0.29924530887731876,0.2982180649479266,ok
EEM full + processed Raman,Chemometrics,PLSR,n_components=5,3,150,112,38,349,192,0.4469022549478147,0.30892664446958107,0.17948485524828706,ok
EEM full + processed Raman,Chemometrics,PCR + Ridge,n_components=5,3,150,112,38,349,192,0.4033339193601048,0.29173940036232043,0.33166992836598364,ok
EEM full + processed Raman,ML,SVR linear,"C=1,epsilon=0.05",3,150,112,38,349,192,0.6030172901385368,0.49615477401017055,-0.4938983202526055,ok
EEM full + processed Raman,ML,SVR RBF,"C=10,epsilon=0.05",3,150,112,38,349,192,0.45364528941075394,0.287847356949263,0.15453755608007802,ok
EEM full + processed Raman,ML,Weighted kNN,"k=3,distance",3,150,112,38,349,96,0.36209154025119394,0.280975481822806,0.46136041600453626,ok
EEM full + processed Raman,ML,Kernel ridge,"rbf,alpha=0.1",3,150,112,38,349,192,0.48693164786597115,0.27132647248574393,0.02591352360641408,ok
EEM full + processed Raman,ML,Random forest,"n=250,max_depth=4",3,150,112,38,349,96,0.3843969024408736,0.27780148366454077,0.39295446619843133,ok
EEM full + processed Raman,ML,Extra trees,"n=250,max_depth=4",3,150,112,38,349,96,0.33238088822553785,0.2567739749822241,0.5461277844022796,ok
EEM full + processed Raman,DL,ANN MLP,"hidden=(32,16),early_stop",3,150,112,38,349,96,0.42281837104410597,0.3069720997636448,0.26553820970959163,ok
EEM full + processed Raman,ML,XGBoost,"n=250,depth=2,eta=0.05",3,150,112,38,349,192,0.3425928574761367,0.2357820944110618,0.5178100901439026,ok
EEM full + processed Raman,Statistics,Mean baseline,mean,4,150,112,38,349,12,0.6361597912537823,0.3728477443609023,-0.06059506628269573,ok
EEM full + processed Raman,Statistics,Linear regression,ols,4,150,112,38,349,96,1.2549634846884692,0.7638904951302575,-3.1274265140157667,ok
EEM full + processed Raman,Statistics,Ridge,alpha=10,4,150,112,38,349,192,0.6547365867631796,0.3971007405062778,-0.12344131408617698,ok
EEM full + processed Raman,Statistics,Lasso,alpha=0.001,4,150,112,38,349,192,0.8701747559987659,0.5662217063172479,-0.98440417030829,ok
EEM full + processed Raman,Statistics,Elastic Net,"alpha=0.001,l1_ratio=0.2",4,150,112,38,349,192,0.9204415393144817,0.6217847695273783,-1.2202894272118314,ok
EEM full + processed Raman,Chemometrics,PLSR,n_components=2,4,150,112,38,349,192,0.5913911164568695,0.3632121729220756,0.0834276248022604,ok
EEM full + processed Raman,Chemometrics,PLSR,n_components=5,4,150,112,38,349,192,0.7020124288171725,0.41461639227975855,-0.2915367643960718,ok
EEM full + processed Raman,Chemometrics,PCR + Ridge,n_components=5,4,150,112,38,349,192,0.5754577679746158,0.3453260985395982,0.13215116553773332,ok
EEM full + processed Raman,ML,SVR linear,"C=1,epsilon=0.05",4,150,112,38,349,192,0.8738135584493535,0.6013730386584878,-1.0010352031020204,ok
EEM full + processed Raman,ML,SVR RBF,"C=10,epsilon=0.05",4,150,112,38,349,192,0.6025216410675456,0.3589772495323246,0.048601480283725795,ok
EEM full + processed Raman,ML,Weighted kNN,"k=3,distance",4,150,112,38,349,96,0.6134062500145417,0.3660533575234575,0.013916789911819438,ok
EEM full + processed Raman,ML,Kernel ridge,"rbf,alpha=0.1",4,150,112,38,349,192,0.637443792402603,0.35766255722342577,-0.06488071781467997,ok
EEM full + processed Raman,ML,Random forest,"n=250,max_depth=4",4,150,112,38,349,96,0.5490315787644383,0.3400548720487731,0.21002777877606527,ok
EEM full + processed Raman,ML,Extra trees,"n=250,max_depth=4",4,150,112,38,349,96,0.6023207610620923,0.36672822716178294,0.049235764822979755,ok
EEM full + processed Raman,DL,ANN MLP,"hidden=(32,16),early_stop",4,150,112,38,349,96,0.7188064883200489,0.4459090357249428,-0.35407009914381704,ok
EEM full + processed Raman,ML,XGBoost,"n=250,depth=2,eta=0.05",4,150,112,38,349,192,0.5927493338514797,0.34586791801413425,0.07921270150471937,ok
EEM full + PARAFAC,Statistics,Mean baseline,mean,0,148,111,37,180,12,0.3314980398280951,0.28472364256148047,-0.11812591500314462,ok
EEM full + PARAFAC,Statistics,Linear regression,ols,0,148,111,37,180,96,0.6533279592189597,0.4954550055661018,-3.3430144300652964,ok
EEM full + PARAFAC,Statistics,Ridge,alpha=10,0,148,111,37,180,180,0.37064539980155803,0.2930836607843163,-0.3978031424471393,ok
EEM full + PARAFAC,Statistics,Lasso,alpha=0.001,0,148,111,37,180,180,0.5220389058438197,0.4259988786896965,-1.7729020277256202,ok
EEM full + PARAFAC,Statistics,Elastic Net,"alpha=0.001,l1_ratio=0.2",0,148,111,37,180,180,0.6081790494912318,0.49137784708107113,-2.7634980459841576,ok
EEM full + PARAFAC,Chemometrics,PLSR,n_components=2,0,148,111,37,180,180,0.38205255611997885,0.2743047072772489,-0.48516601659611847,ok
EEM full + PARAFAC,Chemometrics,PLSR,n_components=5,0,148,111,37,180,180,0.35390803013564853,0.264832661601177,-0.2744113114554876,ok
EEM full + PARAFAC,Chemometrics,PCR + Ridge,n_components=5,0,148,111,37,180,180,0.37505194604816255,0.2719962229704474,-0.43123724833403787,ok
EEM full + PARAFAC,ML,SVR linear,"C=1,epsilon=0.05",0,148,111,37,180,180,0.6415548324286634,0.5136775709203243,-3.18790040613412,ok
EEM full + PARAFAC,ML,SVR RBF,"C=10,epsilon=0.05",0,148,111,37,180,180,0.34934495657649844,0.24828139827178153,-0.24176020980266633,ok
EEM full + PARAFAC,ML,Weighted kNN,"k=3,distance",0,148,111,37,180,96,0.37845192843807557,0.24695984253885486,-0.4573042416906792,ok
EEM full + PARAFAC,ML,Kernel ridge,"rbf,alpha=0.1",0,148,111,37,180,180,0.3316849633803748,0.22604072001339767,-0.11938723765923731,ok
EEM full + PARAFAC,ML,Random forest,"n=250,max_depth=4",0,148,111,37,180,96,0.3205910098464305,0.2154097802350089,-0.045758643573933444,ok
EEM full + PARAFAC,ML,Extra trees,"n=250,max_depth=4",0,148,111,37,180,96,0.29883483107011904,0.21639741410564434,0.09136133029221494,ok
EEM full + PARAFAC,DL,ANN MLP,"hidden=(32,16),early_stop",0,148,111,37,180,96,0.37076983626743104,0.273279311712858,-0.39874186652735655,ok
EEM full + PARAFAC,ML,XGBoost,"n=250,depth=2,eta=0.05",0,148,111,37,180,180,0.3521022417171649,0.22775411425963848,-0.26143931961322187,ok
EEM full + PARAFAC,Statistics,Mean baseline,mean,1,148,111,37,180,12,0.548383706499764,0.35666179693206723,-0.056190299538443345,ok
EEM full + PARAFAC,Statistics,Linear regression,ols,1,148,111,37,180,96,10.019298804925835,2.690572167442655,-351.57194111216774,ok
EEM full + PARAFAC,Statistics,Ridge,alpha=10,1,148,111,37,180,180,0.7140092422940203,0.3772890390793634,-0.7905265125611929,ok
EEM full + PARAFAC,Statistics,Lasso,alpha=0.001,1,148,111,37,180,180,1.0409478923960833,0.5489084696506643,-2.8056694997384173,ok
EEM full + PARAFAC,Statistics,Elastic Net,"alpha=0.001,l1_ratio=0.2",1,148,111,37,180,180,1.6455246751610562,0.6729492446485634,-8.510030008581495,ok
EEM full + PARAFAC,Chemometrics,PLSR,n_components=2,1,148,111,37,180,180,0.8068262752077562,0.3608219612574483,-1.2862996788333203,ok
EEM full + PARAFAC,Chemometrics,PLSR,n_components=5,1,148,111,37,180,180,4.5357447423415485,1.0129030923603317,-71.25539854786453,ok
EEM full + PARAFAC,Chemometrics,PCR + Ridge,n_components=5,1,148,111,37,180,180,0.5434525728132413,0.32407669699312347,-0.03728091529983124,ok
EEM full + PARAFAC,ML,SVR linear,"C=1,epsilon=0.05",1,148,111,37,180,180,4.637589955999451,1.1770161802134371,-74.53666087477988,ok
EEM full + PARAFAC,ML,SVR RBF,"C=10,epsilon=0.05",1,148,111,37,180,180,0.5150378689239561,0.31016991293964313,0.0683529482774311,ok
EEM full + PARAFAC,ML,Weighted kNN,"k=3,distance",1,148,111,37,180,96,0.483094008910132,0.3344295309790959,0.18033499715868084,ok
EEM full + PARAFAC,ML,Kernel ridge,"rbf,alpha=0.1",1,148,111,37,180,180,0.5270310481952096,0.3060418520716493,0.024459079940224338,ok
EEM full + PARAFAC,ML,Random forest,"n=250,max_depth=4",1,148,111,37,180,96,0.3467721100059128,0.24550515949760146,0.5776607821999467,ok
EEM full + PARAFAC,ML,Extra trees,"n=250,max_depth=4",1,148,111,37,180,96,0.34476628148190075,0.24825410554909622,0.5825325119382387,ok
EEM full + PARAFAC,DL,ANN MLP,"hidden=(32,16),early_stop",1,148,111,37,180,96,3.689316839063342,0.8850420134218351,-46.80408362172211,ok
EEM full + PARAFAC,ML,XGBoost,"n=250,depth=2,eta=0.05",1,148,111,37,180,180,0.35619926622816306,0.2392482139935365,0.5543856886650198,ok
EEM full + PARAFAC,Statistics,Mean baseline,mean,2,148,111,37,180,12,0.5053037266639787,0.32608229851473103,-0.00031797070586758736,ok
EEM full + PARAFAC,Statistics,Linear regression,ols,2,148,111,37,180,96,1.664465874201488,1.14983786463847,-9.853826109727072,ok
EEM full + PARAFAC,Statistics,Ridge,alpha=10,2,148,111,37,180,180,2.1325023449713947,0.5994993081400948,-16.816077916041603,ok
EEM full + PARAFAC,Statistics,Lasso,alpha=0.001,2,148,111,37,180,180,4.305501449741693,1.091566643315988,-71.62406400466057,ok
EEM full + PARAFAC,Statistics,Elastic Net,"alpha=0.001,l1_ratio=0.2",2,148,111,37,180,180,5.339413868304386,1.2841862007740334,-110.69152967732032,ok
EEM full + PARAFAC,Chemometrics,PLSR,n_components=2,2,148,111,37,180,180,0.8640317053163129,0.3678409672930242,-1.9247747627105314,ok
EEM full + PARAFAC,Chemometrics,PLSR,n_components=5,2,148,111,37,180,180,7.2388443358985155,1.4387381152803445,-204.29177222243453,ok
EEM full + PARAFAC,Chemometrics,PCR + Ridge,n_components=5,2,148,111,37,180,180,0.5171801754606478,0.3115726959770341,-0.04789268057909557,ok
EEM full + PARAFAC,ML,SVR linear,"C=1,epsilon=0.05",2,148,111,37,180,180,5.251408309113573,1.2623259010119865,-107.04001667401573,ok
EEM full + PARAFAC,ML,SVR RBF,"C=10,epsilon=0.05",2,148,111,37,180,180,0.4835737787655685,0.26467565412493904,0.08386693919366206,ok
EEM full + PARAFAC,ML,Weighted kNN,"k=3,distance",2,148,111,37,180,96,0.5395267068120249,0.33402636197745206,-0.14040460722535109,ok
EEM full + PARAFAC,ML,Kernel ridge,"rbf,alpha=0.1",2,148,111,37,180,180,0.503157917920246,0.2543709017478185,0.00815983509865048,ok
EEM full + PARAFAC,ML,Random forest,"n=250,max_depth=4",2,148,111,37,180,96,0.33748380965530045,0.23015651176094348,0.5537903540137457,ok
EEM full + PARAFAC,ML,Extra trees,"n=250,max_depth=4",2,148,111,37,180,96,0.3367963733983693,0.23231347515069228,0.5556063124270667,ok
EEM full + PARAFAC,DL,ANN MLP,"hidden=(32,16),early_stop",2,148,111,37,180,96,0.4823630085249195,0.3874719970411304,0.08844881710498032,ok
EEM full + PARAFAC,ML,XGBoost,"n=250,depth=2,eta=0.05",2,148,111,37,180,180,0.3669742542930415,0.23672735641433582,0.4724006378330263,ok
EEM full + PARAFAC,Statistics,Mean baseline,mean,3,148,111,37,180,12,0.3009426523334754,0.27424640857073285,-0.4521610577548738,ok
EEM full + PARAFAC,Statistics,Linear regression,ols,3,148,111,37,180,96,1.013671376409645,0.8211135992950092,-15.475616112124559,ok
EEM full + PARAFAC,Statistics,Ridge,alpha=10,3,148,111,37,180,180,0.3857895932037919,0.30479748268801093,-1.3864278800319907,ok
EEM full + PARAFAC,Statistics,Lasso,alpha=0.001,3,148,111,37,180,180,0.631891288677586,0.5408050358153478,-5.4022412317564195,ok
EEM full + PARAFAC,Statistics,Elastic Net,"alpha=0.001,l1_ratio=0.2",3,148,111,37,180,180,0.6870585327787004,0.5627624847334778,-6.56893495195882,ok
EEM full + PARAFAC,Chemometrics,PLSR,n_components=2,3,148,111,37,180,180,0.30033400740634497,0.21297959042580414,-0.4462931179492722,ok
EEM full + PARAFAC,Chemometrics,PLSR,n_components=5,3,148,111,37,180,180,0.27469830960514247,0.20852846255910176,-0.20992728765043545,ok
EEM full + PARAFAC,Chemometrics,PCR + Ridge,n_components=5,3,148,111,37,180,180,0.31326115024299445,0.22886524201317446,-0.5734769097726751,ok
EEM full + PARAFAC,ML,SVR linear,"C=1,epsilon=0.05",3,148,111,37,180,180,0.6943961069771661,0.5616188181680261,-6.731466036356584,ok
EEM full + PARAFAC,ML,SVR RBF,"C=10,epsilon=0.05",3,148,111,37,180,180,0.31733746738702023,0.25834774145752754,-0.6146931409723062,ok
EEM full + PARAFAC,ML,Weighted kNN,"k=3,distance",3,148,111,37,180,96,0.3767902907515681,0.22999551514979255,-1.2763901834992684,ok
EEM full + PARAFAC,ML,Kernel ridge,"rbf,alpha=0.1",3,148,111,37,180,180,0.27204657876923954,0.2124358454079069,-0.18668057925094628,ok
EEM full + PARAFAC,ML,Random forest,"n=250,max_depth=4",3,148,111,37,180,96,0.2980861309777723,0.20880607497169248,-0.42472432054223996,ok
EEM full + PARAFAC,ML,Extra trees,"n=250,max_depth=4",3,148,111,37,180,96,0.30329432940410717,0.21830000786653303,-0.4749451790870529,ok
EEM full + PARAFAC,DL,ANN MLP,"hidden=(32,16),early_stop",3,148,111,37,180,96,0.3756748799821276,0.2665259157154699,-1.2629325550536805,ok
EEM full + PARAFAC,ML,XGBoost,"n=250,depth=2,eta=0.05",3,148,111,37,180,180,0.33026616102972406,0.23497795873195737,-0.7489421892606651,ok
EEM full + PARAFAC,Statistics,Mean baseline,mean,4,148,111,37,180,12,0.49935272201002034,0.32771365960555154,-0.0003387557203491376,ok
EEM full + PARAFAC,Statistics,Linear regression,ols,4,148,111,37,180,96,0.8274081490401047,0.6572623109903287,-1.7464509009748284,ok
EEM full + PARAFAC,Statistics,Ridge,alpha=10,4,148,111,37,180,180,0.44535229542989174,0.318710545166982,0.204317801556963,ok
EEM full + PARAFAC,Statistics,Lasso,alpha=0.001,4,148,111,37,180,180,0.6141236906617868,0.4636324566512779,-0.5130175098743399,ok
EEM full + PARAFAC,Statistics,Elastic Net,"alpha=0.001,l1_ratio=0.2",4,148,111,37,180,180,0.7003936398950724,0.539370830523129,-0.9679616864721634,ok
EEM full + PARAFAC,Chemometrics,PLSR,n_components=2,4,148,111,37,180,180,0.4659357969963516,0.28153827566852224,0.12906768032456617,ok
EEM full + PARAFAC,Chemometrics,PLSR,n_components=5,4,148,111,37,180,180,0.47501751745737075,0.28965930902003567,0.0947854981803552,ok
EEM full + PARAFAC,Chemometrics,PCR + Ridge,n_components=5,4,148,111,37,180,180,0.4618387939680899,0.2789674513247075,0.1443166679113238,ok
EEM full + PARAFAC,ML,SVR linear,"C=1,epsilon=0.05",4,148,111,37,180,180,0.6389735260952142,0.4996965191335483,-0.6379399716429954,ok
EEM full + PARAFAC,ML,SVR RBF,"C=10,epsilon=0.05",4,148,111,37,180,180,0.37815372436896966,0.23977879692294163,0.42632091642537695,ok
EEM full + PARAFAC,ML,Weighted kNN,"k=3,distance",4,148,111,37,180,96,0.4141308664678835,0.2646977152850045,0.3119698754307558,ok
EEM full + PARAFAC,ML,Kernel ridge,"rbf,alpha=0.1",4,148,111,37,180,180,0.3875043876198728,0.2311189071685792,0.3975992551144143,ok
EEM full + PARAFAC,ML,Random forest,"n=250,max_depth=4",4,148,111,37,180,96,0.41586050485152654,0.26251656372014653,0.30621068891761294,ok
EEM full + PARAFAC,ML,Extra trees,"n=250,max_depth=4",4,148,111,37,180,96,0.4410982797058799,0.2648003134175774,0.21944595318009918,ok
EEM full + PARAFAC,DL,ANN MLP,"hidden=(32,16),early_stop",4,148,111,37,180,96,0.6282035284546722,0.4652758975721663,-0.5831898409621317,ok
EEM full + PARAFAC,ML,XGBoost,"n=250,depth=2,eta=0.05",4,148,111,37,180,180,0.44832071641336635,0.2598825583043131,0.19367547974498822,ok
