2.285672055018403773e-02,9.904720759810430443e-05,3.682481062527675807e-31,4.507878227988541819e-02,5.376397206977894844e-24,4.144695530016907076e-02
1.924771640151944074e-02,6.520412337253355132e-05,4.268635997143165980e-30,3.391134665689991140e-02,2.971024584466617079e-19,2.907924683427787205e-02
2.703367045854894110e-02,2.656304921921537630e-05,9.937386385801022435e-33,5.617080831264852775e-02,2.906323459977282483e-28,4.942879482878208969e-02
2.551605893874111033e-02,8.822069325749804446e-05,4.367003287087127994e-35,4.812029308319804022e-02,2.187108652522686903e-24,3.736458835199886475e-02
2.415960335092980082e-02,4.838965252124821648e-05,4.376952892325318357e-32,5.143923038772582612e-02,1.844395210457336916e-26,4.200415700090912724e-02
2.436223524230703846e-02,7.725826985805865361e-05,1.293380801135513526e-36,4.495911062969165650e-02,2.851351430351058200e-24,3.758515707038830034e-02
2.379609121732529850e-02,3.948730280505766984e-05,3.648770082345875834e-33,4.842246416837211326e-02,9.699813031489742432e-26,4.147899488199664753e-02
2.261335882472925371e-02,1.246684373646741876e-04,7.443390170740912055e-32,4.263614178284014233e-02,1.046018476666153930e-23,3.561885857241677694e-02
2.157795348077768544e-02,1.032031721929955879e-04,6.994954561127438767e-32,4.088872971341068335e-02,1.680936593758786655e-22,3.473805659328350892e-02
1.851053469015888006e-02,1.392506393440637986e-04,2.525825792983747017e-28,3.699299774719728984e-02,9.141960065007073851e-21,2.989911637250923515e-02
4.534974283118119176e-02,5.011810485563832638e-04,1.752978896215920663e-43,6.654488513624420842e-02,8.998735100977867462e-28,4.350617304197657714e-02
3.834129184309869459e-02,4.163979941712599555e-04,1.954512604515555662e-38,4.515236605738028042e-02,6.722801105982817870e-20,3.064092131842516623e-02
1.621067704545855331e-02,1.106604674646256847e-04,1.091377134776409831e-22,2.600243592342271412e-02,3.982617512555458198e-09,2.748719957664268534e-02
2.698894071058268937e-02,1.582368637084563935e-03,1.908650833276031250e-34,3.376146527831887928e-02,7.810339663415702129e-15,2.897947275597405337e-02
2.144050406081517493e-02,2.254373076182175639e-04,6.648359044425661835e-28,3.620210860680470738e-02,1.047243147707414901e-13,2.859535894432382180e-02
2.558633637319177381e-02,4.678038790764784739e-04,4.563751190071448694e-33,3.900637536832000235e-02,4.934940888062727262e-17,2.963985945458866289e-02
4.631345221246416927e-02,2.268763368011310799e-04,2.546775847736972969e-40,6.907775625178372292e-02,9.548706160417434295e-28,4.753764205686137473e-02
4.558036919442127327e-02,1.698149902516931287e-04,7.094014752363875503e-39,6.834140172524005852e-02,2.501763415448326295e-26,4.416279187933579847e-02
4.066797460164038591e-02,2.378036076930873725e-05,7.259980242681602581e-38,6.042797076996272304e-02,2.568487958472798943e-25,4.132756480128973314e-02
4.608278530563217346e-02,1.191533085187882374e-04,5.957514869951921590e-37,8.207521857689065170e-02,7.558879258385377720e-31,5.351822823374215166e-02
4.021504284843521043e-02,1.999749415639332732e-04,2.099052204774668176e-42,5.471971537414863779e-02,3.438954126206450619e-24,3.277256355667478027e-02
2.686234028110052324e-02,1.760871210435878149e-03,8.192661724208006705e-34,4.365379615792799872e-02,2.641751287675112050e-19,3.312493254126173958e-02
2.189488794847787440e-02,7.148458477484006439e-05,5.035072637288279461e-28,3.819322985236680429e-02,6.266765597698969525e-16,2.937394485053969329e-02
1.975586148958849084e-02,3.953451025901405557e-04,2.709446772478730951e-25,3.479827542623038089e-02,4.901026424532368834e-14,2.815781121421908478e-02
1.937564010428365416e-02,3.635135197561382894e-04,6.742141393206232078e-25,3.744672404263342524e-02,6.694416012622171946e-14,2.850208522781165835e-02
2.251647119594678628e-02,7.432475824382423239e-04,2.401747380950423498e-30,3.934570331657830100e-02,1.010851987778423240e-16,2.976831391743570143e-02
3.828514588390477535e-02,3.474357429696264647e-04,3.986898216637162614e-40,5.623261217351553654e-02,3.029310875200244739e-25,4.131869613427888860e-02
4.006530651545960747e-02,2.896401396680029373e-04,2.887076605075312754e-40,5.747871774516358917e-02,9.502472336067892518e-26,4.278239583963370368e-02
3.029423199242251008e-02,1.257897791621461099e-03,3.218080253991747909e-34,4.437483019733418771e-02,9.619374310265576085e-20,3.118616621321569291e-02
3.132121031227477759e-02,1.623750829582773763e-04,2.572680171255516013e-34,4.731082965739184104e-02,1.338779048234140506e-20,3.508688825404010503e-02
5.265728848500099424e-02,8.168802989364515191e-04,1.223234254171645968e-36,9.405721546480202977e-02,3.589378368174865386e-30,6.701366313980972045e-02
2.698773649671131966e-02,1.547258346492866765e-04,6.009119716435991833e-31,4.557768436517563304e-02,6.822032577849537651e-20,3.328201212339269854e-02
2.682949198110311240e-02,1.065789532922213205e-04,7.247345927936860794e-33,4.081167068265655062e-02,2.102870918591379109e-19,2.934353206797106137e-02
2.149297126103442285e-02,3.333833226795161124e-04,1.648966119641724917e-28,3.329424651091335979e-02,2.656037429000909436e-13,2.716359530757308030e-02
1.909044288644290085e-02,4.044373149600609114e-04,7.123479279550584507e-26,3.323706679891449967e-02,3.028833935731896473e-13,2.756183115003990949e-02
2.084295107351111231e-02,1.375198243736590158e-03,1.814597772794714635e-28,3.393570264206883375e-02,2.642130599082236158e-13,2.695880072473024608e-02
2.480653617211661319e-02,3.309776304214715218e-04,7.520792868612091587e-31,3.307044440984981126e-02,7.507004279468887552e-13,2.851468860002618830e-02
2.439023564250957649e-02,2.092047532762626532e-04,6.413640052752466060e-30,4.325064183241748156e-02,3.060855621366262770e-18,3.134598479730465320e-02
2.589946901033839469e-02,2.196261531138222675e-04,4.995541333196002978e-31,4.153184962027575006e-02,6.679812886738578134e-17,3.335483402021129085e-02
3.089537248220089460e-02,1.312348297101545967e-04,9.713565341983352758e-33,5.090610073001053393e-02,8.784541839832809249e-22,3.713001249829438882e-02
4.154768987525065543e-02,2.775526813611088389e-04,1.973194187215852137e-36,6.141879934165649091e-02,3.935332045466705904e-25,3.917633021819336148e-02
4.309425317497007218e-02,3.867354202848338317e-03,1.000288920688592796e-11,1.012869528564517979e-01,9.906081478018165590e-03,7.488147524108285102e-02
1.999133380171899677e-02,2.610822420598481229e-04,9.498790635890269315e-27,3.293480181354329489e-02,6.291972539274295041e-14,2.706231884383906647e-02
1.531584219252429130e-02,2.865690067366124887e-04,1.440790161903459558e-21,3.094969148287611896e-02,9.076082332566431458e-12,2.685102414382552899e-02
1.779028003648089329e-02,9.510629801088425241e-04,2.818582150829934491e-25,2.550910094065826292e-02,5.304216558209711587e-09,2.484807810956176852e-02
1.581191355036853236e-02,3.113487177608937175e-04,1.967124861455637573e-19,2.972556236511678107e-02,2.673251930627260507e-07,2.559271512240879690e-02
1.791453090497465567e-02,3.412368466701776767e-04,1.234588063890083885e-26,3.019339647290845627e-02,9.840804077217111989e-12,2.829049278954427413e-02
1.993193305074248897e-02,1.973287350293136783e-04,1.903207787643653158e-27,3.784459033745282697e-02,3.249976909629423687e-16,3.028360479399281463e-02
1.999859466087842638e-02,3.800289391077286754e-04,1.070817512478960141e-27,3.889724096387633945e-02,1.316340751040321531e-16,2.934490869980389133e-02
2.500834945606647194e-02,1.603807795636424862e-04,9.514596890789287267e-30,4.259088526613297870e-02,6.527804884040873072e-19,3.087307282888249529e-02
2.115529645961150562e-02,9.236336124443598593e-05,5.957920156019171055e-29,3.873404429230850599e-02,2.742294174191371003e-16,2.829147779451758604e-02
3.379713632884912000e-02,4.058809436539245833e-05,2.422992407791195131e-30,7.267684100913597567e-02,3.511625738824534061e-28,6.612448431366051149e-02
2.096000226985542808e-02,5.473912379324169779e-04,5.314530925523854187e-29,3.042274407781280290e-02,3.523616685483459774e-13,2.538105936914272776e-02
2.000580657960165237e-02,2.765461677642863680e-04,3.146621888177118341e-26,3.271072928661564877e-02,4.656540697561446177e-13,2.748115476696551263e-02
1.510727846897095238e-02,3.255941410900551800e-04,1.695359544641785763e-21,2.739829368098277429e-02,1.675835063155204131e-09,2.545123581496742254e-02
2.360764348923251321e-02,6.594380015223116388e-05,1.533911036727860652e-29,3.809896854033067992e-02,2.151358164478956436e-15,2.730293602277791484e-02
1.656490964189879372e-02,5.900544370056792689e-04,1.546493341384439896e-25,2.941625017287026814e-02,3.219655826252059802e-10,2.551073412361867451e-02
1.806682191860518871e-02,2.413130917079032870e-04,1.419012774808689118e-25,3.354366404555360337e-02,7.619146153758136535e-14,2.778842080711174320e-02
1.927105019716767245e-02,2.872042209088800525e-04,5.353008635545202992e-27,3.351531609847210880e-02,2.397729880767723870e-13,2.757401450051726044e-02
1.923377900767095708e-02,1.042849714084061186e-03,1.560407162204647680e-27,2.705743353572045637e-02,5.149955395987855203e-10,2.528106536601394672e-02
2.030576896962511466e-02,3.980469339668158226e-04,4.024371211786993465e-28,3.411795909601494925e-02,1.877215560158961323e-14,2.916511740868441005e-02
4.733537404688933914e-02,2.163173723032170701e-06,3.554519190575201445e-35,8.133028255295868258e-02,4.890377546750365772e-30,5.895675905650715753e-02
1.456516875628833391e-02,1.632418992190380483e-04,2.332298990015070366e-21,2.547204794562336200e-02,2.894437745395804569e-08,2.364026056624412772e-02
1.427455881504656292e-02,9.687591626627877796e-04,3.431533723043426566e-19,2.468495635977567895e-02,2.539228905220959032e-07,2.414589370319893125e-02
1.637249460015144376e-02,1.946499751944230703e-04,7.364435999459095175e-23,2.872847194811327040e-02,1.754134635878772684e-10,2.516504257098003267e-02
1.875946809989965935e-02,2.099036280273469505e-04,1.667711022198538190e-27,2.726641214173351063e-02,9.619837341175406780e-11,2.728692344489161078e-02
1.447132399810107349e-02,4.228547267165844387e-04,1.914977848086510727e-22,2.660520212063741119e-02,1.525332106073934497e-09,2.502793598165962974e-02
2.228938598171318480e-02,2.003130646134940033e-04,2.396410059998294115e-28,3.561847120158242314e-02,1.368123268948327161e-15,2.921355123988911978e-02
1.918513584478755488e-02,2.258694651970190239e-04,6.815421028005810225e-27,3.514331466523896996e-02,8.590362355887929009e-15,2.763624406962621183e-02
2.083883749336596508e-02,4.365787956853830532e-04,2.019547217142039717e-27,3.556957198846467938e-02,2.908705283577283783e-15,2.798190926790850713e-02
1.792162033401794793e-02,5.497915489242050221e-04,3.026434815334187480e-25,2.854539224684183446e-02,3.925239805847047157e-12,2.562572616927040470e-02
4.448136146795082790e-02,3.679550123784754926e-05,5.737570364245162473e-34,9.094667960843509646e-02,1.674780286510413478e-33,7.373581630502598627e-02
2.759809713385040844e-02,5.775428593425171564e-05,3.157770493135455509e-31,5.589715739270957606e-02,7.612182489244559092e-27,4.583623417164545133e-02
3.668004234523375429e-02,1.845235149786654625e-03,3.938106320904828467e-34,3.504515087601927509e-02,1.004713616502528138e-17,3.188659153097510301e-02
3.535408603093845997e-02,1.485673304607015572e-04,2.341372670224284444e-35,4.649458932456626559e-02,1.147162274355686905e-21,4.001453778879969503e-02
4.230969816085928398e-02,3.207944878140545910e-05,6.863455862484683913e-34,8.609383895335645520e-02,1.754026678772325079e-32,7.234725108385649250e-02
4.984405487861916922e-02,1.082795118998681951e-04,4.378718902261571188e-35,1.003517678797642559e-01,3.218147123906209299e-33,6.879868049493270687e-02
4.004932815289574677e-02,3.360161710127737149e-05,2.882856788560243647e-35,8.883024507225371902e-02,3.553079354538938449e-34,7.558861342814861273e-02
3.423829978560156972e-02,2.538738472230377447e-05,1.311930469640642338e-31,6.933121744992586100e-02,1.819685254132749941e-29,6.456401315677197383e-02
3.871454082304649075e-02,3.686687222843178333e-05,5.399078606281552960e-33,8.105963070098348711e-02,1.200044470800024114e-31,7.200170548050466302e-02
3.634581736344084241e-02,2.300643562130381972e-05,1.645522985824910047e-34,6.498650806539797709e-02,4.453178404380069653e-28,5.471013725412886969e-02
3.755000399671346023e-02,5.843231914967505000e-05,1.177580178543593910e-35,6.631694792958645057e-02,1.967272034398853642e-29,6.166642910109874226e-02
4.917393257614440655e-02,1.165721480666442807e-04,3.162330083015972036e-36,1.104400891828694053e-01,1.285923221311721603e-35,7.960545349355221956e-02
3.751335044081068049e-02,1.927914173989918529e-05,1.439072734575874834e-34,8.305592267783588889e-02,1.776612888440020550e-32,7.723895569850840193e-02
3.196699845119419653e-02,3.436785057660017231e-05,4.190225572319043958e-34,5.745806843662387697e-02,3.141685921412072373e-26,4.807306058763295004e-02
2.689484736257175337e-02,3.998430818673261915e-05,9.370722442160412440e-34,4.181432907956490752e-02,4.774453645246198377e-21,3.606605756100598331e-02
2.485218238607619229e-02,2.864929616877068388e-05,1.780571382062091015e-31,3.853216312744054545e-02,2.959112932945569273e-20,3.548079520130435760e-02
2.389830865800954621e-02,7.770756600849518768e-04,8.307352655862613464e-14,5.219302007700644952e-02,1.000826944712062024e-02,3.991323252329009169e-02
2.533694390673610006e-02,3.435981655299312596e-04,5.352235648283603684e-17,5.961532155539928796e-02,6.706322779078155091e-03,4.631937508476922927e-02
2.318602614911031631e-02,1.193951419697932665e-04,2.040290848646006877e-31,4.762951966016459870e-02,2.690182522798155227e-22,3.900824536734326387e-02
3.134783648950710544e-02,8.985306740784580683e-05,4.752254913312455675e-31,5.915604304320537521e-02,8.193639606786158107e-26,4.892954947724640485e-02
3.466391062593751626e-02,1.561416113578546077e-04,1.195156416436988513e-29,5.618204849315217020e-02,6.243800533262883208e-20,3.785012409551011953e-02
3.646991547058252986e-02,1.475122771294839489e-05,2.584519766352365808e-31,8.196239807878159811e-02,7.105142503364732674e-31,7.091722006920145316e-02
3.593714239420447987e-02,1.475366668775519578e-05,2.533086622571937548e-30,8.027867066541433116e-02,1.858995188636979248e-28,6.958131677441950491e-02
3.339876714874932123e-02,2.246177544657639057e-05,7.148021604700940606e-32,7.657448961605238524e-02,1.067199288463620453e-29,7.103526323833372902e-02
2.494119573715430915e-02,2.115574006616788026e-05,4.672209895355961338e-28,5.092608522126861742e-02,1.204134290000945912e-21,4.287173264392921124e-02
2.532929813287372947e-02,7.744157007025310232e-04,7.674459103628727026e-14,5.956159363056642841e-02,9.412735905486005819e-03,4.243670052978484875e-02
2.746315768833422488e-02,1.025047712248870844e-03,1.291035092411370794e-14,7.260993407883678530e-02,7.283991335071893919e-03,5.366415350121221672e-02
2.531472365350047674e-02,2.197451138528269508e-05,5.704276994406104313e-29,5.374730280730787707e-02,6.158605044045070421e-22,4.765720283498938586e-02
2.336396564366984702e-02,1.195775243080581687e-05,4.211396860552163481e-28,4.740901036875935781e-02,1.302548104440259799e-22,4.450363327283408943e-02
4.968430403493974412e-02,2.569788777930340521e-04,2.770133227236645206e-38,8.929793604738590906e-02,2.405656480609500987e-30,5.898163969516995869e-02
3.482518762383913363e-02,3.670452821134418401e-05,2.492043693055626369e-32,6.760183037252148752e-02,2.488965211740593022e-26,5.192542346302636558e-02
5.784675118150420237e-02,2.335267747860162823e-04,7.520482204486360487e-41,8.505913188090905019e-02,8.147076342771751208e-28,5.194938865600712968e-02
3.251166984325901121e-02,9.556949545068666818e-05,4.931822630521204335e-32,6.394775553073024643e-02,7.662139464331474291e-25,4.917664650808640375e-02
3.065256902578317871e-02,4.049313834722619227e-05,4.136209794086261988e-20,7.588447368739890952e-02,1.203244666890303816e-09,6.326887850047333006e-02
3.076990236378768923e-02,2.636078879641667806e-04,1.286918208191081539e-15,7.168608951244832828e-02,6.814580015308976078e-03,6.713178618807626175e-02
3.412341478585548260e-02,3.903750074259358855e-04,2.218403948668058844e-15,9.029695557434221087e-02,6.746607001412684157e-03,6.297290461346995161e-02
4.162337345803849425e-02,9.928764773958451714e-05,4.315541231150715377e-30,8.859533910645189803e-02,2.488458776554479612e-29,6.322379062285468643e-02
3.273277285557470162e-02,1.686006612057974288e-05,1.252041886249708967e-31,6.477368617012493890e-02,9.856478107310717170e-27,6.527305495400768931e-02
3.620725709879773352e-02,3.327430168057359840e-04,4.646515960197053621e-31,5.925880493055003806e-02,8.240197045604770416e-21,3.950570045282583709e-02
4.071573717039530388e-02,5.225286411600719023e-05,1.567732163684003299e-31,8.772602285094975583e-02,1.207627022511213850e-28,6.732683816961190781e-02
3.823575595352594891e-02,2.040661144210768419e-04,9.147916162326122846e-24,7.637101060992099177e-02,7.185040953660640784e-09,5.739370042469369576e-02
4.188156806940457333e-02,9.292374745673523688e-05,1.811985127796386106e-19,1.016713740376666564e-01,1.732352986732140025e-08,7.530186147295424293e-02
3.576075004900626519e-02,2.645376735427636822e-04,1.489892310239353628e-16,8.487058149194999512e-02,6.964819765327656849e-03,6.285192704194604574e-02
3.388448476219860228e-02,2.153053904157980786e-04,5.123528753837916614e-14,8.337281016058735450e-02,7.433589898696013436e-03,6.402296086227131366e-02
2.143162221469479406e-02,3.400404553613238875e-05,3.148231471613452035e-24,3.969273368794577067e-02,1.410915482136009339e-18,3.866999020228480827e-02
4.763162754112212904e-02,2.578015225540255094e-05,4.111377668891471663e-36,8.812107942652849801e-02,6.317639753319586935e-31,6.287959304371332214e-02
4.664419642883119860e-02,2.956250969089065073e-04,6.424055394578365956e-39,7.322748933485384581e-02,6.286295270467033075e-26,4.838807590857131108e-02
3.236945948006041823e-02,8.109639150013973170e-05,6.880827200099710043e-28,6.276530340698180388e-02,2.119812859515135505e-21,4.807244873870637758e-02
3.419359343622474512e-02,1.240382437703480987e-04,6.588136672884054535e-30,6.568953451077710892e-02,1.987126326855675013e-24,4.982235021308219908e-02
3.729973231086378821e-02,1.263310021389303433e-04,5.986464419222315670e-23,5.896870779617260916e-02,4.196383142449247692e-05,4.936953687149250869e-02
3.711079833771107478e-02,2.374682961448473708e-04,5.360885774313039899e-18,8.173331346345701076e-02,5.622939642590062516e-04,6.047249564556162610e-02
2.192840200114660673e-02,1.559835078430922052e-04,4.638779085804338055e-24,4.044208253468330877e-02,9.559334032054638254e-16,3.409590670310896909e-02
3.015992402089269497e-02,3.420673545435631499e-03,2.733962216644469572e-14,5.795028518506973453e-02,1.090360254566758412e-02,4.293715723480242413e-02
2.468903576424323967e-02,4.371946024126210640e-05,1.246104950310945743e-27,4.393030022321832428e-02,3.507231056733443789e-18,3.429347721136521282e-02
2.771668704862026086e-02,3.577938047091531619e-05,6.223495800297946129e-28,6.052721228816569654e-02,3.469656481388392431e-24,5.368896043545941243e-02
3.394683684108511929e-02,2.069264870011753931e-05,7.564008437881258457e-30,5.804146023610232824e-02,3.266373153097178351e-24,4.949712557673575930e-02
3.701337806537122188e-02,2.189540257871917700e-05,1.191677878867211877e-30,8.289309812823858481e-02,1.817418601555901048e-28,6.746405191090694420e-02
3.683194890215728962e-02,7.338940277409098745e-05,7.411153960404113326e-31,6.321224864090567441e-02,1.484854039460719226e-23,4.559533566952640032e-02
3.528804374635685637e-02,2.063092407195253075e-08,8.357247553006916214e-17,8.288343609651194210e-02,8.820408732593179981e-04,6.446515442745547053e-02
3.300685400742463943e-02,4.767897426540887435e-05,3.355592606281200588e-30,6.165756664559742667e-02,1.475373689117977749e-23,5.132379758015829380e-02
3.752273829425618185e-02,2.645801701456308654e-04,6.582380603936189631e-24,7.243252157595948815e-02,2.761776315754614719e-09,5.436712750552399193e-02
2.759751579194729201e-02,6.386045526258449603e-05,2.137400805635659967e-30,5.580180900671168759e-02,2.497898668305756222e-23,4.927306226163704478e-02
3.772545725247303250e-02,9.462062773188383306e-05,2.548721158932255600e-32,5.377681076349757894e-02,1.304821314703949562e-18,3.913632931939133724e-02
3.088791010670188450e-02,1.062612766713551118e-05,1.148385408692998563e-25,6.708829694725663984e-02,1.247481753665321055e-23,5.992813602620025021e-02
3.727605100164471663e-02,1.564128127601923247e-04,1.052476891120636220e-29,7.345257379335606851e-02,2.377471201960778433e-23,5.835962406863710178e-02
2.407527262335219451e-02,4.590470080916763475e-05,2.057747499405484340e-24,5.255448838744124912e-02,1.288808564147841395e-19,4.720594229594875235e-02
4.217553106372663035e-02,7.339636630953881883e-04,6.031837681093155777e-21,8.051345764208227285e-02,1.949464862130633521e-03,5.790446633607614080e-02
3.228763386903313326e-02,7.259670306067586066e-05,4.231068204949781787e-32,6.174375356656212899e-02,1.969537096567381433e-24,5.442037866865091778e-02
3.602827085732226292e-02,4.907912636729295976e-04,2.296654424530342848e-23,6.724404436105868577e-02,1.749612701174000220e-06,4.605694886982803632e-02
3.872831090776215207e-02,1.296285134702147379e-05,1.019324759951869080e-31,8.032632122174478140e-02,1.629410896407900595e-31,7.687726251836830837e-02
3.462633136589379074e-02,1.336065376344544608e-05,3.876055914898688401e-33,7.137258081059998094e-02,3.738532658349683910e-28,6.556910131980782375e-02
3.305199853997452947e-02,1.812389968435995294e-05,4.235857956774341185e-30,6.418564042491228805e-02,3.926706513219308514e-26,5.860665586955058487e-02
3.168847996461868904e-02,4.502197618547962706e-05,5.250136124956323696e-33,7.319335228411492922e-02,3.489235667444997069e-29,6.820105880645735419e-02
3.337198974922192529e-02,4.967175261074579135e-05,6.400703548504750198e-32,5.965288106722511918e-02,1.219514218482404072e-25,5.547687650233366213e-02
2.742451818859018009e-02,2.801317284716166658e-04,1.260235603473322761e-15,6.897174522823198983e-02,4.314453957884680640e-03,5.828325669623849598e-02
2.100933973143966071e-02,2.706083358035386030e-05,1.256804386853433188e-27,3.991278684593261433e-02,4.665396262682428698e-19,4.086287909320976408e-02
3.597469422368131109e-02,8.042352493858417710e-05,3.601571432837821924e-23,7.497449179654344653e-02,2.081587487074226016e-09,5.394468259656924614e-02
1.127287192553318718e-01,2.399540146361183249e-02,2.095332972583814068e-01,4.247576304510674028e-01,3.227566460195944731e-01,2.000816999103740279e-01
1.106977501818609544e-01,1.183039378992913476e-01,2.069848128562365441e-01,3.444909186011815838e-01,3.142887849152846691e-01,1.888441040723407294e-01
1.077450237803749544e-01,6.801139933709868246e-02,1.910125033643350345e-01,3.629668530756651745e-01,2.942459946138685778e-01,2.073874751986323484e-01
1.107025243506191137e-01,6.839512931359235937e-02,1.983535634783965551e-01,3.638756081571398182e-01,2.960314871621436694e-01,1.976706227697844209e-01
1.109996046042502210e-01,3.826826486449957238e-02,2.023597503185093904e-01,3.893348035885596525e-01,3.007643945110335948e-01,2.020626626370442824e-01
1.104997754975684393e-01,5.732206193809784994e-02,1.884781827754638817e-01,3.669794189849647781e-01,2.854231216321950759e-01,1.829392024195836963e-01
1.179607647576874918e-01,1.431162076453432463e-01,2.154413007716801109e-01,2.961872612536907701e-01,3.047104544727351483e-01,2.012165535634720670e-01
1.134725077602826149e-01,1.181588605214376336e-01,2.065988479082380147e-01,3.321227726606129083e-01,3.126797342255042689e-01,2.062591376025632861e-01
1.147862527184834724e-01,9.361189674817453621e-02,2.100715184346662601e-01,3.588122047507720791e-01,3.116392269708600504e-01,2.050573935733049358e-01
1.108018229047288833e-01,7.329838258833919207e-02,2.013321162540471498e-01,3.688470829411614749e-01,3.056936043140335291e-01,2.074354871978475179e-01
1.065337134194821178e-01,8.685676497565603116e-02,1.861067215537096919e-01,3.365848246486907169e-01,2.966666986949996199e-01,1.917742287169764692e-01
1.164302032013539157e-01,9.871773608773358466e-02,2.218676525471101613e-01,3.701755288881367623e-01,3.389624708947089338e-01,2.013314898585014390e-01
1.021479232044486124e-01,1.390912513616610890e-01,1.849932124310507131e-01,2.932513972817849535e-01,2.798845379487054363e-01,1.944208297445647049e-01
1.133814977739952129e-01,2.589945267397372047e-02,2.027423305368898365e-01,4.047537410709333705e-01,3.023618293654164457e-01,2.123972861866763040e-01
1.056116404569028833e-01,2.136758323230505130e-01,1.881236317072307318e-01,2.143313569548975228e-01,2.732501809313035990e-01,1.729884795412809928e-01
1.237273890855248720e-01,7.283085708655305524e-02,2.215893817667813903e-01,3.647611075885323628e-01,3.141114310883010852e-01,1.887663138067846857e-01
1.057029836761022024e-01,6.600923149469253848e-02,1.917463744035183826e-01,3.567241758857020995e-01,2.858640739937424735e-01,2.034372444006094238e-01
1.105363200476364161e-01,1.305095234643003643e-01,1.975352042474238512e-01,2.984576817405095173e-01,3.006804157356264273e-01,2.016264801513447391e-01
1.238476452868710748e-01,1.551223754659916965e-01,2.338222741582612896e-01,3.181999613703946350e-01,3.299840417270635817e-01,2.025499069304542987e-01
1.167109813406128488e-01,9.269862024144581714e-02,2.189952617171766480e-01,3.550409433184888996e-01,3.115198564245298396e-01,2.068836950933175545e-01
1.091004332451017550e-01,6.467257943027358846e-02,1.955357573354521705e-01,3.694770833506749730e-01,2.923028448647163047e-01,2.020805504965209332e-01
1.036517682625673481e-01,5.973066390579801627e-02,1.896388374328940030e-01,3.789019440243216463e-01,2.996101495192953768e-01,2.005429307456904342e-01
1.067747864613558806e-01,3.412546345779725321e-02,1.883141329561133226e-01,3.886857731176433517e-01,2.938165921340322728e-01,2.071042107504485197e-01
1.039407835495716609e-01,1.496798151770257768e-01,1.877738836821092328e-01,2.725626444978109797e-01,2.787306354783422591e-01,1.892735484314942707e-01
1.058577185043688973e-01,3.018533538409006595e-02,1.880935456786874960e-01,3.745436097108996720e-01,2.864007448092041885e-01,2.097510675442238459e-01
1.083677217000917625e-01,8.860144626632321385e-02,1.913408604995560369e-01,3.312523515844717492e-01,2.879384786349997727e-01,1.833956125199704412e-01
1.117750090434061205e-01,1.581979590577067482e-02,2.020856406196961108e-01,4.035485711319671265e-01,3.091577654608403392e-01,2.197994669663115297e-01
1.113856559716477346e-01,1.002693347072790564e-01,1.961032201680742437e-01,3.298907336717232797e-01,3.060969770348838104e-01,2.030124969344105634e-01
1.019756220339798486e-01,1.369729579834116362e-01,1.848515114116031088e-01,2.781445618724135982e-01,2.732570836722335028e-01,1.951804767802715890e-01
1.106873918509497928e-01,6.466421939376540418e-02,2.069151078640802666e-01,3.675485616454450821e-01,2.999183120133397940e-01,2.076258348172432266e-01
1.071515349753068697e-01,9.007490750532422263e-02,1.981394749534660105e-01,3.426399668853077896e-01,2.931367663668507095e-01,1.933435371824400173e-01
1.090317918299616856e-01,6.789081769923714649e-02,2.025055851764232806e-01,3.673024958749320223e-01,2.978071754241169433e-01,1.980815762101875988e-01
1.022794753443907051e-01,7.248448998951141642e-02,1.898277080735468469e-01,3.439247434112646662e-01,2.812517800474731988e-01,2.020349864013465946e-01
1.066568494738814876e-01,5.541075297362663826e-02,1.896951277993034757e-01,3.588416823668629241e-01,2.776372050837773164e-01,2.098854930368795058e-01
1.117497991078943848e-01,1.854382938825609520e-02,1.890760179389188167e-01,3.916374054324843756e-01,2.811054192965919407e-01,1.910340313206517759e-01
1.017678400936861960e-01,5.996798228355772892e-02,1.655656457760514011e-01,3.326231763099082861e-01,2.672444066505151872e-01,1.759212002804916297e-01
1.041952072190035494e-01,1.004391430878346647e-01,1.847483242800827541e-01,3.163565493760433500e-01,2.837244452494222524e-01,2.015520191717901921e-01
1.069069970035488454e-01,4.697553818965208294e-02,1.914235872728458077e-01,3.712438826300408778e-01,2.889771340950629264e-01,2.142356233667354892e-01
1.051225218714504778e-01,1.016698029159974759e-01,1.866989221248271102e-01,3.153838247134561623e-01,2.743379659285584693e-01,1.989857425844410166e-01
1.036608483550102017e-01,3.327032725415600412e-02,1.894804521774139938e-01,3.790740149332634257e-01,2.801665138433186986e-01,2.009385720793431807e-01
1.060562790441471476e-01,7.806037849280608731e-02,1.998370063706749467e-01,3.570299475353507224e-01,2.919189350968248720e-01,2.069467277094095281e-01
1.004030873149107383e-01,9.248285919905878394e-02,1.882193120483464932e-01,3.282067378788904310e-01,2.824332146534144217e-01,1.948125746126863900e-01
1.032907041287154520e-01,1.092818453474047741e-01,1.921736189500382608e-01,3.159098903712122541e-01,2.820115604262327103e-01,2.048765226425726393e-01
1.024967445676923522e-01,7.974962056382293996e-02,1.857784788519977193e-01,3.283488496645851629e-01,2.716289314838590263e-01,1.942875604272318868e-01
1.049965548697311540e-01,6.277758868087421340e-02,1.891973657646190687e-01,3.496310177864642710e-01,2.708667791140005887e-01,1.863788979868298001e-01
1.147010129741988099e-01,3.789920326169187587e-02,1.978901512304623023e-01,3.746028870544351741e-01,2.808012903635405677e-01,1.876162111761576490e-01
1.047087858636703422e-01,4.510021438282529188e-02,1.891403920977143827e-01,3.724991885404287939e-01,2.850657226072562112e-01,2.087394251149540247e-01
1.086444841747176426e-01,1.112907220542118519e-01,1.926715425129094106e-01,3.036115113954005462e-01,2.745721805124123338e-01,2.049608812246673240e-01
1.143440680691090727e-01,7.418872524419375947e-02,2.098204871248367520e-01,3.522536419551707265e-01,2.907929732957761360e-01,2.172095580396901093e-01
1.086026673441682910e-01,1.092776018656308190e-01,1.962287325961356299e-01,3.131669083365042350e-01,2.777843229904954914e-01,1.929499460218647156e-01
1.021140758305810331e-01,4.936739289734340397e-02,1.904626841486629363e-01,3.737310985376273709e-01,2.853013574998893853e-01,2.192864616916168075e-01
1.116806471160361192e-01,5.496360582029876166e-04,2.173145498436362399e-01,4.316298571619660018e-01,3.120314377681173701e-01,2.085836739982369348e-01
1.016349935132663945e-01,7.730370975813222190e-02,1.837252514980501628e-01,3.402242123980591670e-01,2.705976033146222370e-01,2.030428978910081006e-01
1.107494132273387499e-01,5.410969048826547861e-02,1.997320787027506428e-01,3.688758177775642300e-01,2.841826364731998011e-01,2.053376985792619847e-01
1.062521955509720256e-01,2.511337449863015187e-02,1.955346144155443167e-01,3.926334963534717226e-01,2.766482378490368044e-01,1.942077293154406692e-01
1.035769648851778413e-01,7.619465415683163850e-03,1.813749599082914443e-01,4.234937954182932396e-01,2.672537484462800816e-01,2.040008100254593892e-01
1.054923889459650904e-01,8.604294612191193403e-02,1.904651306214363016e-01,3.337934537542405211e-01,2.735992508188928585e-01,2.071631617986523233e-01
1.067468593691045797e-01,9.341543725644656238e-02,1.983893681207072046e-01,3.332190485573038319e-01,2.795063251048613417e-01,2.118717043264621847e-01
1.057126292047355504e-01,6.170978302613288474e-02,1.910775153582333352e-01,3.595672469783418035e-01,2.787534844172934734e-01,2.096146516817297134e-01
1.176504273032292769e-01,6.181243306894144973e-02,2.198658960280314711e-01,3.721140575791493377e-01,3.019339769204893997e-01,2.051545944403642407e-01
1.083804086401925493e-01,9.632628683389853064e-02,2.089370512249214551e-01,3.371603761555287959e-01,3.108261859250337489e-01,2.170605451111127793e-01
1.087302831452431895e-01,4.199441525121309915e-02,2.029884183976478074e-01,4.079957661415076764e-01,3.195122473163386490e-01,2.244272472384963024e-01
1.003868027452377160e-01,7.844161296892337987e-02,1.906331417863622868e-01,3.445659246179805790e-01,2.899718781624289754e-01,2.213509778703374453e-01
1.064639937655633140e-01,4.035714324330506864e-02,1.916174097916469587e-01,3.822258605841657997e-01,2.967986600772541395e-01,2.190045941902377669e-01
1.072389570042596302e-01,9.673898901012691065e-02,1.953486153106072098e-01,3.301929831022220596e-01,2.927279948872579252e-01,2.024500291227001036e-01
1.036167085988664721e-01,6.280619828017917905e-02,1.839021097367647406e-01,3.477273157707443940e-01,2.825533449984272694e-01,1.950480225524336697e-01
1.124083230643596332e-01,1.180051595460926833e-01,2.130148358531951114e-01,3.215443636433293895e-01,3.068907321533906329e-01,2.201676538017995066e-01
1.055509543505899900e-01,3.427866715583221396e-02,2.054562777002163221e-01,3.914611511269758815e-01,3.096150448181042014e-01,2.330276141120955491e-01
1.065965394453174953e-01,1.292944963234915201e-01,1.991060317974668037e-01,3.129149812432930888e-01,3.018989594641297014e-01,2.141595853561991669e-01
1.062853652177839781e-01,1.011550649040068445e-01,1.984734975943574786e-01,3.349240665392828609e-01,2.987887117979141083e-01,2.273708913458064307e-01
1.050796849954301754e-01,7.852839935309072206e-02,1.923498706246158374e-01,3.472002050382622662e-01,2.966957957931745105e-01,2.166601401998197174e-01
1.177796395793195144e-01,2.086843236134343915e-01,2.251174988913964559e-01,2.651644128520445620e-01,3.219953835953916488e-01,2.086976895197374393e-01
1.051407344594530863e-01,4.286804129359486626e-02,1.923433295557309408e-01,4.048593603254637130e-01,3.057872447219413536e-01,2.396261224401264323e-01
1.186315641956781769e-01,7.083796263641804758e-02,2.103023392225548960e-01,3.863421298977044449e-01,3.107402141069697810e-01,2.383261712978443914e-01
1.156283083185167260e-01,1.036108434582315163e-01,1.982504263310859438e-01,3.463790121597037364e-01,2.928997458239212537e-01,2.306792912914769067e-01
1.256708125758271843e-01,8.415952153046614426e-02,2.216042898783691095e-01,3.829089625858179691e-01,3.221702710738361120e-01,2.188957569338844944e-01
1.165910209217913829e-01,1.616204227206326505e-01,1.954974008709833011e-01,2.651304204409583587e-01,2.915584884602886451e-01,2.178577351500869397e-01
1.210025358898425274e-01,1.220315598994641954e-01,1.990225634913040109e-01,3.385440497639070623e-01,3.095189295542935537e-01,2.323397827567149909e-01
1.242329465942231537e-01,1.525617940074389667e-01,2.305652740757603569e-01,3.127496682907859871e-01,3.271706122563529662e-01,2.206692838168855808e-01
1.131760131532795061e-01,8.869861899798621441e-02,2.121623394520055772e-01,3.570406072110374196e-01,3.089493048933210639e-01,2.282216572008038680e-01
1.138595618034284884e-01,1.299622915495737552e-01,1.980948156531071591e-01,3.260559688043201398e-01,2.985252195834952604e-01,2.294478569994966854e-01
1.137288793783969437e-01,1.200645530716412668e-01,1.996051534634936120e-01,3.515130585871449331e-01,3.028288722714285175e-01,2.336210510215423475e-01
9.723895773012389276e-02,9.595436978240509673e-02,1.859604276279523127e-01,3.394082259978383753e-01,3.094668883938019865e-01,2.383968607473214429e-01
1.026349353889605409e-01,1.196087535368829946e-01,1.936034459105762384e-01,3.129330774472928178e-01,3.009881665559153707e-01,2.207984419981944835e-01
1.092529873667281159e-01,7.730373100087861715e-02,1.948790954982361212e-01,3.498413270383342599e-01,2.944954384834931882e-01,2.200258501584447801e-01
1.139651715485784644e-01,6.141941979005685615e-02,1.930974197194488817e-01,3.620870932435563683e-01,3.016589902333794981e-01,2.169262329617027418e-01
1.214305703125694025e-01,2.179132582623756753e-01,2.210351823782272795e-01,2.387146148761064568e-01,3.056454387862443389e-01,2.249382805549591524e-01
1.156543365453650690e-01,2.007959511582597112e-01,1.988010219808663548e-01,2.499127100061760143e-01,3.033351677943310065e-01,2.188726942547823406e-01
1.157504459842855077e-01,7.615005146386452650e-02,1.880863086755615032e-01,3.587543940815994259e-01,2.831657228827423878e-01,2.427246626918346251e-01
1.207441862162824675e-01,3.472094216857073840e-02,2.038583460135852676e-01,4.193593990649109315e-01,3.073647349110937288e-01,2.542701955601228136e-01
1.212138318137844506e-01,1.015561741133567952e-01,2.052881556071877445e-01,3.552415209703506105e-01,2.995890838493701080e-01,2.375730727907150452e-01
1.096935248863859097e-01,1.555955168892315249e-02,1.942209777210306410e-01,4.448228101572105908e-01,3.186218813967022223e-01,2.371957226947594977e-01
1.135243803658245038e-01,1.057253717326399750e-01,1.948839003596549713e-01,3.400695568967418425e-01,2.849546088905047792e-01,2.275890519200524931e-01
1.128650046571210153e-01,1.015071152329250770e-01,1.923836034189276012e-01,3.408723448468321537e-01,2.841868689131956671e-01,2.286088725538004962e-01
1.136783338609373695e-01,5.816108240813375879e-02,1.873681182089773634e-01,3.785005091152737755e-01,2.869109779208988131e-01,2.260914243371190124e-01
1.118502271055054759e-01,9.888239631405449682e-04,1.775515722026473342e-01,4.178914268466606408e-01,2.768135447517636183e-01,2.187034626940915771e-01
1.113087487795059727e-01,2.903999964746143969e-01,1.877718806685590713e-01,1.539453094987921766e-01,2.807913999979707587e-01,2.167557488048549308e-01
1.156675921909771781e-01,6.073828511328629998e-02,1.926332185317563839e-01,3.754767261178484361e-01,2.953133899710342902e-01,2.489042506363027540e-01
1.105997789715374435e-01,1.691231440026619293e-02,1.861743286380311557e-01,4.223377421675295618e-01,2.932776012197455540e-01,2.616088344672110599e-01
1.148259312229794049e-01,9.937232262359187163e-02,1.901897051891583978e-01,3.504696815420778044e-01,2.852003264501195012e-01,2.344882424308431523e-01
1.212667275659211896e-01,8.490342132010622600e-02,2.065521841888610100e-01,3.785592115030379512e-01,2.992708544193617426e-01,2.537899533448007561e-01
1.009302125869343814e-01,6.856632292398208428e-02,1.831622230606472224e-01,3.813518935245366337e-01,2.982896933861251543e-01,2.243575072830557293e-01
1.127091636451022644e-01,1.936590407421044380e-01,1.987866206765867838e-01,2.548400554508780114e-01,2.808293995271679000e-01,2.196310650381663454e-01
1.128907726476776063e-01,2.685585441526398137e-02,1.863160954077123510e-01,4.019767004778022068e-01,2.851610054586245502e-01,2.389861880057440047e-01
1.102049136890880660e-01,4.961010732506858367e-02,1.838909265363988799e-01,3.783144463257364642e-01,2.842547512845003954e-01,2.246901329919215040e-01
1.230224729788510496e-01,4.076299800567956960e-02,2.085702437008497834e-01,3.979504707524799678e-01,2.883175402629507000e-01,2.256151073662398532e-01
1.090076420202132912e-01,7.754815655839301936e-02,1.813257477865217182e-01,3.615025484793151223e-01,2.925672464731597366e-01,2.419378197882550152e-01
1.147406819940108846e-01,9.531420329741249753e-02,1.931491408507242935e-01,3.449287283263368642e-01,2.832658493310087899e-01,2.402924830845011850e-01
1.232943984116427194e-01,9.522422870612384793e-02,2.150461711672074228e-01,3.653835887406033933e-01,2.986487131271338691e-01,2.509221615228121594e-01
1.216457236069113240e-01,8.210471311931719085e-02,2.050192069319073107e-01,3.689325501582546019e-01,2.921010681523038555e-01,2.389189557888216631e-01
1.082944611307373323e-01,4.507133142178099822e-02,1.975362047817455224e-01,4.012963742681399659e-01,2.970342301044645583e-01,2.447413604372628837e-01
1.123406900336472308e-01,7.542477473749836792e-02,2.023201630050245614e-01,3.807107071062525994e-01,3.153036602805791566e-01,2.363368205538367295e-01
1.059052088430574162e-01,6.483086165845440563e-02,1.890857675424005013e-01,3.784397502235544164e-01,2.792392653370789346e-01,2.426625568907484487e-01
1.158772893844592367e-01,6.886821893767024194e-02,2.078709194141875882e-01,3.831607164871674298e-01,2.932097123371003589e-01,2.372065293912474226e-01
1.181809345646392118e-01,8.580668529448759463e-02,1.975637181839610401e-01,3.577640700804654572e-01,2.792876658511457277e-01,2.294430170223582810e-01
1.109029896046322822e-01,4.728194296037528666e-02,1.883878180273630132e-01,3.804743341873949580e-01,2.723483950892407468e-01,2.176686050949185047e-01
1.105114860595678844e-01,4.199835715155813415e-02,1.872645326078292705e-01,3.916324483512614307e-01,2.919992036963630633e-01,2.491586455711294334e-01
1.098716794700036470e-01,8.561762312527602947e-02,2.015639421737574488e-01,3.551702899096290111e-01,2.955832206484196867e-01,2.456784535966784200e-01
1.189121999676976682e-01,1.030612004828605904e-01,1.981502452921838076e-01,3.328392322868446995e-01,2.863790552046200366e-01,2.595275278032266875e-01
1.311135581379636594e-01,5.678811842812771238e-02,2.238000005144264448e-01,3.933983397805426718e-01,3.103154174429256229e-01,2.483832588036539168e-01
1.324755686999576632e-01,5.835827429808746469e-01,4.278971449960893847e-01,4.748155631522835707e-01,7.186248762257507749e-01,6.518680963877971912e-01
1.153830763258949510e-01,2.254133937879142791e-01,3.824446022363575670e-01,7.934145212898346955e-01,7.214260183852367891e-01,6.826566467651149495e-01
1.426468523725930859e-01,4.566807802727984589e-01,4.363339334241147505e-01,5.070788282001188474e-01,6.599023943268610415e-01,6.392052067650381142e-01
1.390530986902636379e-01,4.232162256747175055e-01,4.362925864978415280e-01,5.655690114785785205e-01,7.015782003441923820e-01,6.513869235938785085e-01
1.412624172543910372e-01,3.411484157601507583e-01,4.336850287536962445e-01,6.279051222572402668e-01,6.865742296416822432e-01,6.482284347811516634e-01
1.278375893119904905e-01,4.422335316288409368e-01,3.897570762124752952e-01,5.067073769165987285e-01,6.571524185440886789e-01,5.833455736649972856e-01
1.420528776985658659e-01,2.553643024995362262e-02,4.227733426609064926e-01,9.121408680133169522e-01,7.138583977383614609e-01,7.129208101203055037e-01
1.759429904292625080e-01,5.203868842219810942e-01,5.174280766310578317e-01,4.965503055360473983e-01,7.189530817332409063e-01,6.975850746975624794e-01
1.587471331326105461e-01,5.564839420988574314e-01,4.692450721664621627e-01,5.153529755366755838e-01,7.425315997487382802e-01,6.869400010865014394e-01
1.273960338537645509e-01,6.021331800242857302e-01,4.057395587146283567e-01,4.202878327749741127e-01,6.806779390836305010e-01,6.382402748973063922e-01
1.177081104325259225e-01,2.145967812154860876e-01,3.748947702624561562e-01,7.602821770613091834e-01,6.940498938710463195e-01,6.659974074802436084e-01
1.227372651028962175e-01,2.586098136398761183e-01,4.045504235701287699e-01,7.677411041039828854e-01,7.177168004887231056e-01,6.808969181684013661e-01
1.273693218460819621e-01,4.593797920306555982e-01,4.021105568608354108e-01,5.094542530090548915e-01,6.640374419988223087e-01,6.400244822222411756e-01
1.380968072086482534e-01,7.943287109844375804e-01,4.180536031780822115e-01,3.180248535517820052e-01,7.495935395279303970e-01,6.274600117803700305e-01
1.165761894696016737e-01,5.801910449441813888e-01,3.682764041621120477e-01,4.131529183797768012e-01,6.768874005872086430e-01,5.919342801713159963e-01
1.193305382928498137e-01,4.464089667528836070e-01,3.593311290913993594e-01,5.776428344868969056e-01,7.181866598144575065e-01,5.925174652463628400e-01
1.287588890350803983e-01,5.722848873667669700e-01,3.910362457449155227e-01,4.106654916243885900e-01,6.711489332615345749e-01,6.206868771301259358e-01
1.494057668965478591e-01,3.630646524577063050e-01,4.495261685416030439e-01,5.688394459045403861e-01,6.659609727081963193e-01,6.690198049131089730e-01
1.402909014442928204e-01,6.558041259124559597e-01,4.192706602553006867e-01,4.050595329993811888e-01,7.227817194467880402e-01,6.396913262943829670e-01
1.171551314838168711e-01,5.342971946892037804e-01,3.687234275477723200e-01,4.447913542965228895e-01,6.589501596893179158e-01,6.209794910985755312e-01
1.278058185495045129e-01,4.658751314495865326e-01,4.036755184969361143e-01,5.554112113714394505e-01,6.979628825536501324e-01,6.574759760671394782e-01
1.162470374244904403e-01,4.578288961449871741e-01,3.902795269769396835e-01,5.871397715648750681e-01,6.980871304514018050e-01,6.584877140607396928e-01
1.349390179154032754e-01,5.372609841294920807e-01,4.300851811411480208e-01,4.262399198955449386e-01,6.456515515423374429e-01,6.347971044990803335e-01
1.029329041580709786e-01,5.376442439843996945e-01,3.245521426576253865e-01,4.663447404411015240e-01,6.797273119590923063e-01,5.892958531183117854e-01
1.040688572407594964e-01,5.449773521404674970e-01,3.230800005850777978e-01,4.761920197251879872e-01,6.952488016506533919e-01,5.891238096103069699e-01
1.071182905722935924e-01,5.317989129840990925e-01,3.294641240161776952e-01,4.583850370146765330e-01,6.761001100079052639e-01,5.570186443751178329e-01
1.123163566799517121e-01,4.798665004734365969e-01,3.522169532050617446e-01,4.742633228616877639e-01,6.549683296574642100e-01,6.117778976803823765e-01
1.429539431019663520e-01,4.765511870535313332e-01,4.408580497602776482e-01,4.558695741214116026e-01,6.475198168379322494e-01,6.552713744576861288e-01
1.016382838465428179e-01,4.404584890733969083e-01,3.182150788964236976e-01,5.370833116893636294e-01,6.699161481125696094e-01,6.109104483690759313e-01
1.232824533685018681e-01,7.240972182327160001e-01,3.840880287986949138e-01,3.030784740366801455e-01,6.809437322148623739e-01,6.201642350293683492e-01
9.308817000275000642e-02,5.661895142397601610e-01,3.067914676367816118e-01,5.075383534428123955e-01,7.157126919393073106e-01,5.932303730311654366e-01
9.172864630661428653e-02,4.449035119489209156e-01,3.081228006596259394e-01,5.932427770568310388e-01,7.020024680000447326e-01,5.975092496961491584e-01
1.083256767123041142e-01,5.026788055216536710e-01,3.482242349196181808e-01,5.089426992984011910e-01,6.916373173078590453e-01,6.049290048351082527e-01
1.115981823354230684e-01,4.600892300011746316e-01,3.511678549950447148e-01,5.142411793707315493e-01,6.724219348457144418e-01,5.976490374765834890e-01
1.505665796928586930e-01,4.800429791114084188e-01,4.519903404920475598e-01,4.567453637026437918e-01,6.493433468360686467e-01,6.193970660718914889e-01
1.090541854673942601e-01,3.446185105494894985e-01,3.324966386745599189e-01,6.282010529336501392e-01,6.959270666878423217e-01,5.789899328096475006e-01
9.887840059221549016e-02,5.404677669837221199e-01,3.213288991059942701e-01,4.309537991572812698e-01,6.524050339847757840e-01,5.829035393424433220e-01
1.164692095934831556e-01,5.458210061977916139e-01,3.639224265706864636e-01,5.126264301994967187e-01,7.220871518292794056e-01,6.368015438642831150e-01
1.312508528990667667e-01,3.765989694719483194e-01,3.902492296221148904e-01,6.732919366048597531e-01,7.466891737518848160e-01,6.846323194702084169e-01
1.065575670642420897e-01,4.870777728281840413e-01,3.232071584018797461e-01,4.937373387363689359e-01,6.590435755533725626e-01,5.984113535657211713e-01
9.370774397735108507e-02,1.872167097516310996e-01,3.035989133246092542e-01,8.507782425510418411e-01,7.398605846059932434e-01,6.431435265882361474e-01
8.867741341569415625e-02,4.513952307621501014e-01,3.001248855948296934e-01,6.206587179275574462e-01,7.226059666639348400e-01,6.037246452372961869e-01
1.017013476082289924e-01,8.554219343757774041e-01,3.349416093237476133e-01,1.603066914494528372e-01,6.464863760732478815e-01,5.391211744383485049e-01
1.171348784800920195e-01,3.944386466809116087e-01,3.672650808386977439e-01,5.628161323823457352e-01,6.713877533517326190e-01,6.131452060422037942e-01
1.289279217236538322e-01,2.940450401823073157e-01,4.017976228768314617e-01,6.243734029915238848e-01,6.589846707170557982e-01,6.148873799858771694e-01
1.025145542471987969e-01,6.075214875528708314e-01,3.200442680342193702e-01,3.803003213001538985e-01,6.653873015515479050e-01,5.283608879397475588e-01
1.015854336758988813e-01,7.554444558636986828e-01,3.289746317939238329e-01,2.646645785417867658e-01,6.685304373865138539e-01,5.723342962346060769e-01
1.078694361837951171e-01,4.027250631604225584e-01,3.348962764441212880e-01,6.257696948499276157e-01,7.191561331175860827e-01,6.324255303175285725e-01
1.089813896967985613e-01,3.448197913890566069e-01,3.441719145566582982e-01,6.776633196709177520e-01,7.211087217540249616e-01,6.403641477076531530e-01
1.531468253877906749e-01,4.262216760690894501e-01,4.763111375180734131e-01,5.717022043823815070e-01,6.972898215826418555e-01,6.732290020114523044e-01
9.112661419396336782e-02,4.858344070688838112e-01,3.089193277413880834e-01,6.250083644643386060e-01,7.540092278641141732e-01,6.210503227975839868e-01
9.178134825090468463e-02,8.852998549032959907e-01,3.123063025488170830e-01,2.040572393568693965e-01,6.827993613147079754e-01,5.396332064714665089e-01
1.236822314355732338e-01,4.047822617636833709e-01,4.026823559313032486e-01,5.110277476282215625e-01,6.186924867062739697e-01,6.185500870725347822e-01
9.910269321955354760e-02,4.614965966510339856e-01,3.305188139792254454e-01,4.934790035088192361e-01,6.512860655167379553e-01,5.868381829671130978e-01
1.223192754960662487e-01,7.148203038335729786e-01,4.125643683826809571e-01,2.386593434212698761e-01,6.220117428454658981e-01,5.652593432577074362e-01
1.115623546263700139e-01,4.619394797820386422e-01,3.577675093429977249e-01,5.231379707907386489e-01,6.851335773400694107e-01,5.646144193024625890e-01
1.020892598649183608e-01,2.635343956323399905e-01,3.281768783712153414e-01,7.445769682125281674e-01,7.234247481521280942e-01,6.467773995273952137e-01
1.167281515079822557e-01,6.623605475863422187e-01,3.737144439151693365e-01,4.335920941236174331e-01,7.423157380716169929e-01,6.379713616883911920e-01
1.125717403244875930e-01,5.106390816595370863e-01,3.619025768622048944e-01,5.569954393922341707e-01,7.341070683439870903e-01,6.325806978122812119e-01
1.458812486231033934e-01,7.084583667279924502e-01,4.659311219530691273e-01,2.850297682178246084e-01,6.572597165953825149e-01,6.156560306072921263e-01
1.126431075402914983e-01,1.053487885239402649e-01,2.047762776207851521e-01,3.048549437514006533e-01,2.783908413596778431e-01,1.813195237609349642e-01
1.117561500491401072e-01,7.381073783764045826e-02,2.034235829003228913e-01,3.434703437341929955e-01,2.983713102555332619e-01,1.885597040698576699e-01
1.015503153391384694e-01,6.423718154088238486e-02,1.847535775347231290e-01,3.394003755613957951e-01,2.776675401711025670e-01,1.911689172512258394e-01
1.061589265440989610e-01,7.748615342284263796e-02,1.889177176733766728e-01,3.189454507417915363e-01,2.739684490537894201e-01,1.822148160291150454e-01
1.064007842288628297e-01,5.518288138455694491e-02,1.966168399047613646e-01,3.489963466828809868e-01,2.867883420818794771e-01,1.821512280317998667e-01
1.063586060520940874e-01,4.145504242941529249e-02,1.855163205061426679e-01,3.454919484375962302e-01,2.698417420607241435e-01,1.708990679663666135e-01
1.189968647674959079e-01,5.960134721929786356e-02,2.088888110949588817e-01,3.487969669284815555e-01,2.946489530992458250e-01,1.919070666065536557e-01
1.132735654833962463e-01,1.104896476744850475e-01,1.987507411399182522e-01,3.024940535604302982e-01,2.942129872747129560e-01,1.956832749863654797e-01
1.144544959110186388e-01,4.274390132270661918e-02,2.041952092674199082e-01,3.617091927562526843e-01,2.892924915179556078e-01,1.967085155509236960e-01
1.132047776882016826e-01,8.367010957963218198e-02,1.956089273070500123e-01,3.147949792440996597e-01,2.806996351761736896e-01,1.950113466897130943e-01
1.090782021981541589e-01,3.282083814607390099e-02,1.906316141268159792e-01,3.749336709021272585e-01,2.767567532656529661e-01,1.935666556746150624e-01
1.222766694509290902e-01,7.664976333577820655e-02,2.263675441150957146e-01,3.552097365859103739e-01,3.113487253246546849e-01,1.962702116656480089e-01
1.025481306271346649e-01,3.809711542262413791e-02,1.813818975566293956e-01,3.726183596479339388e-01,2.785962984838035728e-01,2.015724479282940684e-01
1.092319374620959738e-01,5.027755117874485591e-02,2.003723222513808522e-01,3.716192678928798565e-01,2.867373297376371588e-01,1.996649180056163653e-01
1.085566947723930337e-01,2.072408281112634101e-02,1.882709727755709217e-01,3.782068058964692669e-01,2.783158871032846426e-01,2.013882344269431190e-01
1.253216665586982803e-01,6.427059528398558486e-02,2.272689334803361105e-01,3.560087621838846639e-01,3.012421492104283560e-01,1.832469784266292645e-01
1.098887783727951206e-01,4.404954077730776490e-02,1.902093963096641860e-01,3.577543189473028629e-01,2.779654046098595233e-01,2.044651379368865041e-01
1.142450896532396509e-01,8.477963498868230918e-02,2.025572154886925436e-01,3.226866957008101555e-01,2.791831535145599119e-01,2.032189453053513117e-01
1.383562512902506147e-01,1.751962330345647467e-01,2.539046047070619427e-01,2.520392052193546895e-01,3.061327739379225976e-01,1.958736902587427386e-01
1.191024521882471793e-01,7.411754013897575710e-02,2.128551718762043410e-01,3.427463508497737843e-01,2.905166126190306675e-01,2.024449533681958735e-01
1.086953780781652196e-01,1.075584839263125092e-01,1.950214794920132333e-01,2.930621669314141253e-01,2.791561067443230071e-01,1.923412945499745064e-01
1.052477253320132367e-01,8.068316588931014055e-02,1.877391105578098407e-01,3.359385718296853951e-01,2.791950433558129108e-01,1.940570099817146565e-01
1.042059906167095151e-01,7.488736151301871036e-02,1.887408811443127832e-01,3.357946091085161067e-01,2.768187112421641727e-01,1.977425230576187187e-01
1.049404214374778099e-01,1.349745051953649133e-02,1.842011315957487738e-01,3.825796829499001350e-01,2.767959759121286223e-01,1.998859219538727250e-01
1.080814099392391342e-01,3.558540350598562996e-02,1.868734645609922418e-01,3.671080193034636507e-01,2.734861452914795210e-01,1.974353937244094082e-01
1.104013062690294145e-01,5.385540208271590024e-02,1.942414576236964618e-01,3.494246800411867637e-01,2.654985738528252148e-01,1.857369398627189416e-01
1.154768933182604568e-01,1.410668502423170767e-01,2.139153928426595630e-01,2.679692270348268401e-01,2.847645964058148071e-01,1.922972171582312539e-01
1.148937560894846555e-01,5.053449451202789849e-02,2.100266413641783958e-01,3.534010059608824750e-01,2.914448956920318023e-01,2.068641191716318328e-01
1.039767081202534749e-01,6.120644150910953263e-02,1.815116605225153557e-01,3.319317708427586000e-01,2.664516365224879890e-01,2.059763517052104198e-01
1.095318717151555488e-01,1.203480888037987417e-01,1.954000362735980600e-01,2.764240578778958679e-01,2.745555863118360196e-01,1.972988178129036207e-01
1.107302921004874180e-01,4.528875783710567537e-02,1.916623649275361607e-01,3.688412403463354194e-01,2.822861862312020520e-01,2.077908389994168326e-01
1.107706140697985037e-01,1.631782255333533507e-02,1.951528474887361253e-01,3.989567988882836702e-01,2.864102353861563421e-01,1.981322049481495373e-01
1.044269977229290852e-01,5.471743446629957763e-02,1.793686363848565612e-01,3.443837171792157870e-01,2.725529649445889158e-01,1.977347232808210620e-01
1.047135965105402966e-01,7.386066623658520125e-02,1.803101492058538646e-01,3.356221574936063545e-01,2.670330225504048971e-01,1.906292627704644360e-01
1.083910692255385944e-01,6.857858699510611944e-02,1.795428400551442871e-01,3.308975760895275786e-01,2.624149324354320689e-01,1.780379458131579329e-01
1.004493499144691881e-01,5.470018600522607438e-02,1.669582259466598773e-01,3.221237251484397324e-01,2.525552320405219930e-01,1.800205185926109785e-01
1.052433138927111045e-01,6.436931436293837072e-02,1.864995600647124940e-01,3.421047613729296666e-01,2.723837097758007864e-01,2.014693390371648518e-01
1.023338707144536147e-01,8.191544733097576303e-02,1.773043122534674609e-01,3.173233007290148788e-01,2.631450164471437203e-01,1.940372731785339755e-01
1.032994347767713372e-01,1.137893717407449101e-01,1.786777761552210964e-01,2.738889370359670616e-01,2.627520947116734340e-01,2.003079634470303905e-01
1.013893854071133277e-01,4.815368214133805558e-02,1.807658410719752140e-01,3.423776740327377222e-01,2.685316692240064529e-01,2.047716995398137507e-01
1.068157338467742024e-01,3.696842862935399016e-02,1.879218185721757972e-01,3.804304704913700208e-01,2.749201488082418932e-01,2.157091111408810380e-01
1.006952224734653095e-01,4.920132615496410761e-02,1.778366384809786371e-01,3.439630053962126621e-01,2.658864990078303459e-01,1.978339272330391641e-01
1.048051753487071192e-01,5.632178527272747176e-02,1.887637767539322442e-01,3.612449754356318321e-01,2.690155685016070719e-01,1.943907709603228673e-01
1.048504667935627049e-01,6.650227979512178533e-02,1.733668337594682085e-01,3.174260542524820483e-01,2.628623284336369936e-01,1.925054096106933732e-01
1.040812769526524156e-01,2.501092919936755490e-02,1.814821816430757240e-01,3.751971361349565326e-01,2.649226862547318095e-01,1.870048753131832719e-01
1.122207399049965915e-01,3.197871514915953672e-02,1.914927638100867857e-01,3.575388314652894750e-01,2.713138751081929922e-01,1.896787743100364909e-01
1.031561707971451747e-01,5.131056052042675536e-02,1.838807556252696207e-01,3.456546786452114328e-01,2.725645542879716610e-01,2.029895583558910810e-01
1.013250937057532802e-01,7.412925377282282569e-02,1.736068659869637043e-01,3.223224228950842818e-01,2.637246311130279075e-01,2.029247536809168917e-01
1.110945265273630966e-01,7.382909414715183027e-02,1.903312418685659813e-01,3.319340359338607271e-01,2.753515384585883408e-01,2.072271593096917386e-01
1.054532444208787223e-01,2.976488188070060270e-02,1.839426019373943677e-01,3.716487774034838432e-01,2.706560671344833691e-01,2.005020698476599472e-01
1.026406888491041836e-01,6.502828719575173833e-02,1.804954554133693656e-01,3.575726264904026674e-01,2.641746749265728722e-01,2.046878519610996761e-01
1.134782936600707698e-01,3.388553150488978621e-02,2.049072738496400814e-01,3.713991870995739797e-01,2.863708384242384386e-01,1.986627415284225595e-01
1.009111137858166724e-01,6.609537577300367284e-02,1.751077671100650934e-01,3.507004165376334526e-01,2.566320552827189849e-01,2.039320362394269892e-01
1.077185253295587231e-01,2.440817989069746230e-02,1.956225367311082430e-01,3.972142885568301085e-01,2.738442029934085586e-01,2.003873538666998688e-01
1.061994505840348629e-01,2.730229181008104328e-02,1.882084390473119373e-01,3.829905424064138364e-01,2.670409298358499273e-01,1.829761017693881386e-01
9.973823807177183143e-02,3.534320325209900499e-02,1.738478943602179139e-01,3.638873186558322925e-01,2.512993734450482131e-01,1.835737239166004287e-01
1.033276788975101418e-01,6.383996954436132847e-04,1.815162430890255585e-01,3.942079031242478049e-01,2.751404992166353036e-01,2.103096481398376294e-01
1.008900830393745784e-01,3.720797828574902433e-02,1.791373914070436557e-01,3.729085059070869623e-01,2.721901240407670897e-01,2.122715781301173776e-01
1.052150760317182993e-01,5.365205589597515923e-02,1.792788075481217547e-01,3.538746021709726075e-01,2.648608000904277282e-01,2.066313215410166548e-01
1.123795636309423140e-01,9.238999426506654122e-02,2.069997178141290695e-01,3.214973521102893472e-01,2.842864397807381427e-01,2.001932419859655254e-01
1.165722783480769714e-01,5.382177525340173935e-02,2.075804441285085122e-01,4.159961305843323243e-01,3.158997121194681568e-01,2.073375610462036556e-01
1.081687249426861036e-01,5.746603917494582520e-02,1.905646512446486363e-01,4.010247645603200461e-01,3.035775309441545722e-01,2.032853512149200015e-01
1.056685816372626013e-01,4.097377619459705023e-02,1.865961712818296203e-01,3.867870262777365897e-01,2.877246789115115999e-01,2.086759542361981135e-01
1.137026205191164763e-01,8.798113823052358673e-02,1.989995586444312792e-01,3.463506243386396122e-01,2.940763424621294919e-01,1.944455600663571870e-01
1.115672922934360933e-01,5.698129820978337784e-02,1.929316147818944116e-01,3.635753622881109925e-01,2.892317258203851993e-01,1.996806676918362611e-01
1.083354910025690898e-01,1.445629101301372336e-02,1.819277998163928711e-01,3.974159860792266796e-01,2.772003387752510206e-01,1.906798271815066115e-01
1.129168484887066864e-01,7.138327937256899736e-02,1.937092111260070582e-01,3.627446613787957408e-01,2.895489627573119562e-01,2.082159845763189021e-01
1.169265774100823330e-01,8.966299193542831558e-02,2.099071500073582119e-01,3.540224498109169615e-01,3.043782171518066848e-01,2.065046416445347199e-01
1.231559358761910028e-01,1.372535197307469812e-01,2.223500643533185273e-01,3.330122335514675846e-01,3.123666880724201844e-01,2.101043240099436105e-01
1.088940948758128358e-01,5.617587173243997201e-02,1.927027641904181243e-01,3.923745524908250348e-01,3.013894098100811658e-01,2.100658702666855226e-01
1.062386692728229387e-01,3.863473034554384955e-02,1.795533814505331227e-01,4.080176923614031170e-01,2.883974960095536666e-01,2.037199254726689557e-01
1.077467778889446004e-01,1.248491233262204181e-01,1.882113041611581106e-01,3.256700550551252515e-01,2.928770408904380340e-01,1.940834679074965596e-01
1.028595385115496919e-01,6.530704581025986721e-02,1.800901506825024756e-01,3.482538313878821290e-01,2.755964203413266422e-01,1.969895081371702550e-01
1.251263265230773414e-01,1.557908105489399231e-01,2.210710670518289123e-01,2.781913093761635425e-01,2.952504331305474405e-01,1.936974727089894321e-01
1.064755103634827393e-01,5.348864774447421172e-02,1.826248858687677945e-01,3.486007354280745152e-01,2.726589058120232334e-01,1.915628674606865423e-01
1.112861474408625012e-01,5.538287964468641134e-02,1.953475903450221651e-01,3.444242465710425916e-01,2.789852462906968200e-01,1.842439436290284616e-01
1.107646378321334862e-01,1.433481150263359594e-01,1.903171377707539302e-01,2.732626191938878346e-01,2.696943563973599467e-01,1.928545953260095147e-01
1.118620665655760682e-01,8.090442302890936410e-02,1.859716344251098052e-01,3.367527965633572706e-01,2.761025804518119631e-01,2.023857655363668351e-01
1.223508758205295172e-01,1.113463194801213446e-01,2.169081144250910309e-01,3.391916708777273359e-01,3.041682224993613737e-01,2.076052778542844812e-01
1.045483939901629133e-01,7.427049757325165924e-02,1.797697751743395356e-01,3.684682858050926657e-01,2.849349464480886995e-01,2.098720239419507860e-01
1.063555745905934713e-01,9.544573674496642512e-02,1.905954493429752039e-01,3.469232331085157495e-01,2.957860926156220538e-01,2.051796445947783598e-01
1.052501137868745301e-01,1.184236724800479396e-01,1.852552225244155915e-01,3.260616554610861750e-01,2.946356916757050803e-01,2.114893760690302327e-01
1.018528620955857500e-01,6.785649072613607335e-02,1.800665823793841935e-01,3.414302536945564848e-01,2.714041300490593334e-01,2.031422526636212367e-01
1.054471220951667954e-01,8.891595759663963039e-02,1.782363807050505178e-01,3.102180401875682669e-01,2.626017661869608499e-01,1.897520112293729910e-01
1.076135631700690792e-01,1.928025938878778489e-01,1.819940257341275958e-01,2.131666978478039542e-01,2.549190873986801331e-01,1.784026043272364803e-01
1.088513166412057309e-01,6.194345870126870962e-02,1.791835323466053620e-01,3.339998478551581274e-01,2.644958218492314828e-01,1.801790976509069220e-01
1.069734506211066360e-01,2.182294489561787537e-02,1.810969493522293638e-01,3.808499238241873086e-01,2.720681903191341511e-01,2.145794093254283219e-01
1.076253932265764934e-01,4.987230572240086701e-02,1.816726406824653584e-01,3.603506567938418170e-01,2.766841883243604250e-01,2.111821218552367152e-01
1.072403179362784592e-01,4.879853716458078250e-02,1.720443337447623011e-01,3.683099531490507395e-01,2.724452908593134048e-01,2.114749340267404742e-01
1.130590812035387055e-01,4.514347244496594996e-02,1.926463931808799768e-01,3.947929800742875917e-01,2.972417271088248492e-01,2.166505504108290070e-01
1.027445306157156596e-01,6.891207168720205056e-02,1.772028124755163081e-01,3.653438174360345569e-01,2.797756834975322349e-01,2.025677606431070532e-01
1.046076076289258056e-01,5.463592863992993570e-02,1.749121316766930057e-01,3.707363653169696849e-01,2.802081143806939290e-01,2.029321276946065844e-01
1.093459027696822711e-01,1.410363448894161320e-01,1.884566737338984610e-01,2.657125516265194110e-01,2.626296760040431333e-01,1.846649683799460595e-01
1.051377174570434642e-01,1.102069800414637868e-01,1.743985138972698745e-01,2.830408978890963656e-01,2.605178794615067850e-01,1.892088279978617338e-01
1.101033048177535167e-01,6.161856155341999264e-02,1.872711821025606349e-01,3.364080382020729898e-01,2.657681578517302468e-01,1.883741163629313320e-01
1.052299617330221260e-01,3.056142321266292275e-02,1.816269930873722072e-01,3.492731661173627544e-01,2.654343030948097537e-01,1.795800132952641293e-01
1.027321277828628365e-01,1.060817577480888257e-01,1.739234769875849240e-01,2.841738313276696570e-01,2.554728762144511389e-01,1.934834777591311894e-01
1.153882837692491864e-01,6.218324369665022278e-02,1.969299950306139801e-01,3.546410754480465721e-01,2.796441369876440097e-01,2.133273161159220388e-01
1.136040580890930185e-01,1.149449161432819361e-01,2.000314163955085878e-01,3.116263513787287387e-01,2.863428772350673501e-01,2.106299806127772123e-01
9.922326278019165391e-02,2.502045736321867331e-02,1.707603290737772783e-01,3.895640000797990776e-01,2.694258217663820787e-01,2.031757855337235352e-01
1.009344132259590160e-01,4.749549106180717128e-02,1.749844623991027581e-01,3.770387857951075228e-01,2.687187887967145139e-01,2.061308166984882062e-01
9.993748755477030454e-02,2.321602575228216836e-02,1.686690775907075668e-01,3.910573354885067965e-01,2.717348307218785952e-01,1.974632579022634893e-01
1.036811015772228506e-01,6.574686966486485706e-02,1.786489986117225648e-01,3.314333368815102765e-01,2.601499917397039341e-01,1.969482312049303518e-01
1.064784612579931788e-01,6.610505631263290105e-02,1.804444177432865670e-01,3.324600072139802798e-01,2.631426657400757763e-01,1.908880024013291654e-01
1.095686426607962033e-01,4.604550620837839781e-02,1.849539659523067869e-01,3.380814407606618222e-01,2.600899652098605519e-01,1.822418904598369360e-01
1.093228127120333543e-01,3.959455582691701059e-02,1.778890398754156832e-01,3.389812543936378542e-01,2.530888496302129975e-01,1.758381156961205394e-01
1.078220283457800160e-01,6.211973518402829492e-02,1.833253930200097193e-01,3.332401448778604669e-01,2.624430511022564638e-01,2.034268556503933956e-01
1.074156482646340671e-01,7.976005430690932818e-02,1.806422383078567229e-01,3.276810231614076252e-01,2.618919997081751716e-01,2.069940093771221734e-01
1.133060286722640808e-01,6.820384742802211575e-02,1.886269087973025116e-01,3.480015903752297080e-01,2.738757142359025676e-01,2.121424527203241983e-01
1.069834311861867920e-01,1.763837008222727057e-02,1.888754187144510155e-01,4.014744728844672483e-01,2.758361695506308386e-01,2.047611223037372474e-01
1.103738788118103498e-01,6.365745621912971552e-02,1.849279534263667535e-01,3.684891995097634432e-01,2.764239540171847254e-01,2.050921928472012878e-01
1.072967788526301980e-01,1.189371016499962269e-01,1.754611246782806777e-01,3.023844726686291673e-01,2.615724248810870622e-01,1.937674176919478575e-01
9.647081180248988364e-02,5.821946748155601425e-02,1.712367175524822649e-01,3.294748444224022688e-01,2.544225171173377653e-01,1.941609272375943995e-01
1.014599378641225097e-01,1.492891323270019166e-01,1.715049275870526024e-01,2.401716122606068482e-01,2.459157465165800471e-01,1.850150473014705865e-01
1.064835167996984050e-01,4.548825293316745288e-02,1.804952096439338960e-01,3.371230854942479094e-01,2.585758244799760686e-01,1.822925277622263474e-01
1.101107107215389125e-01,4.266810251525843256e-02,1.834757155143935670e-01,3.423269116384304867e-01,2.594207393833360409e-01,1.787431027653310911e-01
1.099326221045808100e-01,1.308812148659495578e-01,1.868870014297566162e-01,2.725249571586101927e-01,2.543250599611078799e-01,1.957996258862938488e-01
1.178271505766131794e-01,9.120843298352504513e-02,2.098236147224357973e-01,3.345128538632482496e-01,2.812837457503249428e-01,2.106123313436420452e-01
1.154133246024418996e-01,9.206635725670242465e-02,2.048789745692346786e-01,3.347941749080818319e-01,2.842870948021327115e-01,2.102513312995319406e-01
1.074975037981121401e-01,1.329266095154244161e-02,1.854704560077576059e-01,4.122078972008983988e-01,2.807147339772322336e-01,2.115768208319597221e-01
1.581487206962093328e-01,3.314114061834521063e-01,4.770705110243701474e-01,6.685123703563278230e-01,6.904549691961768820e-01,6.842608741186587684e-01
1.367440316944086576e-01,3.049102783733089184e-01,4.265613404119109608e-01,6.700308396652230325e-01,6.638988567775953031e-01,6.686917042926638910e-01
1.329076252273578840e-01,4.592189472823023366e-01,4.226667341771196962e-01,4.892326093508696516e-01,6.236867127683897172e-01,6.309052273299977642e-01
1.482850954563017520e-01,3.341585436678496945e-01,4.577375163036109806e-01,6.353584459906003179e-01,6.623278304417486995e-01,6.529124284881182572e-01
1.451272808131380265e-01,3.550678186403631864e-01,4.455915561268602443e-01,6.049225111155533963e-01,6.498397242857265610e-01,6.413020351811837827e-01
1.338728748654806622e-01,4.829351512842243732e-01,4.079564431770982824e-01,4.383624862278592826e-01,5.997022937801009812e-01,5.655862909884683543e-01
1.429524643376804960e-01,4.189721093539758856e-01,4.355845681422579885e-01,5.390822789774930568e-01,6.387857222227754095e-01,6.424096320133579896e-01
1.641808625622955542e-01,6.905885620380318723e-01,4.885595370174307117e-01,3.159027307477755842e-01,6.669117331977975072e-01,6.418217732503815887e-01
1.709855235624154479e-01,5.296413542503976002e-01,5.039732337311364496e-01,4.762327564630039478e-01,6.873387822860669294e-01,6.722680933413837101e-01
1.420850091773773471e-01,5.127502387409440532e-01,4.351802875258132253e-01,4.482518850351879802e-01,6.347295952597473701e-01,6.378929058023401488e-01
1.356179716707044403e-01,4.230052031897822973e-01,4.122954681032638957e-01,5.129002150764943035e-01,6.182327055892159473e-01,6.258616998903451245e-01
1.374534938268872908e-01,3.247538762173057814e-01,4.271327430389483260e-01,6.491957931444390928e-01,6.610298662640072820e-01,6.653593211206868530e-01
1.262947222234270805e-01,3.873274920936393695e-01,3.990031957834619947e-01,5.224392722142262580e-01,6.025729365305199092e-01,6.164048515565166975e-01
1.752170302122460777e-01,4.641428721311382510e-01,5.106666928260260585e-01,5.290309845201159877e-01,6.899161558023366725e-01,6.735109231689861975e-01
1.410719608686126780e-01,3.288391453823329980e-01,4.262059801030423367e-01,5.856219054755795739e-01,6.282688390871890016e-01,6.249803094285460991e-01
1.541234726025930979e-01,3.853740845172534124e-01,4.511651806483364946e-01,5.313423887858070849e-01,6.416521077144734519e-01,5.951933279771510765e-01
1.446937894928398693e-01,3.841168024847667617e-01,4.321467956384271725e-01,5.260498118103581477e-01,6.283728737043441370e-01,6.394255506645297737e-01
1.455333250205350093e-01,4.436622481428725839e-01,4.357303417102116883e-01,4.869738240494242976e-01,6.275308062021733857e-01,6.479417386318877536e-01
1.659753784176979385e-01,3.589495776623897738e-01,4.826491403987103190e-01,6.059856558060600085e-01,6.841524640496722265e-01,6.772538124372533552e-01
1.380280563654376069e-01,3.296029365616067186e-01,4.113854858441786666e-01,5.829359446593407323e-01,6.193089227842739630e-01,6.530719614587359168e-01
1.389618385953901858e-01,3.906579895591588136e-01,4.162541810397082376e-01,5.593197517798754737e-01,6.471018050646204500e-01,6.366663758742561185e-01
1.310661999696861868e-01,4.826349634272409372e-01,4.096854666570510228e-01,5.039749692201035414e-01,6.442267793184198732e-01,6.416216019874941834e-01
1.295272413595646710e-01,3.324491877458924383e-01,4.106528890377820207e-01,5.842750993249039571e-01,6.169928468303961244e-01,6.331535811663490110e-01
1.375103783316944106e-01,4.418732439067336593e-01,4.193816474583877407e-01,4.713707451393830405e-01,6.101497005714852095e-01,6.110924373402691900e-01
1.348966077889623416e-01,3.661369850794993219e-01,4.058607169404847559e-01,5.251402837746145247e-01,6.100041743331775512e-01,6.069774251039440349e-01
1.431235982611424595e-01,2.942962356125895518e-01,4.213633149296173719e-01,5.889637368123045169e-01,6.203010616228442631e-01,5.980752441883324666e-01
1.326161310728754816e-01,4.624828869165057421e-01,4.105336859055910836e-01,4.236145524591375389e-01,5.961558092154981559e-01,6.102672370270934010e-01
1.359125817727951380e-01,2.150194670593397472e-01,4.117487899078695612e-01,6.616633656752132220e-01,6.242842673004038723e-01,6.594916644034751751e-01
1.323364041080182518e-01,2.590792819110819267e-01,3.890407468802941082e-01,6.130197774807943922e-01,6.005745473754240393e-01,6.362252628411773081e-01
1.547855247133887169e-01,4.068929398330013991e-01,4.483499658705615842e-01,5.356543846943699894e-01,6.424369478139317913e-01,6.629795084914056336e-01
1.329830794531714488e-01,4.878604226457034510e-01,3.980921769398242382e-01,4.465655240103166834e-01,6.161721828996507000e-01,6.123388602953692139e-01
1.270110348152960200e-01,3.786011157102816549e-01,3.938819947155891010e-01,5.422341222465425492e-01,6.111858797099766205e-01,6.006478076719764525e-01
1.289384504854878544e-01,1.460574752001781718e-01,4.029234988580371879e-01,7.468653948841349477e-01,6.312619167183011193e-01,6.407581067062999569e-01
1.335888931103672572e-01,3.192881974188129801e-01,4.063115628785793354e-01,5.751694464159696762e-01,6.063826456108664109e-01,6.108734729400937535e-01
1.263122115682002999e-01,5.673001940488379136e-01,3.850444566829774318e-01,3.209388726129184799e-01,5.897713849639485417e-01,5.441393986814017092e-01
1.367989464352585283e-01,4.288850309776049974e-01,4.033813103348654061e-01,4.397337336994397439e-01,5.938805733934451325e-01,5.519347341567819587e-01
1.219041085769661525e-01,3.941076918560816322e-01,3.803457372230226174e-01,4.609742382491358037e-01,5.834336969974753817e-01,5.941519191434989633e-01
1.426448797658905754e-01,3.380021927103678547e-01,4.266609772311936166e-01,5.881022860134373920e-01,6.576951623800343372e-01,6.391148392419940816e-01
1.496150298755427877e-01,4.639867184751190199e-01,4.351347551305843608e-01,4.908441216704286236e-01,6.600415859933347340e-01,6.509872745696309027e-01
1.196565781521126554e-01,3.249463854911088245e-01,3.581180412750732955e-01,5.628948463251789436e-01,6.050574125463485942e-01,5.988239855857210303e-01
1.393177035855967805e-01,1.163839366738227410e-01,4.142451240107394295e-01,7.988378301199231535e-01,6.495167372273137341e-01,6.805090872007041325e-01
1.301775211551023381e-01,8.192941229938950354e-01,4.101646078829859765e-01,1.048002124541420610e-01,5.783722254809098295e-01,5.414882867478665318e-01
1.212535683815632315e-01,3.053840297050262054e-01,3.881373950973410203e-01,5.815181918935292682e-01,5.930842061918749630e-01,6.009588552435572995e-01
1.399267463698752045e-01,6.301365768575281079e-01,4.245775116137887051e-01,2.690747648098354983e-01,5.889742602940082339e-01,5.701531590630746216e-01
1.382331492950043816e-01,2.556527088381078117e-01,4.166954112590816051e-01,6.102334056837060983e-01,6.097945762040601902e-01,5.887887805377962636e-01
1.390118782240815920e-01,3.089257960466666453e-01,4.110425484813437502e-01,5.468664861401691946e-01,5.995159496210864525e-01,5.569080796142796830e-01
1.400667371580543719e-01,4.527445431079968330e-01,4.233287914368866756e-01,4.338308231127849246e-01,6.053578369560972394e-01,6.079580689639426661e-01
1.468891831212546517e-01,4.041385387243752181e-01,4.375744234582960579e-01,4.988028443151713565e-01,6.249660044113714008e-01,6.320294878705495778e-01
1.516986898936607264e-01,6.532403668721686874e-02,4.416145454748944821e-01,8.224371327184690772e-01,6.604621358549466192e-01,6.852188193863387733e-01
1.552757204216261566e-01,3.585007006895498116e-01,4.594800737259957524e-01,5.828918855915919961e-01,6.532215060861731315e-01,6.467183077112595990e-01
1.409941744582946521e-01,4.904489783776457279e-01,4.363301537169781974e-01,4.684849000116892981e-01,6.315908265464756921e-01,6.325456689403575750e-01
1.319025498563912158e-01,4.382966149970605185e-01,4.175563429739194143e-01,5.010745041044415427e-01,6.212069085818149317e-01,5.980563056527021804e-01
1.154991077999001636e-01,5.318294897881374883e-01,3.749016609788997090e-01,3.355282466961663213e-01,5.550375280050959814e-01,5.539503914547774244e-01
1.239238410964807330e-01,8.855078541875992595e-03,3.869066367777620474e-01,8.360397294579304805e-01,6.122115747407055331e-01,6.237352290311956038e-01
1.307081786834800863e-01,2.748902464623727560e-01,4.042872404256626084e-01,5.787466368239831960e-01,5.925108018759697170e-01,5.663601187927463920e-01
1.454292649631530321e-01,3.086315650261842736e-01,4.353954386720656489e-01,5.757315767119457472e-01,6.181746467754291041e-01,5.677007284317416858e-01
1.430262397267978158e-01,4.015043737091821829e-01,4.312343865066750603e-01,4.998335196926592117e-01,6.145471837046355690e-01,6.115236988241441463e-01
1.637970987240405241e-01,4.417020423816032104e-01,4.859671303230762018e-01,5.043933378025589054e-01,6.633565263043514904e-01,6.525424805001986961e-01
1.625352002149790809e-01,4.939904553374618312e-01,4.848638821413817634e-01,4.643898531451873257e-01,6.621004512112064200e-01,6.483969004325605967e-01
1.445392769316578285e-01,5.414762657449894157e-01,4.379934228244806715e-01,3.879263515617396019e-01,6.172638384835988923e-01,5.944200121756951782e-01
1.061395401644382730e-01,8.291517006941269419e-02,1.843232421341700622e-01,3.518284128961285395e-01,3.037784837516669390e-01,1.937151511860341346e-01
1.015835285502611623e-01,8.926175740040788453e-02,1.813493236816223486e-01,3.420616457799922072e-01,3.057413286951757292e-01,1.913318999287903499e-01
1.124605812414194717e-01,9.938414728671376985e-02,1.870452443707590340e-01,3.441951713821307934e-01,2.856470727629195072e-01,2.283668161561239196e-01
9.816958894151225912e-02,1.922772794632144622e-01,1.854209364605048649e-01,2.359331006091506255e-01,2.882970239085614339e-01,1.804867580495914392e-01
1.063188703347666825e-01,8.481646515736740444e-02,1.861586087804476819e-01,3.416615373780165776e-01,2.984424927716709530e-01,2.013459331428859578e-01
1.038615693389899897e-01,3.886067595123998686e-02,1.700028373555262373e-01,3.702318682908313230e-01,2.869658716759855288e-01,1.924825734091057949e-01
1.070295351693484054e-01,7.127095389937208869e-02,1.970075579843553748e-01,3.627289517496265492e-01,3.002626496735744666e-01,2.177114717769628449e-01
1.078502262345928248e-01,1.121006956402763183e-01,1.946431967947450381e-01,3.284943817862709947e-01,2.870273255365881626e-01,2.129501003389774882e-01
1.082026866400023213e-01,8.256802977410417077e-02,2.020356561115616567e-01,3.534461597169470393e-01,2.964646974462889495e-01,2.224298493002971888e-01
1.133338442690107334e-01,2.154665931393786107e-02,1.915112876140309672e-01,4.135037368554042581e-01,2.951778092231402972e-01,2.347659301874851223e-01
9.859907321925452661e-02,1.823177058118648566e-02,1.740947616920812957e-01,4.006733502879032405e-01,3.004165923708484454e-01,2.092444055422038596e-01
1.031547406554327723e-01,5.931694691679360865e-02,1.959988806511236969e-01,3.762963037643085040e-01,3.091038681570848490e-01,1.985086856008534406e-01
1.015832600039354439e-01,8.210615092337329723e-02,1.835193278664355720e-01,3.423738703256599680e-01,2.821963838948891579e-01,2.052452863430137553e-01
1.037509807713335175e-01,7.411856119272128285e-02,1.878526503337342723e-01,3.446712731737895941e-01,2.878480159543453931e-01,1.965832491819355099e-01
1.014999276586880661e-01,3.986109096755129783e-02,1.790440294948458244e-01,3.662890891470735877e-01,2.846677287363789111e-01,2.011150612261926318e-01
1.134422642358389605e-01,7.248133198770950573e-03,2.016466231320436509e-01,4.000528373222297929e-01,3.127879399052883036e-01,1.907534410594735330e-01
1.061943759001040682e-01,6.285692212184106065e-02,1.867753873451534208e-01,3.516783049856539445e-01,2.759222744429875585e-01,2.165893922501433144e-01
1.143124906998805729e-01,6.124680397079313582e-02,2.017582624171579964e-01,3.881517553638976215e-01,2.936219178344312564e-01,2.345793033051216392e-01
1.227312283529487930e-01,3.192286564689515438e-01,2.355960038749635999e-01,1.318162252653668765e-01,3.017162850056276935e-01,1.992268440141659880e-01
1.123654860051845339e-01,1.154504514983218239e-01,2.118883055342598576e-01,3.431970833185779002e-01,3.003622132441983728e-01,2.263102185565172009e-01
9.907756936524414471e-02,7.203841120875051351e-02,1.720146104462317027e-01,3.550925633246098667e-01,2.823498299516281063e-01,2.005560257473387731e-01
9.285364133328424807e-02,2.279234937177631454e-02,1.718270046208791313e-01,3.996801619038237163e-01,2.931063409263545139e-01,2.057602958465958032e-01
1.027947091782078076e-01,8.510085114770328529e-02,1.873702884469370944e-01,3.354658415390637249e-01,2.800648649969510462e-01,2.153653735359362664e-01
9.978059603673410105e-02,8.900985127519926710e-02,1.776264003765123944e-01,3.213459043226833955e-01,2.809029351602285729e-01,1.940985082677037232e-01
1.026348099713302320e-01,6.234352196942483104e-02,1.743594724334222856e-01,3.431949008878888985e-01,2.719251865152925718e-01,1.937278515650562583e-01
1.030318445619835127e-01,4.139901795270337082e-02,1.816110506584105999e-01,3.662413393022190822e-01,2.777533421498918909e-01,1.872009577477441733e-01
1.158696427284883618e-01,3.735505967724442322e-02,2.033280067319897799e-01,3.874116273658217424e-01,2.897935719307556668e-01,2.211531385905682878e-01
1.089429527856834029e-01,2.809711673368262691e-02,2.015629227138074353e-01,3.963686527891828737e-01,2.893426885258745807e-01,2.250958708755007309e-01
1.021304040221865106e-01,9.621989802932023883e-02,1.754998435081285835e-01,3.336012975312731554e-01,2.683650927982062506e-01,2.144037259014005825e-01
1.080645620812758501e-01,9.815522688131486650e-02,1.960211323750278289e-01,3.459317076593670937e-01,2.811725911633032871e-01,2.201217359596185918e-01
9.967270739265977897e-02,1.344738752668108994e-01,1.817978383666856435e-01,2.867260850249677695e-01,2.799055125857544679e-01,1.866438473636042594e-01
9.750470648968476151e-02,1.429082162370013120e-01,1.777013668677945024e-01,2.902789824878364011e-01,2.829851441645789278e-01,1.784803107505895103e-01
9.697405740304759769e-02,2.130889652106516402e-02,1.731202191774641463e-01,3.907475528957707889e-01,2.764520325983361171e-01,2.130515695669287224e-01
9.513370380733307541e-02,6.981969067899077008e-02,1.677164488837589174e-01,3.188767180134796098e-01,2.624030195247745167e-01,1.947637596626242973e-01
1.016166003236767534e-01,5.526343277840663204e-02,1.773439274619830475e-01,3.317572528471695037e-01,2.752600860536411065e-01,1.823483421006752980e-01
1.000303756741564437e-01,6.965725468698739931e-02,1.591401091754306163e-01,3.123513575698890765e-01,2.606401949268906115e-01,1.769823834847034649e-01
1.069370900550137005e-01,7.830504421482809008e-02,1.924234403438565555e-01,3.271521149370174575e-01,2.774191238063559162e-01,2.086306224628680372e-01
1.048151868563876599e-01,1.173446952474996169e-01,1.889035166039182423e-01,3.105159613798973983e-01,2.731240199699381255e-01,2.069206182410769645e-01
1.019603839410927332e-01,1.442464209725543844e-01,1.792174073409076029e-01,2.796810349632073978e-01,2.669406699323642052e-01,1.980818669729120240e-01
9.932269890349926245e-02,5.977282914699690725e-02,1.665793883914220563e-01,3.574852364863962406e-01,2.806905201439640063e-01,1.873749579527194398e-01
1.058671694881339886e-01,5.898976800308534246e-02,1.744733295087765035e-01,3.963976133771113797e-01,2.769171942423433452e-01,2.109237602893781205e-01
1.021873155039074305e-01,7.262915456425095284e-02,1.606093559773833501e-01,3.723429768283847419e-01,2.801151946352011257e-01,1.956644489057185188e-01
9.540770301213878646e-02,6.622029783397062608e-02,1.806003611638293815e-01,3.483032326534029055e-01,2.793738630947564805e-01,2.075194003586280922e-01
9.242973561622819245e-02,2.451038697671969468e-01,1.653694474440444151e-01,1.458283635356373287e-01,2.492554794581295641e-01,1.686222216979358923e-01
9.384150989386708108e-02,4.327355557960097659e-02,1.661652547862448870e-01,3.449858165097321461e-01,2.680990579515050154e-01,1.849032045474531261e-01
1.033817603576343419e-01,3.138140327799339435e-02,1.768811518999638399e-01,3.730916933638623312e-01,2.830098040065618381e-01,1.811392290809923089e-01
1.082219125874418347e-01,1.605768346910724509e-01,1.922039772302323590e-01,2.585470221973573124e-01,2.658229618199366984e-01,2.058718267599091711e-01
1.089610029764739862e-01,1.166550751153692528e-01,1.876812870488456242e-01,3.110944515070276362e-01,2.773338692754305779e-01,2.102130774045172235e-01
1.184285704552712759e-01,9.301945569014218040e-02,1.976422153718292440e-01,3.448540777744354968e-01,2.781327048708723271e-01,2.115155071626919625e-01
9.761080804130768673e-02,6.091095444563734973e-02,1.699039493671266887e-01,3.694147633999186331e-01,2.798610261385854336e-01,2.022939952176575351e-01
9.981838163938851205e-02,5.961796313487865984e-02,1.649548562875248203e-01,4.048889913505070992e-01,2.694313358319762042e-01,2.148169329146496775e-01
1.103860314733280112e-01,5.045011244589323041e-02,1.812220216342487478e-01,4.242025270543582915e-01,3.037959074899532208e-01,2.145374932645115751e-01
1.106406011433268555e-01,9.619959727702807883e-02,1.599737513986081161e-01,3.429283360322376573e-01,2.488179183815431850e-01,2.138916476593204496e-01
1.067753781148444298e-01,7.730932441656397647e-02,1.708358536637475666e-01,3.445777183875656235e-01,2.661353087890815372e-01,2.150296384341372213e-01
1.043737924006573475e-01,6.569527673372201060e-02,1.676303922541258762e-01,3.493429328458544370e-01,2.650505446550825983e-01,2.045328362576407655e-01
1.054282342726753918e-01,2.709858370450364540e-02,1.572771356947985089e-01,3.965111521804232098e-01,2.696938006246831776e-01,1.967472162958588677e-01
1.157486967773982273e-01,7.638940462048132707e-02,1.835242707236855453e-01,3.760904319091694092e-01,2.645401273833617450e-01,2.319873568122205743e-01
1.141192119436772734e-01,4.823992205497503599e-02,1.885305250451311809e-01,4.010204083945688169e-01,2.736775160332765577e-01,2.413922190818689473e-01
1.142336228802387915e-01,6.370755692055099506e-02,1.811674797224600841e-01,3.884462594448613304e-01,2.670568150532650620e-01,2.305559678698707038e-01
1.101377490680672394e-01,9.057041288531857137e-02,1.830931989077022037e-01,3.826704908148876316e-01,3.045303126018830131e-01,2.170208368226259343e-01
1.165167951949407504e-01,5.689373740138681940e-02,1.882626329094223006e-01,4.203759603640100373e-01,2.903880092412984282e-01,2.501304683139660145e-01
1.203393923869925525e-01,8.097545295618739647e-02,1.898036494762552762e-01,3.920950318381016819e-01,3.021412187529319282e-01,2.490730111857927531e-01
1.120847100684464193e-01,1.337507071618204146e-01,1.891983321358167436e-01,3.324875095220243826e-01,2.793603470516052290e-01,2.481574443652801165e-01
1.038446816866661626e-01,9.671901206978456011e-02,1.841801256503486361e-01,3.452938184365398899e-01,2.899649888564291289e-01,2.325935423820402193e-01
1.126810037092252498e-01,4.952283992095263959e-02,1.791561095928639880e-01,3.826130123612004885e-01,2.918200804083484479e-01,2.265907576202297324e-01
1.211658976082045508e-01,6.457343391999869134e-03,1.721882804537209211e-01,4.473458668391835924e-01,2.783874278917369272e-01,2.445807290431097902e-01
1.245227331168241025e-01,8.146292826896270323e-02,2.098712291682158781e-01,4.067233053379225027e-01,2.978510620501891304e-01,2.604355169005220794e-01
1.241646442374411269e-01,6.810385295782658832e-02,2.019215262201918826e-01,3.949214697344958780e-01,2.900771258569490585e-01,2.742681157851859508e-01
1.240186925292051379e-01,6.824742435537914376e-02,2.017550243265517074e-01,4.143663398135693510e-01,2.942174350734921284e-01,2.717005462236415925e-01
1.211173244531118659e-01,6.380407140965128898e-02,1.969279198730760072e-01,4.837141984854025911e-01,2.862928961542161033e-01,3.071741957265833323e-01
1.185712190430686791e-01,2.101383353078671232e-02,1.756251744217269817e-01,4.556429090930839143e-01,2.766831308886771867e-01,2.652105857072422079e-01
1.246088924994024211e-01,5.278049586943781707e-02,2.111888042356332706e-01,4.364677478418493850e-01,3.171053998207165603e-01,2.505666098199592629e-01
1.191343127897704773e-01,7.565236762740945586e-02,1.852390807455851218e-01,4.105168356899024928e-01,2.767458408952294113e-01,2.593445395206538939e-01
1.186159555234424096e-01,9.407260499567061951e-02,1.887569639481130601e-01,3.778506621604268978e-01,2.843255460403265045e-01,2.372379619315477250e-01
1.198668286743896222e-01,1.770823864366616318e-01,1.772559773583474441e-01,2.806117299174928359e-01,2.660672575771780846e-01,2.323819624206446277e-01
1.321362017398777511e-01,9.448884186105567864e-03,2.072825048253379432e-01,4.637099485823718004e-01,3.041146110467458641e-01,2.458964952547737226e-01
1.236807774532572568e-01,1.542609499300079748e-02,1.895610814020997625e-01,4.605447350114620919e-01,2.812293116301050055e-01,2.779813928080103191e-01
1.283269350849559898e-01,6.499882355931381472e-02,2.013483604319488696e-01,4.249713875801138241e-01,2.883224918480523646e-01,2.701628944452155734e-01
1.441369685705332360e-01,1.067263775693486627e-01,2.405461576470950269e-01,4.043362105462066092e-01,3.164916686862310202e-01,2.844450536450962019e-01
1.339944541977346193e-01,6.123885378698148974e-02,2.095465798518630074e-01,4.200377685914533643e-01,3.001598465439702657e-01,2.834529035409321662e-01
1.197922594429313009e-01,2.779799394016653491e-02,1.782307534128129145e-01,4.565642250603652585e-01,2.769117436626772344e-01,2.669515114880532392e-01
1.070747568557415819e-01,5.273995704532172257e-02,1.782656328512305377e-01,4.201773152056418326e-01,2.892970378679804999e-01,2.580379281206562903e-01
1.240792298647660080e-01,8.987279106139936524e-02,1.910487897742447760e-01,4.096806598669701649e-01,2.787401725804514174e-01,2.542006411321742210e-01
1.225105484719328647e-01,6.424094585897574539e-02,1.771248342139809806e-01,4.119759540828752398e-01,2.720426842759289809e-01,2.521161338441625377e-01
1.209202892545746116e-01,6.159202421252607529e-02,1.750189387192049306e-01,3.989578485533989416e-01,2.704308847223834134e-01,2.520127043504432618e-01
1.223959516244601392e-01,1.392257907320592833e-02,1.803797464336079626e-01,4.600734471591616526e-01,2.770671794625217954e-01,2.512301344504246914e-01
1.327814427322697721e-01,7.836113623490584268e-02,2.168490354200683923e-01,4.126603646906352729e-01,2.958553731388737229e-01,2.667541444641027271e-01
1.322117663022815692e-01,1.007975823713774949e-01,2.088838841234259003e-01,3.946422297043203353e-01,2.854953820176862611e-01,2.738931386045236338e-01
1.331762358646570998e-01,4.246589203983767991e-02,1.806265993983650620e-01,4.676519656468260955e-01,2.699623612820160612e-01,2.880539984486833460e-01
1.259449566378564034e-01,7.062209047227654968e-02,2.016683444771038558e-01,4.329428871054337713e-01,2.871254449758297578e-01,2.826596430475718513e-01
1.183706507123495483e-01,6.295717969532164948e-02,1.802810316993429529e-01,4.100707007992661079e-01,2.747707854912234127e-01,2.470842806128374369e-01
1.162341649341203792e-01,8.279127858102022786e-02,1.825059337404459636e-01,3.897070873683067815e-01,2.900297883716354552e-01,2.487305305647151688e-01
1.035819591345125690e-01,8.153037234704958724e-02,1.806041490790836201e-01,3.568244123771361354e-01,2.758491414382054363e-01,2.295780518313758345e-01
1.095232722825541377e-01,5.972841228603820163e-02,1.721836336069780538e-01,3.482238577314293315e-01,2.825755439728400153e-01,2.091372312162630698e-01
1.086676794239600091e-01,1.085829163794879149e-01,1.774073194971769185e-01,3.074551634775705700e-01,2.696464449670300523e-01,2.067475678363061564e-01
1.019890459560753165e-01,3.980904311853913219e-02,1.643807408272772996e-01,3.541747465986500032e-01,2.633781957148061403e-01,2.172760566434312479e-01
1.192124835444581116e-01,9.583568771125777763e-02,1.940822471007445649e-01,3.576610530669420140e-01,2.798446650942372771e-01,2.424841087720036037e-01
1.230213090712554552e-01,3.327861505873030978e-02,1.890826184206507443e-01,4.196950130394729306e-01,2.814588662629776694e-01,2.617275814770311793e-01
1.160800182531661479e-01,8.125527488919254138e-02,1.864813100978792715e-01,3.631715031551626671e-01,2.743901198643944328e-01,2.769280858357784370e-01
1.158997663480310358e-01,6.867715003056025502e-02,1.678491196520112139e-01,3.986416759314705405e-01,2.636943664791526754e-01,2.507284703496366340e-01
1.043542315478299259e-01,6.266361374606443935e-02,1.782887390910471992e-01,3.744078954511171342e-01,2.753363107147315247e-01,2.351098040549885193e-01
9.962992027619188562e-02,7.032609157096063324e-02,1.739083836507739900e-01,3.805560739590324038e-01,2.823792384171923686e-01,2.200112447831233387e-01
1.045117617005588972e-01,7.405878777224590703e-02,1.848581892181049013e-01,3.697806740217919885e-01,2.747904549313666123e-01,2.457988651217641596e-01
1.072281029223569188e-01,9.461513308063264349e-02,1.649571514224149327e-01,3.131919048542244899e-01,2.606267181574213332e-01,2.225322331820555333e-01
1.024930424123897815e-01,3.544958752660826162e-02,1.694530269813231682e-01,3.806279202849989773e-01,2.649060360769871503e-01,2.171906296001588077e-01
1.086256967440339949e-01,7.376441848042615546e-02,1.844695605211383316e-01,3.493256300512260215e-01,2.741083311399370448e-01,1.952237778195317075e-01
1.143005869474228997e-01,1.353584894199084399e-01,1.962170676125422342e-01,3.150028288150333311e-01,2.768664061953788336e-01,2.387224461540078946e-01
1.077623386940005507e-01,3.477970825560435658e-02,1.890337353000815790e-01,4.091191011991650028e-01,2.757893345596009738e-01,2.604447384835160695e-01
1.211387781328180091e-01,9.567499449867203354e-02,2.044224528576377986e-01,3.599782724578879378e-01,2.833024946270149558e-01,2.552537171346447309e-01
1.053536204619704847e-01,3.871644764876833872e-02,1.755821471210322615e-01,3.951605740948503920e-01,2.767177068601190393e-01,2.229587162095413022e-01
1.022117348558425481e-01,5.258394139851914340e-02,1.753194990980209700e-01,3.832418959473374853e-01,2.745318392868105195e-01,2.306479470373021812e-01
1.126624721581137301e-01,7.195505070989569041e-02,1.946723948678504290e-01,3.868712122363605066e-01,2.962229175346947629e-01,2.378989496857929764e-01
1.046453127901890851e-01,1.064780301605611074e-01,1.719739426300497809e-01,3.115178151499759518e-01,2.639161587195502645e-01,2.191647680320409908e-01
1.049711151081496596e-01,3.733951429978980135e-02,1.800498356397097488e-01,3.816839712363108150e-01,2.763753229410524925e-01,2.218074389140200497e-01
1.055405824700434425e-01,2.387292558654093011e-02,1.760418673076849516e-01,3.852119189235401753e-01,2.761597770827716181e-01,2.142557141517250630e-01
1.045174292119425280e-01,5.018678798044493017e-02,1.623574871893484206e-01,3.536912576873313396e-01,2.634796201370288027e-01,1.936857313724620611e-01
1.117195990934027189e-01,7.081222721831008371e-02,1.897542408165081018e-01,3.632727200130454470e-01,2.752025500059369079e-01,2.404096761891545142e-01
1.167822078910936978e-01,7.951727231223680581e-02,1.919153252606956017e-01,3.719341889604315665e-01,2.725192453161917050e-01,2.520926964559199179e-01
1.150383276313528130e-01,1.968696153343417743e-01,1.885301731144042314e-01,2.741907186620461401e-01,2.601357621846416279e-01,2.366259735650361740e-01
1.091716858438879639e-01,7.413184473565936905e-02,1.902467603241471128e-01,3.640563850640010091e-01,2.833737002149421258e-01,2.274940612220987812e-01
1.366433794586092432e-01,5.353506560634505584e-01,3.817400844780420854e-01,4.518190027383940932e-01,6.722085747583150805e-01,5.380695583122904191e-01
1.214520443473103423e-01,5.024172524950802909e-01,3.551181224769527911e-01,4.467021627618334989e-01,6.366259673717281631e-01,5.217101053442185776e-01
1.358509869997817365e-01,3.276260163788807245e-01,4.008935441411566880e-01,5.713967216044557595e-01,6.080407684961851578e-01,6.094122494435402215e-01
1.372712295064987265e-01,5.736792952871201390e-01,3.888963643554880223e-01,3.597086178273410928e-01,6.255143610039692881e-01,5.372272070334087601e-01
1.292671024954768766e-01,3.432537344990876371e-01,3.566939340908962253e-01,5.666247219787945433e-01,6.472881771831785480e-01,5.346900114132744353e-01
1.241130610057899208e-01,6.562890264741805257e-01,3.358236697512070879e-01,2.576734725847958374e-01,6.043042193585647093e-01,4.523026101642393382e-01
1.493066273225709673e-01,3.742327536205515282e-01,4.133523268217245694e-01,5.106081732846856625e-01,6.112038276030143935e-01,6.069631916638507096e-01
1.687256659402038284e-01,5.737796981682072861e-01,4.601284099797273153e-01,3.664359416829711114e-01,6.395800703344965976e-01,6.149565934527398969e-01
1.800209762666784286e-01,4.906756453487981506e-01,4.936965717138869225e-01,4.895093709096652312e-01,6.769571003218226579e-01,6.515374348464788579e-01
1.455190344484409981e-01,4.432920450055780059e-01,4.235051085642130841e-01,4.932899370410447903e-01,6.278928926484906858e-01,6.184623377267250977e-01
1.195375171854630575e-01,5.417810697644667162e-01,3.384785842610782414e-01,3.805010205793460387e-01,6.143706667568490376e-01,5.035722634162179689e-01
1.223325466231428849e-01,5.070899696156332404e-01,3.600656662591098511e-01,4.332007078362642427e-01,6.336822469905349919e-01,5.193266814646310126e-01
1.349541013682939439e-01,4.698738417513491639e-01,3.959624291076080382e-01,4.288502299551268937e-01,5.899169792940119894e-01,5.862120254375134953e-01
1.673817607472126157e-01,4.214562375434978692e-01,4.463752238382514004e-01,5.511120535248731356e-01,6.859813996812412773e-01,5.965988013351671837e-01
1.260840453300552666e-01,4.469647912113506316e-01,3.537338463267621358e-01,4.250430595540802270e-01,6.058569207619509678e-01,5.004651414362698558e-01
1.402447698034707535e-01,4.090560563185807741e-01,3.778025509333867715e-01,4.783660317894934400e-01,6.306314934097951852e-01,4.942298278506143672e-01
1.477474846212834814e-01,4.793956150721193632e-01,4.126444362874535643e-01,3.842048978675543514e-01,5.909900974924046091e-01,5.812432366697196651e-01
1.447417325668153842e-01,4.852920991414149121e-01,4.069679634806240287e-01,3.947331509338352085e-01,5.946636672836286275e-01,5.940235192899553374e-01
1.645203045994157731e-01,5.884461687600993640e-01,4.527848812175822024e-01,3.582407939500604210e-01,6.451504574686588445e-01,6.038085213895676429e-01
1.366379577812720236e-01,8.719110670621424974e-01,3.975043264888972749e-01,4.017120428263017129e-02,5.660550405368002247e-01,5.477465037554437588e-01
1.266901706890636858e-01,2.517973941967181495e-01,3.542687051704496159e-01,6.613877142810860033e-01,6.544010310158828725e-01,5.518503013302795690e-01
1.192581173948222550e-01,4.292911592326790760e-01,3.494920338410119620e-01,5.068490221588408673e-01,6.356017338009750661e-01,5.297262662486984519e-01
1.331534333806447812e-01,1.869002350866483253e-01,3.887860306080409556e-01,6.858695309468016976e-01,6.122190145374494241e-01,6.170461245827216779e-01
1.267517512273157454e-01,7.430619234915895044e-01,3.605689359381205605e-01,1.226739656294078412e-01,5.547911110125006706e-01,4.841630298594275517e-01
1.240179622426622469e-01,4.672819171998828236e-01,3.436518658101816448e-01,3.949608225582428855e-01,5.947346233663474147e-01,4.923495920818987681e-01
1.215839560858372748e-01,1.789580660106095955e-01,3.352551450855465465e-01,6.415539639652430015e-01,6.069306509981780007e-01,5.016621983500132442e-01
1.319038573653423529e-01,3.236835419882890252e-01,3.789676700378720176e-01,5.002582184318696834e-01,5.769801747048795004e-01,5.749319750517308814e-01
1.336773237826264504e-01,4.046482895514755818e-01,3.846055730762893976e-01,4.557167236812366684e-01,5.847299540153161335e-01,5.908255640208899262e-01
1.303062755498026193e-01,4.282932701409295495e-01,3.697924675524913440e-01,4.248709098457491007e-01,5.714303648987217876e-01,5.758313216929756839e-01
1.355078827413071230e-01,2.901351991063704228e-01,3.848984198314361893e-01,6.195617102037132007e-01,6.328303092754601344e-01,6.280920628109560866e-01
1.223508030727975260e-01,2.048800388435099151e-01,3.489575252513304471e-01,6.722905383416772906e-01,6.247245035422223092e-01,5.548203364552057870e-01
1.118762429527018348e-01,3.362217295085399016e-01,3.284277554554894119e-01,5.661169669109185065e-01,6.163957640901713830e-01,5.220694226716642294e-01
1.294751923707863628e-01,4.456005658975694117e-01,3.816044862926692427e-01,4.092686387453315922e-01,5.736159950138705055e-01,5.390151070504313191e-01
1.247292423218606117e-01,3.656887685731822768e-01,3.487341580369481830e-01,4.949273499243570518e-01,5.941415244714969290e-01,5.227413194970731425e-01
1.236048262289545230e-01,4.489521387595224455e-01,3.476626925711907568e-01,3.918637989521562282e-01,5.752136410871214744e-01,4.769280773621873970e-01
1.255025795047592096e-01,2.727870673959774134e-03,3.450522606380412860e-01,8.149666568055011773e-01,6.294033921290282940e-01,5.335657622540322942e-01
1.256655567778343086e-01,2.949793483074301115e-01,3.705222943028114169e-01,5.213315469805376301e-01,5.699630338086001391e-01,5.770321209057580614e-01
1.563515139240990726e-01,7.594426220203421840e-01,4.483162996971575831e-01,1.498754353703777575e-01,6.044350069203798803e-01,5.680731121920143956e-01
1.667772466785986396e-01,1.298465096793552653e-01,4.554921885137047655e-01,8.055154096665553265e-01,6.843521016681000102e-01,6.980668715845139705e-01
1.210107898558594186e-01,4.071365907422811459e-01,3.171444249008006921e-01,4.807951081612080180e-01,6.080212698998207488e-01,5.175628158094802700e-01
1.166937762520069699e-01,3.246718156675484357e-01,3.382786588068205091e-01,5.574115750679359271e-01,6.061985037468814452e-01,5.255738541874025449e-01
1.140400898232678678e-01,3.204635076986478981e-01,3.342591392450362520e-01,5.912741373329443162e-01,6.286957353286326544e-01,5.324864079571476339e-01
1.229626068417140339e-01,3.441727683065521903e-01,3.663493214796686992e-01,4.976327871927613833e-01,5.715099305725584999e-01,5.406793590616510992e-01
1.265122188090993249e-01,3.345285568922093944e-01,3.561097310622631240e-01,5.126989715927783298e-01,5.900071240809595663e-01,5.204925558192542434e-01
1.188510866817645839e-01,3.715047793321843428e-01,3.408098739521063236e-01,4.606537315464038773e-01,5.754762550276474320e-01,4.754978155965503550e-01
1.191816990692845940e-01,3.343119982236174015e-01,3.332998066715218144e-01,5.049164996726381860e-01,5.879948032468064190e-01,4.703676388881826709e-01
1.354002073085144031e-01,4.366946340173604169e-01,3.933387757791996786e-01,4.183337698964755824e-01,5.795890706864946784e-01,5.671539319932312750e-01
1.407832519153086326e-01,3.156513947800062003e-01,4.082508546136797700e-01,5.627060930069259781e-01,6.129826523100391222e-01,6.112488468001249231e-01
1.463978483126904262e-01,3.730823049089311838e-01,4.225351242362644366e-01,5.368235572920749821e-01,6.263688747696826153e-01,6.205253486845629940e-01
1.290967970131717268e-01,5.428419383820415334e-01,3.611406686670690092e-01,3.958754828056779695e-01,6.355061548520386516e-01,5.195754410913462351e-01
1.209934402564815659e-01,3.337159821955537620e-01,3.553203512119376128e-01,5.797334307514169227e-01,6.340372126463167390e-01,5.376133542718035674e-01
1.162730943991995003e-01,4.209198067298600687e-01,3.338696496162534277e-01,5.297326647831637203e-01,6.410880508857342841e-01,5.372924517306132408e-01
1.124012266840805491e-01,3.680231108271077578e-01,3.382258937513752395e-01,4.536455946503950010e-01,5.426463169286634969e-01,5.206978142276187382e-01
1.135353642518505679e-01,2.870959537968610364e-01,3.301470361375068996e-01,5.568080913825950162e-01,5.821802879493799265e-01,5.138842731102096772e-01
1.151613868202913255e-01,2.840793827093011648e-01,3.303711728674307291e-01,5.562973326112020667e-01,5.971458071336178675e-01,4.887799658448733209e-01
1.246367128113240186e-01,3.750418041892615850e-01,3.517314779248607026e-01,5.147180724691572395e-01,6.182740136564395250e-01,4.826635011251697027e-01
1.398867134121500599e-01,3.557499411577781379e-01,4.055431417781570902e-01,5.227141356305734510e-01,6.080389509189285668e-01,5.968882410866505062e-01
1.615089910428108011e-01,7.826889476775487076e-01,4.705184570503274655e-01,1.817658883673815284e-01,6.304811922817725733e-01,5.911067062964530106e-01
1.554094198781316993e-01,3.986390223337085148e-01,4.539009521724492457e-01,5.396508864566977870e-01,6.497048606346672583e-01,6.310821699810389429e-01
1.256777867285896466e-01,2.338155282340355356e-01,3.468726077258827978e-01,6.813119377958435363e-01,6.552974871535048873e-01,5.452188145768520622e-01
1.070918357532773674e-01,6.176248952494362704e-02,1.883287440893300080e-01,3.702826891968836187e-01,3.016777646272534308e-01,2.091723043667966242e-01
1.095053678393784757e-01,6.678680687774678215e-02,1.875420903389579952e-01,3.519543010836476693e-01,2.959251995772999577e-01,1.981941273889337440e-01
1.035941123774426625e-01,4.105257473912912736e-02,1.820073105009016035e-01,3.944806044682271362e-01,2.791416781707034001e-01,2.265788658048567827e-01
1.061891940009061785e-01,1.043581714009910871e-01,1.748144035004871033e-01,3.317282135219461470e-01,2.797315680177999697e-01,2.068241659386668152e-01
1.039872143948487176e-01,6.870127088094056533e-02,1.787305514833640585e-01,3.554380783202080174e-01,2.877993373706529412e-01,2.006864959253282510e-01
1.010239687265028358e-01,5.958559906239582760e-02,1.666197239975007738e-01,3.564760084776110172e-01,2.783189536299305322e-01,1.870835059780799337e-01
1.138933311939577808e-01,3.822113178770417119e-02,1.878919060910082539e-01,3.806378888037569852e-01,2.861203155701656509e-01,2.232202830219758016e-01
1.098604413562704052e-01,1.456485032636073151e-01,1.851491781408380610e-01,2.789396361991883233e-01,2.672333605729231842e-01,2.064701226314224480e-01
1.099368886572356929e-01,9.957613756270682071e-02,1.869269637825730634e-01,3.266198547438854405e-01,2.772324767761060738e-01,2.177857637544161618e-01
1.068315148492157141e-01,8.140698051315256589e-02,1.938238957051291733e-01,3.455582535811838607e-01,2.732899649903858807e-01,2.260938355931585431e-01
1.027402952290862592e-01,6.783462259166157804e-02,1.717445490405208885e-01,3.501923432673958447e-01,2.763548110855437168e-01,2.057638461738379720e-01
1.165563014610719872e-01,8.867130152834414025e-02,2.039239759499485438e-01,3.477755300068498534e-01,3.020817246239447806e-01,1.913616216670905590e-01
1.029922792057382103e-01,1.017058431247958861e-01,1.721080309460960300e-01,3.161836605464947714e-01,2.596066792870178053e-01,2.081285552366523572e-01
1.061512211528000821e-01,2.728346552729333796e-01,1.808501498494175519e-01,1.480033586612624352e-01,2.598334816364616384e-01,1.747032696272160512e-01
1.017819505628288629e-01,8.158132282158123139e-02,1.705902763459926919e-01,3.330952750294153830e-01,2.668209504820203137e-01,1.977312128533225688e-01
1.153229326011941530e-01,7.283395036584729143e-02,2.000022409202479312e-01,3.565889394650789690e-01,2.945213727101959056e-01,1.898459195377755482e-01
1.028429417085949538e-01,7.899093735082862722e-02,1.669244202971429947e-01,3.295025935418108287e-01,2.599085465190985045e-01,2.096297956035815535e-01
1.071433829520324621e-01,1.031171087545674006e-02,1.807340219153341920e-01,4.026797026115009337e-01,2.740945087505362032e-01,2.296632096064696871e-01
1.238798767767416431e-01,1.209936064904123948e-01,2.141564365429236005e-01,3.217041943502274015e-01,2.969579950151522985e-01,2.181416185951590425e-01
1.116493313694485456e-01,6.611168355558084443e-03,1.948129217169508598e-01,4.172506993557448252e-01,2.940401393605823199e-01,2.303444782285732073e-01
1.036921121817619695e-01,4.502910331973643265e-02,1.715203367463405404e-01,3.777725086802072307e-01,2.781136849255881338e-01,2.168595478767224027e-01
1.011771564496823372e-01,6.199092293898506023e-02,1.711233679251385753e-01,3.504005698545230030e-01,2.733892206263464075e-01,2.012470343831589403e-01
1.035777857603700641e-01,2.017751927505294363e-02,1.774884976552682236e-01,4.003262304390426962e-01,2.683786129946554855e-01,2.159937956836738560e-01
1.024094758152052920e-01,6.689010834454285626e-02,1.669546816250848109e-01,3.442073804402234205e-01,2.605331457556990249e-01,2.079819200314078353e-01
1.068658979642141821e-01,8.008521368771073790e-02,1.671534455732293090e-01,3.223886490268084160e-01,2.616747522376158819e-01,1.987805890804439646e-01
1.080259434150909331e-01,9.539614700427551108e-02,1.730070714145479638e-01,3.182819716165690149e-01,2.585305923361791436e-01,1.866962185832629073e-01
1.097474707401603633e-01,4.831991665366732608e-02,1.801250163661393955e-01,3.684340334550538776e-01,2.689679747240231178e-01,2.147202578573277898e-01
1.114161277474467332e-01,6.657897605161977594e-02,1.857794187701825028e-01,3.694901435573673676e-01,2.721369667898253519e-01,2.179272029426458090e-01
9.907595298481769452e-02,8.534854781464572271e-02,1.622447887991370352e-01,3.407675012767344414e-01,2.517177879648599403e-01,2.089325095029367085e-01
1.065121688662150484e-01,6.916270711584829312e-02,1.799580050113864793e-01,3.586571645152523691e-01,2.718560745761551267e-01,2.251660750549918655e-01
1.055317638759512427e-01,4.843233992160177540e-03,1.779141032394970789e-01,4.139174523361499047e-01,2.802717242681705412e-01,2.215520435235381336e-01
1.077037466981017738e-01,4.057264043739876314e-02,1.775449130348859539e-01,3.809217482971902768e-01,2.867356528788929659e-01,2.092213470260088637e-01
1.038778832924661111e-01,4.798044994014572656e-02,1.685907803086617862e-01,3.599023239004378039e-01,2.620824358304362223e-01,2.132242241297316321e-01
1.060217174645855798e-01,5.237639338333054118e-02,1.620640223021835025e-01,3.537231971249675810e-01,2.611862956818167270e-01,2.023108695193356066e-01
1.024684953164538698e-01,3.229761553199182733e-02,1.656961451858610657e-01,3.648746113502309152e-01,2.605217707681212191e-01,1.947059723336363457e-01
9.784340649211621666e-02,2.220063907993087907e-02,1.538698411039668701e-01,3.812262451352247949e-01,2.561404197139156569e-01,1.932508758063088972e-01
1.026399530971410790e-01,1.204846913419155979e-01,1.744011602466921940e-01,2.938957252314185475e-01,2.536039594874522907e-01,2.111654295202418929e-01
1.044301700923539605e-01,3.504918522959661609e-02,1.687473657477807920e-01,3.838682411382270399e-01,2.617661844204104415e-01,2.269611512577926482e-01
1.012633672157090686e-01,2.925215528679411120e-02,1.667038603671551489e-01,3.876537209688397101e-01,2.592485893605167568e-01,2.225960871690586540e-01
1.015464211648987869e-01,7.246066606706340341e-02,1.612126208077027945e-01,3.536582761351578230e-01,2.694043854063588039e-01,2.053082903627305722e-01
1.069498363992159307e-01,2.742729975987284047e-02,1.736087234758143250e-01,4.050702117896904930e-01,2.737506672262258189e-01,2.072548885467108692e-01
1.023839248796824114e-01,5.694595888435478870e-02,1.632777878116927206e-01,3.769251285321439382e-01,2.698802601377009447e-01,1.989061905073524206e-01
1.001433502147240084e-01,4.080418117166643988e-02,1.735250622876932103e-01,3.797406154501838937e-01,2.630604604632487131e-01,2.129901405141347848e-01
1.050297471893996415e-01,2.637294998469421822e-02,1.591212653452699632e-01,3.813362266467922868e-01,2.612771804015054378e-01,2.078803421525725059e-01
1.007032828356965309e-01,1.733457899957968618e-02,1.610650366611997286e-01,3.879394654381557173e-01,2.591796144906058919e-01,2.002290526287743566e-01
1.064347726492138602e-01,5.743402355059862296e-02,1.725065845068491643e-01,3.653939609630130758e-01,2.666616195295320457e-01,1.978191147537430583e-01
1.088566598737497754e-01,7.293332196287248548e-02,1.729657514474105262e-01,3.558819908739370708e-01,2.575617784205074257e-01,2.114518301691835911e-01
1.104636236768243990e-01,5.582461527103758925e-02,1.740066043646789629e-01,3.776005340899626916e-01,2.579743300522515104e-01,2.231802916999799102e-01
1.095560029765647592e-01,7.026414042532357074e-02,1.853881519530473643e-01,3.789154816741234222e-01,2.676714578751060447e-01,2.238985927138371634e-01
1.058397173139779684e-01,7.534105819364934897e-02,1.688566931893842604e-01,3.583794679879268585e-01,2.751694120356250051e-01,2.006210994316582619e-01
1.008472342570728847e-01,7.921810807750538641e-02,1.649477440134960171e-01,3.386413668440512170e-01,2.618007926189527268e-01,1.908793274556241093e-01
1.063975696753952233e-01,6.284638733026481905e-02,1.811230357216611908e-01,3.718574798612448995e-01,2.881260023515947455e-01,2.115244706626248361e-01
1.036410507407865556e-01,9.744220947814241640e-02,1.617021867181945849e-01,3.216108274537829992e-01,2.495962408813125755e-01,2.068801650365355849e-01
1.040322905518897556e-01,8.469249952575046148e-02,1.709000318744419433e-01,3.334755077032567905e-01,2.644317552406315608e-01,1.982299842379280641e-01
1.033596024739064229e-01,2.944544349799940036e-02,1.630730780272971192e-01,3.938150678901014556e-01,2.744455526777617727e-01,1.974638654036878771e-01
1.052999020783346035e-01,5.041864857791086840e-02,1.551636218385733790e-01,3.722997298405481548e-01,2.663087580502004337e-01,1.852427731684936074e-01
1.089038846877042749e-01,5.240102733479621439e-02,1.614628485588832374e-01,3.798799005339464352e-01,2.542479740832647717e-01,2.127476396452737950e-01
1.062519778804449228e-01,5.278361244632902294e-02,1.670705287684051132e-01,3.780432915486925949e-01,2.565882980743999231e-01,2.036559627488367663e-01
1.033912727065181697e-01,8.588968672650129643e-02,1.663138853724469290e-01,3.573544059187954147e-01,2.509610826874968947e-01,2.113998525479742763e-01
1.086272191801979647e-01,1.017091858088086664e-01,1.808251327261309049e-01,3.428735059458742351e-01,2.938753728337397675e-01,2.089000129791555860e-01
1.072016291273981542e-01,8.282794377860817903e-02,1.858823188520963010e-01,3.730561075005537908e-01,3.015422683379509472e-01,1.981571960039686109e-01
9.938160443447517645e-02,6.661672328879619798e-02,1.704828723051589889e-01,3.721965159500607578e-01,2.880016797171840448e-01,1.959681022419310914e-01
1.035414410638817451e-01,6.788023915457248869e-02,1.754871945137546629e-01,3.471018750573350853e-01,2.728563991822663959e-01,2.098079278966410999e-01
1.039309356241207016e-01,6.927818462920601328e-02,1.770741283065009053e-01,3.329300914765678798e-01,2.780616201978233226e-01,2.001957064400886055e-01
1.009321197896865807e-01,7.785886422863642908e-02,1.709173259935737321e-01,3.137648572788611645e-01,2.681140284603274471e-01,1.903432684573206635e-01
9.608812596020160912e-02,3.556001081966653210e-02,1.623305570105210149e-01,3.623098152600374156e-01,2.642455193255228152e-01,1.841747416185576247e-01
1.056343904798574679e-01,9.427674362112642426e-02,1.798632754359230923e-01,3.354907209512667521e-01,2.699965925397365685e-01,2.124317284140351259e-01
1.143399996223501691e-01,1.081441743202268546e-01,1.972371586039584901e-01,3.344137385547032992e-01,2.841641717253741706e-01,2.201890590684396076e-01
1.189240541212253921e-01,1.086091330358109064e-01,2.102745501337392742e-01,3.525201544496152084e-01,3.015846394338458358e-01,2.183898026534896175e-01
1.051409422573432867e-01,6.998281582019447167e-02,1.826800681619940581e-01,3.793810600265387079e-01,2.823885014375752678e-01,2.215389120975367887e-01
9.662832444975322232e-02,5.686069685763863596e-02,1.622046991760983103e-01,3.642888109572594013e-01,2.768562343209879928e-01,1.988394167047221328e-01
9.972390231797358118e-02,2.141057606019522441e-01,1.723460158289536748e-01,2.157963773943955832e-01,2.697129593167010286e-01,1.756469962705971555e-01
1.002897974503188239e-01,3.886064407918995989e-02,1.721684621881482136e-01,3.737596566292826772e-01,2.664394244818287794e-01,2.184050162775335313e-01
1.144341498944974472e-01,1.138646159677368375e-01,1.975880603085510279e-01,3.053928610769380270e-01,2.826716659739582083e-01,1.932817661855725511e-01
1.013514270755425800e-01,2.020275613200570031e-02,1.644904770240258607e-01,3.667844763190911683e-01,2.615753675653948451e-01,1.940524724827396852e-01
1.058893707032916853e-01,1.324410718866414760e-01,1.751916509754966877e-01,2.594648335927877691e-01,2.572439286650392010e-01,1.644151790981439043e-01
1.041004695099247146e-01,7.368159402571747285e-02,1.778666108670546309e-01,3.359757643646414382e-01,2.635765402134339075e-01,2.066786055494624075e-01
1.021927704020952621e-01,7.083088963839967445e-02,1.760142461091120658e-01,3.389557646457903028e-01,2.620397289285096853e-01,2.138046942292888275e-01
1.146880709724496794e-01,9.763896350300316218e-02,2.004848020421825250e-01,3.428089880159523317e-01,2.851177455220316737e-01,2.219569550811898995e-01
1.027793877145673218e-01,1.017487637812037882e-01,1.683938335754754378e-01,3.323808955814121502e-01,2.649828692159181265e-01,2.058553161651116015e-01
9.906792296246538787e-02,7.429179219359005604e-02,1.694139588891897252e-01,3.423571100776077736e-01,2.702787491168864298e-01,1.939254863040159316e-01
9.820553005346531472e-02,6.233214190871493032e-02,1.635537430037896367e-01,3.453320312647326640e-01,2.695159030096141439e-01,1.936522884442601899e-01
1.005653913906435909e-01,5.372041605717707904e-03,1.696403927165505698e-01,3.962494375212645137e-01,2.652190802690593818e-01,2.243884448752012928e-01
9.987528089216216043e-02,6.971786378833789988e-02,1.614302475523660407e-01,3.183830327960212592e-01,2.520606115066943986e-01,1.907589467402847072e-01
1.017928324665462042e-01,9.688776111409648506e-02,1.613312525265255815e-01,2.918558247375829251e-01,2.445401222920202400e-01,1.847293734975768154e-01
1.021294447366151992e-01,7.634751647321481871e-02,1.606743645831539280e-01,3.130393351658354306e-01,2.469796431966389261e-01,1.727743918930059741e-01
1.018418940376559778e-01,1.447895414814392295e-02,1.684025532484019760e-01,3.816709309410477036e-01,2.578023359099363421e-01,2.180952600959756849e-01
9.940005199894345889e-02,1.030207119040840724e-01,1.671007438318774796e-01,2.996083849719847758e-01,2.499845851909377470e-01,2.039436867843865686e-01
9.692728536386073512e-02,1.021175379734042266e-01,1.595955397185773728e-01,3.097102290215368869e-01,2.446806813725519447e-01,2.119073801641472576e-01
1.046236393482097293e-01,5.791064092160885107e-02,1.797209538169868837e-01,3.752994667912170623e-01,2.731500873135144225e-01,2.249075767929949454e-01
9.831338355831913123e-02,6.866869331206736093e-02,1.582410008246500910e-01,3.323979624158968638e-01,2.567169916695509757e-01,1.907652212119290147e-01
9.576016370366294272e-02,9.735630083082395803e-02,1.571786694973231480e-01,3.183780181923923092e-01,2.529235123453451584e-01,1.960760999911144165e-01
1.000694542385769659e-01,7.020914237224218368e-02,1.701104993968756973e-01,3.192049695618380256e-01,2.562056044951658285e-01,1.906205436608789661e-01
9.952212166007844141e-02,5.308932414034208541e-02,1.603018091498533970e-01,3.173043402659223577e-01,2.476913169756975730e-01,1.855912563484099775e-01
1.014384873305351764e-01,2.716680725211145092e-02,1.620810401288625413e-01,3.409061695269011150e-01,2.441972039264947991e-01,1.797764901983083252e-01
9.989445792964347925e-02,2.652441988340396156e-02,1.605075573410249534e-01,3.400050999083427117e-01,2.469773472477752585e-01,1.726627536840542598e-01
9.696694246286320651e-02,2.564809853028789804e-02,1.625308507040930106e-01,3.549209740877045105e-01,2.492878520461361547e-01,2.183438012657862026e-01
1.068308280493610180e-01,1.317327092868109673e-01,1.899588321887385189e-01,2.851436612248215985e-01,2.617807982606202288e-01,2.006868183057156918e-01
1.099257288232314000e-01,4.921673642960671530e-02,1.925022344040465128e-01,3.795154633669190480e-01,2.776640337640197131e-01,2.281034000092763692e-01
9.686301670593859547e-02,3.367652396128562736e-02,1.488347133650181620e-01,3.642669884404483027e-01,2.536308683206534020e-01,2.042449471231396474e-01
9.037208255536800794e-02,3.106032098600303853e-02,1.563301591810153934e-01,3.727585838274878882e-01,2.515040015228113823e-01,2.075400104847364147e-01
9.542768890700409345e-02,6.277841032889082407e-02,1.558788539922868199e-01,3.457471587156407677e-01,2.557323381905468596e-01,1.955658423063308671e-01
9.235282569808213327e-02,7.222475043208938239e-02,1.610867043720670966e-01,3.092626760786914009e-01,2.458177683605403951e-01,1.907701238030442559e-01
1.003511564500649128e-01,9.731696529574154764e-02,1.621464662404843160e-01,2.741554504058960062e-01,2.412700404007501187e-01,1.867535236263037635e-01
1.006718303511246609e-01,4.001899332660154712e-02,1.607521405670155334e-01,3.294254484620757761e-01,2.396821247317553194e-01,1.814081302797446171e-01
1.015029453296748541e-01,7.473705819727209480e-03,1.564104737920267441e-01,3.562440145418899751e-01,2.385854258175078291e-01,1.748957415132338655e-01
1.022188075209203156e-01,8.234464314266441709e-02,1.717816113263838929e-01,3.046084893588413833e-01,2.471787097815380529e-01,2.053043002870385547e-01
1.039883196793060377e-01,1.060869994289899976e-01,1.744269334806036187e-01,2.968004597307198900e-01,2.482724750903957389e-01,2.064430325899344332e-01
1.023105025922855377e-01,1.478673658510602784e-01,1.801860234344113687e-01,2.719603724278658041e-01,2.522909194838224289e-01,2.112546269363844431e-01
9.905646159610302648e-02,1.631763206481241443e-02,1.690604903466896847e-01,3.830706536349385294e-01,2.656224700430352414e-01,2.010715054061982254e-01
9.766415470342131033e-02,5.859448650678687059e-02,1.628541947653930899e-01,3.464255514075994524e-01,2.622873321021036430e-01,1.980590205458099273e-01
9.723341380719412175e-02,6.072027555066136090e-02,1.559130003312552415e-01,3.556762688604407918e-01,2.602499895908936822e-01,2.030986610064067499e-01
9.176541787453246224e-02,5.043888670295711141e-02,1.517637711142187928e-01,3.242734878336742677e-01,2.398731628834399332e-01,1.903401125925626991e-01
9.547533485667328290e-02,1.254770462173885603e-01,1.504075260958703253e-01,2.477439530127454326e-01,2.305297185191797216e-01,1.798456877946470744e-01
9.937312663231337440e-02,8.486474890825122797e-02,1.580549604260366447e-01,2.853006824971286992e-01,2.398693503349909328e-01,1.691385987682002268e-01
1.023541903332953334e-01,1.393852965671606436e-01,1.630736775263366412e-01,2.361473767112559352e-01,2.414604605966584050e-01,1.608858033670377830e-01
1.066794995588646461e-01,1.342528968052458978e-02,1.739203892954583885e-01,3.808900230925103547e-01,2.579059073569014982e-01,2.238160368740277073e-01
1.112360902733746243e-01,7.788988859022652478e-02,1.960585959422549152e-01,3.453602431849411847e-01,2.702071267452041403e-01,2.183593723415688526e-01
1.089229953044873744e-01,1.289937554618686699e-01,1.948147655386539556e-01,2.987853251392192377e-01,2.672735152682960691e-01,2.148830308513657028e-01
1.001437840545589125e-01,3.554428619802318251e-02,1.625620353732121215e-01,3.746793602664701961e-01,2.654313816032726758e-01,2.018510850596312578e-01
1.405949191071774185e-01,3.647842748227808074e-01,3.947938699335992729e-01,5.727209815531593140e-01,6.349835544169166734e-01,5.706279569229728565e-01
1.249049458600833273e-01,4.771971315990174989e-01,3.595172325727242768e-01,4.335699908490471821e-01,5.878373073951880246e-01,5.249547743237307218e-01
1.229601232773171182e-01,3.859349481651929148e-01,3.677195868561540237e-01,5.069322650337150238e-01,5.697372869942858298e-01,5.668455504101285181e-01
1.310770007346207799e-01,2.709347855578017050e-01,3.770130256451778017e-01,6.029664143518871366e-01,5.915483994960544223e-01,5.521522415156672192e-01
1.258474390906747509e-01,3.194154857298577843e-01,3.588478338671000079e-01,5.483926652559616421e-01,5.842044407563111719e-01,5.278182476593320516e-01
1.181635443414098402e-01,1.870445476957856290e-01,3.333970256562700518e-01,6.576472235736156025e-01,5.797720482441821588e-01,5.096405641344845527e-01
1.328733178302453632e-01,4.659094241614784027e-01,3.802758479063448882e-01,4.252911490153484797e-01,5.736608124104323192e-01,5.708111000775054622e-01
1.539462891409666689e-01,4.566094670094545394e-01,4.329221862914631180e-01,4.905594363239851874e-01,6.245297680538089979e-01,6.181934421433644689e-01
1.640377893828542100e-01,4.255899695432310281e-01,4.539216420139976504e-01,5.424777436381309492e-01,6.474108784482697221e-01,6.346339818620501116e-01
1.378331158704848569e-01,7.321848834838320386e-01,4.018381803350323245e-01,1.998241288173319141e-01,5.766300552485740250e-01,5.598430530798234050e-01
1.226808468309932010e-01,4.178543598945200777e-01,3.466051495013612316e-01,4.441845083197144550e-01,5.572439316004312859e-01,5.222733444606471043e-01
1.236583072904695185e-01,3.774138175785119453e-01,3.595087448559052268e-01,5.074283033827101663e-01,5.873558757575780831e-01,5.300852302752728784e-01
1.205966023137781257e-01,4.275638117048386477e-01,3.539884480954126889e-01,4.560595769902364705e-01,5.556596856558293496e-01,5.566547458227055767e-01
1.523121140278847763e-01,1.966169149519225168e-01,4.165765469663221809e-01,6.995279813537040869e-01,6.370197356776153841e-01,5.901727178291542586e-01
1.240510318657150057e-01,4.926914268785366202e-01,3.518413721844122488e-01,3.417881204285085350e-01,5.430851825715884429e-01,4.942702760599713141e-01
1.331870915709290615e-01,2.340824429141069585e-01,3.717748244122229817e-01,5.987923952642816294e-01,5.857590807178872927e-01,5.081625900417620079e-01
1.369797559222614702e-01,2.529432056673636131e-01,3.830305671957413005e-01,6.100494495487701618e-01,5.876042610342426809e-01,6.054091471761975374e-01
1.365721926689500709e-01,5.159262179168786489e-01,3.838107934852432734e-01,3.681460386293787246e-01,5.649796890773460811e-01,5.737317936679543484e-01
1.582437407540721319e-01,4.914841876841049562e-01,4.351271214347683380e-01,4.395162843096179772e-01,6.201483600589006162e-01,6.101187694708937181e-01
1.322064862844603561e-01,6.551893212505113251e-01,3.760718777609482477e-01,2.423281816307638614e-01,5.553242314448690875e-01,5.594878578524214996e-01
1.345690744735856259e-01,3.994329102000330201e-01,3.722737021935439983e-01,4.755459485660686325e-01,5.864797570887509970e-01,5.380425706158614707e-01
1.237012935597851526e-01,4.339140513700170398e-01,3.546081446569099294e-01,4.594200814940477828e-01,5.763849118064033883e-01,5.239664835191516490e-01
1.208255373276364425e-01,3.301949285626444852e-01,3.579444760665256853e-01,5.512845041570582083e-01,5.620933189447285816e-01,5.741113819632965853e-01
1.188005701901513611e-01,3.668581697157589638e-01,3.365079549091186673e-01,4.722386421842406645e-01,5.502095275104857963e-01,5.088491196219034896e-01
1.218590991527032374e-01,2.538706942045171888e-01,3.397474169349636308e-01,5.617085188914722194e-01,5.577539309983905458e-01,5.208409194686447474e-01
1.220996665711576168e-01,2.875813904844193303e-01,3.399170561287391257e-01,5.249305104719234061e-01,5.548147430869867502e-01,4.892303489558246787e-01
1.273269831235283311e-01,3.733007717315441898e-01,3.666782841210571298e-01,4.712345222080170370e-01,5.543976219966733066e-01,5.722233468861462891e-01
1.293509933913616350e-01,4.575504928940080651e-01,3.686276145295336315e-01,4.003579995924005930e-01,5.546154124262463458e-01,5.709930084765978409e-01
1.280835264960544784e-01,3.324028906510412829e-01,3.544858561859098312e-01,5.176868319477780922e-01,5.561573090466351843e-01,5.874277167682948608e-01
1.500605158213723089e-01,4.760354118810235513e-01,4.118335909623713209e-01,4.611438271973157810e-01,6.018650036464653352e-01,6.148187340940860501e-01
1.267958831018959065e-01,2.089463275248382157e-01,3.506360948541446532e-01,6.339382527448397253e-01,5.763338274313443144e-01,5.497155754895487467e-01
1.140914080125308705e-01,3.839581730508637158e-01,3.279448966597587334e-01,4.715682106223610393e-01,5.558148366672254204e-01,5.021808448211028120e-01
1.202816157322805501e-01,4.718556103211257735e-01,3.527785079577388516e-01,3.840094190605760627e-01,5.438283078548726834e-01,5.183636614299763634e-01
1.168340461941733827e-01,5.696494658590703919e-01,3.346712169499952427e-01,2.573907939877536633e-01,5.259441694027708891e-01,4.683181376785378047e-01
1.233430107519139785e-01,3.339016869822179490e-01,3.465749534035568735e-01,4.794189266007432004e-01,5.442336454175946692e-01,4.839845101308854480e-01
1.224125144175063629e-01,2.936952531714715486e-01,3.392632274019428129e-01,5.064695673455359426e-01,5.498277103935765853e-01,4.738521552620760247e-01
1.211876688547521702e-01,3.425840898355697051e-01,3.505523955483355047e-01,4.762315723265793110e-01,5.386814357967564248e-01,5.648759803028668980e-01
1.524782335452946891e-01,3.435609855046558025e-01,4.246225420201290568e-01,5.515233924717301006e-01,6.148436414162301578e-01,6.205772472399651019e-01
1.611228365985337696e-01,4.274888036691645299e-01,4.393243467468160302e-01,5.096233415306520298e-01,6.264843931708251601e-01,6.415023684313500008e-01
1.194938121389787916e-01,3.622056210670609455e-01,3.288679586775578034e-01,4.668295483109012323e-01,5.503558010071031292e-01,5.153598380088086905e-01
1.213170625395006696e-01,4.545494764006964838e-01,3.404972463724599274e-01,3.870215605108445200e-01,5.474363244705631182e-01,5.004336096279896617e-01
1.151395215808548866e-01,2.817060983055914569e-01,3.312479737119899403e-01,5.678249934451483627e-01,5.700720015098053040e-01,5.180057308573466912e-01
1.155058609920100593e-01,3.300142377980567754e-01,3.385642074618103181e-01,5.132496362484667562e-01,5.485508424640812564e-01,5.280699827342156816e-01
1.222114554055678121e-01,3.296273839780968218e-01,3.441408289799063880e-01,4.863151707017162595e-01,5.505040357130125406e-01,5.066004899333963474e-01
1.198346059561175014e-01,2.025636168512218727e-01,3.406764072472015514e-01,5.873443921296469528e-01,5.464219605289946102e-01,4.955019069526785391e-01
1.193127674912142083e-01,2.827117639401177107e-01,3.335085099891526017e-01,5.029323655108045577e-01,5.415476952671163247e-01,4.626413565340368739e-01
1.328245958381210068e-01,4.067633286894590250e-01,3.764098531135881553e-01,4.484627980019361138e-01,5.604627819691624380e-01,5.703801051775706510e-01
1.389526824023006035e-01,4.322519090243753248e-01,3.920274473916790514e-01,4.440614174813202752e-01,5.733608034521207042e-01,5.841070693239533984e-01
1.445016897234309150e-01,3.931389254742863049e-01,4.011097857568566849e-01,4.984544026606226308e-01,5.885343602722779011e-01,5.959993313507662149e-01
1.349899882249341043e-01,3.327454409791210099e-01,3.753920197517962576e-01,5.342598715310826751e-01,5.897508566741757052e-01,5.346669772973056123e-01
1.251242400891556250e-01,5.903031037465061859e-01,3.605314177053100533e-01,2.902339425838099674e-01,5.658150695196970670e-01,4.933640490439389903e-01
1.167214922733232074e-01,3.007970671475401203e-01,3.355488999617872170e-01,5.735677957044285069e-01,5.856543107900274991e-01,5.243287731942642971e-01
1.092271333055576943e-01,2.243879075884500363e-01,3.237195238895969607e-01,5.893244315710379766e-01,5.409378442399499498e-01,5.285393604938507517e-01
1.093277723008416608e-01,3.522743751220922537e-01,3.190070015160461070e-01,4.564795587349552153e-01,5.313922398307013850e-01,4.836186338317320921e-01
1.165073279160089015e-01,1.479513088826543143e-01,3.355903784196976880e-01,6.449440706412988833e-01,5.531369404896347985e-01,4.979753331169403663e-01
1.268216073983998438e-01,7.544016936923947370e-02,3.540722267423985770e-01,7.422231790252858952e-01,5.948113899542173399e-01,5.107108105261581876e-01
1.380476454524934005e-01,3.871693714823751242e-01,3.883433708044102817e-01,4.891481818378200508e-01,5.785948450997014936e-01,5.846774990843569553e-01
1.584167260980797187e-01,4.366413685741080686e-01,4.405375869142407752e-01,4.959140995634079285e-01,6.255004239929191634e-01,6.213510614689941036e-01
1.567165892974897445e-01,5.020115364374215794e-01,4.426070097343138832e-01,4.427139146431906536e-01,6.244837670861161927e-01,6.135394592444974871e-01
1.286750618369233157e-01,4.999051323651390044e-01,3.601343224976132351e-01,3.820504679161343953e-01,5.769004697407850157e-01,5.065235923276518726e-01
1.938975820219722077e-02,1.653388267442415429e-04,1.351731059720126934e-21,3.614767152379365356e-02,1.458806111787542973e-03,3.185269530293784179e-02
1.813192684650520581e-02,3.362661703261677704e-04,2.374514409533029456e-19,4.079965579522016467e-02,1.750415206130941320e-04,3.104876837057722258e-02
1.866975909666380995e-02,4.019413697354445782e-04,8.828737352741478661e-19,3.475737945322016076e-02,2.785120102341312812e-03,2.837228744108652445e-02
1.845707631536206220e-02,3.382829022265705513e-04,1.043521428432866633e-19,3.528765763444675907e-02,2.323956354116946555e-03,2.865777834997920367e-02
1.691872096847516979e-02,1.165195146726091238e-04,9.045681906499470537e-20,3.364452599762829399e-02,1.970585418555006584e-03,2.967168986509330017e-02
1.917829609514635353e-02,4.705844694667767254e-04,6.815726437558688443e-22,3.806573753296470936e-02,3.427623945942506891e-05,2.989793800900284945e-02
1.876163572460129089e-02,2.458907058608782300e-04,3.614243717742741145e-21,3.790219529536476700e-02,1.302743072438501295e-05,3.056996227222137305e-02
1.709474326431109290e-02,1.690089984756981234e-04,2.541788033782800239e-20,3.752107088277694541e-02,1.949625872492977006e-05,3.037669310768698061e-02
2.389357584409372223e-02,2.239479690520833441e-04,1.236606076222700474e-22,5.143002178299389826e-02,9.071969827032034107e-10,3.939893355182311208e-02
1.735560402625276749e-02,2.078012663596153897e-03,6.401764813981733497e-19,3.237733693479848129e-02,1.994520244764534222e-03,2.730176433869292707e-02
2.918613839058661549e-02,3.515789362124623865e-04,3.729087686940969809e-28,4.568266587804607759e-02,6.169262072288228914e-08,3.525972846659577997e-02
2.030002684650257169e-02,6.743849781389223835e-04,7.876703748324738076e-21,3.184173190013387528e-02,2.818926772092364245e-03,2.856723590806495641e-02
2.758354285210146833e-02,2.911969464031149697e-04,2.387743872904563906e-27,3.989772412570249949e-02,2.496001964169076922e-06,3.208916451080010696e-02
4.428759840882173088e-02,4.283716487786527445e-04,6.424627856704152220e-31,7.979290078486320215e-02,7.593059245111072216e-19,5.936998486804186820e-02
4.379654181916069200e-02,2.660486721147503142e-04,3.366279804725457920e-30,8.627358585432330640e-02,1.667875003646613172e-19,5.278981159562522868e-02
3.468979165589097802e-02,3.400023488998720487e-04,1.612023248946366225e-27,5.594860665308563213e-02,4.111553685172152897e-13,3.711162682878770686e-02
2.641134529142319734e-02,6.204804677107636415e-05,2.553534446810642636e-22,5.020961806524377319e-02,2.355460746556496619e-09,4.022121320304357373e-02
2.558280840313247734e-02,8.967491397634431635e-03,2.935317660851439077e-23,3.380141561504473174e-02,6.791993832644074546e-06,2.974830161318735636e-02
2.914798384422379041e-02,4.885511038467262946e-04,3.222080837236225228e-27,3.936836399427972449e-02,4.765809592223662852e-05,3.496944167325240910e-02
2.098845079526516499e-02,1.222796874103014532e-03,3.446535425997077734e-22,3.400763594936754425e-02,2.156987750035756993e-03,2.598012665167720794e-02
2.387998625905304526e-02,2.964972043484237225e-03,1.985333740218184112e-24,3.686998583660502926e-02,1.147708024650466696e-04,2.998101731153755140e-02
3.850237229154853530e-02,6.168142362827721365e-04,4.968100284931894823e-31,6.504567813939834964e-02,2.679561914552642651e-15,4.471856296708288936e-02
3.919796512916207121e-02,2.495029114332518124e-04,8.657448060517777314e-31,6.836051130647519125e-02,2.369473655259601065e-16,4.188322341473976057e-02
3.006792799525672202e-02,2.832757012840687264e-04,2.306617278828768702e-26,4.992083786595278433e-02,1.195806700217513606e-08,3.383129645216423342e-02
3.686308601538881846e-02,6.758868644918077291e-05,2.344365695141860493e-27,7.854491772127404625e-02,8.728586108775677978e-17,6.092678242917348025e-02
3.071417039493653384e-02,2.795706846827377876e-04,1.366287570151601362e-27,4.770179607210590922e-02,1.757037002405687389e-08,3.562724592081797925e-02
2.038222551539984814e-02,1.271470556133648920e-03,1.236485263701618564e-18,4.104974596525781672e-02,5.730585897028561411e-05,3.040444115910426529e-02
2.333781910757185343e-02,4.246077277677265307e-04,8.156501367962745630e-22,4.045462504375045565e-02,1.633324758229368794e-04,3.071739360111919517e-02
2.540560019720024265e-02,2.246910630103828889e-04,2.791895665218584662e-24,4.549500401204378819e-02,7.383907451471551256e-07,3.409050879959653335e-02
2.608220182153687255e-02,3.738428445092738077e-04,6.472668137646674882e-24,4.729058002423223994e-02,1.859931925589142848e-08,3.811455892893245850e-02
2.903572291579252160e-02,5.160771580909919972e-04,5.390060653370077437e-25,5.672647022468862293e-02,1.330101742903843664e-11,3.981843312372704280e-02
3.264456520684894114e-02,2.698628907994944431e-04,1.081667065993122300e-26,6.021196739884400462e-02,3.933372577740539491e-14,3.997679188058190364e-02
3.574975697903374355e-02,8.822389965523323057e-05,4.388972142294156148e-26,8.440277351875651035e-02,6.203802308967758007e-19,6.519333111686988202e-02
1.929579449385848688e-02,1.929008436586870674e-03,7.741558878925429580e-19,3.845691878775836514e-02,2.963420517421667608e-04,3.248242092518700136e-02
1.485810317850659763e-02,1.156938939360991134e-04,9.747084553317472674e-16,2.902561569070620170e-02,2.814583893428358914e-03,2.664424863227159157e-02
1.423577151356731144e-02,3.330412084973036354e-04,2.285480591647706499e-14,2.947459645068220557e-02,3.014111022074403377e-03,2.700738090203792449e-02
1.794802049431784563e-02,1.956697014351175222e-04,1.932052582883331918e-17,3.661190030083457531e-02,1.733298221085009328e-03,2.992030724121053781e-02
2.152860195127177453e-02,7.613043045176366122e-05,3.821841407074130737e-20,4.014182191151021567e-02,1.313877527922426122e-04,3.252222550867193279e-02
2.177754850015269777e-02,6.762268120509882336e-04,7.519922352150418114e-23,3.940444664455605706e-02,6.533599697898283341e-05,2.948913344853488008e-02
2.669300210931164347e-02,2.004577545638356988e-04,1.727370553122343277e-25,4.877929046709651717e-02,2.173292495937914969e-09,3.683399780089996467e-02
4.568919742345653456e-02,1.511878454251380259e-05,1.495701040587557249e-27,7.287611889516046326e-02,1.441872626051586907e-16,4.656505993512179142e-02
2.617826201738266551e-02,5.832398603436549783e-04,1.894307004073798210e-24,4.541100358000447340e-02,4.104328847118217489e-07,3.286790240341037894e-02
2.128159127660666020e-02,1.341623399385050977e-03,9.152781852942427066e-23,3.382788882410077413e-02,1.897666802333870676e-03,2.793278164864522461e-02
2.357475923663771705e-02,4.298800744836068339e-04,1.383905944619317669e-23,3.814884085977023054e-02,1.001884131045570857e-03,2.877510765126679512e-02
1.624888549715874236e-02,1.057708815203531934e-03,3.366728987955082040e-17,3.121923345400982874e-02,2.591630177735230328e-03,2.580257640906533437e-02
1.952650107609126690e-02,1.555821964358090816e-04,1.676887412017747500e-19,3.638998791679948219e-02,2.691955333192489115e-04,3.171531294935929501e-02
2.109250223466290278e-02,6.624554652975342796e-04,2.301334112344873782e-22,3.382688687826752860e-02,1.571550175163998657e-03,2.817881522596629718e-02
1.936298258297797573e-02,8.143710781514977917e-04,2.014873850665369964e-20,2.733521340457232413e-02,2.836125142460044733e-03,2.262816668447090521e-02
2.140337119926354406e-02,2.527891483310210313e-04,1.075851973875208020e-24,4.433806778439109558e-02,1.110954263292533798e-07,3.559673416651500805e-02
1.844114784586325245e-02,2.657019515806744153e-04,2.396200234202820383e-19,3.135073344520478839e-02,3.138478036985214038e-03,2.919483974950524627e-02
1.676683755947016435e-02,2.226973927148961105e-04,2.282204637321111717e-18,2.799310656306280495e-02,3.158476269692918077e-03,2.591260561550076322e-02
2.421694344048083702e-02,2.280821430332872568e-04,9.980263003757593111e-25,4.897803994522970106e-02,3.947821917902342255e-08,4.480712011372259274e-02
2.329143384443149722e-02,3.092984418305834643e-04,4.762908022670520352e-24,4.925525876095420558e-02,3.828793936148896116e-08,3.757458835441039591e-02
1.848019978389671067e-02,5.059304416417147654e-04,7.421846443562541820e-20,3.592204644748084319e-02,1.739195270709675833e-03,2.907262837011050094e-02
1.751713074392247799e-02,3.918854634684922826e-04,8.349624637963862361e-19,3.149676819746780737e-02,2.639035368678815420e-03,2.409699337276972886e-02
1.637841593403788210e-02,3.762403507399391701e-04,1.159280877139992168e-17,2.900754593531063713e-02,3.054341106375633910e-03,2.412218940942426060e-02
1.592826122199402644e-02,5.213141085944799150e-04,1.133711487111021373e-17,2.561361223190185624e-02,3.776431634472126979e-03,2.421402123589203731e-02
1.935899912336461887e-02,1.517154320693466516e-03,2.206372211169771691e-20,3.400525851046785897e-02,1.424152010665681155e-03,3.114397822170635044e-02
1.896589760434069794e-02,1.887075434253611145e-04,1.130589790610545460e-19,3.325207524120270264e-02,2.710500447911954724e-03,3.056249547299406608e-02
2.493255447009709233e-02,9.943600749249895934e-05,3.710284733316284273e-22,5.708766468303128755e-02,7.337159466939224360e-11,4.814333247414529643e-02
2.384298255404631445e-02,1.083131309075378526e-04,1.480860905980657419e-20,4.858636155661892608e-02,7.706245608540960627e-07,3.969291512395225346e-02
1.579081814798852235e-02,1.261913806229225665e-03,4.260269752486443366e-13,2.531771120493727517e-02,4.392276133048489406e-03,2.447645900924114507e-02
1.990231207590947848e-02,6.425019874959327776e-03,9.620172801438893730e-19,2.336082537943994300e-02,3.949949166670419995e-03,2.099569664761154197e-02
3.228199641372893336e-02,9.674947528204702387e-06,2.659069458715165565e-23,6.940879386861140143e-02,5.605873358012305661e-14,6.233315096090086965e-02
3.218041120827104529e-02,1.773796089087113659e-05,4.193531197780106455e-24,7.196816926476815035e-02,3.750238985124120322e-15,6.488195019857384560e-02
2.848710126919152749e-02,2.080699122188034683e-04,9.666283621611435822e-24,4.571388652679039821e-02,6.788757866099636020e-06,4.439855896723264583e-02
2.390278715993411282e-02,1.218390300210085573e-04,3.413384436823849584e-18,4.386554644941483005e-02,1.457423309940804801e-03,4.188938456432717006e-02
2.210890417989276949e-02,1.181052489156656621e-04,5.902000824892481125e-16,4.234730241757718450e-02,2.625174728987320679e-03,3.826612843677681258e-02
2.364536298136699771e-02,8.399940037629401494e-05,4.556289599992712741e-20,4.527403535139060131e-02,7.642670644752141550e-05,3.582478243489164993e-02
2.370738711097738691e-02,7.874827669890973898e-04,1.109796968803386341e-18,4.782124815104879523e-02,1.061507823177098724e-04,3.929910147399143239e-02
2.230088965821847707e-02,6.572377665949157705e-04,9.926065177430630241e-21,4.652570014361984835e-02,6.515317020445206044e-06,3.455377683731284538e-02
2.016702283766697024e-02,2.793817981620467508e-04,3.301008652128718095e-15,3.959548228034137640e-02,3.011077294141546647e-03,3.121975176376204017e-02
2.195152809415767264e-02,4.462564084613726534e-04,2.832061863539533831e-17,3.896582764465493509e-02,2.540751349572621231e-03,3.287303007472688193e-02
2.694600423173998394e-02,2.726585140893581101e-04,1.176320497408373324e-20,5.495129352966854341e-02,1.670063211404871705e-07,4.019690013599502149e-02
3.458541228222673791e-02,3.505400534568562797e-04,5.786353071074829863e-25,5.966148270248736174e-02,4.224147162843221392e-10,4.994595601351195513e-02
2.686057162218952188e-02,3.869441614628057455e-05,2.290678369428009006e-19,6.269359008093094987e-02,1.139246106308686598e-11,5.830996731817715550e-02
3.007953813263940929e-02,9.285397078872778022e-05,1.601613005441867004e-23,5.273591140798720295e-02,3.446331145025151731e-10,4.366163609494545794e-02
2.362414477477512223e-02,8.393043311349946951e-05,6.465241016564815116e-19,4.544167388126594403e-02,4.570622702754602654e-05,4.840178266210606872e-02
2.670675928285498255e-02,2.137692935951531186e-04,2.206989079262655795e-20,5.355045709633415862e-02,9.853615760284646247e-07,4.002063497153485194e-02
1.888317777940182185e-02,2.402731351042049126e-03,8.675841363200634046e-16,3.153309336941081259e-02,4.140585768337587576e-03,2.249575579635403749e-02
2.858189598660369410e-02,1.614569057517649590e-05,6.476813323664393381e-22,4.894752220242674229e-02,6.371494630430597093e-08,4.766095769206330629e-02
2.982973939791289456e-02,9.528360496437945644e-05,1.111293805311126203e-23,5.036823953461816439e-02,7.363231973502913016e-06,4.435504838381825604e-02
2.319095706824894632e-02,8.087443251674092956e-04,1.493133661547056689e-18,4.080214650760292938e-02,2.319338819470654310e-03,3.029986222594078377e-02
3.243425470151808238e-02,1.225447714019873018e-04,1.035643151362904616e-22,5.461673467134923327e-02,5.124171019727521425e-09,4.459827909835029081e-02
3.030406847846470186e-02,3.564742019947334016e-04,1.461907809410853069e-22,7.193489751278893396e-02,3.414607751874062235e-13,5.955875134444908042e-02
3.221237928589091443e-02,1.197345755078122663e-04,1.309486257881115085e-23,6.491859304038823109e-02,8.994814450026553652e-12,5.668758394568897130e-02
3.040992572971438004e-02,9.474035728403779521e-05,4.243381354864335083e-21,5.917061519327108943e-02,1.787580062343011256e-08,4.179185057787273422e-02
3.886968020421988773e-02,4.877110995748008989e-05,3.937315614364554805e-25,9.168583765642657202e-02,1.473122216274349194e-19,7.005802615783413012e-02
3.016968909381424063e-02,1.518398918685592782e-04,2.349254036558399612e-22,5.809288757785010388e-02,1.719502458730157721e-08,4.967075264072148139e-02
3.693033647490141791e-02,1.360513457536334933e-05,2.138953198510487472e-24,7.115593268598144339e-02,1.015163586335274264e-14,7.195216957018808757e-02
2.973971162020155878e-02,6.223624937567114631e-05,3.973519756421067382e-22,6.880888900245522855e-02,1.469655479343951945e-12,5.320771319993181786e-02
2.755268691659436969e-02,1.022102787475955748e-04,2.985908895692243912e-20,5.390878638854528643e-02,1.472465853357961311e-09,4.687813404033976117e-02
2.083086886289452558e-02,2.334048549056568465e-03,5.043014123612457891e-18,3.300476218495181080e-02,2.538475070524956641e-03,2.956760964816788559e-02
2.887165461649568790e-02,2.688841337119148001e-04,1.195689990943312405e-19,5.764885371858502472e-02,2.589535678185814578e-09,4.725471691229936322e-02
1.686830564953504738e-02,1.568763392062118810e-03,4.631567297611266454e-13,3.236467389126359423e-02,3.767622077904210845e-03,2.654510587045198072e-02
4.693915648419012127e-02,2.478195970092275159e-04,1.848285445726128473e-30,8.297904226357091795e-02,3.733380240078183970e-17,5.946776223056080002e-02
4.008382739253903149e-02,1.071047136967450504e-03,1.617848637357197792e-27,6.760950105375880537e-02,3.586561111960417175e-12,4.535448597650316993e-02
2.712856776054496655e-02,4.552435145248398670e-04,5.201608987163849300e-20,5.961760155439891490e-02,1.923001786683270927e-08,4.395493534589400841e-02
2.978176767541775710e-02,9.141267855433846221e-05,3.458346133796068014e-21,6.401346921081978170e-02,6.696021167941611337e-13,5.450792054500502165e-02
3.756560992721293124e-02,6.554015533713981108e-05,2.603336202649101877e-26,6.819398116131702992e-02,1.034841258307789871e-12,4.640406805122063855e-02
3.283730251369161579e-02,1.931481329233195965e-04,5.385400118287137012e-22,7.819392579416510614e-02,5.222085121360354847e-15,5.840005260956838279e-02
2.034890462461982560e-02,1.145673538693780169e-03,1.576206882360439262e-15,3.869630127886881932e-02,2.152878046829006815e-03,3.392016650735048267e-02
2.302493059769250214e-02,4.422647596299526828e-04,9.706899201691474729e-17,4.490023826454297290e-02,1.334989905453362645e-03,3.188496119301930526e-02
2.259028590768731928e-02,2.188742202064197816e-04,2.701604280766492522e-20,4.198168286071227856e-02,9.828476428084900480e-04,3.901027001093602259e-02
3.243236925145197291e-02,3.394958616797489985e-05,1.146963936495769354e-23,5.216428889581267714e-02,6.526767554858375677e-09,4.767054476948165420e-02
1.499221824899495820e-02,5.484753006364238327e-04,2.434624076142468409e-13,2.677112882886981821e-02,4.250550740029872959e-03,2.350051845441525691e-02
2.618705839343682396e-02,8.193248803433299905e-05,5.066772869735175229e-20,5.795304285136144290e-02,1.909821098338390053e-09,4.688406993338375267e-02
2.552451265875484848e-02,5.526979695300818663e-05,3.211727626601203631e-19,4.397452276438592461e-02,1.144491358869325183e-03,3.637149348752907047e-02
3.218047481267712756e-02,5.107531841778242441e-05,3.987631481970446127e-22,7.755518441023054321e-02,1.991329975464758547e-15,6.702038986268149534e-02
2.989144244525534372e-02,2.609278833572703515e-04,3.198424685599533431e-22,5.379949023336395159e-02,4.876265114693266384e-08,3.991112717564981871e-02
3.922980841928525031e-02,6.818831857430133588e-07,1.449241731484037720e-25,8.697179067364331495e-02,1.319036247711178722e-17,5.926354031023822744e-02
2.810114537065979204e-02,8.142836347858801473e-05,2.551541373212518019e-19,7.084253526180613048e-02,4.288916082101758363e-12,5.372882741347106972e-02
3.084540333323582476e-02,1.248923298322983377e-04,3.196031230357968316e-21,6.455639787488780257e-02,4.710725704068593264e-12,4.817453723508387242e-02
3.219709514184705690e-02,7.955851111305384401e-05,1.173617952810940065e-23,7.061531893172057206e-02,5.520733493383012874e-15,5.972100488884464486e-02
5.059450276143132724e-02,5.082598973124020621e-04,2.799280042809914735e-37,9.231536847887321373e-02,2.760104415793881251e-24,5.589925314515973437e-02
4.946358168958259194e-02,8.920402975190780360e-04,2.818500065857221357e-35,1.019038749158886481e-01,1.327394831147725177e-24,6.228002690707620109e-02
3.909527002909554683e-02,4.620534539192419724e-05,1.284596099347542116e-30,9.130739932696746441e-02,3.054233947719210253e-25,7.125122003036038487e-02
4.206490053017548914e-02,9.196962029837558463e-06,3.108718137401594369e-33,9.904643385967618063e-02,7.112651184459573963e-25,8.215044403155788433e-02
3.940683637874062978e-02,7.312907671054596657e-05,2.660940413056148395e-33,9.918876835387184510e-02,1.910108541043433135e-26,7.196806257046858835e-02
4.204494328714003526e-02,1.426377367169373228e-05,1.006796219661917492e-30,1.053660065696626763e-01,6.615093880288659854e-27,7.692825167445530021e-02
3.002051087259235626e-02,4.878614960694432917e-05,5.162332566356493415e-28,7.383604721117109637e-02,2.346996364417544336e-21,6.068007485287191249e-02
2.999091148231453410e-02,2.259153474836954713e-04,8.382831063461758311e-31,5.821882791093110215e-02,1.310902216515820297e-16,4.739320671360709031e-02
5.085131482240103779e-02,6.147973281985018388e-05,7.914620488034772543e-33,1.023218037876085368e-01,5.884725259823441555e-27,7.785193397646929248e-02
1.773513070760552104e-02,5.250842474445405412e-04,1.208541826664650211e-20,3.114965765633466790e-02,1.708910782909351615e-03,2.769034737859132900e-02
2.521065709684636516e-02,1.292557168036933928e-03,6.992914922944440806e-26,3.556556731823729695e-02,3.530991475396554622e-04,2.832086940555839094e-02
2.705844940578925467e-02,3.902835037534184317e-04,3.530873477617573057e-27,3.904442773525328841e-02,6.720967312545141206e-07,2.961066843590681730e-02
3.306625295401344200e-02,1.131062381836767669e-03,1.954793138018723989e-32,4.431144508658808184e-02,1.069083340768325040e-09,3.169930658602202606e-02
4.211228222157793744e-02,6.455930697827966984e-04,8.441299513059638264e-36,5.897701756063575967e-02,9.410410489745242219e-16,3.720448387562067666e-02
4.495551665578209621e-02,4.610555988786867502e-04,3.926681244104837304e-37,6.662765330470915570e-02,5.141907554666262454e-18,4.052443073058422524e-02
4.224146200725352462e-02,3.195244084588402225e-04,8.486666159680237848e-39,5.568219696383499423e-02,1.476128538096857933e-15,3.706599483115510796e-02
4.793950374972229256e-02,5.679029203902585940e-06,7.150921693218918470e-33,9.728429594927054391e-02,4.663110855655405653e-25,6.867016057926653150e-02
2.186969663527482330e-02,5.749809220971807298e-04,6.453205239720257300e-24,3.784730441632276621e-02,3.584595552661354764e-06,2.974576564651207691e-02
1.933738712237105528e-02,1.748668713849340197e-03,3.237806991185834827e-20,3.239377648174418534e-02,6.808021963032881776e-04,2.905787485636043138e-02
2.169362953354496762e-02,4.271828383476112385e-04,7.950294158258889365e-24,3.622373139680534759e-02,1.900672961098896953e-05,2.899313018815920934e-02
2.660523863738370465e-02,3.490573976661823750e-04,4.526794477058374679e-31,3.632672583535393601e-02,1.368108104273718317e-06,3.174688718590543829e-02
3.362347482414591859e-02,4.705596952181407113e-04,1.384905975651765412e-31,5.000171535045182247e-02,7.035554258539806056e-12,3.609007044798800967e-02
3.279264796613424321e-02,4.282039609455363526e-04,4.921665936595594299e-30,4.530355842482537004e-02,1.887366689042862910e-09,3.264579235992325773e-02
3.104449311966677588e-02,8.064723586910052013e-04,5.381511040151616589e-30,4.992038521734042111e-02,6.149816475058904597e-11,3.199002142953243089e-02
5.364189102468881060e-02,2.755105574657814798e-05,7.238282244565477333e-37,7.564593921669809928e-02,1.836711351385903218e-21,4.607969611833913348e-02
2.092596289984110722e-02,3.848344775523262107e-04,6.748888102581908065e-15,3.587046816599120946e-02,4.176685796383112527e-03,2.907385384092426445e-02
1.654983420527979254e-02,4.096783509313773990e-04,2.044541532967833154e-17,3.135116966357635176e-02,1.557067264503521169e-03,3.052987935360973459e-02
2.321141268286031761e-02,5.985634090255805310e-04,3.448607528611919554e-24,3.420251496118618256e-02,2.428694233800765708e-04,2.900150422812574832e-02
2.357179607522371864e-02,1.384496039903053768e-03,1.264885295772238839e-26,3.497980602720184018e-02,4.070478892605560958e-05,2.698345950684382516e-02
2.392459845393886397e-02,7.982547727126319218e-04,1.365897126771765662e-24,3.964629474001526294e-02,1.252357798668601095e-06,3.005602428128112749e-02
2.721659804842253144e-02,3.713393269156198360e-04,3.162243812678941037e-26,4.131646470244938751e-02,4.563615108051510489e-08,3.326737830051069295e-02
2.801655800304759039e-02,3.266671693021440761e-04,5.976358694305576083e-28,4.287191563896305957e-02,1.447680350138840836e-09,3.256859417736814033e-02
3.894482029169958615e-02,2.332241614645602027e-04,8.761006305751317093e-34,5.709271263090548443e-02,4.890671312965020498e-15,3.960890038371318173e-02
1.784520787938633640e-02,4.597450997171833274e-03,1.221254491571143905e-11,2.850816545345309302e-02,3.862875475368857982e-03,2.734904625847280751e-02
1.713476275525313910e-02,7.462944595093888665e-04,1.315529787928471004e-18,2.972068582576779805e-02,1.849282994713184487e-03,2.565545633257188332e-02
1.959019915928823102e-02,7.944135498867091905e-04,2.054878642867952564e-21,3.174983205339719505e-02,1.512099516052653123e-03,2.674400631483547439e-02
2.052424690477208657e-02,7.040954631985853500e-04,5.928893147793828830e-24,3.240541998968116816e-02,1.134754552997358163e-03,2.764995994591971581e-02
1.982443629488240058e-02,5.640445613933481317e-04,6.389464696178755617e-22,3.934346686899201778e-02,8.955037409408052710e-07,3.002407197209932058e-02
1.997221694633473030e-02,1.113713860321378842e-04,2.678979413868014351e-22,4.049477805641191891e-02,1.930087573017569664e-06,2.947253489800480755e-02
2.371812702796482347e-02,9.016217707804131476e-04,1.656983913155445301e-25,4.004482677914050770e-02,3.424865081863049797e-07,2.918555443267845453e-02
4.098080966886028659e-02,4.034372732542767701e-04,3.123355770467901953e-35,6.574102891447118624e-02,3.423539208263123665e-18,4.397339824601934760e-02
2.134149918525737877e-02,4.992496648841851471e-04,6.544264951316567169e-23,3.267895419818558911e-02,7.515421953295661154e-04,2.962020770578344120e-02
1.661764954518470463e-02,6.519119984833963597e-04,3.227786635743188237e-20,2.854423550578756227e-02,2.085943924161341029e-03,2.554396943151936508e-02
2.018416971121386044e-02,6.727729801590643472e-04,2.618126281249011197e-22,3.479481307821735703e-02,2.154400209896450372e-04,2.842627655730877931e-02
1.769570906406504537e-02,9.848404465363504948e-04,2.087229013204756959e-20,2.938254296039548644e-02,1.388418218670474944e-03,2.689688612649316843e-02
1.883199247798124018e-02,7.446078124214816456e-04,1.918504270076694063e-21,3.294589554065434356e-02,5.275265586745156703e-04,2.739981097613875330e-02
1.926961543539706945e-02,4.238918791596108047e-04,2.143688270583955501e-20,3.270300677528291400e-02,7.659192498852626521e-04,2.665034049052639534e-02
2.054237966771068485e-02,5.766107433158749671e-04,8.028816576163544128e-24,3.135856036273867997e-02,5.597286760598703089e-04,2.522110587371396637e-02
5.393932420759577767e-02,9.483088255105000741e-05,5.279331216040173383e-41,7.854972834049347985e-02,5.313520154739669681e-24,6.304536456698055236e-02
2.397566196733042290e-02,5.299277241111491717e-05,7.099261982987339888e-26,5.262430754306936243e-02,3.680711784545371061e-15,4.587100171107381941e-02
2.496504609261197827e-02,3.398706831946529065e-05,1.097455270428243807e-25,4.873346886247553050e-02,2.931554471588077501e-13,4.503188018350930827e-02
4.709328069492023372e-02,2.301428127730452031e-04,8.260441468916765260e-41,7.277615857517152897e-02,8.431495894935635207e-22,5.020113223091591387e-02
5.310127934453842680e-02,4.643574854935002055e-04,5.476938660830912624e-43,8.276515593663952286e-02,6.672091614389173786e-24,5.613386656034181216e-02
3.746871930798245653e-02,1.755049108368756413e-04,2.281972083358560274e-31,9.060063737057699740e-02,3.818765970403783824e-24,7.891561633665555853e-02
2.956599170342196978e-02,2.051525699660887542e-05,3.344818222010654984e-28,7.143616226711312078e-02,8.743513425385997477e-21,6.193566760893298717e-02
2.580987697690284577e-02,4.171958277939259470e-07,7.794792026007943188e-26,6.400847870269196771e-02,1.113133916655028476e-18,5.519692508078302001e-02
4.689176860642122607e-02,2.048798293142685043e-04,5.748682925137782303e-37,8.437468344382006991e-02,1.369730790999342675e-23,5.554540977369223226e-02
4.146486264738379751e-02,1.585105367720826184e-04,1.294297997224510646e-33,8.261339152810141806e-02,2.461583523145294142e-23,5.601867978385773050e-02
2.684075799200954723e-02,3.672997441532307436e-05,7.839340268535124269e-26,5.715897006329574009e-02,2.927433076600363066e-16,4.638287995245581052e-02
2.918684293980306974e-02,9.573084015926723687e-05,3.149020811644965941e-27,6.047711421978731183e-02,2.690110051287558494e-18,5.208349363354104755e-02
4.782052745010131195e-02,3.389199048718940740e-04,2.329923121295243919e-38,7.414886222899326473e-02,2.970915194670739316e-21,4.468333566830547110e-02
3.103296414129858710e-02,2.447062133107230598e-04,8.018220785441338421e-26,6.600048269841547743e-02,2.869467071956224667e-16,5.292771648455846939e-02
4.796784651920602688e-02,4.993157155828195203e-04,2.192608225790480386e-37,9.209865809931742919e-02,2.486390483585519514e-24,5.228777174175523734e-02
4.972142913594626568e-02,2.942610624690947100e-04,2.663502951709864626e-34,8.642742611149763221e-02,1.415878496491266412e-23,5.721157160963422084e-02
5.033424038971331949e-02,7.111175044496394649e-06,1.961955874335435281e-34,9.189994577356982997e-02,8.927472763614146683e-26,5.661529109668359677e-02
4.956081207280628453e-02,1.971521157136263966e-04,5.017964832573647431e-40,7.514491144249825505e-02,8.073802648293869553e-22,4.723254521499954672e-02
5.351367883679147147e-02,3.690654221473456354e-04,1.736830504066108225e-35,8.929540126029958391e-02,1.091720252138780910e-23,5.178962158328088289e-02
4.479678119423142341e-02,4.147528469341010869e-04,3.970522374693725110e-35,6.462109632775485391e-02,1.177190511486713842e-17,3.832528564537513588e-02
4.309616943006679829e-02,4.264493086503278125e-04,9.934270003310113260e-37,7.163989968262608754e-02,6.654939992699290062e-20,4.534783958064156351e-02
4.682039830593792695e-02,2.144461513293166447e-04,1.873388728574191303e-35,8.144614242633031742e-02,2.300400860275102843e-22,5.152672599164555972e-02
2.999827638633982899e-02,5.354818791224784461e-05,1.311707088367498860e-27,6.911182584224867531e-02,4.363761682999795072e-21,6.032120221308833602e-02
4.361921277900793897e-02,7.196256545697390103e-04,1.090695787930518890e-37,6.134794763653142469e-02,5.751817351314747414e-18,4.200270547371551949e-02
4.808736912874179981e-02,3.388631394143585955e-04,9.647462250316759846e-41,6.679781627881145600e-02,1.399177580309817375e-19,4.686173473440239517e-02
5.047079888369133960e-02,8.906050256781885405e-05,1.638589518586614296e-37,8.070009433254117515e-02,3.481481376970766361e-23,5.551688917826021197e-02
4.141416038685631629e-02,2.242926599278901255e-04,8.547308482396337665e-35,6.785491844588638355e-02,1.741238610551494272e-20,4.362018876941734652e-02
3.248983051900948549e-02,2.797209069344588060e-04,4.655870413657587777e-32,4.065843090046203367e-02,2.820613903429537292e-10,3.464832844383062410e-02
3.332112448750267075e-02,1.193291801956889727e-04,5.704926433777409684e-26,4.535301767992078181e-02,2.222189750554172214e-09,3.348009037712190022e-02
4.295309486620539630e-02,6.777825732422439664e-04,1.670143229258274609e-37,5.805258858102472358e-02,2.183935027071533407e-16,3.513737773428783628e-02
4.280567231258972788e-02,3.505011926497545176e-04,4.473074708928870910e-37,6.529415869906918246e-02,2.291374528269972829e-19,4.200253569676386939e-02
3.521701859611284929e-02,2.725902433171249837e-04,3.910638173348011389e-33,5.106147157397673136e-02,2.621772065076894951e-14,3.295942310199374836e-02
4.087974940248575301e-02,6.216229423532402057e-04,4.427528808313267080e-35,6.098371519277540759e-02,3.675440020440665092e-18,3.762800871210975756e-02
4.930866431185076948e-02,1.139921533176612627e-04,1.191203941711234516e-34,1.041576018113961055e-01,6.001359226651920733e-29,7.168658515837690592e-02
5.504733255523201751e-02,2.632040494547256432e-04,2.266546828086461202e-41,7.644219064742699410e-02,1.933311007222711128e-23,4.982962152522625587e-02
3.945997639103797361e-02,4.402438351597793252e-04,4.668854591877616492e-36,6.503040721551721359e-02,1.554533740827382872e-18,4.357995715176468665e-02
3.883233382537658318e-02,1.576905578325061424e-04,2.348891928686126443e-34,6.128484305584895597e-02,4.377015652713078967e-18,4.251106071750108267e-02
3.789643836094648555e-02,4.652037547337662857e-05,5.654223474356689826e-34,6.205724827310789282e-02,3.125434977729313608e-18,4.551075301286789526e-02
3.072102743275005945e-02,1.928528432303278778e-04,8.960044020224921750e-31,4.973944513614679541e-02,4.329745932293788617e-13,3.570826928425919339e-02
3.707749866907225633e-02,5.280137865810507558e-04,2.569346957705890492e-34,4.980266791816463645e-02,4.128217063317626711e-14,3.915220743090239153e-02
4.426907878225827542e-02,2.386975816417815949e-04,1.427091885529736939e-37,6.203388488348458157e-02,6.999139242336773757e-18,3.930632094505473462e-02
4.617089355790104932e-02,7.477004577368524503e-04,2.366968855322512012e-37,6.282681595185639345e-02,3.431010344498847387e-18,3.955245498505853552e-02
4.240685071618696678e-02,4.136718185073603093e-04,1.748882135407641085e-38,7.130060987506686709e-02,1.000540954973350662e-22,4.210701475028710145e-02
3.722772398129616661e-02,2.331843433059013889e-04,2.308879794938614864e-33,5.799301953454984171e-02,1.902670809864959975e-18,4.295840075549123283e-02
4.698392057706989727e-02,2.057399494254389801e-05,4.951481455759733841e-34,1.001131587273269008e-01,6.891502949757444202e-29,9.011425400615585835e-02
2.764335053510475967e-02,4.627672024495567350e-04,5.914725936989907468e-28,4.590610876535661938e-02,8.339849148304225385e-12,3.216657773259348763e-02
2.692409209857733049e-02,6.182108415971639256e-04,3.828844986265144190e-27,4.199428616959506588e-02,6.239070677338668981e-10,3.469931112092684150e-02
3.724737848170216192e-02,1.221353015739068469e-04,6.696600028886390846e-33,5.789369655331320919e-02,1.059700815064746763e-16,4.132757250638297020e-02
2.443989769990296060e-02,2.465431732983654591e-04,5.551329388703958708e-24,5.114571384179417840e-02,1.426462011671920629e-12,3.414014453913508801e-02
3.105280159357738309e-02,1.552812102686770151e-04,1.029722769753214382e-28,5.229483128348270254e-02,4.440834350566272310e-14,3.791243012863241418e-02
2.638705306429369943e-02,3.012149999425683153e-04,5.509929631129130299e-28,4.118590527666605300e-02,8.048042425016410024e-10,3.322406852665521493e-02
2.543532776587427782e-02,2.056174676903791884e-04,4.083987813068876083e-26,4.152574189153521861e-02,2.450987466537625061e-10,3.151434964603980898e-02
2.812922916582636865e-02,5.753322236103669985e-04,4.919909724105970189e-29,4.817630413202575457e-02,7.016240569887336916e-13,3.309042248421716070e-02
2.647522968926460316e-02,3.171938711054484187e-04,6.675903038431486022e-28,4.460049181195469004e-02,2.828278013674165395e-11,3.417476235537723894e-02
2.645085291744428066e-02,3.518052554482847686e-04,1.098179864605109182e-26,4.872977123519620785e-02,5.727809728438621158e-13,3.453056406097130410e-02
5.453602480239004568e-02,8.060268825710909955e-05,2.708525523741610110e-37,9.392204281763061324e-02,2.779150961257178765e-26,6.355454371234048327e-02
2.504327566197008664e-02,3.589480760666774722e-04,1.558872610129012599e-25,4.209490477743110109e-02,4.619926535671912051e-10,3.269674735641267538e-02
2.794054640897166222e-02,2.430903444513085457e-04,2.928096558065631947e-26,4.096151603382063716e-02,1.214879004466718665e-08,3.167569645423509717e-02
3.689872179970630356e-02,4.367309535412314085e-04,7.927044074266962168e-32,6.769401472224771676e-02,7.097730504122576041e-19,3.962695783025692309e-02
2.861323961064743057e-02,2.037174312966076551e-04,8.157618769873874719e-29,5.224068740663501825e-02,6.848550477121069973e-14,3.865358725132280598e-02
2.482356306461925427e-02,1.380891180242703280e-04,3.762267964354251913e-25,4.916326374743339861e-02,1.042083192615071813e-12,4.000141084757098675e-02
2.262136078133879930e-02,1.446865437048221485e-04,3.807445999275405537e-24,4.095442011778986646e-02,1.812039511522300650e-08,3.170722753238956748e-02
2.199219540627996711e-02,7.623186778177370527e-04,3.189724873046445717e-24,4.035958762393736243e-02,3.007941883517316427e-08,2.929270550677077339e-02
2.755157967089336482e-02,1.481753944947024858e-04,4.052803779677990277e-30,4.704924761986749304e-02,2.758307575499137059e-13,3.630109968568328432e-02
2.893861555707918573e-02,2.069785608341719052e-04,6.758998436444451625e-30,4.645125482257232707e-02,7.795401733755541257e-13,3.621050088206842488e-02
2.656854450891603728e-02,4.022915482584544112e-04,3.380022593690550170e-28,4.599944855532518695e-02,2.026148866621233082e-11,3.197747564385305941e-02
2.560712215338805178e-02,1.537355863153840044e-05,8.072799392020570777e-25,5.187262860414810356e-02,1.175341999763596706e-10,5.139085794655440242e-02
4.779304798872500981e-02,2.483930272756378760e-04,2.167167995430387793e-26,1.008076435788996250e-01,3.078888449013402634e-11,7.377242380014019385e-02
3.676080901022320269e-02,1.448433247787135484e-04,1.059588672632344937e-19,1.048443637358871111e-01,1.636749595435011507e-08,8.175984325921178963e-02
3.086497239736095410e-02,3.297602400889324730e-04,5.270585608747102633e-16,7.795359936628037945e-02,7.371580430763182909e-03,6.471778277700063198e-02
3.047463292103359811e-02,1.199856625098778606e-05,2.309365556928858300e-15,6.712874293401147052e-02,1.087024445389655862e-02,5.523420213673783247e-02
2.907571736933217341e-02,2.121123281495463319e-04,2.510842881745778535e-12,7.730120036419978191e-02,1.031590133097656792e-02,5.969355930373761859e-02
3.483996775697548176e-02,1.248039522876179198e-04,9.182045765840243905e-16,9.143149964184918432e-02,6.552761984005880079e-03,6.705237873713190688e-02
2.921185960603890977e-02,7.076012669124037767e-05,6.839470189430366547e-15,6.802257765278484081e-02,1.016105275746268660e-02,4.919143490019087239e-02
3.573202518054436477e-02,7.138653797777876040e-06,5.326173916006757466e-25,6.567927259133705953e-02,5.547373628107915728e-16,7.153378993963464827e-02
4.653450731816300562e-02,2.201317496939091491e-04,4.181516872726379750e-28,6.684325415844839802e-02,1.467276504579963773e-05,4.999519207961997808e-02
4.145574257636491788e-02,4.579535068370136405e-04,1.839872434101410966e-24,6.764430075159580391e-02,3.476130926268069642e-03,4.733293708736326794e-02
3.715188979209094883e-02,1.291536065405490949e-03,6.629693062402372087e-22,6.144606966346510823e-02,7.292952790326667940e-03,4.389395633252176493e-02
3.799860058325142675e-02,1.355414481710516409e-03,2.445440762400814263e-21,5.147856406993572831e-02,1.067940789059622364e-02,3.804571294864717013e-02
4.314077097778350883e-02,8.629749934975947069e-04,1.349033811157740906e-22,6.381101567529544327e-02,8.909541854396144100e-03,4.042018351895245581e-02
3.980147072959390464e-02,1.989037709198208763e-03,6.296541232786831487e-23,5.600407405567119079e-02,1.004853271180468702e-02,3.643133541465468084e-02
4.543481576527298726e-02,3.864004036223490446e-04,3.954775781182980457e-22,6.306946535646802687e-02,8.488503622446729249e-03,4.054152893518234158e-02
2.980256051614810914e-02,1.790753821400507795e-04,1.028605556509178261e-23,6.144898851044404420e-02,9.699455626569031820e-13,5.546195356186208597e-02
4.029603049778381768e-02,7.490149258909832358e-04,7.715889440620804249e-27,6.682746979789974673e-02,3.125210048702992306e-05,4.244433099802060599e-02
2.244484048579357960e-02,5.710773783293947433e-04,2.082011502421496318e-15,4.597386575158381172e-02,7.146035572598643214e-03,3.712375209789049030e-02
3.302737168120300354e-02,8.460210362852755347e-04,1.006235995262068036e-20,4.693761969255949573e-02,8.404952616906061214e-03,3.524036867872936546e-02
3.363572829054704144e-02,5.448381049789608577e-05,3.937431276385654173e-22,4.724879056786855658e-02,9.696086680114155559e-03,3.791877673420297745e-02
3.159364530497109358e-02,5.754002182641895996e-04,5.436747591277125931e-18,5.360233795477360036e-02,9.189728990641370457e-03,3.609800656513021538e-02
3.486774506608954216e-02,5.575977393911021179e-04,1.169858407142437567e-20,5.155559679725867095e-02,9.290952589840608539e-03,3.862593844201116927e-02
3.681497457572084631e-02,9.047325565006285623e-04,8.001438949788972103e-22,5.529181580081385383e-02,8.490989041518877747e-03,3.834572122431233188e-02
4.026989228326438575e-02,1.069467714777145591e-04,1.599297272337450212e-26,9.500802792314075318e-02,4.743325996231557804e-21,7.914075495015525374e-02
3.395040787717249625e-02,6.676602420861287458e-04,2.988008792300153746e-24,6.321241894648170490e-02,4.661257483182631089e-04,4.317797072838604894e-02
2.446904614084007695e-02,1.331972949962182979e-03,6.688860481430829896e-17,5.001984223052574619e-02,6.152949191134867921e-03,3.648733054211878574e-02
2.640594521055999316e-02,1.708945207330330113e-03,2.518092011469661703e-17,4.504674810486224840e-02,8.017891401745889240e-03,3.391476574923322357e-02
3.004707727510153373e-02,2.065552930320437887e-03,1.662648343118584791e-18,4.931687505850607112e-02,8.452049592869367856e-03,3.417988909962760974e-02
3.143527808010343483e-02,1.239130738292802507e-03,1.587812640661090632e-18,5.212121618852696980e-02,8.425633603827619930e-03,3.788324734940076710e-02
3.564841867757922306e-02,7.961752883957497586e-04,2.188740704983813735e-19,5.826556351091693314e-02,8.419345750617413665e-03,3.869156049734642777e-02
4.784123735647061865e-02,6.641593258066586652e-04,1.060369565514958999e-24,6.886323612235624447e-02,6.479943775064056499e-03,4.165878676067532455e-02
2.901745141696888616e-02,3.905800686656662563e-05,8.302538239595469813e-21,6.887689452935021051e-02,3.551361814984587783e-16,6.602643210875469570e-02
3.240168550453731422e-02,7.730852951199680299e-04,1.179766914749922659e-20,6.490491645959331479e-02,1.178796429347545548e-03,4.432433395228851936e-02
2.201503450333135506e-02,1.706493073647142049e-04,1.965331277185902818e-14,4.530591101948970578e-02,7.719809357771298917e-03,3.665715030117237122e-02
2.468066370726045358e-02,7.275413502632209397e-04,4.295418447914065767e-16,4.254309378216841048e-02,8.796339408012538927e-03,3.450390165990410013e-02
2.325403758594127637e-02,4.007470510644680468e-04,3.692540263236122371e-13,4.563531873558018814e-02,9.572143968809170012e-03,3.287455466334063270e-02
2.447719910094714804e-02,1.482116600120860243e-03,1.115323300618420273e-14,4.641061278145380137e-02,8.741596131075585197e-03,3.199967464794100519e-02
2.309531462167633067e-02,1.355424456139943509e-04,4.829710305952803862e-13,5.292881276516315375e-02,8.463274373772183140e-03,3.372691981087883734e-02
3.135632539310736350e-02,6.167678327716724206e-04,1.497978828720761777e-18,5.814334742757791552e-02,7.830922489730419989e-03,3.582548207510193039e-02
5.417309777028457562e-02,1.956827770122060157e-04,4.778881062150035885e-35,1.017620117005728353e-01,3.550863383645308883e-22,6.596007282178216469e-02
4.145639288750702783e-02,8.962159347102213703e-05,7.499068562683244119e-26,7.528692586084076432e-02,3.894516527829666512e-07,4.828341338935054211e-02
3.040576767064678484e-02,7.359830370396462564e-04,4.524541696646036262e-20,6.043356887821293988e-02,5.521070848879109684e-03,4.132892596043165334e-02
2.283346419745439435e-02,8.771899718453213474e-04,2.407476156690778640e-14,5.283844998904218410e-02,7.909851615638053418e-03,3.799089056336319575e-02
2.294156735729729543e-02,1.289676538687683669e-03,2.062923590974060978e-14,4.226187797466723212e-02,9.371159972592392473e-03,3.514417971453542150e-02
2.374804841938491992e-02,2.242610768948623712e-04,2.246829411121929787e-15,4.602015062817819968e-02,8.478254076914028270e-03,3.302665409939369023e-02
2.431677656537991825e-02,6.225163804547009880e-04,3.853847069331945877e-15,4.424334081058946960e-02,9.271694184433741312e-03,3.350223543508396018e-02
2.555941902730906115e-02,1.138953378908384977e-03,1.847260795550387681e-15,5.001708956454965077e-02,8.718248118191614104e-03,3.242146944782096918e-02
4.890264209608073676e-02,4.505292671482376363e-04,3.454185354740590486e-22,1.060307638167765076e-01,2.937853126769054382e-04,6.558880368416385165e-02
2.435595346931957242e-02,5.393023048945299464e-04,5.636619889413701875e-10,6.445454652084972591e-02,1.704430139763213337e-02,4.301728322945799765e-02
2.340401138204362477e-02,7.442321677660619465e-03,1.502325440326514322e-10,5.148435373754641636e-02,1.714330945407997048e-02,3.822575205990440261e-02
3.191580810970826021e-02,3.685478113361521186e-05,5.562152880621200492e-13,8.479493606879329182e-02,7.649355449420029013e-03,7.216087783405730760e-02
2.670791025205131869e-02,6.012163512319727713e-04,6.205009970040005951e-13,6.961356016784626954e-02,1.153930051566930820e-02,5.553158841257096329e-02
2.710248762367648348e-02,4.715619982752291027e-05,5.338802496406239976e-12,7.242437050937444720e-02,1.210702335771776314e-02,5.264599937581549566e-02
2.548779196762545121e-02,1.173710990592154862e-03,2.687364252750612625e-12,6.737189510025114181e-02,1.162570687490896947e-02,4.824187317857876051e-02
2.847628376495496896e-02,1.649232630853049528e-03,5.300960384323332142e-14,7.062954568712473402e-02,1.041227175860529389e-02,5.243398759210921717e-02
3.170626944793044494e-02,2.737364529966953403e-04,4.058698272291365399e-15,7.466582098707406911e-02,8.927551007854660214e-03,5.846278676188239320e-02
2.795039589166231978e-02,8.913962065333697537e-04,5.868305307471047205e-13,7.056590381100956433e-02,1.233902986835905269e-02,5.256596229093560280e-02
2.325509802087567454e-02,6.088333033205550748e-03,1.040295253145759134e-10,5.593308604052490973e-02,1.507868050770726047e-02,4.066608963114001080e-02
5.888074412404865204e-02,4.300723657506380399e-04,2.483019685615001619e-24,1.123067084695686668e-01,1.344976856559784746e-06,6.598863058998116760e-02
4.749959541499092219e-02,1.353736493241397077e-03,2.643988582062999579e-22,8.455782038425065095e-02,1.150087540922620916e-02,4.852867977965810015e-02
4.651602520205640884e-02,3.295970235013633617e-03,3.300681245415599131e-22,7.354487664532821656e-02,1.202506364858853087e-02,4.152756035881410152e-02
1.562188981826616134e-02,1.737306031597708701e-03,4.449492214617105032e-08,3.840228225349387459e-02,1.239195282639869028e-02,3.038780055784407949e-02
2.094003401463506719e-02,8.931380143797893779e-04,6.403250258648138111e-13,4.552467871913854630e-02,1.212213355033497052e-02,3.293679751135120126e-02
2.478145167018121209e-02,2.326298974596852087e-03,1.846273068738646282e-14,4.701146389077782983e-02,1.204993137971473866e-02,3.482552275099769917e-02
2.785113383036890225e-02,2.263862328251170768e-03,6.083263589518800691e-18,4.795301196062532606e-02,1.156747997875812867e-02,3.369631617627642794e-02
3.982882312467446451e-02,1.053723131396261392e-03,1.028906749210674923e-21,6.081454383413373993e-02,9.457303528895283709e-03,4.380334311856790008e-02
4.312912757720299695e-02,9.245026065160246928e-04,1.583691546598908803e-23,7.324269590658601115e-02,7.881131942883300504e-03,4.580779254751202179e-02
4.516405203943068408e-02,1.822988285418581343e-03,2.211597899411616067e-20,6.765656106298227612e-02,1.009552324976653939e-02,4.767331649118891623e-02
5.627693993660794203e-02,4.580612519275085895e-04,8.718695296511204316e-24,9.481947343858111721e-02,7.170198746889427932e-03,5.724280594469589173e-02
5.117753262752453708e-02,7.498452345684965313e-04,1.041007812338975111e-26,7.958205716810760888e-02,4.603648911915292526e-03,5.175284232576963378e-02
2.816166285144889800e-02,9.631471123278332810e-03,1.041571476710281181e-14,4.488286963071444480e-02,1.562070819654589118e-02,3.412635160713676369e-02
3.855386930963294184e-02,3.067791976326161244e-03,1.348758650854526192e-19,6.200104364448041222e-02,1.358743232355329005e-02,3.763886446203960207e-02
2.103020722247785773e-02,2.426123148400979087e-03,9.177157549119233436e-12,4.533595967889669093e-02,9.833747084517358711e-03,3.185109550925627891e-02
1.672523728891107953e-02,2.116316801904349811e-03,3.165505364918845819e-09,4.122853489538381294e-02,1.196000969029012602e-02,3.341288656758773651e-02
2.190263277979733608e-02,2.560519730170112557e-03,1.104369645551266629e-12,4.454096331743474801e-02,1.135090384411388889e-02,3.314010699702621410e-02
2.201463355510417663e-02,2.196921007860616355e-03,1.183250377093257166e-11,4.457224818224105045e-02,1.118504079155783690e-02,3.251499038748163761e-02
2.791457387028579984e-02,5.394309073945791023e-04,2.105894911432336217e-15,5.211805231062731358e-02,1.070987512865441763e-02,3.975984865576862037e-02
2.948914551825488131e-02,4.779564544851253450e-04,1.630500794162801962e-16,5.782773231644110223e-02,1.028253406986231674e-02,3.647821578331345016e-02
3.308466034213640439e-02,1.519937404150115134e-03,1.305188278447662911e-18,5.756117039140428576e-02,1.072672829660695215e-02,3.884575863170165733e-02
3.104893865900833216e-02,3.930616946643736113e-03,4.643261822085731773e-17,6.250477696027136043e-02,1.108780411801277808e-02,4.159613538105580433e-02
4.659441603428477602e-02,1.145827543995287705e-03,1.187027599057567271e-25,6.063761785245025404e-02,7.149017744784874097e-03,4.270421736614560954e-02
2.442375571299448822e-02,2.322152555313659493e-04,4.481925457099316448e-13,5.549922761957210710e-02,1.406794206541977892e-02,3.694711799463830382e-02
3.270836754145334258e-02,1.992488032159226395e-03,4.258332828654544919e-17,6.075762999467795161e-02,1.290760832477758774e-02,3.864873262580669627e-02
1.645484594797822983e-02,3.679147445157392084e-04,5.073008066880519440e-10,3.825556488157060009e-02,1.098051779094156612e-02,3.016140054562803721e-02
1.560281709627768347e-02,2.396932531537524988e-03,1.492819253781663616e-08,3.607865762909490820e-02,1.155400350546560012e-02,3.126821428528614444e-02
2.176521134859523560e-02,1.502415787347099844e-03,3.043743150241181728e-13,4.323677460754098839e-02,1.099703674351342614e-02,3.242676890600201117e-02
2.186507929729418487e-02,4.063342597322753061e-03,1.204459857677498175e-13,4.046082212458185223e-02,1.045990291259898432e-02,3.033596890981829150e-02
2.222391158453876706e-02,6.046663926286644040e-04,2.763112651090365353e-13,4.692102529761416063e-02,1.108181056766933785e-02,3.381438278796966568e-02
2.480353981028754831e-02,2.007165545496527714e-03,7.907812192511847000e-14,5.137086974771335607e-02,1.000551997734832471e-02,3.558965217404815723e-02
3.004254470930768292e-02,1.455623931898784992e-03,2.805440624300620349e-16,5.516882724816328520e-02,1.052104696586991794e-02,3.854758508134242811e-02
3.450856434536715006e-02,9.161953449316001747e-04,2.658898634309786520e-17,6.829107729340079536e-02,1.013953085248975663e-02,4.941448673084376797e-02
1.995858213052866675e-02,3.803401854322467895e-03,1.213411129931451097e-10,4.130896141535671251e-02,1.060300316831973462e-02,3.229745093797344729e-02
1.915537488675199407e-02,4.819851617956462907e-03,1.921385396653183713e-09,3.689440582585764433e-02,1.385266206517078540e-02,3.262149880560635123e-02
2.316205826684251956e-02,6.068174550101695930e-03,1.131621980897051374e-13,3.970729325518089492e-02,1.397017788445767579e-02,3.162346205960816364e-02
2.945722477620845575e-02,3.717415821012414259e-03,1.142108110371015128e-14,5.531991538663659502e-02,1.152860684938661687e-02,3.834010187723809610e-02
1.656328951690760887e-02,4.299225029299358239e-04,5.318024011455597459e-10,3.654530087581401437e-02,1.103852773176558152e-02,2.904808944431861231e-02
1.895023493227679379e-02,5.479410145818126333e-03,2.336629413828839779e-12,3.615035266218120241e-02,1.076359298104269391e-02,2.865199004747259054e-02
1.670723883514988253e-02,2.419053609224409204e-03,5.119694191308302958e-10,3.596056373302048553e-02,1.093724447418771041e-02,3.069499385838769800e-02
1.841910631014793617e-02,2.772098032992698600e-03,2.859834107584074479e-11,3.933013881687822538e-02,1.085813034019908301e-02,3.225559536898896240e-02
1.905540600736545936e-02,7.912254983722142665e-04,1.521870071780505276e-11,3.853884366967796210e-02,1.136425120867302907e-02,3.293160320055198848e-02
2.127049396922381028e-02,9.841306668958210626e-04,2.990158708957873190e-12,4.607119484485763111e-02,1.127266992085646825e-02,3.340362152967865650e-02
2.021036845042294139e-02,4.636451383373664178e-03,3.902139424252725683e-11,4.299839252225582525e-02,1.168256333057252939e-02,3.279567928041720454e-02
2.954937242484895546e-02,3.889962644706142594e-04,6.124529595492489532e-18,6.068204082158907414e-02,7.069795434018563522e-03,4.624913820646486817e-02
1.826468410681235041e-02,4.933971744468837808e-03,1.978491686550520506e-09,3.734371564282835954e-02,1.315443854433225729e-02,3.052134598272253016e-02
1.778670906817246891e-02,1.125948331773389890e-02,2.942203526777178542e-10,2.861398606932904695e-02,1.337595076944809655e-02,2.866424643569893266e-02
1.777085045998662641e-02,2.216376011410621082e-03,2.791645652798783250e-11,3.499733142503009403e-02,1.010223159901576032e-02,2.948020404798032054e-02
1.479539544237619582e-02,3.002692876447667861e-03,1.953462359814040370e-08,3.243018338316315530e-02,1.046748936413424182e-02,2.846452256751475646e-02
1.732995771632069373e-02,4.589550058557725909e-03,7.213481540247457054e-11,3.422774363008360826e-02,1.066708021509397454e-02,2.825103719960478724e-02
1.573310762801748489e-02,2.227252911614889357e-03,1.813337427612979464e-09,3.361393076507739747e-02,9.856515211831454876e-03,2.793094815297992445e-02
1.829093856979743804e-02,2.203087131730405504e-03,9.274534569535931114e-12,3.843839183354739314e-02,1.047202294506362034e-02,3.076694254623798738e-02
1.793915320623336307e-02,2.129582291015967490e-03,1.193948591529617714e-11,3.812216009628310864e-02,1.040116991475982869e-02,3.044543649945830044e-02
2.009764011027258962e-02,1.978170630822508394e-03,1.616464472577084910e-12,3.842904260105964309e-02,1.093760689354694726e-02,3.049587738542599777e-02
1.973836984865051658e-02,6.407461668999088478e-03,3.284220940905491566e-11,4.096541698422815486e-02,1.175868751757737189e-02,3.339504852886998609e-02
3.379644518588808405e-02,2.218156541480349102e-04,1.098550137666360546e-28,6.762733484756869307e-02,5.721393742990296167e-16,5.398337194409832951e-02
5.909325454086410828e-02,3.904547282052381199e-04,6.844776125718224430e-31,1.048236640058389790e-01,8.061056257919920485e-15,6.385758771716940063e-02
3.598970238622282991e-02,4.950954812701830778e-04,7.560398271594876687e-20,1.042874962697380309e-01,1.365644446465199732e-07,6.881879480356016543e-02
1.475767588602754955e-02,6.190942892681836930e-03,3.829518643315838651e-09,2.104827426749323466e-02,1.413993556747181538e-02,2.047115465500188095e-02
2.447774745953920639e-02,1.443578877506719463e-03,4.269287603322142431e-12,6.306642529543458886e-02,9.949115836007976083e-03,4.781604112685653579e-02
1.975556638065251169e-02,5.687554624680140128e-03,5.020230042028324581e-11,3.512676296614554439e-02,1.334438527675679831e-02,2.533444699236024958e-02
4.373322673074673400e-02,5.213370961915240109e-04,3.410585558471621913e-21,8.404920153949158035e-02,6.318962618878233399e-03,5.726687574105532308e-02
2.735615629895648410e-02,5.754666017798110503e-04,4.006021286089836552e-14,6.180535920133048422e-02,9.567074221766830658e-03,4.395035539387399937e-02
3.219053579905867268e-02,3.676305567579805819e-05,6.573648151432595495e-25,8.178154655120999095e-02,2.681474377508702259e-20,6.921406271661732779e-02
2.478076279614911670e-02,1.499594584322626236e-03,1.555152365045966782e-16,3.661957602124607525e-02,6.668891703346474520e-03,2.682980124794515780e-02
2.867262610144948737e-02,2.218279106791382245e-03,7.779583370926484272e-16,6.919419971884546716e-02,5.027114447666090891e-03,4.530920270125262522e-02
3.527936448804430691e-02,3.855493394630306607e-04,3.412326816954658439e-16,7.731038516116910120e-02,6.865196042829141768e-03,5.773363500517086216e-02
3.497665039262458364e-02,1.931775935664623359e-04,6.256828887316488225e-15,9.234912762444469347e-02,5.705667176567933221e-03,6.803909746293519689e-02
3.075522691965215313e-02,3.224505990815009372e-04,5.440668020033889270e-13,8.807189881752611194e-02,6.760336089879157538e-03,6.186542168981945533e-02
2.250194397908751240e-02,7.529855450388983065e-04,1.667771982245554862e-10,4.749359947075869337e-02,1.260703809960083029e-02,3.310506862832165997e-02
3.093682216691015854e-02,1.064112805019119215e-04,5.940585385908634755e-13,7.618534852952416059e-02,6.248026440177576087e-03,7.013636214847011885e-02
2.653961992373382595e-02,3.029252087318626496e-05,2.554879339453732336e-22,7.097198369362463233e-02,1.305819750128911200e-17,6.217783045822265764e-02
3.279556480413003960e-02,6.473990118850064335e-04,9.507681060481239820e-19,5.586148972016208997e-02,4.023565054830309344e-03,3.685595956222088160e-02
4.754972447656886925e-02,4.750004288832725911e-04,1.321127051139150489e-22,9.715324827103827277e-02,3.351017012194422609e-07,7.128106212328465252e-02
4.705105501323416511e-02,8.540486546569183487e-04,3.316965069656583553e-26,7.114605503893363381e-02,5.765410151485546655e-03,4.297404104982689016e-02
4.722960985680913631e-02,5.894538394970462968e-04,1.824716253858748052e-23,8.714764513628692200e-02,2.103748362499885480e-03,5.450588152097945310e-02
4.811255731653824030e-02,9.658204003895525056e-04,5.258773986709797511e-25,8.166080707229894653e-02,1.580025827567154654e-03,4.896701732254483269e-02
5.139701358880580800e-02,3.712505331162396283e-04,1.085143920036336751e-24,7.065683759300997457e-02,6.719528154377210453e-03,4.559584382382345091e-02
3.898681535840801266e-02,1.211152865311249934e-04,3.220195605180966893e-19,5.592166596748770341e-02,9.132531220246422818e-03,3.613326347725396431e-02
2.513662275904146592e-02,1.131467553458366309e-03,4.620968992702696643e-21,3.776897717805090954e-02,2.318830514726692715e-03,2.540107897706672321e-02
5.165760413696846715e-02,7.291176499964311828e-04,2.270892053485409278e-27,8.605524584048111769e-02,3.042299677623851261e-09,4.813448014711218387e-02
5.356758618477677064e-02,4.195516619742792612e-04,2.250709319144547129e-24,1.102995562295802506e-01,1.394807319296066474e-10,8.115088496331766821e-02
5.894994185745064397e-02,5.707033528916946943e-04,3.009142922875973713e-27,1.024893504421078988e-01,1.616972792875087654e-07,6.973047897400469486e-02
4.712826780272646315e-02,2.609883522956412023e-03,1.506194002514926118e-23,8.224979948576849331e-02,4.979651185848102402e-03,5.015149191339501183e-02
4.771263169137319321e-02,4.420290089603083855e-04,7.571624503875599231e-25,7.397888767006383093e-02,6.296029614886618914e-03,4.706946852105002577e-02
4.668218865273581625e-02,9.887951454381461135e-04,4.041190707704218176e-26,7.427041286841362666e-02,5.533151005468031451e-03,4.191162094284247436e-02
3.690604998769432543e-02,7.312516015699681380e-04,1.688438660258986266e-19,6.708185296226183703e-02,6.840546557683865533e-03,4.087821328211263538e-02
2.268129619011114914e-02,1.001568958702707922e-03,2.091301143917686297e-18,3.959074303707798420e-02,1.481423427272020657e-03,2.638851044935803386e-02
5.113089438887337412e-02,1.156586777473945929e-03,1.127386066497844066e-29,8.224884363874732096e-02,3.143934307784270675e-10,5.144413241204173065e-02
3.003212501858005742e-02,4.185745466367062420e-03,4.371108750062937999e-19,6.167797954385567660e-02,4.250669916262939975e-03,4.126460448310267926e-02
5.474667473157700248e-02,5.953726335861702279e-04,7.076064691105618664e-26,1.051763405613095892e-01,8.677125503204225762e-07,6.062293411303897039e-02
3.067963469827969525e-02,1.050364264839284863e-03,2.705585820597090127e-17,5.942904339476209191e-02,8.414680762763047939e-03,3.900506289739841953e-02
3.365442387110198497e-02,8.408492325959270692e-04,1.523185942130022244e-19,5.586418155945058195e-02,8.342369175849273163e-03,3.845213295555703625e-02
3.349427834229438961e-02,9.451448578606547754e-04,4.858478828570390898e-19,6.308744347238877392e-02,7.155154848163944835e-03,3.744241555008606670e-02
2.782183620517118469e-02,4.139691370600731232e-04,5.838066760834013739e-16,5.345047624678643527e-02,8.615306078883265897e-03,3.774323732890438182e-02
3.338992765615336061e-02,1.083845571789373582e-04,5.026501751874651800e-24,7.051075256643622724e-02,1.061790385658019344e-14,5.327171307932931227e-02
2.377112068699361105e-02,3.934616142426611458e-03,1.657238445742703314e-13,3.799444884459948074e-02,5.971467702450950973e-03,2.819339328399856140e-02
4.202852113765490755e-02,1.121787060676099086e-03,8.611905177246961068e-25,6.842809650290444801e-02,4.208609309159654782e-03,4.309881801116338673e-02
4.146453893982066097e-02,1.304961094427555283e-03,2.100152609002712256e-19,7.739485437491457065e-02,6.556253571364242111e-03,4.970583887207152829e-02
3.249082725545719696e-02,1.121859985314897388e-03,1.214855983873978974e-16,6.191643108104390170e-02,8.177305950419334543e-03,3.972511932094457271e-02
2.995911379617461831e-02,3.662664594224349568e-04,3.922571159470506177e-17,6.225256105926381400e-02,7.032115412692764751e-03,4.362293239838767323e-02
3.276009095451701270e-02,1.508336915516901751e-03,1.654490840002428476e-19,5.567419295256962469e-02,7.676067592991493542e-03,3.791535555010316916e-02
2.814271511698537495e-02,4.393405073623673205e-04,9.121764459437456214e-18,5.111434583379660668e-02,8.222376828808716093e-03,3.239142810727642374e-02
2.738992315322786447e-02,2.384893434405814180e-03,2.852016665012308449e-19,5.694879449465193449e-02,7.945012926212739746e-03,3.635651718315979081e-02
3.913177506413453161e-02,3.749984258079279019e-04,2.466626997468794395e-15,1.052952119673224302e-01,8.029218884977351242e-03,6.914645743430200553e-02
2.752724820780084666e-02,1.520482544617935685e-03,5.049193799668951240e-11,7.359078683572484181e-02,1.642478530218574595e-02,4.996430894933179961e-02
3.104416143836837005e-02,1.474888723852040961e-03,5.768408152468283035e-19,5.553906354702803361e-02,9.536889163137007158e-03,4.329652014908941943e-02
3.858538527159276893e-02,2.285901878797725467e-03,3.506313345483337962e-22,6.952550269924837045e-02,8.744487741029973935e-03,4.375552941935679369e-02
4.841882193521253319e-02,2.673696112587983786e-03,3.027044821448815462e-22,9.630554308398493746e-02,4.228338928921679916e-03,5.576913078909492838e-02
5.560717279057637158e-02,7.787303366577175926e-04,7.010352744006868887e-28,1.052968796883326369e-01,1.044729935643121349e-04,6.007236937802266918e-02
5.294946726901384598e-02,1.029164137290154235e-03,3.117930813532517671e-25,1.035468531334679254e-01,6.539439890092828191e-04,5.720423530568259640e-02
4.633970075400153238e-02,6.787325829778241429e-04,1.037763800332140192e-23,1.036003778665431363e-01,1.478025636692235391e-04,6.284683290889500618e-02
3.955802052609908720e-02,5.906957137668523939e-04,2.019004959351796855e-16,1.064795191897527776e-01,6.357020906324605328e-03,7.151171582029430818e-02
3.021447128225291864e-02,1.096819695184582605e-03,3.132191131860477116e-13,8.250958082555952255e-02,1.114286699277735986e-02,5.904489320579718592e-02
3.073333744709704982e-02,7.554860050308153741e-04,8.644210534169842024e-19,5.970439419136273906e-02,8.139699726129339188e-03,4.072180695148407137e-02
3.317129391116841602e-02,1.031003195833010352e-02,3.768990485221669072e-17,4.465104927698491932e-02,1.339888506918824294e-02,3.406179321703385610e-02
3.615268683649039416e-02,5.862456879324413894e-03,1.130753670196844068e-17,5.621481697612951828e-02,1.585683767860168736e-02,3.562408143212746070e-02
1.968366273399557720e-02,3.299841539854663549e-03,2.967859615687475883e-12,3.898621756026172253e-02,1.039661025645820941e-02,3.043648562438217020e-02
2.659566350408116425e-02,2.962413703623902311e-03,2.621566393727132514e-17,3.968785452583190737e-02,1.159309686692409046e-02,3.095220575322150947e-02
2.684335480882905564e-02,1.318633078337704857e-03,8.177369290353151256e-17,4.734058699464600839e-02,1.070226834841892481e-02,3.413990951344954977e-02
2.947600578083339057e-02,2.637468704950469978e-03,6.071979989674979508e-17,4.796204254098498931e-02,1.060518364522732536e-02,3.475000526700393333e-02
3.268794444410268868e-02,2.657765079528931484e-03,1.163453361275412462e-18,5.720711687075465124e-02,9.833176502424068391e-03,3.760340774867054064e-02
3.350120017951475904e-02,3.004587867314994099e-03,8.715221711725311159e-20,5.249511923013548687e-02,9.079590920479298916e-03,3.389329408041321517e-02
3.475949997968769828e-02,3.558088450922200236e-03,1.638288921590503295e-17,5.383352296768453144e-02,1.385002722952834338e-02,3.598830562125233251e-02
4.133831083200503048e-02,1.616883705532257782e-03,6.613681728957877149e-22,6.480765160886109433e-02,1.242153218181952373e-02,4.402052351780855882e-02
2.827729788538604211e-02,1.907065838508293287e-03,3.467017827803153677e-17,5.802412142167709397e-02,8.158009842565728045e-03,4.134108855505473634e-02
2.702082261128785357e-02,5.692239195320740464e-03,1.606577317168192340e-16,4.226573327572191729e-02,1.277946706145454206e-02,3.109067809523556949e-02
3.028638955237489272e-02,6.403286418643558409e-03,5.627931382761189549e-15,5.445449276044733722e-02,1.663185787815073258e-02,3.623239101583596716e-02
2.186022351016313550e-02,1.142341911831751874e-03,1.681026184643593116e-14,4.069467932025248869e-02,1.067726277294265592e-02,2.950683052362414183e-02
1.893069592306447640e-02,1.246083569280611193e-03,4.408858477694837331e-11,3.944582879407750736e-02,1.162060723621740135e-02,3.034982449003078772e-02
2.228853122089258579e-02,2.841241528041000674e-04,2.744326997561124975e-13,4.323268435996977660e-02,1.062349456904443032e-02,3.369647359934563324e-02
2.059271067924321394e-02,3.818336328011924779e-03,5.024585333380722493e-15,3.812449922086671994e-02,1.025389507794240672e-02,2.854788438646446019e-02
2.518657388384732548e-02,2.602286562694212067e-03,3.736447368397422841e-16,4.264695840279840444e-02,1.045107218801621246e-02,3.468668897010059038e-02
2.516880021708626375e-02,4.599407310586299535e-03,5.505404395960618880e-16,4.595232841783415678e-02,8.992697599011108961e-03,3.257188063574902037e-02
2.615571255609528203e-02,2.437671289518323573e-03,1.896754823308053482e-14,4.579953045241890591e-02,1.363616620043130688e-02,3.365989182913371736e-02
2.685369561442913985e-02,2.030529300659212038e-03,2.451902870788353254e-14,5.359433802315262396e-02,1.340123872460817836e-02,3.486569325432416211e-02
2.528523252196459778e-02,3.314133970839823820e-03,3.469712713129601608e-17,4.244615752289665478e-02,9.045122471583332338e-03,3.295933033795341027e-02
2.510626900409374668e-02,7.943236081148642713e-03,1.311436686467559586e-14,4.137370369980915286e-02,1.165931627797758309e-02,3.114160536289152514e-02
2.851036038202734574e-02,5.401879672728778989e-03,9.132361929981448754e-16,5.071111571037640459e-02,1.644195702622340202e-02,3.279005961958331855e-02
1.803032706535877272e-02,6.180383086387073073e-03,1.081203192847159325e-11,3.229376953601927752e-02,9.408365408357466028e-03,2.654671438283500232e-02
1.772627800784280089e-02,6.766441766679160905e-03,4.753306956221205924e-12,3.113768908399323215e-02,9.539987955457754354e-03,2.809774875465926441e-02
2.001524105059168321e-02,3.934300589462680874e-03,4.672799941069071293e-13,3.609206824576483702e-02,1.004123492790845104e-02,2.857269779737037219e-02
2.146168717287571387e-02,3.603819099616622969e-03,3.713482725416770568e-14,3.977488623240808818e-02,1.031648537751318068e-02,3.124431669097454956e-02
2.526851528310042339e-02,2.462470868092960386e-03,7.008035355017702855e-16,4.275826143573197013e-02,1.006733703348289093e-02,3.430322102091173248e-02
2.567332478307562602e-02,8.805802539875300658e-04,4.593735120960300906e-17,4.205458066187851840e-02,9.558436623004150021e-03,3.206032295989147407e-02
2.753025997551734536e-02,1.967067149199139015e-03,2.439018694041754268e-14,5.042307477038599633e-02,1.262830262806056807e-02,3.466511281369997338e-02
2.808469464007852870e-02,6.068992586328290223e-03,9.466317551376533101e-16,4.630863744548398969e-02,1.279753092891242408e-02,3.224214082583560376e-02
2.377412449896833604e-02,1.534528086057218924e-03,1.661932472277808234e-17,4.126056154567174505e-02,8.788826904223695502e-03,2.952426831097257343e-02
2.184255385091458598e-02,3.560528410165442713e-03,3.161900857090911691e-14,3.793303916483405785e-02,1.199895802642523927e-02,2.979414831107649042e-02
2.086850040322591956e-02,5.886076260398761216e-03,1.573584116154259821e-11,3.870544300898395851e-02,1.577333743622157808e-02,3.069773284847419903e-02
1.755993723176955956e-02,2.906427904322378755e-03,3.392775002069762958e-12,3.471437444434440078e-02,9.634707227401836244e-03,2.807947898975797843e-02
1.798050988568755670e-02,3.534125997914281964e-03,1.432970477071055209e-11,3.359477951767202847e-02,9.341827034574919780e-03,2.793913727721338697e-02
1.739803019564319445e-02,3.276115122139033713e-03,4.428153615970535956e-11,3.485729355189440964e-02,9.563313695817355492e-03,3.020685200616093219e-02
1.683020496324148796e-02,2.821538917056342494e-03,2.092480199051702007e-10,3.408904554396733483e-02,9.195755966413299981e-03,2.759549464416156256e-02
2.028201010559151085e-02,3.480870001169168552e-03,2.177390082401640298e-14,3.708217373654272564e-02,9.132692321623746279e-03,2.882532638636721781e-02
1.977188506483987598e-02,1.267002170367886394e-03,4.883378202123807866e-14,3.956465752737186453e-02,8.542989845016829911e-03,3.149002514736180119e-02
2.346446170770200013e-02,4.079634559795211439e-03,1.482013714007430200e-14,4.199376050709879155e-02,1.255571260232972268e-02,3.161126173316115145e-02
1.974099064448670005e-02,4.063247509458313943e-03,3.380037563594620556e-11,4.160121226563964075e-02,1.275990743806709390e-02,2.935284591401941465e-02
1.834064018042292146e-02,7.542448590947858130e-04,3.237303646731907583e-12,3.680323914879918279e-02,9.108915329742174952e-03,2.793215916609946559e-02
1.913867034541066880e-02,3.336511517662634450e-03,1.201065414011192364e-12,3.627258843995052884e-02,1.130268403704191328e-02,2.871247788811305199e-02
1.882645907766153717e-02,5.471275785924922634e-03,6.714129432595337436e-11,3.537282137530611825e-02,1.456399468255339426e-02,2.766181585046995420e-02
1.725897334330470795e-02,1.942416946132776486e-03,5.996013652320396009e-13,3.267833877622977612e-02,8.457449805425719738e-03,2.563317339656414479e-02
1.741730005491763308e-02,2.515420998002959770e-03,2.427507556201775255e-13,3.262010967367515168e-02,8.665843044689867589e-03,2.604633984190847171e-02
1.817794037272334184e-02,3.130129627850839185e-03,1.659691655778743296e-13,3.323617500882279641e-02,8.619075632188801656e-03,2.617994693536444817e-02
1.796776474941547824e-02,7.350171256907801851e-04,2.427627230798282816e-14,3.488493319824977762e-02,7.860160441929288019e-03,2.696734287645135772e-02
1.726461467642851494e-02,2.801342476119861920e-03,6.296030665542825041e-13,3.333059494467802836e-02,8.894229644086917505e-03,2.759173931862854770e-02
1.865197414633280870e-02,2.841743529468233019e-03,3.217120058195265016e-14,3.272969150144570266e-02,8.082334549523657527e-03,2.623522211396675866e-02
1.915910203978943294e-02,4.341078154476042152e-03,5.953946519998988501e-12,3.471466194607133321e-02,1.208589097642433566e-02,2.660571086922867978e-02
1.905890716445251751e-02,2.955202003286575962e-03,7.179336161573408866e-12,3.930860195345635411e-02,1.203456225111067257e-02,2.892427547100203181e-02
1.269783026923280468e-02,6.684194383269160622e-04,6.488890348656486040e-04,4.359189860427504365e-02,2.697521726594050498e-02,2.981613069730235446e-02
1.462122535334842849e-02,1.056516103824635400e-02,4.454257802346565584e-04,4.103708254374445474e-02,2.490372930531555701e-02,3.101861428231000861e-02
1.552317487869966928e-02,6.490182849905951762e-03,3.519538788618384035e-04,4.773172887615007715e-02,2.719946316282106577e-02,3.192097532437156160e-02
