sample_set,batch,replicate,sample_id,container_type,metadata_experiment,metadata_plate,metadata_well,legend_treatment_label,target,cohort,feature_set,model,config,y_true,y_pred,residual
MSStandards,4,1,A2,Plate,4,1,A2,Rha (1),rhamnose_gL,all_known,eem_interpretable,sklearn_plsr,"n_components=2,max_features=192",1,0.1613239,0.8386761
MSStandards,4,1,A6,Plate,4,1,A6,Glu (1),rhamnose_gL,all_known,eem_interpretable,sklearn_plsr,"n_components=2,max_features=192",0,0.035299521,-0.035299521
MSStandards,4,1,A8,Plate,4,1,A8,Glu (0.075),rhamnose_gL,all_known,eem_interpretable,sklearn_plsr,"n_components=2,max_features=192",0,0.093647078,-0.093647078
MSStandards,4,1,A9,Plate,4,1,A9,Glu (0.01),rhamnose_gL,all_known,eem_interpretable,sklearn_plsr,"n_components=2,max_features=192",0,0.051639996,-0.051639996
MSStandards,4,1,B11,Plate,4,1,B11,Rha-Xyl (0.01),rhamnose_gL,all_known,eem_interpretable,sklearn_plsr,"n_components=2,max_features=192",0.01,0.32220051,-0.31220051
MSStandards,4,1,C10,Plate,4,1,C10,Rha-Glu (0.01),rhamnose_gL,all_known,eem_interpretable,sklearn_plsr,"n_components=2,max_features=192",0.01,0.29832183,-0.28832183
MSStandards,4,1,C2,Plate,4,1,C2,Rha (0.75),rhamnose_gL,all_known,eem_interpretable,sklearn_plsr,"n_components=2,max_features=192",0.75,0.079500359,0.67049964
MSStandards,4,1,C6,Plate,4,1,C6,Glu (0.75),rhamnose_gL,all_known,eem_interpretable,sklearn_plsr,"n_components=2,max_features=192",0,0.3107675,-0.3107675
MSStandards,4,1,C7,Plate,4,1,C7,Glu (0.25),rhamnose_gL,all_known,eem_interpretable,sklearn_plsr,"n_components=2,max_features=192",0,0.25473396,-0.25473396
MSStandards,4,1,C8,Plate,4,1,C8,Glu (0.05),rhamnose_gL,all_known,eem_interpretable,sklearn_plsr,"n_components=2,max_features=192",0,0.29534181,-0.29534181
MSStandards,4,1,D3,Plate,4,1,D3,Rha (0.1),rhamnose_gL,all_known,eem_interpretable,sklearn_plsr,"n_components=2,max_features=192",0.1,-0.015980049,0.11598005
MSStandards,4,1,D8,Plate,4,1,D8,Glu (0.05),rhamnose_gL,all_known,eem_interpretable,sklearn_plsr,"n_components=2,max_features=192",0,0.24166068,-0.24166068
MSStandards,4,1,D9,Plate,4,1,D9,Rha-Glu (1),rhamnose_gL,all_known,eem_interpretable,sklearn_plsr,"n_components=2,max_features=192",1,0.45347582,0.54652418
MSStandards,4,1,E3,Plate,4,1,E3,Rha (0.1),rhamnose_gL,all_known,eem_interpretable,sklearn_plsr,"n_components=2,max_features=192",0.1,0.12095647,-0.020956471
MSStandards,4,1,E6,Plate,4,1,E6,Glu (0.75),rhamnose_gL,all_known,eem_interpretable,sklearn_plsr,"n_components=2,max_features=192",0,0.00038993116,-0.00038993116
MSStandards,4,1,F10,Plate,4,1,F10,Rha-Xyl (1),rhamnose_gL,all_known,eem_interpretable,sklearn_plsr,"n_components=2,max_features=192",1,0.18572059,0.81427941
MSStandards,4,1,F3,Plate,4,1,F3,Rha (0.075),rhamnose_gL,all_known,eem_interpretable,sklearn_plsr,"n_components=2,max_features=192",0.075,0.051282179,0.023717821
MSStandards,4,1,F4,Plate,4,1,F4,Rha (0.025),rhamnose_gL,all_known,eem_interpretable,sklearn_plsr,"n_components=2,max_features=192",0.025,0.14776675,-0.12276675
MSStandards,4,1,G1,Plate,4,1,G1,Rha (1),rhamnose_gL,all_known,eem_interpretable,sklearn_plsr,"n_components=2,max_features=192",1,0.28172027,0.71827973
MSStandards,4,1,G10,Plate,4,1,G10,Rha-Xyl (0.1),rhamnose_gL,all_known,eem_interpretable,sklearn_plsr,"n_components=2,max_features=192",0.1,0.057970347,0.042029653
MSStandards,4,1,G6,Plate,4,1,G6,Glu (0.5),rhamnose_gL,all_known,eem_interpretable,sklearn_plsr,"n_components=2,max_features=192",0,0.014091927,-0.014091927
MSStandards,4,1,G9,Plate,4,1,G9,Rha-Glu (0.1),rhamnose_gL,all_known,eem_interpretable,sklearn_plsr,"n_components=2,max_features=192",0.1,0.12045444,-0.020454436
MSStandards,4,1,H4,Plate,4,1,H4,Rha (0.01),rhamnose_gL,all_known,eem_interpretable,sklearn_plsr,"n_components=2,max_features=192",0.01,0.36895134,-0.35895134
MSStandards,4,1,H6,Plate,4,1,H6,Glu (0.5),rhamnose_gL,all_known,eem_interpretable,sklearn_plsr,"n_components=2,max_features=192",0,0.31608979,-0.31608979
MSStandards,4,2,A1,Plate,4,2,A1,Xyl (5),rhamnose_gL,all_known,eem_interpretable,sklearn_plsr,"n_components=2,max_features=192",0,0.17806622,-0.17806622
MSStandards,4,2,A4,Plate,4,2,A4,Xyl (0.05),rhamnose_gL,all_known,eem_interpretable,sklearn_plsr,"n_components=2,max_features=192",0,0.3122874,-0.3122874
MSStandards,4,2,B2,Plate,4,2,B2,Xyl (0.75),rhamnose_gL,all_known,eem_interpretable,sklearn_plsr,"n_components=2,max_features=192",0,0.25601431,-0.25601431
MSStandards,4,2,B6,Plate,4,2,B6,MM f/2 (0.01),rhamnose_gL,all_known,eem_interpretable,sklearn_plsr,"n_components=2,max_features=192",0.01,0.0037989908,0.0062010092
MSStandards,4,2,C5,Plate,4,2,C5,MM f/2 (1),rhamnose_gL,all_known,eem_interpretable,sklearn_plsr,"n_components=2,max_features=192",1,0.14158072,0.85841928
MSStandards,4,2,D5,Plate,4,2,D5,MM f/2 (1),rhamnose_gL,all_known,eem_interpretable,sklearn_plsr,"n_components=2,max_features=192",1,0.4338813,0.5661187
MSStandards,4,2,D8,Plate,4,2,D8,Rha-Algae (0.01),rhamnose_gL,all_known,eem_interpretable,sklearn_plsr,"n_components=2,max_features=192",0.01,0.42586842,-0.41586842
MSStandards,4,2,E4,Plate,4,2,E4,Xyl (0.025),rhamnose_gL,all_known,eem_interpretable,sklearn_plsr,"n_components=2,max_features=192",0,0.30227148,-0.30227148
MSStandards,4,2,F2,Plate,4,2,F2,Xyl (0.5),rhamnose_gL,all_known,eem_interpretable,sklearn_plsr,"n_components=2,max_features=192",0,0.11234114,-0.11234114
MSStandards,4,2,F4,Plate,4,2,F4,Xyl (0.025),rhamnose_gL,all_known,eem_interpretable,sklearn_plsr,"n_components=2,max_features=192",0,0.23496284,-0.23496284
MSStandards,4,2,G2,Plate,4,2,G2,Xyl (0.5),rhamnose_gL,all_known,eem_interpretable,sklearn_plsr,"n_components=2,max_features=192",0,0.37329459,-0.37329459
MSStandards,4,2,G5,Plate,4,2,G5,MM f/2 (0.1),rhamnose_gL,all_known,eem_interpretable,sklearn_plsr,"n_components=2,max_features=192",0.1,0.24155117,-0.14155117
MSStandards,4,2,H7,Plate,4,2,H7,Rha-Algae (0.1),rhamnose_gL,all_known,eem_interpretable,sklearn_plsr,"n_components=2,max_features=192",0.1,0.24500017,-0.14500017
MSStandards,4,1,A2,Plate,4,1,A2,Rha (1),rhamnose_gL,all_known,eem_interpretable,sklearn_plsr,"n_components=5,max_features=192",1,-0.0015180477,1.001518
MSStandards,4,1,A6,Plate,4,1,A6,Glu (1),rhamnose_gL,all_known,eem_interpretable,sklearn_plsr,"n_components=5,max_features=192",0,-0.12415531,0.12415531
MSStandards,4,1,A8,Plate,4,1,A8,Glu (0.075),rhamnose_gL,all_known,eem_interpretable,sklearn_plsr,"n_components=5,max_features=192",0,0.026071395,-0.026071395
MSStandards,4,1,A9,Plate,4,1,A9,Glu (0.01),rhamnose_gL,all_known,eem_interpretable,sklearn_plsr,"n_components=5,max_features=192",0,0.15543079,-0.15543079
MSStandards,4,1,B11,Plate,4,1,B11,Rha-Xyl (0.01),rhamnose_gL,all_known,eem_interpretable,sklearn_plsr,"n_components=5,max_features=192",0.01,0.17258806,-0.16258806
MSStandards,4,1,C10,Plate,4,1,C10,Rha-Glu (0.01),rhamnose_gL,all_known,eem_interpretable,sklearn_plsr,"n_components=5,max_features=192",0.01,-0.014222909,0.024222909
MSStandards,4,1,C2,Plate,4,1,C2,Rha (0.75),rhamnose_gL,all_known,eem_interpretable,sklearn_plsr,"n_components=5,max_features=192",0.75,0.08148231,0.66851769
MSStandards,4,1,C6,Plate,4,1,C6,Glu (0.75),rhamnose_gL,all_known,eem_interpretable,sklearn_plsr,"n_components=5,max_features=192",0,0.30238948,-0.30238948
MSStandards,4,1,C7,Plate,4,1,C7,Glu (0.25),rhamnose_gL,all_known,eem_interpretable,sklearn_plsr,"n_components=5,max_features=192",0,0.19442262,-0.19442262
MSStandards,4,1,C8,Plate,4,1,C8,Glu (0.05),rhamnose_gL,all_known,eem_interpretable,sklearn_plsr,"n_components=5,max_features=192",0,0.21628099,-0.21628099
MSStandards,4,1,D3,Plate,4,1,D3,Rha (0.1),rhamnose_gL,all_known,eem_interpretable,sklearn_plsr,"n_components=5,max_features=192",0.1,0.11128037,-0.011280369
MSStandards,4,1,D8,Plate,4,1,D8,Glu (0.05),rhamnose_gL,all_known,eem_interpretable,sklearn_plsr,"n_components=5,max_features=192",0,0.29817654,-0.29817654
MSStandards,4,1,D9,Plate,4,1,D9,Rha-Glu (1),rhamnose_gL,all_known,eem_interpretable,sklearn_plsr,"n_components=5,max_features=192",1,0.35003366,0.64996634
MSStandards,4,1,E3,Plate,4,1,E3,Rha (0.1),rhamnose_gL,all_known,eem_interpretable,sklearn_plsr,"n_components=5,max_features=192",0.1,0.17430839,-0.07430839
MSStandards,4,1,E6,Plate,4,1,E6,Glu (0.75),rhamnose_gL,all_known,eem_interpretable,sklearn_plsr,"n_components=5,max_features=192",0,0.050898436,-0.050898436
MSStandards,4,1,F10,Plate,4,1,F10,Rha-Xyl (1),rhamnose_gL,all_known,eem_interpretable,sklearn_plsr,"n_components=5,max_features=192",1,-0.023199715,1.0231997
MSStandards,4,1,F3,Plate,4,1,F3,Rha (0.075),rhamnose_gL,all_known,eem_interpretable,sklearn_plsr,"n_components=5,max_features=192",0.075,0.047046984,0.027953016
MSStandards,4,1,F4,Plate,4,1,F4,Rha (0.025),rhamnose_gL,all_known,eem_interpretable,sklearn_plsr,"n_components=5,max_features=192",0.025,0.022985842,0.0020141583
MSStandards,4,1,G1,Plate,4,1,G1,Rha (1),rhamnose_gL,all_known,eem_interpretable,sklearn_plsr,"n_components=5,max_features=192",1,0.012518662,0.98748134
MSStandards,4,1,G10,Plate,4,1,G10,Rha-Xyl (0.1),rhamnose_gL,all_known,eem_interpretable,sklearn_plsr,"n_components=5,max_features=192",0.1,0.014121789,0.085878211
MSStandards,4,1,G6,Plate,4,1,G6,Glu (0.5),rhamnose_gL,all_known,eem_interpretable,sklearn_plsr,"n_components=5,max_features=192",0,0.053040637,-0.053040637
MSStandards,4,1,G9,Plate,4,1,G9,Rha-Glu (0.1),rhamnose_gL,all_known,eem_interpretable,sklearn_plsr,"n_components=5,max_features=192",0.1,0.16873005,-0.068730052
MSStandards,4,1,H4,Plate,4,1,H4,Rha (0.01),rhamnose_gL,all_known,eem_interpretable,sklearn_plsr,"n_components=5,max_features=192",0.01,0.0040002942,0.0059997058
MSStandards,4,1,H6,Plate,4,1,H6,Glu (0.5),rhamnose_gL,all_known,eem_interpretable,sklearn_plsr,"n_components=5,max_features=192",0,0.19318397,-0.19318397
MSStandards,4,2,A1,Plate,4,2,A1,Xyl (5),rhamnose_gL,all_known,eem_interpretable,sklearn_plsr,"n_components=5,max_features=192",0,-0.16205063,0.16205063
MSStandards,4,2,A4,Plate,4,2,A4,Xyl (0.05),rhamnose_gL,all_known,eem_interpretable,sklearn_plsr,"n_components=5,max_features=192",0,0.35182738,-0.35182738
MSStandards,4,2,B2,Plate,4,2,B2,Xyl (0.75),rhamnose_gL,all_known,eem_interpretable,sklearn_plsr,"n_components=5,max_features=192",0,0.025786021,-0.025786021
MSStandards,4,2,B6,Plate,4,2,B6,MM f/2 (0.01),rhamnose_gL,all_known,eem_interpretable,sklearn_plsr,"n_components=5,max_features=192",0.01,0.034769013,-0.024769013
MSStandards,4,2,C5,Plate,4,2,C5,MM f/2 (1),rhamnose_gL,all_known,eem_interpretable,sklearn_plsr,"n_components=5,max_features=192",1,0.070550559,0.92944944
MSStandards,4,2,D5,Plate,4,2,D5,MM f/2 (1),rhamnose_gL,all_known,eem_interpretable,sklearn_plsr,"n_components=5,max_features=192",1,0.29119518,0.70880482
MSStandards,4,2,D8,Plate,4,2,D8,Rha-Algae (0.01),rhamnose_gL,all_known,eem_interpretable,sklearn_plsr,"n_components=5,max_features=192",0.01,0.42668311,-0.41668311
MSStandards,4,2,E4,Plate,4,2,E4,Xyl (0.025),rhamnose_gL,all_known,eem_interpretable,sklearn_plsr,"n_components=5,max_features=192",0,0.21358384,-0.21358384
MSStandards,4,2,F2,Plate,4,2,F2,Xyl (0.5),rhamnose_gL,all_known,eem_interpretable,sklearn_plsr,"n_components=5,max_features=192",0,0.17495783,-0.17495783
MSStandards,4,2,F4,Plate,4,2,F4,Xyl (0.025),rhamnose_gL,all_known,eem_interpretable,sklearn_plsr,"n_components=5,max_features=192",0,0.35646875,-0.35646875
MSStandards,4,2,G2,Plate,4,2,G2,Xyl (0.5),rhamnose_gL,all_known,eem_interpretable,sklearn_plsr,"n_components=5,max_features=192",0,0.45008979,-0.45008979
MSStandards,4,2,G5,Plate,4,2,G5,MM f/2 (0.1),rhamnose_gL,all_known,eem_interpretable,sklearn_plsr,"n_components=5,max_features=192",0.1,0.40116158,-0.30116158
MSStandards,4,2,H7,Plate,4,2,H7,Rha-Algae (0.1),rhamnose_gL,all_known,eem_interpretable,sklearn_plsr,"n_components=5,max_features=192",0.1,0.46883908,-0.36883908
MSStandards,4,1,A2,Plate,4,1,A2,Rha (1),rhamnose_gL,all_known,eem_interpretable,sklearn_svr,"kernel=rbf,C=10,epsilon=0.05,max_features=192",1,0.16194448,0.83805552
MSStandards,4,1,A6,Plate,4,1,A6,Glu (1),rhamnose_gL,all_known,eem_interpretable,sklearn_svr,"kernel=rbf,C=10,epsilon=0.05,max_features=192",0,0.076333267,-0.076333267
MSStandards,4,1,A8,Plate,4,1,A8,Glu (0.075),rhamnose_gL,all_known,eem_interpretable,sklearn_svr,"kernel=rbf,C=10,epsilon=0.05,max_features=192",0,0.12806029,-0.12806029
MSStandards,4,1,A9,Plate,4,1,A9,Glu (0.01),rhamnose_gL,all_known,eem_interpretable,sklearn_svr,"kernel=rbf,C=10,epsilon=0.05,max_features=192",0,0.1635478,-0.1635478
MSStandards,4,1,B11,Plate,4,1,B11,Rha-Xyl (0.01),rhamnose_gL,all_known,eem_interpretable,sklearn_svr,"kernel=rbf,C=10,epsilon=0.05,max_features=192",0.01,0.12701468,-0.11701468
MSStandards,4,1,C10,Plate,4,1,C10,Rha-Glu (0.01),rhamnose_gL,all_known,eem_interpretable,sklearn_svr,"kernel=rbf,C=10,epsilon=0.05,max_features=192",0.01,0.082189071,-0.072189071
MSStandards,4,1,C2,Plate,4,1,C2,Rha (0.75),rhamnose_gL,all_known,eem_interpretable,sklearn_svr,"kernel=rbf,C=10,epsilon=0.05,max_features=192",0.75,0.070358344,0.67964166
MSStandards,4,1,C6,Plate,4,1,C6,Glu (0.75),rhamnose_gL,all_known,eem_interpretable,sklearn_svr,"kernel=rbf,C=10,epsilon=0.05,max_features=192",0,0.037415158,-0.037415158
MSStandards,4,1,C7,Plate,4,1,C7,Glu (0.25),rhamnose_gL,all_known,eem_interpretable,sklearn_svr,"kernel=rbf,C=10,epsilon=0.05,max_features=192",0,0.017068638,-0.017068638
MSStandards,4,1,C8,Plate,4,1,C8,Glu (0.05),rhamnose_gL,all_known,eem_interpretable,sklearn_svr,"kernel=rbf,C=10,epsilon=0.05,max_features=192",0,0.20313695,-0.20313695
MSStandards,4,1,D3,Plate,4,1,D3,Rha (0.1),rhamnose_gL,all_known,eem_interpretable,sklearn_svr,"kernel=rbf,C=10,epsilon=0.05,max_features=192",0.1,0.097961036,0.0020389636
MSStandards,4,1,D8,Plate,4,1,D8,Glu (0.05),rhamnose_gL,all_known,eem_interpretable,sklearn_svr,"kernel=rbf,C=10,epsilon=0.05,max_features=192",0,-0.018208384,0.018208384
MSStandards,4,1,D9,Plate,4,1,D9,Rha-Glu (1),rhamnose_gL,all_known,eem_interpretable,sklearn_svr,"kernel=rbf,C=10,epsilon=0.05,max_features=192",1,0.19915636,0.80084364
MSStandards,4,1,E3,Plate,4,1,E3,Rha (0.1),rhamnose_gL,all_known,eem_interpretable,sklearn_svr,"kernel=rbf,C=10,epsilon=0.05,max_features=192",0.1,0.069157551,0.030842449
MSStandards,4,1,E6,Plate,4,1,E6,Glu (0.75),rhamnose_gL,all_known,eem_interpretable,sklearn_svr,"kernel=rbf,C=10,epsilon=0.05,max_features=192",0,0.085347866,-0.085347866
MSStandards,4,1,F10,Plate,4,1,F10,Rha-Xyl (1),rhamnose_gL,all_known,eem_interpretable,sklearn_svr,"kernel=rbf,C=10,epsilon=0.05,max_features=192",1,0.90403972,0.095960285
MSStandards,4,1,F3,Plate,4,1,F3,Rha (0.075),rhamnose_gL,all_known,eem_interpretable,sklearn_svr,"kernel=rbf,C=10,epsilon=0.05,max_features=192",0.075,0.14556791,-0.070567913
MSStandards,4,1,F4,Plate,4,1,F4,Rha (0.025),rhamnose_gL,all_known,eem_interpretable,sklearn_svr,"kernel=rbf,C=10,epsilon=0.05,max_features=192",0.025,0.03181428,-0.0068142796
MSStandards,4,1,G1,Plate,4,1,G1,Rha (1),rhamnose_gL,all_known,eem_interpretable,sklearn_svr,"kernel=rbf,C=10,epsilon=0.05,max_features=192",1,-0.032836143,1.0328361
MSStandards,4,1,G10,Plate,4,1,G10,Rha-Xyl (0.1),rhamnose_gL,all_known,eem_interpretable,sklearn_svr,"kernel=rbf,C=10,epsilon=0.05,max_features=192",0.1,0.13862521,-0.038625207
MSStandards,4,1,G6,Plate,4,1,G6,Glu (0.5),rhamnose_gL,all_known,eem_interpretable,sklearn_svr,"kernel=rbf,C=10,epsilon=0.05,max_features=192",0,0.11740473,-0.11740473
MSStandards,4,1,G9,Plate,4,1,G9,Rha-Glu (0.1),rhamnose_gL,all_known,eem_interpretable,sklearn_svr,"kernel=rbf,C=10,epsilon=0.05,max_features=192",0.1,0.11894051,-0.018940512
MSStandards,4,1,H4,Plate,4,1,H4,Rha (0.01),rhamnose_gL,all_known,eem_interpretable,sklearn_svr,"kernel=rbf,C=10,epsilon=0.05,max_features=192",0.01,0.18722039,-0.17722039
MSStandards,4,1,H6,Plate,4,1,H6,Glu (0.5),rhamnose_gL,all_known,eem_interpretable,sklearn_svr,"kernel=rbf,C=10,epsilon=0.05,max_features=192",0,0.12101842,-0.12101842
MSStandards,4,2,A1,Plate,4,2,A1,Xyl (5),rhamnose_gL,all_known,eem_interpretable,sklearn_svr,"kernel=rbf,C=10,epsilon=0.05,max_features=192",0,-0.077899628,0.077899628
MSStandards,4,2,A4,Plate,4,2,A4,Xyl (0.05),rhamnose_gL,all_known,eem_interpretable,sklearn_svr,"kernel=rbf,C=10,epsilon=0.05,max_features=192",0,-0.029682491,0.029682491
MSStandards,4,2,B2,Plate,4,2,B2,Xyl (0.75),rhamnose_gL,all_known,eem_interpretable,sklearn_svr,"kernel=rbf,C=10,epsilon=0.05,max_features=192",0,0.15735995,-0.15735995
MSStandards,4,2,B6,Plate,4,2,B6,MM f/2 (0.01),rhamnose_gL,all_known,eem_interpretable,sklearn_svr,"kernel=rbf,C=10,epsilon=0.05,max_features=192",0.01,0.0004463662,0.0095536338
MSStandards,4,2,C5,Plate,4,2,C5,MM f/2 (1),rhamnose_gL,all_known,eem_interpretable,sklearn_svr,"kernel=rbf,C=10,epsilon=0.05,max_features=192",1,-0.0021522146,1.0021522
MSStandards,4,2,D5,Plate,4,2,D5,MM f/2 (1),rhamnose_gL,all_known,eem_interpretable,sklearn_svr,"kernel=rbf,C=10,epsilon=0.05,max_features=192",1,0.15487675,0.84512325
MSStandards,4,2,D8,Plate,4,2,D8,Rha-Algae (0.01),rhamnose_gL,all_known,eem_interpretable,sklearn_svr,"kernel=rbf,C=10,epsilon=0.05,max_features=192",0.01,0.52939823,-0.51939823
MSStandards,4,2,E4,Plate,4,2,E4,Xyl (0.025),rhamnose_gL,all_known,eem_interpretable,sklearn_svr,"kernel=rbf,C=10,epsilon=0.05,max_features=192",0,0.21992132,-0.21992132
MSStandards,4,2,F2,Plate,4,2,F2,Xyl (0.5),rhamnose_gL,all_known,eem_interpretable,sklearn_svr,"kernel=rbf,C=10,epsilon=0.05,max_features=192",0,-0.058171223,0.058171223
MSStandards,4,2,F4,Plate,4,2,F4,Xyl (0.025),rhamnose_gL,all_known,eem_interpretable,sklearn_svr,"kernel=rbf,C=10,epsilon=0.05,max_features=192",0,0.23012045,-0.23012045
MSStandards,4,2,G2,Plate,4,2,G2,Xyl (0.5),rhamnose_gL,all_known,eem_interpretable,sklearn_svr,"kernel=rbf,C=10,epsilon=0.05,max_features=192",0,0.10613613,-0.10613613
MSStandards,4,2,G5,Plate,4,2,G5,MM f/2 (0.1),rhamnose_gL,all_known,eem_interpretable,sklearn_svr,"kernel=rbf,C=10,epsilon=0.05,max_features=192",0.1,-0.074571144,0.17457114
MSStandards,4,2,H7,Plate,4,2,H7,Rha-Algae (0.1),rhamnose_gL,all_known,eem_interpretable,sklearn_svr,"kernel=rbf,C=10,epsilon=0.05,max_features=192",0.1,-0.12173995,0.22173995
MSStandards,4,1,A2,Plate,4,1,A2,Rha (1),rhamnose_gL,all_known,eem_interpretable,sklearn_svr,"kernel=linear,C=1,epsilon=0.05,max_features=192",1,0.047228024,0.95277198
MSStandards,4,1,A6,Plate,4,1,A6,Glu (1),rhamnose_gL,all_known,eem_interpretable,sklearn_svr,"kernel=linear,C=1,epsilon=0.05,max_features=192",0,0.04589955,-0.04589955
MSStandards,4,1,A8,Plate,4,1,A8,Glu (0.075),rhamnose_gL,all_known,eem_interpretable,sklearn_svr,"kernel=linear,C=1,epsilon=0.05,max_features=192",0,0.048652483,-0.048652483
MSStandards,4,1,A9,Plate,4,1,A9,Glu (0.01),rhamnose_gL,all_known,eem_interpretable,sklearn_svr,"kernel=linear,C=1,epsilon=0.05,max_features=192",0,0.052289038,-0.052289038
MSStandards,4,1,B11,Plate,4,1,B11,Rha-Xyl (0.01),rhamnose_gL,all_known,eem_interpretable,sklearn_svr,"kernel=linear,C=1,epsilon=0.05,max_features=192",0.01,0.047807499,-0.037807499
MSStandards,4,1,C10,Plate,4,1,C10,Rha-Glu (0.01),rhamnose_gL,all_known,eem_interpretable,sklearn_svr,"kernel=linear,C=1,epsilon=0.05,max_features=192",0.01,0.046225593,-0.036225593
MSStandards,4,1,C2,Plate,4,1,C2,Rha (0.75),rhamnose_gL,all_known,eem_interpretable,sklearn_svr,"kernel=linear,C=1,epsilon=0.05,max_features=192",0.75,0.050108591,0.69989141
MSStandards,4,1,C6,Plate,4,1,C6,Glu (0.75),rhamnose_gL,all_known,eem_interpretable,sklearn_svr,"kernel=linear,C=1,epsilon=0.05,max_features=192",0,0.05240437,-0.05240437
MSStandards,4,1,C7,Plate,4,1,C7,Glu (0.25),rhamnose_gL,all_known,eem_interpretable,sklearn_svr,"kernel=linear,C=1,epsilon=0.05,max_features=192",0,0.051177958,-0.051177958
MSStandards,4,1,C8,Plate,4,1,C8,Glu (0.05),rhamnose_gL,all_known,eem_interpretable,sklearn_svr,"kernel=linear,C=1,epsilon=0.05,max_features=192",0,0.04822882,-0.04822882
MSStandards,4,1,D3,Plate,4,1,D3,Rha (0.1),rhamnose_gL,all_known,eem_interpretable,sklearn_svr,"kernel=linear,C=1,epsilon=0.05,max_features=192",0.1,0.051189498,0.048810502
MSStandards,4,1,D8,Plate,4,1,D8,Glu (0.05),rhamnose_gL,all_known,eem_interpretable,sklearn_svr,"kernel=linear,C=1,epsilon=0.05,max_features=192",0,0.052734004,-0.052734004
MSStandards,4,1,D9,Plate,4,1,D9,Rha-Glu (1),rhamnose_gL,all_known,eem_interpretable,sklearn_svr,"kernel=linear,C=1,epsilon=0.05,max_features=192",1,0.050277973,0.94972203
MSStandards,4,1,E3,Plate,4,1,E3,Rha (0.1),rhamnose_gL,all_known,eem_interpretable,sklearn_svr,"kernel=linear,C=1,epsilon=0.05,max_features=192",0.1,0.053666699,0.046333301
MSStandards,4,1,E6,Plate,4,1,E6,Glu (0.75),rhamnose_gL,all_known,eem_interpretable,sklearn_svr,"kernel=linear,C=1,epsilon=0.05,max_features=192",0,0.049884168,-0.049884168
MSStandards,4,1,F10,Plate,4,1,F10,Rha-Xyl (1),rhamnose_gL,all_known,eem_interpretable,sklearn_svr,"kernel=linear,C=1,epsilon=0.05,max_features=192",1,0.053549689,0.94645031
MSStandards,4,1,F3,Plate,4,1,F3,Rha (0.075),rhamnose_gL,all_known,eem_interpretable,sklearn_svr,"kernel=linear,C=1,epsilon=0.05,max_features=192",0.075,0.050119001,0.024880999
MSStandards,4,1,F4,Plate,4,1,F4,Rha (0.025),rhamnose_gL,all_known,eem_interpretable,sklearn_svr,"kernel=linear,C=1,epsilon=0.05,max_features=192",0.025,0.048282443,-0.023282443
MSStandards,4,1,G1,Plate,4,1,G1,Rha (1),rhamnose_gL,all_known,eem_interpretable,sklearn_svr,"kernel=linear,C=1,epsilon=0.05,max_features=192",1,0.047175082,0.95282492
MSStandards,4,1,G10,Plate,4,1,G10,Rha-Xyl (0.1),rhamnose_gL,all_known,eem_interpretable,sklearn_svr,"kernel=linear,C=1,epsilon=0.05,max_features=192",0.1,0.049748294,0.050251706
MSStandards,4,1,G6,Plate,4,1,G6,Glu (0.5),rhamnose_gL,all_known,eem_interpretable,sklearn_svr,"kernel=linear,C=1,epsilon=0.05,max_features=192",0,0.05026483,-0.05026483
MSStandards,4,1,G9,Plate,4,1,G9,Rha-Glu (0.1),rhamnose_gL,all_known,eem_interpretable,sklearn_svr,"kernel=linear,C=1,epsilon=0.05,max_features=192",0.1,0.052598839,0.047401161
MSStandards,4,1,H4,Plate,4,1,H4,Rha (0.01),rhamnose_gL,all_known,eem_interpretable,sklearn_svr,"kernel=linear,C=1,epsilon=0.05,max_features=192",0.01,0.043583342,-0.033583342
MSStandards,4,1,H6,Plate,4,1,H6,Glu (0.5),rhamnose_gL,all_known,eem_interpretable,sklearn_svr,"kernel=linear,C=1,epsilon=0.05,max_features=192",0,0.046286554,-0.046286554
MSStandards,4,2,A1,Plate,4,2,A1,Xyl (5),rhamnose_gL,all_known,eem_interpretable,sklearn_svr,"kernel=linear,C=1,epsilon=0.05,max_features=192",0,0.042386556,-0.042386556
MSStandards,4,2,A4,Plate,4,2,A4,Xyl (0.05),rhamnose_gL,all_known,eem_interpretable,sklearn_svr,"kernel=linear,C=1,epsilon=0.05,max_features=192",0,0.052520654,-0.052520654
MSStandards,4,2,B2,Plate,4,2,B2,Xyl (0.75),rhamnose_gL,all_known,eem_interpretable,sklearn_svr,"kernel=linear,C=1,epsilon=0.05,max_features=192",0,0.04636187,-0.04636187
MSStandards,4,2,B6,Plate,4,2,B6,MM f/2 (0.01),rhamnose_gL,all_known,eem_interpretable,sklearn_svr,"kernel=linear,C=1,epsilon=0.05,max_features=192",0.01,0.04781333,-0.03781333
MSStandards,4,2,C5,Plate,4,2,C5,MM f/2 (1),rhamnose_gL,all_known,eem_interpretable,sklearn_svr,"kernel=linear,C=1,epsilon=0.05,max_features=192",1,0.047222719,0.95277728
MSStandards,4,2,D5,Plate,4,2,D5,MM f/2 (1),rhamnose_gL,all_known,eem_interpretable,sklearn_svr,"kernel=linear,C=1,epsilon=0.05,max_features=192",1,0.048154738,0.95184526
MSStandards,4,2,D8,Plate,4,2,D8,Rha-Algae (0.01),rhamnose_gL,all_known,eem_interpretable,sklearn_svr,"kernel=linear,C=1,epsilon=0.05,max_features=192",0.01,0.061244994,-0.051244994
MSStandards,4,2,E4,Plate,4,2,E4,Xyl (0.025),rhamnose_gL,all_known,eem_interpretable,sklearn_svr,"kernel=linear,C=1,epsilon=0.05,max_features=192",0,0.05045949,-0.05045949
MSStandards,4,2,F2,Plate,4,2,F2,Xyl (0.5),rhamnose_gL,all_known,eem_interpretable,sklearn_svr,"kernel=linear,C=1,epsilon=0.05,max_features=192",0,0.04760359,-0.04760359
MSStandards,4,2,F4,Plate,4,2,F4,Xyl (0.025),rhamnose_gL,all_known,eem_interpretable,sklearn_svr,"kernel=linear,C=1,epsilon=0.05,max_features=192",0,0.050530596,-0.050530596
MSStandards,4,2,G2,Plate,4,2,G2,Xyl (0.5),rhamnose_gL,all_known,eem_interpretable,sklearn_svr,"kernel=linear,C=1,epsilon=0.05,max_features=192",0,0.054153134,-0.054153134
MSStandards,4,2,G5,Plate,4,2,G5,MM f/2 (0.1),rhamnose_gL,all_known,eem_interpretable,sklearn_svr,"kernel=linear,C=1,epsilon=0.05,max_features=192",0.1,0.051502549,0.048497451
MSStandards,4,2,H7,Plate,4,2,H7,Rha-Algae (0.1),rhamnose_gL,all_known,eem_interpretable,sklearn_svr,"kernel=linear,C=1,epsilon=0.05,max_features=192",0.1,0.061512213,0.038487787
MSStandards,4,1,A2,Plate,4,1,A2,Rha (1),rhamnose_gL,all_known,eem_interpretable,xgboost,"n_estimators=200,max_depth=2,learning_rate=0.05,max_features=192",1,0.063445516,0.93655448
MSStandards,4,1,A6,Plate,4,1,A6,Glu (1),rhamnose_gL,all_known,eem_interpretable,xgboost,"n_estimators=200,max_depth=2,learning_rate=0.05,max_features=192",0,0.0068699033,-0.0068699033
MSStandards,4,1,A8,Plate,4,1,A8,Glu (0.075),rhamnose_gL,all_known,eem_interpretable,xgboost,"n_estimators=200,max_depth=2,learning_rate=0.05,max_features=192",0,0.069552071,-0.069552071
MSStandards,4,1,A9,Plate,4,1,A9,Glu (0.01),rhamnose_gL,all_known,eem_interpretable,xgboost,"n_estimators=200,max_depth=2,learning_rate=0.05,max_features=192",0,0.039007686,-0.039007686
MSStandards,4,1,B11,Plate,4,1,B11,Rha-Xyl (0.01),rhamnose_gL,all_known,eem_interpretable,xgboost,"n_estimators=200,max_depth=2,learning_rate=0.05,max_features=192",0.01,0.20295797,-0.19295797
MSStandards,4,1,C10,Plate,4,1,C10,Rha-Glu (0.01),rhamnose_gL,all_known,eem_interpretable,xgboost,"n_estimators=200,max_depth=2,learning_rate=0.05,max_features=192",0.01,-0.033022217,0.043022217
MSStandards,4,1,C2,Plate,4,1,C2,Rha (0.75),rhamnose_gL,all_known,eem_interpretable,xgboost,"n_estimators=200,max_depth=2,learning_rate=0.05,max_features=192",0.75,0.16012724,0.58987276
MSStandards,4,1,C6,Plate,4,1,C6,Glu (0.75),rhamnose_gL,all_known,eem_interpretable,xgboost,"n_estimators=200,max_depth=2,learning_rate=0.05,max_features=192",0,0.08733809,-0.08733809
MSStandards,4,1,C7,Plate,4,1,C7,Glu (0.25),rhamnose_gL,all_known,eem_interpretable,xgboost,"n_estimators=200,max_depth=2,learning_rate=0.05,max_features=192",0,0.17267175,-0.17267175
MSStandards,4,1,C8,Plate,4,1,C8,Glu (0.05),rhamnose_gL,all_known,eem_interpretable,xgboost,"n_estimators=200,max_depth=2,learning_rate=0.05,max_features=192",0,0.096244819,-0.096244819
MSStandards,4,1,D3,Plate,4,1,D3,Rha (0.1),rhamnose_gL,all_known,eem_interpretable,xgboost,"n_estimators=200,max_depth=2,learning_rate=0.05,max_features=192",0.1,0.077527516,0.022472484
MSStandards,4,1,D8,Plate,4,1,D8,Glu (0.05),rhamnose_gL,all_known,eem_interpretable,xgboost,"n_estimators=200,max_depth=2,learning_rate=0.05,max_features=192",0,0.08910168,-0.08910168
MSStandards,4,1,D9,Plate,4,1,D9,Rha-Glu (1),rhamnose_gL,all_known,eem_interpretable,xgboost,"n_estimators=200,max_depth=2,learning_rate=0.05,max_features=192",1,0.54897815,0.45102185
MSStandards,4,1,E3,Plate,4,1,E3,Rha (0.1),rhamnose_gL,all_known,eem_interpretable,xgboost,"n_estimators=200,max_depth=2,learning_rate=0.05,max_features=192",0.1,0.13285281,-0.032852808
MSStandards,4,1,E6,Plate,4,1,E6,Glu (0.75),rhamnose_gL,all_known,eem_interpretable,xgboost,"n_estimators=200,max_depth=2,learning_rate=0.05,max_features=192",0,0.10243919,-0.10243919
MSStandards,4,1,F10,Plate,4,1,F10,Rha-Xyl (1),rhamnose_gL,all_known,eem_interpretable,xgboost,"n_estimators=200,max_depth=2,learning_rate=0.05,max_features=192",1,0.43699095,0.56300905
MSStandards,4,1,F3,Plate,4,1,F3,Rha (0.075),rhamnose_gL,all_known,eem_interpretable,xgboost,"n_estimators=200,max_depth=2,learning_rate=0.05,max_features=192",0.075,0.12974669,-0.05474669
MSStandards,4,1,F4,Plate,4,1,F4,Rha (0.025),rhamnose_gL,all_known,eem_interpretable,xgboost,"n_estimators=200,max_depth=2,learning_rate=0.05,max_features=192",0.025,0.17631927,-0.15131927
MSStandards,4,1,G1,Plate,4,1,G1,Rha (1),rhamnose_gL,all_known,eem_interpretable,xgboost,"n_estimators=200,max_depth=2,learning_rate=0.05,max_features=192",1,0.56101513,0.43898487
MSStandards,4,1,G10,Plate,4,1,G10,Rha-Xyl (0.1),rhamnose_gL,all_known,eem_interpretable,xgboost,"n_estimators=200,max_depth=2,learning_rate=0.05,max_features=192",0.1,0.23608765,-0.13608765
MSStandards,4,1,G6,Plate,4,1,G6,Glu (0.5),rhamnose_gL,all_known,eem_interpretable,xgboost,"n_estimators=200,max_depth=2,learning_rate=0.05,max_features=192",0,0.10031845,-0.10031845
MSStandards,4,1,G9,Plate,4,1,G9,Rha-Glu (0.1),rhamnose_gL,all_known,eem_interpretable,xgboost,"n_estimators=200,max_depth=2,learning_rate=0.05,max_features=192",0.1,0.10978403,-0.0097840294
MSStandards,4,1,H4,Plate,4,1,H4,Rha (0.01),rhamnose_gL,all_known,eem_interpretable,xgboost,"n_estimators=200,max_depth=2,learning_rate=0.05,max_features=192",0.01,0.84952253,-0.83952253
MSStandards,4,1,H6,Plate,4,1,H6,Glu (0.5),rhamnose_gL,all_known,eem_interpretable,xgboost,"n_estimators=200,max_depth=2,learning_rate=0.05,max_features=192",0,0.18384218,-0.18384218
MSStandards,4,2,A1,Plate,4,2,A1,Xyl (5),rhamnose_gL,all_known,eem_interpretable,xgboost,"n_estimators=200,max_depth=2,learning_rate=0.05,max_features=192",0,0.0053422153,-0.0053422153
MSStandards,4,2,A4,Plate,4,2,A4,Xyl (0.05),rhamnose_gL,all_known,eem_interpretable,xgboost,"n_estimators=200,max_depth=2,learning_rate=0.05,max_features=192",0,-0.0018887921,0.0018887921
MSStandards,4,2,B2,Plate,4,2,B2,Xyl (0.75),rhamnose_gL,all_known,eem_interpretable,xgboost,"n_estimators=200,max_depth=2,learning_rate=0.05,max_features=192",0,0.2597945,-0.2597945
MSStandards,4,2,B6,Plate,4,2,B6,MM f/2 (0.01),rhamnose_gL,all_known,eem_interpretable,xgboost,"n_estimators=200,max_depth=2,learning_rate=0.05,max_features=192",0.01,0.074736349,-0.064736349
MSStandards,4,2,C5,Plate,4,2,C5,MM f/2 (1),rhamnose_gL,all_known,eem_interpretable,xgboost,"n_estimators=200,max_depth=2,learning_rate=0.05,max_features=192",1,-0.034274332,1.0342743
MSStandards,4,2,D5,Plate,4,2,D5,MM f/2 (1),rhamnose_gL,all_known,eem_interpretable,xgboost,"n_estimators=200,max_depth=2,learning_rate=0.05,max_features=192",1,0.26798153,0.73201847
MSStandards,4,2,D8,Plate,4,2,D8,Rha-Algae (0.01),rhamnose_gL,all_known,eem_interpretable,xgboost,"n_estimators=200,max_depth=2,learning_rate=0.05,max_features=192",0.01,1.0562608,-1.0462608
MSStandards,4,2,E4,Plate,4,2,E4,Xyl (0.025),rhamnose_gL,all_known,eem_interpretable,xgboost,"n_estimators=200,max_depth=2,learning_rate=0.05,max_features=192",0,0.8092553,-0.8092553
MSStandards,4,2,F2,Plate,4,2,F2,Xyl (0.5),rhamnose_gL,all_known,eem_interpretable,xgboost,"n_estimators=200,max_depth=2,learning_rate=0.05,max_features=192",0,0.11374825,-0.11374825
MSStandards,4,2,F4,Plate,4,2,F4,Xyl (0.025),rhamnose_gL,all_known,eem_interpretable,xgboost,"n_estimators=200,max_depth=2,learning_rate=0.05,max_features=192",0,0.082553998,-0.082553998
MSStandards,4,2,G2,Plate,4,2,G2,Xyl (0.5),rhamnose_gL,all_known,eem_interpretable,xgboost,"n_estimators=200,max_depth=2,learning_rate=0.05,max_features=192",0,0.13121694,-0.13121694
MSStandards,4,2,G5,Plate,4,2,G5,MM f/2 (0.1),rhamnose_gL,all_known,eem_interpretable,xgboost,"n_estimators=200,max_depth=2,learning_rate=0.05,max_features=192",0.1,0.073337823,0.026662177
MSStandards,4,2,H7,Plate,4,2,H7,Rha-Algae (0.1),rhamnose_gL,all_known,eem_interpretable,xgboost,"n_estimators=200,max_depth=2,learning_rate=0.05,max_features=192",0.1,0.088092707,0.011907293
MSStandards,4,1,A2,Plate,4,1,A2,Rha (1),xylose_gL,all_known,eem_interpretable,sklearn_plsr,"n_components=2,max_features=192",0,0.42792295,-0.42792295
MSStandards,4,1,A4,Plate,4,1,A4,Rha (0.05),xylose_gL,all_known,eem_interpretable,sklearn_plsr,"n_components=2,max_features=192",0,0.61711781,-0.61711781
MSStandards,4,1,A6,Plate,4,1,A6,Glu (1),xylose_gL,all_known,eem_interpretable,sklearn_plsr,"n_components=2,max_features=192",0,0.61805394,-0.61805394
MSStandards,4,1,A8,Plate,4,1,A8,Glu (0.075),xylose_gL,all_known,eem_interpretable,sklearn_plsr,"n_components=2,max_features=192",0,0.3855124,-0.3855124
MSStandards,4,1,A9,Plate,4,1,A9,Glu (0.01),xylose_gL,all_known,eem_interpretable,sklearn_plsr,"n_components=2,max_features=192",0,0.45873995,-0.45873995
MSStandards,4,1,B11,Plate,4,1,B11,Rha-Xyl (0.01),xylose_gL,all_known,eem_interpretable,sklearn_plsr,"n_components=2,max_features=192",0.01,0.2112633,-0.2012633
MSStandards,4,1,C2,Plate,4,1,C2,Rha (0.75),xylose_gL,all_known,eem_interpretable,sklearn_plsr,"n_components=2,max_features=192",0,0.22993962,-0.22993962
MSStandards,4,1,C6,Plate,4,1,C6,Glu (0.75),xylose_gL,all_known,eem_interpretable,sklearn_plsr,"n_components=2,max_features=192",0,0.14972067,-0.14972067
MSStandards,4,1,C7,Plate,4,1,C7,Glu (0.25),xylose_gL,all_known,eem_interpretable,sklearn_plsr,"n_components=2,max_features=192",0,0.27780815,-0.27780815
MSStandards,4,1,C8,Plate,4,1,C8,Glu (0.05),xylose_gL,all_known,eem_interpretable,sklearn_plsr,"n_components=2,max_features=192",0,-0.024472911,0.024472911
MSStandards,4,1,D3,Plate,4,1,D3,Rha (0.1),xylose_gL,all_known,eem_interpretable,sklearn_plsr,"n_components=2,max_features=192",0,0.42195005,-0.42195005
MSStandards,4,1,D8,Plate,4,1,D8,Glu (0.05),xylose_gL,all_known,eem_interpretable,sklearn_plsr,"n_components=2,max_features=192",0,0.11615169,-0.11615169
MSStandards,4,1,D9,Plate,4,1,D9,Rha-Glu (1),xylose_gL,all_known,eem_interpretable,sklearn_plsr,"n_components=2,max_features=192",0,0.03088364,-0.03088364
MSStandards,4,1,E3,Plate,4,1,E3,Rha (0.1),xylose_gL,all_known,eem_interpretable,sklearn_plsr,"n_components=2,max_features=192",0,0.046271228,-0.046271228
MSStandards,4,1,E6,Plate,4,1,E6,Glu (0.75),xylose_gL,all_known,eem_interpretable,sklearn_plsr,"n_components=2,max_features=192",0,0.45776214,-0.45776214
MSStandards,4,1,F1,Plate,4,1,F1,Rha (2.5),xylose_gL,all_known,eem_interpretable,sklearn_plsr,"n_components=2,max_features=192",0,0.49827755,-0.49827755
MSStandards,4,1,F10,Plate,4,1,F10,Rha-Xyl (1),xylose_gL,all_known,eem_interpretable,sklearn_plsr,"n_components=2,max_features=192",1,0.35834848,0.64165152
MSStandards,4,1,F3,Plate,4,1,F3,Rha (0.075),xylose_gL,all_known,eem_interpretable,sklearn_plsr,"n_components=2,max_features=192",0,0.049712552,-0.049712552
MSStandards,4,1,G1,Plate,4,1,G1,Rha (1),xylose_gL,all_known,eem_interpretable,sklearn_plsr,"n_components=2,max_features=192",0,0.67551442,-0.67551442
MSStandards,4,1,G10,Plate,4,1,G10,Rha-Xyl (0.1),xylose_gL,all_known,eem_interpretable,sklearn_plsr,"n_components=2,max_features=192",0.1,0.043856013,0.056143987
MSStandards,4,1,G6,Plate,4,1,G6,Glu (0.5),xylose_gL,all_known,eem_interpretable,sklearn_plsr,"n_components=2,max_features=192",0,0.46262502,-0.46262502
MSStandards,4,1,G8,Plate,4,1,G8,Glu (0.025),xylose_gL,all_known,eem_interpretable,sklearn_plsr,"n_components=2,max_features=192",0,0.16443639,-0.16443639
MSStandards,4,1,H2,Plate,4,1,H2,Rha (0.25),xylose_gL,all_known,eem_interpretable,sklearn_plsr,"n_components=2,max_features=192",0,1.3126256,-1.3126256
MSStandards,4,1,H4,Plate,4,1,H4,Rha (0.01),xylose_gL,all_known,eem_interpretable,sklearn_plsr,"n_components=2,max_features=192",0,0.53238555,-0.53238555
MSStandards,4,2,A3,Plate,4,2,A3,Xyl (0.25),xylose_gL,all_known,eem_interpretable,sklearn_plsr,"n_components=2,max_features=192",0.25,0.49430542,-0.24430542
MSStandards,4,2,A4,Plate,4,2,A4,Xyl (0.05),xylose_gL,all_known,eem_interpretable,sklearn_plsr,"n_components=2,max_features=192",0.05,0.29276588,-0.24276588
MSStandards,4,2,B7,Plate,4,2,B7,MMAlgae (0.01),xylose_gL,all_known,eem_interpretable,sklearn_plsr,"n_components=2,max_features=192",0.01,0.20251808,-0.19251808
MSStandards,4,2,C5,Plate,4,2,C5,MM f/2 (1),xylose_gL,all_known,eem_interpretable,sklearn_plsr,"n_components=2,max_features=192",1,0.68829701,0.31170299
MSStandards,4,2,C7,Plate,4,2,C7,MMAlgae (0.01),xylose_gL,all_known,eem_interpretable,sklearn_plsr,"n_components=2,max_features=192",0.01,0.65124807,-0.64124807
MSStandards,4,2,E2,Plate,4,2,E2,Xyl (0.5),xylose_gL,all_known,eem_interpretable,sklearn_plsr,"n_components=2,max_features=192",0.5,0.69841707,-0.19841707
MSStandards,4,2,E9,Flask,4,2,E9,Algae (blank),xylose_gL,all_known,eem_interpretable,sklearn_plsr,"n_components=2,max_features=192",0,0.19748766,-0.19748766
MSStandards,4,2,G1,Plate,4,2,G1,Xyl (1),xylose_gL,all_known,eem_interpretable,sklearn_plsr,"n_components=2,max_features=192",1,0.60623261,0.39376739
MSStandards,4,2,G9,Plate,4,2,G9,MMAlgae (0.1),xylose_gL,all_known,eem_interpretable,sklearn_plsr,"n_components=2,max_features=192",0.1,0.17278887,-0.072788867
MSStandards,4,2,H2,Plate,4,2,H2,Xyl (0.25),xylose_gL,all_known,eem_interpretable,sklearn_plsr,"n_components=2,max_features=192",0.25,0.41332255,-0.16332255
MSStandards,4,2,H5,Plate,4,2,H5,MM f/2 (0.01),xylose_gL,all_known,eem_interpretable,sklearn_plsr,"n_components=2,max_features=192",0.01,0.61936621,-0.60936621
MSStandards,4,1,A2,Plate,4,1,A2,Rha (1),xylose_gL,all_known,eem_interpretable,sklearn_plsr,"n_components=5,max_features=192",0,0.72351773,-0.72351773
MSStandards,4,1,A4,Plate,4,1,A4,Rha (0.05),xylose_gL,all_known,eem_interpretable,sklearn_plsr,"n_components=5,max_features=192",0,0.86365656,-0.86365656
MSStandards,4,1,A6,Plate,4,1,A6,Glu (1),xylose_gL,all_known,eem_interpretable,sklearn_plsr,"n_components=5,max_features=192",0,0.80592004,-0.80592004
MSStandards,4,1,A8,Plate,4,1,A8,Glu (0.075),xylose_gL,all_known,eem_interpretable,sklearn_plsr,"n_components=5,max_features=192",0,0.49312106,-0.49312106
MSStandards,4,1,A9,Plate,4,1,A9,Glu (0.01),xylose_gL,all_known,eem_interpretable,sklearn_plsr,"n_components=5,max_features=192",0,0.42940758,-0.42940758
MSStandards,4,1,B11,Plate,4,1,B11,Rha-Xyl (0.01),xylose_gL,all_known,eem_interpretable,sklearn_plsr,"n_components=5,max_features=192",0.01,0.37630763,-0.36630763
MSStandards,4,1,C2,Plate,4,1,C2,Rha (0.75),xylose_gL,all_known,eem_interpretable,sklearn_plsr,"n_components=5,max_features=192",0,0.22488863,-0.22488863
MSStandards,4,1,C6,Plate,4,1,C6,Glu (0.75),xylose_gL,all_known,eem_interpretable,sklearn_plsr,"n_components=5,max_features=192",0,-0.043833056,0.043833056
MSStandards,4,1,C7,Plate,4,1,C7,Glu (0.25),xylose_gL,all_known,eem_interpretable,sklearn_plsr,"n_components=5,max_features=192",0,0.16912397,-0.16912397
MSStandards,4,1,C8,Plate,4,1,C8,Glu (0.05),xylose_gL,all_known,eem_interpretable,sklearn_plsr,"n_components=5,max_features=192",0,-0.16337836,0.16337836
MSStandards,4,1,D3,Plate,4,1,D3,Rha (0.1),xylose_gL,all_known,eem_interpretable,sklearn_plsr,"n_components=5,max_features=192",0,0.1648723,-0.1648723
MSStandards,4,1,D8,Plate,4,1,D8,Glu (0.05),xylose_gL,all_known,eem_interpretable,sklearn_plsr,"n_components=5,max_features=192",0,-0.082637536,0.082637536
MSStandards,4,1,D9,Plate,4,1,D9,Rha-Glu (1),xylose_gL,all_known,eem_interpretable,sklearn_plsr,"n_components=5,max_features=192",0,0.12794433,-0.12794433
MSStandards,4,1,E3,Plate,4,1,E3,Rha (0.1),xylose_gL,all_known,eem_interpretable,sklearn_plsr,"n_components=5,max_features=192",0,0.17820282,-0.17820282
MSStandards,4,1,E6,Plate,4,1,E6,Glu (0.75),xylose_gL,all_known,eem_interpretable,sklearn_plsr,"n_components=5,max_features=192",0,0.38321921,-0.38321921
MSStandards,4,1,F1,Plate,4,1,F1,Rha (2.5),xylose_gL,all_known,eem_interpretable,sklearn_plsr,"n_components=5,max_features=192",0,0.46373426,-0.46373426
MSStandards,4,1,F10,Plate,4,1,F10,Rha-Xyl (1),xylose_gL,all_known,eem_interpretable,sklearn_plsr,"n_components=5,max_features=192",1,1.5510768,-0.55107683
MSStandards,4,1,F3,Plate,4,1,F3,Rha (0.075),xylose_gL,all_known,eem_interpretable,sklearn_plsr,"n_components=5,max_features=192",0,0.021787094,-0.021787094
MSStandards,4,1,G1,Plate,4,1,G1,Rha (1),xylose_gL,all_known,eem_interpretable,sklearn_plsr,"n_components=5,max_features=192",0,0.8046867,-0.8046867
MSStandards,4,1,G10,Plate,4,1,G10,Rha-Xyl (0.1),xylose_gL,all_known,eem_interpretable,sklearn_plsr,"n_components=5,max_features=192",0.1,0.15407624,-0.054076245
MSStandards,4,1,G6,Plate,4,1,G6,Glu (0.5),xylose_gL,all_known,eem_interpretable,sklearn_plsr,"n_components=5,max_features=192",0,0.35424261,-0.35424261
MSStandards,4,1,G8,Plate,4,1,G8,Glu (0.025),xylose_gL,all_known,eem_interpretable,sklearn_plsr,"n_components=5,max_features=192",0,0.051515766,-0.051515766
MSStandards,4,1,H2,Plate,4,1,H2,Rha (0.25),xylose_gL,all_known,eem_interpretable,sklearn_plsr,"n_components=5,max_features=192",0,1.4154682,-1.4154682
MSStandards,4,1,H4,Plate,4,1,H4,Rha (0.01),xylose_gL,all_known,eem_interpretable,sklearn_plsr,"n_components=5,max_features=192",0,0.92380786,-0.92380786
MSStandards,4,2,A3,Plate,4,2,A3,Xyl (0.25),xylose_gL,all_known,eem_interpretable,sklearn_plsr,"n_components=5,max_features=192",0.25,0.61862965,-0.36862965
MSStandards,4,2,A4,Plate,4,2,A4,Xyl (0.05),xylose_gL,all_known,eem_interpretable,sklearn_plsr,"n_components=5,max_features=192",0.05,0.31371323,-0.26371323
MSStandards,4,2,B7,Plate,4,2,B7,MMAlgae (0.01),xylose_gL,all_known,eem_interpretable,sklearn_plsr,"n_components=5,max_features=192",0.01,0.13108245,-0.12108245
MSStandards,4,2,C5,Plate,4,2,C5,MM f/2 (1),xylose_gL,all_known,eem_interpretable,sklearn_plsr,"n_components=5,max_features=192",1,0.68612811,0.31387189
MSStandards,4,2,C7,Plate,4,2,C7,MMAlgae (0.01),xylose_gL,all_known,eem_interpretable,sklearn_plsr,"n_components=5,max_features=192",0.01,0.37113519,-0.36113519
MSStandards,4,2,E2,Plate,4,2,E2,Xyl (0.5),xylose_gL,all_known,eem_interpretable,sklearn_plsr,"n_components=5,max_features=192",0.5,0.47297601,0.027023988
MSStandards,4,2,E9,Flask,4,2,E9,Algae (blank),xylose_gL,all_known,eem_interpretable,sklearn_plsr,"n_components=5,max_features=192",0,-0.092478375,0.092478375
MSStandards,4,2,G1,Plate,4,2,G1,Xyl (1),xylose_gL,all_known,eem_interpretable,sklearn_plsr,"n_components=5,max_features=192",1,0.45326266,0.54673734
MSStandards,4,2,G9,Plate,4,2,G9,MMAlgae (0.1),xylose_gL,all_known,eem_interpretable,sklearn_plsr,"n_components=5,max_features=192",0.1,-0.039322616,0.13932262
MSStandards,4,2,H2,Plate,4,2,H2,Xyl (0.25),xylose_gL,all_known,eem_interpretable,sklearn_plsr,"n_components=5,max_features=192",0.25,0.39364185,-0.14364185
MSStandards,4,2,H5,Plate,4,2,H5,MM f/2 (0.01),xylose_gL,all_known,eem_interpretable,sklearn_plsr,"n_components=5,max_features=192",0.01,0.68751313,-0.67751313
MSStandards,4,1,A2,Plate,4,1,A2,Rha (1),xylose_gL,all_known,eem_interpretable,sklearn_svr,"kernel=rbf,C=10,epsilon=0.05,max_features=192",0,0.10674003,-0.10674003
MSStandards,4,1,A4,Plate,4,1,A4,Rha (0.05),xylose_gL,all_known,eem_interpretable,sklearn_svr,"kernel=rbf,C=10,epsilon=0.05,max_features=192",0,-0.19087413,0.19087413
MSStandards,4,1,A6,Plate,4,1,A6,Glu (1),xylose_gL,all_known,eem_interpretable,sklearn_svr,"kernel=rbf,C=10,epsilon=0.05,max_features=192",0,-0.22056839,0.22056839
MSStandards,4,1,A8,Plate,4,1,A8,Glu (0.075),xylose_gL,all_known,eem_interpretable,sklearn_svr,"kernel=rbf,C=10,epsilon=0.05,max_features=192",0,0.074525428,-0.074525428
MSStandards,4,1,A9,Plate,4,1,A9,Glu (0.01),xylose_gL,all_known,eem_interpretable,sklearn_svr,"kernel=rbf,C=10,epsilon=0.05,max_features=192",0,0.12582764,-0.12582764
MSStandards,4,1,B11,Plate,4,1,B11,Rha-Xyl (0.01),xylose_gL,all_known,eem_interpretable,sklearn_svr,"kernel=rbf,C=10,epsilon=0.05,max_features=192",0.01,0.44546255,-0.43546255
MSStandards,4,1,C2,Plate,4,1,C2,Rha (0.75),xylose_gL,all_known,eem_interpretable,sklearn_svr,"kernel=rbf,C=10,epsilon=0.05,max_features=192",0,-0.010804994,0.010804994
MSStandards,4,1,C6,Plate,4,1,C6,Glu (0.75),xylose_gL,all_known,eem_interpretable,sklearn_svr,"kernel=rbf,C=10,epsilon=0.05,max_features=192",0,-0.13743993,0.13743993
MSStandards,4,1,C7,Plate,4,1,C7,Glu (0.25),xylose_gL,all_known,eem_interpretable,sklearn_svr,"kernel=rbf,C=10,epsilon=0.05,max_features=192",0,-0.062988925,0.062988925
MSStandards,4,1,C8,Plate,4,1,C8,Glu (0.05),xylose_gL,all_known,eem_interpretable,sklearn_svr,"kernel=rbf,C=10,epsilon=0.05,max_features=192",0,-0.161441,0.161441
MSStandards,4,1,D3,Plate,4,1,D3,Rha (0.1),xylose_gL,all_known,eem_interpretable,sklearn_svr,"kernel=rbf,C=10,epsilon=0.05,max_features=192",0,-0.0033368589,0.0033368589
MSStandards,4,1,D8,Plate,4,1,D8,Glu (0.05),xylose_gL,all_known,eem_interpretable,sklearn_svr,"kernel=rbf,C=10,epsilon=0.05,max_features=192",0,-0.052573702,0.052573702
MSStandards,4,1,D9,Plate,4,1,D9,Rha-Glu (1),xylose_gL,all_known,eem_interpretable,sklearn_svr,"kernel=rbf,C=10,epsilon=0.05,max_features=192",0,0.28193909,-0.28193909
MSStandards,4,1,E3,Plate,4,1,E3,Rha (0.1),xylose_gL,all_known,eem_interpretable,sklearn_svr,"kernel=rbf,C=10,epsilon=0.05,max_features=192",0,0.048339688,-0.048339688
MSStandards,4,1,E6,Plate,4,1,E6,Glu (0.75),xylose_gL,all_known,eem_interpretable,sklearn_svr,"kernel=rbf,C=10,epsilon=0.05,max_features=192",0,-0.0094359661,0.0094359661
MSStandards,4,1,F1,Plate,4,1,F1,Rha (2.5),xylose_gL,all_known,eem_interpretable,sklearn_svr,"kernel=rbf,C=10,epsilon=0.05,max_features=192",0,0.29994045,-0.29994045
MSStandards,4,1,F10,Plate,4,1,F10,Rha-Xyl (1),xylose_gL,all_known,eem_interpretable,sklearn_svr,"kernel=rbf,C=10,epsilon=0.05,max_features=192",1,0.48953598,0.51046402
MSStandards,4,1,F3,Plate,4,1,F3,Rha (0.075),xylose_gL,all_known,eem_interpretable,sklearn_svr,"kernel=rbf,C=10,epsilon=0.05,max_features=192",0,-0.071752739,0.071752739
MSStandards,4,1,G1,Plate,4,1,G1,Rha (1),xylose_gL,all_known,eem_interpretable,sklearn_svr,"kernel=rbf,C=10,epsilon=0.05,max_features=192",0,0.55048263,-0.55048263
MSStandards,4,1,G10,Plate,4,1,G10,Rha-Xyl (0.1),xylose_gL,all_known,eem_interpretable,sklearn_svr,"kernel=rbf,C=10,epsilon=0.05,max_features=192",0.1,-0.079399965,0.17939996
MSStandards,4,1,G6,Plate,4,1,G6,Glu (0.5),xylose_gL,all_known,eem_interpretable,sklearn_svr,"kernel=rbf,C=10,epsilon=0.05,max_features=192",0,0.061938757,-0.061938757
MSStandards,4,1,G8,Plate,4,1,G8,Glu (0.025),xylose_gL,all_known,eem_interpretable,sklearn_svr,"kernel=rbf,C=10,epsilon=0.05,max_features=192",0,0.032195255,-0.032195255
MSStandards,4,1,H2,Plate,4,1,H2,Rha (0.25),xylose_gL,all_known,eem_interpretable,sklearn_svr,"kernel=rbf,C=10,epsilon=0.05,max_features=192",0,0.71406423,-0.71406423
MSStandards,4,1,H4,Plate,4,1,H4,Rha (0.01),xylose_gL,all_known,eem_interpretable,sklearn_svr,"kernel=rbf,C=10,epsilon=0.05,max_features=192",0,0.48609173,-0.48609173
MSStandards,4,2,A3,Plate,4,2,A3,Xyl (0.25),xylose_gL,all_known,eem_interpretable,sklearn_svr,"kernel=rbf,C=10,epsilon=0.05,max_features=192",0.25,0.47084999,-0.22084999
MSStandards,4,2,A4,Plate,4,2,A4,Xyl (0.05),xylose_gL,all_known,eem_interpretable,sklearn_svr,"kernel=rbf,C=10,epsilon=0.05,max_features=192",0.05,-0.050200579,0.10020058
MSStandards,4,2,B7,Plate,4,2,B7,MMAlgae (0.01),xylose_gL,all_known,eem_interpretable,sklearn_svr,"kernel=rbf,C=10,epsilon=0.05,max_features=192",0.01,0.10245777,-0.092457765
MSStandards,4,2,C5,Plate,4,2,C5,MM f/2 (1),xylose_gL,all_known,eem_interpretable,sklearn_svr,"kernel=rbf,C=10,epsilon=0.05,max_features=192",1,0.10836313,0.89163687
MSStandards,4,2,C7,Plate,4,2,C7,MMAlgae (0.01),xylose_gL,all_known,eem_interpretable,sklearn_svr,"kernel=rbf,C=10,epsilon=0.05,max_features=192",0.01,-0.079479694,0.089479694
MSStandards,4,2,E2,Plate,4,2,E2,Xyl (0.5),xylose_gL,all_known,eem_interpretable,sklearn_svr,"kernel=rbf,C=10,epsilon=0.05,max_features=192",0.5,0.63120291,-0.13120291
MSStandards,4,2,E9,Flask,4,2,E9,Algae (blank),xylose_gL,all_known,eem_interpretable,sklearn_svr,"kernel=rbf,C=10,epsilon=0.05,max_features=192",0,-0.15152702,0.15152702
MSStandards,4,2,G1,Plate,4,2,G1,Xyl (1),xylose_gL,all_known,eem_interpretable,sklearn_svr,"kernel=rbf,C=10,epsilon=0.05,max_features=192",1,0.070113418,0.92988658
MSStandards,4,2,G9,Plate,4,2,G9,MMAlgae (0.1),xylose_gL,all_known,eem_interpretable,sklearn_svr,"kernel=rbf,C=10,epsilon=0.05,max_features=192",0.1,-0.087365841,0.18736584
MSStandards,4,2,H2,Plate,4,2,H2,Xyl (0.25),xylose_gL,all_known,eem_interpretable,sklearn_svr,"kernel=rbf,C=10,epsilon=0.05,max_features=192",0.25,-0.054015909,0.30401591
MSStandards,4,2,H5,Plate,4,2,H5,MM f/2 (0.01),xylose_gL,all_known,eem_interpretable,sklearn_svr,"kernel=rbf,C=10,epsilon=0.05,max_features=192",0.01,0.31308476,-0.30308476
MSStandards,4,1,A2,Plate,4,1,A2,Rha (1),xylose_gL,all_known,eem_interpretable,sklearn_svr,"kernel=linear,C=1,epsilon=0.05,max_features=192",0,0.063873337,-0.063873337
MSStandards,4,1,A4,Plate,4,1,A4,Rha (0.05),xylose_gL,all_known,eem_interpretable,sklearn_svr,"kernel=linear,C=1,epsilon=0.05,max_features=192",0,0.079380769,-0.079380769
MSStandards,4,1,A6,Plate,4,1,A6,Glu (1),xylose_gL,all_known,eem_interpretable,sklearn_svr,"kernel=linear,C=1,epsilon=0.05,max_features=192",0,0.081129932,-0.081129932
MSStandards,4,1,A8,Plate,4,1,A8,Glu (0.075),xylose_gL,all_known,eem_interpretable,sklearn_svr,"kernel=linear,C=1,epsilon=0.05,max_features=192",0,0.037237397,-0.037237397
MSStandards,4,1,A9,Plate,4,1,A9,Glu (0.01),xylose_gL,all_known,eem_interpretable,sklearn_svr,"kernel=linear,C=1,epsilon=0.05,max_features=192",0,0.021544881,-0.021544881
MSStandards,4,1,B11,Plate,4,1,B11,Rha-Xyl (0.01),xylose_gL,all_known,eem_interpretable,sklearn_svr,"kernel=linear,C=1,epsilon=0.05,max_features=192",0.01,0.039774093,-0.029774093
MSStandards,4,1,C2,Plate,4,1,C2,Rha (0.75),xylose_gL,all_known,eem_interpretable,sklearn_svr,"kernel=linear,C=1,epsilon=0.05,max_features=192",0,0.02794506,-0.02794506
MSStandards,4,1,C6,Plate,4,1,C6,Glu (0.75),xylose_gL,all_known,eem_interpretable,sklearn_svr,"kernel=linear,C=1,epsilon=0.05,max_features=192",0,0.0084051092,-0.0084051092
MSStandards,4,1,C7,Plate,4,1,C7,Glu (0.25),xylose_gL,all_known,eem_interpretable,sklearn_svr,"kernel=linear,C=1,epsilon=0.05,max_features=192",0,0.026667837,-0.026667837
MSStandards,4,1,C8,Plate,4,1,C8,Glu (0.05),xylose_gL,all_known,eem_interpretable,sklearn_svr,"kernel=linear,C=1,epsilon=0.05,max_features=192",0,-0.004723855,0.004723855
MSStandards,4,1,D3,Plate,4,1,D3,Rha (0.1),xylose_gL,all_known,eem_interpretable,sklearn_svr,"kernel=linear,C=1,epsilon=0.05,max_features=192",0,0.012276687,-0.012276687
MSStandards,4,1,D8,Plate,4,1,D8,Glu (0.05),xylose_gL,all_known,eem_interpretable,sklearn_svr,"kernel=linear,C=1,epsilon=0.05,max_features=192",0,0.0080074167,-0.0080074167
MSStandards,4,1,D9,Plate,4,1,D9,Rha-Glu (1),xylose_gL,all_known,eem_interpretable,sklearn_svr,"kernel=linear,C=1,epsilon=0.05,max_features=192",0,0.062451058,-0.062451058
MSStandards,4,1,E3,Plate,4,1,E3,Rha (0.1),xylose_gL,all_known,eem_interpretable,sklearn_svr,"kernel=linear,C=1,epsilon=0.05,max_features=192",0,0.049645206,-0.049645206
MSStandards,4,1,E6,Plate,4,1,E6,Glu (0.75),xylose_gL,all_known,eem_interpretable,sklearn_svr,"kernel=linear,C=1,epsilon=0.05,max_features=192",0,0.043732274,-0.043732274
MSStandards,4,1,F1,Plate,4,1,F1,Rha (2.5),xylose_gL,all_known,eem_interpretable,sklearn_svr,"kernel=linear,C=1,epsilon=0.05,max_features=192",0,0.14282251,-0.14282251
MSStandards,4,1,F10,Plate,4,1,F10,Rha-Xyl (1),xylose_gL,all_known,eem_interpretable,sklearn_svr,"kernel=linear,C=1,epsilon=0.05,max_features=192",1,0.23461383,0.76538617
MSStandards,4,1,F3,Plate,4,1,F3,Rha (0.075),xylose_gL,all_known,eem_interpretable,sklearn_svr,"kernel=linear,C=1,epsilon=0.05,max_features=192",0,0.00069927446,-0.00069927446
MSStandards,4,1,G1,Plate,4,1,G1,Rha (1),xylose_gL,all_known,eem_interpretable,sklearn_svr,"kernel=linear,C=1,epsilon=0.05,max_features=192",0,0.079844086,-0.079844086
MSStandards,4,1,G10,Plate,4,1,G10,Rha-Xyl (0.1),xylose_gL,all_known,eem_interpretable,sklearn_svr,"kernel=linear,C=1,epsilon=0.05,max_features=192",0.1,0.010876949,0.089123051
MSStandards,4,1,G6,Plate,4,1,G6,Glu (0.5),xylose_gL,all_known,eem_interpretable,sklearn_svr,"kernel=linear,C=1,epsilon=0.05,max_features=192",0,0.039267991,-0.039267991
MSStandards,4,1,G8,Plate,4,1,G8,Glu (0.025),xylose_gL,all_known,eem_interpretable,sklearn_svr,"kernel=linear,C=1,epsilon=0.05,max_features=192",0,0.034089344,-0.034089344
MSStandards,4,1,H2,Plate,4,1,H2,Rha (0.25),xylose_gL,all_known,eem_interpretable,sklearn_svr,"kernel=linear,C=1,epsilon=0.05,max_features=192",0,0.20300986,-0.20300986
MSStandards,4,1,H4,Plate,4,1,H4,Rha (0.01),xylose_gL,all_known,eem_interpretable,sklearn_svr,"kernel=linear,C=1,epsilon=0.05,max_features=192",0,0.10331877,-0.10331877
MSStandards,4,2,A3,Plate,4,2,A3,Xyl (0.25),xylose_gL,all_known,eem_interpretable,sklearn_svr,"kernel=linear,C=1,epsilon=0.05,max_features=192",0.25,0.13626968,0.11373032
MSStandards,4,2,A4,Plate,4,2,A4,Xyl (0.05),xylose_gL,all_known,eem_interpretable,sklearn_svr,"kernel=linear,C=1,epsilon=0.05,max_features=192",0.05,0.026321347,0.023678653
MSStandards,4,2,B7,Plate,4,2,B7,MMAlgae (0.01),xylose_gL,all_known,eem_interpretable,sklearn_svr,"kernel=linear,C=1,epsilon=0.05,max_features=192",0.01,0.033998525,-0.023998525
MSStandards,4,2,C5,Plate,4,2,C5,MM f/2 (1),xylose_gL,all_known,eem_interpretable,sklearn_svr,"kernel=linear,C=1,epsilon=0.05,max_features=192",1,0.13811816,0.86188184
MSStandards,4,2,C7,Plate,4,2,C7,MMAlgae (0.01),xylose_gL,all_known,eem_interpretable,sklearn_svr,"kernel=linear,C=1,epsilon=0.05,max_features=192",0.01,0.070656521,-0.060656521
MSStandards,4,2,E2,Plate,4,2,E2,Xyl (0.5),xylose_gL,all_known,eem_interpretable,sklearn_svr,"kernel=linear,C=1,epsilon=0.05,max_features=192",0.5,0.11945998,0.38054002
MSStandards,4,2,E9,Flask,4,2,E9,Algae (blank),xylose_gL,all_known,eem_interpretable,sklearn_svr,"kernel=linear,C=1,epsilon=0.05,max_features=192",0,0.03871152,-0.03871152
MSStandards,4,2,G1,Plate,4,2,G1,Xyl (1),xylose_gL,all_known,eem_interpretable,sklearn_svr,"kernel=linear,C=1,epsilon=0.05,max_features=192",1,0.087930371,0.91206963
MSStandards,4,2,G9,Plate,4,2,G9,MMAlgae (0.1),xylose_gL,all_known,eem_interpretable,sklearn_svr,"kernel=linear,C=1,epsilon=0.05,max_features=192",0.1,0.043054157,0.056945843
MSStandards,4,2,H2,Plate,4,2,H2,Xyl (0.25),xylose_gL,all_known,eem_interpretable,sklearn_svr,"kernel=linear,C=1,epsilon=0.05,max_features=192",0.25,0.069025939,0.18097406
MSStandards,4,2,H5,Plate,4,2,H5,MM f/2 (0.01),xylose_gL,all_known,eem_interpretable,sklearn_svr,"kernel=linear,C=1,epsilon=0.05,max_features=192",0.01,0.11436343,-0.10436343
MSStandards,4,1,A2,Plate,4,1,A2,Rha (1),xylose_gL,all_known,eem_interpretable,xgboost,"n_estimators=200,max_depth=2,learning_rate=0.05,max_features=192",0,0.008451785,-0.008451785
MSStandards,4,1,A4,Plate,4,1,A4,Rha (0.05),xylose_gL,all_known,eem_interpretable,xgboost,"n_estimators=200,max_depth=2,learning_rate=0.05,max_features=192",0,-0.0076883351,0.0076883351
MSStandards,4,1,A6,Plate,4,1,A6,Glu (1),xylose_gL,all_known,eem_interpretable,xgboost,"n_estimators=200,max_depth=2,learning_rate=0.05,max_features=192",0,-0.0076883351,0.0076883351
MSStandards,4,1,A8,Plate,4,1,A8,Glu (0.075),xylose_gL,all_known,eem_interpretable,xgboost,"n_estimators=200,max_depth=2,learning_rate=0.05,max_features=192",0,0.0032462624,-0.0032462624
MSStandards,4,1,A9,Plate,4,1,A9,Glu (0.01),xylose_gL,all_known,eem_interpretable,xgboost,"n_estimators=200,max_depth=2,learning_rate=0.05,max_features=192",0,0.0016536202,-0.0016536202
MSStandards,4,1,B11,Plate,4,1,B11,Rha-Xyl (0.01),xylose_gL,all_known,eem_interpretable,xgboost,"n_estimators=200,max_depth=2,learning_rate=0.05,max_features=192",0.01,0.42738536,-0.41738536
MSStandards,4,1,C2,Plate,4,1,C2,Rha (0.75),xylose_gL,all_known,eem_interpretable,xgboost,"n_estimators=200,max_depth=2,learning_rate=0.05,max_features=192",0,0.037768025,-0.037768025
MSStandards,4,1,C6,Plate,4,1,C6,Glu (0.75),xylose_gL,all_known,eem_interpretable,xgboost,"n_estimators=200,max_depth=2,learning_rate=0.05,max_features=192",0,-0.028814917,0.028814917
MSStandards,4,1,C7,Plate,4,1,C7,Glu (0.25),xylose_gL,all_known,eem_interpretable,xgboost,"n_estimators=200,max_depth=2,learning_rate=0.05,max_features=192",0,0.061151516,-0.061151516
MSStandards,4,1,C8,Plate,4,1,C8,Glu (0.05),xylose_gL,all_known,eem_interpretable,xgboost,"n_estimators=200,max_depth=2,learning_rate=0.05,max_features=192",0,0.35581204,-0.35581204
MSStandards,4,1,D3,Plate,4,1,D3,Rha (0.1),xylose_gL,all_known,eem_interpretable,xgboost,"n_estimators=200,max_depth=2,learning_rate=0.05,max_features=192",0,0.028756304,-0.028756304
MSStandards,4,1,D8,Plate,4,1,D8,Glu (0.05),xylose_gL,all_known,eem_interpretable,xgboost,"n_estimators=200,max_depth=2,learning_rate=0.05,max_features=192",0,0.12805229,-0.12805229
MSStandards,4,1,D9,Plate,4,1,D9,Rha-Glu (1),xylose_gL,all_known,eem_interpretable,xgboost,"n_estimators=200,max_depth=2,learning_rate=0.05,max_features=192",0,0.35372442,-0.35372442
MSStandards,4,1,E3,Plate,4,1,E3,Rha (0.1),xylose_gL,all_known,eem_interpretable,xgboost,"n_estimators=200,max_depth=2,learning_rate=0.05,max_features=192",0,-0.02293323,0.02293323
MSStandards,4,1,E6,Plate,4,1,E6,Glu (0.75),xylose_gL,all_known,eem_interpretable,xgboost,"n_estimators=200,max_depth=2,learning_rate=0.05,max_features=192",0,0.028756304,-0.028756304
MSStandards,4,1,F1,Plate,4,1,F1,Rha (2.5),xylose_gL,all_known,eem_interpretable,xgboost,"n_estimators=200,max_depth=2,learning_rate=0.05,max_features=192",0,0.33139008,-0.33139008
MSStandards,4,1,F10,Plate,4,1,F10,Rha-Xyl (1),xylose_gL,all_known,eem_interpretable,xgboost,"n_estimators=200,max_depth=2,learning_rate=0.05,max_features=192",1,0.7628901,0.2371099
MSStandards,4,1,F3,Plate,4,1,F3,Rha (0.075),xylose_gL,all_known,eem_interpretable,xgboost,"n_estimators=200,max_depth=2,learning_rate=0.05,max_features=192",0,-0.02293323,0.02293323
MSStandards,4,1,G1,Plate,4,1,G1,Rha (1),xylose_gL,all_known,eem_interpretable,xgboost,"n_estimators=200,max_depth=2,learning_rate=0.05,max_features=192",0,4.0284653,-4.0284653
MSStandards,4,1,G10,Plate,4,1,G10,Rha-Xyl (0.1),xylose_gL,all_known,eem_interpretable,xgboost,"n_estimators=200,max_depth=2,learning_rate=0.05,max_features=192",0.1,-0.02293323,0.12293323
MSStandards,4,1,G6,Plate,4,1,G6,Glu (0.5),xylose_gL,all_known,eem_interpretable,xgboost,"n_estimators=200,max_depth=2,learning_rate=0.05,max_features=192",0,0.028756304,-0.028756304
MSStandards,4,1,G8,Plate,4,1,G8,Glu (0.025),xylose_gL,all_known,eem_interpretable,xgboost,"n_estimators=200,max_depth=2,learning_rate=0.05,max_features=192",0,-0.028853938,0.028853938
MSStandards,4,1,H2,Plate,4,1,H2,Rha (0.25),xylose_gL,all_known,eem_interpretable,xgboost,"n_estimators=200,max_depth=2,learning_rate=0.05,max_features=192",0,4.1204824,-4.1204824
MSStandards,4,1,H4,Plate,4,1,H4,Rha (0.01),xylose_gL,all_known,eem_interpretable,xgboost,"n_estimators=200,max_depth=2,learning_rate=0.05,max_features=192",0,0.034025315,-0.034025315
MSStandards,4,2,A3,Plate,4,2,A3,Xyl (0.25),xylose_gL,all_known,eem_interpretable,xgboost,"n_estimators=200,max_depth=2,learning_rate=0.05,max_features=192",0.25,0.57894665,-0.32894665
MSStandards,4,2,A4,Plate,4,2,A4,Xyl (0.05),xylose_gL,all_known,eem_interpretable,xgboost,"n_estimators=200,max_depth=2,learning_rate=0.05,max_features=192",0.05,0.22588427,-0.17588427
MSStandards,4,2,B7,Plate,4,2,B7,MMAlgae (0.01),xylose_gL,all_known,eem_interpretable,xgboost,"n_estimators=200,max_depth=2,learning_rate=0.05,max_features=192",0.01,-0.068505265,0.078505265
MSStandards,4,2,C5,Plate,4,2,C5,MM f/2 (1),xylose_gL,all_known,eem_interpretable,xgboost,"n_estimators=200,max_depth=2,learning_rate=0.05,max_features=192",1,0.37279025,0.62720975
MSStandards,4,2,C7,Plate,4,2,C7,MMAlgae (0.01),xylose_gL,all_known,eem_interpretable,xgboost,"n_estimators=200,max_depth=2,learning_rate=0.05,max_features=192",0.01,0.21850778,-0.20850778
MSStandards,4,2,E2,Plate,4,2,E2,Xyl (0.5),xylose_gL,all_known,eem_interpretable,xgboost,"n_estimators=200,max_depth=2,learning_rate=0.05,max_features=192",0.5,0.25287798,0.24712202
MSStandards,4,2,E9,Flask,4,2,E9,Algae (blank),xylose_gL,all_known,eem_interpretable,xgboost,"n_estimators=200,max_depth=2,learning_rate=0.05,max_features=192",0,0.10629055,-0.10629055
MSStandards,4,2,G1,Plate,4,2,G1,Xyl (1),xylose_gL,all_known,eem_interpretable,xgboost,"n_estimators=200,max_depth=2,learning_rate=0.05,max_features=192",1,0.031801093,0.96819891
MSStandards,4,2,G9,Plate,4,2,G9,MMAlgae (0.1),xylose_gL,all_known,eem_interpretable,xgboost,"n_estimators=200,max_depth=2,learning_rate=0.05,max_features=192",0.1,-0.022800636,0.12280064
MSStandards,4,2,H2,Plate,4,2,H2,Xyl (0.25),xylose_gL,all_known,eem_interpretable,xgboost,"n_estimators=200,max_depth=2,learning_rate=0.05,max_features=192",0.25,0.43657398,-0.18657398
MSStandards,4,2,H5,Plate,4,2,H5,MM f/2 (0.01),xylose_gL,all_known,eem_interpretable,xgboost,"n_estimators=200,max_depth=2,learning_rate=0.05,max_features=192",0.01,0.55948621,-0.54948621
MSStandards,4,1,A2,Plate,4,1,A2,Rha (1),glucose_gL,all_known,eem_interpretable,sklearn_plsr,"n_components=2,max_features=192",0,0.21816029,-0.21816029
MSStandards,4,1,A4,Plate,4,1,A4,Rha (0.05),glucose_gL,all_known,eem_interpretable,sklearn_plsr,"n_components=2,max_features=192",0,0.11735491,-0.11735491
MSStandards,4,1,A6,Plate,4,1,A6,Glu (1),glucose_gL,all_known,eem_interpretable,sklearn_plsr,"n_components=2,max_features=192",1,0.11791902,0.88208098
MSStandards,4,1,A8,Plate,4,1,A8,Glu (0.075),glucose_gL,all_known,eem_interpretable,sklearn_plsr,"n_components=2,max_features=192",0.075,0.27144057,-0.19644057
MSStandards,4,1,A9,Plate,4,1,A9,Glu (0.01),glucose_gL,all_known,eem_interpretable,sklearn_plsr,"n_components=2,max_features=192",0.01,0.17954492,-0.16954492
MSStandards,4,1,B11,Plate,4,1,B11,Rha-Xyl (0.01),glucose_gL,all_known,eem_interpretable,sklearn_plsr,"n_components=2,max_features=192",0,0.41629042,-0.41629042
MSStandards,4,1,C2,Plate,4,1,C2,Rha (0.75),glucose_gL,all_known,eem_interpretable,sklearn_plsr,"n_components=2,max_features=192",0,0.58024197,-0.58024197
MSStandards,4,1,C6,Plate,4,1,C6,Glu (0.75),glucose_gL,all_known,eem_interpretable,sklearn_plsr,"n_components=2,max_features=192",0.75,0.45963429,0.29036571
MSStandards,4,1,C7,Plate,4,1,C7,Glu (0.25),glucose_gL,all_known,eem_interpretable,sklearn_plsr,"n_components=2,max_features=192",0.25,0.40953763,-0.15953763
MSStandards,4,1,C8,Plate,4,1,C8,Glu (0.05),glucose_gL,all_known,eem_interpretable,sklearn_plsr,"n_components=2,max_features=192",0.05,0.62118567,-0.57118567
MSStandards,4,1,D3,Plate,4,1,D3,Rha (0.1),glucose_gL,all_known,eem_interpretable,sklearn_plsr,"n_components=2,max_features=192",0,0.40056275,-0.40056275
MSStandards,4,1,D8,Plate,4,1,D8,Glu (0.05),glucose_gL,all_known,eem_interpretable,sklearn_plsr,"n_components=2,max_features=192",0.05,0.54284902,-0.49284902
MSStandards,4,1,D9,Plate,4,1,D9,Rha-Glu (1),glucose_gL,all_known,eem_interpretable,sklearn_plsr,"n_components=2,max_features=192",1,0.47424756,0.52575244
MSStandards,4,1,E3,Plate,4,1,E3,Rha (0.1),glucose_gL,all_known,eem_interpretable,sklearn_plsr,"n_components=2,max_features=192",0,0.7432431,-0.7432431
MSStandards,4,1,E6,Plate,4,1,E6,Glu (0.75),glucose_gL,all_known,eem_interpretable,sklearn_plsr,"n_components=2,max_features=192",0.75,0.37426333,0.37573667
MSStandards,4,1,F1,Plate,4,1,F1,Rha (2.5),glucose_gL,all_known,eem_interpretable,sklearn_plsr,"n_components=2,max_features=192",0,0.010023497,-0.010023497
MSStandards,4,1,F10,Plate,4,1,F10,Rha-Xyl (1),glucose_gL,all_known,eem_interpretable,sklearn_plsr,"n_components=2,max_features=192",0,0.50540526,-0.50540526
MSStandards,4,1,F3,Plate,4,1,F3,Rha (0.075),glucose_gL,all_known,eem_interpretable,sklearn_plsr,"n_components=2,max_features=192",0,0.77769581,-0.77769581
MSStandards,4,1,G1,Plate,4,1,G1,Rha (1),glucose_gL,all_known,eem_interpretable,sklearn_plsr,"n_components=2,max_features=192",0,-0.097349712,0.097349712
MSStandards,4,1,G10,Plate,4,1,G10,Rha-Xyl (0.1),glucose_gL,all_known,eem_interpretable,sklearn_plsr,"n_components=2,max_features=192",0,0.78390261,-0.78390261
MSStandards,4,1,G6,Plate,4,1,G6,Glu (0.5),glucose_gL,all_known,eem_interpretable,sklearn_plsr,"n_components=2,max_features=192",0.5,0.35346123,0.14653877
MSStandards,4,1,G8,Plate,4,1,G8,Glu (0.025),glucose_gL,all_known,eem_interpretable,sklearn_plsr,"n_components=2,max_features=192",0.025,0.61223832,-0.58723832
MSStandards,4,1,H2,Plate,4,1,H2,Rha (0.25),glucose_gL,all_known,eem_interpretable,sklearn_plsr,"n_components=2,max_features=192",0,-0.3481093,0.3481093
MSStandards,4,1,H4,Plate,4,1,H4,Rha (0.01),glucose_gL,all_known,eem_interpretable,sklearn_plsr,"n_components=2,max_features=192",0,-0.045932712,0.045932712
MSStandards,4,2,A3,Plate,4,2,A3,Xyl (0.25),glucose_gL,all_known,eem_interpretable,sklearn_plsr,"n_components=2,max_features=192",0,0.042672848,-0.042672848
MSStandards,4,2,A4,Plate,4,2,A4,Xyl (0.05),glucose_gL,all_known,eem_interpretable,sklearn_plsr,"n_components=2,max_features=192",0,0.1039133,-0.1039133
MSStandards,4,2,B7,Plate,4,2,B7,MMAlgae (0.01),glucose_gL,all_known,eem_interpretable,sklearn_plsr,"n_components=2,max_features=192",0.01,0.59051463,-0.58051463
MSStandards,4,2,C5,Plate,4,2,C5,MM f/2 (1),glucose_gL,all_known,eem_interpretable,sklearn_plsr,"n_components=2,max_features=192",1,0.071813354,0.92818665
MSStandards,4,2,C7,Plate,4,2,C7,MMAlgae (0.01),glucose_gL,all_known,eem_interpretable,sklearn_plsr,"n_components=2,max_features=192",0.01,0.019980185,-0.0099801854
MSStandards,4,2,E2,Plate,4,2,E2,Xyl (0.5),glucose_gL,all_known,eem_interpretable,sklearn_plsr,"n_components=2,max_features=192",0,-0.12017092,0.12017092
MSStandards,4,2,E9,Flask,4,2,E9,Algae (blank),glucose_gL,all_known,eem_interpretable,sklearn_plsr,"n_components=2,max_features=192",0,0.47441692,-0.47441692
MSStandards,4,2,G1,Plate,4,2,G1,Xyl (1),glucose_gL,all_known,eem_interpretable,sklearn_plsr,"n_components=2,max_features=192",0,0.049904392,-0.049904392
MSStandards,4,2,G9,Plate,4,2,G9,MMAlgae (0.1),glucose_gL,all_known,eem_interpretable,sklearn_plsr,"n_components=2,max_features=192",0.1,0.42727793,-0.32727793
MSStandards,4,2,H2,Plate,4,2,H2,Xyl (0.25),glucose_gL,all_known,eem_interpretable,sklearn_plsr,"n_components=2,max_features=192",0,0.051205799,-0.051205799
MSStandards,4,2,H5,Plate,4,2,H5,MM f/2 (0.01),glucose_gL,all_known,eem_interpretable,sklearn_plsr,"n_components=2,max_features=192",0.01,0.0074995921,0.0025004079
MSStandards,4,1,A2,Plate,4,1,A2,Rha (1),glucose_gL,all_known,eem_interpretable,sklearn_plsr,"n_components=5,max_features=192",0,0.29326589,-0.29326589
MSStandards,4,1,A4,Plate,4,1,A4,Rha (0.05),glucose_gL,all_known,eem_interpretable,sklearn_plsr,"n_components=5,max_features=192",0,0.2563617,-0.2563617
MSStandards,4,1,A6,Plate,4,1,A6,Glu (1),glucose_gL,all_known,eem_interpretable,sklearn_plsr,"n_components=5,max_features=192",1,0.28659846,0.71340154
MSStandards,4,1,A8,Plate,4,1,A8,Glu (0.075),glucose_gL,all_known,eem_interpretable,sklearn_plsr,"n_components=5,max_features=192",0.075,0.38333295,-0.30833295
MSStandards,4,1,A9,Plate,4,1,A9,Glu (0.01),glucose_gL,all_known,eem_interpretable,sklearn_plsr,"n_components=5,max_features=192",0.01,0.1111876,-0.1011876
MSStandards,4,1,B11,Plate,4,1,B11,Rha-Xyl (0.01),glucose_gL,all_known,eem_interpretable,sklearn_plsr,"n_components=5,max_features=192",0,0.22934921,-0.22934921
MSStandards,4,1,C2,Plate,4,1,C2,Rha (0.75),glucose_gL,all_known,eem_interpretable,sklearn_plsr,"n_components=5,max_features=192",0,0.52356693,-0.52356693
MSStandards,4,1,C6,Plate,4,1,C6,Glu (0.75),glucose_gL,all_known,eem_interpretable,sklearn_plsr,"n_components=5,max_features=192",0.75,0.63955766,0.11044234
MSStandards,4,1,C7,Plate,4,1,C7,Glu (0.25),glucose_gL,all_known,eem_interpretable,sklearn_plsr,"n_components=5,max_features=192",0.25,0.51716672,-0.26716672
MSStandards,4,1,C8,Plate,4,1,C8,Glu (0.05),glucose_gL,all_known,eem_interpretable,sklearn_plsr,"n_components=5,max_features=192",0.05,0.76044749,-0.71044749
MSStandards,4,1,D3,Plate,4,1,D3,Rha (0.1),glucose_gL,all_known,eem_interpretable,sklearn_plsr,"n_components=5,max_features=192",0,0.39418738,-0.39418738
MSStandards,4,1,D8,Plate,4,1,D8,Glu (0.05),glucose_gL,all_known,eem_interpretable,sklearn_plsr,"n_components=5,max_features=192",0.05,0.65513586,-0.60513586
MSStandards,4,1,D9,Plate,4,1,D9,Rha-Glu (1),glucose_gL,all_known,eem_interpretable,sklearn_plsr,"n_components=5,max_features=192",1,0.39316591,0.60683409
MSStandards,4,1,E3,Plate,4,1,E3,Rha (0.1),glucose_gL,all_known,eem_interpretable,sklearn_plsr,"n_components=5,max_features=192",0,0.58973149,-0.58973149
MSStandards,4,1,E6,Plate,4,1,E6,Glu (0.75),glucose_gL,all_known,eem_interpretable,sklearn_plsr,"n_components=5,max_features=192",0.75,0.30966263,0.44033737
MSStandards,4,1,F1,Plate,4,1,F1,Rha (2.5),glucose_gL,all_known,eem_interpretable,sklearn_plsr,"n_components=5,max_features=192",0,0.061736568,-0.061736568
MSStandards,4,1,F10,Plate,4,1,F10,Rha-Xyl (1),glucose_gL,all_known,eem_interpretable,sklearn_plsr,"n_components=5,max_features=192",0,-0.30818644,0.30818644
MSStandards,4,1,F3,Plate,4,1,F3,Rha (0.075),glucose_gL,all_known,eem_interpretable,sklearn_plsr,"n_components=5,max_features=192",0,0.78654991,-0.78654991
MSStandards,4,1,G1,Plate,4,1,G1,Rha (1),glucose_gL,all_known,eem_interpretable,sklearn_plsr,"n_components=5,max_features=192",0,0.33811064,-0.33811064
MSStandards,4,1,G10,Plate,4,1,G10,Rha-Xyl (0.1),glucose_gL,all_known,eem_interpretable,sklearn_plsr,"n_components=5,max_features=192",0,0.75968467,-0.75968467
MSStandards,4,1,G6,Plate,4,1,G6,Glu (0.5),glucose_gL,all_known,eem_interpretable,sklearn_plsr,"n_components=5,max_features=192",0.5,0.33966383,0.16033617
MSStandards,4,1,G8,Plate,4,1,G8,Glu (0.025),glucose_gL,all_known,eem_interpretable,sklearn_plsr,"n_components=5,max_features=192",0.025,0.62977063,-0.60477063
MSStandards,4,1,H2,Plate,4,1,H2,Rha (0.25),glucose_gL,all_known,eem_interpretable,sklearn_plsr,"n_components=5,max_features=192",0,-0.38203327,0.38203327
MSStandards,4,1,H4,Plate,4,1,H4,Rha (0.01),glucose_gL,all_known,eem_interpretable,sklearn_plsr,"n_components=5,max_features=192",0,0.242849,-0.242849
MSStandards,4,2,A3,Plate,4,2,A3,Xyl (0.25),glucose_gL,all_known,eem_interpretable,sklearn_plsr,"n_components=5,max_features=192",0,0.33876705,-0.33876705
MSStandards,4,2,A4,Plate,4,2,A4,Xyl (0.05),glucose_gL,all_known,eem_interpretable,sklearn_plsr,"n_components=5,max_features=192",0,0.069138607,-0.069138607
MSStandards,4,2,B7,Plate,4,2,B7,MMAlgae (0.01),glucose_gL,all_known,eem_interpretable,sklearn_plsr,"n_components=5,max_features=192",0.01,0.52977844,-0.51977844
MSStandards,4,2,C5,Plate,4,2,C5,MM f/2 (1),glucose_gL,all_known,eem_interpretable,sklearn_plsr,"n_components=5,max_features=192",1,0.087864796,0.9121352
MSStandards,4,2,C7,Plate,4,2,C7,MMAlgae (0.01),glucose_gL,all_known,eem_interpretable,sklearn_plsr,"n_components=5,max_features=192",0.01,0.12041926,-0.11041926
MSStandards,4,2,E2,Plate,4,2,E2,Xyl (0.5),glucose_gL,all_known,eem_interpretable,sklearn_plsr,"n_components=5,max_features=192",0,0.034669378,-0.034669378
MSStandards,4,2,E9,Flask,4,2,E9,Algae (blank),glucose_gL,all_known,eem_interpretable,sklearn_plsr,"n_components=5,max_features=192",0,0.3398036,-0.3398036
MSStandards,4,2,G1,Plate,4,2,G1,Xyl (1),glucose_gL,all_known,eem_interpretable,sklearn_plsr,"n_components=5,max_features=192",0,0.26546928,-0.26546928
MSStandards,4,2,G9,Plate,4,2,G9,MMAlgae (0.1),glucose_gL,all_known,eem_interpretable,sklearn_plsr,"n_components=5,max_features=192",0.1,0.53324145,-0.43324145
MSStandards,4,2,H2,Plate,4,2,H2,Xyl (0.25),glucose_gL,all_known,eem_interpretable,sklearn_plsr,"n_components=5,max_features=192",0,0.20305207,-0.20305207
MSStandards,4,2,H5,Plate,4,2,H5,MM f/2 (0.01),glucose_gL,all_known,eem_interpretable,sklearn_plsr,"n_components=5,max_features=192",0.01,0.17713126,-0.16713126
MSStandards,4,1,A2,Plate,4,1,A2,Rha (1),glucose_gL,all_known,eem_interpretable,sklearn_svr,"kernel=rbf,C=10,epsilon=0.05,max_features=192",0,0.05458739,-0.05458739
MSStandards,4,1,A4,Plate,4,1,A4,Rha (0.05),glucose_gL,all_known,eem_interpretable,sklearn_svr,"kernel=rbf,C=10,epsilon=0.05,max_features=192",0,-0.086865712,0.086865712
MSStandards,4,1,A6,Plate,4,1,A6,Glu (1),glucose_gL,all_known,eem_interpretable,sklearn_svr,"kernel=rbf,C=10,epsilon=0.05,max_features=192",1,-0.073789577,1.0737896
MSStandards,4,1,A8,Plate,4,1,A8,Glu (0.075),glucose_gL,all_known,eem_interpretable,sklearn_svr,"kernel=rbf,C=10,epsilon=0.05,max_features=192",0.075,0.093703486,-0.018703486
MSStandards,4,1,A9,Plate,4,1,A9,Glu (0.01),glucose_gL,all_known,eem_interpretable,sklearn_svr,"kernel=rbf,C=10,epsilon=0.05,max_features=192",0.01,0.045447411,-0.035447411
MSStandards,4,1,B11,Plate,4,1,B11,Rha-Xyl (0.01),glucose_gL,all_known,eem_interpretable,sklearn_svr,"kernel=rbf,C=10,epsilon=0.05,max_features=192",0,0.12380396,-0.12380396
MSStandards,4,1,C2,Plate,4,1,C2,Rha (0.75),glucose_gL,all_known,eem_interpretable,sklearn_svr,"kernel=rbf,C=10,epsilon=0.05,max_features=192",0,0.0090229043,-0.0090229043
MSStandards,4,1,C6,Plate,4,1,C6,Glu (0.75),glucose_gL,all_known,eem_interpretable,sklearn_svr,"kernel=rbf,C=10,epsilon=0.05,max_features=192",0.75,0.086166459,0.66383354
MSStandards,4,1,C7,Plate,4,1,C7,Glu (0.25),glucose_gL,all_known,eem_interpretable,sklearn_svr,"kernel=rbf,C=10,epsilon=0.05,max_features=192",0.25,0.059912256,0.19008774
MSStandards,4,1,C8,Plate,4,1,C8,Glu (0.05),glucose_gL,all_known,eem_interpretable,sklearn_svr,"kernel=rbf,C=10,epsilon=0.05,max_features=192",0.05,-0.18943457,0.23943457
MSStandards,4,1,D3,Plate,4,1,D3,Rha (0.1),glucose_gL,all_known,eem_interpretable,sklearn_svr,"kernel=rbf,C=10,epsilon=0.05,max_features=192",0,0.15054597,-0.15054597
MSStandards,4,1,D8,Plate,4,1,D8,Glu (0.05),glucose_gL,all_known,eem_interpretable,sklearn_svr,"kernel=rbf,C=10,epsilon=0.05,max_features=192",0.05,-0.015461894,0.065461894
MSStandards,4,1,D9,Plate,4,1,D9,Rha-Glu (1),glucose_gL,all_known,eem_interpretable,sklearn_svr,"kernel=rbf,C=10,epsilon=0.05,max_features=192",1,0.25696555,0.74303445
MSStandards,4,1,E3,Plate,4,1,E3,Rha (0.1),glucose_gL,all_known,eem_interpretable,sklearn_svr,"kernel=rbf,C=10,epsilon=0.05,max_features=192",0,0.049296285,-0.049296285
MSStandards,4,1,E6,Plate,4,1,E6,Glu (0.75),glucose_gL,all_known,eem_interpretable,sklearn_svr,"kernel=rbf,C=10,epsilon=0.05,max_features=192",0.75,-0.012895044,0.76289504
MSStandards,4,1,F1,Plate,4,1,F1,Rha (2.5),glucose_gL,all_known,eem_interpretable,sklearn_svr,"kernel=rbf,C=10,epsilon=0.05,max_features=192",0,0.032306307,-0.032306307
MSStandards,4,1,F10,Plate,4,1,F10,Rha-Xyl (1),glucose_gL,all_known,eem_interpretable,sklearn_svr,"kernel=rbf,C=10,epsilon=0.05,max_features=192",0,0.15168275,-0.15168275
MSStandards,4,1,F3,Plate,4,1,F3,Rha (0.075),glucose_gL,all_known,eem_interpretable,sklearn_svr,"kernel=rbf,C=10,epsilon=0.05,max_features=192",0,0.2375474,-0.2375474
MSStandards,4,1,G1,Plate,4,1,G1,Rha (1),glucose_gL,all_known,eem_interpretable,sklearn_svr,"kernel=rbf,C=10,epsilon=0.05,max_features=192",0,0.20749553,-0.20749553
MSStandards,4,1,G10,Plate,4,1,G10,Rha-Xyl (0.1),glucose_gL,all_known,eem_interpretable,sklearn_svr,"kernel=rbf,C=10,epsilon=0.05,max_features=192",0,0.27252928,-0.27252928
MSStandards,4,1,G6,Plate,4,1,G6,Glu (0.5),glucose_gL,all_known,eem_interpretable,sklearn_svr,"kernel=rbf,C=10,epsilon=0.05,max_features=192",0.5,0.043478094,0.45652191
MSStandards,4,1,G8,Plate,4,1,G8,Glu (0.025),glucose_gL,all_known,eem_interpretable,sklearn_svr,"kernel=rbf,C=10,epsilon=0.05,max_features=192",0.025,0.01442726,0.01057274
MSStandards,4,1,H2,Plate,4,1,H2,Rha (0.25),glucose_gL,all_known,eem_interpretable,sklearn_svr,"kernel=rbf,C=10,epsilon=0.05,max_features=192",0,0.41087885,-0.41087885
MSStandards,4,1,H4,Plate,4,1,H4,Rha (0.01),glucose_gL,all_known,eem_interpretable,sklearn_svr,"kernel=rbf,C=10,epsilon=0.05,max_features=192",0,0.13963459,-0.13963459
MSStandards,4,2,A3,Plate,4,2,A3,Xyl (0.25),glucose_gL,all_known,eem_interpretable,sklearn_svr,"kernel=rbf,C=10,epsilon=0.05,max_features=192",0,0.16639996,-0.16639996
MSStandards,4,2,A4,Plate,4,2,A4,Xyl (0.05),glucose_gL,all_known,eem_interpretable,sklearn_svr,"kernel=rbf,C=10,epsilon=0.05,max_features=192",0,0.090645313,-0.090645313
MSStandards,4,2,B7,Plate,4,2,B7,MMAlgae (0.01),glucose_gL,all_known,eem_interpretable,sklearn_svr,"kernel=rbf,C=10,epsilon=0.05,max_features=192",0.01,0.11863341,-0.10863341
MSStandards,4,2,C5,Plate,4,2,C5,MM f/2 (1),glucose_gL,all_known,eem_interpretable,sklearn_svr,"kernel=rbf,C=10,epsilon=0.05,max_features=192",1,-0.15713956,1.1571396
MSStandards,4,2,C7,Plate,4,2,C7,MMAlgae (0.01),glucose_gL,all_known,eem_interpretable,sklearn_svr,"kernel=rbf,C=10,epsilon=0.05,max_features=192",0.01,0.1473599,-0.1373599
MSStandards,4,2,E2,Plate,4,2,E2,Xyl (0.5),glucose_gL,all_known,eem_interpretable,sklearn_svr,"kernel=rbf,C=10,epsilon=0.05,max_features=192",0,0.83851756,-0.83851756
MSStandards,4,2,E9,Flask,4,2,E9,Algae (blank),glucose_gL,all_known,eem_interpretable,sklearn_svr,"kernel=rbf,C=10,epsilon=0.05,max_features=192",0,0.01799072,-0.01799072
MSStandards,4,2,G1,Plate,4,2,G1,Xyl (1),glucose_gL,all_known,eem_interpretable,sklearn_svr,"kernel=rbf,C=10,epsilon=0.05,max_features=192",0,0.0985148,-0.0985148
MSStandards,4,2,G9,Plate,4,2,G9,MMAlgae (0.1),glucose_gL,all_known,eem_interpretable,sklearn_svr,"kernel=rbf,C=10,epsilon=0.05,max_features=192",0.1,0.16557994,-0.065579939
MSStandards,4,2,H2,Plate,4,2,H2,Xyl (0.25),glucose_gL,all_known,eem_interpretable,sklearn_svr,"kernel=rbf,C=10,epsilon=0.05,max_features=192",0,0.14667607,-0.14667607
MSStandards,4,2,H5,Plate,4,2,H5,MM f/2 (0.01),glucose_gL,all_known,eem_interpretable,sklearn_svr,"kernel=rbf,C=10,epsilon=0.05,max_features=192",0.01,0.043523033,-0.033523033
MSStandards,4,1,A2,Plate,4,1,A2,Rha (1),glucose_gL,all_known,eem_interpretable,sklearn_svr,"kernel=linear,C=1,epsilon=0.05,max_features=192",0,0.049917962,-0.049917962
MSStandards,4,1,A4,Plate,4,1,A4,Rha (0.05),glucose_gL,all_known,eem_interpretable,sklearn_svr,"kernel=linear,C=1,epsilon=0.05,max_features=192",0,0.050031439,-0.050031439
MSStandards,4,1,A6,Plate,4,1,A6,Glu (1),glucose_gL,all_known,eem_interpretable,sklearn_svr,"kernel=linear,C=1,epsilon=0.05,max_features=192",1,0.050058666,0.94994133
MSStandards,4,1,A8,Plate,4,1,A8,Glu (0.075),glucose_gL,all_known,eem_interpretable,sklearn_svr,"kernel=linear,C=1,epsilon=0.05,max_features=192",0.075,0.050084792,0.024915208
MSStandards,4,1,A9,Plate,4,1,A9,Glu (0.01),glucose_gL,all_known,eem_interpretable,sklearn_svr,"kernel=linear,C=1,epsilon=0.05,max_features=192",0.01,0.049881594,-0.039881594
MSStandards,4,1,B11,Plate,4,1,B11,Rha-Xyl (0.01),glucose_gL,all_known,eem_interpretable,sklearn_svr,"kernel=linear,C=1,epsilon=0.05,max_features=192",0,0.049857942,-0.049857942
MSStandards,4,1,C2,Plate,4,1,C2,Rha (0.75),glucose_gL,all_known,eem_interpretable,sklearn_svr,"kernel=linear,C=1,epsilon=0.05,max_features=192",0,0.050070417,-0.050070417
MSStandards,4,1,C6,Plate,4,1,C6,Glu (0.75),glucose_gL,all_known,eem_interpretable,sklearn_svr,"kernel=linear,C=1,epsilon=0.05,max_features=192",0.75,0.050316636,0.69968336
MSStandards,4,1,C7,Plate,4,1,C7,Glu (0.25),glucose_gL,all_known,eem_interpretable,sklearn_svr,"kernel=linear,C=1,epsilon=0.05,max_features=192",0.25,0.050193423,0.19980658
MSStandards,4,1,C8,Plate,4,1,C8,Glu (0.05),glucose_gL,all_known,eem_interpretable,sklearn_svr,"kernel=linear,C=1,epsilon=0.05,max_features=192",0.05,0.050154512,-0.00015451192
MSStandards,4,1,D3,Plate,4,1,D3,Rha (0.1),glucose_gL,all_known,eem_interpretable,sklearn_svr,"kernel=linear,C=1,epsilon=0.05,max_features=192",0,0.050043657,-0.050043657
MSStandards,4,1,D8,Plate,4,1,D8,Glu (0.05),glucose_gL,all_known,eem_interpretable,sklearn_svr,"kernel=linear,C=1,epsilon=0.05,max_features=192",0.05,0.050266645,-0.00026664476
MSStandards,4,1,D9,Plate,4,1,D9,Rha-Glu (1),glucose_gL,all_known,eem_interpretable,sklearn_svr,"kernel=linear,C=1,epsilon=0.05,max_features=192",1,0.050006179,0.94999382
MSStandards,4,1,E3,Plate,4,1,E3,Rha (0.1),glucose_gL,all_known,eem_interpretable,sklearn_svr,"kernel=linear,C=1,epsilon=0.05,max_features=192",0,0.050297548,-0.050297548
MSStandards,4,1,E6,Plate,4,1,E6,Glu (0.75),glucose_gL,all_known,eem_interpretable,sklearn_svr,"kernel=linear,C=1,epsilon=0.05,max_features=192",0.75,0.04998402,0.70001598
MSStandards,4,1,F1,Plate,4,1,F1,Rha (2.5),glucose_gL,all_known,eem_interpretable,sklearn_svr,"kernel=linear,C=1,epsilon=0.05,max_features=192",0,0.049802908,-0.049802908
MSStandards,4,1,F10,Plate,4,1,F10,Rha-Xyl (1),glucose_gL,all_known,eem_interpretable,sklearn_svr,"kernel=linear,C=1,epsilon=0.05,max_features=192",0,0.049974596,-0.049974596
MSStandards,4,1,F3,Plate,4,1,F3,Rha (0.075),glucose_gL,all_known,eem_interpretable,sklearn_svr,"kernel=linear,C=1,epsilon=0.05,max_features=192",0,0.050199635,-0.050199635
MSStandards,4,1,G1,Plate,4,1,G1,Rha (1),glucose_gL,all_known,eem_interpretable,sklearn_svr,"kernel=linear,C=1,epsilon=0.05,max_features=192",0,0.05033996,-0.05033996
MSStandards,4,1,G10,Plate,4,1,G10,Rha-Xyl (0.1),glucose_gL,all_known,eem_interpretable,sklearn_svr,"kernel=linear,C=1,epsilon=0.05,max_features=192",0,0.050228436,-0.050228436
MSStandards,4,1,G6,Plate,4,1,G6,Glu (0.5),glucose_gL,all_known,eem_interpretable,sklearn_svr,"kernel=linear,C=1,epsilon=0.05,max_features=192",0.5,0.050073305,0.44992669
MSStandards,4,1,G8,Plate,4,1,G8,Glu (0.025),glucose_gL,all_known,eem_interpretable,sklearn_svr,"kernel=linear,C=1,epsilon=0.05,max_features=192",0.025,0.050197434,-0.025197434
MSStandards,4,1,H2,Plate,4,1,H2,Rha (0.25),glucose_gL,all_known,eem_interpretable,sklearn_svr,"kernel=linear,C=1,epsilon=0.05,max_features=192",0,0.050516771,-0.050516771
MSStandards,4,1,H4,Plate,4,1,H4,Rha (0.01),glucose_gL,all_known,eem_interpretable,sklearn_svr,"kernel=linear,C=1,epsilon=0.05,max_features=192",0,0.049919967,-0.049919967
MSStandards,4,2,A3,Plate,4,2,A3,Xyl (0.25),glucose_gL,all_known,eem_interpretable,sklearn_svr,"kernel=linear,C=1,epsilon=0.05,max_features=192",0,0.049775365,-0.049775365
MSStandards,4,2,A4,Plate,4,2,A4,Xyl (0.05),glucose_gL,all_known,eem_interpretable,sklearn_svr,"kernel=linear,C=1,epsilon=0.05,max_features=192",0,0.049747665,-0.049747665
MSStandards,4,2,B7,Plate,4,2,B7,MMAlgae (0.01),glucose_gL,all_known,eem_interpretable,sklearn_svr,"kernel=linear,C=1,epsilon=0.05,max_features=192",0.01,0.050256799,-0.040256799
MSStandards,4,2,C5,Plate,4,2,C5,MM f/2 (1),glucose_gL,all_known,eem_interpretable,sklearn_svr,"kernel=linear,C=1,epsilon=0.05,max_features=192",1,0.050001745,0.94999825
MSStandards,4,2,C7,Plate,4,2,C7,MMAlgae (0.01),glucose_gL,all_known,eem_interpretable,sklearn_svr,"kernel=linear,C=1,epsilon=0.05,max_features=192",0.01,0.05018631,-0.04018631
MSStandards,4,2,E2,Plate,4,2,E2,Xyl (0.5),glucose_gL,all_known,eem_interpretable,sklearn_svr,"kernel=linear,C=1,epsilon=0.05,max_features=192",0,0.050063476,-0.050063476
MSStandards,4,2,E9,Flask,4,2,E9,Algae (blank),glucose_gL,all_known,eem_interpretable,sklearn_svr,"kernel=linear,C=1,epsilon=0.05,max_features=192",0,0.050216239,-0.050216239
MSStandards,4,2,G1,Plate,4,2,G1,Xyl (1),glucose_gL,all_known,eem_interpretable,sklearn_svr,"kernel=linear,C=1,epsilon=0.05,max_features=192",0,0.050025267,-0.050025267
MSStandards,4,2,G9,Plate,4,2,G9,MMAlgae (0.1),glucose_gL,all_known,eem_interpretable,sklearn_svr,"kernel=linear,C=1,epsilon=0.05,max_features=192",0.1,0.050285259,0.049714741
MSStandards,4,2,H2,Plate,4,2,H2,Xyl (0.25),glucose_gL,all_known,eem_interpretable,sklearn_svr,"kernel=linear,C=1,epsilon=0.05,max_features=192",0,0.049690709,-0.049690709
MSStandards,4,2,H5,Plate,4,2,H5,MM f/2 (0.01),glucose_gL,all_known,eem_interpretable,sklearn_svr,"kernel=linear,C=1,epsilon=0.05,max_features=192",0.01,0.049980645,-0.039980645
MSStandards,4,1,A2,Plate,4,1,A2,Rha (1),glucose_gL,all_known,eem_interpretable,xgboost,"n_estimators=200,max_depth=2,learning_rate=0.05,max_features=192",0,0.15813455,-0.15813455
MSStandards,4,1,A4,Plate,4,1,A4,Rha (0.05),glucose_gL,all_known,eem_interpretable,xgboost,"n_estimators=200,max_depth=2,learning_rate=0.05,max_features=192",0,0.021477355,-0.021477355
MSStandards,4,1,A6,Plate,4,1,A6,Glu (1),glucose_gL,all_known,eem_interpretable,xgboost,"n_estimators=200,max_depth=2,learning_rate=0.05,max_features=192",1,0.3691195,0.6308805
MSStandards,4,1,A8,Plate,4,1,A8,Glu (0.075),glucose_gL,all_known,eem_interpretable,xgboost,"n_estimators=200,max_depth=2,learning_rate=0.05,max_features=192",0.075,0.073770598,0.0012294024
MSStandards,4,1,A9,Plate,4,1,A9,Glu (0.01),glucose_gL,all_known,eem_interpretable,xgboost,"n_estimators=200,max_depth=2,learning_rate=0.05,max_features=192",0.01,-0.28519383,0.29519383
MSStandards,4,1,B11,Plate,4,1,B11,Rha-Xyl (0.01),glucose_gL,all_known,eem_interpretable,xgboost,"n_estimators=200,max_depth=2,learning_rate=0.05,max_features=192",0,0.27644986,-0.27644986
MSStandards,4,1,C2,Plate,4,1,C2,Rha (0.75),glucose_gL,all_known,eem_interpretable,xgboost,"n_estimators=200,max_depth=2,learning_rate=0.05,max_features=192",0,0.068934925,-0.068934925
MSStandards,4,1,C6,Plate,4,1,C6,Glu (0.75),glucose_gL,all_known,eem_interpretable,xgboost,"n_estimators=200,max_depth=2,learning_rate=0.05,max_features=192",0.75,0.056950595,0.6930494
MSStandards,4,1,C7,Plate,4,1,C7,Glu (0.25),glucose_gL,all_known,eem_interpretable,xgboost,"n_estimators=200,max_depth=2,learning_rate=0.05,max_features=192",0.25,0.040498484,0.20950152
MSStandards,4,1,C8,Plate,4,1,C8,Glu (0.05),glucose_gL,all_known,eem_interpretable,xgboost,"n_estimators=200,max_depth=2,learning_rate=0.05,max_features=192",0.05,-0.0021651657,0.052165166
MSStandards,4,1,D3,Plate,4,1,D3,Rha (0.1),glucose_gL,all_known,eem_interpretable,xgboost,"n_estimators=200,max_depth=2,learning_rate=0.05,max_features=192",0,0.04652068,-0.04652068
MSStandards,4,1,D8,Plate,4,1,D8,Glu (0.05),glucose_gL,all_known,eem_interpretable,xgboost,"n_estimators=200,max_depth=2,learning_rate=0.05,max_features=192",0.05,0.04427265,0.00572735
MSStandards,4,1,D9,Plate,4,1,D9,Rha-Glu (1),glucose_gL,all_known,eem_interpretable,xgboost,"n_estimators=200,max_depth=2,learning_rate=0.05,max_features=192",1,0.15792648,0.84207352
MSStandards,4,1,E3,Plate,4,1,E3,Rha (0.1),glucose_gL,all_known,eem_interpretable,xgboost,"n_estimators=200,max_depth=2,learning_rate=0.05,max_features=192",0,0.53001142,-0.53001142
MSStandards,4,1,E6,Plate,4,1,E6,Glu (0.75),glucose_gL,all_known,eem_interpretable,xgboost,"n_estimators=200,max_depth=2,learning_rate=0.05,max_features=192",0.75,0.14141618,0.60858382
MSStandards,4,1,F1,Plate,4,1,F1,Rha (2.5),glucose_gL,all_known,eem_interpretable,xgboost,"n_estimators=200,max_depth=2,learning_rate=0.05,max_features=192",0,0.15696286,-0.15696286
MSStandards,4,1,F10,Plate,4,1,F10,Rha-Xyl (1),glucose_gL,all_known,eem_interpretable,xgboost,"n_estimators=200,max_depth=2,learning_rate=0.05,max_features=192",0,0.080873042,-0.080873042
MSStandards,4,1,F3,Plate,4,1,F3,Rha (0.075),glucose_gL,all_known,eem_interpretable,xgboost,"n_estimators=200,max_depth=2,learning_rate=0.05,max_features=192",0,1.6827151,-1.6827151
MSStandards,4,1,G1,Plate,4,1,G1,Rha (1),glucose_gL,all_known,eem_interpretable,xgboost,"n_estimators=200,max_depth=2,learning_rate=0.05,max_features=192",0,0.20960158,-0.20960158
MSStandards,4,1,G10,Plate,4,1,G10,Rha-Xyl (0.1),glucose_gL,all_known,eem_interpretable,xgboost,"n_estimators=200,max_depth=2,learning_rate=0.05,max_features=192",0,1.9105412,-1.9105412
MSStandards,4,1,G6,Plate,4,1,G6,Glu (0.5),glucose_gL,all_known,eem_interpretable,xgboost,"n_estimators=200,max_depth=2,learning_rate=0.05,max_features=192",0.5,-0.044195,0.544195
MSStandards,4,1,G8,Plate,4,1,G8,Glu (0.025),glucose_gL,all_known,eem_interpretable,xgboost,"n_estimators=200,max_depth=2,learning_rate=0.05,max_features=192",0.025,0.05156976,-0.02656976
MSStandards,4,1,H2,Plate,4,1,H2,Rha (0.25),glucose_gL,all_known,eem_interpretable,xgboost,"n_estimators=200,max_depth=2,learning_rate=0.05,max_features=192",0,0.14887522,-0.14887522
MSStandards,4,1,H4,Plate,4,1,H4,Rha (0.01),glucose_gL,all_known,eem_interpretable,xgboost,"n_estimators=200,max_depth=2,learning_rate=0.05,max_features=192",0,0.24507596,-0.24507596
MSStandards,4,2,A3,Plate,4,2,A3,Xyl (0.25),glucose_gL,all_known,eem_interpretable,xgboost,"n_estimators=200,max_depth=2,learning_rate=0.05,max_features=192",0,0.2335936,-0.2335936
MSStandards,4,2,A4,Plate,4,2,A4,Xyl (0.05),glucose_gL,all_known,eem_interpretable,xgboost,"n_estimators=200,max_depth=2,learning_rate=0.05,max_features=192",0,-0.085387774,0.085387774
MSStandards,4,2,B7,Plate,4,2,B7,MMAlgae (0.01),glucose_gL,all_known,eem_interpretable,xgboost,"n_estimators=200,max_depth=2,learning_rate=0.05,max_features=192",0.01,0.052533153,-0.042533153
MSStandards,4,2,C5,Plate,4,2,C5,MM f/2 (1),glucose_gL,all_known,eem_interpretable,xgboost,"n_estimators=200,max_depth=2,learning_rate=0.05,max_features=192",1,0.031087046,0.96891295
MSStandards,4,2,C7,Plate,4,2,C7,MMAlgae (0.01),glucose_gL,all_known,eem_interpretable,xgboost,"n_estimators=200,max_depth=2,learning_rate=0.05,max_features=192",0.01,0.11287986,-0.10287986
MSStandards,4,2,E2,Plate,4,2,E2,Xyl (0.5),glucose_gL,all_known,eem_interpretable,xgboost,"n_estimators=200,max_depth=2,learning_rate=0.05,max_features=192",0,0.18793045,-0.18793045
MSStandards,4,2,E9,Flask,4,2,E9,Algae (blank),glucose_gL,all_known,eem_interpretable,xgboost,"n_estimators=200,max_depth=2,learning_rate=0.05,max_features=192",0,0.3131879,-0.3131879
MSStandards,4,2,G1,Plate,4,2,G1,Xyl (1),glucose_gL,all_known,eem_interpretable,xgboost,"n_estimators=200,max_depth=2,learning_rate=0.05,max_features=192",0,0.037746649,-0.037746649
MSStandards,4,2,G9,Plate,4,2,G9,MMAlgae (0.1),glucose_gL,all_known,eem_interpretable,xgboost,"n_estimators=200,max_depth=2,learning_rate=0.05,max_features=192",0.1,0.092090257,0.0079097435
MSStandards,4,2,H2,Plate,4,2,H2,Xyl (0.25),glucose_gL,all_known,eem_interpretable,xgboost,"n_estimators=200,max_depth=2,learning_rate=0.05,max_features=192",0,0.040859804,-0.040859804
MSStandards,4,2,H5,Plate,4,2,H5,MM f/2 (0.01),glucose_gL,all_known,eem_interpretable,xgboost,"n_estimators=200,max_depth=2,learning_rate=0.05,max_features=192",0.01,0.037746649,-0.027746649
MSStandards,4,1,A2,Plate,4,1,A2,Rha (1),rhamnose_gL,all_known,fusion_interpretable,sklearn_plsr,"n_components=2,max_features=192",1,0.19305041,0.80694959
MSStandards,4,1,A6,Plate,4,1,A6,Glu (1),rhamnose_gL,all_known,fusion_interpretable,sklearn_plsr,"n_components=2,max_features=192",0,3.3091336,-3.3091336
MSStandards,4,1,A8,Plate,4,1,A8,Glu (0.075),rhamnose_gL,all_known,fusion_interpretable,sklearn_plsr,"n_components=2,max_features=192",0,0.090462156,-0.090462156
MSStandards,4,1,A9,Plate,4,1,A9,Glu (0.01),rhamnose_gL,all_known,fusion_interpretable,sklearn_plsr,"n_components=2,max_features=192",0,0.052572712,-0.052572712
MSStandards,4,1,B11,Plate,4,1,B11,Rha-Xyl (0.01),rhamnose_gL,all_known,fusion_interpretable,sklearn_plsr,"n_components=2,max_features=192",0.01,0.45530562,-0.44530562
MSStandards,4,1,C10,Plate,4,1,C10,Rha-Glu (0.01),rhamnose_gL,all_known,fusion_interpretable,sklearn_plsr,"n_components=2,max_features=192",0.01,0.34441088,-0.33441088
MSStandards,4,1,C2,Plate,4,1,C2,Rha (0.75),rhamnose_gL,all_known,fusion_interpretable,sklearn_plsr,"n_components=2,max_features=192",0.75,0.13338679,0.61661321
MSStandards,4,1,C6,Plate,4,1,C6,Glu (0.75),rhamnose_gL,all_known,fusion_interpretable,sklearn_plsr,"n_components=2,max_features=192",0,0.35140831,-0.35140831
MSStandards,4,1,C7,Plate,4,1,C7,Glu (0.25),rhamnose_gL,all_known,fusion_interpretable,sklearn_plsr,"n_components=2,max_features=192",0,0.36361289,-0.36361289
MSStandards,4,1,C8,Plate,4,1,C8,Glu (0.05),rhamnose_gL,all_known,fusion_interpretable,sklearn_plsr,"n_components=2,max_features=192",0,0.47482198,-0.47482198
MSStandards,4,1,D3,Plate,4,1,D3,Rha (0.1),rhamnose_gL,all_known,fusion_interpretable,sklearn_plsr,"n_components=2,max_features=192",0.1,0.071210031,0.028789969
MSStandards,4,1,D8,Plate,4,1,D8,Glu (0.05),rhamnose_gL,all_known,fusion_interpretable,sklearn_plsr,"n_components=2,max_features=192",0,0.21572095,-0.21572095
MSStandards,4,1,D9,Plate,4,1,D9,Rha-Glu (1),rhamnose_gL,all_known,fusion_interpretable,sklearn_plsr,"n_components=2,max_features=192",1,0.40559058,0.59440942
MSStandards,4,1,E3,Plate,4,1,E3,Rha (0.1),rhamnose_gL,all_known,fusion_interpretable,sklearn_plsr,"n_components=2,max_features=192",0.1,0.026418754,0.073581246
MSStandards,4,1,E6,Plate,4,1,E6,Glu (0.75),rhamnose_gL,all_known,fusion_interpretable,sklearn_plsr,"n_components=2,max_features=192",0,0.69711153,-0.69711153
MSStandards,4,1,F10,Plate,4,1,F10,Rha-Xyl (1),rhamnose_gL,all_known,fusion_interpretable,sklearn_plsr,"n_components=2,max_features=192",1,0.085975932,0.91402407
MSStandards,4,1,F4,Plate,4,1,F4,Rha (0.025),rhamnose_gL,all_known,fusion_interpretable,sklearn_plsr,"n_components=2,max_features=192",0.025,0.081747292,-0.056747292
MSStandards,4,1,G1,Plate,4,1,G1,Rha (1),rhamnose_gL,all_known,fusion_interpretable,sklearn_plsr,"n_components=2,max_features=192",1,0.35537752,0.64462248
MSStandards,4,1,G2,Plate,4,1,G2,Rha (0.5),rhamnose_gL,all_known,fusion_interpretable,sklearn_plsr,"n_components=2,max_features=192",0.5,-0.075662236,0.57566224
MSStandards,4,1,G6,Plate,4,1,G6,Glu (0.5),rhamnose_gL,all_known,fusion_interpretable,sklearn_plsr,"n_components=2,max_features=192",0,0.037494155,-0.037494155
MSStandards,4,1,G9,Plate,4,1,G9,Rha-Glu (0.1),rhamnose_gL,all_known,fusion_interpretable,sklearn_plsr,"n_components=2,max_features=192",0.1,0.021338367,0.078661633
MSStandards,4,1,H2,Plate,4,1,H2,Rha (0.25),rhamnose_gL,all_known,fusion_interpretable,sklearn_plsr,"n_components=2,max_features=192",0.25,0.22844191,0.021558095
MSStandards,4,1,H6,Plate,4,1,H6,Glu (0.5),rhamnose_gL,all_known,fusion_interpretable,sklearn_plsr,"n_components=2,max_features=192",0,0.27901569,-0.27901569
MSStandards,4,1,H9,Plate,4,1,H9,Rha-Glu (0.1),rhamnose_gL,all_known,fusion_interpretable,sklearn_plsr,"n_components=2,max_features=192",0.1,0.2936397,-0.1936397
MSStandards,4,2,A2,Plate,4,2,A2,Xyl (1),rhamnose_gL,all_known,fusion_interpretable,sklearn_plsr,"n_components=2,max_features=192",0,0.44716963,-0.44716963
MSStandards,4,2,A4,Plate,4,2,A4,Xyl (0.05),rhamnose_gL,all_known,fusion_interpretable,sklearn_plsr,"n_components=2,max_features=192",0,0.4167773,-0.4167773
MSStandards,4,2,B9,Plate,4,2,B9,MilliQ,rhamnose_gL,all_known,fusion_interpretable,sklearn_plsr,"n_components=2,max_features=192",0,0.35489608,-0.35489608
MSStandards,4,2,C1,Plate,4,2,C1,Xyl (5),rhamnose_gL,all_known,fusion_interpretable,sklearn_plsr,"n_components=2,max_features=192",0,0.21911104,-0.21911104
MSStandards,4,2,C2,Plate,4,2,C2,Xyl (0.75),rhamnose_gL,all_known,fusion_interpretable,sklearn_plsr,"n_components=2,max_features=192",0,0.53248117,-0.53248117
MSStandards,4,2,C8,Plate,4,2,C8,Rha-Algae (0.01),rhamnose_gL,all_known,fusion_interpretable,sklearn_plsr,"n_components=2,max_features=192",0.01,0.038407864,-0.028407864
MSStandards,4,2,D7,Plate,4,2,D7,Rha-Algae (1),rhamnose_gL,all_known,fusion_interpretable,sklearn_plsr,"n_components=2,max_features=192",1,0.391286,0.608714
MSStandards,4,2,E6,Plate,4,2,E6,MMAlgae (1),rhamnose_gL,all_known,fusion_interpretable,sklearn_plsr,"n_components=2,max_features=192",1,0.46936007,0.53063993
MSStandards,4,2,E8,Plate,4,2,E8,BLANK f/2,rhamnose_gL,all_known,fusion_interpretable,sklearn_plsr,"n_components=2,max_features=192",0,0.13820132,-0.13820132
MSStandards,4,2,F1,Plate,4,2,F1,Xyl (2.5),rhamnose_gL,all_known,fusion_interpretable,sklearn_plsr,"n_components=2,max_features=192",0,0.20124635,-0.20124635
MSStandards,4,2,F3,Plate,4,2,F3,Xyl (0.075),rhamnose_gL,all_known,fusion_interpretable,sklearn_plsr,"n_components=2,max_features=192",0,0.34230747,-0.34230747
MSStandards,4,2,G5,Plate,4,2,G5,MM f/2 (0.1),rhamnose_gL,all_known,fusion_interpretable,sklearn_plsr,"n_components=2,max_features=192",0.1,0.25492974,-0.15492974
MSStandards,4,2,H7,Plate,4,2,H7,Rha-Algae (0.1),rhamnose_gL,all_known,fusion_interpretable,sklearn_plsr,"n_components=2,max_features=192",0.1,0.21935907,-0.11935907
MSStandards,4,2,H8,Plate,4,2,H8,MilliQ,rhamnose_gL,all_known,fusion_interpretable,sklearn_plsr,"n_components=2,max_features=192",0,0.13317488,-0.13317488
MSStandards,4,1,A2,Plate,4,1,A2,Rha (1),rhamnose_gL,all_known,fusion_interpretable,sklearn_plsr,"n_components=5,max_features=192",1,0.3283548,0.6716452
MSStandards,4,1,A6,Plate,4,1,A6,Glu (1),rhamnose_gL,all_known,fusion_interpretable,sklearn_plsr,"n_components=5,max_features=192",0,10.148472,-10.148472
MSStandards,4,1,A8,Plate,4,1,A8,Glu (0.075),rhamnose_gL,all_known,fusion_interpretable,sklearn_plsr,"n_components=5,max_features=192",0,0.068919115,-0.068919115
MSStandards,4,1,A9,Plate,4,1,A9,Glu (0.01),rhamnose_gL,all_known,fusion_interpretable,sklearn_plsr,"n_components=5,max_features=192",0,0.15599909,-0.15599909
MSStandards,4,1,B11,Plate,4,1,B11,Rha-Xyl (0.01),rhamnose_gL,all_known,fusion_interpretable,sklearn_plsr,"n_components=5,max_features=192",0.01,0.32034105,-0.31034105
MSStandards,4,1,C10,Plate,4,1,C10,Rha-Glu (0.01),rhamnose_gL,all_known,fusion_interpretable,sklearn_plsr,"n_components=5,max_features=192",0.01,0.41589547,-0.40589547
MSStandards,4,1,C2,Plate,4,1,C2,Rha (0.75),rhamnose_gL,all_known,fusion_interpretable,sklearn_plsr,"n_components=5,max_features=192",0.75,0.19316589,0.55683411
MSStandards,4,1,C6,Plate,4,1,C6,Glu (0.75),rhamnose_gL,all_known,fusion_interpretable,sklearn_plsr,"n_components=5,max_features=192",0,0.261105,-0.261105
MSStandards,4,1,C7,Plate,4,1,C7,Glu (0.25),rhamnose_gL,all_known,fusion_interpretable,sklearn_plsr,"n_components=5,max_features=192",0,0.23645426,-0.23645426
MSStandards,4,1,C8,Plate,4,1,C8,Glu (0.05),rhamnose_gL,all_known,fusion_interpretable,sklearn_plsr,"n_components=5,max_features=192",0,0.70558658,-0.70558658
MSStandards,4,1,D3,Plate,4,1,D3,Rha (0.1),rhamnose_gL,all_known,fusion_interpretable,sklearn_plsr,"n_components=5,max_features=192",0.1,-0.063483142,0.16348314
MSStandards,4,1,D8,Plate,4,1,D8,Glu (0.05),rhamnose_gL,all_known,fusion_interpretable,sklearn_plsr,"n_components=5,max_features=192",0,0.14144825,-0.14144825
MSStandards,4,1,D9,Plate,4,1,D9,Rha-Glu (1),rhamnose_gL,all_known,fusion_interpretable,sklearn_plsr,"n_components=5,max_features=192",1,0.50953886,0.49046114
MSStandards,4,1,E3,Plate,4,1,E3,Rha (0.1),rhamnose_gL,all_known,fusion_interpretable,sklearn_plsr,"n_components=5,max_features=192",0.1,-0.042521135,0.14252113
MSStandards,4,1,E6,Plate,4,1,E6,Glu (0.75),rhamnose_gL,all_known,fusion_interpretable,sklearn_plsr,"n_components=5,max_features=192",0,2.361809,-2.361809
MSStandards,4,1,F10,Plate,4,1,F10,Rha-Xyl (1),rhamnose_gL,all_known,fusion_interpretable,sklearn_plsr,"n_components=5,max_features=192",1,-0.14724208,1.1472421
MSStandards,4,1,F4,Plate,4,1,F4,Rha (0.025),rhamnose_gL,all_known,fusion_interpretable,sklearn_plsr,"n_components=5,max_features=192",0.025,0.1763592,-0.1513592
MSStandards,4,1,G1,Plate,4,1,G1,Rha (1),rhamnose_gL,all_known,fusion_interpretable,sklearn_plsr,"n_components=5,max_features=192",1,0.15813934,0.84186066
MSStandards,4,1,G2,Plate,4,1,G2,Rha (0.5),rhamnose_gL,all_known,fusion_interpretable,sklearn_plsr,"n_components=5,max_features=192",0.5,-0.10782107,0.60782107
MSStandards,4,1,G6,Plate,4,1,G6,Glu (0.5),rhamnose_gL,all_known,fusion_interpretable,sklearn_plsr,"n_components=5,max_features=192",0,-0.024049139,0.024049139
MSStandards,4,1,G9,Plate,4,1,G9,Rha-Glu (0.1),rhamnose_gL,all_known,fusion_interpretable,sklearn_plsr,"n_components=5,max_features=192",0.1,-0.011454656,0.11145466
MSStandards,4,1,H2,Plate,4,1,H2,Rha (0.25),rhamnose_gL,all_known,fusion_interpretable,sklearn_plsr,"n_components=5,max_features=192",0.25,-0.55021225,0.80021225
MSStandards,4,1,H6,Plate,4,1,H6,Glu (0.5),rhamnose_gL,all_known,fusion_interpretable,sklearn_plsr,"n_components=5,max_features=192",0,0.30411605,-0.30411605
MSStandards,4,1,H9,Plate,4,1,H9,Rha-Glu (0.1),rhamnose_gL,all_known,fusion_interpretable,sklearn_plsr,"n_components=5,max_features=192",0.1,0.38735058,-0.28735058
MSStandards,4,2,A2,Plate,4,2,A2,Xyl (1),rhamnose_gL,all_known,fusion_interpretable,sklearn_plsr,"n_components=5,max_features=192",0,0.35298799,-0.35298799
MSStandards,4,2,A4,Plate,4,2,A4,Xyl (0.05),rhamnose_gL,all_known,fusion_interpretable,sklearn_plsr,"n_components=5,max_features=192",0,0.78033029,-0.78033029
MSStandards,4,2,B9,Plate,4,2,B9,MilliQ,rhamnose_gL,all_known,fusion_interpretable,sklearn_plsr,"n_components=5,max_features=192",0,0.45454677,-0.45454677
MSStandards,4,2,C1,Plate,4,2,C1,Xyl (5),rhamnose_gL,all_known,fusion_interpretable,sklearn_plsr,"n_components=5,max_features=192",0,0.14647658,-0.14647658
MSStandards,4,2,C2,Plate,4,2,C2,Xyl (0.75),rhamnose_gL,all_known,fusion_interpretable,sklearn_plsr,"n_components=5,max_features=192",0,0.42070767,-0.42070767
MSStandards,4,2,C8,Plate,4,2,C8,Rha-Algae (0.01),rhamnose_gL,all_known,fusion_interpretable,sklearn_plsr,"n_components=5,max_features=192",0.01,0.0097967528,0.0002032472
MSStandards,4,2,D7,Plate,4,2,D7,Rha-Algae (1),rhamnose_gL,all_known,fusion_interpretable,sklearn_plsr,"n_components=5,max_features=192",1,0.49692856,0.50307144
MSStandards,4,2,E6,Plate,4,2,E6,MMAlgae (1),rhamnose_gL,all_known,fusion_interpretable,sklearn_plsr,"n_components=5,max_features=192",1,0.22852606,0.77147394
MSStandards,4,2,E8,Plate,4,2,E8,BLANK f/2,rhamnose_gL,all_known,fusion_interpretable,sklearn_plsr,"n_components=5,max_features=192",0,0.093959718,-0.093959718
MSStandards,4,2,F1,Plate,4,2,F1,Xyl (2.5),rhamnose_gL,all_known,fusion_interpretable,sklearn_plsr,"n_components=5,max_features=192",0,0.20638105,-0.20638105
MSStandards,4,2,F3,Plate,4,2,F3,Xyl (0.075),rhamnose_gL,all_known,fusion_interpretable,sklearn_plsr,"n_components=5,max_features=192",0,0.135062,-0.135062
MSStandards,4,2,G5,Plate,4,2,G5,MM f/2 (0.1),rhamnose_gL,all_known,fusion_interpretable,sklearn_plsr,"n_components=5,max_features=192",0.1,0.32079446,-0.22079446
MSStandards,4,2,H7,Plate,4,2,H7,Rha-Algae (0.1),rhamnose_gL,all_known,fusion_interpretable,sklearn_plsr,"n_components=5,max_features=192",0.1,0.26220104,-0.16220104
MSStandards,4,2,H8,Plate,4,2,H8,MilliQ,rhamnose_gL,all_known,fusion_interpretable,sklearn_plsr,"n_components=5,max_features=192",0,0.35590654,-0.35590654
MSStandards,4,1,A2,Plate,4,1,A2,Rha (1),rhamnose_gL,all_known,fusion_interpretable,sklearn_svr,"kernel=rbf,C=10,epsilon=0.05,max_features=192",1,0.13655588,0.86344412
MSStandards,4,1,A6,Plate,4,1,A6,Glu (1),rhamnose_gL,all_known,fusion_interpretable,sklearn_svr,"kernel=rbf,C=10,epsilon=0.05,max_features=192",0,0.25516629,-0.25516629
MSStandards,4,1,A8,Plate,4,1,A8,Glu (0.075),rhamnose_gL,all_known,fusion_interpretable,sklearn_svr,"kernel=rbf,C=10,epsilon=0.05,max_features=192",0,0.10423509,-0.10423509
MSStandards,4,1,A9,Plate,4,1,A9,Glu (0.01),rhamnose_gL,all_known,fusion_interpretable,sklearn_svr,"kernel=rbf,C=10,epsilon=0.05,max_features=192",0,0.33314568,-0.33314568
MSStandards,4,1,B11,Plate,4,1,B11,Rha-Xyl (0.01),rhamnose_gL,all_known,fusion_interpretable,sklearn_svr,"kernel=rbf,C=10,epsilon=0.05,max_features=192",0.01,0.065776003,-0.055776003
MSStandards,4,1,C10,Plate,4,1,C10,Rha-Glu (0.01),rhamnose_gL,all_known,fusion_interpretable,sklearn_svr,"kernel=rbf,C=10,epsilon=0.05,max_features=192",0.01,-0.026667583,0.036667583
MSStandards,4,1,C2,Plate,4,1,C2,Rha (0.75),rhamnose_gL,all_known,fusion_interpretable,sklearn_svr,"kernel=rbf,C=10,epsilon=0.05,max_features=192",0.75,0.23627363,0.51372637
MSStandards,4,1,C6,Plate,4,1,C6,Glu (0.75),rhamnose_gL,all_known,fusion_interpretable,sklearn_svr,"kernel=rbf,C=10,epsilon=0.05,max_features=192",0,0.21812365,-0.21812365
MSStandards,4,1,C7,Plate,4,1,C7,Glu (0.25),rhamnose_gL,all_known,fusion_interpretable,sklearn_svr,"kernel=rbf,C=10,epsilon=0.05,max_features=192",0,0.27680418,-0.27680418
MSStandards,4,1,C8,Plate,4,1,C8,Glu (0.05),rhamnose_gL,all_known,fusion_interpretable,sklearn_svr,"kernel=rbf,C=10,epsilon=0.05,max_features=192",0,0.34675942,-0.34675942
MSStandards,4,1,D3,Plate,4,1,D3,Rha (0.1),rhamnose_gL,all_known,fusion_interpretable,sklearn_svr,"kernel=rbf,C=10,epsilon=0.05,max_features=192",0.1,0.19716866,-0.097168655
MSStandards,4,1,D8,Plate,4,1,D8,Glu (0.05),rhamnose_gL,all_known,fusion_interpretable,sklearn_svr,"kernel=rbf,C=10,epsilon=0.05,max_features=192",0,0.17081213,-0.17081213
MSStandards,4,1,D9,Plate,4,1,D9,Rha-Glu (1),rhamnose_gL,all_known,fusion_interpretable,sklearn_svr,"kernel=rbf,C=10,epsilon=0.05,max_features=192",1,0.38923009,0.61076991
MSStandards,4,1,E3,Plate,4,1,E3,Rha (0.1),rhamnose_gL,all_known,fusion_interpretable,sklearn_svr,"kernel=rbf,C=10,epsilon=0.05,max_features=192",0.1,0.11315983,-0.01315983
MSStandards,4,1,E6,Plate,4,1,E6,Glu (0.75),rhamnose_gL,all_known,fusion_interpretable,sklearn_svr,"kernel=rbf,C=10,epsilon=0.05,max_features=192",0,0.25516629,-0.25516629
MSStandards,4,1,F10,Plate,4,1,F10,Rha-Xyl (1),rhamnose_gL,all_known,fusion_interpretable,sklearn_svr,"kernel=rbf,C=10,epsilon=0.05,max_features=192",1,-0.09388998,1.09389
MSStandards,4,1,F4,Plate,4,1,F4,Rha (0.025),rhamnose_gL,all_known,fusion_interpretable,sklearn_svr,"kernel=rbf,C=10,epsilon=0.05,max_features=192",0.025,0.055039656,-0.030039656
MSStandards,4,1,G1,Plate,4,1,G1,Rha (1),rhamnose_gL,all_known,fusion_interpretable,sklearn_svr,"kernel=rbf,C=10,epsilon=0.05,max_features=192",1,0.0011666254,0.99883337
MSStandards,4,1,G2,Plate,4,1,G2,Rha (0.5),rhamnose_gL,all_known,fusion_interpretable,sklearn_svr,"kernel=rbf,C=10,epsilon=0.05,max_features=192",0.5,0.097205605,0.4027944
MSStandards,4,1,G6,Plate,4,1,G6,Glu (0.5),rhamnose_gL,all_known,fusion_interpretable,sklearn_svr,"kernel=rbf,C=10,epsilon=0.05,max_features=192",0,0.35888036,-0.35888036
MSStandards,4,1,G9,Plate,4,1,G9,Rha-Glu (0.1),rhamnose_gL,all_known,fusion_interpretable,sklearn_svr,"kernel=rbf,C=10,epsilon=0.05,max_features=192",0.1,0.04959252,0.05040748
MSStandards,4,1,H2,Plate,4,1,H2,Rha (0.25),rhamnose_gL,all_known,fusion_interpretable,sklearn_svr,"kernel=rbf,C=10,epsilon=0.05,max_features=192",0.25,-0.38149184,0.63149184
MSStandards,4,1,H6,Plate,4,1,H6,Glu (0.5),rhamnose_gL,all_known,fusion_interpretable,sklearn_svr,"kernel=rbf,C=10,epsilon=0.05,max_features=192",0,0.3161822,-0.3161822
MSStandards,4,1,H9,Plate,4,1,H9,Rha-Glu (0.1),rhamnose_gL,all_known,fusion_interpretable,sklearn_svr,"kernel=rbf,C=10,epsilon=0.05,max_features=192",0.1,0.21798324,-0.11798324
MSStandards,4,2,A2,Plate,4,2,A2,Xyl (1),rhamnose_gL,all_known,fusion_interpretable,sklearn_svr,"kernel=rbf,C=10,epsilon=0.05,max_features=192",0,0.40784419,-0.40784419
MSStandards,4,2,A4,Plate,4,2,A4,Xyl (0.05),rhamnose_gL,all_known,fusion_interpretable,sklearn_svr,"kernel=rbf,C=10,epsilon=0.05,max_features=192",0,0.072468761,-0.072468761
MSStandards,4,2,B9,Plate,4,2,B9,MilliQ,rhamnose_gL,all_known,fusion_interpretable,sklearn_svr,"kernel=rbf,C=10,epsilon=0.05,max_features=192",0,-0.57261914,0.57261914
MSStandards,4,2,C1,Plate,4,2,C1,Xyl (5),rhamnose_gL,all_known,fusion_interpretable,sklearn_svr,"kernel=rbf,C=10,epsilon=0.05,max_features=192",0,0.15782903,-0.15782903
MSStandards,4,2,C2,Plate,4,2,C2,Xyl (0.75),rhamnose_gL,all_known,fusion_interpretable,sklearn_svr,"kernel=rbf,C=10,epsilon=0.05,max_features=192",0,0.61987114,-0.61987114
MSStandards,4,2,C8,Plate,4,2,C8,Rha-Algae (0.01),rhamnose_gL,all_known,fusion_interpretable,sklearn_svr,"kernel=rbf,C=10,epsilon=0.05,max_features=192",0.01,0.18483991,-0.17483991
MSStandards,4,2,D7,Plate,4,2,D7,Rha-Algae (1),rhamnose_gL,all_known,fusion_interpretable,sklearn_svr,"kernel=rbf,C=10,epsilon=0.05,max_features=192",1,0.92259144,0.07740856
MSStandards,4,2,E6,Plate,4,2,E6,MMAlgae (1),rhamnose_gL,all_known,fusion_interpretable,sklearn_svr,"kernel=rbf,C=10,epsilon=0.05,max_features=192",1,0.2759477,0.7240523
MSStandards,4,2,E8,Plate,4,2,E8,BLANK f/2,rhamnose_gL,all_known,fusion_interpretable,sklearn_svr,"kernel=rbf,C=10,epsilon=0.05,max_features=192",0,0.059955197,-0.059955197
MSStandards,4,2,F1,Plate,4,2,F1,Xyl (2.5),rhamnose_gL,all_known,fusion_interpretable,sklearn_svr,"kernel=rbf,C=10,epsilon=0.05,max_features=192",0,0.1124742,-0.1124742
MSStandards,4,2,F3,Plate,4,2,F3,Xyl (0.075),rhamnose_gL,all_known,fusion_interpretable,sklearn_svr,"kernel=rbf,C=10,epsilon=0.05,max_features=192",0,0.17141344,-0.17141344
MSStandards,4,2,G5,Plate,4,2,G5,MM f/2 (0.1),rhamnose_gL,all_known,fusion_interpretable,sklearn_svr,"kernel=rbf,C=10,epsilon=0.05,max_features=192",0.1,-0.20678462,0.30678462
MSStandards,4,2,H7,Plate,4,2,H7,Rha-Algae (0.1),rhamnose_gL,all_known,fusion_interpretable,sklearn_svr,"kernel=rbf,C=10,epsilon=0.05,max_features=192",0.1,0.62283967,-0.52283967
MSStandards,4,2,H8,Plate,4,2,H8,MilliQ,rhamnose_gL,all_known,fusion_interpretable,sklearn_svr,"kernel=rbf,C=10,epsilon=0.05,max_features=192",0,-0.02811144,0.02811144
MSStandards,4,1,A2,Plate,4,1,A2,Rha (1),rhamnose_gL,all_known,fusion_interpretable,sklearn_svr,"kernel=linear,C=1,epsilon=0.05,max_features=192",1,0.03973851,0.96026149
MSStandards,4,1,A6,Plate,4,1,A6,Glu (1),rhamnose_gL,all_known,fusion_interpretable,sklearn_svr,"kernel=linear,C=1,epsilon=0.05,max_features=192",0,4.5293492,-4.5293492
MSStandards,4,1,A8,Plate,4,1,A8,Glu (0.075),rhamnose_gL,all_known,fusion_interpretable,sklearn_svr,"kernel=linear,C=1,epsilon=0.05,max_features=192",0,-0.041610759,0.041610759
MSStandards,4,1,A9,Plate,4,1,A9,Glu (0.01),rhamnose_gL,all_known,fusion_interpretable,sklearn_svr,"kernel=linear,C=1,epsilon=0.05,max_features=192",0,0.054934117,-0.054934117
MSStandards,4,1,B11,Plate,4,1,B11,Rha-Xyl (0.01),rhamnose_gL,all_known,fusion_interpretable,sklearn_svr,"kernel=linear,C=1,epsilon=0.05,max_features=192",0.01,0.06512607,-0.05512607
MSStandards,4,1,C10,Plate,4,1,C10,Rha-Glu (0.01),rhamnose_gL,all_known,fusion_interpretable,sklearn_svr,"kernel=linear,C=1,epsilon=0.05,max_features=192",0.01,0.059144654,-0.049144654
MSStandards,4,1,C2,Plate,4,1,C2,Rha (0.75),rhamnose_gL,all_known,fusion_interpretable,sklearn_svr,"kernel=linear,C=1,epsilon=0.05,max_features=192",0.75,0.14260716,0.60739284
MSStandards,4,1,C6,Plate,4,1,C6,Glu (0.75),rhamnose_gL,all_known,fusion_interpretable,sklearn_svr,"kernel=linear,C=1,epsilon=0.05,max_features=192",0,0.075985908,-0.075985908
MSStandards,4,1,C7,Plate,4,1,C7,Glu (0.25),rhamnose_gL,all_known,fusion_interpretable,sklearn_svr,"kernel=linear,C=1,epsilon=0.05,max_features=192",0,0.1088748,-0.1088748
MSStandards,4,1,C8,Plate,4,1,C8,Glu (0.05),rhamnose_gL,all_known,fusion_interpretable,sklearn_svr,"kernel=linear,C=1,epsilon=0.05,max_features=192",0,0.32848589,-0.32848589
MSStandards,4,1,D3,Plate,4,1,D3,Rha (0.1),rhamnose_gL,all_known,fusion_interpretable,sklearn_svr,"kernel=linear,C=1,epsilon=0.05,max_features=192",0.1,0.15966764,-0.059667641
MSStandards,4,1,D8,Plate,4,1,D8,Glu (0.05),rhamnose_gL,all_known,fusion_interpretable,sklearn_svr,"kernel=linear,C=1,epsilon=0.05,max_features=192",0,0.018568939,-0.018568939
MSStandards,4,1,D9,Plate,4,1,D9,Rha-Glu (1),rhamnose_gL,all_known,fusion_interpretable,sklearn_svr,"kernel=linear,C=1,epsilon=0.05,max_features=192",1,0.13298599,0.86701401
MSStandards,4,1,E3,Plate,4,1,E3,Rha (0.1),rhamnose_gL,all_known,fusion_interpretable,sklearn_svr,"kernel=linear,C=1,epsilon=0.05,max_features=192",0.1,-0.0056564462,0.10565645
MSStandards,4,1,E6,Plate,4,1,E6,Glu (0.75),rhamnose_gL,all_known,fusion_interpretable,sklearn_svr,"kernel=linear,C=1,epsilon=0.05,max_features=192",0,1.5143666,-1.5143666
MSStandards,4,1,F10,Plate,4,1,F10,Rha-Xyl (1),rhamnose_gL,all_known,fusion_interpretable,sklearn_svr,"kernel=linear,C=1,epsilon=0.05,max_features=192",1,-0.088019845,1.0880198
MSStandards,4,1,F4,Plate,4,1,F4,Rha (0.025),rhamnose_gL,all_known,fusion_interpretable,sklearn_svr,"kernel=linear,C=1,epsilon=0.05,max_features=192",0.025,0.080106408,-0.055106408
MSStandards,4,1,G1,Plate,4,1,G1,Rha (1),rhamnose_gL,all_known,fusion_interpretable,sklearn_svr,"kernel=linear,C=1,epsilon=0.05,max_features=192",1,-0.11328399,1.113284
MSStandards,4,1,G2,Plate,4,1,G2,Rha (0.5),rhamnose_gL,all_known,fusion_interpretable,sklearn_svr,"kernel=linear,C=1,epsilon=0.05,max_features=192",0.5,0.0192703,0.4807297
MSStandards,4,1,G6,Plate,4,1,G6,Glu (0.5),rhamnose_gL,all_known,fusion_interpretable,sklearn_svr,"kernel=linear,C=1,epsilon=0.05,max_features=192",0,0.065729752,-0.065729752
MSStandards,4,1,G9,Plate,4,1,G9,Rha-Glu (0.1),rhamnose_gL,all_known,fusion_interpretable,sklearn_svr,"kernel=linear,C=1,epsilon=0.05,max_features=192",0.1,0.0052730534,0.094726947
MSStandards,4,1,H2,Plate,4,1,H2,Rha (0.25),rhamnose_gL,all_known,fusion_interpretable,sklearn_svr,"kernel=linear,C=1,epsilon=0.05,max_features=192",0.25,-0.0030810511,0.25308105
MSStandards,4,1,H6,Plate,4,1,H6,Glu (0.5),rhamnose_gL,all_known,fusion_interpretable,sklearn_svr,"kernel=linear,C=1,epsilon=0.05,max_features=192",0,-0.054291131,0.054291131
MSStandards,4,1,H9,Plate,4,1,H9,Rha-Glu (0.1),rhamnose_gL,all_known,fusion_interpretable,sklearn_svr,"kernel=linear,C=1,epsilon=0.05,max_features=192",0.1,0.045510043,0.054489957
MSStandards,4,2,A2,Plate,4,2,A2,Xyl (1),rhamnose_gL,all_known,fusion_interpretable,sklearn_svr,"kernel=linear,C=1,epsilon=0.05,max_features=192",0,-0.15658332,0.15658332
MSStandards,4,2,A4,Plate,4,2,A4,Xyl (0.05),rhamnose_gL,all_known,fusion_interpretable,sklearn_svr,"kernel=linear,C=1,epsilon=0.05,max_features=192",0,0.19378315,-0.19378315
MSStandards,4,2,B9,Plate,4,2,B9,MilliQ,rhamnose_gL,all_known,fusion_interpretable,sklearn_svr,"kernel=linear,C=1,epsilon=0.05,max_features=192",0,0.10989779,-0.10989779
MSStandards,4,2,C1,Plate,4,2,C1,Xyl (5),rhamnose_gL,all_known,fusion_interpretable,sklearn_svr,"kernel=linear,C=1,epsilon=0.05,max_features=192",0,0.02466758,-0.02466758
MSStandards,4,2,C2,Plate,4,2,C2,Xyl (0.75),rhamnose_gL,all_known,fusion_interpretable,sklearn_svr,"kernel=linear,C=1,epsilon=0.05,max_features=192",0,0.0037683618,-0.0037683618
MSStandards,4,2,C8,Plate,4,2,C8,Rha-Algae (0.01),rhamnose_gL,all_known,fusion_interpretable,sklearn_svr,"kernel=linear,C=1,epsilon=0.05,max_features=192",0.01,-0.039591495,0.049591495
MSStandards,4,2,D7,Plate,4,2,D7,Rha-Algae (1),rhamnose_gL,all_known,fusion_interpretable,sklearn_svr,"kernel=linear,C=1,epsilon=0.05,max_features=192",1,0.16806774,0.83193226
MSStandards,4,2,E6,Plate,4,2,E6,MMAlgae (1),rhamnose_gL,all_known,fusion_interpretable,sklearn_svr,"kernel=linear,C=1,epsilon=0.05,max_features=192",1,0.35618368,0.64381632
MSStandards,4,2,E8,Plate,4,2,E8,BLANK f/2,rhamnose_gL,all_known,fusion_interpretable,sklearn_svr,"kernel=linear,C=1,epsilon=0.05,max_features=192",0,0.013207071,-0.013207071
MSStandards,4,2,F1,Plate,4,2,F1,Xyl (2.5),rhamnose_gL,all_known,fusion_interpretable,sklearn_svr,"kernel=linear,C=1,epsilon=0.05,max_features=192",0,0.082310029,-0.082310029
MSStandards,4,2,F3,Plate,4,2,F3,Xyl (0.075),rhamnose_gL,all_known,fusion_interpretable,sklearn_svr,"kernel=linear,C=1,epsilon=0.05,max_features=192",0,0.12884865,-0.12884865
MSStandards,4,2,G5,Plate,4,2,G5,MM f/2 (0.1),rhamnose_gL,all_known,fusion_interpretable,sklearn_svr,"kernel=linear,C=1,epsilon=0.05,max_features=192",0.1,0.13705537,-0.037055367
MSStandards,4,2,H7,Plate,4,2,H7,Rha-Algae (0.1),rhamnose_gL,all_known,fusion_interpretable,sklearn_svr,"kernel=linear,C=1,epsilon=0.05,max_features=192",0.1,0.28427307,-0.18427307
MSStandards,4,2,H8,Plate,4,2,H8,MilliQ,rhamnose_gL,all_known,fusion_interpretable,sklearn_svr,"kernel=linear,C=1,epsilon=0.05,max_features=192",0,0.018699106,-0.018699106
MSStandards,4,1,A2,Plate,4,1,A2,Rha (1),rhamnose_gL,all_known,fusion_interpretable,xgboost,"n_estimators=200,max_depth=2,learning_rate=0.05,max_features=192",1,0.30896217,0.69103783
MSStandards,4,1,A6,Plate,4,1,A6,Glu (1),rhamnose_gL,all_known,fusion_interpretable,xgboost,"n_estimators=200,max_depth=2,learning_rate=0.05,max_features=192",0,0.7343061,-0.7343061
MSStandards,4,1,A8,Plate,4,1,A8,Glu (0.075),rhamnose_gL,all_known,fusion_interpretable,xgboost,"n_estimators=200,max_depth=2,learning_rate=0.05,max_features=192",0,0.1065171,-0.1065171
MSStandards,4,1,A9,Plate,4,1,A9,Glu (0.01),rhamnose_gL,all_known,fusion_interpretable,xgboost,"n_estimators=200,max_depth=2,learning_rate=0.05,max_features=192",0,0.060360294,-0.060360294
MSStandards,4,1,B11,Plate,4,1,B11,Rha-Xyl (0.01),rhamnose_gL,all_known,fusion_interpretable,xgboost,"n_estimators=200,max_depth=2,learning_rate=0.05,max_features=192",0.01,0.10376953,-0.093769526
MSStandards,4,1,C10,Plate,4,1,C10,Rha-Glu (0.01),rhamnose_gL,all_known,fusion_interpretable,xgboost,"n_estimators=200,max_depth=2,learning_rate=0.05,max_features=192",0.01,0.0029096934,0.0070903066
MSStandards,4,1,C2,Plate,4,1,C2,Rha (0.75),rhamnose_gL,all_known,fusion_interpretable,xgboost,"n_estimators=200,max_depth=2,learning_rate=0.05,max_features=192",0.75,0.38327423,0.36672577
MSStandards,4,1,C6,Plate,4,1,C6,Glu (0.75),rhamnose_gL,all_known,fusion_interpretable,xgboost,"n_estimators=200,max_depth=2,learning_rate=0.05,max_features=192",0,-0.0061802818,0.0061802818
MSStandards,4,1,C7,Plate,4,1,C7,Glu (0.25),rhamnose_gL,all_known,fusion_interpretable,xgboost,"n_estimators=200,max_depth=2,learning_rate=0.05,max_features=192",0,0.21726573,-0.21726573
MSStandards,4,1,C8,Plate,4,1,C8,Glu (0.05),rhamnose_gL,all_known,fusion_interpretable,xgboost,"n_estimators=200,max_depth=2,learning_rate=0.05,max_features=192",0,0.31011197,-0.31011197
MSStandards,4,1,D3,Plate,4,1,D3,Rha (0.1),rhamnose_gL,all_known,fusion_interpretable,xgboost,"n_estimators=200,max_depth=2,learning_rate=0.05,max_features=192",0.1,0.28604773,-0.18604773
MSStandards,4,1,D8,Plate,4,1,D8,Glu (0.05),rhamnose_gL,all_known,fusion_interpretable,xgboost,"n_estimators=200,max_depth=2,learning_rate=0.05,max_features=192",0,0.074412979,-0.074412979
MSStandards,4,1,D9,Plate,4,1,D9,Rha-Glu (1),rhamnose_gL,all_known,fusion_interpretable,xgboost,"n_estimators=200,max_depth=2,learning_rate=0.05,max_features=192",1,0.52250153,0.47749847
MSStandards,4,1,E3,Plate,4,1,E3,Rha (0.1),rhamnose_gL,all_known,fusion_interpretable,xgboost,"n_estimators=200,max_depth=2,learning_rate=0.05,max_features=192",0.1,-0.019714059,0.11971406
MSStandards,4,1,E6,Plate,4,1,E6,Glu (0.75),rhamnose_gL,all_known,fusion_interpretable,xgboost,"n_estimators=200,max_depth=2,learning_rate=0.05,max_features=192",0,0.82019275,-0.82019275
MSStandards,4,1,F10,Plate,4,1,F10,Rha-Xyl (1),rhamnose_gL,all_known,fusion_interpretable,xgboost,"n_estimators=200,max_depth=2,learning_rate=0.05,max_features=192",1,0.13266248,0.86733752
MSStandards,4,1,F4,Plate,4,1,F4,Rha (0.025),rhamnose_gL,all_known,fusion_interpretable,xgboost,"n_estimators=200,max_depth=2,learning_rate=0.05,max_features=192",0.025,0.19142531,-0.16642531
MSStandards,4,1,G1,Plate,4,1,G1,Rha (1),rhamnose_gL,all_known,fusion_interpretable,xgboost,"n_estimators=200,max_depth=2,learning_rate=0.05,max_features=192",1,0.062058959,0.93794104
MSStandards,4,1,G2,Plate,4,1,G2,Rha (0.5),rhamnose_gL,all_known,fusion_interpretable,xgboost,"n_estimators=200,max_depth=2,learning_rate=0.05,max_features=192",0.5,0.062913209,0.43708679
MSStandards,4,1,G6,Plate,4,1,G6,Glu (0.5),rhamnose_gL,all_known,fusion_interpretable,xgboost,"n_estimators=200,max_depth=2,learning_rate=0.05,max_features=192",0,0.16995171,-0.16995171
MSStandards,4,1,G9,Plate,4,1,G9,Rha-Glu (0.1),rhamnose_gL,all_known,fusion_interpretable,xgboost,"n_estimators=200,max_depth=2,learning_rate=0.05,max_features=192",0.1,0.026482265,0.073517735
MSStandards,4,1,H2,Plate,4,1,H2,Rha (0.25),rhamnose_gL,all_known,fusion_interpretable,xgboost,"n_estimators=200,max_depth=2,learning_rate=0.05,max_features=192",0.25,-0.033770546,0.28377055
MSStandards,4,1,H6,Plate,4,1,H6,Glu (0.5),rhamnose_gL,all_known,fusion_interpretable,xgboost,"n_estimators=200,max_depth=2,learning_rate=0.05,max_features=192",0,-0.075696766,0.075696766
MSStandards,4,1,H9,Plate,4,1,H9,Rha-Glu (0.1),rhamnose_gL,all_known,fusion_interpretable,xgboost,"n_estimators=200,max_depth=2,learning_rate=0.05,max_features=192",0.1,0.41826496,-0.31826496
MSStandards,4,2,A2,Plate,4,2,A2,Xyl (1),rhamnose_gL,all_known,fusion_interpretable,xgboost,"n_estimators=200,max_depth=2,learning_rate=0.05,max_features=192",0,1.2113358,-1.2113358
MSStandards,4,2,A4,Plate,4,2,A4,Xyl (0.05),rhamnose_gL,all_known,fusion_interpretable,xgboost,"n_estimators=200,max_depth=2,learning_rate=0.05,max_features=192",0,0.024479534,-0.024479534
MSStandards,4,2,B9,Plate,4,2,B9,MilliQ,rhamnose_gL,all_known,fusion_interpretable,xgboost,"n_estimators=200,max_depth=2,learning_rate=0.05,max_features=192",0,0.019867139,-0.019867139
MSStandards,4,2,C1,Plate,4,2,C1,Xyl (5),rhamnose_gL,all_known,fusion_interpretable,xgboost,"n_estimators=200,max_depth=2,learning_rate=0.05,max_features=192",0,-0.0020948513,0.0020948513
MSStandards,4,2,C2,Plate,4,2,C2,Xyl (0.75),rhamnose_gL,all_known,fusion_interpretable,xgboost,"n_estimators=200,max_depth=2,learning_rate=0.05,max_features=192",0,0.22058389,-0.22058389
MSStandards,4,2,C8,Plate,4,2,C8,Rha-Algae (0.01),rhamnose_gL,all_known,fusion_interpretable,xgboost,"n_estimators=200,max_depth=2,learning_rate=0.05,max_features=192",0.01,0.07293573,-0.06293573
MSStandards,4,2,D7,Plate,4,2,D7,Rha-Algae (1),rhamnose_gL,all_known,fusion_interpretable,xgboost,"n_estimators=200,max_depth=2,learning_rate=0.05,max_features=192",1,2.08283,-1.08283
MSStandards,4,2,E6,Plate,4,2,E6,MMAlgae (1),rhamnose_gL,all_known,fusion_interpretable,xgboost,"n_estimators=200,max_depth=2,learning_rate=0.05,max_features=192",1,0.39934155,0.60065845
MSStandards,4,2,E8,Plate,4,2,E8,BLANK f/2,rhamnose_gL,all_known,fusion_interpretable,xgboost,"n_estimators=200,max_depth=2,learning_rate=0.05,max_features=192",0,-0.040464494,0.040464494
MSStandards,4,2,F1,Plate,4,2,F1,Xyl (2.5),rhamnose_gL,all_known,fusion_interpretable,xgboost,"n_estimators=200,max_depth=2,learning_rate=0.05,max_features=192",0,-0.026074648,0.026074648
MSStandards,4,2,F3,Plate,4,2,F3,Xyl (0.075),rhamnose_gL,all_known,fusion_interpretable,xgboost,"n_estimators=200,max_depth=2,learning_rate=0.05,max_features=192",0,0.33102551,-0.33102551
MSStandards,4,2,G5,Plate,4,2,G5,MM f/2 (0.1),rhamnose_gL,all_known,fusion_interpretable,xgboost,"n_estimators=200,max_depth=2,learning_rate=0.05,max_features=192",0.1,0.0016688597,0.09833114
MSStandards,4,2,H7,Plate,4,2,H7,Rha-Algae (0.1),rhamnose_gL,all_known,fusion_interpretable,xgboost,"n_estimators=200,max_depth=2,learning_rate=0.05,max_features=192",0.1,0.29341885,-0.19341885
MSStandards,4,2,H8,Plate,4,2,H8,MilliQ,rhamnose_gL,all_known,fusion_interpretable,xgboost,"n_estimators=200,max_depth=2,learning_rate=0.05,max_features=192",0,0.0041838787,-0.0041838787
MSStandards,4,1,A2,Plate,4,1,A2,Rha (1),xylose_gL,all_known,fusion_interpretable,sklearn_plsr,"n_components=2,max_features=192",0,0.41153633,-0.41153633
MSStandards,4,1,A4,Plate,4,1,A4,Rha (0.05),xylose_gL,all_known,fusion_interpretable,sklearn_plsr,"n_components=2,max_features=192",0,0.47831713,-0.47831713
MSStandards,4,1,A6,Plate,4,1,A6,Glu (1),xylose_gL,all_known,fusion_interpretable,sklearn_plsr,"n_components=2,max_features=192",0,7.6299393,-7.6299393
MSStandards,4,1,A8,Plate,4,1,A8,Glu (0.075),xylose_gL,all_known,fusion_interpretable,sklearn_plsr,"n_components=2,max_features=192",0,0.28900706,-0.28900706
MSStandards,4,1,A9,Plate,4,1,A9,Glu (0.01),xylose_gL,all_known,fusion_interpretable,sklearn_plsr,"n_components=2,max_features=192",0,0.30775746,-0.30775746
MSStandards,4,1,B11,Plate,4,1,B11,Rha-Xyl (0.01),xylose_gL,all_known,fusion_interpretable,sklearn_plsr,"n_components=2,max_features=192",0.01,0.59847114,-0.58847114
MSStandards,4,1,C2,Plate,4,1,C2,Rha (0.75),xylose_gL,all_known,fusion_interpretable,sklearn_plsr,"n_components=2,max_features=192",0,0.29717669,-0.29717669
MSStandards,4,1,C6,Plate,4,1,C6,Glu (0.75),xylose_gL,all_known,fusion_interpretable,sklearn_plsr,"n_components=2,max_features=192",0,0.38717251,-0.38717251
MSStandards,4,1,C7,Plate,4,1,C7,Glu (0.25),xylose_gL,all_known,fusion_interpretable,sklearn_plsr,"n_components=2,max_features=192",0,0.57498271,-0.57498271
MSStandards,4,1,C8,Plate,4,1,C8,Glu (0.05),xylose_gL,all_known,fusion_interpretable,sklearn_plsr,"n_components=2,max_features=192",0,0.70372822,-0.70372822
MSStandards,4,1,D3,Plate,4,1,D3,Rha (0.1),xylose_gL,all_known,fusion_interpretable,sklearn_plsr,"n_components=2,max_features=192",0,0.43613519,-0.43613519
MSStandards,4,1,D8,Plate,4,1,D8,Glu (0.05),xylose_gL,all_known,fusion_interpretable,sklearn_plsr,"n_components=2,max_features=192",0,0.19716002,-0.19716002
MSStandards,4,1,D9,Plate,4,1,D9,Rha-Glu (1),xylose_gL,all_known,fusion_interpretable,sklearn_plsr,"n_components=2,max_features=192",0,0.2000829,-0.2000829
MSStandards,4,1,E3,Plate,4,1,E3,Rha (0.1),xylose_gL,all_known,fusion_interpretable,sklearn_plsr,"n_components=2,max_features=192",0,-0.042054774,0.042054774
MSStandards,4,1,E6,Plate,4,1,E6,Glu (0.75),xylose_gL,all_known,fusion_interpretable,sklearn_plsr,"n_components=2,max_features=192",0,0.99896448,-0.99896448
MSStandards,4,1,F1,Plate,4,1,F1,Rha (2.5),xylose_gL,all_known,fusion_interpretable,sklearn_plsr,"n_components=2,max_features=192",0,0.62790542,-0.62790542
MSStandards,4,1,F10,Plate,4,1,F10,Rha-Xyl (1),xylose_gL,all_known,fusion_interpretable,sklearn_plsr,"n_components=2,max_features=192",1,0.0093194307,0.99068057
MSStandards,4,1,F3,Plate,4,1,F3,Rha (0.075),xylose_gL,all_known,fusion_interpretable,sklearn_plsr,"n_components=2,max_features=192",0,-0.0086341176,0.0086341176
MSStandards,4,1,G1,Plate,4,1,G1,Rha (1),xylose_gL,all_known,fusion_interpretable,sklearn_plsr,"n_components=2,max_features=192",0,0.57759025,-0.57759025
MSStandards,4,1,G10,Plate,4,1,G10,Rha-Xyl (0.1),xylose_gL,all_known,fusion_interpretable,sklearn_plsr,"n_components=2,max_features=192",0.1,-0.14567346,0.24567346
MSStandards,4,1,G6,Plate,4,1,G6,Glu (0.5),xylose_gL,all_known,fusion_interpretable,sklearn_plsr,"n_components=2,max_features=192",0,0.22798552,-0.22798552
MSStandards,4,1,G9,Plate,4,1,G9,Rha-Glu (0.1),xylose_gL,all_known,fusion_interpretable,sklearn_plsr,"n_components=2,max_features=192",0,-0.08372254,0.08372254
MSStandards,4,1,H10,Plate,4,1,H10,Rha-Xyl (0.1),xylose_gL,all_known,fusion_interpretable,sklearn_plsr,"n_components=2,max_features=192",0.1,0.52603912,-0.42603912
MSStandards,4,1,H3,Plate,4,1,H3,Rha (0.075),xylose_gL,all_known,fusion_interpretable,sklearn_plsr,"n_components=2,max_features=192",0,0.46891998,-0.46891998
MSStandards,4,1,H5,Plate,4,1,H5,Glu (1),xylose_gL,all_known,fusion_interpretable,sklearn_plsr,"n_components=2,max_features=192",0,0.58693858,-0.58693858
MSStandards,4,2,A4,Plate,4,2,A4,Xyl (0.05),xylose_gL,all_known,fusion_interpretable,sklearn_plsr,"n_components=2,max_features=192",0.05,0.72836308,-0.67836308
MSStandards,4,2,A5,Plate,4,2,A5,Xyl (0.01),xylose_gL,all_known,fusion_interpretable,sklearn_plsr,"n_components=2,max_features=192",0.01,0.59354319,-0.58354319
MSStandards,4,2,C3,Plate,4,2,C3,Xyl (0.1),xylose_gL,all_known,fusion_interpretable,sklearn_plsr,"n_components=2,max_features=192",0.1,1.0110309,-0.9110309
MSStandards,4,2,C9,Flask,4,2,C9,Algae (blank),xylose_gL,all_known,fusion_interpretable,sklearn_plsr,"n_components=2,max_features=192",0,0.1821695,-0.1821695
MSStandards,4,2,E2,Plate,4,2,E2,Xyl (0.5),xylose_gL,all_known,fusion_interpretable,sklearn_plsr,"n_components=2,max_features=192",0.5,0.6992243,-0.1992243
MSStandards,4,2,E8,Plate,4,2,E8,BLANK f/2,xylose_gL,all_known,fusion_interpretable,sklearn_plsr,"n_components=2,max_features=192",0,0.11901855,-0.11901855
MSStandards,4,2,E9,Flask,4,2,E9,Algae (blank),xylose_gL,all_known,fusion_interpretable,sklearn_plsr,"n_components=2,max_features=192",0,0.018250711,-0.018250711
MSStandards,4,2,G1,Plate,4,2,G1,Xyl (1),xylose_gL,all_known,fusion_interpretable,sklearn_plsr,"n_components=2,max_features=192",1,0.33899504,0.66100496
MSStandards,4,2,H2,Plate,4,2,H2,Xyl (0.25),xylose_gL,all_known,fusion_interpretable,sklearn_plsr,"n_components=2,max_features=192",0.25,0.16050569,0.08949431
MSStandards,4,2,H5,Plate,4,2,H5,MM f/2 (0.01),xylose_gL,all_known,fusion_interpretable,sklearn_plsr,"n_components=2,max_features=192",0.01,0.38977084,-0.37977084
MSStandards,4,1,A2,Plate,4,1,A2,Rha (1),xylose_gL,all_known,fusion_interpretable,sklearn_plsr,"n_components=5,max_features=192",0,0.65922622,-0.65922622
MSStandards,4,1,A4,Plate,4,1,A4,Rha (0.05),xylose_gL,all_known,fusion_interpretable,sklearn_plsr,"n_components=5,max_features=192",0,0.74883159,-0.74883159
MSStandards,4,1,A6,Plate,4,1,A6,Glu (1),xylose_gL,all_known,fusion_interpretable,sklearn_plsr,"n_components=5,max_features=192",0,12.264088,-12.264088
MSStandards,4,1,A8,Plate,4,1,A8,Glu (0.075),xylose_gL,all_known,fusion_interpretable,sklearn_plsr,"n_components=5,max_features=192",0,0.43741137,-0.43741137
MSStandards,4,1,A9,Plate,4,1,A9,Glu (0.01),xylose_gL,all_known,fusion_interpretable,sklearn_plsr,"n_components=5,max_features=192",0,0.66593012,-0.66593012
MSStandards,4,1,B11,Plate,4,1,B11,Rha-Xyl (0.01),xylose_gL,all_known,fusion_interpretable,sklearn_plsr,"n_components=5,max_features=192",0.01,0.37227789,-0.36227789
MSStandards,4,1,C2,Plate,4,1,C2,Rha (0.75),xylose_gL,all_known,fusion_interpretable,sklearn_plsr,"n_components=5,max_features=192",0,0.37756328,-0.37756328
MSStandards,4,1,C6,Plate,4,1,C6,Glu (0.75),xylose_gL,all_known,fusion_interpretable,sklearn_plsr,"n_components=5,max_features=192",0,0.063978171,-0.063978171
MSStandards,4,1,C7,Plate,4,1,C7,Glu (0.25),xylose_gL,all_known,fusion_interpretable,sklearn_plsr,"n_components=5,max_features=192",0,0.47077031,-0.47077031
MSStandards,4,1,C8,Plate,4,1,C8,Glu (0.05),xylose_gL,all_known,fusion_interpretable,sklearn_plsr,"n_components=5,max_features=192",0,0.66356494,-0.66356494
MSStandards,4,1,D3,Plate,4,1,D3,Rha (0.1),xylose_gL,all_known,fusion_interpretable,sklearn_plsr,"n_components=5,max_features=192",0,0.60330109,-0.60330109
MSStandards,4,1,D8,Plate,4,1,D8,Glu (0.05),xylose_gL,all_known,fusion_interpretable,sklearn_plsr,"n_components=5,max_features=192",0,-0.04370792,0.04370792
MSStandards,4,1,D9,Plate,4,1,D9,Rha-Glu (1),xylose_gL,all_known,fusion_interpretable,sklearn_plsr,"n_components=5,max_features=192",0,0.036956739,-0.036956739
MSStandards,4,1,E3,Plate,4,1,E3,Rha (0.1),xylose_gL,all_known,fusion_interpretable,sklearn_plsr,"n_components=5,max_features=192",0,-0.073621263,0.073621263
MSStandards,4,1,E6,Plate,4,1,E6,Glu (0.75),xylose_gL,all_known,fusion_interpretable,sklearn_plsr,"n_components=5,max_features=192",0,1.4125713,-1.4125713
MSStandards,4,1,F1,Plate,4,1,F1,Rha (2.5),xylose_gL,all_known,fusion_interpretable,sklearn_plsr,"n_components=5,max_features=192",0,0.66213627,-0.66213627
MSStandards,4,1,F10,Plate,4,1,F10,Rha-Xyl (1),xylose_gL,all_known,fusion_interpretable,sklearn_plsr,"n_components=5,max_features=192",1,0.19158296,0.80841704
MSStandards,4,1,F3,Plate,4,1,F3,Rha (0.075),xylose_gL,all_known,fusion_interpretable,sklearn_plsr,"n_components=5,max_features=192",0,0.0052538621,-0.0052538621
MSStandards,4,1,G1,Plate,4,1,G1,Rha (1),xylose_gL,all_known,fusion_interpretable,sklearn_plsr,"n_components=5,max_features=192",0,0.50530915,-0.50530915
MSStandards,4,1,G10,Plate,4,1,G10,Rha-Xyl (0.1),xylose_gL,all_known,fusion_interpretable,sklearn_plsr,"n_components=5,max_features=192",0.1,-0.11673314,0.21673314
MSStandards,4,1,G6,Plate,4,1,G6,Glu (0.5),xylose_gL,all_known,fusion_interpretable,sklearn_plsr,"n_components=5,max_features=192",0,0.39809645,-0.39809645
MSStandards,4,1,G9,Plate,4,1,G9,Rha-Glu (0.1),xylose_gL,all_known,fusion_interpretable,sklearn_plsr,"n_components=5,max_features=192",0,-0.17269749,0.17269749
MSStandards,4,1,H10,Plate,4,1,H10,Rha-Xyl (0.1),xylose_gL,all_known,fusion_interpretable,sklearn_plsr,"n_components=5,max_features=192",0.1,0.80775267,-0.70775267
MSStandards,4,1,H3,Plate,4,1,H3,Rha (0.075),xylose_gL,all_known,fusion_interpretable,sklearn_plsr,"n_components=5,max_features=192",0,0.39664127,-0.39664127
MSStandards,4,1,H5,Plate,4,1,H5,Glu (1),xylose_gL,all_known,fusion_interpretable,sklearn_plsr,"n_components=5,max_features=192",0,0.53212061,-0.53212061
MSStandards,4,2,A4,Plate,4,2,A4,Xyl (0.05),xylose_gL,all_known,fusion_interpretable,sklearn_plsr,"n_components=5,max_features=192",0.05,1.0263962,-0.97639623
MSStandards,4,2,A5,Plate,4,2,A5,Xyl (0.01),xylose_gL,all_known,fusion_interpretable,sklearn_plsr,"n_components=5,max_features=192",0.01,0.75139646,-0.74139646
MSStandards,4,2,C3,Plate,4,2,C3,Xyl (0.1),xylose_gL,all_known,fusion_interpretable,sklearn_plsr,"n_components=5,max_features=192",0.1,1.1148565,-1.0148565
MSStandards,4,2,C9,Flask,4,2,C9,Algae (blank),xylose_gL,all_known,fusion_interpretable,sklearn_plsr,"n_components=5,max_features=192",0,-0.2917089,0.2917089
MSStandards,4,2,E2,Plate,4,2,E2,Xyl (0.5),xylose_gL,all_known,fusion_interpretable,sklearn_plsr,"n_components=5,max_features=192",0.5,0.55884673,-0.058846727
MSStandards,4,2,E8,Plate,4,2,E8,BLANK f/2,xylose_gL,all_known,fusion_interpretable,sklearn_plsr,"n_components=5,max_features=192",0,-0.0027129929,0.0027129929
MSStandards,4,2,E9,Flask,4,2,E9,Algae (blank),xylose_gL,all_known,fusion_interpretable,sklearn_plsr,"n_components=5,max_features=192",0,-0.53299245,0.53299245
MSStandards,4,2,G1,Plate,4,2,G1,Xyl (1),xylose_gL,all_known,fusion_interpretable,sklearn_plsr,"n_components=5,max_features=192",1,0.45945388,0.54054612
MSStandards,4,2,H2,Plate,4,2,H2,Xyl (0.25),xylose_gL,all_known,fusion_interpretable,sklearn_plsr,"n_components=5,max_features=192",0.25,0.23238288,0.017617115
MSStandards,4,2,H5,Plate,4,2,H5,MM f/2 (0.01),xylose_gL,all_known,fusion_interpretable,sklearn_plsr,"n_components=5,max_features=192",0.01,0.58398483,-0.57398483
MSStandards,4,1,A2,Plate,4,1,A2,Rha (1),xylose_gL,all_known,fusion_interpretable,sklearn_svr,"kernel=rbf,C=10,epsilon=0.05,max_features=192",0,-0.014501212,0.014501212
MSStandards,4,1,A4,Plate,4,1,A4,Rha (0.05),xylose_gL,all_known,fusion_interpretable,sklearn_svr,"kernel=rbf,C=10,epsilon=0.05,max_features=192",0,0.14983793,-0.14983793
MSStandards,4,1,A6,Plate,4,1,A6,Glu (1),xylose_gL,all_known,fusion_interpretable,sklearn_svr,"kernel=rbf,C=10,epsilon=0.05,max_features=192",0,0.18561382,-0.18561382
MSStandards,4,1,A8,Plate,4,1,A8,Glu (0.075),xylose_gL,all_known,fusion_interpretable,sklearn_svr,"kernel=rbf,C=10,epsilon=0.05,max_features=192",0,0.14534765,-0.14534765
MSStandards,4,1,A9,Plate,4,1,A9,Glu (0.01),xylose_gL,all_known,fusion_interpretable,sklearn_svr,"kernel=rbf,C=10,epsilon=0.05,max_features=192",0,0.15196215,-0.15196215
MSStandards,4,1,B11,Plate,4,1,B11,Rha-Xyl (0.01),xylose_gL,all_known,fusion_interpretable,sklearn_svr,"kernel=rbf,C=10,epsilon=0.05,max_features=192",0.01,0.091049194,-0.081049194
MSStandards,4,1,C2,Plate,4,1,C2,Rha (0.75),xylose_gL,all_known,fusion_interpretable,sklearn_svr,"kernel=rbf,C=10,epsilon=0.05,max_features=192",0,0.20532199,-0.20532199
MSStandards,4,1,C6,Plate,4,1,C6,Glu (0.75),xylose_gL,all_known,fusion_interpretable,sklearn_svr,"kernel=rbf,C=10,epsilon=0.05,max_features=192",0,0.028634998,-0.028634998
MSStandards,4,1,C7,Plate,4,1,C7,Glu (0.25),xylose_gL,all_known,fusion_interpretable,sklearn_svr,"kernel=rbf,C=10,epsilon=0.05,max_features=192",0,0.22649217,-0.22649217
MSStandards,4,1,C8,Plate,4,1,C8,Glu (0.05),xylose_gL,all_known,fusion_interpretable,sklearn_svr,"kernel=rbf,C=10,epsilon=0.05,max_features=192",0,0.26975207,-0.26975207
MSStandards,4,1,D3,Plate,4,1,D3,Rha (0.1),xylose_gL,all_known,fusion_interpretable,sklearn_svr,"kernel=rbf,C=10,epsilon=0.05,max_features=192",0,0.12161763,-0.12161763
MSStandards,4,1,D8,Plate,4,1,D8,Glu (0.05),xylose_gL,all_known,fusion_interpretable,sklearn_svr,"kernel=rbf,C=10,epsilon=0.05,max_features=192",0,0.0028755014,-0.0028755014
MSStandards,4,1,D9,Plate,4,1,D9,Rha-Glu (1),xylose_gL,all_known,fusion_interpretable,sklearn_svr,"kernel=rbf,C=10,epsilon=0.05,max_features=192",0,0.057480332,-0.057480332
MSStandards,4,1,E3,Plate,4,1,E3,Rha (0.1),xylose_gL,all_known,fusion_interpretable,sklearn_svr,"kernel=rbf,C=10,epsilon=0.05,max_features=192",0,-0.029015515,0.029015515
MSStandards,4,1,E6,Plate,4,1,E6,Glu (0.75),xylose_gL,all_known,fusion_interpretable,sklearn_svr,"kernel=rbf,C=10,epsilon=0.05,max_features=192",0,0.18561382,-0.18561382
MSStandards,4,1,F1,Plate,4,1,F1,Rha (2.5),xylose_gL,all_known,fusion_interpretable,sklearn_svr,"kernel=rbf,C=10,epsilon=0.05,max_features=192",0,0.37688186,-0.37688186
MSStandards,4,1,F10,Plate,4,1,F10,Rha-Xyl (1),xylose_gL,all_known,fusion_interpretable,sklearn_svr,"kernel=rbf,C=10,epsilon=0.05,max_features=192",1,-0.46942307,1.4694231
MSStandards,4,1,F3,Plate,4,1,F3,Rha (0.075),xylose_gL,all_known,fusion_interpretable,sklearn_svr,"kernel=rbf,C=10,epsilon=0.05,max_features=192",0,-0.013114249,0.013114249
MSStandards,4,1,G1,Plate,4,1,G1,Rha (1),xylose_gL,all_known,fusion_interpretable,sklearn_svr,"kernel=rbf,C=10,epsilon=0.05,max_features=192",0,0.2065326,-0.2065326
MSStandards,4,1,G10,Plate,4,1,G10,Rha-Xyl (0.1),xylose_gL,all_known,fusion_interpretable,sklearn_svr,"kernel=rbf,C=10,epsilon=0.05,max_features=192",0.1,0.033075028,0.066924972
MSStandards,4,1,G6,Plate,4,1,G6,Glu (0.5),xylose_gL,all_known,fusion_interpretable,sklearn_svr,"kernel=rbf,C=10,epsilon=0.05,max_features=192",0,0.38658543,-0.38658543
MSStandards,4,1,G9,Plate,4,1,G9,Rha-Glu (0.1),xylose_gL,all_known,fusion_interpretable,sklearn_svr,"kernel=rbf,C=10,epsilon=0.05,max_features=192",0,0.0055995549,-0.0055995549
MSStandards,4,1,H10,Plate,4,1,H10,Rha-Xyl (0.1),xylose_gL,all_known,fusion_interpretable,sklearn_svr,"kernel=rbf,C=10,epsilon=0.05,max_features=192",0.1,0.14276126,-0.042761256
MSStandards,4,1,H3,Plate,4,1,H3,Rha (0.075),xylose_gL,all_known,fusion_interpretable,sklearn_svr,"kernel=rbf,C=10,epsilon=0.05,max_features=192",0,-0.10116725,0.10116725
MSStandards,4,1,H5,Plate,4,1,H5,Glu (1),xylose_gL,all_known,fusion_interpretable,sklearn_svr,"kernel=rbf,C=10,epsilon=0.05,max_features=192",0,0.20365505,-0.20365505
MSStandards,4,2,A4,Plate,4,2,A4,Xyl (0.05),xylose_gL,all_known,fusion_interpretable,sklearn_svr,"kernel=rbf,C=10,epsilon=0.05,max_features=192",0.05,0.098276494,-0.048276494
MSStandards,4,2,A5,Plate,4,2,A5,Xyl (0.01),xylose_gL,all_known,fusion_interpretable,sklearn_svr,"kernel=rbf,C=10,epsilon=0.05,max_features=192",0.01,0.32006373,-0.31006373
MSStandards,4,2,C3,Plate,4,2,C3,Xyl (0.1),xylose_gL,all_known,fusion_interpretable,sklearn_svr,"kernel=rbf,C=10,epsilon=0.05,max_features=192",0.1,0.55789318,-0.45789318
MSStandards,4,2,C9,Flask,4,2,C9,Algae (blank),xylose_gL,all_known,fusion_interpretable,sklearn_svr,"kernel=rbf,C=10,epsilon=0.05,max_features=192",0,0.089093971,-0.089093971
MSStandards,4,2,E2,Plate,4,2,E2,Xyl (0.5),xylose_gL,all_known,fusion_interpretable,sklearn_svr,"kernel=rbf,C=10,epsilon=0.05,max_features=192",0.5,0.13979347,0.36020653
MSStandards,4,2,E8,Plate,4,2,E8,BLANK f/2,xylose_gL,all_known,fusion_interpretable,sklearn_svr,"kernel=rbf,C=10,epsilon=0.05,max_features=192",0,0.12639201,-0.12639201
MSStandards,4,2,E9,Flask,4,2,E9,Algae (blank),xylose_gL,all_known,fusion_interpretable,sklearn_svr,"kernel=rbf,C=10,epsilon=0.05,max_features=192",0,0.0589412,-0.0589412
MSStandards,4,2,G1,Plate,4,2,G1,Xyl (1),xylose_gL,all_known,fusion_interpretable,sklearn_svr,"kernel=rbf,C=10,epsilon=0.05,max_features=192",1,0.0365723,0.9634277
MSStandards,4,2,H2,Plate,4,2,H2,Xyl (0.25),xylose_gL,all_known,fusion_interpretable,sklearn_svr,"kernel=rbf,C=10,epsilon=0.05,max_features=192",0.25,-0.10138698,0.35138698
MSStandards,4,2,H5,Plate,4,2,H5,MM f/2 (0.01),xylose_gL,all_known,fusion_interpretable,sklearn_svr,"kernel=rbf,C=10,epsilon=0.05,max_features=192",0.01,-0.060668177,0.070668177
MSStandards,4,1,A2,Plate,4,1,A2,Rha (1),xylose_gL,all_known,fusion_interpretable,sklearn_svr,"kernel=linear,C=1,epsilon=0.05,max_features=192",0,0.06264579,-0.06264579
MSStandards,4,1,A4,Plate,4,1,A4,Rha (0.05),xylose_gL,all_known,fusion_interpretable,sklearn_svr,"kernel=linear,C=1,epsilon=0.05,max_features=192",0,0.025470367,-0.025470367
MSStandards,4,1,A6,Plate,4,1,A6,Glu (1),xylose_gL,all_known,fusion_interpretable,sklearn_svr,"kernel=linear,C=1,epsilon=0.05,max_features=192",0,3.3516059,-3.3516059
MSStandards,4,1,A8,Plate,4,1,A8,Glu (0.075),xylose_gL,all_known,fusion_interpretable,sklearn_svr,"kernel=linear,C=1,epsilon=0.05,max_features=192",0,-0.078161007,0.078161007
MSStandards,4,1,A9,Plate,4,1,A9,Glu (0.01),xylose_gL,all_known,fusion_interpretable,sklearn_svr,"kernel=linear,C=1,epsilon=0.05,max_features=192",0,0.0021708867,-0.0021708867
MSStandards,4,1,B11,Plate,4,1,B11,Rha-Xyl (0.01),xylose_gL,all_known,fusion_interpretable,sklearn_svr,"kernel=linear,C=1,epsilon=0.05,max_features=192",0.01,0.082745472,-0.072745472
MSStandards,4,1,C2,Plate,4,1,C2,Rha (0.75),xylose_gL,all_known,fusion_interpretable,sklearn_svr,"kernel=linear,C=1,epsilon=0.05,max_features=192",0,0.065769079,-0.065769079
MSStandards,4,1,C6,Plate,4,1,C6,Glu (0.75),xylose_gL,all_known,fusion_interpretable,sklearn_svr,"kernel=linear,C=1,epsilon=0.05,max_features=192",0,-0.067487326,0.067487326
MSStandards,4,1,C7,Plate,4,1,C7,Glu (0.25),xylose_gL,all_known,fusion_interpretable,sklearn_svr,"kernel=linear,C=1,epsilon=0.05,max_features=192",0,0.046419128,-0.046419128
MSStandards,4,1,C8,Plate,4,1,C8,Glu (0.05),xylose_gL,all_known,fusion_interpretable,sklearn_svr,"kernel=linear,C=1,epsilon=0.05,max_features=192",0,0.15246459,-0.15246459
MSStandards,4,1,D3,Plate,4,1,D3,Rha (0.1),xylose_gL,all_known,fusion_interpretable,sklearn_svr,"kernel=linear,C=1,epsilon=0.05,max_features=192",0,-0.0071644464,0.0071644464
MSStandards,4,1,D8,Plate,4,1,D8,Glu (0.05),xylose_gL,all_known,fusion_interpretable,sklearn_svr,"kernel=linear,C=1,epsilon=0.05,max_features=192",0,-0.04943618,0.04943618
MSStandards,4,1,D9,Plate,4,1,D9,Rha-Glu (1),xylose_gL,all_known,fusion_interpretable,sklearn_svr,"kernel=linear,C=1,epsilon=0.05,max_features=192",0,0.11542307,-0.11542307
MSStandards,4,1,E3,Plate,4,1,E3,Rha (0.1),xylose_gL,all_known,fusion_interpretable,sklearn_svr,"kernel=linear,C=1,epsilon=0.05,max_features=192",0,-0.0043763454,0.0043763454
MSStandards,4,1,E6,Plate,4,1,E6,Glu (0.75),xylose_gL,all_known,fusion_interpretable,sklearn_svr,"kernel=linear,C=1,epsilon=0.05,max_features=192",0,-0.68657237,0.68657237
MSStandards,4,1,F1,Plate,4,1,F1,Rha (2.5),xylose_gL,all_known,fusion_interpretable,sklearn_svr,"kernel=linear,C=1,epsilon=0.05,max_features=192",0,0.16599469,-0.16599469
MSStandards,4,1,F10,Plate,4,1,F10,Rha-Xyl (1),xylose_gL,all_known,fusion_interpretable,sklearn_svr,"kernel=linear,C=1,epsilon=0.05,max_features=192",1,0.19985762,0.80014238
MSStandards,4,1,F3,Plate,4,1,F3,Rha (0.075),xylose_gL,all_known,fusion_interpretable,sklearn_svr,"kernel=linear,C=1,epsilon=0.05,max_features=192",0,-0.010976062,0.010976062
MSStandards,4,1,G1,Plate,4,1,G1,Rha (1),xylose_gL,all_known,fusion_interpretable,sklearn_svr,"kernel=linear,C=1,epsilon=0.05,max_features=192",0,-0.055543187,0.055543187
MSStandards,4,1,G10,Plate,4,1,G10,Rha-Xyl (0.1),xylose_gL,all_known,fusion_interpretable,sklearn_svr,"kernel=linear,C=1,epsilon=0.05,max_features=192",0.1,-8.7075104e-06,0.10000871
MSStandards,4,1,G6,Plate,4,1,G6,Glu (0.5),xylose_gL,all_known,fusion_interpretable,sklearn_svr,"kernel=linear,C=1,epsilon=0.05,max_features=192",0,0.046415243,-0.046415243
MSStandards,4,1,G9,Plate,4,1,G9,Rha-Glu (0.1),xylose_gL,all_known,fusion_interpretable,sklearn_svr,"kernel=linear,C=1,epsilon=0.05,max_features=192",0,-0.006517093,0.006517093
MSStandards,4,1,H10,Plate,4,1,H10,Rha-Xyl (0.1),xylose_gL,all_known,fusion_interpretable,sklearn_svr,"kernel=linear,C=1,epsilon=0.05,max_features=192",0.1,0.08800502,0.01199498
MSStandards,4,1,H3,Plate,4,1,H3,Rha (0.075),xylose_gL,all_known,fusion_interpretable,sklearn_svr,"kernel=linear,C=1,epsilon=0.05,max_features=192",0,-0.048427146,0.048427146
MSStandards,4,1,H5,Plate,4,1,H5,Glu (1),xylose_gL,all_known,fusion_interpretable,sklearn_svr,"kernel=linear,C=1,epsilon=0.05,max_features=192",0,0.05674679,-0.05674679
MSStandards,4,2,A4,Plate,4,2,A4,Xyl (0.05),xylose_gL,all_known,fusion_interpretable,sklearn_svr,"kernel=linear,C=1,epsilon=0.05,max_features=192",0.05,0.12786875,-0.07786875
MSStandards,4,2,A5,Plate,4,2,A5,Xyl (0.01),xylose_gL,all_known,fusion_interpretable,sklearn_svr,"kernel=linear,C=1,epsilon=0.05,max_features=192",0.01,0.048619933,-0.038619933
MSStandards,4,2,C3,Plate,4,2,C3,Xyl (0.1),xylose_gL,all_known,fusion_interpretable,sklearn_svr,"kernel=linear,C=1,epsilon=0.05,max_features=192",0.1,0.16842397,-0.068423975
MSStandards,4,2,C9,Flask,4,2,C9,Algae (blank),xylose_gL,all_known,fusion_interpretable,sklearn_svr,"kernel=linear,C=1,epsilon=0.05,max_features=192",0,0.12068445,-0.12068445
MSStandards,4,2,E2,Plate,4,2,E2,Xyl (0.5),xylose_gL,all_known,fusion_interpretable,sklearn_svr,"kernel=linear,C=1,epsilon=0.05,max_features=192",0.5,0.037894675,0.46210532
MSStandards,4,2,E8,Plate,4,2,E8,BLANK f/2,xylose_gL,all_known,fusion_interpretable,sklearn_svr,"kernel=linear,C=1,epsilon=0.05,max_features=192",0,0.066290433,-0.066290433
MSStandards,4,2,E9,Flask,4,2,E9,Algae (blank),xylose_gL,all_known,fusion_interpretable,sklearn_svr,"kernel=linear,C=1,epsilon=0.05,max_features=192",0,-0.009679587,0.009679587
MSStandards,4,2,G1,Plate,4,2,G1,Xyl (1),xylose_gL,all_known,fusion_interpretable,sklearn_svr,"kernel=linear,C=1,epsilon=0.05,max_features=192",1,0.010052723,0.98994728
MSStandards,4,2,H2,Plate,4,2,H2,Xyl (0.25),xylose_gL,all_known,fusion_interpretable,sklearn_svr,"kernel=linear,C=1,epsilon=0.05,max_features=192",0.25,-0.031978839,0.28197884
MSStandards,4,2,H5,Plate,4,2,H5,MM f/2 (0.01),xylose_gL,all_known,fusion_interpretable,sklearn_svr,"kernel=linear,C=1,epsilon=0.05,max_features=192",0.01,0.077454111,-0.067454111
MSStandards,4,1,A2,Plate,4,1,A2,Rha (1),xylose_gL,all_known,fusion_interpretable,xgboost,"n_estimators=200,max_depth=2,learning_rate=0.05,max_features=192",0,-0.12762971,0.12762971
MSStandards,4,1,A4,Plate,4,1,A4,Rha (0.05),xylose_gL,all_known,fusion_interpretable,xgboost,"n_estimators=200,max_depth=2,learning_rate=0.05,max_features=192",0,-0.13955846,0.13955846
MSStandards,4,1,A6,Plate,4,1,A6,Glu (1),xylose_gL,all_known,fusion_interpretable,xgboost,"n_estimators=200,max_depth=2,learning_rate=0.05,max_features=192",0,0.45245242,-0.45245242
MSStandards,4,1,A8,Plate,4,1,A8,Glu (0.075),xylose_gL,all_known,fusion_interpretable,xgboost,"n_estimators=200,max_depth=2,learning_rate=0.05,max_features=192",0,-0.073095426,0.073095426
MSStandards,4,1,A9,Plate,4,1,A9,Glu (0.01),xylose_gL,all_known,fusion_interpretable,xgboost,"n_estimators=200,max_depth=2,learning_rate=0.05,max_features=192",0,0.26826552,-0.26826552
MSStandards,4,1,B11,Plate,4,1,B11,Rha-Xyl (0.01),xylose_gL,all_known,fusion_interpretable,xgboost,"n_estimators=200,max_depth=2,learning_rate=0.05,max_features=192",0.01,0.4847469,-0.4747469
MSStandards,4,1,C2,Plate,4,1,C2,Rha (0.75),xylose_gL,all_known,fusion_interpretable,xgboost,"n_estimators=200,max_depth=2,learning_rate=0.05,max_features=192",0,0.031991519,-0.031991519
MSStandards,4,1,C6,Plate,4,1,C6,Glu (0.75),xylose_gL,all_known,fusion_interpretable,xgboost,"n_estimators=200,max_depth=2,learning_rate=0.05,max_features=192",0,0.027781302,-0.027781302
MSStandards,4,1,C7,Plate,4,1,C7,Glu (0.25),xylose_gL,all_known,fusion_interpretable,xgboost,"n_estimators=200,max_depth=2,learning_rate=0.05,max_features=192",0,0.22011541,-0.22011541
MSStandards,4,1,C8,Plate,4,1,C8,Glu (0.05),xylose_gL,all_known,fusion_interpretable,xgboost,"n_estimators=200,max_depth=2,learning_rate=0.05,max_features=192",0,0.26439044,-0.26439044
MSStandards,4,1,D3,Plate,4,1,D3,Rha (0.1),xylose_gL,all_known,fusion_interpretable,xgboost,"n_estimators=200,max_depth=2,learning_rate=0.05,max_features=192",0,-0.14492433,0.14492433
MSStandards,4,1,D8,Plate,4,1,D8,Glu (0.05),xylose_gL,all_known,fusion_interpretable,xgboost,"n_estimators=200,max_depth=2,learning_rate=0.05,max_features=192",0,0.1523571,-0.1523571
MSStandards,4,1,D9,Plate,4,1,D9,Rha-Glu (1),xylose_gL,all_known,fusion_interpretable,xgboost,"n_estimators=200,max_depth=2,learning_rate=0.05,max_features=192",0,-0.0030436802,0.0030436802
MSStandards,4,1,E3,Plate,4,1,E3,Rha (0.1),xylose_gL,all_known,fusion_interpretable,xgboost,"n_estimators=200,max_depth=2,learning_rate=0.05,max_features=192",0,-0.23811784,0.23811784
MSStandards,4,1,E6,Plate,4,1,E6,Glu (0.75),xylose_gL,all_known,fusion_interpretable,xgboost,"n_estimators=200,max_depth=2,learning_rate=0.05,max_features=192",0,0.22764526,-0.22764526
MSStandards,4,1,F1,Plate,4,1,F1,Rha (2.5),xylose_gL,all_known,fusion_interpretable,xgboost,"n_estimators=200,max_depth=2,learning_rate=0.05,max_features=192",0,0.48470154,-0.48470154
MSStandards,4,1,F10,Plate,4,1,F10,Rha-Xyl (1),xylose_gL,all_known,fusion_interpretable,xgboost,"n_estimators=200,max_depth=2,learning_rate=0.05,max_features=192",1,0.50750548,0.49249452
MSStandards,4,1,F3,Plate,4,1,F3,Rha (0.075),xylose_gL,all_known,fusion_interpretable,xgboost,"n_estimators=200,max_depth=2,learning_rate=0.05,max_features=192",0,0.073719233,-0.073719233
MSStandards,4,1,G1,Plate,4,1,G1,Rha (1),xylose_gL,all_known,fusion_interpretable,xgboost,"n_estimators=200,max_depth=2,learning_rate=0.05,max_features=192",0,1.8973348,-1.8973348
MSStandards,4,1,G10,Plate,4,1,G10,Rha-Xyl (0.1),xylose_gL,all_known,fusion_interpretable,xgboost,"n_estimators=200,max_depth=2,learning_rate=0.05,max_features=192",0.1,-0.051747605,0.15174761
MSStandards,4,1,G6,Plate,4,1,G6,Glu (0.5),xylose_gL,all_known,fusion_interpretable,xgboost,"n_estimators=200,max_depth=2,learning_rate=0.05,max_features=192",0,-0.056754492,0.056754492
MSStandards,4,1,G9,Plate,4,1,G9,Rha-Glu (0.1),xylose_gL,all_known,fusion_interpretable,xgboost,"n_estimators=200,max_depth=2,learning_rate=0.05,max_features=192",0,0.14717051,-0.14717051
MSStandards,4,1,H10,Plate,4,1,H10,Rha-Xyl (0.1),xylose_gL,all_known,fusion_interpretable,xgboost,"n_estimators=200,max_depth=2,learning_rate=0.05,max_features=192",0.1,0.26352245,-0.16352245
MSStandards,4,1,H3,Plate,4,1,H3,Rha (0.075),xylose_gL,all_known,fusion_interpretable,xgboost,"n_estimators=200,max_depth=2,learning_rate=0.05,max_features=192",0,0.69078934,-0.69078934
MSStandards,4,1,H5,Plate,4,1,H5,Glu (1),xylose_gL,all_known,fusion_interpretable,xgboost,"n_estimators=200,max_depth=2,learning_rate=0.05,max_features=192",0,0.36136588,-0.36136588
MSStandards,4,2,A4,Plate,4,2,A4,Xyl (0.05),xylose_gL,all_known,fusion_interpretable,xgboost,"n_estimators=200,max_depth=2,learning_rate=0.05,max_features=192",0.05,0.4418498,-0.3918498
MSStandards,4,2,A5,Plate,4,2,A5,Xyl (0.01),xylose_gL,all_known,fusion_interpretable,xgboost,"n_estimators=200,max_depth=2,learning_rate=0.05,max_features=192",0.01,1.4324536,-1.4224536
MSStandards,4,2,C3,Plate,4,2,C3,Xyl (0.1),xylose_gL,all_known,fusion_interpretable,xgboost,"n_estimators=200,max_depth=2,learning_rate=0.05,max_features=192",0.1,1.212466,-1.112466
MSStandards,4,2,C9,Flask,4,2,C9,Algae (blank),xylose_gL,all_known,fusion_interpretable,xgboost,"n_estimators=200,max_depth=2,learning_rate=0.05,max_features=192",0,0.078702576,-0.078702576
MSStandards,4,2,E2,Plate,4,2,E2,Xyl (0.5),xylose_gL,all_known,fusion_interpretable,xgboost,"n_estimators=200,max_depth=2,learning_rate=0.05,max_features=192",0.5,0.10656276,0.39343724
MSStandards,4,2,E8,Plate,4,2,E8,BLANK f/2,xylose_gL,all_known,fusion_interpretable,xgboost,"n_estimators=200,max_depth=2,learning_rate=0.05,max_features=192",0,1.4497396,-1.4497396
MSStandards,4,2,E9,Flask,4,2,E9,Algae (blank),xylose_gL,all_known,fusion_interpretable,xgboost,"n_estimators=200,max_depth=2,learning_rate=0.05,max_features=192",0,0.15087755,-0.15087755
MSStandards,4,2,G1,Plate,4,2,G1,Xyl (1),xylose_gL,all_known,fusion_interpretable,xgboost,"n_estimators=200,max_depth=2,learning_rate=0.05,max_features=192",1,0.010109022,0.98989098
MSStandards,4,2,H2,Plate,4,2,H2,Xyl (0.25),xylose_gL,all_known,fusion_interpretable,xgboost,"n_estimators=200,max_depth=2,learning_rate=0.05,max_features=192",0.25,0.1963006,0.053699404
MSStandards,4,2,H5,Plate,4,2,H5,MM f/2 (0.01),xylose_gL,all_known,fusion_interpretable,xgboost,"n_estimators=200,max_depth=2,learning_rate=0.05,max_features=192",0.01,0.36270338,-0.35270338
MSStandards,4,1,A2,Plate,4,1,A2,Rha (1),glucose_gL,all_known,fusion_interpretable,sklearn_plsr,"n_components=2,max_features=192",0,0.37843958,-0.37843958
MSStandards,4,1,A4,Plate,4,1,A4,Rha (0.05),glucose_gL,all_known,fusion_interpretable,sklearn_plsr,"n_components=2,max_features=192",0,0.35870126,-0.35870126
MSStandards,4,1,A6,Plate,4,1,A6,Glu (1),glucose_gL,all_known,fusion_interpretable,sklearn_plsr,"n_components=2,max_features=192",1,1.6992727,-0.69927272
MSStandards,4,1,A8,Plate,4,1,A8,Glu (0.075),glucose_gL,all_known,fusion_interpretable,sklearn_plsr,"n_components=2,max_features=192",0.075,0.48359549,-0.40859549
MSStandards,4,1,A9,Plate,4,1,A9,Glu (0.01),glucose_gL,all_known,fusion_interpretable,sklearn_plsr,"n_components=2,max_features=192",0.01,0.43217498,-0.42217498
MSStandards,4,1,B11,Plate,4,1,B11,Rha-Xyl (0.01),glucose_gL,all_known,fusion_interpretable,sklearn_plsr,"n_components=2,max_features=192",0,0.38396647,-0.38396647
MSStandards,4,1,C2,Plate,4,1,C2,Rha (0.75),glucose_gL,all_known,fusion_interpretable,sklearn_plsr,"n_components=2,max_features=192",0,0.66796144,-0.66796144
MSStandards,4,1,C6,Plate,4,1,C6,Glu (0.75),glucose_gL,all_known,fusion_interpretable,sklearn_plsr,"n_components=2,max_features=192",0.75,0.43925239,0.31074761
MSStandards,4,1,C7,Plate,4,1,C7,Glu (0.25),glucose_gL,all_known,fusion_interpretable,sklearn_plsr,"n_components=2,max_features=192",0.25,0.40524734,-0.15524734
MSStandards,4,1,C8,Plate,4,1,C8,Glu (0.05),glucose_gL,all_known,fusion_interpretable,sklearn_plsr,"n_components=2,max_features=192",0.05,0.70866582,-0.65866582
MSStandards,4,1,D3,Plate,4,1,D3,Rha (0.1),glucose_gL,all_known,fusion_interpretable,sklearn_plsr,"n_components=2,max_features=192",0,0.59991016,-0.59991016
MSStandards,4,1,D8,Plate,4,1,D8,Glu (0.05),glucose_gL,all_known,fusion_interpretable,sklearn_plsr,"n_components=2,max_features=192",0.05,0.52846057,-0.47846057
MSStandards,4,1,D9,Plate,4,1,D9,Rha-Glu (1),glucose_gL,all_known,fusion_interpretable,sklearn_plsr,"n_components=2,max_features=192",1,0.2554518,0.7445482
MSStandards,4,1,E3,Plate,4,1,E3,Rha (0.1),glucose_gL,all_known,fusion_interpretable,sklearn_plsr,"n_components=2,max_features=192",0,0.74676731,-0.74676731
MSStandards,4,1,E6,Plate,4,1,E6,Glu (0.75),glucose_gL,all_known,fusion_interpretable,sklearn_plsr,"n_components=2,max_features=192",0.75,0.016682557,0.73331744
MSStandards,4,1,F1,Plate,4,1,F1,Rha (2.5),glucose_gL,all_known,fusion_interpretable,sklearn_plsr,"n_components=2,max_features=192",0,0.013396633,-0.013396633
MSStandards,4,1,F10,Plate,4,1,F10,Rha-Xyl (1),glucose_gL,all_known,fusion_interpretable,sklearn_plsr,"n_components=2,max_features=192",0,0.39579422,-0.39579422
MSStandards,4,1,F3,Plate,4,1,F3,Rha (0.075),glucose_gL,all_known,fusion_interpretable,sklearn_plsr,"n_components=2,max_features=192",0,0.79976727,-0.79976727
MSStandards,4,1,G1,Plate,4,1,G1,Rha (1),glucose_gL,all_known,fusion_interpretable,sklearn_plsr,"n_components=2,max_features=192",0,-0.13728854,0.13728854
MSStandards,4,1,G10,Plate,4,1,G10,Rha-Xyl (0.1),glucose_gL,all_known,fusion_interpretable,sklearn_plsr,"n_components=2,max_features=192",0,0.75042206,-0.75042206
MSStandards,4,1,G6,Plate,4,1,G6,Glu (0.5),glucose_gL,all_known,fusion_interpretable,sklearn_plsr,"n_components=2,max_features=192",0.5,0.4015613,0.098438703
MSStandards,4,1,G9,Plate,4,1,G9,Rha-Glu (0.1),glucose_gL,all_known,fusion_interpretable,sklearn_plsr,"n_components=2,max_features=192",0.1,0.70930628,-0.60930628
MSStandards,4,1,H10,Plate,4,1,H10,Rha-Xyl (0.1),glucose_gL,all_known,fusion_interpretable,sklearn_plsr,"n_components=2,max_features=192",0,0.16967431,-0.16967431
MSStandards,4,1,H3,Plate,4,1,H3,Rha (0.075),glucose_gL,all_known,fusion_interpretable,sklearn_plsr,"n_components=2,max_features=192",0,-0.059971497,0.059971497
MSStandards,4,1,H5,Plate,4,1,H5,Glu (1),glucose_gL,all_known,fusion_interpretable,sklearn_plsr,"n_components=2,max_features=192",1,-0.27465113,1.2746511
MSStandards,4,2,A4,Plate,4,2,A4,Xyl (0.05),glucose_gL,all_known,fusion_interpretable,sklearn_plsr,"n_components=2,max_features=192",0,0.33472858,-0.33472858
MSStandards,4,2,A5,Plate,4,2,A5,Xyl (0.01),glucose_gL,all_known,fusion_interpretable,sklearn_plsr,"n_components=2,max_features=192",0,0.32311425,-0.32311425
MSStandards,4,2,C3,Plate,4,2,C3,Xyl (0.1),glucose_gL,all_known,fusion_interpretable,sklearn_plsr,"n_components=2,max_features=192",0,0.10540662,-0.10540662
MSStandards,4,2,C9,Flask,4,2,C9,Algae (blank),glucose_gL,all_known,fusion_interpretable,sklearn_plsr,"n_components=2,max_features=192",0,0.22036718,-0.22036718
MSStandards,4,2,E2,Plate,4,2,E2,Xyl (0.5),glucose_gL,all_known,fusion_interpretable,sklearn_plsr,"n_components=2,max_features=192",0,-0.18826774,0.18826774
MSStandards,4,2,E8,Plate,4,2,E8,BLANK f/2,glucose_gL,all_known,fusion_interpretable,sklearn_plsr,"n_components=2,max_features=192",0,0.62465882,-0.62465882
MSStandards,4,2,E9,Flask,4,2,E9,Algae (blank),glucose_gL,all_known,fusion_interpretable,sklearn_plsr,"n_components=2,max_features=192",0,0.35753195,-0.35753195
MSStandards,4,2,G1,Plate,4,2,G1,Xyl (1),glucose_gL,all_known,fusion_interpretable,sklearn_plsr,"n_components=2,max_features=192",0,0.12515631,-0.12515631
MSStandards,4,2,H2,Plate,4,2,H2,Xyl (0.25),glucose_gL,all_known,fusion_interpretable,sklearn_plsr,"n_components=2,max_features=192",0,0.012913252,-0.012913252
MSStandards,4,2,H5,Plate,4,2,H5,MM f/2 (0.01),glucose_gL,all_known,fusion_interpretable,sklearn_plsr,"n_components=2,max_features=192",0.01,0.012358239,-0.0023582389
MSStandards,4,1,A2,Plate,4,1,A2,Rha (1),glucose_gL,all_known,fusion_interpretable,sklearn_plsr,"n_components=5,max_features=192",0,0.40431609,-0.40431609
MSStandards,4,1,A4,Plate,4,1,A4,Rha (0.05),glucose_gL,all_known,fusion_interpretable,sklearn_plsr,"n_components=5,max_features=192",0,0.2799231,-0.2799231
MSStandards,4,1,A6,Plate,4,1,A6,Glu (1),glucose_gL,all_known,fusion_interpretable,sklearn_plsr,"n_components=5,max_features=192",1,-0.90922959,1.9092296
MSStandards,4,1,A8,Plate,4,1,A8,Glu (0.075),glucose_gL,all_known,fusion_interpretable,sklearn_plsr,"n_components=5,max_features=192",0.075,0.4528008,-0.3778008
MSStandards,4,1,A9,Plate,4,1,A9,Glu (0.01),glucose_gL,all_known,fusion_interpretable,sklearn_plsr,"n_components=5,max_features=192",0.01,0.22645867,-0.21645867
MSStandards,4,1,B11,Plate,4,1,B11,Rha-Xyl (0.01),glucose_gL,all_known,fusion_interpretable,sklearn_plsr,"n_components=5,max_features=192",0,0.37007043,-0.37007043
MSStandards,4,1,C2,Plate,4,1,C2,Rha (0.75),glucose_gL,all_known,fusion_interpretable,sklearn_plsr,"n_components=5,max_features=192",0,0.6336885,-0.6336885
MSStandards,4,1,C6,Plate,4,1,C6,Glu (0.75),glucose_gL,all_known,fusion_interpretable,sklearn_plsr,"n_components=5,max_features=192",0.75,0.64045936,0.10954064
MSStandards,4,1,C7,Plate,4,1,C7,Glu (0.25),glucose_gL,all_known,fusion_interpretable,sklearn_plsr,"n_components=5,max_features=192",0.25,0.44282639,-0.19282639
MSStandards,4,1,C8,Plate,4,1,C8,Glu (0.05),glucose_gL,all_known,fusion_interpretable,sklearn_plsr,"n_components=5,max_features=192",0.05,0.74478502,-0.69478502
MSStandards,4,1,D3,Plate,4,1,D3,Rha (0.1),glucose_gL,all_known,fusion_interpretable,sklearn_plsr,"n_components=5,max_features=192",0,0.39369247,-0.39369247
MSStandards,4,1,D8,Plate,4,1,D8,Glu (0.05),glucose_gL,all_known,fusion_interpretable,sklearn_plsr,"n_components=5,max_features=192",0.05,0.6851932,-0.6351932
MSStandards,4,1,D9,Plate,4,1,D9,Rha-Glu (1),glucose_gL,all_known,fusion_interpretable,sklearn_plsr,"n_components=5,max_features=192",1,0.38023595,0.61976405
MSStandards,4,1,E3,Plate,4,1,E3,Rha (0.1),glucose_gL,all_known,fusion_interpretable,sklearn_plsr,"n_components=5,max_features=192",0,0.74025747,-0.74025747
MSStandards,4,1,E6,Plate,4,1,E6,Glu (0.75),glucose_gL,all_known,fusion_interpretable,sklearn_plsr,"n_components=5,max_features=192",0.75,-2.4251755,3.1751755
MSStandards,4,1,F1,Plate,4,1,F1,Rha (2.5),glucose_gL,all_known,fusion_interpretable,sklearn_plsr,"n_components=5,max_features=192",0,0.028135883,-0.028135883
MSStandards,4,1,F10,Plate,4,1,F10,Rha-Xyl (1),glucose_gL,all_known,fusion_interpretable,sklearn_plsr,"n_components=5,max_features=192",0,0.17341231,-0.17341231
MSStandards,4,1,F3,Plate,4,1,F3,Rha (0.075),glucose_gL,all_known,fusion_interpretable,sklearn_plsr,"n_components=5,max_features=192",0,0.76630757,-0.76630757
MSStandards,4,1,G1,Plate,4,1,G1,Rha (1),glucose_gL,all_known,fusion_interpretable,sklearn_plsr,"n_components=5,max_features=192",0,-0.063086293,0.063086293
MSStandards,4,1,G10,Plate,4,1,G10,Rha-Xyl (0.1),glucose_gL,all_known,fusion_interpretable,sklearn_plsr,"n_components=5,max_features=192",0,0.75104834,-0.75104834
MSStandards,4,1,G6,Plate,4,1,G6,Glu (0.5),glucose_gL,all_known,fusion_interpretable,sklearn_plsr,"n_components=5,max_features=192",0.5,0.2188254,0.2811746
MSStandards,4,1,G9,Plate,4,1,G9,Rha-Glu (0.1),glucose_gL,all_known,fusion_interpretable,sklearn_plsr,"n_components=5,max_features=192",0.1,0.74162786,-0.64162786
MSStandards,4,1,H10,Plate,4,1,H10,Rha-Xyl (0.1),glucose_gL,all_known,fusion_interpretable,sklearn_plsr,"n_components=5,max_features=192",0,-0.0059945121,0.0059945121
MSStandards,4,1,H3,Plate,4,1,H3,Rha (0.075),glucose_gL,all_known,fusion_interpretable,sklearn_plsr,"n_components=5,max_features=192",0,-0.23119351,0.23119351
MSStandards,4,1,H5,Plate,4,1,H5,Glu (1),glucose_gL,all_known,fusion_interpretable,sklearn_plsr,"n_components=5,max_features=192",1,-0.24475762,1.2447576
MSStandards,4,2,A4,Plate,4,2,A4,Xyl (0.05),glucose_gL,all_known,fusion_interpretable,sklearn_plsr,"n_components=5,max_features=192",0,0.24272319,-0.24272319
MSStandards,4,2,A5,Plate,4,2,A5,Xyl (0.01),glucose_gL,all_known,fusion_interpretable,sklearn_plsr,"n_components=5,max_features=192",0,0.18016796,-0.18016796
MSStandards,4,2,C3,Plate,4,2,C3,Xyl (0.1),glucose_gL,all_known,fusion_interpretable,sklearn_plsr,"n_components=5,max_features=192",0,-0.10533822,0.10533822
MSStandards,4,2,C9,Flask,4,2,C9,Algae (blank),glucose_gL,all_known,fusion_interpretable,sklearn_plsr,"n_components=5,max_features=192",0,0.17090992,-0.17090992
MSStandards,4,2,E2,Plate,4,2,E2,Xyl (0.5),glucose_gL,all_known,fusion_interpretable,sklearn_plsr,"n_components=5,max_features=192",0,-0.18287319,0.18287319
MSStandards,4,2,E8,Plate,4,2,E8,BLANK f/2,glucose_gL,all_known,fusion_interpretable,sklearn_plsr,"n_components=5,max_features=192",0,0.68719325,-0.68719325
MSStandards,4,2,E9,Flask,4,2,E9,Algae (blank),glucose_gL,all_known,fusion_interpretable,sklearn_plsr,"n_components=5,max_features=192",0,0.28681701,-0.28681701
MSStandards,4,2,G1,Plate,4,2,G1,Xyl (1),glucose_gL,all_known,fusion_interpretable,sklearn_plsr,"n_components=5,max_features=192",0,0.048592286,-0.048592286
MSStandards,4,2,H2,Plate,4,2,H2,Xyl (0.25),glucose_gL,all_known,fusion_interpretable,sklearn_plsr,"n_components=5,max_features=192",0,0.11456549,-0.11456549
MSStandards,4,2,H5,Plate,4,2,H5,MM f/2 (0.01),glucose_gL,all_known,fusion_interpretable,sklearn_plsr,"n_components=5,max_features=192",0.01,-0.08562966,0.09562966
MSStandards,4,1,A2,Plate,4,1,A2,Rha (1),glucose_gL,all_known,fusion_interpretable,sklearn_svr,"kernel=rbf,C=10,epsilon=0.05,max_features=192",0,0.27725425,-0.27725425
MSStandards,4,1,A4,Plate,4,1,A4,Rha (0.05),glucose_gL,all_known,fusion_interpretable,sklearn_svr,"kernel=rbf,C=10,epsilon=0.05,max_features=192",0,0.24316291,-0.24316291
MSStandards,4,1,A6,Plate,4,1,A6,Glu (1),glucose_gL,all_known,fusion_interpretable,sklearn_svr,"kernel=rbf,C=10,epsilon=0.05,max_features=192",1,0.22011247,0.77988753
MSStandards,4,1,A8,Plate,4,1,A8,Glu (0.075),glucose_gL,all_known,fusion_interpretable,sklearn_svr,"kernel=rbf,C=10,epsilon=0.05,max_features=192",0.075,0.20071498,-0.12571498
MSStandards,4,1,A9,Plate,4,1,A9,Glu (0.01),glucose_gL,all_known,fusion_interpretable,sklearn_svr,"kernel=rbf,C=10,epsilon=0.05,max_features=192",0.01,0.071599432,-0.061599432
MSStandards,4,1,B11,Plate,4,1,B11,Rha-Xyl (0.01),glucose_gL,all_known,fusion_interpretable,sklearn_svr,"kernel=rbf,C=10,epsilon=0.05,max_features=192",0,0.20807265,-0.20807265
MSStandards,4,1,C2,Plate,4,1,C2,Rha (0.75),glucose_gL,all_known,fusion_interpretable,sklearn_svr,"kernel=rbf,C=10,epsilon=0.05,max_features=192",0,0.16085208,-0.16085208
MSStandards,4,1,C6,Plate,4,1,C6,Glu (0.75),glucose_gL,all_known,fusion_interpretable,sklearn_svr,"kernel=rbf,C=10,epsilon=0.05,max_features=192",0.75,0.41049591,0.33950409
MSStandards,4,1,C7,Plate,4,1,C7,Glu (0.25),glucose_gL,all_known,fusion_interpretable,sklearn_svr,"kernel=rbf,C=10,epsilon=0.05,max_features=192",0.25,0.22546644,0.024533564
MSStandards,4,1,C8,Plate,4,1,C8,Glu (0.05),glucose_gL,all_known,fusion_interpretable,sklearn_svr,"kernel=rbf,C=10,epsilon=0.05,max_features=192",0.05,0.19128051,-0.14128051
MSStandards,4,1,D3,Plate,4,1,D3,Rha (0.1),glucose_gL,all_known,fusion_interpretable,sklearn_svr,"kernel=rbf,C=10,epsilon=0.05,max_features=192",0,0.11507159,-0.11507159
MSStandards,4,1,D8,Plate,4,1,D8,Glu (0.05),glucose_gL,all_known,fusion_interpretable,sklearn_svr,"kernel=rbf,C=10,epsilon=0.05,max_features=192",0.05,0.29598002,-0.24598002
MSStandards,4,1,D9,Plate,4,1,D9,Rha-Glu (1),glucose_gL,all_known,fusion_interpretable,sklearn_svr,"kernel=rbf,C=10,epsilon=0.05,max_features=192",1,0.24666264,0.75333736
MSStandards,4,1,E3,Plate,4,1,E3,Rha (0.1),glucose_gL,all_known,fusion_interpretable,sklearn_svr,"kernel=rbf,C=10,epsilon=0.05,max_features=192",0,0.017296643,-0.017296643
MSStandards,4,1,E6,Plate,4,1,E6,Glu (0.75),glucose_gL,all_known,fusion_interpretable,sklearn_svr,"kernel=rbf,C=10,epsilon=0.05,max_features=192",0.75,0.22011247,0.52988753
MSStandards,4,1,F1,Plate,4,1,F1,Rha (2.5),glucose_gL,all_known,fusion_interpretable,sklearn_svr,"kernel=rbf,C=10,epsilon=0.05,max_features=192",0,0.14447608,-0.14447608
MSStandards,4,1,F10,Plate,4,1,F10,Rha-Xyl (1),glucose_gL,all_known,fusion_interpretable,sklearn_svr,"kernel=rbf,C=10,epsilon=0.05,max_features=192",0,-0.18562886,0.18562886
MSStandards,4,1,F3,Plate,4,1,F3,Rha (0.075),glucose_gL,all_known,fusion_interpretable,sklearn_svr,"kernel=rbf,C=10,epsilon=0.05,max_features=192",0,0.19101516,-0.19101516
MSStandards,4,1,G1,Plate,4,1,G1,Rha (1),glucose_gL,all_known,fusion_interpretable,sklearn_svr,"kernel=rbf,C=10,epsilon=0.05,max_features=192",0,-0.098016578,0.098016578
MSStandards,4,1,G10,Plate,4,1,G10,Rha-Xyl (0.1),glucose_gL,all_known,fusion_interpretable,sklearn_svr,"kernel=rbf,C=10,epsilon=0.05,max_features=192",0,0.27976285,-0.27976285
MSStandards,4,1,G6,Plate,4,1,G6,Glu (0.5),glucose_gL,all_known,fusion_interpretable,sklearn_svr,"kernel=rbf,C=10,epsilon=0.05,max_features=192",0.5,0.024821001,0.475179
MSStandards,4,1,G9,Plate,4,1,G9,Rha-Glu (0.1),glucose_gL,all_known,fusion_interpretable,sklearn_svr,"kernel=rbf,C=10,epsilon=0.05,max_features=192",0.1,0.074114612,0.025885388
MSStandards,4,1,H10,Plate,4,1,H10,Rha-Xyl (0.1),glucose_gL,all_known,fusion_interpretable,sklearn_svr,"kernel=rbf,C=10,epsilon=0.05,max_features=192",0,0.038485489,-0.038485489
MSStandards,4,1,H3,Plate,4,1,H3,Rha (0.075),glucose_gL,all_known,fusion_interpretable,sklearn_svr,"kernel=rbf,C=10,epsilon=0.05,max_features=192",0,0.04711183,-0.04711183
MSStandards,4,1,H5,Plate,4,1,H5,Glu (1),glucose_gL,all_known,fusion_interpretable,sklearn_svr,"kernel=rbf,C=10,epsilon=0.05,max_features=192",1,-0.080270522,1.0802705
MSStandards,4,2,A4,Plate,4,2,A4,Xyl (0.05),glucose_gL,all_known,fusion_interpretable,sklearn_svr,"kernel=rbf,C=10,epsilon=0.05,max_features=192",0,0.016841069,-0.016841069
MSStandards,4,2,A5,Plate,4,2,A5,Xyl (0.01),glucose_gL,all_known,fusion_interpretable,sklearn_svr,"kernel=rbf,C=10,epsilon=0.05,max_features=192",0,0.01114713,-0.01114713
MSStandards,4,2,C3,Plate,4,2,C3,Xyl (0.1),glucose_gL,all_known,fusion_interpretable,sklearn_svr,"kernel=rbf,C=10,epsilon=0.05,max_features=192",0,-0.14439504,0.14439504
MSStandards,4,2,C9,Flask,4,2,C9,Algae (blank),glucose_gL,all_known,fusion_interpretable,sklearn_svr,"kernel=rbf,C=10,epsilon=0.05,max_features=192",0,0.10046558,-0.10046558
MSStandards,4,2,E2,Plate,4,2,E2,Xyl (0.5),glucose_gL,all_known,fusion_interpretable,sklearn_svr,"kernel=rbf,C=10,epsilon=0.05,max_features=192",0,-0.11931019,0.11931019
MSStandards,4,2,E8,Plate,4,2,E8,BLANK f/2,glucose_gL,all_known,fusion_interpretable,sklearn_svr,"kernel=rbf,C=10,epsilon=0.05,max_features=192",0,-0.026207941,0.026207941
MSStandards,4,2,E9,Flask,4,2,E9,Algae (blank),glucose_gL,all_known,fusion_interpretable,sklearn_svr,"kernel=rbf,C=10,epsilon=0.05,max_features=192",0,0.061410951,-0.061410951
MSStandards,4,2,G1,Plate,4,2,G1,Xyl (1),glucose_gL,all_known,fusion_interpretable,sklearn_svr,"kernel=rbf,C=10,epsilon=0.05,max_features=192",0,0.051560907,-0.051560907
MSStandards,4,2,H2,Plate,4,2,H2,Xyl (0.25),glucose_gL,all_known,fusion_interpretable,sklearn_svr,"kernel=rbf,C=10,epsilon=0.05,max_features=192",0,0.16441264,-0.16441264
MSStandards,4,2,H5,Plate,4,2,H5,MM f/2 (0.01),glucose_gL,all_known,fusion_interpretable,sklearn_svr,"kernel=rbf,C=10,epsilon=0.05,max_features=192",0.01,0.040633357,-0.030633357
MSStandards,4,1,A2,Plate,4,1,A2,Rha (1),glucose_gL,all_known,fusion_interpretable,sklearn_svr,"kernel=linear,C=1,epsilon=0.05,max_features=192",0,0.041628065,-0.041628065
MSStandards,4,1,A4,Plate,4,1,A4,Rha (0.05),glucose_gL,all_known,fusion_interpretable,sklearn_svr,"kernel=linear,C=1,epsilon=0.05,max_features=192",0,0.024103659,-0.024103659
MSStandards,4,1,A6,Plate,4,1,A6,Glu (1),glucose_gL,all_known,fusion_interpretable,sklearn_svr,"kernel=linear,C=1,epsilon=0.05,max_features=192",1,0.29900726,0.70099274
MSStandards,4,1,A8,Plate,4,1,A8,Glu (0.075),glucose_gL,all_known,fusion_interpretable,sklearn_svr,"kernel=linear,C=1,epsilon=0.05,max_features=192",0.075,0.0211835,0.0538165
MSStandards,4,1,A9,Plate,4,1,A9,Glu (0.01),glucose_gL,all_known,fusion_interpretable,sklearn_svr,"kernel=linear,C=1,epsilon=0.05,max_features=192",0.01,-0.01130904,0.02130904
MSStandards,4,1,B11,Plate,4,1,B11,Rha-Xyl (0.01),glucose_gL,all_known,fusion_interpretable,sklearn_svr,"kernel=linear,C=1,epsilon=0.05,max_features=192",0,0.053721086,-0.053721086
MSStandards,4,1,C2,Plate,4,1,C2,Rha (0.75),glucose_gL,all_known,fusion_interpretable,sklearn_svr,"kernel=linear,C=1,epsilon=0.05,max_features=192",0,0.089332957,-0.089332957
MSStandards,4,1,C6,Plate,4,1,C6,Glu (0.75),glucose_gL,all_known,fusion_interpretable,sklearn_svr,"kernel=linear,C=1,epsilon=0.05,max_features=192",0.75,0.084958524,0.66504148
MSStandards,4,1,C7,Plate,4,1,C7,Glu (0.25),glucose_gL,all_known,fusion_interpretable,sklearn_svr,"kernel=linear,C=1,epsilon=0.05,max_features=192",0.25,0.091780089,0.15821991
MSStandards,4,1,C8,Plate,4,1,C8,Glu (0.05),glucose_gL,all_known,fusion_interpretable,sklearn_svr,"kernel=linear,C=1,epsilon=0.05,max_features=192",0.05,0.13193532,-0.081935316
MSStandards,4,1,D3,Plate,4,1,D3,Rha (0.1),glucose_gL,all_known,fusion_interpretable,sklearn_svr,"kernel=linear,C=1,epsilon=0.05,max_features=192",0,0.096709304,-0.096709304
MSStandards,4,1,D8,Plate,4,1,D8,Glu (0.05),glucose_gL,all_known,fusion_interpretable,sklearn_svr,"kernel=linear,C=1,epsilon=0.05,max_features=192",0.05,0.066268621,-0.016268621
MSStandards,4,1,D9,Plate,4,1,D9,Rha-Glu (1),glucose_gL,all_known,fusion_interpretable,sklearn_svr,"kernel=linear,C=1,epsilon=0.05,max_features=192",1,0.061974766,0.93802523
MSStandards,4,1,E3,Plate,4,1,E3,Rha (0.1),glucose_gL,all_known,fusion_interpretable,sklearn_svr,"kernel=linear,C=1,epsilon=0.05,max_features=192",0,0.063073602,-0.063073602
MSStandards,4,1,E6,Plate,4,1,E6,Glu (0.75),glucose_gL,all_known,fusion_interpretable,sklearn_svr,"kernel=linear,C=1,epsilon=0.05,max_features=192",0.75,-0.92613632,1.6761363
MSStandards,4,1,F1,Plate,4,1,F1,Rha (2.5),glucose_gL,all_known,fusion_interpretable,sklearn_svr,"kernel=linear,C=1,epsilon=0.05,max_features=192",0,0.043732741,-0.043732741
MSStandards,4,1,F10,Plate,4,1,F10,Rha-Xyl (1),glucose_gL,all_known,fusion_interpretable,sklearn_svr,"kernel=linear,C=1,epsilon=0.05,max_features=192",0,0.039189763,-0.039189763
MSStandards,4,1,F3,Plate,4,1,F3,Rha (0.075),glucose_gL,all_known,fusion_interpretable,sklearn_svr,"kernel=linear,C=1,epsilon=0.05,max_features=192",0,0.070263446,-0.070263446
MSStandards,4,1,G1,Plate,4,1,G1,Rha (1),glucose_gL,all_known,fusion_interpretable,sklearn_svr,"kernel=linear,C=1,epsilon=0.05,max_features=192",0,0.073253014,-0.073253014
MSStandards,4,1,G10,Plate,4,1,G10,Rha-Xyl (0.1),glucose_gL,all_known,fusion_interpretable,sklearn_svr,"kernel=linear,C=1,epsilon=0.05,max_features=192",0,0.08778419,-0.08778419
MSStandards,4,1,G6,Plate,4,1,G6,Glu (0.5),glucose_gL,all_known,fusion_interpretable,sklearn_svr,"kernel=linear,C=1,epsilon=0.05,max_features=192",0.5,0.045188824,0.45481118
MSStandards,4,1,G9,Plate,4,1,G9,Rha-Glu (0.1),glucose_gL,all_known,fusion_interpretable,sklearn_svr,"kernel=linear,C=1,epsilon=0.05,max_features=192",0.1,0.048675745,0.051324255
MSStandards,4,1,H10,Plate,4,1,H10,Rha-Xyl (0.1),glucose_gL,all_known,fusion_interpretable,sklearn_svr,"kernel=linear,C=1,epsilon=0.05,max_features=192",0,0.034457808,-0.034457808
MSStandards,4,1,H3,Plate,4,1,H3,Rha (0.075),glucose_gL,all_known,fusion_interpretable,sklearn_svr,"kernel=linear,C=1,epsilon=0.05,max_features=192",0,0.076981707,-0.076981707
MSStandards,4,1,H5,Plate,4,1,H5,Glu (1),glucose_gL,all_known,fusion_interpretable,sklearn_svr,"kernel=linear,C=1,epsilon=0.05,max_features=192",1,0.013074649,0.98692535
MSStandards,4,2,A4,Plate,4,2,A4,Xyl (0.05),glucose_gL,all_known,fusion_interpretable,sklearn_svr,"kernel=linear,C=1,epsilon=0.05,max_features=192",0,0.052249441,-0.052249441
MSStandards,4,2,A5,Plate,4,2,A5,Xyl (0.01),glucose_gL,all_known,fusion_interpretable,sklearn_svr,"kernel=linear,C=1,epsilon=0.05,max_features=192",0,0.046541883,-0.046541883
MSStandards,4,2,C3,Plate,4,2,C3,Xyl (0.1),glucose_gL,all_known,fusion_interpretable,sklearn_svr,"kernel=linear,C=1,epsilon=0.05,max_features=192",0,0.041858528,-0.041858528
MSStandards,4,2,C9,Flask,4,2,C9,Algae (blank),glucose_gL,all_known,fusion_interpretable,sklearn_svr,"kernel=linear,C=1,epsilon=0.05,max_features=192",0,-0.0068602578,0.0068602578
MSStandards,4,2,E2,Plate,4,2,E2,Xyl (0.5),glucose_gL,all_known,fusion_interpretable,sklearn_svr,"kernel=linear,C=1,epsilon=0.05,max_features=192",0,0.018110719,-0.018110719
MSStandards,4,2,E8,Plate,4,2,E8,BLANK f/2,glucose_gL,all_known,fusion_interpretable,sklearn_svr,"kernel=linear,C=1,epsilon=0.05,max_features=192",0,0.034568293,-0.034568293
MSStandards,4,2,E9,Flask,4,2,E9,Algae (blank),glucose_gL,all_known,fusion_interpretable,sklearn_svr,"kernel=linear,C=1,epsilon=0.05,max_features=192",0,0.0011829993,-0.0011829993
MSStandards,4,2,G1,Plate,4,2,G1,Xyl (1),glucose_gL,all_known,fusion_interpretable,sklearn_svr,"kernel=linear,C=1,epsilon=0.05,max_features=192",0,0.022947891,-0.022947891
MSStandards,4,2,H2,Plate,4,2,H2,Xyl (0.25),glucose_gL,all_known,fusion_interpretable,sklearn_svr,"kernel=linear,C=1,epsilon=0.05,max_features=192",0,-0.016670647,0.016670647
MSStandards,4,2,H5,Plate,4,2,H5,MM f/2 (0.01),glucose_gL,all_known,fusion_interpretable,sklearn_svr,"kernel=linear,C=1,epsilon=0.05,max_features=192",0.01,0.0076869926,0.0023130074
MSStandards,4,1,A2,Plate,4,1,A2,Rha (1),glucose_gL,all_known,fusion_interpretable,xgboost,"n_estimators=200,max_depth=2,learning_rate=0.05,max_features=192",0,0.19397016,-0.19397016
MSStandards,4,1,A4,Plate,4,1,A4,Rha (0.05),glucose_gL,all_known,fusion_interpretable,xgboost,"n_estimators=200,max_depth=2,learning_rate=0.05,max_features=192",0,0.24110779,-0.24110779
MSStandards,4,1,A6,Plate,4,1,A6,Glu (1),glucose_gL,all_known,fusion_interpretable,xgboost,"n_estimators=200,max_depth=2,learning_rate=0.05,max_features=192",1,0.66393673,0.33606327
MSStandards,4,1,A8,Plate,4,1,A8,Glu (0.075),glucose_gL,all_known,fusion_interpretable,xgboost,"n_estimators=200,max_depth=2,learning_rate=0.05,max_features=192",0.075,0.43148518,-0.35648518
MSStandards,4,1,A9,Plate,4,1,A9,Glu (0.01),glucose_gL,all_known,fusion_interpretable,xgboost,"n_estimators=200,max_depth=2,learning_rate=0.05,max_features=192",0.01,0.5245083,-0.5145083
MSStandards,4,1,B11,Plate,4,1,B11,Rha-Xyl (0.01),glucose_gL,all_known,fusion_interpretable,xgboost,"n_estimators=200,max_depth=2,learning_rate=0.05,max_features=192",0,0.11731211,-0.11731211
MSStandards,4,1,C2,Plate,4,1,C2,Rha (0.75),glucose_gL,all_known,fusion_interpretable,xgboost,"n_estimators=200,max_depth=2,learning_rate=0.05,max_features=192",0,0.49253508,-0.49253508
MSStandards,4,1,C6,Plate,4,1,C6,Glu (0.75),glucose_gL,all_known,fusion_interpretable,xgboost,"n_estimators=200,max_depth=2,learning_rate=0.05,max_features=192",0.75,0.35046962,0.39953038
MSStandards,4,1,C7,Plate,4,1,C7,Glu (0.25),glucose_gL,all_known,fusion_interpretable,xgboost,"n_estimators=200,max_depth=2,learning_rate=0.05,max_features=192",0.25,0.15755507,0.092444927
MSStandards,4,1,C8,Plate,4,1,C8,Glu (0.05),glucose_gL,all_known,fusion_interpretable,xgboost,"n_estimators=200,max_depth=2,learning_rate=0.05,max_features=192",0.05,0.9421019,-0.8921019
MSStandards,4,1,D3,Plate,4,1,D3,Rha (0.1),glucose_gL,all_known,fusion_interpretable,xgboost,"n_estimators=200,max_depth=2,learning_rate=0.05,max_features=192",0,0.22504443,-0.22504443
MSStandards,4,1,D8,Plate,4,1,D8,Glu (0.05),glucose_gL,all_known,fusion_interpretable,xgboost,"n_estimators=200,max_depth=2,learning_rate=0.05,max_features=192",0.05,1.9696605,-1.9196605
MSStandards,4,1,D9,Plate,4,1,D9,Rha-Glu (1),glucose_gL,all_known,fusion_interpretable,xgboost,"n_estimators=200,max_depth=2,learning_rate=0.05,max_features=192",1,-0.0050172708,1.0050173
MSStandards,4,1,E3,Plate,4,1,E3,Rha (0.1),glucose_gL,all_known,fusion_interpretable,xgboost,"n_estimators=200,max_depth=2,learning_rate=0.05,max_features=192",0,0.45537418,-0.45537418
MSStandards,4,1,E6,Plate,4,1,E6,Glu (0.75),glucose_gL,all_known,fusion_interpretable,xgboost,"n_estimators=200,max_depth=2,learning_rate=0.05,max_features=192",0.75,0.51404369,0.23595631
MSStandards,4,1,F1,Plate,4,1,F1,Rha (2.5),glucose_gL,all_known,fusion_interpretable,xgboost,"n_estimators=200,max_depth=2,learning_rate=0.05,max_features=192",0,0.15450785,-0.15450785
MSStandards,4,1,F10,Plate,4,1,F10,Rha-Xyl (1),glucose_gL,all_known,fusion_interpretable,xgboost,"n_estimators=200,max_depth=2,learning_rate=0.05,max_features=192",0,-0.15035139,0.15035139
MSStandards,4,1,F3,Plate,4,1,F3,Rha (0.075),glucose_gL,all_known,fusion_interpretable,xgboost,"n_estimators=200,max_depth=2,learning_rate=0.05,max_features=192",0,1.1236339,-1.1236339
MSStandards,4,1,G1,Plate,4,1,G1,Rha (1),glucose_gL,all_known,fusion_interpretable,xgboost,"n_estimators=200,max_depth=2,learning_rate=0.05,max_features=192",0,0.090025924,-0.090025924
MSStandards,4,1,G10,Plate,4,1,G10,Rha-Xyl (0.1),glucose_gL,all_known,fusion_interpretable,xgboost,"n_estimators=200,max_depth=2,learning_rate=0.05,max_features=192",0,1.9427088,-1.9427088
MSStandards,4,1,G6,Plate,4,1,G6,Glu (0.5),glucose_gL,all_known,fusion_interpretable,xgboost,"n_estimators=200,max_depth=2,learning_rate=0.05,max_features=192",0.5,0.0011281986,0.4988718
MSStandards,4,1,G9,Plate,4,1,G9,Rha-Glu (0.1),glucose_gL,all_known,fusion_interpretable,xgboost,"n_estimators=200,max_depth=2,learning_rate=0.05,max_features=192",0.1,0.11926612,-0.019266115
MSStandards,4,1,H10,Plate,4,1,H10,Rha-Xyl (0.1),glucose_gL,all_known,fusion_interpretable,xgboost,"n_estimators=200,max_depth=2,learning_rate=0.05,max_features=192",0,0.0091912579,-0.0091912579
MSStandards,4,1,H3,Plate,4,1,H3,Rha (0.075),glucose_gL,all_known,fusion_interpretable,xgboost,"n_estimators=200,max_depth=2,learning_rate=0.05,max_features=192",0,0.037809052,-0.037809052
MSStandards,4,1,H5,Plate,4,1,H5,Glu (1),glucose_gL,all_known,fusion_interpretable,xgboost,"n_estimators=200,max_depth=2,learning_rate=0.05,max_features=192",1,0.064183228,0.93581677
MSStandards,4,2,A4,Plate,4,2,A4,Xyl (0.05),glucose_gL,all_known,fusion_interpretable,xgboost,"n_estimators=200,max_depth=2,learning_rate=0.05,max_features=192",0,0.025139878,-0.025139878
MSStandards,4,2,A5,Plate,4,2,A5,Xyl (0.01),glucose_gL,all_known,fusion_interpretable,xgboost,"n_estimators=200,max_depth=2,learning_rate=0.05,max_features=192",0,0.013383189,-0.013383189
MSStandards,4,2,C3,Plate,4,2,C3,Xyl (0.1),glucose_gL,all_known,fusion_interpretable,xgboost,"n_estimators=200,max_depth=2,learning_rate=0.05,max_features=192",0,-0.005569431,0.005569431
MSStandards,4,2,C9,Flask,4,2,C9,Algae (blank),glucose_gL,all_known,fusion_interpretable,xgboost,"n_estimators=200,max_depth=2,learning_rate=0.05,max_features=192",0,0.12924741,-0.12924741
MSStandards,4,2,E2,Plate,4,2,E2,Xyl (0.5),glucose_gL,all_known,fusion_interpretable,xgboost,"n_estimators=200,max_depth=2,learning_rate=0.05,max_features=192",0,0.075344138,-0.075344138
MSStandards,4,2,E8,Plate,4,2,E8,BLANK f/2,glucose_gL,all_known,fusion_interpretable,xgboost,"n_estimators=200,max_depth=2,learning_rate=0.05,max_features=192",0,0.027105425,-0.027105425
MSStandards,4,2,E9,Flask,4,2,E9,Algae (blank),glucose_gL,all_known,fusion_interpretable,xgboost,"n_estimators=200,max_depth=2,learning_rate=0.05,max_features=192",0,0.077965476,-0.077965476
MSStandards,4,2,G1,Plate,4,2,G1,Xyl (1),glucose_gL,all_known,fusion_interpretable,xgboost,"n_estimators=200,max_depth=2,learning_rate=0.05,max_features=192",0,0.025059761,-0.025059761
MSStandards,4,2,H2,Plate,4,2,H2,Xyl (0.25),glucose_gL,all_known,fusion_interpretable,xgboost,"n_estimators=200,max_depth=2,learning_rate=0.05,max_features=192",0,0.014985779,-0.014985779
MSStandards,4,2,H5,Plate,4,2,H5,MM f/2 (0.01),glucose_gL,all_known,fusion_interpretable,xgboost,"n_estimators=200,max_depth=2,learning_rate=0.05,max_features=192",0.01,-0.015431138,0.025431138
MSStandards,4,1,A2,Plate,4,1,A2,Rha (1),rhamnose_gL,all_known,eem_full,sklearn_plsr,"n_components=2,max_features=192",1,-0.060777771,1.0607778
MSStandards,4,1,A6,Plate,4,1,A6,Glu (1),rhamnose_gL,all_known,eem_full,sklearn_plsr,"n_components=2,max_features=192",0,0.04907477,-0.04907477
MSStandards,4,1,A8,Plate,4,1,A8,Glu (0.075),rhamnose_gL,all_known,eem_full,sklearn_plsr,"n_components=2,max_features=192",0,0.18887654,-0.18887654
MSStandards,4,1,A9,Plate,4,1,A9,Glu (0.01),rhamnose_gL,all_known,eem_full,sklearn_plsr,"n_components=2,max_features=192",0,0.52372078,-0.52372078
MSStandards,4,1,B11,Plate,4,1,B11,Rha-Xyl (0.01),rhamnose_gL,all_known,eem_full,sklearn_plsr,"n_components=2,max_features=192",0.01,0.26122057,-0.25122057
MSStandards,4,1,C10,Plate,4,1,C10,Rha-Glu (0.01),rhamnose_gL,all_known,eem_full,sklearn_plsr,"n_components=2,max_features=192",0.01,0.07156298,-0.06156298
MSStandards,4,1,C2,Plate,4,1,C2,Rha (0.75),rhamnose_gL,all_known,eem_full,sklearn_plsr,"n_components=2,max_features=192",0.75,0.16423318,0.58576682
MSStandards,4,1,C6,Plate,4,1,C6,Glu (0.75),rhamnose_gL,all_known,eem_full,sklearn_plsr,"n_components=2,max_features=192",0,0.32818942,-0.32818942
MSStandards,4,1,C7,Plate,4,1,C7,Glu (0.25),rhamnose_gL,all_known,eem_full,sklearn_plsr,"n_components=2,max_features=192",0,0.22885136,-0.22885136
MSStandards,4,1,C8,Plate,4,1,C8,Glu (0.05),rhamnose_gL,all_known,eem_full,sklearn_plsr,"n_components=2,max_features=192",0,0.20703597,-0.20703597
MSStandards,4,1,D3,Plate,4,1,D3,Rha (0.1),rhamnose_gL,all_known,eem_full,sklearn_plsr,"n_components=2,max_features=192",0.1,0.20590489,-0.10590489
MSStandards,4,1,D8,Plate,4,1,D8,Glu (0.05),rhamnose_gL,all_known,eem_full,sklearn_plsr,"n_components=2,max_features=192",0,0.35063604,-0.35063604
MSStandards,4,1,D9,Plate,4,1,D9,Rha-Glu (1),rhamnose_gL,all_known,eem_full,sklearn_plsr,"n_components=2,max_features=192",1,0.3467388,0.6532612
MSStandards,4,1,E3,Plate,4,1,E3,Rha (0.1),rhamnose_gL,all_known,eem_full,sklearn_plsr,"n_components=2,max_features=192",0.1,0.20846602,-0.10846602
MSStandards,4,1,E6,Plate,4,1,E6,Glu (0.75),rhamnose_gL,all_known,eem_full,sklearn_plsr,"n_components=2,max_features=192",0,0.067065328,-0.067065328
MSStandards,4,1,F10,Plate,4,1,F10,Rha-Xyl (1),rhamnose_gL,all_known,eem_full,sklearn_plsr,"n_components=2,max_features=192",1,0.76037222,0.23962778
MSStandards,4,1,F3,Plate,4,1,F3,Rha (0.075),rhamnose_gL,all_known,eem_full,sklearn_plsr,"n_components=2,max_features=192",0.075,0.1873465,-0.1123465
MSStandards,4,1,F4,Plate,4,1,F4,Rha (0.025),rhamnose_gL,all_known,eem_full,sklearn_plsr,"n_components=2,max_features=192",0.025,0.052687603,-0.027687603
MSStandards,4,1,G1,Plate,4,1,G1,Rha (1),rhamnose_gL,all_known,eem_full,sklearn_plsr,"n_components=2,max_features=192",1,0.53806304,0.46193696
MSStandards,4,1,G10,Plate,4,1,G10,Rha-Xyl (0.1),rhamnose_gL,all_known,eem_full,sklearn_plsr,"n_components=2,max_features=192",0.1,0.15581022,-0.055810216
MSStandards,4,1,G6,Plate,4,1,G6,Glu (0.5),rhamnose_gL,all_known,eem_full,sklearn_plsr,"n_components=2,max_features=192",0,0.36845951,-0.36845951
MSStandards,4,1,G9,Plate,4,1,G9,Rha-Glu (0.1),rhamnose_gL,all_known,eem_full,sklearn_plsr,"n_components=2,max_features=192",0.1,0.36908698,-0.26908698
MSStandards,4,1,H4,Plate,4,1,H4,Rha (0.01),rhamnose_gL,all_known,eem_full,sklearn_plsr,"n_components=2,max_features=192",0.01,0.44924138,-0.43924138
MSStandards,4,1,H6,Plate,4,1,H6,Glu (0.5),rhamnose_gL,all_known,eem_full,sklearn_plsr,"n_components=2,max_features=192",0,0.56245509,-0.56245509
MSStandards,4,2,A1,Plate,4,2,A1,Xyl (5),rhamnose_gL,all_known,eem_full,sklearn_plsr,"n_components=2,max_features=192",0,-0.17390709,0.17390709
MSStandards,4,2,A4,Plate,4,2,A4,Xyl (0.05),rhamnose_gL,all_known,eem_full,sklearn_plsr,"n_components=2,max_features=192",0,-0.16463326,0.16463326
MSStandards,4,2,B2,Plate,4,2,B2,Xyl (0.75),rhamnose_gL,all_known,eem_full,sklearn_plsr,"n_components=2,max_features=192",0,-0.049895989,0.049895989
MSStandards,4,2,B6,Plate,4,2,B6,MM f/2 (0.01),rhamnose_gL,all_known,eem_full,sklearn_plsr,"n_components=2,max_features=192",0.01,0.055580407,-0.045580407
MSStandards,4,2,C5,Plate,4,2,C5,MM f/2 (1),rhamnose_gL,all_known,eem_full,sklearn_plsr,"n_components=2,max_features=192",1,-0.056376452,1.0563765
MSStandards,4,2,D5,Plate,4,2,D5,MM f/2 (1),rhamnose_gL,all_known,eem_full,sklearn_plsr,"n_components=2,max_features=192",1,0.18963109,0.81036891
MSStandards,4,2,D8,Plate,4,2,D8,Rha-Algae (0.01),rhamnose_gL,all_known,eem_full,sklearn_plsr,"n_components=2,max_features=192",0.01,0.41374137,-0.40374137
MSStandards,4,2,E4,Plate,4,2,E4,Xyl (0.025),rhamnose_gL,all_known,eem_full,sklearn_plsr,"n_components=2,max_features=192",0,0.13424535,-0.13424535
MSStandards,4,2,F2,Plate,4,2,F2,Xyl (0.5),rhamnose_gL,all_known,eem_full,sklearn_plsr,"n_components=2,max_features=192",0,0.21959922,-0.21959922
MSStandards,4,2,F4,Plate,4,2,F4,Xyl (0.025),rhamnose_gL,all_known,eem_full,sklearn_plsr,"n_components=2,max_features=192",0,0.23187432,-0.23187432
MSStandards,4,2,G2,Plate,4,2,G2,Xyl (0.5),rhamnose_gL,all_known,eem_full,sklearn_plsr,"n_components=2,max_features=192",0,0.11110898,-0.11110898
MSStandards,4,2,G5,Plate,4,2,G5,MM f/2 (0.1),rhamnose_gL,all_known,eem_full,sklearn_plsr,"n_components=2,max_features=192",0.1,0.26613708,-0.16613708
MSStandards,4,2,H7,Plate,4,2,H7,Rha-Algae (0.1),rhamnose_gL,all_known,eem_full,sklearn_plsr,"n_components=2,max_features=192",0.1,0.25885217,-0.15885217
MSStandards,4,1,A2,Plate,4,1,A2,Rha (1),rhamnose_gL,all_known,eem_full,sklearn_plsr,"n_components=5,max_features=192",1,0.081479052,0.91852095
MSStandards,4,1,A6,Plate,4,1,A6,Glu (1),rhamnose_gL,all_known,eem_full,sklearn_plsr,"n_components=5,max_features=192",0,0.040261843,-0.040261843
MSStandards,4,1,A8,Plate,4,1,A8,Glu (0.075),rhamnose_gL,all_known,eem_full,sklearn_plsr,"n_components=5,max_features=192",0,0.072068976,-0.072068976
MSStandards,4,1,A9,Plate,4,1,A9,Glu (0.01),rhamnose_gL,all_known,eem_full,sklearn_plsr,"n_components=5,max_features=192",0,0.08004822,-0.08004822
MSStandards,4,1,B11,Plate,4,1,B11,Rha-Xyl (0.01),rhamnose_gL,all_known,eem_full,sklearn_plsr,"n_components=5,max_features=192",0.01,0.15676682,-0.14676682
MSStandards,4,1,C10,Plate,4,1,C10,Rha-Glu (0.01),rhamnose_gL,all_known,eem_full,sklearn_plsr,"n_components=5,max_features=192",0.01,0.18872649,-0.17872649
MSStandards,4,1,C2,Plate,4,1,C2,Rha (0.75),rhamnose_gL,all_known,eem_full,sklearn_plsr,"n_components=5,max_features=192",0.75,0.16914626,0.58085374
MSStandards,4,1,C6,Plate,4,1,C6,Glu (0.75),rhamnose_gL,all_known,eem_full,sklearn_plsr,"n_components=5,max_features=192",0,0.31408012,-0.31408012
MSStandards,4,1,C7,Plate,4,1,C7,Glu (0.25),rhamnose_gL,all_known,eem_full,sklearn_plsr,"n_components=5,max_features=192",0,0.15401857,-0.15401857
MSStandards,4,1,C8,Plate,4,1,C8,Glu (0.05),rhamnose_gL,all_known,eem_full,sklearn_plsr,"n_components=5,max_features=192",0,0.29597225,-0.29597225
MSStandards,4,1,D3,Plate,4,1,D3,Rha (0.1),rhamnose_gL,all_known,eem_full,sklearn_plsr,"n_components=5,max_features=192",0.1,0.14499219,-0.044992192
MSStandards,4,1,D8,Plate,4,1,D8,Glu (0.05),rhamnose_gL,all_known,eem_full,sklearn_plsr,"n_components=5,max_features=192",0,0.36483317,-0.36483317
MSStandards,4,1,D9,Plate,4,1,D9,Rha-Glu (1),rhamnose_gL,all_known,eem_full,sklearn_plsr,"n_components=5,max_features=192",1,0.29721491,0.70278509
MSStandards,4,1,E3,Plate,4,1,E3,Rha (0.1),rhamnose_gL,all_known,eem_full,sklearn_plsr,"n_components=5,max_features=192",0.1,-0.11741533,0.21741533
MSStandards,4,1,E6,Plate,4,1,E6,Glu (0.75),rhamnose_gL,all_known,eem_full,sklearn_plsr,"n_components=5,max_features=192",0,-0.03812644,0.03812644
MSStandards,4,1,F10,Plate,4,1,F10,Rha-Xyl (1),rhamnose_gL,all_known,eem_full,sklearn_plsr,"n_components=5,max_features=192",1,0.61141498,0.38858502
MSStandards,4,1,F3,Plate,4,1,F3,Rha (0.075),rhamnose_gL,all_known,eem_full,sklearn_plsr,"n_components=5,max_features=192",0.075,0.088606197,-0.013606197
MSStandards,4,1,F4,Plate,4,1,F4,Rha (0.025),rhamnose_gL,all_known,eem_full,sklearn_plsr,"n_components=5,max_features=192",0.025,0.1344185,-0.1094185
MSStandards,4,1,G1,Plate,4,1,G1,Rha (1),rhamnose_gL,all_known,eem_full,sklearn_plsr,"n_components=5,max_features=192",1,0.57804608,0.42195392
MSStandards,4,1,G10,Plate,4,1,G10,Rha-Xyl (0.1),rhamnose_gL,all_known,eem_full,sklearn_plsr,"n_components=5,max_features=192",0.1,0.14640253,-0.046402533
MSStandards,4,1,G6,Plate,4,1,G6,Glu (0.5),rhamnose_gL,all_known,eem_full,sklearn_plsr,"n_components=5,max_features=192",0,0.17051059,-0.17051059
MSStandards,4,1,G9,Plate,4,1,G9,Rha-Glu (0.1),rhamnose_gL,all_known,eem_full,sklearn_plsr,"n_components=5,max_features=192",0.1,0.24770433,-0.14770433
MSStandards,4,1,H4,Plate,4,1,H4,Rha (0.01),rhamnose_gL,all_known,eem_full,sklearn_plsr,"n_components=5,max_features=192",0.01,0.29868705,-0.28868705
MSStandards,4,1,H6,Plate,4,1,H6,Glu (0.5),rhamnose_gL,all_known,eem_full,sklearn_plsr,"n_components=5,max_features=192",0,0.39645423,-0.39645423
MSStandards,4,2,A1,Plate,4,2,A1,Xyl (5),rhamnose_gL,all_known,eem_full,sklearn_plsr,"n_components=5,max_features=192",0,-0.21753064,0.21753064
MSStandards,4,2,A4,Plate,4,2,A4,Xyl (0.05),rhamnose_gL,all_known,eem_full,sklearn_plsr,"n_components=5,max_features=192",0,-0.11159639,0.11159639
MSStandards,4,2,B2,Plate,4,2,B2,Xyl (0.75),rhamnose_gL,all_known,eem_full,sklearn_plsr,"n_components=5,max_features=192",0,0.073482471,-0.073482471
MSStandards,4,2,B6,Plate,4,2,B6,MM f/2 (0.01),rhamnose_gL,all_known,eem_full,sklearn_plsr,"n_components=5,max_features=192",0.01,0.018652815,-0.0086528154
MSStandards,4,2,C5,Plate,4,2,C5,MM f/2 (1),rhamnose_gL,all_known,eem_full,sklearn_plsr,"n_components=5,max_features=192",1,-0.2003553,1.2003553
MSStandards,4,2,D5,Plate,4,2,D5,MM f/2 (1),rhamnose_gL,all_known,eem_full,sklearn_plsr,"n_components=5,max_features=192",1,0.35906035,0.64093965
MSStandards,4,2,D8,Plate,4,2,D8,Rha-Algae (0.01),rhamnose_gL,all_known,eem_full,sklearn_plsr,"n_components=5,max_features=192",0.01,0.28067268,-0.27067268
MSStandards,4,2,E4,Plate,4,2,E4,Xyl (0.025),rhamnose_gL,all_known,eem_full,sklearn_plsr,"n_components=5,max_features=192",0,0.099784154,-0.099784154
MSStandards,4,2,F2,Plate,4,2,F2,Xyl (0.5),rhamnose_gL,all_known,eem_full,sklearn_plsr,"n_components=5,max_features=192",0,0.12422071,-0.12422071
MSStandards,4,2,F4,Plate,4,2,F4,Xyl (0.025),rhamnose_gL,all_known,eem_full,sklearn_plsr,"n_components=5,max_features=192",0,0.16931968,-0.16931968
MSStandards,4,2,G2,Plate,4,2,G2,Xyl (0.5),rhamnose_gL,all_known,eem_full,sklearn_plsr,"n_components=5,max_features=192",0,0.18212697,-0.18212697
MSStandards,4,2,G5,Plate,4,2,G5,MM f/2 (0.1),rhamnose_gL,all_known,eem_full,sklearn_plsr,"n_components=5,max_features=192",0.1,0.08020776,0.01979224
MSStandards,4,2,H7,Plate,4,2,H7,Rha-Algae (0.1),rhamnose_gL,all_known,eem_full,sklearn_plsr,"n_components=5,max_features=192",0.1,0.26144715,-0.16144715
MSStandards,4,1,A2,Plate,4,1,A2,Rha (1),rhamnose_gL,all_known,eem_full,sklearn_svr,"kernel=rbf,C=10,epsilon=0.05,max_features=192",1,0.17929588,0.82070412
MSStandards,4,1,A6,Plate,4,1,A6,Glu (1),rhamnose_gL,all_known,eem_full,sklearn_svr,"kernel=rbf,C=10,epsilon=0.05,max_features=192",0,0.070786607,-0.070786607
MSStandards,4,1,A8,Plate,4,1,A8,Glu (0.075),rhamnose_gL,all_known,eem_full,sklearn_svr,"kernel=rbf,C=10,epsilon=0.05,max_features=192",0,0.10533753,-0.10533753
MSStandards,4,1,A9,Plate,4,1,A9,Glu (0.01),rhamnose_gL,all_known,eem_full,sklearn_svr,"kernel=rbf,C=10,epsilon=0.05,max_features=192",0,0.063014663,-0.063014663
MSStandards,4,1,B11,Plate,4,1,B11,Rha-Xyl (0.01),rhamnose_gL,all_known,eem_full,sklearn_svr,"kernel=rbf,C=10,epsilon=0.05,max_features=192",0.01,-0.011800604,0.021800604
MSStandards,4,1,C10,Plate,4,1,C10,Rha-Glu (0.01),rhamnose_gL,all_known,eem_full,sklearn_svr,"kernel=rbf,C=10,epsilon=0.05,max_features=192",0.01,-0.082171223,0.092171223
MSStandards,4,1,C2,Plate,4,1,C2,Rha (0.75),rhamnose_gL,all_known,eem_full,sklearn_svr,"kernel=rbf,C=10,epsilon=0.05,max_features=192",0.75,0.16734576,0.58265424
MSStandards,4,1,C6,Plate,4,1,C6,Glu (0.75),rhamnose_gL,all_known,eem_full,sklearn_svr,"kernel=rbf,C=10,epsilon=0.05,max_features=192",0,0.43688063,-0.43688063
MSStandards,4,1,C7,Plate,4,1,C7,Glu (0.25),rhamnose_gL,all_known,eem_full,sklearn_svr,"kernel=rbf,C=10,epsilon=0.05,max_features=192",0,0.19268784,-0.19268784
MSStandards,4,1,C8,Plate,4,1,C8,Glu (0.05),rhamnose_gL,all_known,eem_full,sklearn_svr,"kernel=rbf,C=10,epsilon=0.05,max_features=192",0,0.28809105,-0.28809105
MSStandards,4,1,D3,Plate,4,1,D3,Rha (0.1),rhamnose_gL,all_known,eem_full,sklearn_svr,"kernel=rbf,C=10,epsilon=0.05,max_features=192",0.1,0.30473776,-0.20473776
MSStandards,4,1,D8,Plate,4,1,D8,Glu (0.05),rhamnose_gL,all_known,eem_full,sklearn_svr,"kernel=rbf,C=10,epsilon=0.05,max_features=192",0,0.64996309,-0.64996309
MSStandards,4,1,D9,Plate,4,1,D9,Rha-Glu (1),rhamnose_gL,all_known,eem_full,sklearn_svr,"kernel=rbf,C=10,epsilon=0.05,max_features=192",1,0.37868308,0.62131692
MSStandards,4,1,E3,Plate,4,1,E3,Rha (0.1),rhamnose_gL,all_known,eem_full,sklearn_svr,"kernel=rbf,C=10,epsilon=0.05,max_features=192",0.1,0.2009459,-0.1009459
MSStandards,4,1,E6,Plate,4,1,E6,Glu (0.75),rhamnose_gL,all_known,eem_full,sklearn_svr,"kernel=rbf,C=10,epsilon=0.05,max_features=192",0,0.13842023,-0.13842023
MSStandards,4,1,F10,Plate,4,1,F10,Rha-Xyl (1),rhamnose_gL,all_known,eem_full,sklearn_svr,"kernel=rbf,C=10,epsilon=0.05,max_features=192",1,0.4308643,0.5691357
MSStandards,4,1,F3,Plate,4,1,F3,Rha (0.075),rhamnose_gL,all_known,eem_full,sklearn_svr,"kernel=rbf,C=10,epsilon=0.05,max_features=192",0.075,0.010611387,0.064388613
MSStandards,4,1,F4,Plate,4,1,F4,Rha (0.025),rhamnose_gL,all_known,eem_full,sklearn_svr,"kernel=rbf,C=10,epsilon=0.05,max_features=192",0.025,0.14854619,-0.12354619
MSStandards,4,1,G1,Plate,4,1,G1,Rha (1),rhamnose_gL,all_known,eem_full,sklearn_svr,"kernel=rbf,C=10,epsilon=0.05,max_features=192",1,1.0947044,-0.094704414
MSStandards,4,1,G10,Plate,4,1,G10,Rha-Xyl (0.1),rhamnose_gL,all_known,eem_full,sklearn_svr,"kernel=rbf,C=10,epsilon=0.05,max_features=192",0.1,0.31749936,-0.21749936
MSStandards,4,1,G6,Plate,4,1,G6,Glu (0.5),rhamnose_gL,all_known,eem_full,sklearn_svr,"kernel=rbf,C=10,epsilon=0.05,max_features=192",0,0.14782407,-0.14782407
MSStandards,4,1,G9,Plate,4,1,G9,Rha-Glu (0.1),rhamnose_gL,all_known,eem_full,sklearn_svr,"kernel=rbf,C=10,epsilon=0.05,max_features=192",0.1,0.38963683,-0.28963683
MSStandards,4,1,H4,Plate,4,1,H4,Rha (0.01),rhamnose_gL,all_known,eem_full,sklearn_svr,"kernel=rbf,C=10,epsilon=0.05,max_features=192",0.01,0.4736766,-0.4636766
MSStandards,4,1,H6,Plate,4,1,H6,Glu (0.5),rhamnose_gL,all_known,eem_full,sklearn_svr,"kernel=rbf,C=10,epsilon=0.05,max_features=192",0,0.54766101,-0.54766101
MSStandards,4,2,A1,Plate,4,2,A1,Xyl (5),rhamnose_gL,all_known,eem_full,sklearn_svr,"kernel=rbf,C=10,epsilon=0.05,max_features=192",0,-0.23780177,0.23780177
MSStandards,4,2,A4,Plate,4,2,A4,Xyl (0.05),rhamnose_gL,all_known,eem_full,sklearn_svr,"kernel=rbf,C=10,epsilon=0.05,max_features=192",0,-0.14359462,0.14359462
MSStandards,4,2,B2,Plate,4,2,B2,Xyl (0.75),rhamnose_gL,all_known,eem_full,sklearn_svr,"kernel=rbf,C=10,epsilon=0.05,max_features=192",0,-0.051607895,0.051607895
MSStandards,4,2,B6,Plate,4,2,B6,MM f/2 (0.01),rhamnose_gL,all_known,eem_full,sklearn_svr,"kernel=rbf,C=10,epsilon=0.05,max_features=192",0.01,0.0097653051,0.0002346949
MSStandards,4,2,C5,Plate,4,2,C5,MM f/2 (1),rhamnose_gL,all_known,eem_full,sklearn_svr,"kernel=rbf,C=10,epsilon=0.05,max_features=192",1,-0.15065607,1.1506561
MSStandards,4,2,D5,Plate,4,2,D5,MM f/2 (1),rhamnose_gL,all_known,eem_full,sklearn_svr,"kernel=rbf,C=10,epsilon=0.05,max_features=192",1,0.28583397,0.71416603
MSStandards,4,2,D8,Plate,4,2,D8,Rha-Algae (0.01),rhamnose_gL,all_known,eem_full,sklearn_svr,"kernel=rbf,C=10,epsilon=0.05,max_features=192",0.01,0.028432708,-0.018432708
MSStandards,4,2,E4,Plate,4,2,E4,Xyl (0.025),rhamnose_gL,all_known,eem_full,sklearn_svr,"kernel=rbf,C=10,epsilon=0.05,max_features=192",0,0.13334515,-0.13334515
MSStandards,4,2,F2,Plate,4,2,F2,Xyl (0.5),rhamnose_gL,all_known,eem_full,sklearn_svr,"kernel=rbf,C=10,epsilon=0.05,max_features=192",0,0.27812505,-0.27812505
MSStandards,4,2,F4,Plate,4,2,F4,Xyl (0.025),rhamnose_gL,all_known,eem_full,sklearn_svr,"kernel=rbf,C=10,epsilon=0.05,max_features=192",0,0.2373227,-0.2373227
MSStandards,4,2,G2,Plate,4,2,G2,Xyl (0.5),rhamnose_gL,all_known,eem_full,sklearn_svr,"kernel=rbf,C=10,epsilon=0.05,max_features=192",0,-0.02156582,0.02156582
MSStandards,4,2,G5,Plate,4,2,G5,MM f/2 (0.1),rhamnose_gL,all_known,eem_full,sklearn_svr,"kernel=rbf,C=10,epsilon=0.05,max_features=192",0.1,0.042543,0.057457
MSStandards,4,2,H7,Plate,4,2,H7,Rha-Algae (0.1),rhamnose_gL,all_known,eem_full,sklearn_svr,"kernel=rbf,C=10,epsilon=0.05,max_features=192",0.1,0.19524943,-0.095249428
MSStandards,4,1,A2,Plate,4,1,A2,Rha (1),rhamnose_gL,all_known,eem_full,sklearn_svr,"kernel=linear,C=1,epsilon=0.05,max_features=192",1,0.25435631,0.74564369
MSStandards,4,1,A6,Plate,4,1,A6,Glu (1),rhamnose_gL,all_known,eem_full,sklearn_svr,"kernel=linear,C=1,epsilon=0.05,max_features=192",0,0.2026433,-0.2026433
MSStandards,4,1,A8,Plate,4,1,A8,Glu (0.075),rhamnose_gL,all_known,eem_full,sklearn_svr,"kernel=linear,C=1,epsilon=0.05,max_features=192",0,0.37836525,-0.37836525
MSStandards,4,1,A9,Plate,4,1,A9,Glu (0.01),rhamnose_gL,all_known,eem_full,sklearn_svr,"kernel=linear,C=1,epsilon=0.05,max_features=192",0,-0.29692263,0.29692263
MSStandards,4,1,B11,Plate,4,1,B11,Rha-Xyl (0.01),rhamnose_gL,all_known,eem_full,sklearn_svr,"kernel=linear,C=1,epsilon=0.05,max_features=192",0.01,0.2790885,-0.2690885
MSStandards,4,1,C10,Plate,4,1,C10,Rha-Glu (0.01),rhamnose_gL,all_known,eem_full,sklearn_svr,"kernel=linear,C=1,epsilon=0.05,max_features=192",0.01,-0.29810179,0.30810179
MSStandards,4,1,C2,Plate,4,1,C2,Rha (0.75),rhamnose_gL,all_known,eem_full,sklearn_svr,"kernel=linear,C=1,epsilon=0.05,max_features=192",0.75,-0.53615636,1.2861564
MSStandards,4,1,C6,Plate,4,1,C6,Glu (0.75),rhamnose_gL,all_known,eem_full,sklearn_svr,"kernel=linear,C=1,epsilon=0.05,max_features=192",0,0.19717533,-0.19717533
MSStandards,4,1,C7,Plate,4,1,C7,Glu (0.25),rhamnose_gL,all_known,eem_full,sklearn_svr,"kernel=linear,C=1,epsilon=0.05,max_features=192",0,0.49970481,-0.49970481
MSStandards,4,1,C8,Plate,4,1,C8,Glu (0.05),rhamnose_gL,all_known,eem_full,sklearn_svr,"kernel=linear,C=1,epsilon=0.05,max_features=192",0,0.77255815,-0.77255815
MSStandards,4,1,D3,Plate,4,1,D3,Rha (0.1),rhamnose_gL,all_known,eem_full,sklearn_svr,"kernel=linear,C=1,epsilon=0.05,max_features=192",0.1,-0.62503244,0.72503244
MSStandards,4,1,D8,Plate,4,1,D8,Glu (0.05),rhamnose_gL,all_known,eem_full,sklearn_svr,"kernel=linear,C=1,epsilon=0.05,max_features=192",0,0.43060624,-0.43060624
MSStandards,4,1,D9,Plate,4,1,D9,Rha-Glu (1),rhamnose_gL,all_known,eem_full,sklearn_svr,"kernel=linear,C=1,epsilon=0.05,max_features=192",1,0.48805882,0.51194118
MSStandards,4,1,E3,Plate,4,1,E3,Rha (0.1),rhamnose_gL,all_known,eem_full,sklearn_svr,"kernel=linear,C=1,epsilon=0.05,max_features=192",0.1,-0.54709236,0.64709236
MSStandards,4,1,E6,Plate,4,1,E6,Glu (0.75),rhamnose_gL,all_known,eem_full,sklearn_svr,"kernel=linear,C=1,epsilon=0.05,max_features=192",0,-0.33251639,0.33251639
MSStandards,4,1,F10,Plate,4,1,F10,Rha-Xyl (1),rhamnose_gL,all_known,eem_full,sklearn_svr,"kernel=linear,C=1,epsilon=0.05,max_features=192",1,1.678523,-0.67852303
MSStandards,4,1,F3,Plate,4,1,F3,Rha (0.075),rhamnose_gL,all_known,eem_full,sklearn_svr,"kernel=linear,C=1,epsilon=0.05,max_features=192",0.075,0.33531397,-0.26031397
MSStandards,4,1,F4,Plate,4,1,F4,Rha (0.025),rhamnose_gL,all_known,eem_full,sklearn_svr,"kernel=linear,C=1,epsilon=0.05,max_features=192",0.025,0.7637963,-0.7387963
MSStandards,4,1,G1,Plate,4,1,G1,Rha (1),rhamnose_gL,all_known,eem_full,sklearn_svr,"kernel=linear,C=1,epsilon=0.05,max_features=192",1,0.54148972,0.45851028
MSStandards,4,1,G10,Plate,4,1,G10,Rha-Xyl (0.1),rhamnose_gL,all_known,eem_full,sklearn_svr,"kernel=linear,C=1,epsilon=0.05,max_features=192",0.1,-0.17674474,0.27674474
MSStandards,4,1,G6,Plate,4,1,G6,Glu (0.5),rhamnose_gL,all_known,eem_full,sklearn_svr,"kernel=linear,C=1,epsilon=0.05,max_features=192",0,-0.37096955,0.37096955
MSStandards,4,1,G9,Plate,4,1,G9,Rha-Glu (0.1),rhamnose_gL,all_known,eem_full,sklearn_svr,"kernel=linear,C=1,epsilon=0.05,max_features=192",0.1,-0.17862496,0.27862496
MSStandards,4,1,H4,Plate,4,1,H4,Rha (0.01),rhamnose_gL,all_known,eem_full,sklearn_svr,"kernel=linear,C=1,epsilon=0.05,max_features=192",0.01,0.87198347,-0.86198347
MSStandards,4,1,H6,Plate,4,1,H6,Glu (0.5),rhamnose_gL,all_known,eem_full,sklearn_svr,"kernel=linear,C=1,epsilon=0.05,max_features=192",0,0.22735901,-0.22735901
MSStandards,4,2,A1,Plate,4,2,A1,Xyl (5),rhamnose_gL,all_known,eem_full,sklearn_svr,"kernel=linear,C=1,epsilon=0.05,max_features=192",0,-0.19405796,0.19405796
MSStandards,4,2,A4,Plate,4,2,A4,Xyl (0.05),rhamnose_gL,all_known,eem_full,sklearn_svr,"kernel=linear,C=1,epsilon=0.05,max_features=192",0,-0.11420534,0.11420534
MSStandards,4,2,B2,Plate,4,2,B2,Xyl (0.75),rhamnose_gL,all_known,eem_full,sklearn_svr,"kernel=linear,C=1,epsilon=0.05,max_features=192",0,-0.88039304,0.88039304
MSStandards,4,2,B6,Plate,4,2,B6,MM f/2 (0.01),rhamnose_gL,all_known,eem_full,sklearn_svr,"kernel=linear,C=1,epsilon=0.05,max_features=192",0.01,0.19589357,-0.18589357
MSStandards,4,2,C5,Plate,4,2,C5,MM f/2 (1),rhamnose_gL,all_known,eem_full,sklearn_svr,"kernel=linear,C=1,epsilon=0.05,max_features=192",1,0.1471367,0.8528633
MSStandards,4,2,D5,Plate,4,2,D5,MM f/2 (1),rhamnose_gL,all_known,eem_full,sklearn_svr,"kernel=linear,C=1,epsilon=0.05,max_features=192",1,1.0428233,-0.04282329
MSStandards,4,2,D8,Plate,4,2,D8,Rha-Algae (0.01),rhamnose_gL,all_known,eem_full,sklearn_svr,"kernel=linear,C=1,epsilon=0.05,max_features=192",0.01,-0.36422924,0.37422924
MSStandards,4,2,E4,Plate,4,2,E4,Xyl (0.025),rhamnose_gL,all_known,eem_full,sklearn_svr,"kernel=linear,C=1,epsilon=0.05,max_features=192",0,0.54960564,-0.54960564
MSStandards,4,2,F2,Plate,4,2,F2,Xyl (0.5),rhamnose_gL,all_known,eem_full,sklearn_svr,"kernel=linear,C=1,epsilon=0.05,max_features=192",0,0.55515868,-0.55515868
MSStandards,4,2,F4,Plate,4,2,F4,Xyl (0.025),rhamnose_gL,all_known,eem_full,sklearn_svr,"kernel=linear,C=1,epsilon=0.05,max_features=192",0,0.55104064,-0.55104064
MSStandards,4,2,G2,Plate,4,2,G2,Xyl (0.5),rhamnose_gL,all_known,eem_full,sklearn_svr,"kernel=linear,C=1,epsilon=0.05,max_features=192",0,0.053617916,-0.053617916
MSStandards,4,2,G5,Plate,4,2,G5,MM f/2 (0.1),rhamnose_gL,all_known,eem_full,sklearn_svr,"kernel=linear,C=1,epsilon=0.05,max_features=192",0.1,0.23276341,-0.13276341
MSStandards,4,2,H7,Plate,4,2,H7,Rha-Algae (0.1),rhamnose_gL,all_known,eem_full,sklearn_svr,"kernel=linear,C=1,epsilon=0.05,max_features=192",0.1,-0.20390634,0.30390634
MSStandards,4,1,A2,Plate,4,1,A2,Rha (1),rhamnose_gL,all_known,eem_full,xgboost,"n_estimators=200,max_depth=2,learning_rate=0.05,max_features=192",1,0.018458843,0.98154116
MSStandards,4,1,A6,Plate,4,1,A6,Glu (1),rhamnose_gL,all_known,eem_full,xgboost,"n_estimators=200,max_depth=2,learning_rate=0.05,max_features=192",0,0.010599229,-0.010599229
MSStandards,4,1,A8,Plate,4,1,A8,Glu (0.075),rhamnose_gL,all_known,eem_full,xgboost,"n_estimators=200,max_depth=2,learning_rate=0.05,max_features=192",0,0.03272007,-0.03272007
MSStandards,4,1,A9,Plate,4,1,A9,Glu (0.01),rhamnose_gL,all_known,eem_full,xgboost,"n_estimators=200,max_depth=2,learning_rate=0.05,max_features=192",0,0.022521745,-0.022521745
MSStandards,4,1,B11,Plate,4,1,B11,Rha-Xyl (0.01),rhamnose_gL,all_known,eem_full,xgboost,"n_estimators=200,max_depth=2,learning_rate=0.05,max_features=192",0.01,0.033846553,-0.023846553
MSStandards,4,1,C10,Plate,4,1,C10,Rha-Glu (0.01),rhamnose_gL,all_known,eem_full,xgboost,"n_estimators=200,max_depth=2,learning_rate=0.05,max_features=192",0.01,0.006569121,0.003430879
MSStandards,4,1,C2,Plate,4,1,C2,Rha (0.75),rhamnose_gL,all_known,eem_full,xgboost,"n_estimators=200,max_depth=2,learning_rate=0.05,max_features=192",0.75,0.18067686,0.56932314
MSStandards,4,1,C6,Plate,4,1,C6,Glu (0.75),rhamnose_gL,all_known,eem_full,xgboost,"n_estimators=200,max_depth=2,learning_rate=0.05,max_features=192",0,0.2402444,-0.2402444
MSStandards,4,1,C7,Plate,4,1,C7,Glu (0.25),rhamnose_gL,all_known,eem_full,xgboost,"n_estimators=200,max_depth=2,learning_rate=0.05,max_features=192",0,0.35734093,-0.35734093
MSStandards,4,1,C8,Plate,4,1,C8,Glu (0.05),rhamnose_gL,all_known,eem_full,xgboost,"n_estimators=200,max_depth=2,learning_rate=0.05,max_features=192",0,0.11348957,-0.11348957
MSStandards,4,1,D3,Plate,4,1,D3,Rha (0.1),rhamnose_gL,all_known,eem_full,xgboost,"n_estimators=200,max_depth=2,learning_rate=0.05,max_features=192",0.1,0.2990379,-0.1990379
MSStandards,4,1,D8,Plate,4,1,D8,Glu (0.05),rhamnose_gL,all_known,eem_full,xgboost,"n_estimators=200,max_depth=2,learning_rate=0.05,max_features=192",0,0.049428258,-0.049428258
MSStandards,4,1,D9,Plate,4,1,D9,Rha-Glu (1),rhamnose_gL,all_known,eem_full,xgboost,"n_estimators=200,max_depth=2,learning_rate=0.05,max_features=192",1,0.3425433,0.6574567
MSStandards,4,1,E3,Plate,4,1,E3,Rha (0.1),rhamnose_gL,all_known,eem_full,xgboost,"n_estimators=200,max_depth=2,learning_rate=0.05,max_features=192",0.1,0.2433551,-0.1433551
MSStandards,4,1,E6,Plate,4,1,E6,Glu (0.75),rhamnose_gL,all_known,eem_full,xgboost,"n_estimators=200,max_depth=2,learning_rate=0.05,max_features=192",0,0.19525369,-0.19525369
MSStandards,4,1,F10,Plate,4,1,F10,Rha-Xyl (1),rhamnose_gL,all_known,eem_full,xgboost,"n_estimators=200,max_depth=2,learning_rate=0.05,max_features=192",1,0.54605043,0.45394957
MSStandards,4,1,F3,Plate,4,1,F3,Rha (0.075),rhamnose_gL,all_known,eem_full,xgboost,"n_estimators=200,max_depth=2,learning_rate=0.05,max_features=192",0.075,0.19337337,-0.11837337
MSStandards,4,1,F4,Plate,4,1,F4,Rha (0.025),rhamnose_gL,all_known,eem_full,xgboost,"n_estimators=200,max_depth=2,learning_rate=0.05,max_features=192",0.025,0.01908418,0.0059158202
MSStandards,4,1,G1,Plate,4,1,G1,Rha (1),rhamnose_gL,all_known,eem_full,xgboost,"n_estimators=200,max_depth=2,learning_rate=0.05,max_features=192",1,0.39396253,0.60603747
MSStandards,4,1,G10,Plate,4,1,G10,Rha-Xyl (0.1),rhamnose_gL,all_known,eem_full,xgboost,"n_estimators=200,max_depth=2,learning_rate=0.05,max_features=192",0.1,0.29544589,-0.19544589
MSStandards,4,1,G6,Plate,4,1,G6,Glu (0.5),rhamnose_gL,all_known,eem_full,xgboost,"n_estimators=200,max_depth=2,learning_rate=0.05,max_features=192",0,0.18914811,-0.18914811
MSStandards,4,1,G9,Plate,4,1,G9,Rha-Glu (0.1),rhamnose_gL,all_known,eem_full,xgboost,"n_estimators=200,max_depth=2,learning_rate=0.05,max_features=192",0.1,0.215941,-0.115941
MSStandards,4,1,H4,Plate,4,1,H4,Rha (0.01),rhamnose_gL,all_known,eem_full,xgboost,"n_estimators=200,max_depth=2,learning_rate=0.05,max_features=192",0.01,0.10667549,-0.096675491
MSStandards,4,1,H6,Plate,4,1,H6,Glu (0.5),rhamnose_gL,all_known,eem_full,xgboost,"n_estimators=200,max_depth=2,learning_rate=0.05,max_features=192",0,0.1965964,-0.1965964
MSStandards,4,2,A1,Plate,4,2,A1,Xyl (5),rhamnose_gL,all_known,eem_full,xgboost,"n_estimators=200,max_depth=2,learning_rate=0.05,max_features=192",0,0.28766245,-0.28766245
MSStandards,4,2,A4,Plate,4,2,A4,Xyl (0.05),rhamnose_gL,all_known,eem_full,xgboost,"n_estimators=200,max_depth=2,learning_rate=0.05,max_features=192",0,0.0040116524,-0.0040116524
MSStandards,4,2,B2,Plate,4,2,B2,Xyl (0.75),rhamnose_gL,all_known,eem_full,xgboost,"n_estimators=200,max_depth=2,learning_rate=0.05,max_features=192",0,0.055676848,-0.055676848
MSStandards,4,2,B6,Plate,4,2,B6,MM f/2 (0.01),rhamnose_gL,all_known,eem_full,xgboost,"n_estimators=200,max_depth=2,learning_rate=0.05,max_features=192",0.01,0.10324157,-0.09324157
MSStandards,4,2,C5,Plate,4,2,C5,MM f/2 (1),rhamnose_gL,all_known,eem_full,xgboost,"n_estimators=200,max_depth=2,learning_rate=0.05,max_features=192",1,-0.004489277,1.0044893
MSStandards,4,2,D5,Plate,4,2,D5,MM f/2 (1),rhamnose_gL,all_known,eem_full,xgboost,"n_estimators=200,max_depth=2,learning_rate=0.05,max_features=192",1,0.012603945,0.98739605
MSStandards,4,2,D8,Plate,4,2,D8,Rha-Algae (0.01),rhamnose_gL,all_known,eem_full,xgboost,"n_estimators=200,max_depth=2,learning_rate=0.05,max_features=192",0.01,0.17803979,-0.16803979
MSStandards,4,2,E4,Plate,4,2,E4,Xyl (0.025),rhamnose_gL,all_known,eem_full,xgboost,"n_estimators=200,max_depth=2,learning_rate=0.05,max_features=192",0,0.10371299,-0.10371299
MSStandards,4,2,F2,Plate,4,2,F2,Xyl (0.5),rhamnose_gL,all_known,eem_full,xgboost,"n_estimators=200,max_depth=2,learning_rate=0.05,max_features=192",0,0.18539681,-0.18539681
MSStandards,4,2,F4,Plate,4,2,F4,Xyl (0.025),rhamnose_gL,all_known,eem_full,xgboost,"n_estimators=200,max_depth=2,learning_rate=0.05,max_features=192",0,0.11437013,-0.11437013
MSStandards,4,2,G2,Plate,4,2,G2,Xyl (0.5),rhamnose_gL,all_known,eem_full,xgboost,"n_estimators=200,max_depth=2,learning_rate=0.05,max_features=192",0,0.34030858,-0.34030858
MSStandards,4,2,G5,Plate,4,2,G5,MM f/2 (0.1),rhamnose_gL,all_known,eem_full,xgboost,"n_estimators=200,max_depth=2,learning_rate=0.05,max_features=192",0.1,0.10722402,-0.0072240174
MSStandards,4,2,H7,Plate,4,2,H7,Rha-Algae (0.1),rhamnose_gL,all_known,eem_full,xgboost,"n_estimators=200,max_depth=2,learning_rate=0.05,max_features=192",0.1,-0.0015904418,0.10159044
MSStandards,4,1,A2,Plate,4,1,A2,Rha (1),xylose_gL,all_known,eem_full,sklearn_plsr,"n_components=2,max_features=192",0,0.61942415,-0.61942415
MSStandards,4,1,A4,Plate,4,1,A4,Rha (0.05),xylose_gL,all_known,eem_full,sklearn_plsr,"n_components=2,max_features=192",0,0.57219088,-0.57219088
MSStandards,4,1,A6,Plate,4,1,A6,Glu (1),xylose_gL,all_known,eem_full,sklearn_plsr,"n_components=2,max_features=192",0,0.26688415,-0.26688415
MSStandards,4,1,A8,Plate,4,1,A8,Glu (0.075),xylose_gL,all_known,eem_full,sklearn_plsr,"n_components=2,max_features=192",0,0.011668533,-0.011668533
MSStandards,4,1,A9,Plate,4,1,A9,Glu (0.01),xylose_gL,all_known,eem_full,sklearn_plsr,"n_components=2,max_features=192",0,-0.44420275,0.44420275
MSStandards,4,1,B11,Plate,4,1,B11,Rha-Xyl (0.01),xylose_gL,all_known,eem_full,sklearn_plsr,"n_components=2,max_features=192",0.01,0.18148801,-0.17148801
MSStandards,4,1,C2,Plate,4,1,C2,Rha (0.75),xylose_gL,all_known,eem_full,sklearn_plsr,"n_components=2,max_features=192",0,0.12412582,-0.12412582
MSStandards,4,1,C6,Plate,4,1,C6,Glu (0.75),xylose_gL,all_known,eem_full,sklearn_plsr,"n_components=2,max_features=192",0,0.068050063,-0.068050063
MSStandards,4,1,C7,Plate,4,1,C7,Glu (0.25),xylose_gL,all_known,eem_full,sklearn_plsr,"n_components=2,max_features=192",0,0.20948632,-0.20948632
MSStandards,4,1,C8,Plate,4,1,C8,Glu (0.05),xylose_gL,all_known,eem_full,sklearn_plsr,"n_components=2,max_features=192",0,0.10677251,-0.10677251
MSStandards,4,1,D3,Plate,4,1,D3,Rha (0.1),xylose_gL,all_known,eem_full,sklearn_plsr,"n_components=2,max_features=192",0,0.078283284,-0.078283284
MSStandards,4,1,D8,Plate,4,1,D8,Glu (0.05),xylose_gL,all_known,eem_full,sklearn_plsr,"n_components=2,max_features=192",0,-0.010716172,0.010716172
MSStandards,4,1,D9,Plate,4,1,D9,Rha-Glu (1),xylose_gL,all_known,eem_full,sklearn_plsr,"n_components=2,max_features=192",0,0.065134532,-0.065134532
MSStandards,4,1,E3,Plate,4,1,E3,Rha (0.1),xylose_gL,all_known,eem_full,sklearn_plsr,"n_components=2,max_features=192",0,0.21007318,-0.21007318
MSStandards,4,1,E6,Plate,4,1,E6,Glu (0.75),xylose_gL,all_known,eem_full,sklearn_plsr,"n_components=2,max_features=192",0,0.24262724,-0.24262724
MSStandards,4,1,F1,Plate,4,1,F1,Rha (2.5),xylose_gL,all_known,eem_full,sklearn_plsr,"n_components=2,max_features=192",0,-0.21785712,0.21785712
MSStandards,4,1,F10,Plate,4,1,F10,Rha-Xyl (1),xylose_gL,all_known,eem_full,sklearn_plsr,"n_components=2,max_features=192",1,0.36383904,0.63616096
MSStandards,4,1,F3,Plate,4,1,F3,Rha (0.075),xylose_gL,all_known,eem_full,sklearn_plsr,"n_components=2,max_features=192",0,-0.014014897,0.014014897
MSStandards,4,1,G1,Plate,4,1,G1,Rha (1),xylose_gL,all_known,eem_full,sklearn_plsr,"n_components=2,max_features=192",0,-0.20644387,0.20644387
MSStandards,4,1,G10,Plate,4,1,G10,Rha-Xyl (0.1),xylose_gL,all_known,eem_full,sklearn_plsr,"n_components=2,max_features=192",0.1,0.034433839,0.065566161
MSStandards,4,1,G6,Plate,4,1,G6,Glu (0.5),xylose_gL,all_known,eem_full,sklearn_plsr,"n_components=2,max_features=192",0,-0.17510068,0.17510068
MSStandards,4,1,G8,Plate,4,1,G8,Glu (0.025),xylose_gL,all_known,eem_full,sklearn_plsr,"n_components=2,max_features=192",0,0.085594011,-0.085594011
MSStandards,4,1,H2,Plate,4,1,H2,Rha (0.25),xylose_gL,all_known,eem_full,sklearn_plsr,"n_components=2,max_features=192",0,-0.35092085,0.35092085
MSStandards,4,1,H4,Plate,4,1,H4,Rha (0.01),xylose_gL,all_known,eem_full,sklearn_plsr,"n_components=2,max_features=192",0,-0.24056869,0.24056869
MSStandards,4,2,A3,Plate,4,2,A3,Xyl (0.25),xylose_gL,all_known,eem_full,sklearn_plsr,"n_components=2,max_features=192",0.25,1.0610956,-0.81109556
MSStandards,4,2,A4,Plate,4,2,A4,Xyl (0.05),xylose_gL,all_known,eem_full,sklearn_plsr,"n_components=2,max_features=192",0.05,0.83612199,-0.78612199
MSStandards,4,2,B7,Plate,4,2,B7,MMAlgae (0.01),xylose_gL,all_known,eem_full,sklearn_plsr,"n_components=2,max_features=192",0.01,0.67038082,-0.66038082
MSStandards,4,2,C5,Plate,4,2,C5,MM f/2 (1),xylose_gL,all_known,eem_full,sklearn_plsr,"n_components=2,max_features=192",1,0.817549,0.182451
MSStandards,4,2,C7,Plate,4,2,C7,MMAlgae (0.01),xylose_gL,all_known,eem_full,sklearn_plsr,"n_components=2,max_features=192",0.01,0.59320093,-0.58320093
MSStandards,4,2,E2,Plate,4,2,E2,Xyl (0.5),xylose_gL,all_known,eem_full,sklearn_plsr,"n_components=2,max_features=192",0.5,0.79362224,-0.29362224
MSStandards,4,2,E9,Flask,4,2,E9,Algae (blank),xylose_gL,all_known,eem_full,sklearn_plsr,"n_components=2,max_features=192",0,0.50250681,-0.50250681
MSStandards,4,2,G1,Plate,4,2,G1,Xyl (1),xylose_gL,all_known,eem_full,sklearn_plsr,"n_components=2,max_features=192",1,0.54734875,0.45265125
MSStandards,4,2,G9,Plate,4,2,G9,MMAlgae (0.1),xylose_gL,all_known,eem_full,sklearn_plsr,"n_components=2,max_features=192",0.1,0.58981339,-0.48981339
MSStandards,4,2,H2,Plate,4,2,H2,Xyl (0.25),xylose_gL,all_known,eem_full,sklearn_plsr,"n_components=2,max_features=192",0.25,0.77728506,-0.52728506
MSStandards,4,2,H5,Plate,4,2,H5,MM f/2 (0.01),xylose_gL,all_known,eem_full,sklearn_plsr,"n_components=2,max_features=192",0.01,0.58908466,-0.57908466
MSStandards,4,1,A2,Plate,4,1,A2,Rha (1),xylose_gL,all_known,eem_full,sklearn_plsr,"n_components=5,max_features=192",0,1.2521817,-1.2521817
MSStandards,4,1,A4,Plate,4,1,A4,Rha (0.05),xylose_gL,all_known,eem_full,sklearn_plsr,"n_components=5,max_features=192",0,1.6266604,-1.6266604
MSStandards,4,1,A6,Plate,4,1,A6,Glu (1),xylose_gL,all_known,eem_full,sklearn_plsr,"n_components=5,max_features=192",0,1.1509548,-1.1509548
MSStandards,4,1,A8,Plate,4,1,A8,Glu (0.075),xylose_gL,all_known,eem_full,sklearn_plsr,"n_components=5,max_features=192",0,0.53908225,-0.53908225
MSStandards,4,1,A9,Plate,4,1,A9,Glu (0.01),xylose_gL,all_known,eem_full,sklearn_plsr,"n_components=5,max_features=192",0,0.084007018,-0.084007018
MSStandards,4,1,B11,Plate,4,1,B11,Rha-Xyl (0.01),xylose_gL,all_known,eem_full,sklearn_plsr,"n_components=5,max_features=192",0.01,0.67127771,-0.66127771
MSStandards,4,1,C2,Plate,4,1,C2,Rha (0.75),xylose_gL,all_known,eem_full,sklearn_plsr,"n_components=5,max_features=192",0,-0.079973187,0.079973187
MSStandards,4,1,C6,Plate,4,1,C6,Glu (0.75),xylose_gL,all_known,eem_full,sklearn_plsr,"n_components=5,max_features=192",0,-0.089519017,0.089519017
MSStandards,4,1,C7,Plate,4,1,C7,Glu (0.25),xylose_gL,all_known,eem_full,sklearn_plsr,"n_components=5,max_features=192",0,0.60277874,-0.60277874
MSStandards,4,1,C8,Plate,4,1,C8,Glu (0.05),xylose_gL,all_known,eem_full,sklearn_plsr,"n_components=5,max_features=192",0,-0.21027541,0.21027541
MSStandards,4,1,D3,Plate,4,1,D3,Rha (0.1),xylose_gL,all_known,eem_full,sklearn_plsr,"n_components=5,max_features=192",0,0.19866396,-0.19866396
MSStandards,4,1,D8,Plate,4,1,D8,Glu (0.05),xylose_gL,all_known,eem_full,sklearn_plsr,"n_components=5,max_features=192",0,-0.048489409,0.048489409
MSStandards,4,1,D9,Plate,4,1,D9,Rha-Glu (1),xylose_gL,all_known,eem_full,sklearn_plsr,"n_components=5,max_features=192",0,0.18506261,-0.18506261
MSStandards,4,1,E3,Plate,4,1,E3,Rha (0.1),xylose_gL,all_known,eem_full,sklearn_plsr,"n_components=5,max_features=192",0,0.71347384,-0.71347384
MSStandards,4,1,E6,Plate,4,1,E6,Glu (0.75),xylose_gL,all_known,eem_full,sklearn_plsr,"n_components=5,max_features=192",0,0.64568378,-0.64568378
MSStandards,4,1,F1,Plate,4,1,F1,Rha (2.5),xylose_gL,all_known,eem_full,sklearn_plsr,"n_components=5,max_features=192",0,-0.18805443,0.18805443
MSStandards,4,1,F10,Plate,4,1,F10,Rha-Xyl (1),xylose_gL,all_known,eem_full,sklearn_plsr,"n_components=5,max_features=192",1,2.18252,-1.18252
MSStandards,4,1,F3,Plate,4,1,F3,Rha (0.075),xylose_gL,all_known,eem_full,sklearn_plsr,"n_components=5,max_features=192",0,-0.068087861,0.068087861
MSStandards,4,1,G1,Plate,4,1,G1,Rha (1),xylose_gL,all_known,eem_full,sklearn_plsr,"n_components=5,max_features=192",0,-0.36628283,0.36628283
MSStandards,4,1,G10,Plate,4,1,G10,Rha-Xyl (0.1),xylose_gL,all_known,eem_full,sklearn_plsr,"n_components=5,max_features=192",0.1,0.1591296,-0.059129599
MSStandards,4,1,G6,Plate,4,1,G6,Glu (0.5),xylose_gL,all_known,eem_full,sklearn_plsr,"n_components=5,max_features=192",0,-0.245971,0.245971
MSStandards,4,1,G8,Plate,4,1,G8,Glu (0.025),xylose_gL,all_known,eem_full,sklearn_plsr,"n_components=5,max_features=192",0,0.36566733,-0.36566733
MSStandards,4,1,H2,Plate,4,1,H2,Rha (0.25),xylose_gL,all_known,eem_full,sklearn_plsr,"n_components=5,max_features=192",0,-0.17197197,0.17197197
MSStandards,4,1,H4,Plate,4,1,H4,Rha (0.01),xylose_gL,all_known,eem_full,sklearn_plsr,"n_components=5,max_features=192",0,-0.1066819,0.1066819
MSStandards,4,2,A3,Plate,4,2,A3,Xyl (0.25),xylose_gL,all_known,eem_full,sklearn_plsr,"n_components=5,max_features=192",0.25,2.3861678,-2.1361678
MSStandards,4,2,A4,Plate,4,2,A4,Xyl (0.05),xylose_gL,all_known,eem_full,sklearn_plsr,"n_components=5,max_features=192",0.05,1.4771323,-1.4271323
MSStandards,4,2,B7,Plate,4,2,B7,MMAlgae (0.01),xylose_gL,all_known,eem_full,sklearn_plsr,"n_components=5,max_features=192",0.01,-0.33216421,0.34216421
MSStandards,4,2,C5,Plate,4,2,C5,MM f/2 (1),xylose_gL,all_known,eem_full,sklearn_plsr,"n_components=5,max_features=192",1,0.88062393,0.11937607
MSStandards,4,2,C7,Plate,4,2,C7,MMAlgae (0.01),xylose_gL,all_known,eem_full,sklearn_plsr,"n_components=5,max_features=192",0.01,-0.20372273,0.21372273
MSStandards,4,2,E2,Plate,4,2,E2,Xyl (0.5),xylose_gL,all_known,eem_full,sklearn_plsr,"n_components=5,max_features=192",0.5,0.65525179,-0.15525179
MSStandards,4,2,E9,Flask,4,2,E9,Algae (blank),xylose_gL,all_known,eem_full,sklearn_plsr,"n_components=5,max_features=192",0,-0.81308513,0.81308513
MSStandards,4,2,G1,Plate,4,2,G1,Xyl (1),xylose_gL,all_known,eem_full,sklearn_plsr,"n_components=5,max_features=192",1,0.15743978,0.84256022
MSStandards,4,2,G9,Plate,4,2,G9,MMAlgae (0.1),xylose_gL,all_known,eem_full,sklearn_plsr,"n_components=5,max_features=192",0.1,0.18844077,-0.088440771
MSStandards,4,2,H2,Plate,4,2,H2,Xyl (0.25),xylose_gL,all_known,eem_full,sklearn_plsr,"n_components=5,max_features=192",0.25,1.0395428,-0.7895428
MSStandards,4,2,H5,Plate,4,2,H5,MM f/2 (0.01),xylose_gL,all_known,eem_full,sklearn_plsr,"n_components=5,max_features=192",0.01,0.40141878,-0.39141878
MSStandards,4,1,A2,Plate,4,1,A2,Rha (1),xylose_gL,all_known,eem_full,sklearn_svr,"kernel=rbf,C=10,epsilon=0.05,max_features=192",0,0.071971437,-0.071971437
MSStandards,4,1,A4,Plate,4,1,A4,Rha (0.05),xylose_gL,all_known,eem_full,sklearn_svr,"kernel=rbf,C=10,epsilon=0.05,max_features=192",0,0.46743498,-0.46743498
MSStandards,4,1,A6,Plate,4,1,A6,Glu (1),xylose_gL,all_known,eem_full,sklearn_svr,"kernel=rbf,C=10,epsilon=0.05,max_features=192",0,0.022674194,-0.022674194
MSStandards,4,1,A8,Plate,4,1,A8,Glu (0.075),xylose_gL,all_known,eem_full,sklearn_svr,"kernel=rbf,C=10,epsilon=0.05,max_features=192",0,-0.18181658,0.18181658
MSStandards,4,1,A9,Plate,4,1,A9,Glu (0.01),xylose_gL,all_known,eem_full,sklearn_svr,"kernel=rbf,C=10,epsilon=0.05,max_features=192",0,-0.03937019,0.03937019
MSStandards,4,1,B11,Plate,4,1,B11,Rha-Xyl (0.01),xylose_gL,all_known,eem_full,sklearn_svr,"kernel=rbf,C=10,epsilon=0.05,max_features=192",0.01,0.33487816,-0.32487816
MSStandards,4,1,C2,Plate,4,1,C2,Rha (0.75),xylose_gL,all_known,eem_full,sklearn_svr,"kernel=rbf,C=10,epsilon=0.05,max_features=192",0,-0.0064448895,0.0064448895
MSStandards,4,1,C6,Plate,4,1,C6,Glu (0.75),xylose_gL,all_known,eem_full,sklearn_svr,"kernel=rbf,C=10,epsilon=0.05,max_features=192",0,-0.13969327,0.13969327
MSStandards,4,1,C7,Plate,4,1,C7,Glu (0.25),xylose_gL,all_known,eem_full,sklearn_svr,"kernel=rbf,C=10,epsilon=0.05,max_features=192",0,0.29371846,-0.29371846
MSStandards,4,1,C8,Plate,4,1,C8,Glu (0.05),xylose_gL,all_known,eem_full,sklearn_svr,"kernel=rbf,C=10,epsilon=0.05,max_features=192",0,-0.10567668,0.10567668
MSStandards,4,1,D3,Plate,4,1,D3,Rha (0.1),xylose_gL,all_known,eem_full,sklearn_svr,"kernel=rbf,C=10,epsilon=0.05,max_features=192",0,0.21992152,-0.21992152
MSStandards,4,1,D8,Plate,4,1,D8,Glu (0.05),xylose_gL,all_known,eem_full,sklearn_svr,"kernel=rbf,C=10,epsilon=0.05,max_features=192",0,0.085793377,-0.085793377
MSStandards,4,1,D9,Plate,4,1,D9,Rha-Glu (1),xylose_gL,all_known,eem_full,sklearn_svr,"kernel=rbf,C=10,epsilon=0.05,max_features=192",0,0.19689621,-0.19689621
MSStandards,4,1,E3,Plate,4,1,E3,Rha (0.1),xylose_gL,all_known,eem_full,sklearn_svr,"kernel=rbf,C=10,epsilon=0.05,max_features=192",0,0.098390638,-0.098390638
MSStandards,4,1,E6,Plate,4,1,E6,Glu (0.75),xylose_gL,all_known,eem_full,sklearn_svr,"kernel=rbf,C=10,epsilon=0.05,max_features=192",0,0.41453631,-0.41453631
MSStandards,4,1,F1,Plate,4,1,F1,Rha (2.5),xylose_gL,all_known,eem_full,sklearn_svr,"kernel=rbf,C=10,epsilon=0.05,max_features=192",0,0.23962506,-0.23962506
MSStandards,4,1,F10,Plate,4,1,F10,Rha-Xyl (1),xylose_gL,all_known,eem_full,sklearn_svr,"kernel=rbf,C=10,epsilon=0.05,max_features=192",1,0.17243245,0.82756755
MSStandards,4,1,F3,Plate,4,1,F3,Rha (0.075),xylose_gL,all_known,eem_full,sklearn_svr,"kernel=rbf,C=10,epsilon=0.05,max_features=192",0,-0.057516325,0.057516325
MSStandards,4,1,G1,Plate,4,1,G1,Rha (1),xylose_gL,all_known,eem_full,sklearn_svr,"kernel=rbf,C=10,epsilon=0.05,max_features=192",0,0.003188259,-0.003188259
MSStandards,4,1,G10,Plate,4,1,G10,Rha-Xyl (0.1),xylose_gL,all_known,eem_full,sklearn_svr,"kernel=rbf,C=10,epsilon=0.05,max_features=192",0.1,0.069205005,0.030794995
MSStandards,4,1,G6,Plate,4,1,G6,Glu (0.5),xylose_gL,all_known,eem_full,sklearn_svr,"kernel=rbf,C=10,epsilon=0.05,max_features=192",0,0.036871169,-0.036871169
MSStandards,4,1,G8,Plate,4,1,G8,Glu (0.025),xylose_gL,all_known,eem_full,sklearn_svr,"kernel=rbf,C=10,epsilon=0.05,max_features=192",0,0.2296916,-0.2296916
MSStandards,4,1,H2,Plate,4,1,H2,Rha (0.25),xylose_gL,all_known,eem_full,sklearn_svr,"kernel=rbf,C=10,epsilon=0.05,max_features=192",0,0.23460058,-0.23460058
MSStandards,4,1,H4,Plate,4,1,H4,Rha (0.01),xylose_gL,all_known,eem_full,sklearn_svr,"kernel=rbf,C=10,epsilon=0.05,max_features=192",0,-0.16842175,0.16842175
MSStandards,4,2,A3,Plate,4,2,A3,Xyl (0.25),xylose_gL,all_known,eem_full,sklearn_svr,"kernel=rbf,C=10,epsilon=0.05,max_features=192",0.25,3.0086045,-2.7586045
MSStandards,4,2,A4,Plate,4,2,A4,Xyl (0.05),xylose_gL,all_known,eem_full,sklearn_svr,"kernel=rbf,C=10,epsilon=0.05,max_features=192",0.05,2.0982749,-2.0482749
MSStandards,4,2,B7,Plate,4,2,B7,MMAlgae (0.01),xylose_gL,all_known,eem_full,sklearn_svr,"kernel=rbf,C=10,epsilon=0.05,max_features=192",0.01,0.40679818,-0.39679818
MSStandards,4,2,C5,Plate,4,2,C5,MM f/2 (1),xylose_gL,all_known,eem_full,sklearn_svr,"kernel=rbf,C=10,epsilon=0.05,max_features=192",1,1.4441301,-0.44413011
MSStandards,4,2,C7,Plate,4,2,C7,MMAlgae (0.01),xylose_gL,all_known,eem_full,sklearn_svr,"kernel=rbf,C=10,epsilon=0.05,max_features=192",0.01,0.40152647,-0.39152647
MSStandards,4,2,E2,Plate,4,2,E2,Xyl (0.5),xylose_gL,all_known,eem_full,sklearn_svr,"kernel=rbf,C=10,epsilon=0.05,max_features=192",0.5,0.09695312,0.40304688
MSStandards,4,2,E9,Flask,4,2,E9,Algae (blank),xylose_gL,all_known,eem_full,sklearn_svr,"kernel=rbf,C=10,epsilon=0.05,max_features=192",0,0.046048887,-0.046048887
MSStandards,4,2,G1,Plate,4,2,G1,Xyl (1),xylose_gL,all_known,eem_full,sklearn_svr,"kernel=rbf,C=10,epsilon=0.05,max_features=192",1,0.85455951,0.14544049
MSStandards,4,2,G9,Plate,4,2,G9,MMAlgae (0.1),xylose_gL,all_known,eem_full,sklearn_svr,"kernel=rbf,C=10,epsilon=0.05,max_features=192",0.1,0.67611993,-0.57611993
MSStandards,4,2,H2,Plate,4,2,H2,Xyl (0.25),xylose_gL,all_known,eem_full,sklearn_svr,"kernel=rbf,C=10,epsilon=0.05,max_features=192",0.25,1.8390977,-1.5890977
MSStandards,4,2,H5,Plate,4,2,H5,MM f/2 (0.01),xylose_gL,all_known,eem_full,sklearn_svr,"kernel=rbf,C=10,epsilon=0.05,max_features=192",0.01,0.40888329,-0.39888329
MSStandards,4,1,A2,Plate,4,1,A2,Rha (1),xylose_gL,all_known,eem_full,sklearn_svr,"kernel=linear,C=1,epsilon=0.05,max_features=192",0,-0.12498724,0.12498724
MSStandards,4,1,A4,Plate,4,1,A4,Rha (0.05),xylose_gL,all_known,eem_full,sklearn_svr,"kernel=linear,C=1,epsilon=0.05,max_features=192",0,1.1039133,-1.1039133
MSStandards,4,1,A6,Plate,4,1,A6,Glu (1),xylose_gL,all_known,eem_full,sklearn_svr,"kernel=linear,C=1,epsilon=0.05,max_features=192",0,0.93581042,-0.93581042
MSStandards,4,1,A8,Plate,4,1,A8,Glu (0.075),xylose_gL,all_known,eem_full,sklearn_svr,"kernel=linear,C=1,epsilon=0.05,max_features=192",0,0.87370527,-0.87370527
MSStandards,4,1,A9,Plate,4,1,A9,Glu (0.01),xylose_gL,all_known,eem_full,sklearn_svr,"kernel=linear,C=1,epsilon=0.05,max_features=192",0,0.81340426,-0.81340426
MSStandards,4,1,B11,Plate,4,1,B11,Rha-Xyl (0.01),xylose_gL,all_known,eem_full,sklearn_svr,"kernel=linear,C=1,epsilon=0.05,max_features=192",0.01,1.255915,-1.245915
MSStandards,4,1,C2,Plate,4,1,C2,Rha (0.75),xylose_gL,all_known,eem_full,sklearn_svr,"kernel=linear,C=1,epsilon=0.05,max_features=192",0,-0.83432258,0.83432258
MSStandards,4,1,C6,Plate,4,1,C6,Glu (0.75),xylose_gL,all_known,eem_full,sklearn_svr,"kernel=linear,C=1,epsilon=0.05,max_features=192",0,-0.58176024,0.58176024
MSStandards,4,1,C7,Plate,4,1,C7,Glu (0.25),xylose_gL,all_known,eem_full,sklearn_svr,"kernel=linear,C=1,epsilon=0.05,max_features=192",0,1.975169,-1.975169
MSStandards,4,1,C8,Plate,4,1,C8,Glu (0.05),xylose_gL,all_known,eem_full,sklearn_svr,"kernel=linear,C=1,epsilon=0.05,max_features=192",0,-0.26146443,0.26146443
MSStandards,4,1,D3,Plate,4,1,D3,Rha (0.1),xylose_gL,all_known,eem_full,sklearn_svr,"kernel=linear,C=1,epsilon=0.05,max_features=192",0,-0.26418282,0.26418282
MSStandards,4,1,D8,Plate,4,1,D8,Glu (0.05),xylose_gL,all_known,eem_full,sklearn_svr,"kernel=linear,C=1,epsilon=0.05,max_features=192",0,0.28256915,-0.28256915
MSStandards,4,1,D9,Plate,4,1,D9,Rha-Glu (1),xylose_gL,all_known,eem_full,sklearn_svr,"kernel=linear,C=1,epsilon=0.05,max_features=192",0,0.3013999,-0.3013999
MSStandards,4,1,E3,Plate,4,1,E3,Rha (0.1),xylose_gL,all_known,eem_full,sklearn_svr,"kernel=linear,C=1,epsilon=0.05,max_features=192",0,0.65478946,-0.65478946
MSStandards,4,1,E6,Plate,4,1,E6,Glu (0.75),xylose_gL,all_known,eem_full,sklearn_svr,"kernel=linear,C=1,epsilon=0.05,max_features=192",0,2.8517316,-2.8517316
MSStandards,4,1,F1,Plate,4,1,F1,Rha (2.5),xylose_gL,all_known,eem_full,sklearn_svr,"kernel=linear,C=1,epsilon=0.05,max_features=192",0,-0.081820233,0.081820233
MSStandards,4,1,F10,Plate,4,1,F10,Rha-Xyl (1),xylose_gL,all_known,eem_full,sklearn_svr,"kernel=linear,C=1,epsilon=0.05,max_features=192",1,3.8405446,-2.8405446
MSStandards,4,1,F3,Plate,4,1,F3,Rha (0.075),xylose_gL,all_known,eem_full,sklearn_svr,"kernel=linear,C=1,epsilon=0.05,max_features=192",0,0.68490994,-0.68490994
MSStandards,4,1,G1,Plate,4,1,G1,Rha (1),xylose_gL,all_known,eem_full,sklearn_svr,"kernel=linear,C=1,epsilon=0.05,max_features=192",0,0.38864058,-0.38864058
MSStandards,4,1,G10,Plate,4,1,G10,Rha-Xyl (0.1),xylose_gL,all_known,eem_full,sklearn_svr,"kernel=linear,C=1,epsilon=0.05,max_features=192",0.1,0.23342891,-0.13342891
MSStandards,4,1,G6,Plate,4,1,G6,Glu (0.5),xylose_gL,all_known,eem_full,sklearn_svr,"kernel=linear,C=1,epsilon=0.05,max_features=192",0,1.681648,-1.681648
MSStandards,4,1,G8,Plate,4,1,G8,Glu (0.025),xylose_gL,all_known,eem_full,sklearn_svr,"kernel=linear,C=1,epsilon=0.05,max_features=192",0,1.2361473,-1.2361473
MSStandards,4,1,H2,Plate,4,1,H2,Rha (0.25),xylose_gL,all_known,eem_full,sklearn_svr,"kernel=linear,C=1,epsilon=0.05,max_features=192",0,3.2222744,-3.2222744
MSStandards,4,1,H4,Plate,4,1,H4,Rha (0.01),xylose_gL,all_known,eem_full,sklearn_svr,"kernel=linear,C=1,epsilon=0.05,max_features=192",0,-0.80153003,0.80153003
MSStandards,4,2,A3,Plate,4,2,A3,Xyl (0.25),xylose_gL,all_known,eem_full,sklearn_svr,"kernel=linear,C=1,epsilon=0.05,max_features=192",0.25,3.57618,-3.32618
MSStandards,4,2,A4,Plate,4,2,A4,Xyl (0.05),xylose_gL,all_known,eem_full,sklearn_svr,"kernel=linear,C=1,epsilon=0.05,max_features=192",0.05,1.9400185,-1.8900185
MSStandards,4,2,B7,Plate,4,2,B7,MMAlgae (0.01),xylose_gL,all_known,eem_full,sklearn_svr,"kernel=linear,C=1,epsilon=0.05,max_features=192",0.01,-0.066716992,0.076716992
MSStandards,4,2,C5,Plate,4,2,C5,MM f/2 (1),xylose_gL,all_known,eem_full,sklearn_svr,"kernel=linear,C=1,epsilon=0.05,max_features=192",1,2.1751687,-1.1751687
MSStandards,4,2,C7,Plate,4,2,C7,MMAlgae (0.01),xylose_gL,all_known,eem_full,sklearn_svr,"kernel=linear,C=1,epsilon=0.05,max_features=192",0.01,-0.83351527,0.84351527
MSStandards,4,2,E2,Plate,4,2,E2,Xyl (0.5),xylose_gL,all_known,eem_full,sklearn_svr,"kernel=linear,C=1,epsilon=0.05,max_features=192",0.5,0.65307682,-0.15307682
MSStandards,4,2,E9,Flask,4,2,E9,Algae (blank),xylose_gL,all_known,eem_full,sklearn_svr,"kernel=linear,C=1,epsilon=0.05,max_features=192",0,-1.1634982,1.1634982
MSStandards,4,2,G1,Plate,4,2,G1,Xyl (1),xylose_gL,all_known,eem_full,sklearn_svr,"kernel=linear,C=1,epsilon=0.05,max_features=192",1,-0.12424858,1.1242486
MSStandards,4,2,G9,Plate,4,2,G9,MMAlgae (0.1),xylose_gL,all_known,eem_full,sklearn_svr,"kernel=linear,C=1,epsilon=0.05,max_features=192",0.1,0.60891448,-0.50891448
MSStandards,4,2,H2,Plate,4,2,H2,Xyl (0.25),xylose_gL,all_known,eem_full,sklearn_svr,"kernel=linear,C=1,epsilon=0.05,max_features=192",0.25,2.5656974,-2.3156974
MSStandards,4,2,H5,Plate,4,2,H5,MM f/2 (0.01),xylose_gL,all_known,eem_full,sklearn_svr,"kernel=linear,C=1,epsilon=0.05,max_features=192",0.01,0.16910543,-0.15910543
MSStandards,4,1,A2,Plate,4,1,A2,Rha (1),xylose_gL,all_known,eem_full,xgboost,"n_estimators=200,max_depth=2,learning_rate=0.05,max_features=192",0,0.80139023,-0.80139023
MSStandards,4,1,A4,Plate,4,1,A4,Rha (0.05),xylose_gL,all_known,eem_full,xgboost,"n_estimators=200,max_depth=2,learning_rate=0.05,max_features=192",0,1.4777415,-1.4777415
MSStandards,4,1,A6,Plate,4,1,A6,Glu (1),xylose_gL,all_known,eem_full,xgboost,"n_estimators=200,max_depth=2,learning_rate=0.05,max_features=192",0,0.47071004,-0.47071004
MSStandards,4,1,A8,Plate,4,1,A8,Glu (0.075),xylose_gL,all_known,eem_full,xgboost,"n_estimators=200,max_depth=2,learning_rate=0.05,max_features=192",0,0.028689053,-0.028689053
MSStandards,4,1,A9,Plate,4,1,A9,Glu (0.01),xylose_gL,all_known,eem_full,xgboost,"n_estimators=200,max_depth=2,learning_rate=0.05,max_features=192",0,0.046343837,-0.046343837
MSStandards,4,1,B11,Plate,4,1,B11,Rha-Xyl (0.01),xylose_gL,all_known,eem_full,xgboost,"n_estimators=200,max_depth=2,learning_rate=0.05,max_features=192",0.01,0.056884915,-0.046884915
MSStandards,4,1,C2,Plate,4,1,C2,Rha (0.75),xylose_gL,all_known,eem_full,xgboost,"n_estimators=200,max_depth=2,learning_rate=0.05,max_features=192",0,-0.013713512,0.013713512
MSStandards,4,1,C6,Plate,4,1,C6,Glu (0.75),xylose_gL,all_known,eem_full,xgboost,"n_estimators=200,max_depth=2,learning_rate=0.05,max_features=192",0,0.048799731,-0.048799731
MSStandards,4,1,C7,Plate,4,1,C7,Glu (0.25),xylose_gL,all_known,eem_full,xgboost,"n_estimators=200,max_depth=2,learning_rate=0.05,max_features=192",0,-0.051731691,0.051731691
MSStandards,4,1,C8,Plate,4,1,C8,Glu (0.05),xylose_gL,all_known,eem_full,xgboost,"n_estimators=200,max_depth=2,learning_rate=0.05,max_features=192",0,0.02708731,-0.02708731
MSStandards,4,1,D3,Plate,4,1,D3,Rha (0.1),xylose_gL,all_known,eem_full,xgboost,"n_estimators=200,max_depth=2,learning_rate=0.05,max_features=192",0,0.037714928,-0.037714928
MSStandards,4,1,D8,Plate,4,1,D8,Glu (0.05),xylose_gL,all_known,eem_full,xgboost,"n_estimators=200,max_depth=2,learning_rate=0.05,max_features=192",0,0.0054415516,-0.0054415516
MSStandards,4,1,D9,Plate,4,1,D9,Rha-Glu (1),xylose_gL,all_known,eem_full,xgboost,"n_estimators=200,max_depth=2,learning_rate=0.05,max_features=192",0,0.056246426,-0.056246426
MSStandards,4,1,E3,Plate,4,1,E3,Rha (0.1),xylose_gL,all_known,eem_full,xgboost,"n_estimators=200,max_depth=2,learning_rate=0.05,max_features=192",0,0.018511089,-0.018511089
MSStandards,4,1,E6,Plate,4,1,E6,Glu (0.75),xylose_gL,all_known,eem_full,xgboost,"n_estimators=200,max_depth=2,learning_rate=0.05,max_features=192",0,0.078047983,-0.078047983
MSStandards,4,1,F1,Plate,4,1,F1,Rha (2.5),xylose_gL,all_known,eem_full,xgboost,"n_estimators=200,max_depth=2,learning_rate=0.05,max_features=192",0,-0.015249086,0.015249086
MSStandards,4,1,F10,Plate,4,1,F10,Rha-Xyl (1),xylose_gL,all_known,eem_full,xgboost,"n_estimators=200,max_depth=2,learning_rate=0.05,max_features=192",1,0.46961051,0.53038949
MSStandards,4,1,F3,Plate,4,1,F3,Rha (0.075),xylose_gL,all_known,eem_full,xgboost,"n_estimators=200,max_depth=2,learning_rate=0.05,max_features=192",0,0.046328776,-0.046328776
MSStandards,4,1,G1,Plate,4,1,G1,Rha (1),xylose_gL,all_known,eem_full,xgboost,"n_estimators=200,max_depth=2,learning_rate=0.05,max_features=192",0,0.053683698,-0.053683698
MSStandards,4,1,G10,Plate,4,1,G10,Rha-Xyl (0.1),xylose_gL,all_known,eem_full,xgboost,"n_estimators=200,max_depth=2,learning_rate=0.05,max_features=192",0.1,0.04016263,0.05983737
MSStandards,4,1,G6,Plate,4,1,G6,Glu (0.5),xylose_gL,all_known,eem_full,xgboost,"n_estimators=200,max_depth=2,learning_rate=0.05,max_features=192",0,0.024829669,-0.024829669
MSStandards,4,1,G8,Plate,4,1,G8,Glu (0.025),xylose_gL,all_known,eem_full,xgboost,"n_estimators=200,max_depth=2,learning_rate=0.05,max_features=192",0,0.019057024,-0.019057024
MSStandards,4,1,H2,Plate,4,1,H2,Rha (0.25),xylose_gL,all_known,eem_full,xgboost,"n_estimators=200,max_depth=2,learning_rate=0.05,max_features=192",0,0.055717669,-0.055717669
MSStandards,4,1,H4,Plate,4,1,H4,Rha (0.01),xylose_gL,all_known,eem_full,xgboost,"n_estimators=200,max_depth=2,learning_rate=0.05,max_features=192",0,0.24685481,-0.24685481
MSStandards,4,2,A3,Plate,4,2,A3,Xyl (0.25),xylose_gL,all_known,eem_full,xgboost,"n_estimators=200,max_depth=2,learning_rate=0.05,max_features=192",0.25,1.7065219,-1.4565219
MSStandards,4,2,A4,Plate,4,2,A4,Xyl (0.05),xylose_gL,all_known,eem_full,xgboost,"n_estimators=200,max_depth=2,learning_rate=0.05,max_features=192",0.05,1.6580079,-1.6080079
MSStandards,4,2,B7,Plate,4,2,B7,MMAlgae (0.01),xylose_gL,all_known,eem_full,xgboost,"n_estimators=200,max_depth=2,learning_rate=0.05,max_features=192",0.01,0.30164486,-0.29164486
MSStandards,4,2,C5,Plate,4,2,C5,MM f/2 (1),xylose_gL,all_known,eem_full,xgboost,"n_estimators=200,max_depth=2,learning_rate=0.05,max_features=192",1,0.57064807,0.42935193
MSStandards,4,2,C7,Plate,4,2,C7,MMAlgae (0.01),xylose_gL,all_known,eem_full,xgboost,"n_estimators=200,max_depth=2,learning_rate=0.05,max_features=192",0.01,0.24146214,-0.23146214
MSStandards,4,2,E2,Plate,4,2,E2,Xyl (0.5),xylose_gL,all_known,eem_full,xgboost,"n_estimators=200,max_depth=2,learning_rate=0.05,max_features=192",0.5,0.92957592,-0.42957592
MSStandards,4,2,E9,Flask,4,2,E9,Algae (blank),xylose_gL,all_known,eem_full,xgboost,"n_estimators=200,max_depth=2,learning_rate=0.05,max_features=192",0,0.21060891,-0.21060891
MSStandards,4,2,G1,Plate,4,2,G1,Xyl (1),xylose_gL,all_known,eem_full,xgboost,"n_estimators=200,max_depth=2,learning_rate=0.05,max_features=192",1,1.0785426,-0.07854259
MSStandards,4,2,G9,Plate,4,2,G9,MMAlgae (0.1),xylose_gL,all_known,eem_full,xgboost,"n_estimators=200,max_depth=2,learning_rate=0.05,max_features=192",0.1,0.14609045,-0.046090448
MSStandards,4,2,H2,Plate,4,2,H2,Xyl (0.25),xylose_gL,all_known,eem_full,xgboost,"n_estimators=200,max_depth=2,learning_rate=0.05,max_features=192",0.25,0.90248787,-0.65248787
MSStandards,4,2,H5,Plate,4,2,H5,MM f/2 (0.01),xylose_gL,all_known,eem_full,xgboost,"n_estimators=200,max_depth=2,learning_rate=0.05,max_features=192",0.01,0.18777724,-0.17777724
MSStandards,4,1,A2,Plate,4,1,A2,Rha (1),glucose_gL,all_known,eem_full,sklearn_plsr,"n_components=2,max_features=192",0,-0.12432076,0.12432076
MSStandards,4,1,A4,Plate,4,1,A4,Rha (0.05),glucose_gL,all_known,eem_full,sklearn_plsr,"n_components=2,max_features=192",0,0.061782497,-0.061782497
MSStandards,4,1,A6,Plate,4,1,A6,Glu (1),glucose_gL,all_known,eem_full,sklearn_plsr,"n_components=2,max_features=192",1,-0.036600184,1.0366002
MSStandards,4,1,A8,Plate,4,1,A8,Glu (0.075),glucose_gL,all_known,eem_full,sklearn_plsr,"n_components=2,max_features=192",0.075,-0.15862299,0.23362299
MSStandards,4,1,A9,Plate,4,1,A9,Glu (0.01),glucose_gL,all_known,eem_full,sklearn_plsr,"n_components=2,max_features=192",0.01,-0.54288621,0.55288621
MSStandards,4,1,B11,Plate,4,1,B11,Rha-Xyl (0.01),glucose_gL,all_known,eem_full,sklearn_plsr,"n_components=2,max_features=192",0,0.38021728,-0.38021728
MSStandards,4,1,C2,Plate,4,1,C2,Rha (0.75),glucose_gL,all_known,eem_full,sklearn_plsr,"n_components=2,max_features=192",0,0.6992271,-0.6992271
MSStandards,4,1,C6,Plate,4,1,C6,Glu (0.75),glucose_gL,all_known,eem_full,sklearn_plsr,"n_components=2,max_features=192",0.75,0.35021937,0.39978063
MSStandards,4,1,C7,Plate,4,1,C7,Glu (0.25),glucose_gL,all_known,eem_full,sklearn_plsr,"n_components=2,max_features=192",0.25,0.49986221,-0.24986221
MSStandards,4,1,C8,Plate,4,1,C8,Glu (0.05),glucose_gL,all_known,eem_full,sklearn_plsr,"n_components=2,max_features=192",0.05,0.51234391,-0.46234391
MSStandards,4,1,D3,Plate,4,1,D3,Rha (0.1),glucose_gL,all_known,eem_full,sklearn_plsr,"n_components=2,max_features=192",0,0.67419718,-0.67419718
MSStandards,4,1,D8,Plate,4,1,D8,Glu (0.05),glucose_gL,all_known,eem_full,sklearn_plsr,"n_components=2,max_features=192",0.05,0.28743563,-0.23743563
MSStandards,4,1,D9,Plate,4,1,D9,Rha-Glu (1),glucose_gL,all_known,eem_full,sklearn_plsr,"n_components=2,max_features=192",1,0.26318357,0.73681643
MSStandards,4,1,E3,Plate,4,1,E3,Rha (0.1),glucose_gL,all_known,eem_full,sklearn_plsr,"n_components=2,max_features=192",0,0.74905014,-0.74905014
MSStandards,4,1,E6,Plate,4,1,E6,Glu (0.75),glucose_gL,all_known,eem_full,sklearn_plsr,"n_components=2,max_features=192",0.75,0.84141436,-0.091414361
MSStandards,4,1,F1,Plate,4,1,F1,Rha (2.5),glucose_gL,all_known,eem_full,sklearn_plsr,"n_components=2,max_features=192",0,0.12597258,-0.12597258
MSStandards,4,1,F10,Plate,4,1,F10,Rha-Xyl (1),glucose_gL,all_known,eem_full,sklearn_plsr,"n_components=2,max_features=192",0,-0.36338939,0.36338939
MSStandards,4,1,F3,Plate,4,1,F3,Rha (0.075),glucose_gL,all_known,eem_full,sklearn_plsr,"n_components=2,max_features=192",0,1.0227547,-1.0227547
MSStandards,4,1,G1,Plate,4,1,G1,Rha (1),glucose_gL,all_known,eem_full,sklearn_plsr,"n_components=2,max_features=192",0,0.12980563,-0.12980563
MSStandards,4,1,G10,Plate,4,1,G10,Rha-Xyl (0.1),glucose_gL,all_known,eem_full,sklearn_plsr,"n_components=2,max_features=192",0,0.83057901,-0.83057901
MSStandards,4,1,G6,Plate,4,1,G6,Glu (0.5),glucose_gL,all_known,eem_full,sklearn_plsr,"n_components=2,max_features=192",0.5,0.58202812,-0.082028116
MSStandards,4,1,G8,Plate,4,1,G8,Glu (0.025),glucose_gL,all_known,eem_full,sklearn_plsr,"n_components=2,max_features=192",0.025,0.73600411,-0.71100411
MSStandards,4,1,H2,Plate,4,1,H2,Rha (0.25),glucose_gL,all_known,eem_full,sklearn_plsr,"n_components=2,max_features=192",0,0.25189095,-0.25189095
MSStandards,4,1,H4,Plate,4,1,H4,Rha (0.01),glucose_gL,all_known,eem_full,sklearn_plsr,"n_components=2,max_features=192",0,0.29687193,-0.29687193
MSStandards,4,2,A3,Plate,4,2,A3,Xyl (0.25),glucose_gL,all_known,eem_full,sklearn_plsr,"n_components=2,max_features=192",0,0.21073285,-0.21073285
MSStandards,4,2,A4,Plate,4,2,A4,Xyl (0.05),glucose_gL,all_known,eem_full,sklearn_plsr,"n_components=2,max_features=192",0,0.21759637,-0.21759637
MSStandards,4,2,B7,Plate,4,2,B7,MMAlgae (0.01),glucose_gL,all_known,eem_full,sklearn_plsr,"n_components=2,max_features=192",0.01,0.5057882,-0.4957882
MSStandards,4,2,C5,Plate,4,2,C5,MM f/2 (1),glucose_gL,all_known,eem_full,sklearn_plsr,"n_components=2,max_features=192",1,0.23057246,0.76942754
MSStandards,4,2,C7,Plate,4,2,C7,MMAlgae (0.01),glucose_gL,all_known,eem_full,sklearn_plsr,"n_components=2,max_features=192",0.01,0.34501117,-0.33501117
MSStandards,4,2,E2,Plate,4,2,E2,Xyl (0.5),glucose_gL,all_known,eem_full,sklearn_plsr,"n_components=2,max_features=192",0,0.14767452,-0.14767452
MSStandards,4,2,E9,Flask,4,2,E9,Algae (blank),glucose_gL,all_known,eem_full,sklearn_plsr,"n_components=2,max_features=192",0,0.74306297,-0.74306297
MSStandards,4,2,G1,Plate,4,2,G1,Xyl (1),glucose_gL,all_known,eem_full,sklearn_plsr,"n_components=2,max_features=192",0,0.24768705,-0.24768705
MSStandards,4,2,G9,Plate,4,2,G9,MMAlgae (0.1),glucose_gL,all_known,eem_full,sklearn_plsr,"n_components=2,max_features=192",0.1,0.36954766,-0.26954766
MSStandards,4,2,H2,Plate,4,2,H2,Xyl (0.25),glucose_gL,all_known,eem_full,sklearn_plsr,"n_components=2,max_features=192",0,0.30123535,-0.30123535
MSStandards,4,2,H5,Plate,4,2,H5,MM f/2 (0.01),glucose_gL,all_known,eem_full,sklearn_plsr,"n_components=2,max_features=192",0.01,0.19427803,-0.18427803
MSStandards,4,1,A2,Plate,4,1,A2,Rha (1),glucose_gL,all_known,eem_full,sklearn_plsr,"n_components=5,max_features=192",0,0.21713197,-0.21713197
MSStandards,4,1,A4,Plate,4,1,A4,Rha (0.05),glucose_gL,all_known,eem_full,sklearn_plsr,"n_components=5,max_features=192",0,0.88635628,-0.88635628
MSStandards,4,1,A6,Plate,4,1,A6,Glu (1),glucose_gL,all_known,eem_full,sklearn_plsr,"n_components=5,max_features=192",1,0.10776024,0.89223976
MSStandards,4,1,A8,Plate,4,1,A8,Glu (0.075),glucose_gL,all_known,eem_full,sklearn_plsr,"n_components=5,max_features=192",0.075,-0.087049402,0.1620494
MSStandards,4,1,A9,Plate,4,1,A9,Glu (0.01),glucose_gL,all_known,eem_full,sklearn_plsr,"n_components=5,max_features=192",0.01,-1.1649162,1.1749162
MSStandards,4,1,B11,Plate,4,1,B11,Rha-Xyl (0.01),glucose_gL,all_known,eem_full,sklearn_plsr,"n_components=5,max_features=192",0,0.22358047,-0.22358047
MSStandards,4,1,C2,Plate,4,1,C2,Rha (0.75),glucose_gL,all_known,eem_full,sklearn_plsr,"n_components=5,max_features=192",0,0.70185833,-0.70185833
MSStandards,4,1,C6,Plate,4,1,C6,Glu (0.75),glucose_gL,all_known,eem_full,sklearn_plsr,"n_components=5,max_features=192",0.75,0.58009837,0.16990163
MSStandards,4,1,C7,Plate,4,1,C7,Glu (0.25),glucose_gL,all_known,eem_full,sklearn_plsr,"n_components=5,max_features=192",0.25,0.90596879,-0.65596879
MSStandards,4,1,C8,Plate,4,1,C8,Glu (0.05),glucose_gL,all_known,eem_full,sklearn_plsr,"n_components=5,max_features=192",0.05,0.55716777,-0.50716777
MSStandards,4,1,D3,Plate,4,1,D3,Rha (0.1),glucose_gL,all_known,eem_full,sklearn_plsr,"n_components=5,max_features=192",0,0.41464446,-0.41464446
MSStandards,4,1,D8,Plate,4,1,D8,Glu (0.05),glucose_gL,all_known,eem_full,sklearn_plsr,"n_components=5,max_features=192",0.05,0.44328656,-0.39328656
MSStandards,4,1,D9,Plate,4,1,D9,Rha-Glu (1),glucose_gL,all_known,eem_full,sklearn_plsr,"n_components=5,max_features=192",1,0.22206568,0.77793432
MSStandards,4,1,E3,Plate,4,1,E3,Rha (0.1),glucose_gL,all_known,eem_full,sklearn_plsr,"n_components=5,max_features=192",0,0.73339817,-0.73339817
MSStandards,4,1,E6,Plate,4,1,E6,Glu (0.75),glucose_gL,all_known,eem_full,sklearn_plsr,"n_components=5,max_features=192",0.75,0.76323433,-0.013234326
MSStandards,4,1,F1,Plate,4,1,F1,Rha (2.5),glucose_gL,all_known,eem_full,sklearn_plsr,"n_components=5,max_features=192",0,0.056544831,-0.056544831
MSStandards,4,1,F10,Plate,4,1,F10,Rha-Xyl (1),glucose_gL,all_known,eem_full,sklearn_plsr,"n_components=5,max_features=192",0,1.5574397,-1.5574397
MSStandards,4,1,F3,Plate,4,1,F3,Rha (0.075),glucose_gL,all_known,eem_full,sklearn_plsr,"n_components=5,max_features=192",0,1.1488836,-1.1488836
MSStandards,4,1,G1,Plate,4,1,G1,Rha (1),glucose_gL,all_known,eem_full,sklearn_plsr,"n_components=5,max_features=192",0,-0.1812352,0.1812352
MSStandards,4,1,G10,Plate,4,1,G10,Rha-Xyl (0.1),glucose_gL,all_known,eem_full,sklearn_plsr,"n_components=5,max_features=192",0,0.91366576,-0.91366576
MSStandards,4,1,G6,Plate,4,1,G6,Glu (0.5),glucose_gL,all_known,eem_full,sklearn_plsr,"n_components=5,max_features=192",0.5,0.60355531,-0.10355531
MSStandards,4,1,G8,Plate,4,1,G8,Glu (0.025),glucose_gL,all_known,eem_full,sklearn_plsr,"n_components=5,max_features=192",0.025,0.54686757,-0.52186757
MSStandards,4,1,H2,Plate,4,1,H2,Rha (0.25),glucose_gL,all_known,eem_full,sklearn_plsr,"n_components=5,max_features=192",0,-0.10723011,0.10723011
MSStandards,4,1,H4,Plate,4,1,H4,Rha (0.01),glucose_gL,all_known,eem_full,sklearn_plsr,"n_components=5,max_features=192",0,0.10632274,-0.10632274
MSStandards,4,2,A3,Plate,4,2,A3,Xyl (0.25),glucose_gL,all_known,eem_full,sklearn_plsr,"n_components=5,max_features=192",0,0.48766534,-0.48766534
MSStandards,4,2,A4,Plate,4,2,A4,Xyl (0.05),glucose_gL,all_known,eem_full,sklearn_plsr,"n_components=5,max_features=192",0,0.92773714,-0.92773714
MSStandards,4,2,B7,Plate,4,2,B7,MMAlgae (0.01),glucose_gL,all_known,eem_full,sklearn_plsr,"n_components=5,max_features=192",0.01,-0.038858284,0.048858284
MSStandards,4,2,C5,Plate,4,2,C5,MM f/2 (1),glucose_gL,all_known,eem_full,sklearn_plsr,"n_components=5,max_features=192",1,0.083725132,0.91627487
MSStandards,4,2,C7,Plate,4,2,C7,MMAlgae (0.01),glucose_gL,all_known,eem_full,sklearn_plsr,"n_components=5,max_features=192",0.01,-0.46400852,0.47400852
MSStandards,4,2,E2,Plate,4,2,E2,Xyl (0.5),glucose_gL,all_known,eem_full,sklearn_plsr,"n_components=5,max_features=192",0,0.25251633,-0.25251633
MSStandards,4,2,E9,Flask,4,2,E9,Algae (blank),glucose_gL,all_known,eem_full,sklearn_plsr,"n_components=5,max_features=192",0,-0.18182354,0.18182354
MSStandards,4,2,G1,Plate,4,2,G1,Xyl (1),glucose_gL,all_known,eem_full,sklearn_plsr,"n_components=5,max_features=192",0,0.4510506,-0.4510506
MSStandards,4,2,G9,Plate,4,2,G9,MMAlgae (0.1),glucose_gL,all_known,eem_full,sklearn_plsr,"n_components=5,max_features=192",0.1,-0.23018879,0.33018879
MSStandards,4,2,H2,Plate,4,2,H2,Xyl (0.25),glucose_gL,all_known,eem_full,sklearn_plsr,"n_components=5,max_features=192",0,0.56956055,-0.56956055
MSStandards,4,2,H5,Plate,4,2,H5,MM f/2 (0.01),glucose_gL,all_known,eem_full,sklearn_plsr,"n_components=5,max_features=192",0.01,0.51382027,-0.50382027
MSStandards,4,1,A2,Plate,4,1,A2,Rha (1),glucose_gL,all_known,eem_full,sklearn_svr,"kernel=rbf,C=10,epsilon=0.05,max_features=192",0,0.050467965,-0.050467965
MSStandards,4,1,A4,Plate,4,1,A4,Rha (0.05),glucose_gL,all_known,eem_full,sklearn_svr,"kernel=rbf,C=10,epsilon=0.05,max_features=192",0,0.11878187,-0.11878187
MSStandards,4,1,A6,Plate,4,1,A6,Glu (1),glucose_gL,all_known,eem_full,sklearn_svr,"kernel=rbf,C=10,epsilon=0.05,max_features=192",1,0.073593413,0.92640659
MSStandards,4,1,A8,Plate,4,1,A8,Glu (0.075),glucose_gL,all_known,eem_full,sklearn_svr,"kernel=rbf,C=10,epsilon=0.05,max_features=192",0.075,0.10374306,-0.028743062
MSStandards,4,1,A9,Plate,4,1,A9,Glu (0.01),glucose_gL,all_known,eem_full,sklearn_svr,"kernel=rbf,C=10,epsilon=0.05,max_features=192",0.01,0.097305512,-0.087305512
MSStandards,4,1,B11,Plate,4,1,B11,Rha-Xyl (0.01),glucose_gL,all_known,eem_full,sklearn_svr,"kernel=rbf,C=10,epsilon=0.05,max_features=192",0,0.20449533,-0.20449533
MSStandards,4,1,C2,Plate,4,1,C2,Rha (0.75),glucose_gL,all_known,eem_full,sklearn_svr,"kernel=rbf,C=10,epsilon=0.05,max_features=192",0,0.38630797,-0.38630797
MSStandards,4,1,C6,Plate,4,1,C6,Glu (0.75),glucose_gL,all_known,eem_full,sklearn_svr,"kernel=rbf,C=10,epsilon=0.05,max_features=192",0.75,0.44465687,0.30534313
MSStandards,4,1,C7,Plate,4,1,C7,Glu (0.25),glucose_gL,all_known,eem_full,sklearn_svr,"kernel=rbf,C=10,epsilon=0.05,max_features=192",0.25,0.96465295,-0.71465295
MSStandards,4,1,C8,Plate,4,1,C8,Glu (0.05),glucose_gL,all_known,eem_full,sklearn_svr,"kernel=rbf,C=10,epsilon=0.05,max_features=192",0.05,0.31300793,-0.26300793
MSStandards,4,1,D3,Plate,4,1,D3,Rha (0.1),glucose_gL,all_known,eem_full,sklearn_svr,"kernel=rbf,C=10,epsilon=0.05,max_features=192",0,-0.44417914,0.44417914
MSStandards,4,1,D8,Plate,4,1,D8,Glu (0.05),glucose_gL,all_known,eem_full,sklearn_svr,"kernel=rbf,C=10,epsilon=0.05,max_features=192",0.05,0.60454506,-0.55454506
MSStandards,4,1,D9,Plate,4,1,D9,Rha-Glu (1),glucose_gL,all_known,eem_full,sklearn_svr,"kernel=rbf,C=10,epsilon=0.05,max_features=192",1,0.30209032,0.69790968
MSStandards,4,1,E3,Plate,4,1,E3,Rha (0.1),glucose_gL,all_known,eem_full,sklearn_svr,"kernel=rbf,C=10,epsilon=0.05,max_features=192",0,0.10877113,-0.10877113
MSStandards,4,1,E6,Plate,4,1,E6,Glu (0.75),glucose_gL,all_known,eem_full,sklearn_svr,"kernel=rbf,C=10,epsilon=0.05,max_features=192",0.75,1.2237819,-0.47378194
MSStandards,4,1,F1,Plate,4,1,F1,Rha (2.5),glucose_gL,all_known,eem_full,sklearn_svr,"kernel=rbf,C=10,epsilon=0.05,max_features=192",0,0.071397088,-0.071397088
MSStandards,4,1,F10,Plate,4,1,F10,Rha-Xyl (1),glucose_gL,all_known,eem_full,sklearn_svr,"kernel=rbf,C=10,epsilon=0.05,max_features=192",0,0.15530424,-0.15530424
MSStandards,4,1,F3,Plate,4,1,F3,Rha (0.075),glucose_gL,all_known,eem_full,sklearn_svr,"kernel=rbf,C=10,epsilon=0.05,max_features=192",0,0.97436419,-0.97436419
MSStandards,4,1,G1,Plate,4,1,G1,Rha (1),glucose_gL,all_known,eem_full,sklearn_svr,"kernel=rbf,C=10,epsilon=0.05,max_features=192",0,0.057841991,-0.057841991
MSStandards,4,1,G10,Plate,4,1,G10,Rha-Xyl (0.1),glucose_gL,all_known,eem_full,sklearn_svr,"kernel=rbf,C=10,epsilon=0.05,max_features=192",0,0.3507222,-0.3507222
MSStandards,4,1,G6,Plate,4,1,G6,Glu (0.5),glucose_gL,all_known,eem_full,sklearn_svr,"kernel=rbf,C=10,epsilon=0.05,max_features=192",0.5,-0.2370205,0.7370205
MSStandards,4,1,G8,Plate,4,1,G8,Glu (0.025),glucose_gL,all_known,eem_full,sklearn_svr,"kernel=rbf,C=10,epsilon=0.05,max_features=192",0.025,0.52204351,-0.49704351
MSStandards,4,1,H2,Plate,4,1,H2,Rha (0.25),glucose_gL,all_known,eem_full,sklearn_svr,"kernel=rbf,C=10,epsilon=0.05,max_features=192",0,0.17993856,-0.17993856
MSStandards,4,1,H4,Plate,4,1,H4,Rha (0.01),glucose_gL,all_known,eem_full,sklearn_svr,"kernel=rbf,C=10,epsilon=0.05,max_features=192",0,0.096440806,-0.096440806
MSStandards,4,2,A3,Plate,4,2,A3,Xyl (0.25),glucose_gL,all_known,eem_full,sklearn_svr,"kernel=rbf,C=10,epsilon=0.05,max_features=192",0,0.020481626,-0.020481626
MSStandards,4,2,A4,Plate,4,2,A4,Xyl (0.05),glucose_gL,all_known,eem_full,sklearn_svr,"kernel=rbf,C=10,epsilon=0.05,max_features=192",0,0.014381634,-0.014381634
MSStandards,4,2,B7,Plate,4,2,B7,MMAlgae (0.01),glucose_gL,all_known,eem_full,sklearn_svr,"kernel=rbf,C=10,epsilon=0.05,max_features=192",0.01,0.36641963,-0.35641963
MSStandards,4,2,C5,Plate,4,2,C5,MM f/2 (1),glucose_gL,all_known,eem_full,sklearn_svr,"kernel=rbf,C=10,epsilon=0.05,max_features=192",1,-0.16847976,1.1684798
MSStandards,4,2,C7,Plate,4,2,C7,MMAlgae (0.01),glucose_gL,all_known,eem_full,sklearn_svr,"kernel=rbf,C=10,epsilon=0.05,max_features=192",0.01,0.40553187,-0.39553187
MSStandards,4,2,E2,Plate,4,2,E2,Xyl (0.5),glucose_gL,all_known,eem_full,sklearn_svr,"kernel=rbf,C=10,epsilon=0.05,max_features=192",0,0.10685159,-0.10685159
MSStandards,4,2,E9,Flask,4,2,E9,Algae (blank),glucose_gL,all_known,eem_full,sklearn_svr,"kernel=rbf,C=10,epsilon=0.05,max_features=192",0,0.066724915,-0.066724915
MSStandards,4,2,G1,Plate,4,2,G1,Xyl (1),glucose_gL,all_known,eem_full,sklearn_svr,"kernel=rbf,C=10,epsilon=0.05,max_features=192",0,0.19259926,-0.19259926
MSStandards,4,2,G9,Plate,4,2,G9,MMAlgae (0.1),glucose_gL,all_known,eem_full,sklearn_svr,"kernel=rbf,C=10,epsilon=0.05,max_features=192",0.1,0.28275175,-0.18275175
MSStandards,4,2,H2,Plate,4,2,H2,Xyl (0.25),glucose_gL,all_known,eem_full,sklearn_svr,"kernel=rbf,C=10,epsilon=0.05,max_features=192",0,0.23946451,-0.23946451
MSStandards,4,2,H5,Plate,4,2,H5,MM f/2 (0.01),glucose_gL,all_known,eem_full,sklearn_svr,"kernel=rbf,C=10,epsilon=0.05,max_features=192",0.01,0.13187651,-0.12187651
MSStandards,4,1,A2,Plate,4,1,A2,Rha (1),glucose_gL,all_known,eem_full,sklearn_svr,"kernel=linear,C=1,epsilon=0.05,max_features=192",0,-0.54208944,0.54208944
MSStandards,4,1,A4,Plate,4,1,A4,Rha (0.05),glucose_gL,all_known,eem_full,sklearn_svr,"kernel=linear,C=1,epsilon=0.05,max_features=192",0,2.0707057,-2.0707057
MSStandards,4,1,A6,Plate,4,1,A6,Glu (1),glucose_gL,all_known,eem_full,sklearn_svr,"kernel=linear,C=1,epsilon=0.05,max_features=192",1,1.910929,-0.910929
MSStandards,4,1,A8,Plate,4,1,A8,Glu (0.075),glucose_gL,all_known,eem_full,sklearn_svr,"kernel=linear,C=1,epsilon=0.05,max_features=192",0.075,-0.72358638,0.79858638
MSStandards,4,1,A9,Plate,4,1,A9,Glu (0.01),glucose_gL,all_known,eem_full,sklearn_svr,"kernel=linear,C=1,epsilon=0.05,max_features=192",0.01,-2.0934057,2.1034057
MSStandards,4,1,B11,Plate,4,1,B11,Rha-Xyl (0.01),glucose_gL,all_known,eem_full,sklearn_svr,"kernel=linear,C=1,epsilon=0.05,max_features=192",0,-1.3232238,1.3232238
MSStandards,4,1,C2,Plate,4,1,C2,Rha (0.75),glucose_gL,all_known,eem_full,sklearn_svr,"kernel=linear,C=1,epsilon=0.05,max_features=192",0,1.6604061,-1.6604061
MSStandards,4,1,C6,Plate,4,1,C6,Glu (0.75),glucose_gL,all_known,eem_full,sklearn_svr,"kernel=linear,C=1,epsilon=0.05,max_features=192",0.75,0.90222726,-0.15222726
MSStandards,4,1,C7,Plate,4,1,C7,Glu (0.25),glucose_gL,all_known,eem_full,sklearn_svr,"kernel=linear,C=1,epsilon=0.05,max_features=192",0.25,2.0727568,-1.8227568
MSStandards,4,1,C8,Plate,4,1,C8,Glu (0.05),glucose_gL,all_known,eem_full,sklearn_svr,"kernel=linear,C=1,epsilon=0.05,max_features=192",0.05,-0.3013285,0.3513285
MSStandards,4,1,D3,Plate,4,1,D3,Rha (0.1),glucose_gL,all_known,eem_full,sklearn_svr,"kernel=linear,C=1,epsilon=0.05,max_features=192",0,-0.51996206,0.51996206
MSStandards,4,1,D8,Plate,4,1,D8,Glu (0.05),glucose_gL,all_known,eem_full,sklearn_svr,"kernel=linear,C=1,epsilon=0.05,max_features=192",0.05,-0.16185047,0.21185047
MSStandards,4,1,D9,Plate,4,1,D9,Rha-Glu (1),glucose_gL,all_known,eem_full,sklearn_svr,"kernel=linear,C=1,epsilon=0.05,max_features=192",1,0.76355653,0.23644347
MSStandards,4,1,E3,Plate,4,1,E3,Rha (0.1),glucose_gL,all_known,eem_full,sklearn_svr,"kernel=linear,C=1,epsilon=0.05,max_features=192",0,0.94299186,-0.94299186
MSStandards,4,1,E6,Plate,4,1,E6,Glu (0.75),glucose_gL,all_known,eem_full,sklearn_svr,"kernel=linear,C=1,epsilon=0.05,max_features=192",0.75,2.5211745,-1.7711745
MSStandards,4,1,F1,Plate,4,1,F1,Rha (2.5),glucose_gL,all_known,eem_full,sklearn_svr,"kernel=linear,C=1,epsilon=0.05,max_features=192",0,1.3329331,-1.3329331
MSStandards,4,1,F10,Plate,4,1,F10,Rha-Xyl (1),glucose_gL,all_known,eem_full,sklearn_svr,"kernel=linear,C=1,epsilon=0.05,max_features=192",0,1.604347,-1.604347
MSStandards,4,1,F3,Plate,4,1,F3,Rha (0.075),glucose_gL,all_known,eem_full,sklearn_svr,"kernel=linear,C=1,epsilon=0.05,max_features=192",0,0.56122668,-0.56122668
MSStandards,4,1,G1,Plate,4,1,G1,Rha (1),glucose_gL,all_known,eem_full,sklearn_svr,"kernel=linear,C=1,epsilon=0.05,max_features=192",0,-1.65841,1.65841
MSStandards,4,1,G10,Plate,4,1,G10,Rha-Xyl (0.1),glucose_gL,all_known,eem_full,sklearn_svr,"kernel=linear,C=1,epsilon=0.05,max_features=192",0,0.35303396,-0.35303396
MSStandards,4,1,G6,Plate,4,1,G6,Glu (0.5),glucose_gL,all_known,eem_full,sklearn_svr,"kernel=linear,C=1,epsilon=0.05,max_features=192",0.5,0.56836553,-0.068365532
MSStandards,4,1,G8,Plate,4,1,G8,Glu (0.025),glucose_gL,all_known,eem_full,sklearn_svr,"kernel=linear,C=1,epsilon=0.05,max_features=192",0.025,1.317441,-1.292441
MSStandards,4,1,H2,Plate,4,1,H2,Rha (0.25),glucose_gL,all_known,eem_full,sklearn_svr,"kernel=linear,C=1,epsilon=0.05,max_features=192",0,-0.20778702,0.20778702
MSStandards,4,1,H4,Plate,4,1,H4,Rha (0.01),glucose_gL,all_known,eem_full,sklearn_svr,"kernel=linear,C=1,epsilon=0.05,max_features=192",0,-0.38981847,0.38981847
MSStandards,4,2,A3,Plate,4,2,A3,Xyl (0.25),glucose_gL,all_known,eem_full,sklearn_svr,"kernel=linear,C=1,epsilon=0.05,max_features=192",0,1.9163549,-1.9163549
MSStandards,4,2,A4,Plate,4,2,A4,Xyl (0.05),glucose_gL,all_known,eem_full,sklearn_svr,"kernel=linear,C=1,epsilon=0.05,max_features=192",0,-0.73412909,0.73412909
MSStandards,4,2,B7,Plate,4,2,B7,MMAlgae (0.01),glucose_gL,all_known,eem_full,sklearn_svr,"kernel=linear,C=1,epsilon=0.05,max_features=192",0.01,-0.21042117,0.22042117
MSStandards,4,2,C5,Plate,4,2,C5,MM f/2 (1),glucose_gL,all_known,eem_full,sklearn_svr,"kernel=linear,C=1,epsilon=0.05,max_features=192",1,-0.38259749,1.3825975
MSStandards,4,2,C7,Plate,4,2,C7,MMAlgae (0.01),glucose_gL,all_known,eem_full,sklearn_svr,"kernel=linear,C=1,epsilon=0.05,max_features=192",0.01,-0.46323101,0.47323101
MSStandards,4,2,E2,Plate,4,2,E2,Xyl (0.5),glucose_gL,all_known,eem_full,sklearn_svr,"kernel=linear,C=1,epsilon=0.05,max_features=192",0,-1.3010337,1.3010337
MSStandards,4,2,E9,Flask,4,2,E9,Algae (blank),glucose_gL,all_known,eem_full,sklearn_svr,"kernel=linear,C=1,epsilon=0.05,max_features=192",0,0.10349819,-0.10349819
MSStandards,4,2,G1,Plate,4,2,G1,Xyl (1),glucose_gL,all_known,eem_full,sklearn_svr,"kernel=linear,C=1,epsilon=0.05,max_features=192",0,-1.7435576,1.7435576
MSStandards,4,2,G9,Plate,4,2,G9,MMAlgae (0.1),glucose_gL,all_known,eem_full,sklearn_svr,"kernel=linear,C=1,epsilon=0.05,max_features=192",0.1,-0.62137704,0.72137704
MSStandards,4,2,H2,Plate,4,2,H2,Xyl (0.25),glucose_gL,all_known,eem_full,sklearn_svr,"kernel=linear,C=1,epsilon=0.05,max_features=192",0,2.1025513,-2.1025513
MSStandards,4,2,H5,Plate,4,2,H5,MM f/2 (0.01),glucose_gL,all_known,eem_full,sklearn_svr,"kernel=linear,C=1,epsilon=0.05,max_features=192",0.01,-0.48124571,0.49124571
MSStandards,4,1,A2,Plate,4,1,A2,Rha (1),glucose_gL,all_known,eem_full,xgboost,"n_estimators=200,max_depth=2,learning_rate=0.05,max_features=192",0,-0.049620513,0.049620513
MSStandards,4,1,A4,Plate,4,1,A4,Rha (0.05),glucose_gL,all_known,eem_full,xgboost,"n_estimators=200,max_depth=2,learning_rate=0.05,max_features=192",0,-0.17886831,0.17886831
MSStandards,4,1,A6,Plate,4,1,A6,Glu (1),glucose_gL,all_known,eem_full,xgboost,"n_estimators=200,max_depth=2,learning_rate=0.05,max_features=192",1,0.54934728,0.45065272
MSStandards,4,1,A8,Plate,4,1,A8,Glu (0.075),glucose_gL,all_known,eem_full,xgboost,"n_estimators=200,max_depth=2,learning_rate=0.05,max_features=192",0.075,-0.047652636,0.12265264
MSStandards,4,1,A9,Plate,4,1,A9,Glu (0.01),glucose_gL,all_known,eem_full,xgboost,"n_estimators=200,max_depth=2,learning_rate=0.05,max_features=192",0.01,-0.034653291,0.044653291
MSStandards,4,1,B11,Plate,4,1,B11,Rha-Xyl (0.01),glucose_gL,all_known,eem_full,xgboost,"n_estimators=200,max_depth=2,learning_rate=0.05,max_features=192",0,0.7411446,-0.7411446
MSStandards,4,1,C2,Plate,4,1,C2,Rha (0.75),glucose_gL,all_known,eem_full,xgboost,"n_estimators=200,max_depth=2,learning_rate=0.05,max_features=192",0,0.097901411,-0.097901411
MSStandards,4,1,C6,Plate,4,1,C6,Glu (0.75),glucose_gL,all_known,eem_full,xgboost,"n_estimators=200,max_depth=2,learning_rate=0.05,max_features=192",0.75,0.29083455,0.45916545
MSStandards,4,1,C7,Plate,4,1,C7,Glu (0.25),glucose_gL,all_known,eem_full,xgboost,"n_estimators=200,max_depth=2,learning_rate=0.05,max_features=192",0.25,0.19137052,0.058629483
MSStandards,4,1,C8,Plate,4,1,C8,Glu (0.05),glucose_gL,all_known,eem_full,xgboost,"n_estimators=200,max_depth=2,learning_rate=0.05,max_features=192",0.05,0.30611998,-0.25611998
MSStandards,4,1,D3,Plate,4,1,D3,Rha (0.1),glucose_gL,all_known,eem_full,xgboost,"n_estimators=200,max_depth=2,learning_rate=0.05,max_features=192",0,-0.0088137547,0.0088137547
MSStandards,4,1,D8,Plate,4,1,D8,Glu (0.05),glucose_gL,all_known,eem_full,xgboost,"n_estimators=200,max_depth=2,learning_rate=0.05,max_features=192",0.05,0.30263889,-0.25263889
MSStandards,4,1,D9,Plate,4,1,D9,Rha-Glu (1),glucose_gL,all_known,eem_full,xgboost,"n_estimators=200,max_depth=2,learning_rate=0.05,max_features=192",1,0.30580416,0.69419584
MSStandards,4,1,E3,Plate,4,1,E3,Rha (0.1),glucose_gL,all_known,eem_full,xgboost,"n_estimators=200,max_depth=2,learning_rate=0.05,max_features=192",0,-0.11702628,0.11702628
MSStandards,4,1,E6,Plate,4,1,E6,Glu (0.75),glucose_gL,all_known,eem_full,xgboost,"n_estimators=200,max_depth=2,learning_rate=0.05,max_features=192",0.75,0.78423679,-0.034236789
MSStandards,4,1,F1,Plate,4,1,F1,Rha (2.5),glucose_gL,all_known,eem_full,xgboost,"n_estimators=200,max_depth=2,learning_rate=0.05,max_features=192",0,-0.00015824987,0.00015824987
MSStandards,4,1,F10,Plate,4,1,F10,Rha-Xyl (1),glucose_gL,all_known,eem_full,xgboost,"n_estimators=200,max_depth=2,learning_rate=0.05,max_features=192",0,-0.0037499648,0.0037499648
MSStandards,4,1,F3,Plate,4,1,F3,Rha (0.075),glucose_gL,all_known,eem_full,xgboost,"n_estimators=200,max_depth=2,learning_rate=0.05,max_features=192",0,0.99836415,-0.99836415
MSStandards,4,1,G1,Plate,4,1,G1,Rha (1),glucose_gL,all_known,eem_full,xgboost,"n_estimators=200,max_depth=2,learning_rate=0.05,max_features=192",0,0.15192066,-0.15192066
MSStandards,4,1,G10,Plate,4,1,G10,Rha-Xyl (0.1),glucose_gL,all_known,eem_full,xgboost,"n_estimators=200,max_depth=2,learning_rate=0.05,max_features=192",0,0.24849826,-0.24849826
MSStandards,4,1,G6,Plate,4,1,G6,Glu (0.5),glucose_gL,all_known,eem_full,xgboost,"n_estimators=200,max_depth=2,learning_rate=0.05,max_features=192",0.5,0.12024786,0.37975214
MSStandards,4,1,G8,Plate,4,1,G8,Glu (0.025),glucose_gL,all_known,eem_full,xgboost,"n_estimators=200,max_depth=2,learning_rate=0.05,max_features=192",0.025,0.26466984,-0.23966984
MSStandards,4,1,H2,Plate,4,1,H2,Rha (0.25),glucose_gL,all_known,eem_full,xgboost,"n_estimators=200,max_depth=2,learning_rate=0.05,max_features=192",0,0.27973169,-0.27973169
MSStandards,4,1,H4,Plate,4,1,H4,Rha (0.01),glucose_gL,all_known,eem_full,xgboost,"n_estimators=200,max_depth=2,learning_rate=0.05,max_features=192",0,0.33716449,-0.33716449
MSStandards,4,2,A3,Plate,4,2,A3,Xyl (0.25),glucose_gL,all_known,eem_full,xgboost,"n_estimators=200,max_depth=2,learning_rate=0.05,max_features=192",0,0.079935052,-0.079935052
MSStandards,4,2,A4,Plate,4,2,A4,Xyl (0.05),glucose_gL,all_known,eem_full,xgboost,"n_estimators=200,max_depth=2,learning_rate=0.05,max_features=192",0,0.048908357,-0.048908357
MSStandards,4,2,B7,Plate,4,2,B7,MMAlgae (0.01),glucose_gL,all_known,eem_full,xgboost,"n_estimators=200,max_depth=2,learning_rate=0.05,max_features=192",0.01,0.22114334,-0.21114334
MSStandards,4,2,C5,Plate,4,2,C5,MM f/2 (1),glucose_gL,all_known,eem_full,xgboost,"n_estimators=200,max_depth=2,learning_rate=0.05,max_features=192",1,-0.018021846,1.0180218
MSStandards,4,2,C7,Plate,4,2,C7,MMAlgae (0.01),glucose_gL,all_known,eem_full,xgboost,"n_estimators=200,max_depth=2,learning_rate=0.05,max_features=192",0.01,0.16877352,-0.15877352
MSStandards,4,2,E2,Plate,4,2,E2,Xyl (0.5),glucose_gL,all_known,eem_full,xgboost,"n_estimators=200,max_depth=2,learning_rate=0.05,max_features=192",0,0.15177044,-0.15177044
MSStandards,4,2,E9,Flask,4,2,E9,Algae (blank),glucose_gL,all_known,eem_full,xgboost,"n_estimators=200,max_depth=2,learning_rate=0.05,max_features=192",0,0.29394531,-0.29394531
MSStandards,4,2,G1,Plate,4,2,G1,Xyl (1),glucose_gL,all_known,eem_full,xgboost,"n_estimators=200,max_depth=2,learning_rate=0.05,max_features=192",0,0.4951981,-0.4951981
MSStandards,4,2,G9,Plate,4,2,G9,MMAlgae (0.1),glucose_gL,all_known,eem_full,xgboost,"n_estimators=200,max_depth=2,learning_rate=0.05,max_features=192",0.1,0.25800562,-0.15800562
MSStandards,4,2,H2,Plate,4,2,H2,Xyl (0.25),glucose_gL,all_known,eem_full,xgboost,"n_estimators=200,max_depth=2,learning_rate=0.05,max_features=192",0,0.017103601,-0.017103601
MSStandards,4,2,H5,Plate,4,2,H5,MM f/2 (0.01),glucose_gL,all_known,eem_full,xgboost,"n_estimators=200,max_depth=2,learning_rate=0.05,max_features=192",0.01,0.18693151,-0.17693151
MSStandards,4,1,A2,Plate,4,1,A2,Rha (1),rhamnose_gL,all_known,fusion_full,sklearn_plsr,"n_components=2,max_features=192",1,0.21754901,0.78245099
MSStandards,4,1,A6,Plate,4,1,A6,Glu (1),rhamnose_gL,all_known,fusion_full,sklearn_plsr,"n_components=2,max_features=192",0,-0.35740454,0.35740454
MSStandards,4,1,A8,Plate,4,1,A8,Glu (0.075),rhamnose_gL,all_known,fusion_full,sklearn_plsr,"n_components=2,max_features=192",0,0.15629399,-0.15629399
MSStandards,4,1,A9,Plate,4,1,A9,Glu (0.01),rhamnose_gL,all_known,fusion_full,sklearn_plsr,"n_components=2,max_features=192",0,0.25539038,-0.25539038
MSStandards,4,1,B11,Plate,4,1,B11,Rha-Xyl (0.01),rhamnose_gL,all_known,fusion_full,sklearn_plsr,"n_components=2,max_features=192",0.01,0.25516868,-0.24516868
MSStandards,4,1,C10,Plate,4,1,C10,Rha-Glu (0.01),rhamnose_gL,all_known,fusion_full,sklearn_plsr,"n_components=2,max_features=192",0.01,0.071990725,-0.061990725
MSStandards,4,1,C2,Plate,4,1,C2,Rha (0.75),rhamnose_gL,all_known,fusion_full,sklearn_plsr,"n_components=2,max_features=192",0.75,0.080896725,0.66910328
MSStandards,4,1,C6,Plate,4,1,C6,Glu (0.75),rhamnose_gL,all_known,fusion_full,sklearn_plsr,"n_components=2,max_features=192",0,0.3287271,-0.3287271
MSStandards,4,1,C7,Plate,4,1,C7,Glu (0.25),rhamnose_gL,all_known,fusion_full,sklearn_plsr,"n_components=2,max_features=192",0,0.22859054,-0.22859054
MSStandards,4,1,C8,Plate,4,1,C8,Glu (0.05),rhamnose_gL,all_known,fusion_full,sklearn_plsr,"n_components=2,max_features=192",0,0.18878311,-0.18878311
MSStandards,4,1,D3,Plate,4,1,D3,Rha (0.1),rhamnose_gL,all_known,fusion_full,sklearn_plsr,"n_components=2,max_features=192",0.1,0.096182044,0.0038179555
MSStandards,4,1,D8,Plate,4,1,D8,Glu (0.05),rhamnose_gL,all_known,fusion_full,sklearn_plsr,"n_components=2,max_features=192",0,0.27693388,-0.27693388
MSStandards,4,1,D9,Plate,4,1,D9,Rha-Glu (1),rhamnose_gL,all_known,fusion_full,sklearn_plsr,"n_components=2,max_features=192",1,0.29364351,0.70635649
MSStandards,4,1,E3,Plate,4,1,E3,Rha (0.1),rhamnose_gL,all_known,fusion_full,sklearn_plsr,"n_components=2,max_features=192",0.1,0.20165725,-0.10165725
MSStandards,4,1,E6,Plate,4,1,E6,Glu (0.75),rhamnose_gL,all_known,fusion_full,sklearn_plsr,"n_components=2,max_features=192",0,-0.10127084,0.10127084
MSStandards,4,1,F10,Plate,4,1,F10,Rha-Xyl (1),rhamnose_gL,all_known,fusion_full,sklearn_plsr,"n_components=2,max_features=192",1,1.2068607,-0.20686071
MSStandards,4,1,F4,Plate,4,1,F4,Rha (0.025),rhamnose_gL,all_known,fusion_full,sklearn_plsr,"n_components=2,max_features=192",0.025,-0.052016359,0.077016359
MSStandards,4,1,G1,Plate,4,1,G1,Rha (1),rhamnose_gL,all_known,fusion_full,sklearn_plsr,"n_components=2,max_features=192",1,0.34747844,0.65252156
MSStandards,4,1,G2,Plate,4,1,G2,Rha (0.5),rhamnose_gL,all_known,fusion_full,sklearn_plsr,"n_components=2,max_features=192",0.5,0.11416494,0.38583506
MSStandards,4,1,G6,Plate,4,1,G6,Glu (0.5),rhamnose_gL,all_known,fusion_full,sklearn_plsr,"n_components=2,max_features=192",0,0.13648732,-0.13648732
MSStandards,4,1,G9,Plate,4,1,G9,Rha-Glu (0.1),rhamnose_gL,all_known,fusion_full,sklearn_plsr,"n_components=2,max_features=192",0.1,0.18360704,-0.083607045
MSStandards,4,1,H2,Plate,4,1,H2,Rha (0.25),rhamnose_gL,all_known,fusion_full,sklearn_plsr,"n_components=2,max_features=192",0.25,0.27853003,-0.028530026
MSStandards,4,1,H6,Plate,4,1,H6,Glu (0.5),rhamnose_gL,all_known,fusion_full,sklearn_plsr,"n_components=2,max_features=192",0,0.2797165,-0.2797165
MSStandards,4,1,H9,Plate,4,1,H9,Rha-Glu (0.1),rhamnose_gL,all_known,fusion_full,sklearn_plsr,"n_components=2,max_features=192",0.1,0.44362049,-0.34362049
MSStandards,4,2,A2,Plate,4,2,A2,Xyl (1),rhamnose_gL,all_known,fusion_full,sklearn_plsr,"n_components=2,max_features=192",0,0.19141236,-0.19141236
MSStandards,4,2,A4,Plate,4,2,A4,Xyl (0.05),rhamnose_gL,all_known,fusion_full,sklearn_plsr,"n_components=2,max_features=192",0,0.067699311,-0.067699311
MSStandards,4,2,B9,Plate,4,2,B9,MilliQ,rhamnose_gL,all_known,fusion_full,sklearn_plsr,"n_components=2,max_features=192",0,0.19643408,-0.19643408
MSStandards,4,2,C1,Plate,4,2,C1,Xyl (5),rhamnose_gL,all_known,fusion_full,sklearn_plsr,"n_components=2,max_features=192",0,0.13004901,-0.13004901
MSStandards,4,2,C2,Plate,4,2,C2,Xyl (0.75),rhamnose_gL,all_known,fusion_full,sklearn_plsr,"n_components=2,max_features=192",0,0.34961057,-0.34961057
MSStandards,4,2,C8,Plate,4,2,C8,Rha-Algae (0.01),rhamnose_gL,all_known,fusion_full,sklearn_plsr,"n_components=2,max_features=192",0.01,-0.39507923,0.40507923
MSStandards,4,2,D7,Plate,4,2,D7,Rha-Algae (1),rhamnose_gL,all_known,fusion_full,sklearn_plsr,"n_components=2,max_features=192",1,0.58133652,0.41866348
MSStandards,4,2,E6,Plate,4,2,E6,MMAlgae (1),rhamnose_gL,all_known,fusion_full,sklearn_plsr,"n_components=2,max_features=192",1,0.4910085,0.5089915
MSStandards,4,2,E8,Plate,4,2,E8,BLANK f/2,rhamnose_gL,all_known,fusion_full,sklearn_plsr,"n_components=2,max_features=192",0,0.23571177,-0.23571177
MSStandards,4,2,F1,Plate,4,2,F1,Xyl (2.5),rhamnose_gL,all_known,fusion_full,sklearn_plsr,"n_components=2,max_features=192",0,0.12241747,-0.12241747
MSStandards,4,2,F3,Plate,4,2,F3,Xyl (0.075),rhamnose_gL,all_known,fusion_full,sklearn_plsr,"n_components=2,max_features=192",0,0.36643605,-0.36643605
MSStandards,4,2,G5,Plate,4,2,G5,MM f/2 (0.1),rhamnose_gL,all_known,fusion_full,sklearn_plsr,"n_components=2,max_features=192",0.1,0.27666104,-0.17666104
MSStandards,4,2,H7,Plate,4,2,H7,Rha-Algae (0.1),rhamnose_gL,all_known,fusion_full,sklearn_plsr,"n_components=2,max_features=192",0.1,0.21873696,-0.11873696
MSStandards,4,2,H8,Plate,4,2,H8,MilliQ,rhamnose_gL,all_known,fusion_full,sklearn_plsr,"n_components=2,max_features=192",0,-0.025560154,0.025560154
MSStandards,4,1,A2,Plate,4,1,A2,Rha (1),rhamnose_gL,all_known,fusion_full,sklearn_plsr,"n_components=5,max_features=192",1,0.17674825,0.82325175
MSStandards,4,1,A6,Plate,4,1,A6,Glu (1),rhamnose_gL,all_known,fusion_full,sklearn_plsr,"n_components=5,max_features=192",0,-0.20517303,0.20517303
MSStandards,4,1,A8,Plate,4,1,A8,Glu (0.075),rhamnose_gL,all_known,fusion_full,sklearn_plsr,"n_components=5,max_features=192",0,0.13940764,-0.13940764
MSStandards,4,1,A9,Plate,4,1,A9,Glu (0.01),rhamnose_gL,all_known,fusion_full,sklearn_plsr,"n_components=5,max_features=192",0,0.099227773,-0.099227773
MSStandards,4,1,B11,Plate,4,1,B11,Rha-Xyl (0.01),rhamnose_gL,all_known,fusion_full,sklearn_plsr,"n_components=5,max_features=192",0.01,0.14487522,-0.13487522
MSStandards,4,1,C10,Plate,4,1,C10,Rha-Glu (0.01),rhamnose_gL,all_known,fusion_full,sklearn_plsr,"n_components=5,max_features=192",0.01,0.078382273,-0.068382273
MSStandards,4,1,C2,Plate,4,1,C2,Rha (0.75),rhamnose_gL,all_known,fusion_full,sklearn_plsr,"n_components=5,max_features=192",0.75,0.12587632,0.62412368
MSStandards,4,1,C6,Plate,4,1,C6,Glu (0.75),rhamnose_gL,all_known,fusion_full,sklearn_plsr,"n_components=5,max_features=192",0,0.26557583,-0.26557583
MSStandards,4,1,C7,Plate,4,1,C7,Glu (0.25),rhamnose_gL,all_known,fusion_full,sklearn_plsr,"n_components=5,max_features=192",0,0.2511038,-0.2511038
MSStandards,4,1,C8,Plate,4,1,C8,Glu (0.05),rhamnose_gL,all_known,fusion_full,sklearn_plsr,"n_components=5,max_features=192",0,0.23670211,-0.23670211
MSStandards,4,1,D3,Plate,4,1,D3,Rha (0.1),rhamnose_gL,all_known,fusion_full,sklearn_plsr,"n_components=5,max_features=192",0.1,0.11951184,-0.01951184
MSStandards,4,1,D8,Plate,4,1,D8,Glu (0.05),rhamnose_gL,all_known,fusion_full,sklearn_plsr,"n_components=5,max_features=192",0,0.32039194,-0.32039194
MSStandards,4,1,D9,Plate,4,1,D9,Rha-Glu (1),rhamnose_gL,all_known,fusion_full,sklearn_plsr,"n_components=5,max_features=192",1,0.38816124,0.61183876
MSStandards,4,1,E3,Plate,4,1,E3,Rha (0.1),rhamnose_gL,all_known,fusion_full,sklearn_plsr,"n_components=5,max_features=192",0.1,0.15921166,-0.05921166
MSStandards,4,1,E6,Plate,4,1,E6,Glu (0.75),rhamnose_gL,all_known,fusion_full,sklearn_plsr,"n_components=5,max_features=192",0,0.10809921,-0.10809921
MSStandards,4,1,F10,Plate,4,1,F10,Rha-Xyl (1),rhamnose_gL,all_known,fusion_full,sklearn_plsr,"n_components=5,max_features=192",1,1.0263273,-0.026327287
MSStandards,4,1,F4,Plate,4,1,F4,Rha (0.025),rhamnose_gL,all_known,fusion_full,sklearn_plsr,"n_components=5,max_features=192",0.025,0.001750468,0.023249532
MSStandards,4,1,G1,Plate,4,1,G1,Rha (1),rhamnose_gL,all_known,fusion_full,sklearn_plsr,"n_components=5,max_features=192",1,0.54387925,0.45612075
MSStandards,4,1,G2,Plate,4,1,G2,Rha (0.5),rhamnose_gL,all_known,fusion_full,sklearn_plsr,"n_components=5,max_features=192",0.5,0.24746314,0.25253686
MSStandards,4,1,G6,Plate,4,1,G6,Glu (0.5),rhamnose_gL,all_known,fusion_full,sklearn_plsr,"n_components=5,max_features=192",0,0.32119211,-0.32119211
MSStandards,4,1,G9,Plate,4,1,G9,Rha-Glu (0.1),rhamnose_gL,all_known,fusion_full,sklearn_plsr,"n_components=5,max_features=192",0.1,0.19850843,-0.09850843
MSStandards,4,1,H2,Plate,4,1,H2,Rha (0.25),rhamnose_gL,all_known,fusion_full,sklearn_plsr,"n_components=5,max_features=192",0.25,0.36139671,-0.11139671
MSStandards,4,1,H6,Plate,4,1,H6,Glu (0.5),rhamnose_gL,all_known,fusion_full,sklearn_plsr,"n_components=5,max_features=192",0,0.58568912,-0.58568912
MSStandards,4,1,H9,Plate,4,1,H9,Rha-Glu (0.1),rhamnose_gL,all_known,fusion_full,sklearn_plsr,"n_components=5,max_features=192",0.1,0.5789247,-0.4789247
MSStandards,4,2,A2,Plate,4,2,A2,Xyl (1),rhamnose_gL,all_known,fusion_full,sklearn_plsr,"n_components=5,max_features=192",0,0.28964577,-0.28964577
MSStandards,4,2,A4,Plate,4,2,A4,Xyl (0.05),rhamnose_gL,all_known,fusion_full,sklearn_plsr,"n_components=5,max_features=192",0,-0.16868768,0.16868768
MSStandards,4,2,B9,Plate,4,2,B9,MilliQ,rhamnose_gL,all_known,fusion_full,sklearn_plsr,"n_components=5,max_features=192",0,-0.096543061,0.096543061
MSStandards,4,2,C1,Plate,4,2,C1,Xyl (5),rhamnose_gL,all_known,fusion_full,sklearn_plsr,"n_components=5,max_features=192",0,-0.037939069,0.037939069
MSStandards,4,2,C2,Plate,4,2,C2,Xyl (0.75),rhamnose_gL,all_known,fusion_full,sklearn_plsr,"n_components=5,max_features=192",0,0.13346277,-0.13346277
MSStandards,4,2,C8,Plate,4,2,C8,Rha-Algae (0.01),rhamnose_gL,all_known,fusion_full,sklearn_plsr,"n_components=5,max_features=192",0.01,-0.50406684,0.51406684
MSStandards,4,2,D7,Plate,4,2,D7,Rha-Algae (1),rhamnose_gL,all_known,fusion_full,sklearn_plsr,"n_components=5,max_features=192",1,0.67065247,0.32934753
MSStandards,4,2,E6,Plate,4,2,E6,MMAlgae (1),rhamnose_gL,all_known,fusion_full,sklearn_plsr,"n_components=5,max_features=192",1,0.63697791,0.36302209
MSStandards,4,2,E8,Plate,4,2,E8,BLANK f/2,rhamnose_gL,all_known,fusion_full,sklearn_plsr,"n_components=5,max_features=192",0,-0.064194104,0.064194104
MSStandards,4,2,F1,Plate,4,2,F1,Xyl (2.5),rhamnose_gL,all_known,fusion_full,sklearn_plsr,"n_components=5,max_features=192",0,-0.099631932,0.099631932
MSStandards,4,2,F3,Plate,4,2,F3,Xyl (0.075),rhamnose_gL,all_known,fusion_full,sklearn_plsr,"n_components=5,max_features=192",0,0.18728887,-0.18728887
MSStandards,4,2,G5,Plate,4,2,G5,MM f/2 (0.1),rhamnose_gL,all_known,fusion_full,sklearn_plsr,"n_components=5,max_features=192",0.1,0.048928638,0.051071362
MSStandards,4,2,H7,Plate,4,2,H7,Rha-Algae (0.1),rhamnose_gL,all_known,fusion_full,sklearn_plsr,"n_components=5,max_features=192",0.1,0.48589049,-0.38589049
MSStandards,4,2,H8,Plate,4,2,H8,MilliQ,rhamnose_gL,all_known,fusion_full,sklearn_plsr,"n_components=5,max_features=192",0,-0.26696992,0.26696992
MSStandards,4,1,A2,Plate,4,1,A2,Rha (1),rhamnose_gL,all_known,fusion_full,sklearn_svr,"kernel=rbf,C=10,epsilon=0.05,max_features=192",1,-0.006164643,1.0061646
MSStandards,4,1,A6,Plate,4,1,A6,Glu (1),rhamnose_gL,all_known,fusion_full,sklearn_svr,"kernel=rbf,C=10,epsilon=0.05,max_features=192",0,0.35872855,-0.35872855
MSStandards,4,1,A8,Plate,4,1,A8,Glu (0.075),rhamnose_gL,all_known,fusion_full,sklearn_svr,"kernel=rbf,C=10,epsilon=0.05,max_features=192",0,0.046314659,-0.046314659
MSStandards,4,1,A9,Plate,4,1,A9,Glu (0.01),rhamnose_gL,all_known,fusion_full,sklearn_svr,"kernel=rbf,C=10,epsilon=0.05,max_features=192",0,-0.058023765,0.058023765
MSStandards,4,1,B11,Plate,4,1,B11,Rha-Xyl (0.01),rhamnose_gL,all_known,fusion_full,sklearn_svr,"kernel=rbf,C=10,epsilon=0.05,max_features=192",0.01,-0.03183398,0.04183398
MSStandards,4,1,C10,Plate,4,1,C10,Rha-Glu (0.01),rhamnose_gL,all_known,fusion_full,sklearn_svr,"kernel=rbf,C=10,epsilon=0.05,max_features=192",0.01,-0.34589633,0.35589633
MSStandards,4,1,C2,Plate,4,1,C2,Rha (0.75),rhamnose_gL,all_known,fusion_full,sklearn_svr,"kernel=rbf,C=10,epsilon=0.05,max_features=192",0.75,0.20084132,0.54915868
MSStandards,4,1,C6,Plate,4,1,C6,Glu (0.75),rhamnose_gL,all_known,fusion_full,sklearn_svr,"kernel=rbf,C=10,epsilon=0.05,max_features=192",0,0.17324367,-0.17324367
MSStandards,4,1,C7,Plate,4,1,C7,Glu (0.25),rhamnose_gL,all_known,fusion_full,sklearn_svr,"kernel=rbf,C=10,epsilon=0.05,max_features=192",0,0.03211884,-0.03211884
MSStandards,4,1,C8,Plate,4,1,C8,Glu (0.05),rhamnose_gL,all_known,fusion_full,sklearn_svr,"kernel=rbf,C=10,epsilon=0.05,max_features=192",0,0.35563527,-0.35563527
MSStandards,4,1,D3,Plate,4,1,D3,Rha (0.1),rhamnose_gL,all_known,fusion_full,sklearn_svr,"kernel=rbf,C=10,epsilon=0.05,max_features=192",0.1,0.1079335,-0.0079334988
MSStandards,4,1,D8,Plate,4,1,D8,Glu (0.05),rhamnose_gL,all_known,fusion_full,sklearn_svr,"kernel=rbf,C=10,epsilon=0.05,max_features=192",0,0.20631943,-0.20631943
MSStandards,4,1,D9,Plate,4,1,D9,Rha-Glu (1),rhamnose_gL,all_known,fusion_full,sklearn_svr,"kernel=rbf,C=10,epsilon=0.05,max_features=192",1,0.25044325,0.74955675
MSStandards,4,1,E3,Plate,4,1,E3,Rha (0.1),rhamnose_gL,all_known,fusion_full,sklearn_svr,"kernel=rbf,C=10,epsilon=0.05,max_features=192",0.1,0.10707216,-0.0070721603
MSStandards,4,1,E6,Plate,4,1,E6,Glu (0.75),rhamnose_gL,all_known,fusion_full,sklearn_svr,"kernel=rbf,C=10,epsilon=0.05,max_features=192",0,0.26498928,-0.26498928
MSStandards,4,1,F10,Plate,4,1,F10,Rha-Xyl (1),rhamnose_gL,all_known,fusion_full,sklearn_svr,"kernel=rbf,C=10,epsilon=0.05,max_features=192",1,0.62635018,0.37364982
MSStandards,4,1,F4,Plate,4,1,F4,Rha (0.025),rhamnose_gL,all_known,fusion_full,sklearn_svr,"kernel=rbf,C=10,epsilon=0.05,max_features=192",0.025,-0.04342402,0.06842402
MSStandards,4,1,G1,Plate,4,1,G1,Rha (1),rhamnose_gL,all_known,fusion_full,sklearn_svr,"kernel=rbf,C=10,epsilon=0.05,max_features=192",1,0.5452392,0.4547608
MSStandards,4,1,G2,Plate,4,1,G2,Rha (0.5),rhamnose_gL,all_known,fusion_full,sklearn_svr,"kernel=rbf,C=10,epsilon=0.05,max_features=192",0.5,0.1466988,0.3533012
MSStandards,4,1,G6,Plate,4,1,G6,Glu (0.5),rhamnose_gL,all_known,fusion_full,sklearn_svr,"kernel=rbf,C=10,epsilon=0.05,max_features=192",0,0.16310847,-0.16310847
MSStandards,4,1,G9,Plate,4,1,G9,Rha-Glu (0.1),rhamnose_gL,all_known,fusion_full,sklearn_svr,"kernel=rbf,C=10,epsilon=0.05,max_features=192",0.1,-0.03232953,0.13232953
MSStandards,4,1,H2,Plate,4,1,H2,Rha (0.25),rhamnose_gL,all_known,fusion_full,sklearn_svr,"kernel=rbf,C=10,epsilon=0.05,max_features=192",0.25,0.30540858,-0.055408583
MSStandards,4,1,H6,Plate,4,1,H6,Glu (0.5),rhamnose_gL,all_known,fusion_full,sklearn_svr,"kernel=rbf,C=10,epsilon=0.05,max_features=192",0,0.30178409,-0.30178409
MSStandards,4,1,H9,Plate,4,1,H9,Rha-Glu (0.1),rhamnose_gL,all_known,fusion_full,sklearn_svr,"kernel=rbf,C=10,epsilon=0.05,max_features=192",0.1,0.35085617,-0.25085617
MSStandards,4,2,A2,Plate,4,2,A2,Xyl (1),rhamnose_gL,all_known,fusion_full,sklearn_svr,"kernel=rbf,C=10,epsilon=0.05,max_features=192",0,-0.29314535,0.29314535
MSStandards,4,2,A4,Plate,4,2,A4,Xyl (0.05),rhamnose_gL,all_known,fusion_full,sklearn_svr,"kernel=rbf,C=10,epsilon=0.05,max_features=192",0,-0.099930248,0.099930248
MSStandards,4,2,B9,Plate,4,2,B9,MilliQ,rhamnose_gL,all_known,fusion_full,sklearn_svr,"kernel=rbf,C=10,epsilon=0.05,max_features=192",0,0.24496879,-0.24496879
MSStandards,4,2,C1,Plate,4,2,C1,Xyl (5),rhamnose_gL,all_known,fusion_full,sklearn_svr,"kernel=rbf,C=10,epsilon=0.05,max_features=192",0,0.10770355,-0.10770355
MSStandards,4,2,C2,Plate,4,2,C2,Xyl (0.75),rhamnose_gL,all_known,fusion_full,sklearn_svr,"kernel=rbf,C=10,epsilon=0.05,max_features=192",0,0.19136235,-0.19136235
MSStandards,4,2,C8,Plate,4,2,C8,Rha-Algae (0.01),rhamnose_gL,all_known,fusion_full,sklearn_svr,"kernel=rbf,C=10,epsilon=0.05,max_features=192",0.01,0.92732703,-0.91732703
MSStandards,4,2,D7,Plate,4,2,D7,Rha-Algae (1),rhamnose_gL,all_known,fusion_full,sklearn_svr,"kernel=rbf,C=10,epsilon=0.05,max_features=192",1,0.75736914,0.24263086
MSStandards,4,2,E6,Plate,4,2,E6,MMAlgae (1),rhamnose_gL,all_known,fusion_full,sklearn_svr,"kernel=rbf,C=10,epsilon=0.05,max_features=192",1,0.19996816,0.80003184
MSStandards,4,2,E8,Plate,4,2,E8,BLANK f/2,rhamnose_gL,all_known,fusion_full,sklearn_svr,"kernel=rbf,C=10,epsilon=0.05,max_features=192",0,-0.13662089,0.13662089
MSStandards,4,2,F1,Plate,4,2,F1,Xyl (2.5),rhamnose_gL,all_known,fusion_full,sklearn_svr,"kernel=rbf,C=10,epsilon=0.05,max_features=192",0,-0.078211856,0.078211856
MSStandards,4,2,F3,Plate,4,2,F3,Xyl (0.075),rhamnose_gL,all_known,fusion_full,sklearn_svr,"kernel=rbf,C=10,epsilon=0.05,max_features=192",0,-0.036887233,0.036887233
MSStandards,4,2,G5,Plate,4,2,G5,MM f/2 (0.1),rhamnose_gL,all_known,fusion_full,sklearn_svr,"kernel=rbf,C=10,epsilon=0.05,max_features=192",0.1,-0.074126774,0.17412677
MSStandards,4,2,H7,Plate,4,2,H7,Rha-Algae (0.1),rhamnose_gL,all_known,fusion_full,sklearn_svr,"kernel=rbf,C=10,epsilon=0.05,max_features=192",0.1,0.18033265,-0.08033265
MSStandards,4,2,H8,Plate,4,2,H8,MilliQ,rhamnose_gL,all_known,fusion_full,sklearn_svr,"kernel=rbf,C=10,epsilon=0.05,max_features=192",0,0.00583176,-0.00583176
MSStandards,4,1,A2,Plate,4,1,A2,Rha (1),rhamnose_gL,all_known,fusion_full,sklearn_svr,"kernel=linear,C=1,epsilon=0.05,max_features=192",1,-0.021565584,1.0215656
MSStandards,4,1,A6,Plate,4,1,A6,Glu (1),rhamnose_gL,all_known,fusion_full,sklearn_svr,"kernel=linear,C=1,epsilon=0.05,max_features=192",0,0.56601548,-0.56601548
MSStandards,4,1,A8,Plate,4,1,A8,Glu (0.075),rhamnose_gL,all_known,fusion_full,sklearn_svr,"kernel=linear,C=1,epsilon=0.05,max_features=192",0,-0.30791931,0.30791931
MSStandards,4,1,A9,Plate,4,1,A9,Glu (0.01),rhamnose_gL,all_known,fusion_full,sklearn_svr,"kernel=linear,C=1,epsilon=0.05,max_features=192",0,-0.44969075,0.44969075
MSStandards,4,1,B11,Plate,4,1,B11,Rha-Xyl (0.01),rhamnose_gL,all_known,fusion_full,sklearn_svr,"kernel=linear,C=1,epsilon=0.05,max_features=192",0.01,-0.48770652,0.49770652
MSStandards,4,1,C10,Plate,4,1,C10,Rha-Glu (0.01),rhamnose_gL,all_known,fusion_full,sklearn_svr,"kernel=linear,C=1,epsilon=0.05,max_features=192",0.01,0.0094400842,0.00055991581
MSStandards,4,1,C2,Plate,4,1,C2,Rha (0.75),rhamnose_gL,all_known,fusion_full,sklearn_svr,"kernel=linear,C=1,epsilon=0.05,max_features=192",0.75,0.70296929,0.047030708
MSStandards,4,1,C6,Plate,4,1,C6,Glu (0.75),rhamnose_gL,all_known,fusion_full,sklearn_svr,"kernel=linear,C=1,epsilon=0.05,max_features=192",0,0.21200363,-0.21200363
MSStandards,4,1,C7,Plate,4,1,C7,Glu (0.25),rhamnose_gL,all_known,fusion_full,sklearn_svr,"kernel=linear,C=1,epsilon=0.05,max_features=192",0,0.023633458,-0.023633458
MSStandards,4,1,C8,Plate,4,1,C8,Glu (0.05),rhamnose_gL,all_known,fusion_full,sklearn_svr,"kernel=linear,C=1,epsilon=0.05,max_features=192",0,0.73004923,-0.73004923
MSStandards,4,1,D3,Plate,4,1,D3,Rha (0.1),rhamnose_gL,all_known,fusion_full,sklearn_svr,"kernel=linear,C=1,epsilon=0.05,max_features=192",0.1,0.11018419,-0.010184192
MSStandards,4,1,D8,Plate,4,1,D8,Glu (0.05),rhamnose_gL,all_known,fusion_full,sklearn_svr,"kernel=linear,C=1,epsilon=0.05,max_features=192",0,-0.0040564281,0.0040564281
MSStandards,4,1,D9,Plate,4,1,D9,Rha-Glu (1),rhamnose_gL,all_known,fusion_full,sklearn_svr,"kernel=linear,C=1,epsilon=0.05,max_features=192",1,-0.19008621,1.1900862
MSStandards,4,1,E3,Plate,4,1,E3,Rha (0.1),rhamnose_gL,all_known,fusion_full,sklearn_svr,"kernel=linear,C=1,epsilon=0.05,max_features=192",0.1,0.44057412,-0.34057412
MSStandards,4,1,E6,Plate,4,1,E6,Glu (0.75),rhamnose_gL,all_known,fusion_full,sklearn_svr,"kernel=linear,C=1,epsilon=0.05,max_features=192",0,0.46374891,-0.46374891
MSStandards,4,1,F10,Plate,4,1,F10,Rha-Xyl (1),rhamnose_gL,all_known,fusion_full,sklearn_svr,"kernel=linear,C=1,epsilon=0.05,max_features=192",1,0.85143829,0.14856171
MSStandards,4,1,F4,Plate,4,1,F4,Rha (0.025),rhamnose_gL,all_known,fusion_full,sklearn_svr,"kernel=linear,C=1,epsilon=0.05,max_features=192",0.025,0.08497165,-0.05997165
MSStandards,4,1,G1,Plate,4,1,G1,Rha (1),rhamnose_gL,all_known,fusion_full,sklearn_svr,"kernel=linear,C=1,epsilon=0.05,max_features=192",1,0.030075028,0.96992497
MSStandards,4,1,G2,Plate,4,1,G2,Rha (0.5),rhamnose_gL,all_known,fusion_full,sklearn_svr,"kernel=linear,C=1,epsilon=0.05,max_features=192",0.5,0.44612762,0.053872383
MSStandards,4,1,G6,Plate,4,1,G6,Glu (0.5),rhamnose_gL,all_known,fusion_full,sklearn_svr,"kernel=linear,C=1,epsilon=0.05,max_features=192",0,0.63253418,-0.63253418
MSStandards,4,1,G9,Plate,4,1,G9,Rha-Glu (0.1),rhamnose_gL,all_known,fusion_full,sklearn_svr,"kernel=linear,C=1,epsilon=0.05,max_features=192",0.1,0.043004068,0.056995932
MSStandards,4,1,H2,Plate,4,1,H2,Rha (0.25),rhamnose_gL,all_known,fusion_full,sklearn_svr,"kernel=linear,C=1,epsilon=0.05,max_features=192",0.25,0.35830053,-0.10830053
MSStandards,4,1,H6,Plate,4,1,H6,Glu (0.5),rhamnose_gL,all_known,fusion_full,sklearn_svr,"kernel=linear,C=1,epsilon=0.05,max_features=192",0,0.0052286621,-0.0052286621
MSStandards,4,1,H9,Plate,4,1,H9,Rha-Glu (0.1),rhamnose_gL,all_known,fusion_full,sklearn_svr,"kernel=linear,C=1,epsilon=0.05,max_features=192",0.1,-0.0036925273,0.10369253
MSStandards,4,2,A2,Plate,4,2,A2,Xyl (1),rhamnose_gL,all_known,fusion_full,sklearn_svr,"kernel=linear,C=1,epsilon=0.05,max_features=192",0,0.11178512,-0.11178512
MSStandards,4,2,A4,Plate,4,2,A4,Xyl (0.05),rhamnose_gL,all_known,fusion_full,sklearn_svr,"kernel=linear,C=1,epsilon=0.05,max_features=192",0,-0.22832889,0.22832889
MSStandards,4,2,B9,Plate,4,2,B9,MilliQ,rhamnose_gL,all_known,fusion_full,sklearn_svr,"kernel=linear,C=1,epsilon=0.05,max_features=192",0,0.040197823,-0.040197823
MSStandards,4,2,C1,Plate,4,2,C1,Xyl (5),rhamnose_gL,all_known,fusion_full,sklearn_svr,"kernel=linear,C=1,epsilon=0.05,max_features=192",0,-0.069601809,0.069601809
MSStandards,4,2,C2,Plate,4,2,C2,Xyl (0.75),rhamnose_gL,all_known,fusion_full,sklearn_svr,"kernel=linear,C=1,epsilon=0.05,max_features=192",0,0.42436134,-0.42436134
MSStandards,4,2,C8,Plate,4,2,C8,Rha-Algae (0.01),rhamnose_gL,all_known,fusion_full,sklearn_svr,"kernel=linear,C=1,epsilon=0.05,max_features=192",0.01,0.92183933,-0.91183933
MSStandards,4,2,D7,Plate,4,2,D7,Rha-Algae (1),rhamnose_gL,all_known,fusion_full,sklearn_svr,"kernel=linear,C=1,epsilon=0.05,max_features=192",1,0.48934183,0.51065817
MSStandards,4,2,E6,Plate,4,2,E6,MMAlgae (1),rhamnose_gL,all_known,fusion_full,sklearn_svr,"kernel=linear,C=1,epsilon=0.05,max_features=192",1,0.39257101,0.60742899
MSStandards,4,2,E8,Plate,4,2,E8,BLANK f/2,rhamnose_gL,all_known,fusion_full,sklearn_svr,"kernel=linear,C=1,epsilon=0.05,max_features=192",0,-0.28129833,0.28129833
MSStandards,4,2,F1,Plate,4,2,F1,Xyl (2.5),rhamnose_gL,all_known,fusion_full,sklearn_svr,"kernel=linear,C=1,epsilon=0.05,max_features=192",0,0.049731743,-0.049731743
MSStandards,4,2,F3,Plate,4,2,F3,Xyl (0.075),rhamnose_gL,all_known,fusion_full,sklearn_svr,"kernel=linear,C=1,epsilon=0.05,max_features=192",0,0.34924414,-0.34924414
MSStandards,4,2,G5,Plate,4,2,G5,MM f/2 (0.1),rhamnose_gL,all_known,fusion_full,sklearn_svr,"kernel=linear,C=1,epsilon=0.05,max_features=192",0.1,-0.015872233,0.11587223
MSStandards,4,2,H7,Plate,4,2,H7,Rha-Algae (0.1),rhamnose_gL,all_known,fusion_full,sklearn_svr,"kernel=linear,C=1,epsilon=0.05,max_features=192",0.1,-0.42809705,0.52809705
MSStandards,4,2,H8,Plate,4,2,H8,MilliQ,rhamnose_gL,all_known,fusion_full,sklearn_svr,"kernel=linear,C=1,epsilon=0.05,max_features=192",0,-0.20684229,0.20684229
MSStandards,4,1,A2,Plate,4,1,A2,Rha (1),rhamnose_gL,all_known,fusion_full,xgboost,"n_estimators=200,max_depth=2,learning_rate=0.05,max_features=192",1,0.018711999,0.981288
MSStandards,4,1,A6,Plate,4,1,A6,Glu (1),rhamnose_gL,all_known,fusion_full,xgboost,"n_estimators=200,max_depth=2,learning_rate=0.05,max_features=192",0,0.14392638,-0.14392638
MSStandards,4,1,A8,Plate,4,1,A8,Glu (0.075),rhamnose_gL,all_known,fusion_full,xgboost,"n_estimators=200,max_depth=2,learning_rate=0.05,max_features=192",0,0.033704638,-0.033704638
MSStandards,4,1,A9,Plate,4,1,A9,Glu (0.01),rhamnose_gL,all_known,fusion_full,xgboost,"n_estimators=200,max_depth=2,learning_rate=0.05,max_features=192",0,0.1585544,-0.1585544
MSStandards,4,1,B11,Plate,4,1,B11,Rha-Xyl (0.01),rhamnose_gL,all_known,fusion_full,xgboost,"n_estimators=200,max_depth=2,learning_rate=0.05,max_features=192",0.01,0.039190765,-0.029190765
MSStandards,4,1,C10,Plate,4,1,C10,Rha-Glu (0.01),rhamnose_gL,all_known,fusion_full,xgboost,"n_estimators=200,max_depth=2,learning_rate=0.05,max_features=192",0.01,-0.040791668,0.050791668
MSStandards,4,1,C2,Plate,4,1,C2,Rha (0.75),rhamnose_gL,all_known,fusion_full,xgboost,"n_estimators=200,max_depth=2,learning_rate=0.05,max_features=192",0.75,0.16392538,0.58607462
MSStandards,4,1,C6,Plate,4,1,C6,Glu (0.75),rhamnose_gL,all_known,fusion_full,xgboost,"n_estimators=200,max_depth=2,learning_rate=0.05,max_features=192",0,0.21973625,-0.21973625
MSStandards,4,1,C7,Plate,4,1,C7,Glu (0.25),rhamnose_gL,all_known,fusion_full,xgboost,"n_estimators=200,max_depth=2,learning_rate=0.05,max_features=192",0,0.33737957,-0.33737957
MSStandards,4,1,C8,Plate,4,1,C8,Glu (0.05),rhamnose_gL,all_known,fusion_full,xgboost,"n_estimators=200,max_depth=2,learning_rate=0.05,max_features=192",0,0.2912215,-0.2912215
MSStandards,4,1,D3,Plate,4,1,D3,Rha (0.1),rhamnose_gL,all_known,fusion_full,xgboost,"n_estimators=200,max_depth=2,learning_rate=0.05,max_features=192",0.1,0.10190033,-0.0019003317
MSStandards,4,1,D8,Plate,4,1,D8,Glu (0.05),rhamnose_gL,all_known,fusion_full,xgboost,"n_estimators=200,max_depth=2,learning_rate=0.05,max_features=192",0,0.5532307,-0.5532307
MSStandards,4,1,D9,Plate,4,1,D9,Rha-Glu (1),rhamnose_gL,all_known,fusion_full,xgboost,"n_estimators=200,max_depth=2,learning_rate=0.05,max_features=192",1,0.27963358,0.72036642
MSStandards,4,1,E3,Plate,4,1,E3,Rha (0.1),rhamnose_gL,all_known,fusion_full,xgboost,"n_estimators=200,max_depth=2,learning_rate=0.05,max_features=192",0.1,0.16061869,-0.060618693
MSStandards,4,1,E6,Plate,4,1,E6,Glu (0.75),rhamnose_gL,all_known,fusion_full,xgboost,"n_estimators=200,max_depth=2,learning_rate=0.05,max_features=192",0,0.32069692,-0.32069692
MSStandards,4,1,F10,Plate,4,1,F10,Rha-Xyl (1),rhamnose_gL,all_known,fusion_full,xgboost,"n_estimators=200,max_depth=2,learning_rate=0.05,max_features=192",1,0.69193524,0.30806476
MSStandards,4,1,F4,Plate,4,1,F4,Rha (0.025),rhamnose_gL,all_known,fusion_full,xgboost,"n_estimators=200,max_depth=2,learning_rate=0.05,max_features=192",0.025,0.050987855,-0.025987855
MSStandards,4,1,G1,Plate,4,1,G1,Rha (1),rhamnose_gL,all_known,fusion_full,xgboost,"n_estimators=200,max_depth=2,learning_rate=0.05,max_features=192",1,0.45702028,0.54297972
MSStandards,4,1,G2,Plate,4,1,G2,Rha (0.5),rhamnose_gL,all_known,fusion_full,xgboost,"n_estimators=200,max_depth=2,learning_rate=0.05,max_features=192",0.5,0.21638264,0.28361736
MSStandards,4,1,G6,Plate,4,1,G6,Glu (0.5),rhamnose_gL,all_known,fusion_full,xgboost,"n_estimators=200,max_depth=2,learning_rate=0.05,max_features=192",0,0.23376498,-0.23376498
MSStandards,4,1,G9,Plate,4,1,G9,Rha-Glu (0.1),rhamnose_gL,all_known,fusion_full,xgboost,"n_estimators=200,max_depth=2,learning_rate=0.05,max_features=192",0.1,0.18562797,-0.085627967
MSStandards,4,1,H2,Plate,4,1,H2,Rha (0.25),rhamnose_gL,all_known,fusion_full,xgboost,"n_estimators=200,max_depth=2,learning_rate=0.05,max_features=192",0.25,0.56361198,-0.31361198
MSStandards,4,1,H6,Plate,4,1,H6,Glu (0.5),rhamnose_gL,all_known,fusion_full,xgboost,"n_estimators=200,max_depth=2,learning_rate=0.05,max_features=192",0,0.27231106,-0.27231106
MSStandards,4,1,H9,Plate,4,1,H9,Rha-Glu (0.1),rhamnose_gL,all_known,fusion_full,xgboost,"n_estimators=200,max_depth=2,learning_rate=0.05,max_features=192",0.1,0.34488463,-0.24488463
MSStandards,4,2,A2,Plate,4,2,A2,Xyl (1),rhamnose_gL,all_known,fusion_full,xgboost,"n_estimators=200,max_depth=2,learning_rate=0.05,max_features=192",0,0.6617642,-0.6617642
MSStandards,4,2,A4,Plate,4,2,A4,Xyl (0.05),rhamnose_gL,all_known,fusion_full,xgboost,"n_estimators=200,max_depth=2,learning_rate=0.05,max_features=192",0,0.18025616,-0.18025616
MSStandards,4,2,B9,Plate,4,2,B9,MilliQ,rhamnose_gL,all_known,fusion_full,xgboost,"n_estimators=200,max_depth=2,learning_rate=0.05,max_features=192",0,0.074445121,-0.074445121
MSStandards,4,2,C1,Plate,4,2,C1,Xyl (5),rhamnose_gL,all_known,fusion_full,xgboost,"n_estimators=200,max_depth=2,learning_rate=0.05,max_features=192",0,0.028899582,-0.028899582
MSStandards,4,2,C2,Plate,4,2,C2,Xyl (0.75),rhamnose_gL,all_known,fusion_full,xgboost,"n_estimators=200,max_depth=2,learning_rate=0.05,max_features=192",0,0.094742782,-0.094742782
MSStandards,4,2,C8,Plate,4,2,C8,Rha-Algae (0.01),rhamnose_gL,all_known,fusion_full,xgboost,"n_estimators=200,max_depth=2,learning_rate=0.05,max_features=192",0.01,0.26798812,-0.25798812
MSStandards,4,2,D7,Plate,4,2,D7,Rha-Algae (1),rhamnose_gL,all_known,fusion_full,xgboost,"n_estimators=200,max_depth=2,learning_rate=0.05,max_features=192",1,1.3415276,-0.34152758
MSStandards,4,2,E6,Plate,4,2,E6,MMAlgae (1),rhamnose_gL,all_known,fusion_full,xgboost,"n_estimators=200,max_depth=2,learning_rate=0.05,max_features=192",1,0.58889717,0.41110283
MSStandards,4,2,E8,Plate,4,2,E8,BLANK f/2,rhamnose_gL,all_known,fusion_full,xgboost,"n_estimators=200,max_depth=2,learning_rate=0.05,max_features=192",0,0.042864747,-0.042864747
MSStandards,4,2,F1,Plate,4,2,F1,Xyl (2.5),rhamnose_gL,all_known,fusion_full,xgboost,"n_estimators=200,max_depth=2,learning_rate=0.05,max_features=192",0,0.1939716,-0.1939716
MSStandards,4,2,F3,Plate,4,2,F3,Xyl (0.075),rhamnose_gL,all_known,fusion_full,xgboost,"n_estimators=200,max_depth=2,learning_rate=0.05,max_features=192",0,0.13836378,-0.13836378
MSStandards,4,2,G5,Plate,4,2,G5,MM f/2 (0.1),rhamnose_gL,all_known,fusion_full,xgboost,"n_estimators=200,max_depth=2,learning_rate=0.05,max_features=192",0.1,0.16689922,-0.066899219
MSStandards,4,2,H7,Plate,4,2,H7,Rha-Algae (0.1),rhamnose_gL,all_known,fusion_full,xgboost,"n_estimators=200,max_depth=2,learning_rate=0.05,max_features=192",0.1,0.077842839,0.022157161
MSStandards,4,2,H8,Plate,4,2,H8,MilliQ,rhamnose_gL,all_known,fusion_full,xgboost,"n_estimators=200,max_depth=2,learning_rate=0.05,max_features=192",0,0.03054148,-0.03054148
MSStandards,4,1,A2,Plate,4,1,A2,Rha (1),xylose_gL,all_known,fusion_full,sklearn_plsr,"n_components=2,max_features=192",0,0.13555604,-0.13555604
MSStandards,4,1,A4,Plate,4,1,A4,Rha (0.05),xylose_gL,all_known,fusion_full,sklearn_plsr,"n_components=2,max_features=192",0,0.13243585,-0.13243585
MSStandards,4,1,A6,Plate,4,1,A6,Glu (1),xylose_gL,all_known,fusion_full,sklearn_plsr,"n_components=2,max_features=192",0,-0.37509756,0.37509756
MSStandards,4,1,A8,Plate,4,1,A8,Glu (0.075),xylose_gL,all_known,fusion_full,sklearn_plsr,"n_components=2,max_features=192",0,-0.020088012,0.020088012
MSStandards,4,1,A9,Plate,4,1,A9,Glu (0.01),xylose_gL,all_known,fusion_full,sklearn_plsr,"n_components=2,max_features=192",0,-0.12029524,0.12029524
MSStandards,4,1,B11,Plate,4,1,B11,Rha-Xyl (0.01),xylose_gL,all_known,fusion_full,sklearn_plsr,"n_components=2,max_features=192",0.01,0.38729586,-0.37729586
MSStandards,4,1,C2,Plate,4,1,C2,Rha (0.75),xylose_gL,all_known,fusion_full,sklearn_plsr,"n_components=2,max_features=192",0,0.39627735,-0.39627735
MSStandards,4,1,C6,Plate,4,1,C6,Glu (0.75),xylose_gL,all_known,fusion_full,sklearn_plsr,"n_components=2,max_features=192",0,0.43367442,-0.43367442
MSStandards,4,1,C7,Plate,4,1,C7,Glu (0.25),xylose_gL,all_known,fusion_full,sklearn_plsr,"n_components=2,max_features=192",0,0.43264168,-0.43264168
MSStandards,4,1,C8,Plate,4,1,C8,Glu (0.05),xylose_gL,all_known,fusion_full,sklearn_plsr,"n_components=2,max_features=192",0,0.41411273,-0.41411273
MSStandards,4,1,D3,Plate,4,1,D3,Rha (0.1),xylose_gL,all_known,fusion_full,sklearn_plsr,"n_components=2,max_features=192",0,0.36765251,-0.36765251
MSStandards,4,1,D8,Plate,4,1,D8,Glu (0.05),xylose_gL,all_known,fusion_full,sklearn_plsr,"n_components=2,max_features=192",0,0.32665004,-0.32665004
MSStandards,4,1,D9,Plate,4,1,D9,Rha-Glu (1),xylose_gL,all_known,fusion_full,sklearn_plsr,"n_components=2,max_features=192",0,0.29152378,-0.29152378
MSStandards,4,1,E3,Plate,4,1,E3,Rha (0.1),xylose_gL,all_known,fusion_full,sklearn_plsr,"n_components=2,max_features=192",0,0.4363929,-0.4363929
MSStandards,4,1,E6,Plate,4,1,E6,Glu (0.75),xylose_gL,all_known,fusion_full,sklearn_plsr,"n_components=2,max_features=192",0,0.15453883,-0.15453883
MSStandards,4,1,F1,Plate,4,1,F1,Rha (2.5),xylose_gL,all_known,fusion_full,sklearn_plsr,"n_components=2,max_features=192",0,0.31018513,-0.31018513
MSStandards,4,1,F10,Plate,4,1,F10,Rha-Xyl (1),xylose_gL,all_known,fusion_full,sklearn_plsr,"n_components=2,max_features=192",1,0.26064365,0.73935635
MSStandards,4,1,F3,Plate,4,1,F3,Rha (0.075),xylose_gL,all_known,fusion_full,sklearn_plsr,"n_components=2,max_features=192",0,0.33283597,-0.33283597
MSStandards,4,1,G1,Plate,4,1,G1,Rha (1),xylose_gL,all_known,fusion_full,sklearn_plsr,"n_components=2,max_features=192",0,0.29303401,-0.29303401
MSStandards,4,1,G10,Plate,4,1,G10,Rha-Xyl (0.1),xylose_gL,all_known,fusion_full,sklearn_plsr,"n_components=2,max_features=192",0.1,0.16685832,-0.06685832
MSStandards,4,1,G6,Plate,4,1,G6,Glu (0.5),xylose_gL,all_known,fusion_full,sklearn_plsr,"n_components=2,max_features=192",0,0.13493911,-0.13493911
MSStandards,4,1,G9,Plate,4,1,G9,Rha-Glu (0.1),xylose_gL,all_known,fusion_full,sklearn_plsr,"n_components=2,max_features=192",0,0.22606599,-0.22606599
MSStandards,4,1,H10,Plate,4,1,H10,Rha-Xyl (0.1),xylose_gL,all_known,fusion_full,sklearn_plsr,"n_components=2,max_features=192",0.1,-0.045654448,0.14565445
MSStandards,4,1,H3,Plate,4,1,H3,Rha (0.075),xylose_gL,all_known,fusion_full,sklearn_plsr,"n_components=2,max_features=192",0,0.22960746,-0.22960746
MSStandards,4,1,H5,Plate,4,1,H5,Glu (1),xylose_gL,all_known,fusion_full,sklearn_plsr,"n_components=2,max_features=192",0,0.30777813,-0.30777813
MSStandards,4,2,A4,Plate,4,2,A4,Xyl (0.05),xylose_gL,all_known,fusion_full,sklearn_plsr,"n_components=2,max_features=192",0.05,0.47061508,-0.42061508
MSStandards,4,2,A5,Plate,4,2,A5,Xyl (0.01),xylose_gL,all_known,fusion_full,sklearn_plsr,"n_components=2,max_features=192",0.01,0.41494836,-0.40494836
MSStandards,4,2,C3,Plate,4,2,C3,Xyl (0.1),xylose_gL,all_known,fusion_full,sklearn_plsr,"n_components=2,max_features=192",0.1,0.74344101,-0.64344101
MSStandards,4,2,C9,Flask,4,2,C9,Algae (blank),xylose_gL,all_known,fusion_full,sklearn_plsr,"n_components=2,max_features=192",0,0.22984041,-0.22984041
MSStandards,4,2,E2,Plate,4,2,E2,Xyl (0.5),xylose_gL,all_known,fusion_full,sklearn_plsr,"n_components=2,max_features=192",0.5,0.78330255,-0.28330255
MSStandards,4,2,E8,Plate,4,2,E8,BLANK f/2,xylose_gL,all_known,fusion_full,sklearn_plsr,"n_components=2,max_features=192",0,0.58356585,-0.58356585
MSStandards,4,2,E9,Flask,4,2,E9,Algae (blank),xylose_gL,all_known,fusion_full,sklearn_plsr,"n_components=2,max_features=192",0,0.18095258,-0.18095258
MSStandards,4,2,G1,Plate,4,2,G1,Xyl (1),xylose_gL,all_known,fusion_full,sklearn_plsr,"n_components=2,max_features=192",1,0.48542033,0.51457967
MSStandards,4,2,H2,Plate,4,2,H2,Xyl (0.25),xylose_gL,all_known,fusion_full,sklearn_plsr,"n_components=2,max_features=192",0.25,0.40863414,-0.15863414
MSStandards,4,2,H5,Plate,4,2,H5,MM f/2 (0.01),xylose_gL,all_known,fusion_full,sklearn_plsr,"n_components=2,max_features=192",0.01,0.38037785,-0.37037785
MSStandards,4,1,A2,Plate,4,1,A2,Rha (1),xylose_gL,all_known,fusion_full,sklearn_plsr,"n_components=5,max_features=192",0,1.0538247,-1.0538247
MSStandards,4,1,A4,Plate,4,1,A4,Rha (0.05),xylose_gL,all_known,fusion_full,sklearn_plsr,"n_components=5,max_features=192",0,1.0336472,-1.0336472
MSStandards,4,1,A6,Plate,4,1,A6,Glu (1),xylose_gL,all_known,fusion_full,sklearn_plsr,"n_components=5,max_features=192",0,1.1243266,-1.1243266
MSStandards,4,1,A8,Plate,4,1,A8,Glu (0.075),xylose_gL,all_known,fusion_full,sklearn_plsr,"n_components=5,max_features=192",0,0.61226144,-0.61226144
MSStandards,4,1,A9,Plate,4,1,A9,Glu (0.01),xylose_gL,all_known,fusion_full,sklearn_plsr,"n_components=5,max_features=192",0,0.32071723,-0.32071723
MSStandards,4,1,B11,Plate,4,1,B11,Rha-Xyl (0.01),xylose_gL,all_known,fusion_full,sklearn_plsr,"n_components=5,max_features=192",0.01,-0.082469527,0.092469527
MSStandards,4,1,C2,Plate,4,1,C2,Rha (0.75),xylose_gL,all_known,fusion_full,sklearn_plsr,"n_components=5,max_features=192",0,0.30382322,-0.30382322
MSStandards,4,1,C6,Plate,4,1,C6,Glu (0.75),xylose_gL,all_known,fusion_full,sklearn_plsr,"n_components=5,max_features=192",0,-0.20743464,0.20743464
MSStandards,4,1,C7,Plate,4,1,C7,Glu (0.25),xylose_gL,all_known,fusion_full,sklearn_plsr,"n_components=5,max_features=192",0,-0.14488624,0.14488624
MSStandards,4,1,C8,Plate,4,1,C8,Glu (0.05),xylose_gL,all_known,fusion_full,sklearn_plsr,"n_components=5,max_features=192",0,-0.1666491,0.1666491
MSStandards,4,1,D3,Plate,4,1,D3,Rha (0.1),xylose_gL,all_known,fusion_full,sklearn_plsr,"n_components=5,max_features=192",0,0.10107448,-0.10107448
MSStandards,4,1,D8,Plate,4,1,D8,Glu (0.05),xylose_gL,all_known,fusion_full,sklearn_plsr,"n_components=5,max_features=192",0,-0.32389868,0.32389868
MSStandards,4,1,D9,Plate,4,1,D9,Rha-Glu (1),xylose_gL,all_known,fusion_full,sklearn_plsr,"n_components=5,max_features=192",0,-0.083431289,0.083431289
MSStandards,4,1,E3,Plate,4,1,E3,Rha (0.1),xylose_gL,all_known,fusion_full,sklearn_plsr,"n_components=5,max_features=192",0,0.30146601,-0.30146601
MSStandards,4,1,E6,Plate,4,1,E6,Glu (0.75),xylose_gL,all_known,fusion_full,sklearn_plsr,"n_components=5,max_features=192",0,0.36384985,-0.36384985
MSStandards,4,1,F1,Plate,4,1,F1,Rha (2.5),xylose_gL,all_known,fusion_full,sklearn_plsr,"n_components=5,max_features=192",0,-0.084245305,0.084245305
MSStandards,4,1,F10,Plate,4,1,F10,Rha-Xyl (1),xylose_gL,all_known,fusion_full,sklearn_plsr,"n_components=5,max_features=192",1,0.7323738,0.2676262
MSStandards,4,1,F3,Plate,4,1,F3,Rha (0.075),xylose_gL,all_known,fusion_full,sklearn_plsr,"n_components=5,max_features=192",0,0.016064317,-0.016064317
MSStandards,4,1,G1,Plate,4,1,G1,Rha (1),xylose_gL,all_known,fusion_full,sklearn_plsr,"n_components=5,max_features=192",0,-0.37097658,0.37097658
MSStandards,4,1,G10,Plate,4,1,G10,Rha-Xyl (0.1),xylose_gL,all_known,fusion_full,sklearn_plsr,"n_components=5,max_features=192",0.1,0.36239525,-0.26239525
MSStandards,4,1,G6,Plate,4,1,G6,Glu (0.5),xylose_gL,all_known,fusion_full,sklearn_plsr,"n_components=5,max_features=192",0,-0.30045561,0.30045561
MSStandards,4,1,G9,Plate,4,1,G9,Rha-Glu (0.1),xylose_gL,all_known,fusion_full,sklearn_plsr,"n_components=5,max_features=192",0,0.052331595,-0.052331595
MSStandards,4,1,H10,Plate,4,1,H10,Rha-Xyl (0.1),xylose_gL,all_known,fusion_full,sklearn_plsr,"n_components=5,max_features=192",0.1,0.054579788,0.045420212
MSStandards,4,1,H3,Plate,4,1,H3,Rha (0.075),xylose_gL,all_known,fusion_full,sklearn_plsr,"n_components=5,max_features=192",0,-0.25461123,0.25461123
MSStandards,4,1,H5,Plate,4,1,H5,Glu (1),xylose_gL,all_known,fusion_full,sklearn_plsr,"n_components=5,max_features=192",0,-0.1481644,0.1481644
MSStandards,4,2,A4,Plate,4,2,A4,Xyl (0.05),xylose_gL,all_known,fusion_full,sklearn_plsr,"n_components=5,max_features=192",0.05,1.3771741,-1.3271741
MSStandards,4,2,A5,Plate,4,2,A5,Xyl (0.01),xylose_gL,all_known,fusion_full,sklearn_plsr,"n_components=5,max_features=192",0.01,1.3429076,-1.3329076
MSStandards,4,2,C3,Plate,4,2,C3,Xyl (0.1),xylose_gL,all_known,fusion_full,sklearn_plsr,"n_components=5,max_features=192",0.1,0.84696277,-0.74696277
MSStandards,4,2,C9,Flask,4,2,C9,Algae (blank),xylose_gL,all_known,fusion_full,sklearn_plsr,"n_components=5,max_features=192",0,-0.018639214,0.018639214
MSStandards,4,2,E2,Plate,4,2,E2,Xyl (0.5),xylose_gL,all_known,fusion_full,sklearn_plsr,"n_components=5,max_features=192",0.5,0.44683445,0.053165555
MSStandards,4,2,E8,Plate,4,2,E8,BLANK f/2,xylose_gL,all_known,fusion_full,sklearn_plsr,"n_components=5,max_features=192",0,0.9113204,-0.9113204
MSStandards,4,2,E9,Flask,4,2,E9,Algae (blank),xylose_gL,all_known,fusion_full,sklearn_plsr,"n_components=5,max_features=192",0,-0.15143261,0.15143261
MSStandards,4,2,G1,Plate,4,2,G1,Xyl (1),xylose_gL,all_known,fusion_full,sklearn_plsr,"n_components=5,max_features=192",1,1.0414036,-0.041403562
MSStandards,4,2,H2,Plate,4,2,H2,Xyl (0.25),xylose_gL,all_known,fusion_full,sklearn_plsr,"n_components=5,max_features=192",0.25,1.2341308,-0.9841308
MSStandards,4,2,H5,Plate,4,2,H5,MM f/2 (0.01),xylose_gL,all_known,fusion_full,sklearn_plsr,"n_components=5,max_features=192",0.01,0.99068632,-0.98068632
MSStandards,4,1,A2,Plate,4,1,A2,Rha (1),xylose_gL,all_known,fusion_full,sklearn_svr,"kernel=rbf,C=10,epsilon=0.05,max_features=192",0,-0.11918186,0.11918186
MSStandards,4,1,A4,Plate,4,1,A4,Rha (0.05),xylose_gL,all_known,fusion_full,sklearn_svr,"kernel=rbf,C=10,epsilon=0.05,max_features=192",0,0.015324212,-0.015324212
MSStandards,4,1,A6,Plate,4,1,A6,Glu (1),xylose_gL,all_known,fusion_full,sklearn_svr,"kernel=rbf,C=10,epsilon=0.05,max_features=192",0,-0.0058271995,0.0058271995
MSStandards,4,1,A8,Plate,4,1,A8,Glu (0.075),xylose_gL,all_known,fusion_full,sklearn_svr,"kernel=rbf,C=10,epsilon=0.05,max_features=192",0,-0.018948113,0.018948113
MSStandards,4,1,A9,Plate,4,1,A9,Glu (0.01),xylose_gL,all_known,fusion_full,sklearn_svr,"kernel=rbf,C=10,epsilon=0.05,max_features=192",0,-0.12854643,0.12854643
MSStandards,4,1,B11,Plate,4,1,B11,Rha-Xyl (0.01),xylose_gL,all_known,fusion_full,sklearn_svr,"kernel=rbf,C=10,epsilon=0.05,max_features=192",0.01,0.048375189,-0.038375189
MSStandards,4,1,C2,Plate,4,1,C2,Rha (0.75),xylose_gL,all_known,fusion_full,sklearn_svr,"kernel=rbf,C=10,epsilon=0.05,max_features=192",0,0.31725732,-0.31725732
MSStandards,4,1,C6,Plate,4,1,C6,Glu (0.75),xylose_gL,all_known,fusion_full,sklearn_svr,"kernel=rbf,C=10,epsilon=0.05,max_features=192",0,-0.00036466042,0.00036466042
MSStandards,4,1,C7,Plate,4,1,C7,Glu (0.25),xylose_gL,all_known,fusion_full,sklearn_svr,"kernel=rbf,C=10,epsilon=0.05,max_features=192",0,0.31973375,-0.31973375
MSStandards,4,1,C8,Plate,4,1,C8,Glu (0.05),xylose_gL,all_known,fusion_full,sklearn_svr,"kernel=rbf,C=10,epsilon=0.05,max_features=192",0,0.11018039,-0.11018039
MSStandards,4,1,D3,Plate,4,1,D3,Rha (0.1),xylose_gL,all_known,fusion_full,sklearn_svr,"kernel=rbf,C=10,epsilon=0.05,max_features=192",0,0.010093955,-0.010093955
MSStandards,4,1,D8,Plate,4,1,D8,Glu (0.05),xylose_gL,all_known,fusion_full,sklearn_svr,"kernel=rbf,C=10,epsilon=0.05,max_features=192",0,-0.12013932,0.12013932
MSStandards,4,1,D9,Plate,4,1,D9,Rha-Glu (1),xylose_gL,all_known,fusion_full,sklearn_svr,"kernel=rbf,C=10,epsilon=0.05,max_features=192",0,0.07325281,-0.07325281
MSStandards,4,1,E3,Plate,4,1,E3,Rha (0.1),xylose_gL,all_known,fusion_full,sklearn_svr,"kernel=rbf,C=10,epsilon=0.05,max_features=192",0,-0.022366587,0.022366587
MSStandards,4,1,E6,Plate,4,1,E6,Glu (0.75),xylose_gL,all_known,fusion_full,sklearn_svr,"kernel=rbf,C=10,epsilon=0.05,max_features=192",0,-0.015794313,0.015794313
MSStandards,4,1,F1,Plate,4,1,F1,Rha (2.5),xylose_gL,all_known,fusion_full,sklearn_svr,"kernel=rbf,C=10,epsilon=0.05,max_features=192",0,0.49128179,-0.49128179
MSStandards,4,1,F10,Plate,4,1,F10,Rha-Xyl (1),xylose_gL,all_known,fusion_full,sklearn_svr,"kernel=rbf,C=10,epsilon=0.05,max_features=192",1,-0.14465426,1.1446543
MSStandards,4,1,F3,Plate,4,1,F3,Rha (0.075),xylose_gL,all_known,fusion_full,sklearn_svr,"kernel=rbf,C=10,epsilon=0.05,max_features=192",0,-0.24415345,0.24415345
MSStandards,4,1,G1,Plate,4,1,G1,Rha (1),xylose_gL,all_known,fusion_full,sklearn_svr,"kernel=rbf,C=10,epsilon=0.05,max_features=192",0,0.040874451,-0.040874451
MSStandards,4,1,G10,Plate,4,1,G10,Rha-Xyl (0.1),xylose_gL,all_known,fusion_full,sklearn_svr,"kernel=rbf,C=10,epsilon=0.05,max_features=192",0.1,0.048833493,0.051166507
MSStandards,4,1,G6,Plate,4,1,G6,Glu (0.5),xylose_gL,all_known,fusion_full,sklearn_svr,"kernel=rbf,C=10,epsilon=0.05,max_features=192",0,0.20491111,-0.20491111
MSStandards,4,1,G9,Plate,4,1,G9,Rha-Glu (0.1),xylose_gL,all_known,fusion_full,sklearn_svr,"kernel=rbf,C=10,epsilon=0.05,max_features=192",0,0.28423125,-0.28423125
MSStandards,4,1,H10,Plate,4,1,H10,Rha-Xyl (0.1),xylose_gL,all_known,fusion_full,sklearn_svr,"kernel=rbf,C=10,epsilon=0.05,max_features=192",0.1,-0.40560153,0.50560153
MSStandards,4,1,H3,Plate,4,1,H3,Rha (0.075),xylose_gL,all_known,fusion_full,sklearn_svr,"kernel=rbf,C=10,epsilon=0.05,max_features=192",0,0.073732324,-0.073732324
MSStandards,4,1,H5,Plate,4,1,H5,Glu (1),xylose_gL,all_known,fusion_full,sklearn_svr,"kernel=rbf,C=10,epsilon=0.05,max_features=192",0,0.076419489,-0.076419489
MSStandards,4,2,A4,Plate,4,2,A4,Xyl (0.05),xylose_gL,all_known,fusion_full,sklearn_svr,"kernel=rbf,C=10,epsilon=0.05,max_features=192",0.05,0.53182356,-0.48182356
MSStandards,4,2,A5,Plate,4,2,A5,Xyl (0.01),xylose_gL,all_known,fusion_full,sklearn_svr,"kernel=rbf,C=10,epsilon=0.05,max_features=192",0.01,0.2468109,-0.2368109
MSStandards,4,2,C3,Plate,4,2,C3,Xyl (0.1),xylose_gL,all_known,fusion_full,sklearn_svr,"kernel=rbf,C=10,epsilon=0.05,max_features=192",0.1,0.8379668,-0.7379668
MSStandards,4,2,C9,Flask,4,2,C9,Algae (blank),xylose_gL,all_known,fusion_full,sklearn_svr,"kernel=rbf,C=10,epsilon=0.05,max_features=192",0,-0.040026792,0.040026792
MSStandards,4,2,E2,Plate,4,2,E2,Xyl (0.5),xylose_gL,all_known,fusion_full,sklearn_svr,"kernel=rbf,C=10,epsilon=0.05,max_features=192",0.5,0.2713024,0.2286976
MSStandards,4,2,E8,Plate,4,2,E8,BLANK f/2,xylose_gL,all_known,fusion_full,sklearn_svr,"kernel=rbf,C=10,epsilon=0.05,max_features=192",0,0.30616774,-0.30616774
MSStandards,4,2,E9,Flask,4,2,E9,Algae (blank),xylose_gL,all_known,fusion_full,sklearn_svr,"kernel=rbf,C=10,epsilon=0.05,max_features=192",0,-0.080390428,0.080390428
MSStandards,4,2,G1,Plate,4,2,G1,Xyl (1),xylose_gL,all_known,fusion_full,sklearn_svr,"kernel=rbf,C=10,epsilon=0.05,max_features=192",1,0.4850793,0.5149207
MSStandards,4,2,H2,Plate,4,2,H2,Xyl (0.25),xylose_gL,all_known,fusion_full,sklearn_svr,"kernel=rbf,C=10,epsilon=0.05,max_features=192",0.25,0.45421089,-0.20421089
MSStandards,4,2,H5,Plate,4,2,H5,MM f/2 (0.01),xylose_gL,all_known,fusion_full,sklearn_svr,"kernel=rbf,C=10,epsilon=0.05,max_features=192",0.01,0.24015861,-0.23015861
MSStandards,4,1,A2,Plate,4,1,A2,Rha (1),xylose_gL,all_known,fusion_full,sklearn_svr,"kernel=linear,C=1,epsilon=0.05,max_features=192",0,-0.14705873,0.14705873
MSStandards,4,1,A4,Plate,4,1,A4,Rha (0.05),xylose_gL,all_known,fusion_full,sklearn_svr,"kernel=linear,C=1,epsilon=0.05,max_features=192",0,0.95480238,-0.95480238
MSStandards,4,1,A6,Plate,4,1,A6,Glu (1),xylose_gL,all_known,fusion_full,sklearn_svr,"kernel=linear,C=1,epsilon=0.05,max_features=192",0,3.6548167,-3.6548167
MSStandards,4,1,A8,Plate,4,1,A8,Glu (0.075),xylose_gL,all_known,fusion_full,sklearn_svr,"kernel=linear,C=1,epsilon=0.05,max_features=192",0,0.47999068,-0.47999068
MSStandards,4,1,A9,Plate,4,1,A9,Glu (0.01),xylose_gL,all_known,fusion_full,sklearn_svr,"kernel=linear,C=1,epsilon=0.05,max_features=192",0,-0.171571,0.171571
MSStandards,4,1,B11,Plate,4,1,B11,Rha-Xyl (0.01),xylose_gL,all_known,fusion_full,sklearn_svr,"kernel=linear,C=1,epsilon=0.05,max_features=192",0.01,0.16429398,-0.15429398
MSStandards,4,1,C2,Plate,4,1,C2,Rha (0.75),xylose_gL,all_known,fusion_full,sklearn_svr,"kernel=linear,C=1,epsilon=0.05,max_features=192",0,0.36147845,-0.36147845
MSStandards,4,1,C6,Plate,4,1,C6,Glu (0.75),xylose_gL,all_known,fusion_full,sklearn_svr,"kernel=linear,C=1,epsilon=0.05,max_features=192",0,-0.208299,0.208299
MSStandards,4,1,C7,Plate,4,1,C7,Glu (0.25),xylose_gL,all_known,fusion_full,sklearn_svr,"kernel=linear,C=1,epsilon=0.05,max_features=192",0,-0.090504847,0.090504847
MSStandards,4,1,C8,Plate,4,1,C8,Glu (0.05),xylose_gL,all_known,fusion_full,sklearn_svr,"kernel=linear,C=1,epsilon=0.05,max_features=192",0,0.60935168,-0.60935168
MSStandards,4,1,D3,Plate,4,1,D3,Rha (0.1),xylose_gL,all_known,fusion_full,sklearn_svr,"kernel=linear,C=1,epsilon=0.05,max_features=192",0,-0.36304778,0.36304778
MSStandards,4,1,D8,Plate,4,1,D8,Glu (0.05),xylose_gL,all_known,fusion_full,sklearn_svr,"kernel=linear,C=1,epsilon=0.05,max_features=192",0,-0.59526486,0.59526486
MSStandards,4,1,D9,Plate,4,1,D9,Rha-Glu (1),xylose_gL,all_known,fusion_full,sklearn_svr,"kernel=linear,C=1,epsilon=0.05,max_features=192",0,-0.11896915,0.11896915
MSStandards,4,1,E3,Plate,4,1,E3,Rha (0.1),xylose_gL,all_known,fusion_full,sklearn_svr,"kernel=linear,C=1,epsilon=0.05,max_features=192",0,0.20858997,-0.20858997
MSStandards,4,1,E6,Plate,4,1,E6,Glu (0.75),xylose_gL,all_known,fusion_full,sklearn_svr,"kernel=linear,C=1,epsilon=0.05,max_features=192",0,1.3943514,-1.3943514
MSStandards,4,1,F1,Plate,4,1,F1,Rha (2.5),xylose_gL,all_known,fusion_full,sklearn_svr,"kernel=linear,C=1,epsilon=0.05,max_features=192",0,0.44550025,-0.44550025
MSStandards,4,1,F10,Plate,4,1,F10,Rha-Xyl (1),xylose_gL,all_known,fusion_full,sklearn_svr,"kernel=linear,C=1,epsilon=0.05,max_features=192",1,1.6783168,-0.67831679
MSStandards,4,1,F3,Plate,4,1,F3,Rha (0.075),xylose_gL,all_known,fusion_full,sklearn_svr,"kernel=linear,C=1,epsilon=0.05,max_features=192",0,-0.65556705,0.65556705
MSStandards,4,1,G1,Plate,4,1,G1,Rha (1),xylose_gL,all_known,fusion_full,sklearn_svr,"kernel=linear,C=1,epsilon=0.05,max_features=192",0,-0.63097773,0.63097773
MSStandards,4,1,G10,Plate,4,1,G10,Rha-Xyl (0.1),xylose_gL,all_known,fusion_full,sklearn_svr,"kernel=linear,C=1,epsilon=0.05,max_features=192",0.1,0.22442245,-0.12442245
MSStandards,4,1,G6,Plate,4,1,G6,Glu (0.5),xylose_gL,all_known,fusion_full,sklearn_svr,"kernel=linear,C=1,epsilon=0.05,max_features=192",0,0.65856519,-0.65856519
MSStandards,4,1,G9,Plate,4,1,G9,Rha-Glu (0.1),xylose_gL,all_known,fusion_full,sklearn_svr,"kernel=linear,C=1,epsilon=0.05,max_features=192",0,0.10819884,-0.10819884
MSStandards,4,1,H10,Plate,4,1,H10,Rha-Xyl (0.1),xylose_gL,all_known,fusion_full,sklearn_svr,"kernel=linear,C=1,epsilon=0.05,max_features=192",0.1,-0.28324668,0.38324668
MSStandards,4,1,H3,Plate,4,1,H3,Rha (0.075),xylose_gL,all_known,fusion_full,sklearn_svr,"kernel=linear,C=1,epsilon=0.05,max_features=192",0,0.0048985112,-0.0048985112
MSStandards,4,1,H5,Plate,4,1,H5,Glu (1),xylose_gL,all_known,fusion_full,sklearn_svr,"kernel=linear,C=1,epsilon=0.05,max_features=192",0,-0.20397718,0.20397718
MSStandards,4,2,A4,Plate,4,2,A4,Xyl (0.05),xylose_gL,all_known,fusion_full,sklearn_svr,"kernel=linear,C=1,epsilon=0.05,max_features=192",0.05,0.69666436,-0.64666436
MSStandards,4,2,A5,Plate,4,2,A5,Xyl (0.01),xylose_gL,all_known,fusion_full,sklearn_svr,"kernel=linear,C=1,epsilon=0.05,max_features=192",0.01,0.73409925,-0.72409925
MSStandards,4,2,C3,Plate,4,2,C3,Xyl (0.1),xylose_gL,all_known,fusion_full,sklearn_svr,"kernel=linear,C=1,epsilon=0.05,max_features=192",0.1,0.65836515,-0.55836515
MSStandards,4,2,C9,Flask,4,2,C9,Algae (blank),xylose_gL,all_known,fusion_full,sklearn_svr,"kernel=linear,C=1,epsilon=0.05,max_features=192",0,0.35651998,-0.35651998
MSStandards,4,2,E2,Plate,4,2,E2,Xyl (0.5),xylose_gL,all_known,fusion_full,sklearn_svr,"kernel=linear,C=1,epsilon=0.05,max_features=192",0.5,0.70614321,-0.20614321
MSStandards,4,2,E8,Plate,4,2,E8,BLANK f/2,xylose_gL,all_known,fusion_full,sklearn_svr,"kernel=linear,C=1,epsilon=0.05,max_features=192",0,0.51158068,-0.51158068
MSStandards,4,2,E9,Flask,4,2,E9,Algae (blank),xylose_gL,all_known,fusion_full,sklearn_svr,"kernel=linear,C=1,epsilon=0.05,max_features=192",0,1.6296368,-1.6296368
MSStandards,4,2,G1,Plate,4,2,G1,Xyl (1),xylose_gL,all_known,fusion_full,sklearn_svr,"kernel=linear,C=1,epsilon=0.05,max_features=192",1,0.14685966,0.85314034
MSStandards,4,2,H2,Plate,4,2,H2,Xyl (0.25),xylose_gL,all_known,fusion_full,sklearn_svr,"kernel=linear,C=1,epsilon=0.05,max_features=192",0.25,0.32888356,-0.078883556
MSStandards,4,2,H5,Plate,4,2,H5,MM f/2 (0.01),xylose_gL,all_known,fusion_full,sklearn_svr,"kernel=linear,C=1,epsilon=0.05,max_features=192",0.01,-0.17228462,0.18228462
MSStandards,4,1,A2,Plate,4,1,A2,Rha (1),xylose_gL,all_known,fusion_full,xgboost,"n_estimators=200,max_depth=2,learning_rate=0.05,max_features=192",0,0.1190173,-0.1190173
MSStandards,4,1,A4,Plate,4,1,A4,Rha (0.05),xylose_gL,all_known,fusion_full,xgboost,"n_estimators=200,max_depth=2,learning_rate=0.05,max_features=192",0,0.022374256,-0.022374256
MSStandards,4,1,A6,Plate,4,1,A6,Glu (1),xylose_gL,all_known,fusion_full,xgboost,"n_estimators=200,max_depth=2,learning_rate=0.05,max_features=192",0,0.31911522,-0.31911522
MSStandards,4,1,A8,Plate,4,1,A8,Glu (0.075),xylose_gL,all_known,fusion_full,xgboost,"n_estimators=200,max_depth=2,learning_rate=0.05,max_features=192",0,0.048559938,-0.048559938
MSStandards,4,1,A9,Plate,4,1,A9,Glu (0.01),xylose_gL,all_known,fusion_full,xgboost,"n_estimators=200,max_depth=2,learning_rate=0.05,max_features=192",0,0.63882697,-0.63882697
MSStandards,4,1,B11,Plate,4,1,B11,Rha-Xyl (0.01),xylose_gL,all_known,fusion_full,xgboost,"n_estimators=200,max_depth=2,learning_rate=0.05,max_features=192",0.01,0.12216423,-0.11216423
MSStandards,4,1,C2,Plate,4,1,C2,Rha (0.75),xylose_gL,all_known,fusion_full,xgboost,"n_estimators=200,max_depth=2,learning_rate=0.05,max_features=192",0,0.031268246,-0.031268246
MSStandards,4,1,C6,Plate,4,1,C6,Glu (0.75),xylose_gL,all_known,fusion_full,xgboost,"n_estimators=200,max_depth=2,learning_rate=0.05,max_features=192",0,0.028582657,-0.028582657
MSStandards,4,1,C7,Plate,4,1,C7,Glu (0.25),xylose_gL,all_known,fusion_full,xgboost,"n_estimators=200,max_depth=2,learning_rate=0.05,max_features=192",0,0.17223062,-0.17223062
MSStandards,4,1,C8,Plate,4,1,C8,Glu (0.05),xylose_gL,all_known,fusion_full,xgboost,"n_estimators=200,max_depth=2,learning_rate=0.05,max_features=192",0,0.14981037,-0.14981037
MSStandards,4,1,D3,Plate,4,1,D3,Rha (0.1),xylose_gL,all_known,fusion_full,xgboost,"n_estimators=200,max_depth=2,learning_rate=0.05,max_features=192",0,0.10983106,-0.10983106
MSStandards,4,1,D8,Plate,4,1,D8,Glu (0.05),xylose_gL,all_known,fusion_full,xgboost,"n_estimators=200,max_depth=2,learning_rate=0.05,max_features=192",0,-0.024150284,0.024150284
MSStandards,4,1,D9,Plate,4,1,D9,Rha-Glu (1),xylose_gL,all_known,fusion_full,xgboost,"n_estimators=200,max_depth=2,learning_rate=0.05,max_features=192",0,0.011869265,-0.011869265
MSStandards,4,1,E3,Plate,4,1,E3,Rha (0.1),xylose_gL,all_known,fusion_full,xgboost,"n_estimators=200,max_depth=2,learning_rate=0.05,max_features=192",0,-0.046347532,0.046347532
MSStandards,4,1,E6,Plate,4,1,E6,Glu (0.75),xylose_gL,all_known,fusion_full,xgboost,"n_estimators=200,max_depth=2,learning_rate=0.05,max_features=192",0,0.42244932,-0.42244932
MSStandards,4,1,F1,Plate,4,1,F1,Rha (2.5),xylose_gL,all_known,fusion_full,xgboost,"n_estimators=200,max_depth=2,learning_rate=0.05,max_features=192",0,0.12539247,-0.12539247
MSStandards,4,1,F10,Plate,4,1,F10,Rha-Xyl (1),xylose_gL,all_known,fusion_full,xgboost,"n_estimators=200,max_depth=2,learning_rate=0.05,max_features=192",1,0.24143824,0.75856176
MSStandards,4,1,F3,Plate,4,1,F3,Rha (0.075),xylose_gL,all_known,fusion_full,xgboost,"n_estimators=200,max_depth=2,learning_rate=0.05,max_features=192",0,0.067778371,-0.067778371
MSStandards,4,1,G1,Plate,4,1,G1,Rha (1),xylose_gL,all_known,fusion_full,xgboost,"n_estimators=200,max_depth=2,learning_rate=0.05,max_features=192",0,0.44927445,-0.44927445
MSStandards,4,1,G10,Plate,4,1,G10,Rha-Xyl (0.1),xylose_gL,all_known,fusion_full,xgboost,"n_estimators=200,max_depth=2,learning_rate=0.05,max_features=192",0.1,0.022784602,0.077215398
MSStandards,4,1,G6,Plate,4,1,G6,Glu (0.5),xylose_gL,all_known,fusion_full,xgboost,"n_estimators=200,max_depth=2,learning_rate=0.05,max_features=192",0,-0.058913019,0.058913019
MSStandards,4,1,G9,Plate,4,1,G9,Rha-Glu (0.1),xylose_gL,all_known,fusion_full,xgboost,"n_estimators=200,max_depth=2,learning_rate=0.05,max_features=192",0,0.66947186,-0.66947186
MSStandards,4,1,H10,Plate,4,1,H10,Rha-Xyl (0.1),xylose_gL,all_known,fusion_full,xgboost,"n_estimators=200,max_depth=2,learning_rate=0.05,max_features=192",0.1,0.035849717,0.064150283
MSStandards,4,1,H3,Plate,4,1,H3,Rha (0.075),xylose_gL,all_known,fusion_full,xgboost,"n_estimators=200,max_depth=2,learning_rate=0.05,max_features=192",0,0.062683396,-0.062683396
MSStandards,4,1,H5,Plate,4,1,H5,Glu (1),xylose_gL,all_known,fusion_full,xgboost,"n_estimators=200,max_depth=2,learning_rate=0.05,max_features=192",0,-0.020421626,0.020421626
MSStandards,4,2,A4,Plate,4,2,A4,Xyl (0.05),xylose_gL,all_known,fusion_full,xgboost,"n_estimators=200,max_depth=2,learning_rate=0.05,max_features=192",0.05,1.3330415,-1.2830415
MSStandards,4,2,A5,Plate,4,2,A5,Xyl (0.01),xylose_gL,all_known,fusion_full,xgboost,"n_estimators=200,max_depth=2,learning_rate=0.05,max_features=192",0.01,0.90199369,-0.89199369
MSStandards,4,2,C3,Plate,4,2,C3,Xyl (0.1),xylose_gL,all_known,fusion_full,xgboost,"n_estimators=200,max_depth=2,learning_rate=0.05,max_features=192",0.1,0.66304064,-0.56304064
MSStandards,4,2,C9,Flask,4,2,C9,Algae (blank),xylose_gL,all_known,fusion_full,xgboost,"n_estimators=200,max_depth=2,learning_rate=0.05,max_features=192",0,0.173987,-0.173987
MSStandards,4,2,E2,Plate,4,2,E2,Xyl (0.5),xylose_gL,all_known,fusion_full,xgboost,"n_estimators=200,max_depth=2,learning_rate=0.05,max_features=192",0.5,0.40903381,0.090966195
MSStandards,4,2,E8,Plate,4,2,E8,BLANK f/2,xylose_gL,all_known,fusion_full,xgboost,"n_estimators=200,max_depth=2,learning_rate=0.05,max_features=192",0,0.49100524,-0.49100524
MSStandards,4,2,E9,Flask,4,2,E9,Algae (blank),xylose_gL,all_known,fusion_full,xgboost,"n_estimators=200,max_depth=2,learning_rate=0.05,max_features=192",0,0.21958329,-0.21958329
MSStandards,4,2,G1,Plate,4,2,G1,Xyl (1),xylose_gL,all_known,fusion_full,xgboost,"n_estimators=200,max_depth=2,learning_rate=0.05,max_features=192",1,1.2037251,-0.2037251
MSStandards,4,2,H2,Plate,4,2,H2,Xyl (0.25),xylose_gL,all_known,fusion_full,xgboost,"n_estimators=200,max_depth=2,learning_rate=0.05,max_features=192",0.25,0.69734049,-0.44734049
MSStandards,4,2,H5,Plate,4,2,H5,MM f/2 (0.01),xylose_gL,all_known,fusion_full,xgboost,"n_estimators=200,max_depth=2,learning_rate=0.05,max_features=192",0.01,0.07300473,-0.06300473
MSStandards,4,1,A2,Plate,4,1,A2,Rha (1),glucose_gL,all_known,fusion_full,sklearn_plsr,"n_components=2,max_features=192",0,0.14669984,-0.14669984
MSStandards,4,1,A4,Plate,4,1,A4,Rha (0.05),glucose_gL,all_known,fusion_full,sklearn_plsr,"n_components=2,max_features=192",0,0.33645782,-0.33645782
MSStandards,4,1,A6,Plate,4,1,A6,Glu (1),glucose_gL,all_known,fusion_full,sklearn_plsr,"n_components=2,max_features=192",1,-0.58899775,1.5889977
MSStandards,4,1,A8,Plate,4,1,A8,Glu (0.075),glucose_gL,all_known,fusion_full,sklearn_plsr,"n_components=2,max_features=192",0.075,0.19255374,-0.11755374
MSStandards,4,1,A9,Plate,4,1,A9,Glu (0.01),glucose_gL,all_known,fusion_full,sklearn_plsr,"n_components=2,max_features=192",0.01,-0.15443026,0.16443026
MSStandards,4,1,B11,Plate,4,1,B11,Rha-Xyl (0.01),glucose_gL,all_known,fusion_full,sklearn_plsr,"n_components=2,max_features=192",0,0.51599248,-0.51599248
MSStandards,4,1,C2,Plate,4,1,C2,Rha (0.75),glucose_gL,all_known,fusion_full,sklearn_plsr,"n_components=2,max_features=192",0,0.76031567,-0.76031567
MSStandards,4,1,C6,Plate,4,1,C6,Glu (0.75),glucose_gL,all_known,fusion_full,sklearn_plsr,"n_components=2,max_features=192",0.75,0.56253249,0.18746751
MSStandards,4,1,C7,Plate,4,1,C7,Glu (0.25),glucose_gL,all_known,fusion_full,sklearn_plsr,"n_components=2,max_features=192",0.25,0.60965618,-0.35965618
MSStandards,4,1,C8,Plate,4,1,C8,Glu (0.05),glucose_gL,all_known,fusion_full,sklearn_plsr,"n_components=2,max_features=192",0.05,0.74951606,-0.69951606
MSStandards,4,1,D3,Plate,4,1,D3,Rha (0.1),glucose_gL,all_known,fusion_full,sklearn_plsr,"n_components=2,max_features=192",0,0.82636416,-0.82636416
MSStandards,4,1,D8,Plate,4,1,D8,Glu (0.05),glucose_gL,all_known,fusion_full,sklearn_plsr,"n_components=2,max_features=192",0.05,0.51418784,-0.46418784
MSStandards,4,1,D9,Plate,4,1,D9,Rha-Glu (1),glucose_gL,all_known,fusion_full,sklearn_plsr,"n_components=2,max_features=192",1,0.18034839,0.81965161
MSStandards,4,1,E3,Plate,4,1,E3,Rha (0.1),glucose_gL,all_known,fusion_full,sklearn_plsr,"n_components=2,max_features=192",0,0.73515962,-0.73515962
MSStandards,4,1,E6,Plate,4,1,E6,Glu (0.75),glucose_gL,all_known,fusion_full,sklearn_plsr,"n_components=2,max_features=192",0.75,0.44865691,0.30134309
MSStandards,4,1,F1,Plate,4,1,F1,Rha (2.5),glucose_gL,all_known,fusion_full,sklearn_plsr,"n_components=2,max_features=192",0,0.080011719,-0.080011719
MSStandards,4,1,F10,Plate,4,1,F10,Rha-Xyl (1),glucose_gL,all_known,fusion_full,sklearn_plsr,"n_components=2,max_features=192",0,-0.54776652,0.54776652
MSStandards,4,1,F3,Plate,4,1,F3,Rha (0.075),glucose_gL,all_known,fusion_full,sklearn_plsr,"n_components=2,max_features=192",0,0.91934139,-0.91934139
MSStandards,4,1,G1,Plate,4,1,G1,Rha (1),glucose_gL,all_known,fusion_full,sklearn_plsr,"n_components=2,max_features=192",0,0.068596002,-0.068596002
MSStandards,4,1,G10,Plate,4,1,G10,Rha-Xyl (0.1),glucose_gL,all_known,fusion_full,sklearn_plsr,"n_components=2,max_features=192",0,0.62924446,-0.62924446
MSStandards,4,1,G6,Plate,4,1,G6,Glu (0.5),glucose_gL,all_known,fusion_full,sklearn_plsr,"n_components=2,max_features=192",0.5,0.38096913,0.11903087
MSStandards,4,1,G9,Plate,4,1,G9,Rha-Glu (0.1),glucose_gL,all_known,fusion_full,sklearn_plsr,"n_components=2,max_features=192",0.1,0.46759362,-0.36759362
MSStandards,4,1,H10,Plate,4,1,H10,Rha-Xyl (0.1),glucose_gL,all_known,fusion_full,sklearn_plsr,"n_components=2,max_features=192",0,-0.049450102,0.049450102
MSStandards,4,1,H3,Plate,4,1,H3,Rha (0.075),glucose_gL,all_known,fusion_full,sklearn_plsr,"n_components=2,max_features=192",0,0.20797011,-0.20797011
MSStandards,4,1,H5,Plate,4,1,H5,Glu (1),glucose_gL,all_known,fusion_full,sklearn_plsr,"n_components=2,max_features=192",1,0.054298114,0.94570189
MSStandards,4,2,A4,Plate,4,2,A4,Xyl (0.05),glucose_gL,all_known,fusion_full,sklearn_plsr,"n_components=2,max_features=192",0,0.41828965,-0.41828965
MSStandards,4,2,A5,Plate,4,2,A5,Xyl (0.01),glucose_gL,all_known,fusion_full,sklearn_plsr,"n_components=2,max_features=192",0,0.35703436,-0.35703436
MSStandards,4,2,C3,Plate,4,2,C3,Xyl (0.1),glucose_gL,all_known,fusion_full,sklearn_plsr,"n_components=2,max_features=192",0,0.39074331,-0.39074331
MSStandards,4,2,C9,Flask,4,2,C9,Algae (blank),glucose_gL,all_known,fusion_full,sklearn_plsr,"n_components=2,max_features=192",0,0.37904501,-0.37904501
MSStandards,4,2,E2,Plate,4,2,E2,Xyl (0.5),glucose_gL,all_known,fusion_full,sklearn_plsr,"n_components=2,max_features=192",0,0.19020368,-0.19020368
MSStandards,4,2,E8,Plate,4,2,E8,BLANK f/2,glucose_gL,all_known,fusion_full,sklearn_plsr,"n_components=2,max_features=192",0,0.33203941,-0.33203941
MSStandards,4,2,E9,Flask,4,2,E9,Algae (blank),glucose_gL,all_known,fusion_full,sklearn_plsr,"n_components=2,max_features=192",0,0.55620228,-0.55620228
MSStandards,4,2,G1,Plate,4,2,G1,Xyl (1),glucose_gL,all_known,fusion_full,sklearn_plsr,"n_components=2,max_features=192",0,0.25532228,-0.25532228
MSStandards,4,2,H2,Plate,4,2,H2,Xyl (0.25),glucose_gL,all_known,fusion_full,sklearn_plsr,"n_components=2,max_features=192",0,0.13509129,-0.13509129
MSStandards,4,2,H5,Plate,4,2,H5,MM f/2 (0.01),glucose_gL,all_known,fusion_full,sklearn_plsr,"n_components=2,max_features=192",0.01,0.069291778,-0.059291778
MSStandards,4,1,A2,Plate,4,1,A2,Rha (1),glucose_gL,all_known,fusion_full,sklearn_plsr,"n_components=5,max_features=192",0,0.19858762,-0.19858762
MSStandards,4,1,A4,Plate,4,1,A4,Rha (0.05),glucose_gL,all_known,fusion_full,sklearn_plsr,"n_components=5,max_features=192",0,0.30335798,-0.30335798
MSStandards,4,1,A6,Plate,4,1,A6,Glu (1),glucose_gL,all_known,fusion_full,sklearn_plsr,"n_components=5,max_features=192",1,-0.95649385,1.9564939
MSStandards,4,1,A8,Plate,4,1,A8,Glu (0.075),glucose_gL,all_known,fusion_full,sklearn_plsr,"n_components=5,max_features=192",0.075,0.13737589,-0.06237589
MSStandards,4,1,A9,Plate,4,1,A9,Glu (0.01),glucose_gL,all_known,fusion_full,sklearn_plsr,"n_components=5,max_features=192",0.01,-0.42347629,0.43347629
MSStandards,4,1,B11,Plate,4,1,B11,Rha-Xyl (0.01),glucose_gL,all_known,fusion_full,sklearn_plsr,"n_components=5,max_features=192",0,0.53256386,-0.53256386
MSStandards,4,1,C2,Plate,4,1,C2,Rha (0.75),glucose_gL,all_known,fusion_full,sklearn_plsr,"n_components=5,max_features=192",0,0.71432088,-0.71432088
MSStandards,4,1,C6,Plate,4,1,C6,Glu (0.75),glucose_gL,all_known,fusion_full,sklearn_plsr,"n_components=5,max_features=192",0.75,0.60648321,0.14351679
MSStandards,4,1,C7,Plate,4,1,C7,Glu (0.25),glucose_gL,all_known,fusion_full,sklearn_plsr,"n_components=5,max_features=192",0.25,0.61871488,-0.36871488
MSStandards,4,1,C8,Plate,4,1,C8,Glu (0.05),glucose_gL,all_known,fusion_full,sklearn_plsr,"n_components=5,max_features=192",0.05,0.7217147,-0.6717147
MSStandards,4,1,D3,Plate,4,1,D3,Rha (0.1),glucose_gL,all_known,fusion_full,sklearn_plsr,"n_components=5,max_features=192",0,0.79301551,-0.79301551
MSStandards,4,1,D8,Plate,4,1,D8,Glu (0.05),glucose_gL,all_known,fusion_full,sklearn_plsr,"n_components=5,max_features=192",0.05,0.4845765,-0.4345765
MSStandards,4,1,D9,Plate,4,1,D9,Rha-Glu (1),glucose_gL,all_known,fusion_full,sklearn_plsr,"n_components=5,max_features=192",1,0.21267729,0.78732271
MSStandards,4,1,E3,Plate,4,1,E3,Rha (0.1),glucose_gL,all_known,fusion_full,sklearn_plsr,"n_components=5,max_features=192",0,0.85138514,-0.85138514
MSStandards,4,1,E6,Plate,4,1,E6,Glu (0.75),glucose_gL,all_known,fusion_full,sklearn_plsr,"n_components=5,max_features=192",0.75,0.56859099,0.18140901
MSStandards,4,1,F1,Plate,4,1,F1,Rha (2.5),glucose_gL,all_known,fusion_full,sklearn_plsr,"n_components=5,max_features=192",0,0.061289771,-0.061289771
MSStandards,4,1,F10,Plate,4,1,F10,Rha-Xyl (1),glucose_gL,all_known,fusion_full,sklearn_plsr,"n_components=5,max_features=192",0,0.29724094,-0.29724094
MSStandards,4,1,F3,Plate,4,1,F3,Rha (0.075),glucose_gL,all_known,fusion_full,sklearn_plsr,"n_components=5,max_features=192",0,0.95941285,-0.95941285
MSStandards,4,1,G1,Plate,4,1,G1,Rha (1),glucose_gL,all_known,fusion_full,sklearn_plsr,"n_components=5,max_features=192",0,0.088728392,-0.088728392
MSStandards,4,1,G10,Plate,4,1,G10,Rha-Xyl (0.1),glucose_gL,all_known,fusion_full,sklearn_plsr,"n_components=5,max_features=192",0,0.74305068,-0.74305068
MSStandards,4,1,G6,Plate,4,1,G6,Glu (0.5),glucose_gL,all_known,fusion_full,sklearn_plsr,"n_components=5,max_features=192",0.5,0.45139606,0.048603942
MSStandards,4,1,G9,Plate,4,1,G9,Rha-Glu (0.1),glucose_gL,all_known,fusion_full,sklearn_plsr,"n_components=5,max_features=192",0.1,0.54272761,-0.44272761
MSStandards,4,1,H10,Plate,4,1,H10,Rha-Xyl (0.1),glucose_gL,all_known,fusion_full,sklearn_plsr,"n_components=5,max_features=192",0,-0.060061105,0.060061105
MSStandards,4,1,H3,Plate,4,1,H3,Rha (0.075),glucose_gL,all_known,fusion_full,sklearn_plsr,"n_components=5,max_features=192",0,0.20499809,-0.20499809
MSStandards,4,1,H5,Plate,4,1,H5,Glu (1),glucose_gL,all_known,fusion_full,sklearn_plsr,"n_components=5,max_features=192",1,0.21139096,0.78860904
MSStandards,4,2,A4,Plate,4,2,A4,Xyl (0.05),glucose_gL,all_known,fusion_full,sklearn_plsr,"n_components=5,max_features=192",0,0.33971108,-0.33971108
MSStandards,4,2,A5,Plate,4,2,A5,Xyl (0.01),glucose_gL,all_known,fusion_full,sklearn_plsr,"n_components=5,max_features=192",0,0.28188155,-0.28188155
MSStandards,4,2,C3,Plate,4,2,C3,Xyl (0.1),glucose_gL,all_known,fusion_full,sklearn_plsr,"n_components=5,max_features=192",0,0.14749576,-0.14749576
MSStandards,4,2,C9,Flask,4,2,C9,Algae (blank),glucose_gL,all_known,fusion_full,sklearn_plsr,"n_components=5,max_features=192",0,0.28913959,-0.28913959
MSStandards,4,2,E2,Plate,4,2,E2,Xyl (0.5),glucose_gL,all_known,fusion_full,sklearn_plsr,"n_components=5,max_features=192",0,0.00051733196,-0.00051733196
MSStandards,4,2,E8,Plate,4,2,E8,BLANK f/2,glucose_gL,all_known,fusion_full,sklearn_plsr,"n_components=5,max_features=192",0,0.024076795,-0.024076795
MSStandards,4,2,E9,Flask,4,2,E9,Algae (blank),glucose_gL,all_known,fusion_full,sklearn_plsr,"n_components=5,max_features=192",0,0.59157624,-0.59157624
MSStandards,4,2,G1,Plate,4,2,G1,Xyl (1),glucose_gL,all_known,fusion_full,sklearn_plsr,"n_components=5,max_features=192",0,0.16011017,-0.16011017
MSStandards,4,2,H2,Plate,4,2,H2,Xyl (0.25),glucose_gL,all_known,fusion_full,sklearn_plsr,"n_components=5,max_features=192",0,0.19553037,-0.19553037
MSStandards,4,2,H5,Plate,4,2,H5,MM f/2 (0.01),glucose_gL,all_known,fusion_full,sklearn_plsr,"n_components=5,max_features=192",0.01,0.062288706,-0.052288706
MSStandards,4,1,A2,Plate,4,1,A2,Rha (1),glucose_gL,all_known,fusion_full,sklearn_svr,"kernel=rbf,C=10,epsilon=0.05,max_features=192",0,0.1999364,-0.1999364
MSStandards,4,1,A4,Plate,4,1,A4,Rha (0.05),glucose_gL,all_known,fusion_full,sklearn_svr,"kernel=rbf,C=10,epsilon=0.05,max_features=192",0,0.014266001,-0.014266001
MSStandards,4,1,A6,Plate,4,1,A6,Glu (1),glucose_gL,all_known,fusion_full,sklearn_svr,"kernel=rbf,C=10,epsilon=0.05,max_features=192",1,0.25615072,0.74384928
MSStandards,4,1,A8,Plate,4,1,A8,Glu (0.075),glucose_gL,all_known,fusion_full,sklearn_svr,"kernel=rbf,C=10,epsilon=0.05,max_features=192",0.075,0.10588673,-0.030886729
MSStandards,4,1,A9,Plate,4,1,A9,Glu (0.01),glucose_gL,all_known,fusion_full,sklearn_svr,"kernel=rbf,C=10,epsilon=0.05,max_features=192",0.01,0.17461042,-0.16461042
MSStandards,4,1,B11,Plate,4,1,B11,Rha-Xyl (0.01),glucose_gL,all_known,fusion_full,sklearn_svr,"kernel=rbf,C=10,epsilon=0.05,max_features=192",0,0.16770894,-0.16770894
MSStandards,4,1,C2,Plate,4,1,C2,Rha (0.75),glucose_gL,all_known,fusion_full,sklearn_svr,"kernel=rbf,C=10,epsilon=0.05,max_features=192",0,0.22376496,-0.22376496
MSStandards,4,1,C6,Plate,4,1,C6,Glu (0.75),glucose_gL,all_known,fusion_full,sklearn_svr,"kernel=rbf,C=10,epsilon=0.05,max_features=192",0.75,0.49188629,0.25811371
MSStandards,4,1,C7,Plate,4,1,C7,Glu (0.25),glucose_gL,all_known,fusion_full,sklearn_svr,"kernel=rbf,C=10,epsilon=0.05,max_features=192",0.25,0.32814329,-0.078143291
MSStandards,4,1,C8,Plate,4,1,C8,Glu (0.05),glucose_gL,all_known,fusion_full,sklearn_svr,"kernel=rbf,C=10,epsilon=0.05,max_features=192",0.05,0.66122202,-0.61122202
MSStandards,4,1,D3,Plate,4,1,D3,Rha (0.1),glucose_gL,all_known,fusion_full,sklearn_svr,"kernel=rbf,C=10,epsilon=0.05,max_features=192",0,0.42014765,-0.42014765
MSStandards,4,1,D8,Plate,4,1,D8,Glu (0.05),glucose_gL,all_known,fusion_full,sklearn_svr,"kernel=rbf,C=10,epsilon=0.05,max_features=192",0.05,0.29301366,-0.24301366
MSStandards,4,1,D9,Plate,4,1,D9,Rha-Glu (1),glucose_gL,all_known,fusion_full,sklearn_svr,"kernel=rbf,C=10,epsilon=0.05,max_features=192",1,-0.23048232,1.2304823
MSStandards,4,1,E3,Plate,4,1,E3,Rha (0.1),glucose_gL,all_known,fusion_full,sklearn_svr,"kernel=rbf,C=10,epsilon=0.05,max_features=192",0,-0.10861187,0.10861187
MSStandards,4,1,E6,Plate,4,1,E6,Glu (0.75),glucose_gL,all_known,fusion_full,sklearn_svr,"kernel=rbf,C=10,epsilon=0.05,max_features=192",0.75,-0.10296885,0.85296885
MSStandards,4,1,F1,Plate,4,1,F1,Rha (2.5),glucose_gL,all_known,fusion_full,sklearn_svr,"kernel=rbf,C=10,epsilon=0.05,max_features=192",0,0.067795312,-0.067795312
MSStandards,4,1,F10,Plate,4,1,F10,Rha-Xyl (1),glucose_gL,all_known,fusion_full,sklearn_svr,"kernel=rbf,C=10,epsilon=0.05,max_features=192",0,0.17203879,-0.17203879
MSStandards,4,1,F3,Plate,4,1,F3,Rha (0.075),glucose_gL,all_known,fusion_full,sklearn_svr,"kernel=rbf,C=10,epsilon=0.05,max_features=192",0,0.58880393,-0.58880393
MSStandards,4,1,G1,Plate,4,1,G1,Rha (1),glucose_gL,all_known,fusion_full,sklearn_svr,"kernel=rbf,C=10,epsilon=0.05,max_features=192",0,-0.034541,0.034541
MSStandards,4,1,G10,Plate,4,1,G10,Rha-Xyl (0.1),glucose_gL,all_known,fusion_full,sklearn_svr,"kernel=rbf,C=10,epsilon=0.05,max_features=192",0,-0.034040268,0.034040268
MSStandards,4,1,G6,Plate,4,1,G6,Glu (0.5),glucose_gL,all_known,fusion_full,sklearn_svr,"kernel=rbf,C=10,epsilon=0.05,max_features=192",0.5,-0.21714882,0.71714882
MSStandards,4,1,G9,Plate,4,1,G9,Rha-Glu (0.1),glucose_gL,all_known,fusion_full,sklearn_svr,"kernel=rbf,C=10,epsilon=0.05,max_features=192",0.1,-0.38217752,0.48217752
MSStandards,4,1,H10,Plate,4,1,H10,Rha-Xyl (0.1),glucose_gL,all_known,fusion_full,sklearn_svr,"kernel=rbf,C=10,epsilon=0.05,max_features=192",0,0.23656526,-0.23656526
MSStandards,4,1,H3,Plate,4,1,H3,Rha (0.075),glucose_gL,all_known,fusion_full,sklearn_svr,"kernel=rbf,C=10,epsilon=0.05,max_features=192",0,-0.24428182,0.24428182
MSStandards,4,1,H5,Plate,4,1,H5,Glu (1),glucose_gL,all_known,fusion_full,sklearn_svr,"kernel=rbf,C=10,epsilon=0.05,max_features=192",1,0.064515048,0.93548495
MSStandards,4,2,A4,Plate,4,2,A4,Xyl (0.05),glucose_gL,all_known,fusion_full,sklearn_svr,"kernel=rbf,C=10,epsilon=0.05,max_features=192",0,0.13615527,-0.13615527
MSStandards,4,2,A5,Plate,4,2,A5,Xyl (0.01),glucose_gL,all_known,fusion_full,sklearn_svr,"kernel=rbf,C=10,epsilon=0.05,max_features=192",0,0.10128648,-0.10128648
MSStandards,4,2,C3,Plate,4,2,C3,Xyl (0.1),glucose_gL,all_known,fusion_full,sklearn_svr,"kernel=rbf,C=10,epsilon=0.05,max_features=192",0,0.24921743,-0.24921743
MSStandards,4,2,C9,Flask,4,2,C9,Algae (blank),glucose_gL,all_known,fusion_full,sklearn_svr,"kernel=rbf,C=10,epsilon=0.05,max_features=192",0,0.02392986,-0.02392986
MSStandards,4,2,E2,Plate,4,2,E2,Xyl (0.5),glucose_gL,all_known,fusion_full,sklearn_svr,"kernel=rbf,C=10,epsilon=0.05,max_features=192",0,0.12552858,-0.12552858
MSStandards,4,2,E8,Plate,4,2,E8,BLANK f/2,glucose_gL,all_known,fusion_full,sklearn_svr,"kernel=rbf,C=10,epsilon=0.05,max_features=192",0,-0.033665239,0.033665239
MSStandards,4,2,E9,Flask,4,2,E9,Algae (blank),glucose_gL,all_known,fusion_full,sklearn_svr,"kernel=rbf,C=10,epsilon=0.05,max_features=192",0,-0.030524519,0.030524519
MSStandards,4,2,G1,Plate,4,2,G1,Xyl (1),glucose_gL,all_known,fusion_full,sklearn_svr,"kernel=rbf,C=10,epsilon=0.05,max_features=192",0,0.023480339,-0.023480339
MSStandards,4,2,H2,Plate,4,2,H2,Xyl (0.25),glucose_gL,all_known,fusion_full,sklearn_svr,"kernel=rbf,C=10,epsilon=0.05,max_features=192",0,0.050439929,-0.050439929
MSStandards,4,2,H5,Plate,4,2,H5,MM f/2 (0.01),glucose_gL,all_known,fusion_full,sklearn_svr,"kernel=rbf,C=10,epsilon=0.05,max_features=192",0.01,0.09341659,-0.08341659
MSStandards,4,1,A2,Plate,4,1,A2,Rha (1),glucose_gL,all_known,fusion_full,sklearn_svr,"kernel=linear,C=1,epsilon=0.05,max_features=192",0,-0.032954273,0.032954273
MSStandards,4,1,A4,Plate,4,1,A4,Rha (0.05),glucose_gL,all_known,fusion_full,sklearn_svr,"kernel=linear,C=1,epsilon=0.05,max_features=192",0,-0.33671378,0.33671378
MSStandards,4,1,A6,Plate,4,1,A6,Glu (1),glucose_gL,all_known,fusion_full,sklearn_svr,"kernel=linear,C=1,epsilon=0.05,max_features=192",1,-0.10943861,1.1094386
MSStandards,4,1,A8,Plate,4,1,A8,Glu (0.075),glucose_gL,all_known,fusion_full,sklearn_svr,"kernel=linear,C=1,epsilon=0.05,max_features=192",0.075,-0.29236316,0.36736316
MSStandards,4,1,A9,Plate,4,1,A9,Glu (0.01),glucose_gL,all_known,fusion_full,sklearn_svr,"kernel=linear,C=1,epsilon=0.05,max_features=192",0.01,-0.58772011,0.59772011
MSStandards,4,1,B11,Plate,4,1,B11,Rha-Xyl (0.01),glucose_gL,all_known,fusion_full,sklearn_svr,"kernel=linear,C=1,epsilon=0.05,max_features=192",0,0.12001638,-0.12001638
MSStandards,4,1,C2,Plate,4,1,C2,Rha (0.75),glucose_gL,all_known,fusion_full,sklearn_svr,"kernel=linear,C=1,epsilon=0.05,max_features=192",0,0.19800446,-0.19800446
MSStandards,4,1,C6,Plate,4,1,C6,Glu (0.75),glucose_gL,all_known,fusion_full,sklearn_svr,"kernel=linear,C=1,epsilon=0.05,max_features=192",0.75,-0.3140062,1.0640062
MSStandards,4,1,C7,Plate,4,1,C7,Glu (0.25),glucose_gL,all_known,fusion_full,sklearn_svr,"kernel=linear,C=1,epsilon=0.05,max_features=192",0.25,0.027435561,0.22256444
MSStandards,4,1,C8,Plate,4,1,C8,Glu (0.05),glucose_gL,all_known,fusion_full,sklearn_svr,"kernel=linear,C=1,epsilon=0.05,max_features=192",0.05,-0.094824893,0.14482489
MSStandards,4,1,D3,Plate,4,1,D3,Rha (0.1),glucose_gL,all_known,fusion_full,sklearn_svr,"kernel=linear,C=1,epsilon=0.05,max_features=192",0,-0.022371424,0.022371424
MSStandards,4,1,D8,Plate,4,1,D8,Glu (0.05),glucose_gL,all_known,fusion_full,sklearn_svr,"kernel=linear,C=1,epsilon=0.05,max_features=192",0.05,0.13856696,-0.08856696
MSStandards,4,1,D9,Plate,4,1,D9,Rha-Glu (1),glucose_gL,all_known,fusion_full,sklearn_svr,"kernel=linear,C=1,epsilon=0.05,max_features=192",1,-0.12269979,1.1226998
MSStandards,4,1,E3,Plate,4,1,E3,Rha (0.1),glucose_gL,all_known,fusion_full,sklearn_svr,"kernel=linear,C=1,epsilon=0.05,max_features=192",0,0.54021824,-0.54021824
MSStandards,4,1,E6,Plate,4,1,E6,Glu (0.75),glucose_gL,all_known,fusion_full,sklearn_svr,"kernel=linear,C=1,epsilon=0.05,max_features=192",0.75,-0.30385362,1.0538536
MSStandards,4,1,F1,Plate,4,1,F1,Rha (2.5),glucose_gL,all_known,fusion_full,sklearn_svr,"kernel=linear,C=1,epsilon=0.05,max_features=192",0,0.33652652,-0.33652652
MSStandards,4,1,F10,Plate,4,1,F10,Rha-Xyl (1),glucose_gL,all_known,fusion_full,sklearn_svr,"kernel=linear,C=1,epsilon=0.05,max_features=192",0,-0.2472082,0.2472082
MSStandards,4,1,F3,Plate,4,1,F3,Rha (0.075),glucose_gL,all_known,fusion_full,sklearn_svr,"kernel=linear,C=1,epsilon=0.05,max_features=192",0,-0.29249634,0.29249634
MSStandards,4,1,G1,Plate,4,1,G1,Rha (1),glucose_gL,all_known,fusion_full,sklearn_svr,"kernel=linear,C=1,epsilon=0.05,max_features=192",0,-0.1726311,0.1726311
MSStandards,4,1,G10,Plate,4,1,G10,Rha-Xyl (0.1),glucose_gL,all_known,fusion_full,sklearn_svr,"kernel=linear,C=1,epsilon=0.05,max_features=192",0,0.77410043,-0.77410043
MSStandards,4,1,G6,Plate,4,1,G6,Glu (0.5),glucose_gL,all_known,fusion_full,sklearn_svr,"kernel=linear,C=1,epsilon=0.05,max_features=192",0.5,0.60352863,-0.10352863
MSStandards,4,1,G9,Plate,4,1,G9,Rha-Glu (0.1),glucose_gL,all_known,fusion_full,sklearn_svr,"kernel=linear,C=1,epsilon=0.05,max_features=192",0.1,-0.57474342,0.67474342
MSStandards,4,1,H10,Plate,4,1,H10,Rha-Xyl (0.1),glucose_gL,all_known,fusion_full,sklearn_svr,"kernel=linear,C=1,epsilon=0.05,max_features=192",0,-1.0387854,1.0387854
MSStandards,4,1,H3,Plate,4,1,H3,Rha (0.075),glucose_gL,all_known,fusion_full,sklearn_svr,"kernel=linear,C=1,epsilon=0.05,max_features=192",0,0.25644166,-0.25644166
MSStandards,4,1,H5,Plate,4,1,H5,Glu (1),glucose_gL,all_known,fusion_full,sklearn_svr,"kernel=linear,C=1,epsilon=0.05,max_features=192",1,0.2634073,0.7365927
MSStandards,4,2,A4,Plate,4,2,A4,Xyl (0.05),glucose_gL,all_known,fusion_full,sklearn_svr,"kernel=linear,C=1,epsilon=0.05,max_features=192",0,0.18262323,-0.18262323
MSStandards,4,2,A5,Plate,4,2,A5,Xyl (0.01),glucose_gL,all_known,fusion_full,sklearn_svr,"kernel=linear,C=1,epsilon=0.05,max_features=192",0,0.37013973,-0.37013973
MSStandards,4,2,C3,Plate,4,2,C3,Xyl (0.1),glucose_gL,all_known,fusion_full,sklearn_svr,"kernel=linear,C=1,epsilon=0.05,max_features=192",0,0.046734858,-0.046734858
MSStandards,4,2,C9,Flask,4,2,C9,Algae (blank),glucose_gL,all_known,fusion_full,sklearn_svr,"kernel=linear,C=1,epsilon=0.05,max_features=192",0,0.93849563,-0.93849563
MSStandards,4,2,E2,Plate,4,2,E2,Xyl (0.5),glucose_gL,all_known,fusion_full,sklearn_svr,"kernel=linear,C=1,epsilon=0.05,max_features=192",0,0.58777128,-0.58777128
MSStandards,4,2,E8,Plate,4,2,E8,BLANK f/2,glucose_gL,all_known,fusion_full,sklearn_svr,"kernel=linear,C=1,epsilon=0.05,max_features=192",0,-0.49574165,0.49574165
MSStandards,4,2,E9,Flask,4,2,E9,Algae (blank),glucose_gL,all_known,fusion_full,sklearn_svr,"kernel=linear,C=1,epsilon=0.05,max_features=192",0,0.44699448,-0.44699448
MSStandards,4,2,G1,Plate,4,2,G1,Xyl (1),glucose_gL,all_known,fusion_full,sklearn_svr,"kernel=linear,C=1,epsilon=0.05,max_features=192",0,0.26462766,-0.26462766
MSStandards,4,2,H2,Plate,4,2,H2,Xyl (0.25),glucose_gL,all_known,fusion_full,sklearn_svr,"kernel=linear,C=1,epsilon=0.05,max_features=192",0,0.056733014,-0.056733014
MSStandards,4,2,H5,Plate,4,2,H5,MM f/2 (0.01),glucose_gL,all_known,fusion_full,sklearn_svr,"kernel=linear,C=1,epsilon=0.05,max_features=192",0.01,0.50815039,-0.49815039
MSStandards,4,1,A2,Plate,4,1,A2,Rha (1),glucose_gL,all_known,fusion_full,xgboost,"n_estimators=200,max_depth=2,learning_rate=0.05,max_features=192",0,0.36797011,-0.36797011
MSStandards,4,1,A4,Plate,4,1,A4,Rha (0.05),glucose_gL,all_known,fusion_full,xgboost,"n_estimators=200,max_depth=2,learning_rate=0.05,max_features=192",0,0.24364208,-0.24364208
MSStandards,4,1,A6,Plate,4,1,A6,Glu (1),glucose_gL,all_known,fusion_full,xgboost,"n_estimators=200,max_depth=2,learning_rate=0.05,max_features=192",1,0.099706993,0.90029301
MSStandards,4,1,A8,Plate,4,1,A8,Glu (0.075),glucose_gL,all_known,fusion_full,xgboost,"n_estimators=200,max_depth=2,learning_rate=0.05,max_features=192",0.075,0.14639409,-0.071394089
MSStandards,4,1,A9,Plate,4,1,A9,Glu (0.01),glucose_gL,all_known,fusion_full,xgboost,"n_estimators=200,max_depth=2,learning_rate=0.05,max_features=192",0.01,0.057912059,-0.047912059
MSStandards,4,1,B11,Plate,4,1,B11,Rha-Xyl (0.01),glucose_gL,all_known,fusion_full,xgboost,"n_estimators=200,max_depth=2,learning_rate=0.05,max_features=192",0,0.41513893,-0.41513893
MSStandards,4,1,C2,Plate,4,1,C2,Rha (0.75),glucose_gL,all_known,fusion_full,xgboost,"n_estimators=200,max_depth=2,learning_rate=0.05,max_features=192",0,0.53362203,-0.53362203
MSStandards,4,1,C6,Plate,4,1,C6,Glu (0.75),glucose_gL,all_known,fusion_full,xgboost,"n_estimators=200,max_depth=2,learning_rate=0.05,max_features=192",0.75,0.5619722,0.1880278
MSStandards,4,1,C7,Plate,4,1,C7,Glu (0.25),glucose_gL,all_known,fusion_full,xgboost,"n_estimators=200,max_depth=2,learning_rate=0.05,max_features=192",0.25,0.32400271,-0.074002713
MSStandards,4,1,C8,Plate,4,1,C8,Glu (0.05),glucose_gL,all_known,fusion_full,xgboost,"n_estimators=200,max_depth=2,learning_rate=0.05,max_features=192",0.05,0.53485024,-0.48485024
MSStandards,4,1,D3,Plate,4,1,D3,Rha (0.1),glucose_gL,all_known,fusion_full,xgboost,"n_estimators=200,max_depth=2,learning_rate=0.05,max_features=192",0,0.56293309,-0.56293309
MSStandards,4,1,D8,Plate,4,1,D8,Glu (0.05),glucose_gL,all_known,fusion_full,xgboost,"n_estimators=200,max_depth=2,learning_rate=0.05,max_features=192",0.05,0.057376724,-0.0073767237
MSStandards,4,1,D9,Plate,4,1,D9,Rha-Glu (1),glucose_gL,all_known,fusion_full,xgboost,"n_estimators=200,max_depth=2,learning_rate=0.05,max_features=192",1,-0.070739843,1.0707398
MSStandards,4,1,E3,Plate,4,1,E3,Rha (0.1),glucose_gL,all_known,fusion_full,xgboost,"n_estimators=200,max_depth=2,learning_rate=0.05,max_features=192",0,0.29094487,-0.29094487
MSStandards,4,1,E6,Plate,4,1,E6,Glu (0.75),glucose_gL,all_known,fusion_full,xgboost,"n_estimators=200,max_depth=2,learning_rate=0.05,max_features=192",0.75,0.015575178,0.73442482
MSStandards,4,1,F1,Plate,4,1,F1,Rha (2.5),glucose_gL,all_known,fusion_full,xgboost,"n_estimators=200,max_depth=2,learning_rate=0.05,max_features=192",0,0.015696809,-0.015696809
MSStandards,4,1,F10,Plate,4,1,F10,Rha-Xyl (1),glucose_gL,all_known,fusion_full,xgboost,"n_estimators=200,max_depth=2,learning_rate=0.05,max_features=192",0,-0.08847902,0.08847902
MSStandards,4,1,F3,Plate,4,1,F3,Rha (0.075),glucose_gL,all_known,fusion_full,xgboost,"n_estimators=200,max_depth=2,learning_rate=0.05,max_features=192",0,1.4895116,-1.4895116
MSStandards,4,1,G1,Plate,4,1,G1,Rha (1),glucose_gL,all_known,fusion_full,xgboost,"n_estimators=200,max_depth=2,learning_rate=0.05,max_features=192",0,0.21324101,-0.21324101
MSStandards,4,1,G10,Plate,4,1,G10,Rha-Xyl (0.1),glucose_gL,all_known,fusion_full,xgboost,"n_estimators=200,max_depth=2,learning_rate=0.05,max_features=192",0,0.11607109,-0.11607109
MSStandards,4,1,G6,Plate,4,1,G6,Glu (0.5),glucose_gL,all_known,fusion_full,xgboost,"n_estimators=200,max_depth=2,learning_rate=0.05,max_features=192",0.5,0.0324408,0.4675592
MSStandards,4,1,G9,Plate,4,1,G9,Rha-Glu (0.1),glucose_gL,all_known,fusion_full,xgboost,"n_estimators=200,max_depth=2,learning_rate=0.05,max_features=192",0.1,-0.18246175,0.28246175
MSStandards,4,1,H10,Plate,4,1,H10,Rha-Xyl (0.1),glucose_gL,all_known,fusion_full,xgboost,"n_estimators=200,max_depth=2,learning_rate=0.05,max_features=192",0,-0.035672117,0.035672117
MSStandards,4,1,H3,Plate,4,1,H3,Rha (0.075),glucose_gL,all_known,fusion_full,xgboost,"n_estimators=200,max_depth=2,learning_rate=0.05,max_features=192",0,-0.052434649,0.052434649
MSStandards,4,1,H5,Plate,4,1,H5,Glu (1),glucose_gL,all_known,fusion_full,xgboost,"n_estimators=200,max_depth=2,learning_rate=0.05,max_features=192",1,0.0052402006,0.9947598
MSStandards,4,2,A4,Plate,4,2,A4,Xyl (0.05),glucose_gL,all_known,fusion_full,xgboost,"n_estimators=200,max_depth=2,learning_rate=0.05,max_features=192",0,0.45934796,-0.45934796
MSStandards,4,2,A5,Plate,4,2,A5,Xyl (0.01),glucose_gL,all_known,fusion_full,xgboost,"n_estimators=200,max_depth=2,learning_rate=0.05,max_features=192",0,-0.026970482,0.026970482
MSStandards,4,2,C3,Plate,4,2,C3,Xyl (0.1),glucose_gL,all_known,fusion_full,xgboost,"n_estimators=200,max_depth=2,learning_rate=0.05,max_features=192",0,0.18453251,-0.18453251
MSStandards,4,2,C9,Flask,4,2,C9,Algae (blank),glucose_gL,all_known,fusion_full,xgboost,"n_estimators=200,max_depth=2,learning_rate=0.05,max_features=192",0,0.14262526,-0.14262526
MSStandards,4,2,E2,Plate,4,2,E2,Xyl (0.5),glucose_gL,all_known,fusion_full,xgboost,"n_estimators=200,max_depth=2,learning_rate=0.05,max_features=192",0,-0.04279501,0.04279501
MSStandards,4,2,E8,Plate,4,2,E8,BLANK f/2,glucose_gL,all_known,fusion_full,xgboost,"n_estimators=200,max_depth=2,learning_rate=0.05,max_features=192",0,0.14021157,-0.14021157
MSStandards,4,2,E9,Flask,4,2,E9,Algae (blank),glucose_gL,all_known,fusion_full,xgboost,"n_estimators=200,max_depth=2,learning_rate=0.05,max_features=192",0,0.21518274,-0.21518274
MSStandards,4,2,G1,Plate,4,2,G1,Xyl (1),glucose_gL,all_known,fusion_full,xgboost,"n_estimators=200,max_depth=2,learning_rate=0.05,max_features=192",0,0.014818138,-0.014818138
MSStandards,4,2,H2,Plate,4,2,H2,Xyl (0.25),glucose_gL,all_known,fusion_full,xgboost,"n_estimators=200,max_depth=2,learning_rate=0.05,max_features=192",0,0.37338787,-0.37338787
MSStandards,4,2,H5,Plate,4,2,H5,MM f/2 (0.01),glucose_gL,all_known,fusion_full,xgboost,"n_estimators=200,max_depth=2,learning_rate=0.05,max_features=192",0.01,-0.015312451,0.025312451
