target,cohort,feature_set,preprocessing_config,model,config,n_repeats,mean_rmse,std_rmse,mean_mae,mean_r2
glucose_gL,all_known,eem_parafac_scores,parafac_rank_selected,krr,"kernel=rbf,alpha=0.1,gamma_scale=2.0,max_features=12,x_transform=l2,log_target=True",10,0.71897213,0.32528936,0.35054065,-0.22926716
glucose_gL,all_known,eem_parafac_scores,parafac_rank_selected,krr,"kernel=laplacian,alpha=0.1,gamma_scale=2.0,max_features=12,x_transform=l2,log_target=True",10,0.71897213,0.32528936,0.35054065,-0.22926716
glucose_gL,all_known,eem_parafac_scores,parafac_rank_selected,krr,"kernel=rbf,alpha=0.1,gamma_scale=2.0,max_features=48,x_transform=l2,log_target=True",10,0.71897213,0.32528936,0.35054065,-0.22926716
glucose_gL,all_known,eem_parafac_scores,parafac_rank_selected,krr,"kernel=laplacian,alpha=0.1,gamma_scale=2.0,max_features=48,x_transform=l2,log_target=True",10,0.71897213,0.32528936,0.35054065,-0.22926716
glucose_gL,all_known,eem_parafac_scores,parafac_rank_selected,krr,"kernel=rbf,alpha=0.1,gamma_scale=2.0,max_features=192,x_transform=l2,log_target=True",10,0.71897213,0.32528936,0.35054065,-0.22926716
glucose_gL,all_known,eem_parafac_scores,parafac_rank_selected,krr,"kernel=laplacian,alpha=0.1,gamma_scale=2.0,max_features=192,x_transform=l2,log_target=True",10,0.71897213,0.32528936,0.35054065,-0.22926716
glucose_gL,all_known,eem_parafac_scores,parafac_rank_selected,krr,"kernel=rbf,alpha=0.1,gamma_scale=1.0,max_features=12,x_transform=l2,log_target=True",10,0.71897267,0.32528342,0.3505768,-0.22934691
glucose_gL,all_known,eem_parafac_scores,parafac_rank_selected,krr,"kernel=laplacian,alpha=0.1,gamma_scale=1.0,max_features=12,x_transform=l2,log_target=True",10,0.71897267,0.32528342,0.3505768,-0.22934691
glucose_gL,all_known,eem_parafac_scores,parafac_rank_selected,krr,"kernel=rbf,alpha=0.1,gamma_scale=1.0,max_features=48,x_transform=l2,log_target=True",10,0.71897267,0.32528342,0.3505768,-0.22934691
glucose_gL,all_known,eem_parafac_scores,parafac_rank_selected,krr,"kernel=laplacian,alpha=0.1,gamma_scale=1.0,max_features=48,x_transform=l2,log_target=True",10,0.71897267,0.32528342,0.3505768,-0.22934691
glucose_gL,all_known,eem_parafac_scores,parafac_rank_selected,krr,"kernel=rbf,alpha=0.1,gamma_scale=1.0,max_features=192,x_transform=l2,log_target=True",10,0.71897267,0.32528342,0.3505768,-0.22934691
glucose_gL,all_known,eem_parafac_scores,parafac_rank_selected,krr,"kernel=laplacian,alpha=0.1,gamma_scale=1.0,max_features=192,x_transform=l2,log_target=True",10,0.71897267,0.32528342,0.3505768,-0.22934691
glucose_gL,all_known,eem_parafac_scores,parafac_rank_selected,krr,"kernel=rbf,alpha=0.01,gamma_scale=2.0,max_features=12,x_transform=l2,log_target=True",10,0.71897764,0.32520558,0.35072865,-0.23013748
glucose_gL,all_known,eem_parafac_scores,parafac_rank_selected,krr,"kernel=laplacian,alpha=0.01,gamma_scale=2.0,max_features=12,x_transform=l2,log_target=True",10,0.71897764,0.32520558,0.35072865,-0.23013748
glucose_gL,all_known,eem_parafac_scores,parafac_rank_selected,krr,"kernel=rbf,alpha=0.01,gamma_scale=2.0,max_features=48,x_transform=l2,log_target=True",10,0.71897764,0.32520558,0.35072865,-0.23013748
glucose_gL,all_known,eem_parafac_scores,parafac_rank_selected,krr,"kernel=laplacian,alpha=0.01,gamma_scale=2.0,max_features=48,x_transform=l2,log_target=True",10,0.71897764,0.32520558,0.35072865,-0.23013748
glucose_gL,all_known,eem_parafac_scores,parafac_rank_selected,krr,"kernel=rbf,alpha=0.01,gamma_scale=2.0,max_features=192,x_transform=l2,log_target=True",10,0.71897764,0.32520558,0.35072865,-0.23013748
glucose_gL,all_known,eem_parafac_scores,parafac_rank_selected,krr,"kernel=laplacian,alpha=0.01,gamma_scale=2.0,max_features=192,x_transform=l2,log_target=True",10,0.71897764,0.32520558,0.35072865,-0.23013748
glucose_gL,all_known,eem_parafac_scores,parafac_rank_selected,krr,"kernel=rbf,alpha=0.01,gamma_scale=1.0,max_features=12,x_transform=l2,log_target=True",10,0.71897769,0.32520498,0.35073227,-0.23014549
glucose_gL,all_known,eem_parafac_scores,parafac_rank_selected,krr,"kernel=laplacian,alpha=0.01,gamma_scale=1.0,max_features=12,x_transform=l2,log_target=True",10,0.71897769,0.32520498,0.35073227,-0.23014549
glucose_gL,all_known,eem_parafac_scores,parafac_rank_selected,krr,"kernel=rbf,alpha=0.01,gamma_scale=1.0,max_features=48,x_transform=l2,log_target=True",10,0.71897769,0.32520498,0.35073227,-0.23014549
glucose_gL,all_known,eem_parafac_scores,parafac_rank_selected,krr,"kernel=laplacian,alpha=0.01,gamma_scale=1.0,max_features=48,x_transform=l2,log_target=True",10,0.71897769,0.32520498,0.35073227,-0.23014549
glucose_gL,all_known,eem_parafac_scores,parafac_rank_selected,krr,"kernel=rbf,alpha=0.01,gamma_scale=1.0,max_features=192,x_transform=l2,log_target=True",10,0.71897769,0.32520498,0.35073227,-0.23014549
glucose_gL,all_known,eem_parafac_scores,parafac_rank_selected,krr,"kernel=laplacian,alpha=0.01,gamma_scale=1.0,max_features=192,x_transform=l2,log_target=True",10,0.71897769,0.32520498,0.35073227,-0.23014549
glucose_gL,all_known,parafac_raman_fusion_als_sg2_snv,als_sg2_snv+parafac,krr,"kernel=laplacian,alpha=0.1,gamma_scale=2.0,max_features=192,x_transform=none,log_target=True",10,0.7192245,0.32675069,0.3468811,-0.2643496
glucose_gL,all_known,parafac_raman_fusion_als_sg2_snv,als_sg2_snv+parafac,krr,"kernel=laplacian,alpha=0.1,gamma_scale=2.0,max_features=192,x_transform=l2,log_target=True",10,0.71942918,0.32771848,0.34717637,-0.25018051
glucose_gL,all_known,parafac_raman_fusion_als_sg2_snv,als_sg2_snv+parafac,krr,"kernel=laplacian,alpha=0.01,gamma_scale=2.0,max_features=192,x_transform=none,log_target=True",10,0.71998249,0.32583426,0.34835459,-0.28170786
glucose_gL,all_known,parafac_raman_fusion_als_sg2_snv,als_sg2_snv+parafac,krr,"kernel=laplacian,alpha=0.01,gamma_scale=2.0,max_features=192,x_transform=l2,log_target=True",10,0.72007953,0.32685888,0.34852212,-0.26552241
glucose_gL,all_known,parafac_raman_fusion_als_sg0_snv_area,als_sg0_snv_area+parafac,krr,"kernel=laplacian,alpha=0.1,gamma_scale=2.0,max_features=192,x_transform=l2,log_target=True",10,0.72120569,0.32602674,0.34741965,-0.23033833
glucose_gL,all_known,parafac_raman_fusion_als_sg0_snv_area,als_sg0_snv_area+parafac,krr,"kernel=laplacian,alpha=0.01,gamma_scale=2.0,max_features=192,x_transform=l2,log_target=True",10,0.72212242,0.32498252,0.3486389,-0.24345338
glucose_gL,all_known,parafac_raman_fusion_als_sg0_snv_area,als_sg0_snv_area+parafac,krr,"kernel=laplacian,alpha=0.1,gamma_scale=2.0,max_features=192,x_transform=none,log_target=True",10,0.72395577,0.32995609,0.33891627,-0.20043942
glucose_gL,all_known,parafac_raman_fusion_als_sg0_snv_area,als_sg0_snv_area+parafac,krr,"kernel=laplacian,alpha=0.01,gamma_scale=2.0,max_features=192,x_transform=none,log_target=True",10,0.72489692,0.3289969,0.34038732,-0.21278276
glucose_gL,all_known,parafac_raman_fusion_als_sg2_snv,als_sg2_snv+parafac,krr,"kernel=laplacian,alpha=0.1,gamma_scale=1.0,max_features=192,x_transform=l2,log_target=True",10,0.72501727,0.32150276,0.35886251,-0.36878272
glucose_gL,all_known,parafac_raman_fusion_als_sg2_snv,als_sg2_snv+parafac,krr,"kernel=laplacian,alpha=0.1,gamma_scale=1.0,max_features=192,x_transform=none,log_target=True",10,0.7259848,0.3211031,0.36017065,-0.38581566
glucose_gL,all_known,parafac_raman_fusion_als_sg2_snv,als_sg2_snv+parafac,krr,"kernel=rbf,alpha=0.1,gamma_scale=2.0,max_features=192,x_transform=none,log_target=True",10,0.72624201,0.31771429,0.35547564,-0.4470647
glucose_gL,all_known,parafac_raman_fusion_als_sg2_snv,als_sg2_snv+parafac,krr,"kernel=rbf,alpha=0.1,gamma_scale=2.0,max_features=192,x_transform=l2,log_target=True",10,0.72737981,0.3203836,0.35669336,-0.4065043
glucose_gL,all_known,parafac_raman_fusion_als_sg2_snv,als_sg2_snv+parafac,krr,"kernel=laplacian,alpha=0.01,gamma_scale=1.0,max_features=192,x_transform=l2,log_target=True",10,0.72744378,0.31970516,0.36170555,-0.41010864
glucose_gL,all_known,parafac_raman_fusion_als_sg0_snv_area,als_sg0_snv_area+parafac,krr,"kernel=laplacian,alpha=0.1,gamma_scale=1.0,max_features=192,x_transform=l2,log_target=True",10,0.72761722,0.3194938,0.35878922,-0.32528872
glucose_gL,all_known,parafac_raman_fusion_als_sg0_snv_area,als_sg0_snv_area+parafac,krr,"kernel=laplacian,alpha=0.1,gamma_scale=1.0,max_features=192,x_transform=none,log_target=True",10,0.72793051,0.32346908,0.35362259,-0.28572298
glucose_gL,all_known,parafac_raman_fusion_als_sg2_snv,als_sg2_snv+parafac,krr,"kernel=laplacian,alpha=0.01,gamma_scale=1.0,max_features=192,x_transform=none,log_target=True",10,0.72875854,0.31920157,0.3633648,-0.43217507
glucose_gL,all_known,parafac_raman_fusion_als_sg2_snv,als_sg2_snv+parafac,krr,"kernel=rbf,alpha=0.01,gamma_scale=2.0,max_features=192,x_transform=none,log_target=True",10,0.72876606,0.31553415,0.35896979,-0.49765735
glucose_gL,all_known,parafac_raman_fusion_als_sg2_snv,als_sg2_snv+parafac,krr,"kernel=rbf,alpha=0.01,gamma_scale=2.0,max_features=192,x_transform=l2,log_target=True",10,0.72972326,0.31852747,0.35986177,-0.44758309
glucose_gL,all_known,parafac_raman_fusion_als_sg0_snv_area,als_sg0_snv_area+parafac,krr,"kernel=laplacian,alpha=0.01,gamma_scale=1.0,max_features=192,x_transform=l2,log_target=True",10,0.73035462,0.3178641,0.36143381,-0.35558021
glucose_gL,all_known,parafac_raman_fusion_als_sg0_snv_area,als_sg0_snv_area+parafac,krr,"kernel=laplacian,alpha=0.01,gamma_scale=1.0,max_features=192,x_transform=none,log_target=True",10,0.7308035,0.32184925,0.35679348,-0.31461984
glucose_gL,all_known,eem_parafac_scores,parafac_rank_selected,krr,"kernel=rbf,alpha=0.1,gamma_scale=1.0,max_features=12,x_transform=none,log_target=True",10,0.73084849,0.31700162,0.36930885,-0.38966161
glucose_gL,all_known,eem_parafac_scores,parafac_rank_selected,krr,"kernel=rbf,alpha=0.1,gamma_scale=1.0,max_features=48,x_transform=none,log_target=True",10,0.73084849,0.31700162,0.36930885,-0.38966161
glucose_gL,all_known,eem_parafac_scores,parafac_rank_selected,krr,"kernel=rbf,alpha=0.1,gamma_scale=1.0,max_features=192,x_transform=none,log_target=True",10,0.73084849,0.31700162,0.36930885,-0.38966161
glucose_gL,all_known,parafac_raman_fusion_als_sg2_snv,als_sg2_snv+parafac,krr,"kernel=laplacian,alpha=0.1,gamma_scale=2.0,max_features=48,x_transform=none,log_target=True",10,0.73285937,0.31875495,0.34959886,-0.43699327
glucose_gL,all_known,eem_parafac_scores,parafac_rank_selected,weighted_knn,"k=5,metric=manhattan,max_features=12,x_transform=l2,log_target=True",10,0.73307955,0.33930205,0.34274994,-0.17265089
glucose_gL,all_known,eem_parafac_scores,parafac_rank_selected,weighted_knn,"k=5,metric=manhattan,max_features=48,x_transform=l2,log_target=True",10,0.73307955,0.33930205,0.34274994,-0.17265089
glucose_gL,all_known,eem_parafac_scores,parafac_rank_selected,weighted_knn,"k=5,metric=manhattan,max_features=192,x_transform=l2,log_target=True",10,0.73307955,0.33930205,0.34274994,-0.17265089
glucose_gL,all_known,parafac_raman_fusion_als_sg2_snv,als_sg2_snv+parafac,krr,"kernel=laplacian,alpha=0.1,gamma_scale=2.0,max_features=48,x_transform=l2,log_target=True",10,0.73326428,0.31300916,0.35853442,-0.49826534
glucose_gL,all_known,parafac_raman_fusion_als_sg0_snv_area,als_sg0_snv_area+parafac,krr,"kernel=rbf,alpha=0.1,gamma_scale=2.0,max_features=192,x_transform=l2,log_target=True",10,0.73386183,0.31244771,0.35989999,-0.37040988
glucose_gL,all_known,eem_parafac_scores,parafac_rank_selected,krr,"kernel=rbf,alpha=0.1,gamma_scale=2.0,max_features=12,x_transform=l2,log_target=False",10,0.73519556,0.28484057,0.42328962,-0.83981179
glucose_gL,all_known,eem_parafac_scores,parafac_rank_selected,krr,"kernel=laplacian,alpha=0.1,gamma_scale=2.0,max_features=12,x_transform=l2,log_target=False",10,0.73519556,0.28484057,0.42328962,-0.83981179
glucose_gL,all_known,eem_parafac_scores,parafac_rank_selected,krr,"kernel=rbf,alpha=0.1,gamma_scale=2.0,max_features=48,x_transform=l2,log_target=False",10,0.73519556,0.28484057,0.42328962,-0.83981179
glucose_gL,all_known,eem_parafac_scores,parafac_rank_selected,krr,"kernel=laplacian,alpha=0.1,gamma_scale=2.0,max_features=48,x_transform=l2,log_target=False",10,0.73519556,0.28484057,0.42328962,-0.83981179
glucose_gL,all_known,eem_parafac_scores,parafac_rank_selected,krr,"kernel=rbf,alpha=0.1,gamma_scale=2.0,max_features=192,x_transform=l2,log_target=False",10,0.73519556,0.28484057,0.42328962,-0.83981179
glucose_gL,all_known,eem_parafac_scores,parafac_rank_selected,krr,"kernel=laplacian,alpha=0.1,gamma_scale=2.0,max_features=192,x_transform=l2,log_target=False",10,0.73519556,0.28484057,0.42328962,-0.83981179
glucose_gL,all_known,eem_parafac_scores,parafac_rank_selected,krr,"kernel=rbf,alpha=0.1,gamma_scale=1.0,max_features=12,x_transform=l2,log_target=False",10,0.7351973,0.28483728,0.42335199,-0.8399297
glucose_gL,all_known,eem_parafac_scores,parafac_rank_selected,krr,"kernel=laplacian,alpha=0.1,gamma_scale=1.0,max_features=12,x_transform=l2,log_target=False",10,0.7351973,0.28483728,0.42335199,-0.8399297
glucose_gL,all_known,eem_parafac_scores,parafac_rank_selected,krr,"kernel=rbf,alpha=0.1,gamma_scale=1.0,max_features=48,x_transform=l2,log_target=False",10,0.7351973,0.28483728,0.42335199,-0.8399297
glucose_gL,all_known,eem_parafac_scores,parafac_rank_selected,krr,"kernel=laplacian,alpha=0.1,gamma_scale=1.0,max_features=48,x_transform=l2,log_target=False",10,0.7351973,0.28483728,0.42335199,-0.8399297
glucose_gL,all_known,eem_parafac_scores,parafac_rank_selected,krr,"kernel=rbf,alpha=0.1,gamma_scale=1.0,max_features=192,x_transform=l2,log_target=False",10,0.7351973,0.28483728,0.42335199,-0.8399297
glucose_gL,all_known,eem_parafac_scores,parafac_rank_selected,krr,"kernel=laplacian,alpha=0.1,gamma_scale=1.0,max_features=192,x_transform=l2,log_target=False",10,0.7351973,0.28483728,0.42335199,-0.8399297
glucose_gL,all_known,eem_parafac_scores,parafac_rank_selected,krr,"kernel=rbf,alpha=0.01,gamma_scale=2.0,max_features=12,x_transform=l2,log_target=False",10,0.73529362,0.28468813,0.42357692,-0.84277621
glucose_gL,all_known,eem_parafac_scores,parafac_rank_selected,krr,"kernel=laplacian,alpha=0.01,gamma_scale=2.0,max_features=12,x_transform=l2,log_target=False",10,0.73529362,0.28468813,0.42357692,-0.84277621
glucose_gL,all_known,eem_parafac_scores,parafac_rank_selected,krr,"kernel=rbf,alpha=0.01,gamma_scale=2.0,max_features=48,x_transform=l2,log_target=False",10,0.73529362,0.28468813,0.42357692,-0.84277621
glucose_gL,all_known,eem_parafac_scores,parafac_rank_selected,krr,"kernel=laplacian,alpha=0.01,gamma_scale=2.0,max_features=48,x_transform=l2,log_target=False",10,0.73529362,0.28468813,0.42357692,-0.84277621
glucose_gL,all_known,eem_parafac_scores,parafac_rank_selected,krr,"kernel=rbf,alpha=0.01,gamma_scale=2.0,max_features=192,x_transform=l2,log_target=False",10,0.73529362,0.28468813,0.42357692,-0.84277621
glucose_gL,all_known,eem_parafac_scores,parafac_rank_selected,krr,"kernel=laplacian,alpha=0.01,gamma_scale=2.0,max_features=192,x_transform=l2,log_target=False",10,0.73529362,0.28468813,0.42357692,-0.84277621
glucose_gL,all_known,eem_parafac_scores,parafac_rank_selected,krr,"kernel=rbf,alpha=0.01,gamma_scale=1.0,max_features=12,x_transform=l2,log_target=False",10,0.73529379,0.2846878,0.42358317,-0.84278799
glucose_gL,all_known,eem_parafac_scores,parafac_rank_selected,krr,"kernel=laplacian,alpha=0.01,gamma_scale=1.0,max_features=12,x_transform=l2,log_target=False",10,0.73529379,0.2846878,0.42358317,-0.84278799
glucose_gL,all_known,eem_parafac_scores,parafac_rank_selected,krr,"kernel=rbf,alpha=0.01,gamma_scale=1.0,max_features=48,x_transform=l2,log_target=False",10,0.73529379,0.2846878,0.42358317,-0.84278799
glucose_gL,all_known,eem_parafac_scores,parafac_rank_selected,krr,"kernel=laplacian,alpha=0.01,gamma_scale=1.0,max_features=48,x_transform=l2,log_target=False",10,0.73529379,0.2846878,0.42358317,-0.84278799
glucose_gL,all_known,eem_parafac_scores,parafac_rank_selected,krr,"kernel=rbf,alpha=0.01,gamma_scale=1.0,max_features=192,x_transform=l2,log_target=False",10,0.73529379,0.2846878,0.42358317,-0.84278799
glucose_gL,all_known,eem_parafac_scores,parafac_rank_selected,krr,"kernel=laplacian,alpha=0.01,gamma_scale=1.0,max_features=192,x_transform=l2,log_target=False",10,0.73529379,0.2846878,0.42358317,-0.84278799
glucose_gL,all_known,parafac_raman_fusion_als_sg2_snv,als_sg2_snv+parafac,krr,"kernel=laplacian,alpha=0.01,gamma_scale=2.0,max_features=48,x_transform=none,log_target=True",10,0.73535888,0.31706769,0.35193835,-0.47550853
glucose_gL,all_known,parafac_raman_fusion_als_sg2_snv,als_sg2_snv+parafac,krr,"kernel=laplacian,alpha=0.01,gamma_scale=2.0,max_features=48,x_transform=l2,log_target=True",10,0.73580913,0.31087588,0.3609009,-0.54251026
glucose_gL,all_known,parafac_raman_fusion_als_sg0_snv_area,als_sg0_snv_area+parafac,krr,"kernel=laplacian,alpha=0.1,gamma_scale=2.0,max_features=48,x_transform=none,log_target=True",10,0.73600308,0.31797702,0.35120559,-0.32493218
glucose_gL,all_known,parafac_raman_fusion_als_sg0_snv_area,als_sg0_snv_area+parafac,krr,"kernel=laplacian,alpha=0.1,gamma_scale=2.0,max_features=48,x_transform=l2,log_target=True",10,0.73638484,0.311088,0.36160249,-0.37358124
glucose_gL,all_known,eem_parafac_scores,parafac_rank_selected,weighted_knn,"k=5,metric=manhattan,max_features=12,x_transform=l2,log_target=False",10,0.7366359,0.33157744,0.36530286,-0.27107709
glucose_gL,all_known,eem_parafac_scores,parafac_rank_selected,weighted_knn,"k=5,metric=manhattan,max_features=48,x_transform=l2,log_target=False",10,0.7366359,0.33157744,0.36530286,-0.27107709
glucose_gL,all_known,eem_parafac_scores,parafac_rank_selected,weighted_knn,"k=5,metric=manhattan,max_features=192,x_transform=l2,log_target=False",10,0.7366359,0.33157744,0.36530286,-0.27107709
glucose_gL,all_known,parafac_raman_fusion_als_sg0_snv_area,als_sg0_snv_area+parafac,krr,"kernel=rbf,alpha=0.01,gamma_scale=2.0,max_features=192,x_transform=l2,log_target=True",10,0.73708179,0.30928851,0.36269241,-0.41020767
glucose_gL,all_known,parafac_raman_fusion_als_sg2_snv,als_sg2_snv+parafac,krr,"kernel=laplacian,alpha=0.1,gamma_scale=2.0,max_features=192,x_transform=none,log_target=False",10,0.73731051,0.28685387,0.41793421,-0.96375839
glucose_gL,all_known,parafac_raman_fusion_als_sg2_snv,als_sg2_snv+parafac,krr,"kernel=laplacian,alpha=0.1,gamma_scale=2.0,max_features=192,x_transform=l2,log_target=False",10,0.73751194,0.28827012,0.41731605,-0.91933358
glucose_gL,all_known,parafac_raman_fusion_als_sg0_snv_area,als_sg0_snv_area+parafac,krr,"kernel=rbf,alpha=0.1,gamma_scale=2.0,max_features=192,x_transform=none,log_target=True",10,0.73832663,0.31749429,0.35035617,-0.32855295
glucose_gL,all_known,parafac_raman_fusion_als_sg0_snv_area,als_sg0_snv_area+parafac,krr,"kernel=laplacian,alpha=0.01,gamma_scale=2.0,max_features=48,x_transform=none,log_target=True",10,0.7386055,0.31619597,0.35399257,-0.35207958
glucose_gL,all_known,parafac_raman_fusion_als_sg0_snv_area,als_sg0_snv_area+parafac,krr,"kernel=laplacian,alpha=0.01,gamma_scale=2.0,max_features=48,x_transform=l2,log_target=True",10,0.73936643,0.30930238,0.36417854,-0.40133059
glucose_gL,all_known,parafac_raman_fusion_als_sg2_snv,als_sg2_snv+parafac,krr,"kernel=laplacian,alpha=0.01,gamma_scale=2.0,max_features=192,x_transform=none,log_target=False",10,0.73967062,0.28485993,0.42013107,-1.0167951
glucose_gL,all_known,parafac_raman_fusion_als_sg2_snv,als_sg2_snv+parafac,krr,"kernel=laplacian,alpha=0.01,gamma_scale=2.0,max_features=192,x_transform=l2,log_target=False",10,0.73967981,0.28632413,0.41933699,-0.96717567
glucose_gL,all_known,eem_parafac_scores,parafac_rank_selected,krr,"kernel=rbf,alpha=0.1,gamma_scale=2.0,max_features=12,x_transform=none,log_target=True",10,0.74118045,0.3074782,0.37625855,-0.53364323
glucose_gL,all_known,eem_parafac_scores,parafac_rank_selected,krr,"kernel=rbf,alpha=0.1,gamma_scale=2.0,max_features=48,x_transform=none,log_target=True",10,0.74118045,0.3074782,0.37625855,-0.53364323
glucose_gL,all_known,eem_parafac_scores,parafac_rank_selected,krr,"kernel=rbf,alpha=0.1,gamma_scale=2.0,max_features=192,x_transform=none,log_target=True",10,0.74118045,0.3074782,0.37625855,-0.53364323
glucose_gL,all_known,eem_parafac_scores,parafac_rank_selected,krr,"kernel=rbf,alpha=0.01,gamma_scale=1.0,max_features=12,x_transform=none,log_target=True",10,0.74188347,0.31135251,0.38007417,-0.50581964
glucose_gL,all_known,eem_parafac_scores,parafac_rank_selected,krr,"kernel=rbf,alpha=0.01,gamma_scale=1.0,max_features=48,x_transform=none,log_target=True",10,0.74188347,0.31135251,0.38007417,-0.50581964
glucose_gL,all_known,eem_parafac_scores,parafac_rank_selected,krr,"kernel=rbf,alpha=0.01,gamma_scale=1.0,max_features=192,x_transform=none,log_target=True",10,0.74188347,0.31135251,0.38007417,-0.50581964
glucose_gL,all_known,parafac_raman_fusion_als_sg0_snv_area,als_sg0_snv_area+parafac,krr,"kernel=rbf,alpha=0.1,gamma_scale=1.0,max_features=192,x_transform=l2,log_target=True",10,0.74198253,0.3034358,0.37818812,-0.46017858
glucose_gL,all_known,parafac_raman_fusion_als_sg0_snv_area,als_sg0_snv_area+parafac,krr,"kernel=rbf,alpha=0.1,gamma_scale=1.0,max_features=192,x_transform=none,log_target=True",10,0.74279513,0.30730051,0.36843093,-0.4126901
glucose_gL,all_known,eem_parafac_scores,parafac_rank_selected,weighted_knn,"k=5,metric=correlation,max_features=12,x_transform=none,log_target=True",10,0.74282394,0.33467307,0.30101636,-0.24510513
glucose_gL,all_known,eem_parafac_scores,parafac_rank_selected,weighted_knn,"k=5,metric=correlation,max_features=12,x_transform=l2,log_target=True",10,0.74282394,0.33467307,0.30101636,-0.24510513
glucose_gL,all_known,eem_parafac_scores,parafac_rank_selected,weighted_knn,"k=5,metric=correlation,max_features=48,x_transform=none,log_target=True",10,0.74282394,0.33467307,0.30101636,-0.24510513
glucose_gL,all_known,eem_parafac_scores,parafac_rank_selected,weighted_knn,"k=5,metric=correlation,max_features=48,x_transform=l2,log_target=True",10,0.74282394,0.33467307,0.30101636,-0.24510513
glucose_gL,all_known,eem_parafac_scores,parafac_rank_selected,weighted_knn,"k=5,metric=correlation,max_features=192,x_transform=none,log_target=True",10,0.74282394,0.33467307,0.30101636,-0.24510513
glucose_gL,all_known,eem_parafac_scores,parafac_rank_selected,weighted_knn,"k=5,metric=correlation,max_features=192,x_transform=l2,log_target=True",10,0.74282394,0.33467307,0.30101636,-0.24510513
glucose_gL,all_known,parafac_raman_fusion_als_sg0_snv_area,als_sg0_snv_area+parafac,krr,"kernel=rbf,alpha=0.01,gamma_scale=2.0,max_features=192,x_transform=none,log_target=True",10,0.74286056,0.31426277,0.35449622,-0.3758835
glucose_gL,all_known,parafac_raman_fusion_als_sg2_snv,als_sg2_snv+parafac,krr,"kernel=rbf,alpha=0.1,gamma_scale=1.0,max_features=192,x_transform=l2,log_target=True",10,0.74314548,0.30752426,0.38202808,-0.6734109
glucose_gL,all_known,eem_parafac_scores,parafac_rank_selected,weighted_knn,"k=3,metric=correlation,max_features=12,x_transform=none,log_target=False",10,0.74371394,0.34511557,0.27989524,-0.13525835
glucose_gL,all_known,eem_parafac_scores,parafac_rank_selected,weighted_knn,"k=3,metric=correlation,max_features=12,x_transform=l2,log_target=False",10,0.74371394,0.34511557,0.27989524,-0.13525835
glucose_gL,all_known,eem_parafac_scores,parafac_rank_selected,weighted_knn,"k=3,metric=correlation,max_features=48,x_transform=none,log_target=False",10,0.74371394,0.34511557,0.27989524,-0.13525835
glucose_gL,all_known,eem_parafac_scores,parafac_rank_selected,weighted_knn,"k=3,metric=correlation,max_features=48,x_transform=l2,log_target=False",10,0.74371394,0.34511557,0.27989524,-0.13525835
glucose_gL,all_known,eem_parafac_scores,parafac_rank_selected,weighted_knn,"k=3,metric=correlation,max_features=192,x_transform=none,log_target=False",10,0.74371394,0.34511557,0.27989524,-0.13525835
glucose_gL,all_known,eem_parafac_scores,parafac_rank_selected,weighted_knn,"k=3,metric=correlation,max_features=192,x_transform=l2,log_target=False",10,0.74371394,0.34511557,0.27989524,-0.13525835
glucose_gL,all_known,parafac_raman_fusion_als_sg2_snv,als_sg2_snv+parafac,krr,"kernel=rbf,alpha=0.1,gamma_scale=1.0,max_features=192,x_transform=none,log_target=True",10,0.74395693,0.30455399,0.38355323,-0.73230749
glucose_gL,all_known,eem_parafac_scores,parafac_rank_selected,weighted_knn,"k=3,metric=correlation,max_features=12,x_transform=none,log_target=True",10,0.74430271,0.34583118,0.27506914,-0.1362861
glucose_gL,all_known,eem_parafac_scores,parafac_rank_selected,weighted_knn,"k=3,metric=correlation,max_features=12,x_transform=l2,log_target=True",10,0.74430271,0.34583118,0.27506914,-0.1362861
glucose_gL,all_known,eem_parafac_scores,parafac_rank_selected,weighted_knn,"k=3,metric=correlation,max_features=48,x_transform=none,log_target=True",10,0.74430271,0.34583118,0.27506914,-0.1362861
glucose_gL,all_known,eem_parafac_scores,parafac_rank_selected,weighted_knn,"k=3,metric=correlation,max_features=48,x_transform=l2,log_target=True",10,0.74430271,0.34583118,0.27506914,-0.1362861
glucose_gL,all_known,eem_parafac_scores,parafac_rank_selected,weighted_knn,"k=3,metric=correlation,max_features=192,x_transform=none,log_target=True",10,0.74430271,0.34583118,0.27506914,-0.1362861
glucose_gL,all_known,eem_parafac_scores,parafac_rank_selected,weighted_knn,"k=3,metric=correlation,max_features=192,x_transform=l2,log_target=True",10,0.74430271,0.34583118,0.27506914,-0.1362861
glucose_gL,all_known,raman_preprocessed_als_sg2_snv,als_sg2_snv,krr,"kernel=laplacian,alpha=0.1,gamma_scale=2.0,max_features=192,x_transform=none,log_target=True",10,0.74479017,0.33741691,0.34665984,-0.014917701
glucose_gL,all_known,eem_parafac_scores,parafac_rank_selected,weighted_knn,"k=5,metric=correlation,max_features=12,x_transform=none,log_target=False",10,0.74490017,0.32757554,0.31394857,-0.34817479
glucose_gL,all_known,eem_parafac_scores,parafac_rank_selected,weighted_knn,"k=5,metric=correlation,max_features=12,x_transform=l2,log_target=False",10,0.74490017,0.32757554,0.31394857,-0.34817479
glucose_gL,all_known,eem_parafac_scores,parafac_rank_selected,weighted_knn,"k=5,metric=correlation,max_features=48,x_transform=none,log_target=False",10,0.74490017,0.32757554,0.31394857,-0.34817479
glucose_gL,all_known,eem_parafac_scores,parafac_rank_selected,weighted_knn,"k=5,metric=correlation,max_features=48,x_transform=l2,log_target=False",10,0.74490017,0.32757554,0.31394857,-0.34817479
glucose_gL,all_known,eem_parafac_scores,parafac_rank_selected,weighted_knn,"k=5,metric=correlation,max_features=192,x_transform=none,log_target=False",10,0.74490017,0.32757554,0.31394857,-0.34817479
glucose_gL,all_known,eem_parafac_scores,parafac_rank_selected,weighted_knn,"k=5,metric=correlation,max_features=192,x_transform=l2,log_target=False",10,0.74490017,0.32757554,0.31394857,-0.34817479
glucose_gL,all_known,raman_preprocessed_als_sg2_snv,als_sg2_snv,krr,"kernel=laplacian,alpha=0.1,gamma_scale=2.0,max_features=192,x_transform=l2,log_target=True",10,0.7452216,0.33831829,0.34691163,-0.013944759
glucose_gL,all_known,raman_preprocessed_als_sg2_snv,als_sg2_snv,krr,"kernel=laplacian,alpha=0.01,gamma_scale=2.0,max_features=192,x_transform=none,log_target=True",10,0.74541959,0.33695372,0.34813011,-0.018085978
glucose_gL,all_known,raman_preprocessed_als_sg2_snv,als_sg2_snv,krr,"kernel=laplacian,alpha=0.01,gamma_scale=2.0,max_features=192,x_transform=l2,log_target=True",10,0.74574283,0.33793111,0.34824571,-0.016557732
glucose_gL,all_known,parafac_raman_fusion_als_sg2_snv,als_sg2_snv+parafac,krr,"kernel=laplacian,alpha=0.1,gamma_scale=2.0,max_features=12,x_transform=none,log_target=True",10,0.74616525,0.32677952,0.34697942,-0.44766474
glucose_gL,all_known,raman_preprocessed_als_sg0_snv_area,als_sg0_snv_area,krr,"kernel=laplacian,alpha=0.1,gamma_scale=2.0,max_features=192,x_transform=none,log_target=True",10,0.74637923,0.33915007,0.33492121,-0.015548597
glucose_gL,all_known,raman_preprocessed_als_sg0_snv_area,als_sg0_snv_area,krr,"kernel=laplacian,alpha=0.01,gamma_scale=2.0,max_features=192,x_transform=none,log_target=True",10,0.74704737,0.33870735,0.3363073,-0.018760238
glucose_gL,all_known,raman_preprocessed_als_sg0_snv_area,als_sg0_snv_area,krr,"kernel=laplacian,alpha=0.1,gamma_scale=2.0,max_features=192,x_transform=l2,log_target=True",10,0.74748464,0.33479545,0.34687082,-0.028007942
glucose_gL,all_known,parafac_raman_fusion_als_sg2_snv,als_sg2_snv+parafac,krr,"kernel=laplacian,alpha=0.01,gamma_scale=2.0,max_features=12,x_transform=none,log_target=True",10,0.74813846,0.32577803,0.34888566,-0.47923861
glucose_gL,all_known,raman_preprocessed_als_sg0_snv_area,als_sg0_snv_area,krr,"kernel=laplacian,alpha=0.01,gamma_scale=2.0,max_features=192,x_transform=l2,log_target=True",10,0.74815637,0.33432636,0.34777847,-0.031479862
glucose_gL,all_known,eem_parafac_scores,parafac_rank_selected,weighted_knn,"k=1,metric=correlation,max_features=12,x_transform=none,log_target=False",10,0.74834136,0.35327376,0.26277143,-0.13756547
glucose_gL,all_known,eem_parafac_scores,parafac_rank_selected,weighted_knn,"k=1,metric=correlation,max_features=12,x_transform=none,log_target=True",10,0.74834136,0.35327376,0.26277143,-0.13756547
glucose_gL,all_known,eem_parafac_scores,parafac_rank_selected,weighted_knn,"k=1,metric=correlation,max_features=12,x_transform=l2,log_target=False",10,0.74834136,0.35327376,0.26277143,-0.13756547
glucose_gL,all_known,eem_parafac_scores,parafac_rank_selected,weighted_knn,"k=1,metric=correlation,max_features=12,x_transform=l2,log_target=True",10,0.74834136,0.35327376,0.26277143,-0.13756547
glucose_gL,all_known,eem_parafac_scores,parafac_rank_selected,weighted_knn,"k=1,metric=correlation,max_features=48,x_transform=none,log_target=False",10,0.74834136,0.35327376,0.26277143,-0.13756547
glucose_gL,all_known,eem_parafac_scores,parafac_rank_selected,weighted_knn,"k=1,metric=correlation,max_features=48,x_transform=none,log_target=True",10,0.74834136,0.35327376,0.26277143,-0.13756547
glucose_gL,all_known,eem_parafac_scores,parafac_rank_selected,weighted_knn,"k=1,metric=correlation,max_features=48,x_transform=l2,log_target=False",10,0.74834136,0.35327376,0.26277143,-0.13756547
glucose_gL,all_known,eem_parafac_scores,parafac_rank_selected,weighted_knn,"k=1,metric=correlation,max_features=48,x_transform=l2,log_target=True",10,0.74834136,0.35327376,0.26277143,-0.13756547
glucose_gL,all_known,eem_parafac_scores,parafac_rank_selected,weighted_knn,"k=1,metric=correlation,max_features=192,x_transform=none,log_target=False",10,0.74834136,0.35327376,0.26277143,-0.13756547
glucose_gL,all_known,eem_parafac_scores,parafac_rank_selected,weighted_knn,"k=1,metric=correlation,max_features=192,x_transform=none,log_target=True",10,0.74834136,0.35327376,0.26277143,-0.13756547
glucose_gL,all_known,eem_parafac_scores,parafac_rank_selected,weighted_knn,"k=1,metric=correlation,max_features=192,x_transform=l2,log_target=False",10,0.74834136,0.35327376,0.26277143,-0.13756547
glucose_gL,all_known,eem_parafac_scores,parafac_rank_selected,weighted_knn,"k=1,metric=correlation,max_features=192,x_transform=l2,log_target=True",10,0.74834136,0.35327376,0.26277143,-0.13756547
glucose_gL,all_known,parafac_raman_fusion_als_sg0_snv_area,als_sg0_snv_area+parafac,krr,"kernel=laplacian,alpha=0.1,gamma_scale=1.0,max_features=48,x_transform=l2,log_target=True",10,0.74868338,0.30292345,0.37845816,-0.52974516
glucose_gL,all_known,parafac_raman_fusion_als_sg2_snv,als_sg2_snv+parafac,krr,"kernel=rbf,alpha=0.1,gamma_scale=2.0,max_features=48,x_transform=none,log_target=True",10,0.74874416,0.3085944,0.35543373,-0.68852348
glucose_gL,all_known,parafac_raman_fusion_als_sg0_snv_area,als_sg0_snv_area+parafac,krr,"kernel=laplacian,alpha=0.1,gamma_scale=1.0,max_features=48,x_transform=none,log_target=True",10,0.74877036,0.3048691,0.37425966,-0.51931184
glucose_gL,all_known,eem_parafac_scores,parafac_rank_selected,weighted_knn,"k=1,metric=manhattan,max_features=12,x_transform=l2,log_target=False",10,0.74884211,0.35313746,0.26211429,-0.13977917
glucose_gL,all_known,eem_parafac_scores,parafac_rank_selected,weighted_knn,"k=1,metric=manhattan,max_features=12,x_transform=l2,log_target=True",10,0.74884211,0.35313746,0.26211429,-0.13977917
glucose_gL,all_known,eem_parafac_scores,parafac_rank_selected,weighted_knn,"k=1,metric=manhattan,max_features=48,x_transform=l2,log_target=False",10,0.74884211,0.35313746,0.26211429,-0.13977917
glucose_gL,all_known,eem_parafac_scores,parafac_rank_selected,weighted_knn,"k=1,metric=manhattan,max_features=48,x_transform=l2,log_target=True",10,0.74884211,0.35313746,0.26211429,-0.13977917
glucose_gL,all_known,eem_parafac_scores,parafac_rank_selected,weighted_knn,"k=1,metric=manhattan,max_features=192,x_transform=l2,log_target=False",10,0.74884211,0.35313746,0.26211429,-0.13977917
glucose_gL,all_known,eem_parafac_scores,parafac_rank_selected,weighted_knn,"k=1,metric=manhattan,max_features=192,x_transform=l2,log_target=True",10,0.74884211,0.35313746,0.26211429,-0.13977917
glucose_gL,all_known,parafac_raman_fusion_als_sg2_snv,als_sg2_snv+parafac,krr,"kernel=laplacian,alpha=0.1,gamma_scale=1.0,max_features=48,x_transform=l2,log_target=True",10,0.74903376,0.29994356,0.37729803,-0.78446388
glucose_gL,all_known,eem_parafac_scores,parafac_rank_selected,krr,"kernel=rbf,alpha=0.01,gamma_scale=2.0,max_features=12,x_transform=none,log_target=True",10,0.74974278,0.29939747,0.38556608,-0.67152852
glucose_gL,all_known,eem_parafac_scores,parafac_rank_selected,krr,"kernel=rbf,alpha=0.01,gamma_scale=2.0,max_features=48,x_transform=none,log_target=True",10,0.74974278,0.29939747,0.38556608,-0.67152852
glucose_gL,all_known,eem_parafac_scores,parafac_rank_selected,krr,"kernel=rbf,alpha=0.01,gamma_scale=2.0,max_features=192,x_transform=none,log_target=True",10,0.74974278,0.29939747,0.38556608,-0.67152852
glucose_gL,all_known,parafac_raman_fusion_als_sg2_snv,als_sg2_snv+parafac,krr,"kernel=laplacian,alpha=0.1,gamma_scale=1.0,max_features=48,x_transform=none,log_target=True",10,0.74981895,0.3053904,0.37159783,-0.73280232
glucose_gL,all_known,parafac_raman_fusion_als_sg0_snv_area,als_sg0_snv_area+parafac,krr,"kernel=laplacian,alpha=0.1,gamma_scale=2.0,max_features=192,x_transform=l2,log_target=False",10,0.74991438,0.27623914,0.4234251,-0.95017181
glucose_gL,all_known,parafac_raman_fusion_als_sg0_snv_area,als_sg0_snv_area+parafac,krr,"kernel=rbf,alpha=0.01,gamma_scale=1.0,max_features=192,x_transform=l2,log_target=True",10,0.75020917,0.29711548,0.38638298,-0.54829439
glucose_gL,all_known,raman_preprocessed_als_sg2_snv,als_sg2_snv,krr,"kernel=laplacian,alpha=0.1,gamma_scale=1.0,max_features=192,x_transform=l2,log_target=True",10,0.75045063,0.33482865,0.35889798,-0.040185023
glucose_gL,all_known,raman_preprocessed_als_sg2_snv,als_sg2_snv,krr,"kernel=rbf,alpha=0.1,gamma_scale=2.0,max_features=192,x_transform=none,log_target=True",10,0.75076266,0.33091762,0.35711581,-0.052203175
glucose_gL,all_known,eem_parafac_scores,parafac_rank_selected,weighted_knn,"k=3,metric=manhattan,max_features=12,x_transform=l2,log_target=True",10,0.75088309,0.32625697,0.35222711,-0.2968733
glucose_gL,all_known,eem_parafac_scores,parafac_rank_selected,weighted_knn,"k=3,metric=manhattan,max_features=48,x_transform=l2,log_target=True",10,0.75088309,0.32625697,0.35222711,-0.2968733
glucose_gL,all_known,eem_parafac_scores,parafac_rank_selected,weighted_knn,"k=3,metric=manhattan,max_features=192,x_transform=l2,log_target=True",10,0.75088309,0.32625697,0.35222711,-0.2968733
glucose_gL,all_known,raman_preprocessed_als_sg2_snv,als_sg2_snv,krr,"kernel=laplacian,alpha=0.1,gamma_scale=2.0,max_features=48,x_transform=l2,log_target=True",10,0.75095101,0.33387903,0.34960909,-0.037883586
glucose_gL,all_known,raman_preprocessed_als_sg2_snv,als_sg2_snv,krr,"kernel=laplacian,alpha=0.1,gamma_scale=1.0,max_features=192,x_transform=none,log_target=True",10,0.75104493,0.33437296,0.36018846,-0.043297024
glucose_gL,all_known,raman_preprocessed_als_sg2_snv,als_sg2_snv,krr,"kernel=laplacian,alpha=0.1,gamma_scale=2.0,max_features=48,x_transform=none,log_target=True",10,0.75108286,0.33784155,0.34115787,-0.031717313
glucose_gL,all_known,raman_preprocessed_als_sg0_snv_area,als_sg0_snv_area,krr,"kernel=laplacian,alpha=0.1,gamma_scale=1.0,max_features=192,x_transform=none,log_target=True",10,0.75119417,0.3353002,0.35175478,-0.04029708
glucose_gL,all_known,raman_preprocessed_als_sg2_snv,als_sg2_snv,krr,"kernel=rbf,alpha=0.1,gamma_scale=2.0,max_features=192,x_transform=l2,log_target=True",10,0.75156188,0.33378052,0.3582023,-0.046046908
glucose_gL,all_known,parafac_raman_fusion_als_sg2_snv,als_sg2_snv+parafac,krr,"kernel=rbf,alpha=0.01,gamma_scale=1.0,max_features=192,x_transform=l2,log_target=True",10,0.75161699,0.30175156,0.39184418,-0.81245559
glucose_gL,all_known,parafac_raman_fusion_als_sg0_snv_area,als_sg0_snv_area+parafac,krr,"kernel=laplacian,alpha=0.1,gamma_scale=2.0,max_features=192,x_transform=none,log_target=False",10,0.75226013,0.28175045,0.41095945,-0.8482254
glucose_gL,all_known,raman_preprocessed_als_sg2_snv,als_sg2_snv,krr,"kernel=laplacian,alpha=0.01,gamma_scale=2.0,max_features=48,x_transform=none,log_target=True",10,0.75275831,0.33717035,0.34271147,-0.038711028
glucose_gL,all_known,raman_preprocessed_als_sg0_snv_area,als_sg0_snv_area,krr,"kernel=laplacian,alpha=0.1,gamma_scale=1.0,max_features=192,x_transform=l2,log_target=True",10,0.75279157,0.33149951,0.35859472,-0.053747474
glucose_gL,all_known,raman_preprocessed_als_sg2_snv,als_sg2_snv,krr,"kernel=laplacian,alpha=0.01,gamma_scale=1.0,max_features=192,x_transform=l2,log_target=True",10,0.75285461,0.33376149,0.36198116,-0.051104854
glucose_gL,all_known,raman_preprocessed_als_sg2_snv,als_sg2_snv,krr,"kernel=laplacian,alpha=0.01,gamma_scale=2.0,max_features=48,x_transform=l2,log_target=True",10,0.75295645,0.33268184,0.3514421,-0.047001747
glucose_gL,all_known,raman_preprocessed_als_sg2_snv,als_sg2_snv,krr,"kernel=rbf,alpha=0.01,gamma_scale=2.0,max_features=192,x_transform=none,log_target=True",10,0.75345706,0.32923058,0.36092813,-0.066302351
glucose_gL,all_known,parafac_raman_fusion_als_sg2_snv,als_sg2_snv+parafac,krr,"kernel=rbf,alpha=0.01,gamma_scale=1.0,max_features=192,x_transform=none,log_target=True",10,0.75346206,0.29753338,0.39462828,-0.90716217
glucose_gL,all_known,parafac_raman_fusion_als_sg0_snv_area,als_sg0_snv_area+parafac,krr,"kernel=laplacian,alpha=0.01,gamma_scale=2.0,max_features=192,x_transform=l2,log_target=False",10,0.75347884,0.273407,0.42646094,-1.0030052
glucose_gL,all_known,raman_preprocessed_als_sg0_snv_area,als_sg0_snv_area,krr,"kernel=laplacian,alpha=0.01,gamma_scale=1.0,max_features=192,x_transform=none,log_target=True",10,0.75362078,0.33488952,0.35454952,-0.049956882
glucose_gL,all_known,raman_preprocessed_als_sg2_snv,als_sg2_snv,krr,"kernel=laplacian,alpha=0.01,gamma_scale=1.0,max_features=192,x_transform=none,log_target=True",10,0.75374645,0.33319662,0.36372994,-0.055527806
glucose_gL,all_known,parafac_raman_fusion_als_sg0_snv_area,als_sg0_snv_area+parafac,krr,"kernel=rbf,alpha=0.01,gamma_scale=1.0,max_features=192,x_transform=none,log_target=True",10,0.7538787,0.30007618,0.37856835,-0.52289495
glucose_gL,all_known,raman_preprocessed_als_sg2_snv,als_sg2_snv,krr,"kernel=rbf,alpha=0.01,gamma_scale=2.0,max_features=192,x_transform=l2,log_target=True",10,0.75393407,0.33249098,0.36161967,-0.057593204
glucose_gL,all_known,parafac_raman_fusion_als_sg2_snv,als_sg2_snv+parafac,krr,"kernel=rbf,alpha=0.01,gamma_scale=2.0,max_features=48,x_transform=none,log_target=True",10,0.75411476,0.30564882,0.35985902,-0.76999348
glucose_gL,all_known,parafac_raman_fusion_als_sg2_snv,als_sg2_snv+parafac,krr,"kernel=laplacian,alpha=0.1,gamma_scale=1.0,max_features=192,x_transform=l2,log_target=False",10,0.75422783,0.27477167,0.43705225,-1.2616418
glucose_gL,all_known,parafac_raman_fusion_als_sg2_snv,als_sg2_snv+parafac,krr,"kernel=rbf,alpha=0.1,gamma_scale=2.0,max_features=48,x_transform=l2,log_target=True",10,0.75520092,0.29575286,0.37208344,-0.93648828
glucose_gL,all_known,raman_preprocessed_als_sg0_snv_area,als_sg0_snv_area,krr,"kernel=laplacian,alpha=0.01,gamma_scale=1.0,max_features=192,x_transform=l2,log_target=True",10,0.75526921,0.3310648,0.36079871,-0.063992643
glucose_gL,all_known,parafac_raman_fusion_als_sg0_snv_area,als_sg0_snv_area+parafac,krr,"kernel=laplacian,alpha=0.01,gamma_scale=1.0,max_features=48,x_transform=none,log_target=True",10,0.7556463,0.30143711,0.38095641,-0.59736274
glucose_gL,all_known,parafac_raman_fusion_als_sg0_snv_area,als_sg0_snv_area+parafac,krr,"kernel=laplacian,alpha=0.01,gamma_scale=2.0,max_features=192,x_transform=none,log_target=False",10,0.75597215,0.27891049,0.41442995,-0.89846441
glucose_gL,all_known,parafac_raman_fusion_als_sg0_snv_area,als_sg0_snv_area+parafac,krr,"kernel=laplacian,alpha=0.01,gamma_scale=1.0,max_features=48,x_transform=l2,log_target=True",10,0.756012,0.29992131,0.38444045,-0.60583184
glucose_gL,all_known,parafac_raman_fusion_als_sg2_snv,als_sg2_snv+parafac,krr,"kernel=laplacian,alpha=0.01,gamma_scale=1.0,max_features=48,x_transform=l2,log_target=True",10,0.7563537,0.29543138,0.38301497,-0.90444712
glucose_gL,all_known,parafac_raman_fusion_als_sg2_snv,als_sg2_snv+parafac,krr,"kernel=laplacian,alpha=0.1,gamma_scale=1.0,max_features=192,x_transform=none,log_target=False",10,0.75635859,0.27427127,0.43994704,-1.3117239
glucose_gL,all_known,parafac_raman_fusion_als_sg2_snv,als_sg2_snv+parafac,krr,"kernel=laplacian,alpha=0.01,gamma_scale=1.0,max_features=48,x_transform=none,log_target=True",10,0.75702702,0.30171427,0.37656055,-0.84533188
glucose_gL,all_known,raman_preprocessed_als_sg0_snv_area,als_sg0_snv_area,krr,"kernel=rbf,alpha=0.1,gamma_scale=2.0,max_features=192,x_transform=l2,log_target=True",10,0.75712426,0.32395613,0.35588994,-0.079118828
glucose_gL,all_known,raman_preprocessed_als_sg2_snv,als_sg2_snv,krr,"kernel=laplacian,alpha=0.1,gamma_scale=2.0,max_features=192,x_transform=l2,log_target=False",10,0.75839813,0.30910956,0.41557533,-0.13394211
glucose_gL,all_known,raman_preprocessed_als_sg2_snv,als_sg2_snv,krr,"kernel=laplacian,alpha=0.1,gamma_scale=2.0,max_features=192,x_transform=none,log_target=False",10,0.7585137,0.30665726,0.41693589,-0.14342694
glucose_gL,all_known,parafac_raman_fusion_als_sg2_snv,als_sg2_snv+parafac,weighted_knn,"k=5,metric=manhattan,max_features=12,x_transform=none,log_target=True",10,0.75913516,0.32178545,0.34562704,-0.66883648
glucose_gL,all_known,raman_preprocessed_als_sg0_snv_area,als_sg0_snv_area,krr,"kernel=laplacian,alpha=0.1,gamma_scale=2.0,max_features=48,x_transform=none,log_target=True",10,0.75951864,0.32684584,0.34278045,-0.085306971
glucose_gL,all_known,raman_preprocessed_als_sg0_snv_area,als_sg0_snv_area,krr,"kernel=rbf,alpha=0.1,gamma_scale=2.0,max_features=192,x_transform=none,log_target=True",10,0.75960352,0.32745732,0.34173507,-0.080986954
glucose_gL,all_known,raman_preprocessed_als_sg0_snv_area,als_sg0_snv_area,krr,"kernel=rbf,alpha=0.01,gamma_scale=2.0,max_features=192,x_transform=l2,log_target=True",10,0.75972513,0.32238085,0.3567528,-0.091310093
glucose_gL,all_known,eem_parafac_scores,parafac_rank_selected,weighted_knn,"k=3,metric=manhattan,max_features=12,x_transform=l2,log_target=False",10,0.75991298,0.31654009,0.37660952,-0.43670316
glucose_gL,all_known,eem_parafac_scores,parafac_rank_selected,weighted_knn,"k=3,metric=manhattan,max_features=48,x_transform=l2,log_target=False",10,0.75991298,0.31654009,0.37660952,-0.43670316
glucose_gL,all_known,eem_parafac_scores,parafac_rank_selected,weighted_knn,"k=3,metric=manhattan,max_features=192,x_transform=l2,log_target=False",10,0.75991298,0.31654009,0.37660952,-0.43670316
glucose_gL,all_known,parafac_raman_fusion_als_sg2_snv,als_sg2_snv+parafac,krr,"kernel=laplacian,alpha=0.01,gamma_scale=1.0,max_features=192,x_transform=l2,log_target=False",10,0.76018659,0.27082054,0.44307345,-1.3712289
glucose_gL,all_known,raman_preprocessed_als_sg2_snv,als_sg2_snv,krr,"kernel=laplacian,alpha=0.01,gamma_scale=2.0,max_features=192,x_transform=l2,log_target=False",10,0.76053355,0.30742733,0.41762345,-0.14648619
glucose_gL,all_known,parafac_raman_fusion_als_sg2_snv,als_sg2_snv+parafac,krr,"kernel=laplacian,alpha=0.1,gamma_scale=2.0,max_features=12,x_transform=l2,log_target=True",10,0.76073465,0.30624356,0.36895827,-0.73399931
glucose_gL,all_known,raman_preprocessed_als_sg2_snv,als_sg2_snv,krr,"kernel=laplacian,alpha=0.01,gamma_scale=2.0,max_features=192,x_transform=none,log_target=False",10,0.76086688,0.30482588,0.41910826,-0.15751263
glucose_gL,all_known,parafac_raman_fusion_als_sg2_snv,als_sg2_snv+parafac,krr,"kernel=laplacian,alpha=0.1,gamma_scale=2.0,max_features=48,x_transform=none,log_target=False",10,0.76104125,0.281497,0.4175094,-1.2908558
glucose_gL,all_known,raman_preprocessed_als_sg0_snv_area,als_sg0_snv_area,krr,"kernel=laplacian,alpha=0.1,gamma_scale=2.0,max_features=48,x_transform=l2,log_target=True",10,0.76124237,0.3213,0.35355375,-0.0983419
glucose_gL,all_known,parafac_raman_fusion_als_sg2_snv,als_sg2_snv+parafac,krr,"kernel=rbf,alpha=0.01,gamma_scale=2.0,max_features=48,x_transform=l2,log_target=True",10,0.76153373,0.29142326,0.37640441,-1.0644339
glucose_gL,all_known,parafac_raman_fusion_als_sg2_snv,als_sg2_snv+parafac,krr,"kernel=laplacian,alpha=0.1,gamma_scale=1.0,max_features=12,x_transform=none,log_target=True",10,0.76186048,0.31351318,0.3695579,-0.71787612
glucose_gL,all_known,raman_preprocessed_als_sg0_snv_area,als_sg0_snv_area,krr,"kernel=laplacian,alpha=0.01,gamma_scale=2.0,max_features=48,x_transform=none,log_target=True",10,0.76191087,0.32526224,0.34470693,-0.097471694
glucose_gL,all_known,parafac_raman_fusion_als_sg2_snv,als_sg2_snv+parafac,krr,"kernel=rbf,alpha=0.1,gamma_scale=2.0,max_features=192,x_transform=none,log_target=False",10,0.76250486,0.26709523,0.43463288,-1.6264393
glucose_gL,all_known,parafac_raman_fusion_als_sg0_snv_area,als_sg0_snv_area+parafac,krr,"kernel=rbf,alpha=0.1,gamma_scale=2.0,max_features=48,x_transform=none,log_target=True",10,0.76258452,0.30794703,0.36606524,-0.56391122
glucose_gL,all_known,parafac_raman_fusion_als_sg2_snv,als_sg2_snv+parafac,krr,"kernel=rbf,alpha=0.1,gamma_scale=2.0,max_features=192,x_transform=l2,log_target=False",10,0.76297435,0.270834,0.4352177,-1.5016431
glucose_gL,all_known,raman_preprocessed_als_sg2_snv,als_sg2_snv,krr,"kernel=laplacian,alpha=0.1,gamma_scale=1.0,max_features=48,x_transform=none,log_target=True",10,0.76304019,0.33014221,0.35838747,-0.090106825
glucose_gL,all_known,parafac_raman_fusion_als_sg2_snv,als_sg2_snv+parafac,krr,"kernel=laplacian,alpha=0.01,gamma_scale=1.0,max_features=192,x_transform=none,log_target=False",10,0.7630954,0.27014282,0.44658156,-1.4352564
glucose_gL,all_known,raman_preprocessed_als_sg2_snv,als_sg2_snv,krr,"kernel=laplacian,alpha=0.1,gamma_scale=1.0,max_features=48,x_transform=l2,log_target=True",10,0.76346151,0.32483375,0.36493612,-0.10182708
glucose_gL,all_known,raman_preprocessed_als_sg0_snv_area,als_sg0_snv_area,krr,"kernel=rbf,alpha=0.01,gamma_scale=2.0,max_features=192,x_transform=none,log_target=True",10,0.76347069,0.32549135,0.34552488,-0.098561167
glucose_gL,all_known,raman_preprocessed_als_sg0_snv_area,als_sg0_snv_area,krr,"kernel=laplacian,alpha=0.01,gamma_scale=2.0,max_features=48,x_transform=l2,log_target=True",10,0.76366132,0.31994314,0.35519523,-0.1098453
glucose_gL,all_known,raman_preprocessed_als_sg2_snv,als_sg2_snv,krr,"kernel=laplacian,alpha=0.1,gamma_scale=2.0,max_features=12,x_transform=none,log_target=True",10,0.76394646,0.34735459,0.3369367,-0.056942525
glucose_gL,all_known,parafac_raman_fusion_als_sg0_snv_area,als_sg0_snv_area+parafac,krr,"kernel=laplacian,alpha=0.1,gamma_scale=2.0,max_features=12,x_transform=none,log_target=True",10,0.76444067,0.30435234,0.36795106,-0.58230684
glucose_gL,all_known,raman_preprocessed_als_sg2_snv,als_sg2_snv,krr,"kernel=rbf,alpha=0.1,gamma_scale=2.0,max_features=48,x_transform=none,log_target=True",10,0.76446572,0.33155361,0.34696796,-0.090337326
glucose_gL,all_known,raman_preprocessed_als_sg0_snv_area,als_sg0_snv_area,krr,"kernel=rbf,alpha=0.1,gamma_scale=1.0,max_features=192,x_transform=l2,log_target=True",10,0.76451985,0.31634577,0.37383081,-0.11585663
glucose_gL,all_known,parafac_raman_fusion_als_sg2_snv,als_sg2_snv+parafac,krr,"kernel=laplacian,alpha=0.01,gamma_scale=2.0,max_features=12,x_transform=l2,log_target=True",10,0.76482637,0.30314189,0.37184647,-0.79692222
glucose_gL,all_known,parafac_raman_fusion_als_sg2_snv,als_sg2_snv+parafac,krr,"kernel=rbf,alpha=0.1,gamma_scale=2.0,max_features=12,x_transform=none,log_target=True",10,0.76498587,0.32255831,0.34731199,-0.63632623
glucose_gL,all_known,parafac_raman_fusion_als_sg2_snv,als_sg2_snv+parafac,krr,"kernel=laplacian,alpha=0.01,gamma_scale=1.0,max_features=12,x_transform=none,log_target=True",10,0.76534148,0.31101044,0.3728127,-0.79305511
glucose_gL,all_known,parafac_raman_fusion_als_sg2_snv,als_sg2_snv+parafac,krr,"kernel=rbf,alpha=0.1,gamma_scale=1.0,max_features=48,x_transform=none,log_target=True",10,0.76591019,0.2907437,0.38020133,-1.0614354
glucose_gL,all_known,raman_preprocessed_als_sg2_snv,als_sg2_snv,krr,"kernel=laplacian,alpha=0.01,gamma_scale=2.0,max_features=12,x_transform=none,log_target=True",10,0.76607341,0.34704915,0.33905221,-0.064814414
glucose_gL,all_known,parafac_raman_fusion_als_sg2_snv,als_sg2_snv+parafac,krr,"kernel=laplacian,alpha=0.01,gamma_scale=2.0,max_features=48,x_transform=none,log_target=False",10,0.7663893,0.27892956,0.42182786,-1.3798929
glucose_gL,all_known,raman_preprocessed_als_sg0_snv_area,als_sg0_snv_area,krr,"kernel=rbf,alpha=0.1,gamma_scale=1.0,max_features=192,x_transform=none,log_target=True",10,0.76649149,0.32000657,0.36364841,-0.11791249
glucose_gL,all_known,raman_preprocessed_als_sg0_snv_area,als_sg0_snv_area,krr,"kernel=laplacian,alpha=0.1,gamma_scale=2.0,max_features=192,x_transform=none,log_target=False",10,0.76707699,0.30098706,0.40691673,-0.17911624
glucose_gL,all_known,raman_preprocessed_als_sg2_snv,als_sg2_snv,krr,"kernel=laplacian,alpha=0.01,gamma_scale=1.0,max_features=48,x_transform=none,log_target=True",10,0.76850693,0.32812817,0.3617517,-0.11521613
glucose_gL,all_known,raman_preprocessed_als_sg2_snv,als_sg2_snv,krr,"kernel=rbf,alpha=0.01,gamma_scale=2.0,max_features=48,x_transform=none,log_target=True",10,0.7686104,0.33020908,0.35027079,-0.10885386
glucose_gL,all_known,raman_preprocessed_als_sg2_snv,als_sg2_snv,krr,"kernel=rbf,alpha=0.1,gamma_scale=1.0,max_features=192,x_transform=l2,log_target=True",10,0.7687767,0.32333251,0.38613819,-0.13586428
glucose_gL,all_known,parafac_raman_fusion_als_sg2_snv,als_sg2_snv+parafac,krr,"kernel=laplacian,alpha=0.1,gamma_scale=2.0,max_features=48,x_transform=l2,log_target=False",10,0.76881066,0.2682447,0.43691744,-1.5469521
glucose_gL,all_known,raman_preprocessed_als_sg2_snv,als_sg2_snv,weighted_knn,"k=5,metric=manhattan,max_features=12,x_transform=none,log_target=True",10,0.76898835,0.3480001,0.34467567,-0.083415945
glucose_gL,all_known,raman_preprocessed_als_sg2_snv,als_sg2_snv,krr,"kernel=laplacian,alpha=0.01,gamma_scale=1.0,max_features=48,x_transform=l2,log_target=True",10,0.76933874,0.32172994,0.36879998,-0.13076404
glucose_gL,all_known,parafac_raman_fusion_als_sg2_snv,als_sg2_snv+parafac,krr,"kernel=rbf,alpha=0.01,gamma_scale=2.0,max_features=192,x_transform=l2,log_target=False",10,0.769389,0.2665493,0.44242741,-1.6361513
glucose_gL,all_known,raman_preprocessed_als_sg2_snv,als_sg2_snv,krr,"kernel=rbf,alpha=0.1,gamma_scale=1.0,max_features=192,x_transform=none,log_target=True",10,0.76968463,0.32017644,0.38758974,-0.14912931
glucose_gL,all_known,parafac_raman_fusion_als_sg2_snv,als_sg2_snv+parafac,krr,"kernel=rbf,alpha=0.01,gamma_scale=2.0,max_features=192,x_transform=none,log_target=False",10,0.76969449,0.26232507,0.44251894,-1.7860063
glucose_gL,all_known,raman_preprocessed_als_sg0_snv_area,als_sg0_snv_area,krr,"kernel=laplacian,alpha=0.1,gamma_scale=2.0,max_features=192,x_transform=l2,log_target=False",10,0.76996988,0.29515261,0.42290629,-0.20638157
glucose_gL,all_known,raman_preprocessed_als_sg2_snv,als_sg2_snv,krr,"kernel=rbf,alpha=0.1,gamma_scale=2.0,max_features=48,x_transform=l2,log_target=True",10,0.77016808,0.31986638,0.36329117,-0.13679435
glucose_gL,all_known,raman_preprocessed_als_sg0_snv_area,als_sg0_snv_area,krr,"kernel=laplacian,alpha=0.01,gamma_scale=2.0,max_features=192,x_transform=none,log_target=False",10,0.77062545,0.29825351,0.40983273,-0.19980348
glucose_gL,all_known,eem_parafac_scores,parafac_rank_selected,krr,"kernel=rbf,alpha=0.1,gamma_scale=1.0,max_features=12,x_transform=none,log_target=False",10,0.77074397,0.26015069,0.45609155,-1.4299058
glucose_gL,all_known,eem_parafac_scores,parafac_rank_selected,krr,"kernel=rbf,alpha=0.1,gamma_scale=1.0,max_features=48,x_transform=none,log_target=False",10,0.77074397,0.26015069,0.45609155,-1.4299058
glucose_gL,all_known,eem_parafac_scores,parafac_rank_selected,krr,"kernel=rbf,alpha=0.1,gamma_scale=1.0,max_features=192,x_transform=none,log_target=False",10,0.77074397,0.26015069,0.45609155,-1.4299058
glucose_gL,all_known,raman_preprocessed_als_sg2_snv,als_sg2_snv,krr,"kernel=laplacian,alpha=0.1,gamma_scale=2.0,max_features=12,x_transform=l2,log_target=True",10,0.77081638,0.3350517,0.35373944,-0.10345078
glucose_gL,all_known,parafac_raman_fusion_als_sg0_snv_area,als_sg0_snv_area+parafac,krr,"kernel=rbf,alpha=0.1,gamma_scale=2.0,max_features=48,x_transform=l2,log_target=True",10,0.77135029,0.29240437,0.38225332,-0.75122361
glucose_gL,all_known,parafac_raman_fusion_als_sg0_snv_area,als_sg0_snv_area+parafac,krr,"kernel=laplacian,alpha=0.01,gamma_scale=2.0,max_features=12,x_transform=none,log_target=True",10,0.77137195,0.30007127,0.37314864,-0.6707618
glucose_gL,all_known,raman_preprocessed_als_sg0_snv_area,als_sg0_snv_area,krr,"kernel=laplacian,alpha=0.1,gamma_scale=1.0,max_features=48,x_transform=none,log_target=True",10,0.77155278,0.31754246,0.36210369,-0.14831642
glucose_gL,all_known,parafac_raman_fusion_als_sg2_snv,als_sg2_snv+parafac,weighted_knn,"k=3,metric=manhattan,max_features=12,x_transform=none,log_target=True",10,0.77207466,0.32073973,0.34930201,-0.91128778
glucose_gL,all_known,parafac_raman_fusion_als_sg0_snv_area,als_sg0_snv_area+parafac,krr,"kernel=rbf,alpha=0.01,gamma_scale=2.0,max_features=48,x_transform=none,log_target=True",10,0.7721384,0.30283028,0.37354588,-0.66661069
glucose_gL,all_known,raman_preprocessed_als_sg0_snv_area,als_sg0_snv_area,krr,"kernel=laplacian,alpha=0.1,gamma_scale=1.0,max_features=48,x_transform=l2,log_target=True",10,0.77265366,0.31601217,0.36883881,-0.15076001
glucose_gL,all_known,parafac_raman_fusion_als_sg0_snv_area,als_sg0_snv_area+parafac,krr,"kernel=laplacian,alpha=0.1,gamma_scale=1.0,max_features=192,x_transform=l2,log_target=False",10,0.7726691,0.26003349,0.45312529,-1.2997059
glucose_gL,all_known,raman_preprocessed_als_sg0_snv_area,als_sg0_snv_area,krr,"kernel=rbf,alpha=0.01,gamma_scale=1.0,max_features=192,x_transform=l2,log_target=True",10,0.77271996,0.31218744,0.38000447,-0.15199556
glucose_gL,all_known,parafac_raman_fusion_als_sg0_snv_area,als_sg0_snv_area+parafac,krr,"kernel=laplacian,alpha=0.1,gamma_scale=1.0,max_features=192,x_transform=none,log_target=False",10,0.77279948,0.26462794,0.44670927,-1.198117
glucose_gL,all_known,parafac_raman_fusion_als_sg2_snv,als_sg2_snv+parafac,krr,"kernel=rbf,alpha=0.01,gamma_scale=2.0,max_features=12,x_transform=none,log_target=True",10,0.77287443,0.32017189,0.35564308,-0.71708142
glucose_gL,all_known,raman_preprocessed_als_sg2_snv,als_sg2_snv,krr,"kernel=laplacian,alpha=0.1,gamma_scale=2.0,max_features=48,x_transform=none,log_target=False",10,0.77302495,0.30973059,0.40425676,-0.18255971
glucose_gL,all_known,raman_preprocessed_als_sg0_snv_area,als_sg0_snv_area,krr,"kernel=laplacian,alpha=0.01,gamma_scale=2.0,max_features=192,x_transform=l2,log_target=False",10,0.773344,0.29265314,0.42504725,-0.22631221
glucose_gL,all_known,parafac_raman_fusion_als_sg2_snv,als_sg2_snv+parafac,krr,"kernel=rbf,alpha=0.1,gamma_scale=1.0,max_features=48,x_transform=l2,log_target=True",10,0.77358549,0.27920948,0.39446221,-1.3425816
glucose_gL,all_known,raman_preprocessed_als_sg2_snv,als_sg2_snv,weighted_knn,"k=5,metric=manhattan,max_features=48,x_transform=none,log_target=True",10,0.77408917,0.34522746,0.35914762,-0.11044297
glucose_gL,all_known,raman_preprocessed_als_sg2_snv,als_sg2_snv,krr,"kernel=laplacian,alpha=0.1,gamma_scale=1.0,max_features=12,x_transform=none,log_target=True",10,0.77446001,0.34290973,0.35478492,-0.10001916
glucose_gL,all_known,raman_preprocessed_als_sg2_snv,als_sg2_snv,krr,"kernel=laplacian,alpha=0.01,gamma_scale=2.0,max_features=12,x_transform=l2,log_target=True",10,0.77446177,0.33354135,0.3564441,-0.11936835
glucose_gL,all_known,parafac_raman_fusion_als_sg2_snv,als_sg2_snv+parafac,krr,"kernel=laplacian,alpha=0.01,gamma_scale=2.0,max_features=48,x_transform=l2,log_target=False",10,0.77470049,0.26495716,0.44154378,-1.6536724
glucose_gL,all_known,raman_preprocessed_als_sg2_snv,als_sg2_snv,weighted_knn,"k=3,metric=manhattan,max_features=12,x_transform=none,log_target=True",10,0.77492133,0.3412335,0.34879647,-0.12749707
glucose_gL,all_known,raman_preprocessed_als_sg2_snv,als_sg2_snv,krr,"kernel=laplacian,alpha=0.1,gamma_scale=1.0,max_features=192,x_transform=l2,log_target=False",10,0.77570891,0.29676678,0.43697474,-0.23639183
glucose_gL,all_known,raman_preprocessed_als_sg2_snv,als_sg2_snv,krr,"kernel=rbf,alpha=0.01,gamma_scale=2.0,max_features=48,x_transform=l2,log_target=True",10,0.77624862,0.31631413,0.3678584,-0.16907924
glucose_gL,all_known,parafac_raman_fusion_als_sg0_snv_area,als_sg0_snv_area+parafac,krr,"kernel=laplacian,alpha=0.1,gamma_scale=2.0,max_features=12,x_transform=l2,log_target=True",10,0.77626505,0.2948414,0.38062768,-0.81103164
glucose_gL,all_known,parafac_raman_fusion_als_sg2_snv,als_sg2_snv+parafac,weighted_knn,"k=5,metric=manhattan,max_features=48,x_transform=none,log_target=True",10,0.77703353,0.29834018,0.37516901,-1.216748
glucose_gL,all_known,raman_preprocessed_als_sg0_snv_area,als_sg0_snv_area,krr,"kernel=laplacian,alpha=0.01,gamma_scale=1.0,max_features=48,x_transform=none,log_target=True",10,0.77744986,0.31498662,0.36622335,-0.17687971
glucose_gL,all_known,raman_preprocessed_als_sg0_snv_area,als_sg0_snv_area,krr,"kernel=laplacian,alpha=0.1,gamma_scale=2.0,max_features=12,x_transform=none,log_target=True",10,0.77748087,0.31383924,0.34617455,-0.18563901
glucose_gL,all_known,raman_preprocessed_als_sg2_snv,als_sg2_snv,krr,"kernel=laplacian,alpha=0.1,gamma_scale=1.0,max_features=192,x_transform=none,log_target=False",10,0.77776929,0.29523865,0.43985162,-0.25003427
glucose_gL,all_known,raman_preprocessed_als_sg2_snv,als_sg2_snv,krr,"kernel=laplacian,alpha=0.01,gamma_scale=2.0,max_features=48,x_transform=none,log_target=False",10,0.77779982,0.30763154,0.40763807,-0.20651817
glucose_gL,all_known,raman_preprocessed_als_sg0_snv_area,als_sg0_snv_area,krr,"kernel=rbf,alpha=0.01,gamma_scale=1.0,max_features=192,x_transform=none,log_target=True",10,0.77791789,0.3151336,0.37520462,-0.16884063
glucose_gL,all_known,parafac_raman_fusion_als_sg0_snv_area,als_sg0_snv_area+parafac,krr,"kernel=laplacian,alpha=0.1,gamma_scale=2.0,max_features=48,x_transform=none,log_target=False",10,0.77805776,0.26012185,0.42704134,-1.2003689
glucose_gL,all_known,parafac_raman_fusion_als_sg2_snv,als_sg2_snv+parafac,krr,"kernel=laplacian,alpha=0.1,gamma_scale=1.0,max_features=12,x_transform=l2,log_target=True",10,0.77813755,0.2904552,0.38888854,-1.0658439
glucose_gL,all_known,raman_preprocessed_als_sg2_snv,als_sg2_snv,krr,"kernel=rbf,alpha=0.01,gamma_scale=1.0,max_features=192,x_transform=l2,log_target=True",10,0.77842489,0.31823251,0.39775123,-0.18823806
glucose_gL,all_known,parafac_raman_fusion_als_sg2_snv,als_sg2_snv+parafac,weighted_knn,"k=5,metric=manhattan,max_features=192,x_transform=l2,log_target=True",10,0.77853258,0.29331758,0.38896602,-1.1034509
glucose_gL,all_known,raman_preprocessed_als_sg2_snv,als_sg2_snv,krr,"kernel=laplacian,alpha=0.01,gamma_scale=1.0,max_features=12,x_transform=none,log_target=True",10,0.77856212,0.34263704,0.35891555,-0.11525159
glucose_gL,all_known,raman_preprocessed_als_sg0_snv_area,als_sg0_snv_area,krr,"kernel=laplacian,alpha=0.01,gamma_scale=1.0,max_features=48,x_transform=l2,log_target=True",10,0.77880131,0.31401093,0.37293709,-0.17825777
glucose_gL,all_known,parafac_raman_fusion_als_sg0_snv_area,als_sg0_snv_area+parafac,krr,"kernel=rbf,alpha=0.1,gamma_scale=1.0,max_features=48,x_transform=none,log_target=True",10,0.77926354,0.29191958,0.39291347,-0.79053776
glucose_gL,all_known,raman_preprocessed_als_sg2_snv,als_sg2_snv,krr,"kernel=rbf,alpha=0.1,gamma_scale=1.0,max_features=48,x_transform=none,log_target=True",10,0.77946335,0.31890711,0.36979918,-0.17729684
glucose_gL,all_known,parafac_raman_fusion_als_sg0_snv_area,als_sg0_snv_area+parafac,krr,"kernel=rbf,alpha=0.1,gamma_scale=2.0,max_features=192,x_transform=l2,log_target=False",10,0.78001585,0.24481762,0.45083469,-1.4212065
glucose_gL,all_known,parafac_raman_fusion_als_sg2_snv,als_sg2_snv+parafac,krr,"kernel=rbf,alpha=0.01,gamma_scale=1.0,max_features=48,x_transform=none,log_target=True",10,0.7802917,0.28302739,0.39226981,-1.3159919
glucose_gL,all_known,raman_preprocessed_als_sg2_snv,als_sg2_snv,krr,"kernel=rbf,alpha=0.01,gamma_scale=1.0,max_features=192,x_transform=none,log_target=True",10,0.78047231,0.313835,0.40075959,-0.21131298
glucose_gL,all_known,parafac_raman_fusion_als_sg2_snv,als_sg2_snv+parafac,krr,"kernel=rbf,alpha=0.1,gamma_scale=1.0,max_features=12,x_transform=none,log_target=True",10,0.78072315,0.31104663,0.36959816,-1.0071192
glucose_gL,all_known,parafac_raman_fusion_als_sg0_snv_area,als_sg0_snv_area+parafac,krr,"kernel=laplacian,alpha=0.01,gamma_scale=1.0,max_features=192,x_transform=l2,log_target=False",10,0.78153514,0.25550721,0.46301568,-1.4152539
glucose_gL,all_known,raman_preprocessed_als_sg2_snv,als_sg2_snv,krr,"kernel=laplacian,alpha=0.01,gamma_scale=1.0,max_features=192,x_transform=l2,log_target=False",10,0.78204549,0.29313441,0.44302515,-0.27265228
glucose_gL,all_known,raman_preprocessed_als_sg2_snv,als_sg2_snv,krr,"kernel=laplacian,alpha=0.1,gamma_scale=1.0,max_features=12,x_transform=l2,log_target=True",10,0.78208313,0.33003928,0.36765644,-0.15367318
glucose_gL,all_known,parafac_raman_fusion_als_sg0_snv_area,als_sg0_snv_area+parafac,krr,"kernel=laplacian,alpha=0.01,gamma_scale=1.0,max_features=192,x_transform=none,log_target=False",10,0.78211677,0.25986409,0.4568071,-1.3073345
glucose_gL,all_known,raman_preprocessed_als_sg2_snv,als_sg2_snv,krr,"kernel=laplacian,alpha=0.1,gamma_scale=2.0,max_features=48,x_transform=l2,log_target=False",10,0.78250458,0.29586694,0.42460498,-0.25557375
glucose_gL,all_known,raman_preprocessed_als_sg0_snv_area,als_sg0_snv_area,krr,"kernel=laplacian,alpha=0.01,gamma_scale=2.0,max_features=12,x_transform=none,log_target=True",10,0.78273375,0.31117364,0.34946529,-0.21453975
glucose_gL,all_known,parafac_raman_fusion_als_sg0_snv_area,als_sg0_snv_area+parafac,krr,"kernel=rbf,alpha=0.01,gamma_scale=2.0,max_features=48,x_transform=l2,log_target=True",10,0.78273577,0.28633436,0.38920459,-0.87891061
glucose_gL,all_known,eem_parafac_scores,parafac_rank_selected,krr,"kernel=laplacian,alpha=0.1,gamma_scale=1.0,max_features=12,x_transform=none,log_target=True",10,0.78284327,0.27521693,0.400672,-1.2700726
glucose_gL,all_known,eem_parafac_scores,parafac_rank_selected,krr,"kernel=laplacian,alpha=0.1,gamma_scale=1.0,max_features=48,x_transform=none,log_target=True",10,0.78284327,0.27521693,0.400672,-1.2700726
glucose_gL,all_known,eem_parafac_scores,parafac_rank_selected,krr,"kernel=laplacian,alpha=0.1,gamma_scale=1.0,max_features=192,x_transform=none,log_target=True",10,0.78284327,0.27521693,0.400672,-1.2700726
glucose_gL,all_known,raman_preprocessed_als_sg2_snv,als_sg2_snv,krr,"kernel=rbf,alpha=0.1,gamma_scale=2.0,max_features=192,x_transform=l2,log_target=False",10,0.78328139,0.2931909,0.43453936,-0.28361314
glucose_gL,all_known,raman_preprocessed_als_sg2_snv,als_sg2_snv,krr,"kernel=rbf,alpha=0.1,gamma_scale=2.0,max_features=192,x_transform=none,log_target=False",10,0.78382488,0.28769263,0.43397909,-0.31379467
glucose_gL,all_known,parafac_raman_fusion_als_sg0_snv_area,als_sg0_snv_area+parafac,krr,"kernel=laplacian,alpha=0.1,gamma_scale=1.0,max_features=12,x_transform=none,log_target=True",10,0.78414936,0.2866994,0.39628715,-0.90059939
glucose_gL,all_known,parafac_raman_fusion_als_sg0_snv_area,als_sg0_snv_area+parafac,krr,"kernel=laplacian,alpha=0.1,gamma_scale=2.0,max_features=48,x_transform=l2,log_target=False",10,0.78449683,0.2482117,0.44620084,-1.3934957
glucose_gL,all_known,raman_preprocessed_als_sg0_snv_area,als_sg0_snv_area,krr,"kernel=laplacian,alpha=0.1,gamma_scale=2.0,max_features=12,x_transform=l2,log_target=True",10,0.78465087,0.3041695,0.35455316,-0.2406405
glucose_gL,all_known,parafac_raman_fusion_als_sg0_snv_area,als_sg0_snv_area+parafac,krr,"kernel=laplacian,alpha=0.01,gamma_scale=2.0,max_features=48,x_transform=none,log_target=False",10,0.78472215,0.25635804,0.43236563,-1.2855567
glucose_gL,all_known,raman_preprocessed_als_sg2_snv,als_sg2_snv,krr,"kernel=laplacian,alpha=0.01,gamma_scale=1.0,max_features=192,x_transform=none,log_target=False",10,0.7848423,0.29133024,0.44657799,-0.29075997
glucose_gL,all_known,parafac_raman_fusion_als_sg0_snv_area,als_sg0_snv_area+parafac,krr,"kernel=rbf,alpha=0.1,gamma_scale=1.0,max_features=48,x_transform=l2,log_target=True",10,0.78535667,0.28352818,0.40438998,-0.9583866
glucose_gL,all_known,raman_preprocessed_als_sg0_snv_area,als_sg0_snv_area,krr,"kernel=rbf,alpha=0.1,gamma_scale=2.0,max_features=48,x_transform=none,log_target=True",10,0.78558408,0.31695426,0.35403747,-0.20134965
glucose_gL,all_known,parafac_raman_fusion_als_sg0_snv_area,als_sg0_snv_area+parafac,krr,"kernel=rbf,alpha=0.01,gamma_scale=2.0,max_features=192,x_transform=l2,log_target=False",10,0.78779397,0.23910132,0.4578226,-1.5467958
glucose_gL,all_known,parafac_raman_fusion_als_sg2_snv,als_sg2_snv+parafac,krr,"kernel=laplacian,alpha=0.01,gamma_scale=1.0,max_features=12,x_transform=l2,log_target=True",10,0.78781956,0.28267443,0.39569249,-1.2253074
glucose_gL,all_known,parafac_raman_fusion_als_sg0_snv_area,als_sg0_snv_area+parafac,weighted_knn,"k=5,metric=manhattan,max_features=192,x_transform=l2,log_target=True",10,0.78812137,0.27480866,0.38422084,-1.2047621
glucose_gL,all_known,raman_preprocessed_als_sg2_snv,als_sg2_snv,krr,"kernel=rbf,alpha=0.1,gamma_scale=1.0,max_features=48,x_transform=l2,log_target=True",10,0.7882008,0.30690422,0.38467907,-0.24474394
glucose_gL,all_known,parafac_raman_fusion_als_sg0_snv_area,als_sg0_snv_area+parafac,weighted_knn,"k=5,metric=manhattan,max_features=192,x_transform=none,log_target=True",10,0.78825706,0.2629805,0.39972999,-1.5781424
glucose_gL,all_known,raman_preprocessed_als_sg2_snv,als_sg2_snv,krr,"kernel=laplacian,alpha=0.01,gamma_scale=2.0,max_features=48,x_transform=l2,log_target=False",10,0.78843939,0.29254192,0.42911397,-0.28817771
glucose_gL,all_known,parafac_raman_fusion_als_sg2_snv,als_sg2_snv+parafac,weighted_knn,"k=5,metric=manhattan,max_features=12,x_transform=none,log_target=False",10,0.78859157,0.29807363,0.38243343,-1.4621371
glucose_gL,all_known,parafac_raman_fusion_als_sg0_snv_area,als_sg0_snv_area+parafac,krr,"kernel=laplacian,alpha=0.01,gamma_scale=2.0,max_features=12,x_transform=l2,log_target=True",10,0.78864509,0.28866906,0.38721822,-0.99385625
glucose_gL,all_known,parafac_raman_fusion_als_sg2_snv,als_sg2_snv+parafac,weighted_knn,"k=3,metric=manhattan,max_features=48,x_transform=none,log_target=True",10,0.78916866,0.30226159,0.37979505,-1.231489
glucose_gL,all_known,parafac_raman_fusion_als_sg2_snv,als_sg2_snv+parafac,weighted_knn,"k=5,metric=manhattan,max_features=192,x_transform=none,log_target=True",10,0.78948679,0.27839273,0.40481601,-1.4896338
glucose_gL,all_known,raman_preprocessed_als_sg2_snv,als_sg2_snv,krr,"kernel=rbf,alpha=0.01,gamma_scale=1.0,max_features=48,x_transform=none,log_target=True",10,0.78965536,0.31680737,0.37792362,-0.22645242
glucose_gL,all_known,parafac_raman_fusion_als_sg0_snv_area,als_sg0_snv_area+parafac,krr,"kernel=rbf,alpha=0.1,gamma_scale=2.0,max_features=192,x_transform=none,log_target=False",10,0.78985226,0.24900759,0.44214984,-1.3024954
glucose_gL,all_known,parafac_raman_fusion_als_sg2_snv,als_sg2_snv+parafac,krr,"kernel=rbf,alpha=0.01,gamma_scale=1.0,max_features=48,x_transform=l2,log_target=True",10,0.78991517,0.26919883,0.40786144,-1.7454433
glucose_gL,all_known,raman_preprocessed_als_sg0_snv_area,als_sg0_snv_area,krr,"kernel=laplacian,alpha=0.1,gamma_scale=1.0,max_features=12,x_transform=none,log_target=True",10,0.79004335,0.30043118,0.36571214,-0.26615794
glucose_gL,all_known,raman_preprocessed_als_sg0_snv_area,als_sg0_snv_area,krr,"kernel=laplacian,alpha=0.1,gamma_scale=1.0,max_features=192,x_transform=none,log_target=False",10,0.79007105,0.28422639,0.44197531,-0.31602017
glucose_gL,all_known,raman_preprocessed_als_sg2_snv,als_sg2_snv,krr,"kernel=rbf,alpha=0.01,gamma_scale=2.0,max_features=192,x_transform=l2,log_target=False",10,0.79007915,0.2893265,0.44128173,-0.32534113
glucose_gL,all_known,raman_preprocessed_als_sg2_snv,als_sg2_snv,krr,"kernel=laplacian,alpha=0.01,gamma_scale=1.0,max_features=12,x_transform=l2,log_target=True",10,0.7902464,0.32798126,0.37387711,-0.18826292
glucose_gL,all_known,raman_preprocessed_als_sg0_snv_area,als_sg0_snv_area,krr,"kernel=rbf,alpha=0.1,gamma_scale=2.0,max_features=48,x_transform=l2,log_target=True",10,0.79120457,0.30641216,0.36872122,-0.24324528
glucose_gL,all_known,raman_preprocessed_als_sg2_snv,als_sg2_snv,krr,"kernel=rbf,alpha=0.01,gamma_scale=2.0,max_features=192,x_transform=none,log_target=False",10,0.79142364,0.2832521,0.44136239,-0.36327494
glucose_gL,all_known,parafac_raman_fusion_als_sg0_snv_area,als_sg0_snv_area+parafac,krr,"kernel=laplacian,alpha=0.01,gamma_scale=2.0,max_features=48,x_transform=l2,log_target=False",10,0.79157695,0.24505814,0.45169651,-1.4756548
glucose_gL,all_known,parafac_raman_fusion_als_sg2_snv,als_sg2_snv+parafac,krr,"kernel=laplacian,alpha=0.1,gamma_scale=2.0,max_features=12,x_transform=none,log_target=False",10,0.79165389,0.28791792,0.41600387,-1.3627515
glucose_gL,all_known,parafac_raman_fusion_als_sg0_snv_area,als_sg0_snv_area+parafac,weighted_knn,"k=5,metric=manhattan,max_features=12,x_transform=none,log_target=True",10,0.79226386,0.28730795,0.38643276,-1.0352239
glucose_gL,all_known,raman_preprocessed_als_sg2_snv,als_sg2_snv,krr,"kernel=rbf,alpha=0.1,gamma_scale=2.0,max_features=12,x_transform=none,log_target=True",10,0.79253671,0.33370957,0.34983108,-0.20484558
glucose_gL,all_known,raman_preprocessed_als_sg0_snv_area,als_sg0_snv_area,krr,"kernel=laplacian,alpha=0.1,gamma_scale=1.0,max_features=192,x_transform=l2,log_target=False",10,0.79270762,0.27999773,0.45053729,-0.33914261
glucose_gL,all_known,parafac_raman_fusion_als_sg2_snv,als_sg2_snv+parafac,weighted_knn,"k=5,metric=correlation,max_features=192,x_transform=none,log_target=True",10,0.79293292,0.28228328,0.39233776,-1.6008863
glucose_gL,all_known,parafac_raman_fusion_als_sg2_snv,als_sg2_snv+parafac,weighted_knn,"k=5,metric=correlation,max_features=192,x_transform=l2,log_target=True",10,0.79293292,0.28228328,0.39233776,-1.6008863
glucose_gL,all_known,raman_preprocessed_als_sg0_snv_area,als_sg0_snv_area,krr,"kernel=laplacian,alpha=0.01,gamma_scale=2.0,max_features=12,x_transform=l2,log_target=True",10,0.79352756,0.29991605,0.35844731,-0.29311343
glucose_gL,all_known,raman_preprocessed_als_sg2_snv,als_sg2_snv,weighted_knn,"k=5,metric=manhattan,max_features=192,x_transform=l2,log_target=True",10,0.79375849,0.30374888,0.38934906,-0.29984579
glucose_gL,all_known,raman_preprocessed_als_sg2_snv,als_sg2_snv,weighted_knn,"k=5,metric=manhattan,max_features=12,x_transform=none,log_target=False",10,0.79423264,0.34033666,0.38276152,-0.21415605
glucose_gL,all_known,raman_preprocessed_als_sg0_snv_area,als_sg0_snv_area,krr,"kernel=laplacian,alpha=0.1,gamma_scale=2.0,max_features=48,x_transform=none,log_target=False",10,0.79453705,0.2762938,0.41386923,-0.3498249
glucose_gL,all_known,parafac_raman_fusion_als_sg2_snv,als_sg2_snv+parafac,krr,"kernel=rbf,alpha=0.1,gamma_scale=2.0,max_features=48,x_transform=none,log_target=False",10,0.79455242,0.26650256,0.42761363,-1.922513
glucose_gL,all_known,raman_preprocessed_als_sg0_snv_area,als_sg0_snv_area,krr,"kernel=laplacian,alpha=0.1,gamma_scale=1.0,max_features=12,x_transform=l2,log_target=True",10,0.79459401,0.29758365,0.36817555,-0.30908915
glucose_gL,all_known,raman_preprocessed_als_sg0_snv_area,als_sg0_snv_area,krr,"kernel=rbf,alpha=0.01,gamma_scale=2.0,max_features=48,x_transform=none,log_target=True",10,0.79552842,0.31298106,0.36091813,-0.25074693
glucose_gL,all_known,eem_parafac_scores,parafac_rank_selected,krr,"kernel=laplacian,alpha=0.1,gamma_scale=2.0,max_features=12,x_transform=none,log_target=True",10,0.79586692,0.26951683,0.40439606,-1.5166938
glucose_gL,all_known,eem_parafac_scores,parafac_rank_selected,krr,"kernel=laplacian,alpha=0.1,gamma_scale=2.0,max_features=48,x_transform=none,log_target=True",10,0.79586692,0.26951683,0.40439606,-1.5166938
glucose_gL,all_known,eem_parafac_scores,parafac_rank_selected,krr,"kernel=laplacian,alpha=0.1,gamma_scale=2.0,max_features=192,x_transform=none,log_target=True",10,0.79586692,0.26951683,0.40439606,-1.5166938
glucose_gL,all_known,parafac_raman_fusion_als_sg0_snv_area,als_sg0_snv_area+parafac,krr,"kernel=laplacian,alpha=0.1,gamma_scale=1.0,max_features=12,x_transform=l2,log_target=True",10,0.79608102,0.2827643,0.40330551,-1.1649195
glucose_gL,all_known,parafac_raman_fusion_als_sg2_snv,als_sg2_snv+parafac,krr,"kernel=laplacian,alpha=0.01,gamma_scale=2.0,max_features=12,x_transform=none,log_target=False",10,0.79611202,0.28661197,0.41984161,-1.443126
glucose_gL,all_known,parafac_raman_fusion_als_sg0_snv_area,als_sg0_snv_area+parafac,weighted_knn,"k=5,metric=manhattan,max_features=48,x_transform=none,log_target=True",10,0.7962667,0.26398955,0.41098687,-1.6043171
glucose_gL,all_known,raman_preprocessed_als_sg0_snv_area,als_sg0_snv_area,krr,"kernel=rbf,alpha=0.1,gamma_scale=2.0,max_features=192,x_transform=l2,log_target=False",10,0.79788169,0.2639673,0.44318802,-0.39311222
glucose_gL,all_known,eem_parafac_scores,parafac_rank_selected,krr,"kernel=rbf,alpha=0.1,gamma_scale=2.0,max_features=12,x_transform=none,log_target=False",10,0.79802606,0.23827568,0.47079858,-1.9037479
glucose_gL,all_known,eem_parafac_scores,parafac_rank_selected,krr,"kernel=rbf,alpha=0.1,gamma_scale=2.0,max_features=48,x_transform=none,log_target=False",10,0.79802606,0.23827568,0.47079858,-1.9037479
glucose_gL,all_known,eem_parafac_scores,parafac_rank_selected,krr,"kernel=rbf,alpha=0.1,gamma_scale=2.0,max_features=192,x_transform=none,log_target=False",10,0.79802606,0.23827568,0.47079858,-1.9037479
glucose_gL,all_known,raman_preprocessed_als_sg0_snv_area,als_sg0_snv_area,weighted_knn,"k=5,metric=manhattan,max_features=192,x_transform=l2,log_target=True",10,0.79813521,0.29834028,0.37818277,-0.32971787
glucose_gL,all_known,parafac_raman_fusion_als_sg2_snv,als_sg2_snv+parafac,weighted_knn,"k=3,metric=manhattan,max_features=12,x_transform=none,log_target=False",10,0.79897043,0.31139357,0.38170439,-1.4645038
glucose_gL,all_known,raman_preprocessed_als_sg0_snv_area,als_sg0_snv_area,krr,"kernel=laplacian,alpha=0.01,gamma_scale=1.0,max_features=192,x_transform=none,log_target=False",10,0.79958155,0.27964769,0.4513108,-0.36970075
glucose_gL,all_known,eem_parafac_scores,parafac_rank_selected,krr,"kernel=rbf,alpha=0.01,gamma_scale=1.0,max_features=12,x_transform=none,log_target=False",10,0.79965123,0.24499888,0.47594732,-1.8123953
glucose_gL,all_known,eem_parafac_scores,parafac_rank_selected,krr,"kernel=rbf,alpha=0.01,gamma_scale=1.0,max_features=48,x_transform=none,log_target=False",10,0.79965123,0.24499888,0.47594732,-1.8123953
glucose_gL,all_known,eem_parafac_scores,parafac_rank_selected,krr,"kernel=rbf,alpha=0.01,gamma_scale=1.0,max_features=192,x_transform=none,log_target=False",10,0.79965123,0.24499888,0.47594732,-1.8123953
glucose_gL,all_known,raman_preprocessed_als_sg0_snv_area,als_sg0_snv_area,krr,"kernel=laplacian,alpha=0.1,gamma_scale=2.0,max_features=48,x_transform=l2,log_target=False",10,0.8006066,0.26771081,0.43157032,-0.38571848
glucose_gL,all_known,raman_preprocessed_als_sg0_snv_area,als_sg0_snv_area,krr,"kernel=rbf,alpha=0.01,gamma_scale=2.0,max_features=48,x_transform=l2,log_target=True",10,0.80062478,0.30340798,0.37369604,-0.28986146
glucose_gL,all_known,raman_preprocessed_als_sg0_snv_area,als_sg0_snv_area,krr,"kernel=laplacian,alpha=0.01,gamma_scale=2.0,max_features=48,x_transform=none,log_target=False",10,0.80077951,0.27193835,0.41766414,-0.38897326
glucose_gL,all_known,parafac_raman_fusion_als_sg0_snv_area,als_sg0_snv_area+parafac,krr,"kernel=rbf,alpha=0.01,gamma_scale=2.0,max_features=192,x_transform=none,log_target=False",10,0.80114369,0.24181526,0.45313365,-1.461828
glucose_gL,all_known,raman_preprocessed_als_sg2_snv,als_sg2_snv,krr,"kernel=laplacian,alpha=0.1,gamma_scale=2.0,max_features=12,x_transform=none,log_target=False",10,0.80126181,0.32189612,0.39613013,-0.25308767
glucose_gL,all_known,parafac_raman_fusion_als_sg0_snv_area,als_sg0_snv_area+parafac,krr,"kernel=laplacian,alpha=0.01,gamma_scale=1.0,max_features=12,x_transform=none,log_target=True",10,0.80153351,0.27766407,0.40865544,-1.1532119
glucose_gL,all_known,raman_preprocessed_als_sg0_snv_area,als_sg0_snv_area,krr,"kernel=rbf,alpha=0.1,gamma_scale=1.0,max_features=48,x_transform=none,log_target=True",10,0.80158147,0.30577503,0.38059513,-0.28328083
glucose_gL,all_known,raman_preprocessed_als_sg0_snv_area,als_sg0_snv_area,krr,"kernel=laplacian,alpha=0.01,gamma_scale=1.0,max_features=192,x_transform=l2,log_target=False",10,0.80193179,0.27594932,0.45904872,-0.39056178
glucose_gL,all_known,raman_preprocessed_als_sg2_snv,als_sg2_snv,krr,"kernel=rbf,alpha=0.1,gamma_scale=1.0,max_features=12,x_transform=none,log_target=True",10,0.80225814,0.32881721,0.36844792,-0.25955514
glucose_gL,all_known,raman_preprocessed_als_sg2_snv,als_sg2_snv,krr,"kernel=rbf,alpha=0.1,gamma_scale=2.0,max_features=48,x_transform=none,log_target=False",10,0.80229641,0.29458306,0.41450262,-0.33323718
glucose_gL,all_known,raman_preprocessed_als_sg0_snv_area,als_sg0_snv_area,krr,"kernel=rbf,alpha=0.1,gamma_scale=1.0,max_features=48,x_transform=l2,log_target=True",10,0.80246755,0.30037955,0.38745926,-0.2959755
glucose_gL,all_known,raman_preprocessed_als_sg0_snv_area,als_sg0_snv_area,krr,"kernel=laplacian,alpha=0.01,gamma_scale=1.0,max_features=12,x_transform=none,log_target=True",10,0.80250815,0.29383213,0.37305643,-0.34068403
glucose_gL,all_known,raman_preprocessed_als_sg2_snv,als_sg2_snv,krr,"kernel=rbf,alpha=0.01,gamma_scale=1.0,max_features=48,x_transform=l2,log_target=True",10,0.8026662,0.29974168,0.39558512,-0.33278776
glucose_gL,all_known,parafac_raman_fusion_als_sg2_snv,als_sg2_snv+parafac,krr,"kernel=laplacian,alpha=0.1,gamma_scale=1.0,max_features=48,x_transform=none,log_target=False",10,0.80291297,0.2572019,0.46652058,-2.0446079
glucose_gL,all_known,raman_preprocessed_als_sg2_snv,als_sg2_snv,krr,"kernel=rbf,alpha=0.01,gamma_scale=2.0,max_features=12,x_transform=none,log_target=True",10,0.80363191,0.32939524,0.36455942,-0.26816193
glucose_gL,all_known,raman_preprocessed_als_sg0_snv_area,als_sg0_snv_area,krr,"kernel=rbf,alpha=0.1,gamma_scale=2.0,max_features=192,x_transform=none,log_target=False",10,0.80366443,0.26633704,0.42848394,-0.41238027
glucose_gL,all_known,raman_preprocessed_als_sg2_snv,als_sg2_snv,weighted_knn,"k=3,metric=manhattan,max_features=12,x_transform=none,log_target=False",10,0.80369558,0.33204725,0.3816033,-0.31802911
glucose_gL,all_known,raman_preprocessed_als_sg0_snv_area,als_sg0_snv_area,weighted_knn,"k=5,metric=correlation,max_features=12,x_transform=none,log_target=True",10,0.80377098,0.28954385,0.37501915,-0.39266082
glucose_gL,all_known,raman_preprocessed_als_sg0_snv_area,als_sg0_snv_area,weighted_knn,"k=5,metric=correlation,max_features=12,x_transform=l2,log_target=True",10,0.80377098,0.28954385,0.37501915,-0.39266082
glucose_gL,all_known,raman_preprocessed_als_sg2_snv,als_sg2_snv,weighted_knn,"k=5,metric=manhattan,max_features=12,x_transform=l2,log_target=True",10,0.80425907,0.31205627,0.37628464,-0.33818224
glucose_gL,all_known,raman_preprocessed_als_sg0_snv_area,als_sg0_snv_area,krr,"kernel=rbf,alpha=0.01,gamma_scale=2.0,max_features=192,x_transform=l2,log_target=False",10,0.80562985,0.25906956,0.44803394,-0.44099502
glucose_gL,all_known,parafac_raman_fusion_als_sg2_snv,als_sg2_snv+parafac,krr,"kernel=rbf,alpha=0.01,gamma_scale=2.0,max_features=48,x_transform=none,log_target=False",10,0.80565114,0.26179828,0.43756205,-2.1178183
glucose_gL,all_known,raman_preprocessed_als_sg2_snv,als_sg2_snv,krr,"kernel=laplacian,alpha=0.01,gamma_scale=2.0,max_features=12,x_transform=none,log_target=False",10,0.80658354,0.32063215,0.40096513,-0.27643996
glucose_gL,all_known,raman_preprocessed_als_sg0_snv_area,als_sg0_snv_area,krr,"kernel=laplacian,alpha=0.01,gamma_scale=2.0,max_features=48,x_transform=l2,log_target=False",10,0.80675603,0.26422219,0.43499686,-0.4217442
glucose_gL,all_known,parafac_raman_fusion_als_sg2_snv,als_sg2_snv+parafac,krr,"kernel=rbf,alpha=0.1,gamma_scale=1.0,max_features=192,x_transform=l2,log_target=False",10,0.8071041,0.24120995,0.49727643,-2.3691634
glucose_gL,all_known,parafac_raman_fusion_als_sg2_snv,als_sg2_snv+parafac,krr,"kernel=rbf,alpha=0.01,gamma_scale=1.0,max_features=12,x_transform=none,log_target=True",10,0.80717892,0.30577451,0.39224409,-1.2912653
glucose_gL,all_known,raman_preprocessed_als_sg0_snv_area,als_sg0_snv_area,weighted_knn,"k=5,metric=manhattan,max_features=192,x_transform=none,log_target=True",10,0.80747105,0.27251306,0.40042492,-0.4435043
glucose_gL,all_known,raman_preprocessed_als_sg0_snv_area,als_sg0_snv_area,weighted_knn,"k=5,metric=manhattan,max_features=12,x_transform=l2,log_target=True",10,0.80752522,0.2895386,0.38556621,-0.39862721
glucose_gL,all_known,parafac_raman_fusion_als_sg0_snv_area,als_sg0_snv_area+parafac,krr,"kernel=rbf,alpha=0.01,gamma_scale=1.0,max_features=48,x_transform=none,log_target=True",10,0.807769,0.28047569,0.41583611,-1.1064559
glucose_gL,all_known,parafac_raman_fusion_als_sg0_snv_area,als_sg0_snv_area+parafac,weighted_knn,"k=5,metric=correlation,max_features=48,x_transform=none,log_target=True",10,0.80784002,0.25375244,0.42366624,-1.7319229
glucose_gL,all_known,parafac_raman_fusion_als_sg0_snv_area,als_sg0_snv_area+parafac,weighted_knn,"k=5,metric=correlation,max_features=48,x_transform=l2,log_target=True",10,0.80784002,0.25375244,0.42366624,-1.7319229
glucose_gL,all_known,parafac_raman_fusion_als_sg2_snv,als_sg2_snv+parafac,krr,"kernel=laplacian,alpha=0.1,gamma_scale=1.0,max_features=48,x_transform=l2,log_target=False",10,0.80803516,0.24606285,0.48256682,-2.2547244
glucose_gL,all_known,raman_preprocessed_als_sg2_snv,als_sg2_snv,weighted_knn,"k=5,metric=manhattan,max_features=192,x_transform=none,log_target=True",10,0.80844315,0.28327501,0.41476632,-0.43252526
glucose_gL,all_known,raman_preprocessed_als_sg2_snv,als_sg2_snv,weighted_knn,"k=3,metric=manhattan,max_features=48,x_transform=none,log_target=True",10,0.80877423,0.3348248,0.37911462,-0.28520183
glucose_gL,all_known,parafac_raman_fusion_als_sg0_snv_area,als_sg0_snv_area+parafac,krr,"kernel=rbf,alpha=0.1,gamma_scale=1.0,max_features=12,x_transform=l2,log_target=True",10,0.80904931,0.26832447,0.41237291,-1.4332462
glucose_gL,all_known,raman_preprocessed_als_sg2_snv,als_sg2_snv,weighted_knn,"k=5,metric=manhattan,max_features=48,x_transform=none,log_target=False",10,0.80909938,0.32990895,0.40838286,-0.29604437
glucose_gL,all_known,raman_preprocessed_als_sg2_snv,als_sg2_snv,krr,"kernel=laplacian,alpha=0.1,gamma_scale=1.0,max_features=48,x_transform=none,log_target=False",10,0.81013354,0.28977252,0.45233266,-0.3944034
glucose_gL,all_known,parafac_raman_fusion_als_sg0_snv_area,als_sg0_snv_area+parafac,krr,"kernel=rbf,alpha=0.1,gamma_scale=1.0,max_features=192,x_transform=l2,log_target=False",10,0.81021394,0.22541553,0.50594266,-1.8202637
glucose_gL,all_known,parafac_raman_fusion_als_sg0_snv_area,als_sg0_snv_area+parafac,weighted_knn,"k=5,metric=manhattan,max_features=48,x_transform=l2,log_target=True",10,0.81095125,0.26020055,0.43289905,-1.4862
glucose_gL,all_known,parafac_raman_fusion_als_sg2_snv,als_sg2_snv+parafac,krr,"kernel=rbf,alpha=0.1,gamma_scale=2.0,max_features=12,x_transform=l2,log_target=True",10,0.8111816,0.29153121,0.39269742,-1.5585237
glucose_gL,all_known,parafac_raman_fusion_als_sg0_snv_area,als_sg0_snv_area+parafac,weighted_knn,"k=5,metric=correlation,max_features=192,x_transform=none,log_target=True",10,0.81133924,0.26584832,0.41082087,-1.6114411
glucose_gL,all_known,parafac_raman_fusion_als_sg0_snv_area,als_sg0_snv_area+parafac,weighted_knn,"k=5,metric=correlation,max_features=192,x_transform=l2,log_target=True",10,0.81133924,0.26584832,0.41082087,-1.6114411
glucose_gL,all_known,parafac_raman_fusion_als_sg2_snv,als_sg2_snv+parafac,krr,"kernel=rbf,alpha=0.1,gamma_scale=1.0,max_features=192,x_transform=none,log_target=False",10,0.8115042,0.23623582,0.50239036,-2.5349016
glucose_gL,all_known,raman_preprocessed_als_sg2_snv,als_sg2_snv,krr,"kernel=rbf,alpha=0.01,gamma_scale=2.0,max_features=48,x_transform=none,log_target=False",10,0.81159931,0.29099804,0.42287917,-0.38365197
glucose_gL,all_known,parafac_raman_fusion_als_sg2_snv,als_sg2_snv+parafac,weighted_knn,"k=5,metric=manhattan,max_features=48,x_transform=none,log_target=False",10,0.81222662,0.27422426,0.42056899,-2.000899
glucose_gL,all_known,parafac_raman_fusion_als_sg0_snv_area,als_sg0_snv_area+parafac,krr,"kernel=rbf,alpha=0.01,gamma_scale=1.0,max_features=48,x_transform=l2,log_target=True",10,0.81325693,0.27013805,0.42468754,-1.2976643
glucose_gL,all_known,raman_preprocessed_als_sg0_snv_area,als_sg0_snv_area,krr,"kernel=laplacian,alpha=0.01,gamma_scale=1.0,max_features=12,x_transform=l2,log_target=True",10,0.81367116,0.28933421,0.37838726,-0.4305622
glucose_gL,all_known,raman_preprocessed_als_sg0_snv_area,als_sg0_snv_area,weighted_knn,"k=5,metric=manhattan,max_features=12,x_transform=none,log_target=True",10,0.81419659,0.29830449,0.36808095,-0.40346235
glucose_gL,all_known,raman_preprocessed_als_sg0_snv_area,als_sg0_snv_area,krr,"kernel=rbf,alpha=0.01,gamma_scale=2.0,max_features=192,x_transform=none,log_target=False",10,0.81506519,0.25933369,0.43984627,-0.48493419
glucose_gL,all_known,raman_preprocessed_als_sg2_snv,als_sg2_snv,weighted_knn,"k=5,metric=correlation,max_features=192,x_transform=none,log_target=True",10,0.8161035,0.28614689,0.40176545,-0.47126633
glucose_gL,all_known,raman_preprocessed_als_sg2_snv,als_sg2_snv,weighted_knn,"k=5,metric=correlation,max_features=192,x_transform=l2,log_target=True",10,0.8161035,0.28614689,0.40176545,-0.47126633
glucose_gL,all_known,raman_preprocessed_als_sg0_snv_area,als_sg0_snv_area,weighted_knn,"k=5,metric=correlation,max_features=192,x_transform=none,log_target=True",10,0.8162168,0.28338239,0.40232144,-0.43825758
glucose_gL,all_known,raman_preprocessed_als_sg0_snv_area,als_sg0_snv_area,weighted_knn,"k=5,metric=correlation,max_features=192,x_transform=l2,log_target=True",10,0.8162168,0.28338239,0.40232144,-0.43825758
glucose_gL,all_known,raman_preprocessed_als_sg2_snv,als_sg2_snv,weighted_knn,"k=5,metric=manhattan,max_features=48,x_transform=l2,log_target=True",10,0.81648302,0.28366549,0.40294956,-0.47893408
glucose_gL,all_known,raman_preprocessed_als_sg0_snv_area,als_sg0_snv_area,krr,"kernel=rbf,alpha=0.1,gamma_scale=1.0,max_features=12,x_transform=l2,log_target=True",10,0.81691636,0.28727736,0.39259347,-0.40758396
glucose_gL,all_known,parafac_raman_fusion_als_sg2_snv,als_sg2_snv+parafac,krr,"kernel=laplacian,alpha=0.01,gamma_scale=1.0,max_features=48,x_transform=none,log_target=False",10,0.81706666,0.25214625,0.4775866,-2.2823283
glucose_gL,all_known,parafac_raman_fusion_als_sg0_snv_area,als_sg0_snv_area+parafac,krr,"kernel=rbf,alpha=0.1,gamma_scale=1.0,max_features=192,x_transform=none,log_target=False",10,0.81727465,0.22711445,0.50391891,-1.7379962
glucose_gL,all_known,parafac_raman_fusion_als_sg0_snv_area,als_sg0_snv_area+parafac,krr,"kernel=laplacian,alpha=0.1,gamma_scale=1.0,max_features=48,x_transform=none,log_target=False",10,0.81737957,0.23265126,0.48297448,-1.9096496
glucose_gL,all_known,raman_preprocessed_als_sg2_snv,als_sg2_snv,krr,"kernel=laplacian,alpha=0.1,gamma_scale=1.0,max_features=48,x_transform=l2,log_target=False",10,0.81839223,0.27600945,0.47010545,-0.46888445
glucose_gL,all_known,eem_parafac_scores,parafac_rank_selected,krr,"kernel=rbf,alpha=0.01,gamma_scale=2.0,max_features=12,x_transform=none,log_target=False",10,0.81990574,0.22234275,0.49098793,-2.3453785
glucose_gL,all_known,eem_parafac_scores,parafac_rank_selected,krr,"kernel=rbf,alpha=0.01,gamma_scale=2.0,max_features=48,x_transform=none,log_target=False",10,0.81990574,0.22234275,0.49098793,-2.3453785
glucose_gL,all_known,eem_parafac_scores,parafac_rank_selected,krr,"kernel=rbf,alpha=0.01,gamma_scale=2.0,max_features=192,x_transform=none,log_target=False",10,0.81990574,0.22234275,0.49098793,-2.3453785
glucose_gL,all_known,parafac_raman_fusion_als_sg0_snv_area,als_sg0_snv_area+parafac,krr,"kernel=laplacian,alpha=0.1,gamma_scale=1.0,max_features=48,x_transform=l2,log_target=False",10,0.8199201,0.23133075,0.49289372,-1.9025155
glucose_gL,all_known,raman_preprocessed_als_sg0_snv_area,als_sg0_snv_area,weighted_knn,"k=5,metric=manhattan,max_features=48,x_transform=none,log_target=True",10,0.82129339,0.2870221,0.39622262,-0.4551408
glucose_gL,all_known,parafac_raman_fusion_als_sg0_snv_area,als_sg0_snv_area+parafac,weighted_knn,"k=5,metric=manhattan,max_features=12,x_transform=l2,log_target=True",10,0.82242057,0.25068189,0.42376791,-1.8550951
glucose_gL,all_known,raman_preprocessed_als_sg2_snv,als_sg2_snv,krr,"kernel=laplacian,alpha=0.01,gamma_scale=1.0,max_features=48,x_transform=none,log_target=False",10,0.82250871,0.28594311,0.46264996,-0.4634184
glucose_gL,all_known,parafac_raman_fusion_als_sg2_snv,als_sg2_snv+parafac,krr,"kernel=rbf,alpha=0.1,gamma_scale=1.0,max_features=12,x_transform=l2,log_target=True",10,0.82386564,0.28538607,0.40916843,-1.875849
glucose_gL,all_known,parafac_raman_fusion_als_sg2_snv,als_sg2_snv+parafac,krr,"kernel=rbf,alpha=0.1,gamma_scale=2.0,max_features=48,x_transform=l2,log_target=False",10,0.82392573,0.2403109,0.47005297,-2.7507497
glucose_gL,all_known,parafac_raman_fusion_als_sg2_snv,als_sg2_snv+parafac,krr,"kernel=laplacian,alpha=0.01,gamma_scale=1.0,max_features=48,x_transform=l2,log_target=False",10,0.82421452,0.23898788,0.49791573,-2.5299854
glucose_gL,all_known,parafac_raman_fusion_als_sg0_snv_area,als_sg0_snv_area+parafac,weighted_knn,"k=3,metric=manhattan,max_features=12,x_transform=none,log_target=True",10,0.82432463,0.25475117,0.39949922,-1.69989
glucose_gL,all_known,parafac_raman_fusion_als_sg0_snv_area,als_sg0_snv_area+parafac,krr,"kernel=laplacian,alpha=0.01,gamma_scale=1.0,max_features=12,x_transform=l2,log_target=True",10,0.82458157,0.27077162,0.41998877,-1.6766573
glucose_gL,all_known,parafac_raman_fusion_als_sg2_snv,als_sg2_snv+parafac,weighted_knn,"k=5,metric=correlation,max_features=12,x_transform=none,log_target=True",10,0.8245871,0.27798243,0.40187142,-1.7567006
glucose_gL,all_known,parafac_raman_fusion_als_sg2_snv,als_sg2_snv+parafac,weighted_knn,"k=5,metric=correlation,max_features=12,x_transform=l2,log_target=True",10,0.8245871,0.27798243,0.40187142,-1.7567006
glucose_gL,all_known,raman_preprocessed_als_sg0_snv_area,als_sg0_snv_area,krr,"kernel=rbf,alpha=0.01,gamma_scale=1.0,max_features=48,x_transform=l2,log_target=True",10,0.82465954,0.29275109,0.40082613,-0.40756867
glucose_gL,all_known,parafac_raman_fusion_als_sg2_snv,als_sg2_snv+parafac,weighted_knn,"k=5,metric=manhattan,max_features=12,x_transform=l2,log_target=True",10,0.82575239,0.27470899,0.4094234,-1.9840464
glucose_gL,all_known,raman_preprocessed_als_sg0_snv_area,als_sg0_snv_area,weighted_knn,"k=3,metric=manhattan,max_features=192,x_transform=l2,log_target=True",10,0.82577413,0.29985524,0.38594949,-0.48398154
glucose_gL,all_known,parafac_raman_fusion_als_sg0_snv_area,als_sg0_snv_area+parafac,weighted_knn,"k=3,metric=manhattan,max_features=192,x_transform=l2,log_target=True",10,0.82646143,0.28127292,0.39889416,-1.6361322
glucose_gL,all_known,parafac_raman_fusion_als_sg0_snv_area,als_sg0_snv_area+parafac,weighted_knn,"k=3,metric=manhattan,max_features=192,x_transform=none,log_target=True",10,0.82714416,0.25029394,0.41649018,-3.2434672
glucose_gL,all_known,parafac_raman_fusion_als_sg2_snv,als_sg2_snv+parafac,krr,"kernel=rbf,alpha=0.01,gamma_scale=2.0,max_features=12,x_transform=l2,log_target=True",10,0.82733091,0.28602283,0.40585781,-1.862488
glucose_gL,all_known,raman_preprocessed_als_sg0_snv_area,als_sg0_snv_area,krr,"kernel=rbf,alpha=0.1,gamma_scale=1.0,max_features=12,x_transform=none,log_target=True",10,0.82737345,0.28729306,0.3822819,-0.46713551
glucose_gL,all_known,parafac_raman_fusion_als_sg2_snv,als_sg2_snv+parafac,krr,"kernel=rbf,alpha=0.1,gamma_scale=2.0,max_features=12,x_transform=none,log_target=False",10,0.82815015,0.29018998,0.42918218,-1.9051219
glucose_gL,all_known,parafac_raman_fusion_als_sg2_snv,als_sg2_snv+parafac,krr,"kernel=rbf,alpha=0.01,gamma_scale=1.0,max_features=192,x_transform=l2,log_target=False",10,0.82870179,0.2286714,0.52316454,-2.7996594
glucose_gL,all_known,raman_preprocessed_als_sg0_snv_area,als_sg0_snv_area,krr,"kernel=laplacian,alpha=0.1,gamma_scale=2.0,max_features=12,x_transform=none,log_target=False",10,0.8287088,0.26118095,0.42286573,-0.56256805
glucose_gL,all_known,raman_preprocessed_als_sg2_snv,als_sg2_snv,krr,"kernel=rbf,alpha=0.1,gamma_scale=2.0,max_features=12,x_transform=l2,log_target=True",10,0.82986229,0.30358648,0.38431979,-0.43004814
glucose_gL,all_known,raman_preprocessed_als_sg2_snv,als_sg2_snv,krr,"kernel=rbf,alpha=0.1,gamma_scale=1.0,max_features=192,x_transform=l2,log_target=False",10,0.83008488,0.2672166,0.49760303,-0.58860983
glucose_gL,all_known,raman_preprocessed_als_sg0_snv_area,als_sg0_snv_area,krr,"kernel=rbf,alpha=0.1,gamma_scale=1.0,max_features=192,x_transform=l2,log_target=False",10,0.830418,0.24238104,0.49717284,-0.59282875
glucose_gL,all_known,raman_preprocessed_als_sg0_snv_area,als_sg0_snv_area,krr,"kernel=rbf,alpha=0.01,gamma_scale=1.0,max_features=48,x_transform=none,log_target=True",10,0.83075669,0.29458126,0.40032882,-0.43494185
glucose_gL,all_known,raman_preprocessed_als_sg0_snv_area,als_sg0_snv_area,krr,"kernel=laplacian,alpha=0.1,gamma_scale=1.0,max_features=48,x_transform=none,log_target=False",10,0.83083225,0.25028439,0.4568565,-0.58761876
glucose_gL,all_known,parafac_raman_fusion_als_sg0_snv_area,als_sg0_snv_area+parafac,krr,"kernel=rbf,alpha=0.01,gamma_scale=1.0,max_features=192,x_transform=l2,log_target=False",10,0.83129588,0.21447916,0.52839482,-2.1456558
glucose_gL,all_known,raman_preprocessed_als_sg2_snv,als_sg2_snv,krr,"kernel=rbf,alpha=0.1,gamma_scale=1.0,max_features=12,x_transform=l2,log_target=True",10,0.83153064,0.30523703,0.39401905,-0.42170478
glucose_gL,all_known,parafac_raman_fusion_als_sg0_snv_area,als_sg0_snv_area+parafac,krr,"kernel=rbf,alpha=0.1,gamma_scale=2.0,max_features=48,x_transform=none,log_target=False",10,0.83189071,0.24388205,0.45967904,-1.8201127
glucose_gL,all_known,parafac_raman_fusion_als_sg2_snv,als_sg2_snv+parafac,krr,"kernel=laplacian,alpha=0.1,gamma_scale=2.0,max_features=12,x_transform=l2,log_target=False",10,0.83205753,0.24893017,0.46532842,-2.3395866
glucose_gL,all_known,raman_preprocessed_als_sg0_snv_area,als_sg0_snv_area,krr,"kernel=laplacian,alpha=0.1,gamma_scale=1.0,max_features=48,x_transform=l2,log_target=False",10,0.83327356,0.25084269,0.46920951,-0.58004539
glucose_gL,all_known,raman_preprocessed_als_sg2_snv,als_sg2_snv,krr,"kernel=laplacian,alpha=0.01,gamma_scale=1.0,max_features=48,x_transform=l2,log_target=False",10,0.83346903,0.26915953,0.48367782,-0.56015025
glucose_gL,all_known,raman_preprocessed_als_sg0_snv_area,als_sg0_snv_area,weighted_knn,"k=3,metric=manhattan,max_features=192,x_transform=none,log_target=True",10,0.83363251,0.27706677,0.40299088,-0.57156933
glucose_gL,all_known,raman_preprocessed_als_sg2_snv,als_sg2_snv,krr,"kernel=laplacian,alpha=0.1,gamma_scale=2.0,max_features=12,x_transform=l2,log_target=False",10,0.83371333,0.28305361,0.43530724,-0.49980452
glucose_gL,all_known,raman_preprocessed_als_sg0_snv_area,als_sg0_snv_area,weighted_knn,"k=5,metric=manhattan,max_features=48,x_transform=l2,log_target=True",10,0.83377108,0.27538309,0.3918553,-0.5248098
glucose_gL,all_known,parafac_raman_fusion_als_sg2_snv,als_sg2_snv+parafac,weighted_knn,"k=3,metric=manhattan,max_features=48,x_transform=none,log_target=False",10,0.83392633,0.27875759,0.42222459,-2.1481414
glucose_gL,all_known,parafac_raman_fusion_als_sg0_snv_area,als_sg0_snv_area+parafac,krr,"kernel=laplacian,alpha=0.1,gamma_scale=2.0,max_features=12,x_transform=none,log_target=False",10,0.8342171,0.24396004,0.46223838,-1.899878
glucose_gL,all_known,parafac_raman_fusion_als_sg0_snv_area,als_sg0_snv_area+parafac,krr,"kernel=laplacian,alpha=0.01,gamma_scale=1.0,max_features=48,x_transform=none,log_target=False",10,0.83445171,0.2260649,0.50076542,-2.142947
glucose_gL,all_known,raman_preprocessed_als_sg2_snv,als_sg2_snv,krr,"kernel=rbf,alpha=0.1,gamma_scale=1.0,max_features=192,x_transform=none,log_target=False",10,0.83471963,0.26124046,0.50288789,-0.64092504
glucose_gL,all_known,parafac_raman_fusion_als_sg2_snv,als_sg2_snv+parafac,krr,"kernel=rbf,alpha=0.01,gamma_scale=1.0,max_features=192,x_transform=none,log_target=False",10,0.83630449,0.22190913,0.53124523,-3.04672
glucose_gL,all_known,parafac_raman_fusion_als_sg2_snv,als_sg2_snv+parafac,krr,"kernel=laplacian,alpha=0.1,gamma_scale=1.0,max_features=12,x_transform=none,log_target=False",10,0.83632022,0.2636756,0.46931736,-2.1478835
glucose_gL,all_known,raman_preprocessed_als_sg2_snv,als_sg2_snv,krr,"kernel=rbf,alpha=0.1,gamma_scale=2.0,max_features=48,x_transform=l2,log_target=False",10,0.83634236,0.26109859,0.46349885,-0.58840983
glucose_gL,all_known,parafac_raman_fusion_als_sg0_snv_area,als_sg0_snv_area+parafac,krr,"kernel=rbf,alpha=0.1,gamma_scale=1.0,max_features=12,x_transform=none,log_target=True",10,0.83650046,0.25370465,0.41152045,-1.8090653
glucose_gL,all_known,parafac_raman_fusion_als_sg0_snv_area,als_sg0_snv_area+parafac,krr,"kernel=rbf,alpha=0.1,gamma_scale=2.0,max_features=12,x_transform=l2,log_target=True",10,0.83721095,0.25129914,0.41508317,-2.0561731
glucose_gL,all_known,raman_preprocessed_als_sg0_snv_area,als_sg0_snv_area,krr,"kernel=rbf,alpha=0.1,gamma_scale=2.0,max_features=12,x_transform=none,log_target=True",10,0.8372229,0.29412729,0.37179521,-0.56113142
glucose_gL,all_known,raman_preprocessed_als_sg0_snv_area,als_sg0_snv_area,krr,"kernel=rbf,alpha=0.1,gamma_scale=1.0,max_features=192,x_transform=none,log_target=False",10,0.83758073,0.24333639,0.49268509,-0.63143676
glucose_gL,all_known,raman_preprocessed_als_sg0_snv_area,als_sg0_snv_area,krr,"kernel=rbf,alpha=0.1,gamma_scale=2.0,max_features=12,x_transform=l2,log_target=True",10,0.83768651,0.28122191,0.39327319,-0.53527925
glucose_gL,all_known,parafac_raman_fusion_als_sg0_snv_area,als_sg0_snv_area+parafac,krr,"kernel=laplacian,alpha=0.01,gamma_scale=1.0,max_features=48,x_transform=l2,log_target=False",10,0.83806992,0.2262699,0.50974695,-2.1198855
glucose_gL,all_known,raman_preprocessed_als_sg2_snv,als_sg2_snv,krr,"kernel=laplacian,alpha=0.1,gamma_scale=1.0,max_features=12,x_transform=none,log_target=False",10,0.83812265,0.30388211,0.43849905,-0.44036603
glucose_gL,all_known,parafac_raman_fusion_als_sg2_snv,als_sg2_snv+parafac,krr,"kernel=rbf,alpha=0.01,gamma_scale=2.0,max_features=48,x_transform=l2,log_target=False",10,0.83907817,0.23378381,0.4817873,-3.0762522
glucose_gL,all_known,parafac_raman_fusion_als_sg2_snv,als_sg2_snv+parafac,weighted_knn,"k=5,metric=manhattan,max_features=48,x_transform=l2,log_target=True",10,0.8397687,0.24513747,0.46007976,-2.820125
glucose_gL,all_known,parafac_raman_fusion_als_sg2_snv,als_sg2_snv+parafac,weighted_knn,"k=3,metric=manhattan,max_features=192,x_transform=l2,log_target=True",10,0.83981366,0.27218514,0.42101275,-1.6245336
glucose_gL,all_known,raman_preprocessed_als_sg0_snv_area,als_sg0_snv_area,krr,"kernel=laplacian,alpha=0.01,gamma_scale=2.0,max_features=12,x_transform=none,log_target=False",10,0.8400734,0.25621133,0.43146056,-0.63776606
glucose_gL,all_known,parafac_raman_fusion_als_sg2_snv,als_sg2_snv+parafac,krr,"kernel=laplacian,alpha=0.01,gamma_scale=2.0,max_features=12,x_transform=l2,log_target=False",10,0.84092681,0.24511751,0.47254316,-2.5058234
glucose_gL,all_known,parafac_raman_fusion_als_sg0_snv_area,als_sg0_snv_area+parafac,krr,"kernel=rbf,alpha=0.1,gamma_scale=2.0,max_features=12,x_transform=none,log_target=True",10,0.8410823,0.25950749,0.39518813,-1.9661444
glucose_gL,all_known,raman_preprocessed_als_sg2_snv,als_sg2_snv,krr,"kernel=rbf,alpha=0.01,gamma_scale=1.0,max_features=12,x_transform=none,log_target=True",10,0.84108781,0.32323167,0.40705654,-0.4808145
glucose_gL,all_known,raman_preprocessed_als_sg2_snv,als_sg2_snv,weighted_knn,"k=5,metric=correlation,max_features=12,x_transform=none,log_target=True",10,0.84144089,0.29866256,0.39150476,-0.47525733
glucose_gL,all_known,raman_preprocessed_als_sg2_snv,als_sg2_snv,weighted_knn,"k=5,metric=correlation,max_features=12,x_transform=l2,log_target=True",10,0.84144089,0.29866256,0.39150476,-0.47525733
glucose_gL,all_known,raman_preprocessed_als_sg2_snv,als_sg2_snv,krr,"kernel=laplacian,alpha=0.01,gamma_scale=2.0,max_features=12,x_transform=l2,log_target=False",10,0.8431899,0.27862543,0.44286307,-0.55442035
glucose_gL,all_known,parafac_raman_fusion_als_sg2_snv,als_sg2_snv+parafac,krr,"kernel=rbf,alpha=0.01,gamma_scale=2.0,max_features=12,x_transform=none,log_target=False",10,0.84352002,0.28995893,0.45092623,-2.0825354
glucose_gL,all_known,parafac_raman_fusion_als_sg0_snv_area,als_sg0_snv_area+parafac,weighted_knn,"k=5,metric=correlation,max_features=12,x_transform=none,log_target=True",10,0.84380761,0.2340169,0.4232148,-2.1089829
glucose_gL,all_known,parafac_raman_fusion_als_sg0_snv_area,als_sg0_snv_area+parafac,weighted_knn,"k=5,metric=correlation,max_features=12,x_transform=l2,log_target=True",10,0.84380761,0.2340169,0.4232148,-2.1089829
glucose_gL,all_known,parafac_raman_fusion_als_sg2_snv,als_sg2_snv+parafac,krr,"kernel=laplacian,alpha=0.01,gamma_scale=1.0,max_features=12,x_transform=none,log_target=False",10,0.84414754,0.26229738,0.47930118,-2.31426
glucose_gL,all_known,parafac_raman_fusion_als_sg2_snv,als_sg2_snv+parafac,krr,"kernel=rbf,alpha=0.1,gamma_scale=1.0,max_features=48,x_transform=none,log_target=False",10,0.84438229,0.23081775,0.49430684,-3.0493607
glucose_gL,all_known,eem_parafac_scores,parafac_rank_selected,krr,"kernel=laplacian,alpha=0.01,gamma_scale=1.0,max_features=12,x_transform=none,log_target=True",10,0.84455821,0.24867073,0.41646307,-3.1670286
glucose_gL,all_known,eem_parafac_scores,parafac_rank_selected,krr,"kernel=laplacian,alpha=0.01,gamma_scale=1.0,max_features=48,x_transform=none,log_target=True",10,0.84455821,0.24867073,0.41646307,-3.1670286
glucose_gL,all_known,eem_parafac_scores,parafac_rank_selected,krr,"kernel=laplacian,alpha=0.01,gamma_scale=1.0,max_features=192,x_transform=none,log_target=True",10,0.84455821,0.24867073,0.41646307,-3.1670286
glucose_gL,all_known,raman_preprocessed_als_sg0_snv_area,als_sg0_snv_area,krr,"kernel=laplacian,alpha=0.01,gamma_scale=1.0,max_features=48,x_transform=none,log_target=False",10,0.84675477,0.24168475,0.469837,-0.69384918
glucose_gL,all_known,raman_preprocessed_als_sg2_snv,als_sg2_snv,krr,"kernel=laplacian,alpha=0.01,gamma_scale=1.0,max_features=12,x_transform=none,log_target=False",10,0.84749714,0.30259511,0.44993904,-0.48198931
glucose_gL,all_known,parafac_raman_fusion_als_sg0_snv_area,als_sg0_snv_area+parafac,krr,"kernel=rbf,alpha=0.01,gamma_scale=1.0,max_features=192,x_transform=none,log_target=False",10,0.84826337,0.2126277,0.53745549,-2.1808803
glucose_gL,all_known,raman_preprocessed_als_sg2_snv,als_sg2_snv,krr,"kernel=rbf,alpha=0.1,gamma_scale=1.0,max_features=48,x_transform=none,log_target=False",10,0.84871875,0.26299957,0.47925562,-0.64053062
glucose_gL,all_known,parafac_raman_fusion_als_sg0_snv_area,als_sg0_snv_area+parafac,krr,"kernel=laplacian,alpha=0.01,gamma_scale=2.0,max_features=12,x_transform=none,log_target=False",10,0.84898776,0.23884419,0.47232289,-2.1421819
glucose_gL,all_known,raman_preprocessed_als_sg0_snv_area,als_sg0_snv_area,krr,"kernel=laplacian,alpha=0.01,gamma_scale=1.0,max_features=48,x_transform=l2,log_target=False",10,0.85002217,0.24372551,0.48324976,-0.6826906
glucose_gL,all_known,parafac_raman_fusion_als_sg0_snv_area,als_sg0_snv_area+parafac,krr,"kernel=rbf,alpha=0.1,gamma_scale=2.0,max_features=48,x_transform=l2,log_target=False",10,0.85048434,0.22747334,0.48654378,-2.3790269
glucose_gL,all_known,raman_preprocessed_als_sg2_snv,als_sg2_snv,krr,"kernel=rbf,alpha=0.1,gamma_scale=2.0,max_features=12,x_transform=none,log_target=False",10,0.85048761,0.30715614,0.43002551,-0.5262187
glucose_gL,all_known,raman_preprocessed_als_sg2_snv,als_sg2_snv,weighted_knn,"k=5,metric=correlation,max_features=48,x_transform=none,log_target=True",10,0.85060507,0.26440724,0.4355049,-0.67881524
glucose_gL,all_known,raman_preprocessed_als_sg2_snv,als_sg2_snv,weighted_knn,"k=5,metric=correlation,max_features=48,x_transform=l2,log_target=True",10,0.85060507,0.26440724,0.4355049,-0.67881524
glucose_gL,all_known,raman_preprocessed_als_sg0_snv_area,als_sg0_snv_area,krr,"kernel=laplacian,alpha=0.1,gamma_scale=2.0,max_features=12,x_transform=l2,log_target=False",10,0.85161558,0.24629379,0.44453834,-0.73423876
glucose_gL,all_known,raman_preprocessed_als_sg0_snv_area,als_sg0_snv_area,krr,"kernel=rbf,alpha=0.1,gamma_scale=2.0,max_features=48,x_transform=none,log_target=False",10,0.85165906,0.24598461,0.44801555,-0.68651218
glucose_gL,all_known,raman_preprocessed_als_sg2_snv,als_sg2_snv,krr,"kernel=rbf,alpha=0.01,gamma_scale=2.0,max_features=48,x_transform=l2,log_target=False",10,0.8516808,0.25310222,0.4761581,-0.68985378
glucose_gL,all_known,parafac_raman_fusion_als_sg2_snv,als_sg2_snv+parafac,weighted_knn,"k=5,metric=correlation,max_features=48,x_transform=none,log_target=True",10,0.85294847,0.23509892,0.46649817,-3.7850063
glucose_gL,all_known,parafac_raman_fusion_als_sg2_snv,als_sg2_snv+parafac,weighted_knn,"k=5,metric=correlation,max_features=48,x_transform=l2,log_target=True",10,0.85294847,0.23509892,0.46649817,-3.7850063
glucose_gL,all_known,parafac_raman_fusion_als_sg0_snv_area,als_sg0_snv_area+parafac,krr,"kernel=rbf,alpha=0.01,gamma_scale=2.0,max_features=48,x_transform=none,log_target=False",10,0.85299063,0.24059879,0.4767397,-2.0996044
glucose_gL,all_known,raman_preprocessed_als_sg2_snv,als_sg2_snv,krr,"kernel=rbf,alpha=0.01,gamma_scale=1.0,max_features=192,x_transform=l2,log_target=False",10,0.85317769,0.25626612,0.52454521,-0.75107997
glucose_gL,all_known,raman_preprocessed_als_sg0_snv_area,als_sg0_snv_area,weighted_knn,"k=5,metric=correlation,max_features=48,x_transform=none,log_target=True",10,0.85339068,0.26833776,0.40719589,-0.64016565
glucose_gL,all_known,raman_preprocessed_als_sg0_snv_area,als_sg0_snv_area,weighted_knn,"k=5,metric=correlation,max_features=48,x_transform=l2,log_target=True",10,0.85339068,0.26833776,0.40719589,-0.64016565
glucose_gL,all_known,raman_preprocessed_als_sg0_snv_area,als_sg0_snv_area,krr,"kernel=rbf,alpha=0.01,gamma_scale=1.0,max_features=192,x_transform=l2,log_target=False",10,0.85472885,0.23114855,0.52050386,-0.74391188
glucose_gL,all_known,parafac_raman_fusion_als_sg0_snv_area,als_sg0_snv_area+parafac,weighted_knn,"k=3,metric=correlation,max_features=192,x_transform=none,log_target=True",10,0.85654453,0.24386633,0.44204839,-2.8042864
glucose_gL,all_known,parafac_raman_fusion_als_sg0_snv_area,als_sg0_snv_area+parafac,weighted_knn,"k=3,metric=correlation,max_features=192,x_transform=l2,log_target=True",10,0.85654453,0.24386633,0.44204839,-2.8042864
glucose_gL,all_known,raman_preprocessed_als_sg2_snv,als_sg2_snv,krr,"kernel=rbf,alpha=0.01,gamma_scale=2.0,max_features=12,x_transform=l2,log_target=True",10,0.85720386,0.29044804,0.40137746,-0.61737613
glucose_gL,all_known,raman_preprocessed_als_sg2_snv,als_sg2_snv,weighted_knn,"k=3,metric=manhattan,max_features=48,x_transform=none,log_target=False",10,0.85912059,0.31857416,0.42595437,-0.57115485
glucose_gL,all_known,raman_preprocessed_als_sg0_snv_area,als_sg0_snv_area,weighted_knn,"k=3,metric=correlation,max_features=192,x_transform=none,log_target=True",10,0.86055445,0.27074586,0.41665225,-0.84636661
glucose_gL,all_known,raman_preprocessed_als_sg0_snv_area,als_sg0_snv_area,weighted_knn,"k=3,metric=correlation,max_features=192,x_transform=l2,log_target=True",10,0.86055445,0.27074586,0.41665225,-0.84636661
glucose_gL,all_known,raman_preprocessed_als_sg2_snv,als_sg2_snv,krr,"kernel=rbf,alpha=0.01,gamma_scale=1.0,max_features=192,x_transform=none,log_target=False",10,0.86093327,0.24842012,0.53287712,-0.83469605
glucose_gL,all_known,raman_preprocessed_als_sg0_snv_area,als_sg0_snv_area,krr,"kernel=rbf,alpha=0.1,gamma_scale=2.0,max_features=48,x_transform=l2,log_target=False",10,0.86131697,0.24031929,0.46562736,-0.75251229
glucose_gL,all_known,parafac_raman_fusion_als_sg0_snv_area,als_sg0_snv_area+parafac,krr,"kernel=laplacian,alpha=0.1,gamma_scale=2.0,max_features=12,x_transform=l2,log_target=False",10,0.86350572,0.23438403,0.48742192,-2.5930576
glucose_gL,all_known,raman_preprocessed_als_sg0_snv_area,als_sg0_snv_area,krr,"kernel=laplacian,alpha=0.1,gamma_scale=1.0,max_features=12,x_transform=none,log_target=False",10,0.86515221,0.23506392,0.47228628,-0.82085568
glucose_gL,all_known,raman_preprocessed_als_sg2_snv,als_sg2_snv,weighted_knn,"k=3,metric=manhattan,max_features=192,x_transform=l2,log_target=True",10,0.86570943,0.28307693,0.41295643,-0.71724497
glucose_gL,all_known,parafac_raman_fusion_als_sg2_snv,als_sg2_snv+parafac,weighted_knn,"k=3,metric=correlation,max_features=192,x_transform=l2,log_target=True",10,0.86584443,0.26793584,0.43221087,-1.8258288
glucose_gL,all_known,parafac_raman_fusion_als_sg2_snv,als_sg2_snv+parafac,weighted_knn,"k=3,metric=correlation,max_features=192,x_transform=none,log_target=True",10,0.86584443,0.26793584,0.43221087,-1.8258288
glucose_gL,all_known,parafac_raman_fusion_als_sg2_snv,als_sg2_snv+parafac,weighted_knn,"k=3,metric=manhattan,max_features=12,x_transform=l2,log_target=True",10,0.86668153,0.26235582,0.42536363,-2.4311373
glucose_gL,all_known,eem_parafac_scores,parafac_rank_selected,krr,"kernel=laplacian,alpha=0.01,gamma_scale=2.0,max_features=12,x_transform=none,log_target=True",10,0.86677671,0.24056582,0.41906298,-4.4217408
glucose_gL,all_known,eem_parafac_scores,parafac_rank_selected,krr,"kernel=laplacian,alpha=0.01,gamma_scale=2.0,max_features=48,x_transform=none,log_target=True",10,0.86677671,0.24056582,0.41906298,-4.4217408
glucose_gL,all_known,eem_parafac_scores,parafac_rank_selected,krr,"kernel=laplacian,alpha=0.01,gamma_scale=2.0,max_features=192,x_transform=none,log_target=True",10,0.86677671,0.24056582,0.41906298,-4.4217408
glucose_gL,all_known,raman_preprocessed_als_sg2_snv,als_sg2_snv,krr,"kernel=laplacian,alpha=0.1,gamma_scale=1.0,max_features=12,x_transform=l2,log_target=False",10,0.86723662,0.26476735,0.47845858,-0.70541497
glucose_gL,all_known,eem_parafac_scores,parafac_rank_selected,weighted_knn,"k=5,metric=manhattan,max_features=12,x_transform=none,log_target=True",10,0.86759102,0.23562051,0.41903115,-5.4247493
glucose_gL,all_known,eem_parafac_scores,parafac_rank_selected,weighted_knn,"k=5,metric=manhattan,max_features=48,x_transform=none,log_target=True",10,0.86759102,0.23562051,0.41903115,-5.4247493
glucose_gL,all_known,eem_parafac_scores,parafac_rank_selected,weighted_knn,"k=5,metric=manhattan,max_features=192,x_transform=none,log_target=True",10,0.86759102,0.23562051,0.41903115,-5.4247493
glucose_gL,all_known,eem_parafac_scores,parafac_rank_selected,krr,"kernel=laplacian,alpha=0.1,gamma_scale=1.0,max_features=12,x_transform=none,log_target=False",10,0.86804894,0.19632083,0.49335,-3.7933004
glucose_gL,all_known,eem_parafac_scores,parafac_rank_selected,krr,"kernel=laplacian,alpha=0.1,gamma_scale=1.0,max_features=48,x_transform=none,log_target=False",10,0.86804894,0.19632083,0.49335,-3.7933004
glucose_gL,all_known,eem_parafac_scores,parafac_rank_selected,krr,"kernel=laplacian,alpha=0.1,gamma_scale=1.0,max_features=192,x_transform=none,log_target=False",10,0.86804894,0.19632083,0.49335,-3.7933004
glucose_gL,all_known,parafac_raman_fusion_als_sg2_snv,als_sg2_snv+parafac,krr,"kernel=rbf,alpha=0.01,gamma_scale=1.0,max_features=12,x_transform=l2,log_target=True",10,0.86827669,0.27626968,0.44337023,-2.7213202
glucose_gL,all_known,raman_preprocessed_als_sg0_snv_area,als_sg0_snv_area,krr,"kernel=laplacian,alpha=0.01,gamma_scale=2.0,max_features=12,x_transform=l2,log_target=False",10,0.86845717,0.24075579,0.45533202,-0.84950042
glucose_gL,all_known,parafac_raman_fusion_als_sg2_snv,als_sg2_snv+parafac,krr,"kernel=rbf,alpha=0.1,gamma_scale=1.0,max_features=12,x_transform=none,log_target=False",10,0.86932542,0.27364009,0.48421417,-3.0436397
glucose_gL,all_known,raman_preprocessed_als_sg2_snv,als_sg2_snv,krr,"kernel=rbf,alpha=0.01,gamma_scale=2.0,max_features=12,x_transform=none,log_target=False",10,0.86994778,0.30442122,0.46334373,-0.62928535
glucose_gL,all_known,raman_preprocessed_als_sg2_snv,als_sg2_snv,krr,"kernel=rbf,alpha=0.01,gamma_scale=1.0,max_features=48,x_transform=none,log_target=False",10,0.87113939,0.25619411,0.49769936,-0.77554541
glucose_gL,target_focused,eem_parafac_scores,parafac_rank_selected,krr,"kernel=rbf,alpha=0.1,gamma_scale=1.0,max_features=12,x_transform=none,log_target=True",10,0.87234788,0.33817941,0.54802862,0.020289153
glucose_gL,target_focused,eem_parafac_scores,parafac_rank_selected,krr,"kernel=rbf,alpha=0.1,gamma_scale=1.0,max_features=48,x_transform=none,log_target=True",10,0.87234788,0.33817941,0.54802862,0.020289153
glucose_gL,target_focused,eem_parafac_scores,parafac_rank_selected,krr,"kernel=rbf,alpha=0.1,gamma_scale=1.0,max_features=192,x_transform=none,log_target=True",10,0.87234788,0.33817941,0.54802862,0.020289153
glucose_gL,all_known,parafac_raman_fusion_als_sg0_snv_area,als_sg0_snv_area+parafac,krr,"kernel=rbf,alpha=0.01,gamma_scale=2.0,max_features=48,x_transform=l2,log_target=False",10,0.87241509,0.22701396,0.50370933,-2.6592804
glucose_gL,all_known,parafac_raman_fusion_als_sg2_snv,als_sg2_snv+parafac,krr,"kernel=rbf,alpha=0.01,gamma_scale=1.0,max_features=48,x_transform=none,log_target=False",10,0.87299396,0.22057357,0.52102999,-3.6602717
glucose_gL,all_known,raman_preprocessed_als_sg0_snv_area,als_sg0_snv_area,krr,"kernel=rbf,alpha=0.01,gamma_scale=2.0,max_features=48,x_transform=none,log_target=False",10,0.8730361,0.23668963,0.46672617,-0.82391566
glucose_gL,all_known,raman_preprocessed_als_sg0_snv_area,als_sg0_snv_area,krr,"kernel=rbf,alpha=0.01,gamma_scale=1.0,max_features=192,x_transform=none,log_target=False",10,0.87332324,0.22655594,0.53052003,-0.8709426
glucose_gL,all_known,parafac_raman_fusion_als_sg2_snv,als_sg2_snv+parafac,weighted_knn,"k=1,metric=manhattan,max_features=12,x_transform=none,log_target=False",10,0.87371824,0.30764265,0.39828571,-2.6804305
glucose_gL,all_known,parafac_raman_fusion_als_sg2_snv,als_sg2_snv+parafac,weighted_knn,"k=1,metric=manhattan,max_features=12,x_transform=none,log_target=True",10,0.87371824,0.30764265,0.39828571,-2.6804305
glucose_gL,all_known,parafac_raman_fusion_als_sg2_snv,als_sg2_snv+parafac,krr,"kernel=laplacian,alpha=0.1,gamma_scale=1.0,max_features=12,x_transform=l2,log_target=False",10,0.87402728,0.22270199,0.51843238,-3.1459667
glucose_gL,all_known,parafac_raman_fusion_als_sg2_snv,als_sg2_snv+parafac,weighted_knn,"k=5,metric=manhattan,max_features=192,x_transform=l2,log_target=False",10,0.87416212,0.21776168,0.48401346,-3.2883357
glucose_gL,all_known,parafac_raman_fusion_als_sg2_snv,als_sg2_snv+parafac,krr,"kernel=rbf,alpha=0.1,gamma_scale=1.0,max_features=48,x_transform=l2,log_target=False",10,0.8782742,0.20787352,0.5395981,-3.9641412
glucose_gL,all_known,raman_preprocessed_als_sg0_snv_area,als_sg0_snv_area,weighted_knn,"k=3,metric=manhattan,max_features=12,x_transform=none,log_target=True",10,0.87828448,0.27635661,0.38939168,-0.94392185
glucose_gL,all_known,parafac_raman_fusion_als_sg0_snv_area,als_sg0_snv_area+parafac,weighted_knn,"k=3,metric=manhattan,max_features=48,x_transform=none,log_target=True",10,0.87834797,0.23802018,0.43785705,-2.804917
glucose_gL,all_known,raman_preprocessed_als_sg0_snv_area,als_sg0_snv_area,krr,"kernel=laplacian,alpha=0.1,gamma_scale=1.0,max_features=12,x_transform=l2,log_target=False",10,0.87860385,0.23236967,0.48537601,-0.93652053
glucose_gL,all_known,parafac_raman_fusion_als_sg2_snv,als_sg2_snv+parafac,weighted_knn,"k=3,metric=manhattan,max_features=192,x_transform=none,log_target=True",10,0.8791408,0.23574139,0.46759343,-3.0395116
glucose_gL,all_known,raman_preprocessed_als_sg2_snv,als_sg2_snv,weighted_knn,"k=3,metric=correlation,max_features=192,x_transform=l2,log_target=True",10,0.87921714,0.29299801,0.43761216,-0.69401499
glucose_gL,all_known,raman_preprocessed_als_sg2_snv,als_sg2_snv,weighted_knn,"k=3,metric=correlation,max_features=192,x_transform=none,log_target=True",10,0.87921714,0.29299801,0.43761216,-0.69401499
glucose_gL,all_known,parafac_raman_fusion_als_sg0_snv_area,als_sg0_snv_area+parafac,krr,"kernel=rbf,alpha=0.1,gamma_scale=1.0,max_features=48,x_transform=none,log_target=False",10,0.87958464,0.21192383,0.53560972,-2.7853651
glucose_gL,all_known,raman_preprocessed_als_sg2_snv,als_sg2_snv,weighted_knn,"k=5,metric=manhattan,max_features=192,x_transform=l2,log_target=False",10,0.87987658,0.2322821,0.47686818,-0.9816808
glucose_gL,all_known,raman_preprocessed_als_sg0_snv_area,als_sg0_snv_area,weighted_knn,"k=3,metric=correlation,max_features=12,x_transform=l2,log_target=True",10,0.88015951,0.27870948,0.39764883,-0.87324572
glucose_gL,all_known,raman_preprocessed_als_sg0_snv_area,als_sg0_snv_area,weighted_knn,"k=3,metric=correlation,max_features=12,x_transform=none,log_target=True",10,0.88015951,0.27870948,0.39764883,-0.87324572
glucose_gL,all_known,raman_preprocessed_als_sg0_snv_area,als_sg0_snv_area,krr,"kernel=rbf,alpha=0.01,gamma_scale=2.0,max_features=48,x_transform=l2,log_target=False",10,0.88020393,0.23715298,0.48098214,-0.86337382
glucose_gL,all_known,parafac_raman_fusion_als_sg0_snv_area,als_sg0_snv_area+parafac,weighted_knn,"k=3,metric=manhattan,max_features=48,x_transform=l2,log_target=True",10,0.88170626,0.26019309,0.45828469,-2.5310299
glucose_gL,all_known,parafac_raman_fusion_als_sg0_snv_area,als_sg0_snv_area+parafac,krr,"kernel=laplacian,alpha=0.1,gamma_scale=1.0,max_features=12,x_transform=none,log_target=False",10,0.88185881,0.22106412,0.520924,-2.8171021
glucose_gL,all_known,eem_parafac_scores,parafac_rank_selected,krr,"kernel=laplacian,alpha=0.1,gamma_scale=2.0,max_features=12,x_transform=none,log_target=False",10,0.88218994,0.19261263,0.49097467,-4.1650505
glucose_gL,all_known,eem_parafac_scores,parafac_rank_selected,krr,"kernel=laplacian,alpha=0.1,gamma_scale=2.0,max_features=48,x_transform=none,log_target=False",10,0.88218994,0.19261263,0.49097467,-4.1650505
glucose_gL,all_known,eem_parafac_scores,parafac_rank_selected,krr,"kernel=laplacian,alpha=0.1,gamma_scale=2.0,max_features=192,x_transform=none,log_target=False",10,0.88218994,0.19261263,0.49097467,-4.1650505
glucose_gL,all_known,raman_preprocessed_als_sg0_snv_area,als_sg0_snv_area,krr,"kernel=rbf,alpha=0.01,gamma_scale=2.0,max_features=12,x_transform=none,log_target=True",10,0.88269184,0.2768236,0.40228841,-0.91693393
glucose_gL,all_known,raman_preprocessed_als_sg2_snv,als_sg2_snv,weighted_knn,"k=3,metric=manhattan,max_features=48,x_transform=l2,log_target=True",10,0.8829513,0.23523699,0.43457136,-1.0375325
glucose_gL,all_known,raman_preprocessed_als_sg2_snv,als_sg2_snv,weighted_knn,"k=3,metric=manhattan,max_features=12,x_transform=l2,log_target=True",10,0.88312003,0.27449288,0.40863406,-0.86872892
glucose_gL,all_known,raman_preprocessed_als_sg2_snv,als_sg2_snv,krr,"kernel=rbf,alpha=0.1,gamma_scale=1.0,max_features=12,x_transform=none,log_target=False",10,0.88327343,0.29534451,0.47398613,-0.71914778
glucose_gL,target_focused,eem_parafac_scores,parafac_rank_selected,krr,"kernel=rbf,alpha=0.01,gamma_scale=1.0,max_features=12,x_transform=none,log_target=True",10,0.88362256,0.33413625,0.54360923,-0.0060358589
glucose_gL,target_focused,eem_parafac_scores,parafac_rank_selected,krr,"kernel=rbf,alpha=0.01,gamma_scale=1.0,max_features=48,x_transform=none,log_target=True",10,0.88362256,0.33413625,0.54360923,-0.0060358589
glucose_gL,target_focused,eem_parafac_scores,parafac_rank_selected,krr,"kernel=rbf,alpha=0.01,gamma_scale=1.0,max_features=192,x_transform=none,log_target=True",10,0.88362256,0.33413625,0.54360923,-0.0060358589
glucose_gL,all_known,parafac_raman_fusion_als_sg2_snv,als_sg2_snv+parafac,weighted_knn,"k=3,metric=correlation,max_features=12,x_transform=none,log_target=True",10,0.88395173,0.25953773,0.42648441,-2.8324523
glucose_gL,all_known,parafac_raman_fusion_als_sg2_snv,als_sg2_snv+parafac,weighted_knn,"k=3,metric=correlation,max_features=12,x_transform=l2,log_target=True",10,0.88395173,0.25953773,0.42648441,-2.8324523
glucose_gL,target_focused,eem_parafac_scores,parafac_rank_selected,krr,"kernel=rbf,alpha=0.1,gamma_scale=2.0,max_features=12,x_transform=none,log_target=True",10,0.88434421,0.33064338,0.54614254,-0.012068244
glucose_gL,target_focused,eem_parafac_scores,parafac_rank_selected,krr,"kernel=rbf,alpha=0.1,gamma_scale=2.0,max_features=48,x_transform=none,log_target=True",10,0.88434421,0.33064338,0.54614254,-0.012068244
glucose_gL,target_focused,eem_parafac_scores,parafac_rank_selected,krr,"kernel=rbf,alpha=0.1,gamma_scale=2.0,max_features=192,x_transform=none,log_target=True",10,0.88434421,0.33064338,0.54614254,-0.012068244
glucose_gL,all_known,parafac_raman_fusion_als_sg0_snv_area,als_sg0_snv_area+parafac,krr,"kernel=laplacian,alpha=0.01,gamma_scale=2.0,max_features=12,x_transform=l2,log_target=False",10,0.88646189,0.22908394,0.50044576,-3.0456924
glucose_gL,all_known,parafac_raman_fusion_als_sg0_snv_area,als_sg0_snv_area+parafac,weighted_knn,"k=5,metric=manhattan,max_features=192,x_transform=l2,log_target=False",10,0.88662694,0.21273211,0.47786224,-3.4943233
glucose_gL,all_known,parafac_raman_fusion_als_sg2_snv,als_sg2_snv+parafac,weighted_knn,"k=5,metric=correlation,max_features=192,x_transform=none,log_target=False",10,0.88666735,0.2194893,0.48100708,-3.831876
glucose_gL,all_known,parafac_raman_fusion_als_sg2_snv,als_sg2_snv+parafac,weighted_knn,"k=5,metric=correlation,max_features=192,x_transform=l2,log_target=False",10,0.88666735,0.2194893,0.48100708,-3.831876
glucose_gL,all_known,raman_preprocessed_als_sg2_snv,als_sg2_snv,weighted_knn,"k=3,metric=correlation,max_features=12,x_transform=none,log_target=True",10,0.88718494,0.28752496,0.40693485,-0.73695022
glucose_gL,all_known,raman_preprocessed_als_sg2_snv,als_sg2_snv,weighted_knn,"k=3,metric=correlation,max_features=12,x_transform=l2,log_target=True",10,0.88718494,0.28752496,0.40693485,-0.73695022
glucose_gL,all_known,raman_preprocessed_als_sg2_snv,als_sg2_snv,weighted_knn,"k=3,metric=manhattan,max_features=192,x_transform=none,log_target=True",10,0.8881402,0.23984165,0.46622484,-1.0693726
glucose_gL,all_known,raman_preprocessed_als_sg2_snv,als_sg2_snv,krr,"kernel=rbf,alpha=0.1,gamma_scale=1.0,max_features=48,x_transform=l2,log_target=False",10,0.88858229,0.23188208,0.5299417,-0.96485543
glucose_gL,all_known,raman_preprocessed_als_sg2_snv,als_sg2_snv,krr,"kernel=laplacian,alpha=0.01,gamma_scale=1.0,max_features=12,x_transform=l2,log_target=False",10,0.88875367,0.25626544,0.50012818,-0.83621355
glucose_gL,all_known,parafac_raman_fusion_als_sg0_snv_area,als_sg0_snv_area+parafac,weighted_knn,"k=5,metric=manhattan,max_features=12,x_transform=none,log_target=False",10,0.88913289,0.22570391,0.48182769,-3.0715379
glucose_gL,all_known,raman_preprocessed_als_sg0_snv_area,als_sg0_snv_area,krr,"kernel=laplacian,alpha=0.01,gamma_scale=1.0,max_features=12,x_transform=none,log_target=False",10,0.89101785,0.22369337,0.49256223,-1.0122475
glucose_gL,all_known,parafac_raman_fusion_als_sg2_snv,als_sg2_snv+parafac,weighted_knn,"k=5,metric=manhattan,max_features=192,x_transform=none,log_target=False",10,0.89117381,0.20021046,0.5065629,-4.1346241
glucose_gL,all_known,parafac_raman_fusion_als_sg0_snv_area,als_sg0_snv_area+parafac,weighted_knn,"k=5,metric=manhattan,max_features=48,x_transform=none,log_target=False",10,0.89360273,0.18416567,0.50075753,-4.3087555
glucose_gL,all_known,raman_preprocessed_als_sg0_snv_area,als_sg0_snv_area,weighted_knn,"k=5,metric=manhattan,max_features=192,x_transform=l2,log_target=False",10,0.89471067,0.23278292,0.46642618,-1.1074154
glucose_gL,all_known,parafac_raman_fusion_als_sg2_snv,als_sg2_snv+parafac,krr,"kernel=laplacian,alpha=0.01,gamma_scale=1.0,max_features=12,x_transform=l2,log_target=False",10,0.89560156,0.21380383,0.5406802,-3.536823
glucose_gL,all_known,parafac_raman_fusion_als_sg0_snv_area,als_sg0_snv_area+parafac,krr,"kernel=rbf,alpha=0.1,gamma_scale=1.0,max_features=48,x_transform=l2,log_target=False",10,0.89598531,0.20894623,0.5608318,-3.1335332
glucose_gL,all_known,raman_preprocessed_als_sg0_snv_area,als_sg0_snv_area,weighted_knn,"k=5,metric=correlation,max_features=12,x_transform=none,log_target=False",10,0.89648838,0.22385776,0.46444628,-1.090994
glucose_gL,all_known,raman_preprocessed_als_sg0_snv_area,als_sg0_snv_area,weighted_knn,"k=5,metric=correlation,max_features=12,x_transform=l2,log_target=False",10,0.89648838,0.22385776,0.46444628,-1.090994
glucose_gL,all_known,raman_preprocessed_als_sg2_snv,als_sg2_snv,krr,"kernel=rbf,alpha=0.01,gamma_scale=1.0,max_features=12,x_transform=l2,log_target=True",10,0.89760853,0.27852381,0.43849485,-0.86895024
glucose_gL,all_known,raman_preprocessed_als_sg2_snv,als_sg2_snv,weighted_knn,"k=5,metric=manhattan,max_features=12,x_transform=l2,log_target=False",10,0.89772321,0.26035583,0.46142707,-1.0616713
glucose_gL,all_known,parafac_raman_fusion_als_sg0_snv_area,als_sg0_snv_area+parafac,krr,"kernel=rbf,alpha=0.01,gamma_scale=2.0,max_features=12,x_transform=none,log_target=True",10,0.89780361,0.24703645,0.42894391,-3.5720533
glucose_gL,all_known,parafac_raman_fusion_als_sg0_snv_area,als_sg0_snv_area+parafac,weighted_knn,"k=5,metric=manhattan,max_features=192,x_transform=none,log_target=False",10,0.89834522,0.1834448,0.49634816,-4.4876663
glucose_gL,target_focused,eem_parafac_scores,parafac_rank_selected,krr,"kernel=rbf,alpha=0.1,gamma_scale=1.0,max_features=12,x_transform=none,log_target=False",10,0.89848609,0.28429319,0.63433675,-0.12781545
glucose_gL,target_focused,eem_parafac_scores,parafac_rank_selected,krr,"kernel=rbf,alpha=0.1,gamma_scale=1.0,max_features=48,x_transform=none,log_target=False",10,0.89848609,0.28429319,0.63433675,-0.12781545
glucose_gL,target_focused,eem_parafac_scores,parafac_rank_selected,krr,"kernel=rbf,alpha=0.1,gamma_scale=1.0,max_features=192,x_transform=none,log_target=False",10,0.89848609,0.28429319,0.63433675,-0.12781545
glucose_gL,all_known,raman_preprocessed_als_sg2_snv,als_sg2_snv,weighted_knn,"k=5,metric=manhattan,max_features=192,x_transform=none,log_target=False",10,0.89876835,0.20937493,0.5109249,-1.2388184
glucose_gL,all_known,raman_preprocessed_als_sg0_snv_area,als_sg0_snv_area,weighted_knn,"k=5,metric=manhattan,max_features=12,x_transform=none,log_target=False",10,0.90037134,0.24090588,0.44332094,-1.0791961
glucose_gL,all_known,raman_preprocessed_als_sg0_snv_area,als_sg0_snv_area,krr,"kernel=rbf,alpha=0.1,gamma_scale=1.0,max_features=48,x_transform=none,log_target=False",10,0.90057574,0.21513132,0.51822277,-1.0194091
glucose_gL,target_focused,eem_parafac_scores,parafac_rank_selected,krr,"kernel=rbf,alpha=0.01,gamma_scale=2.0,max_features=12,x_transform=none,log_target=True",10,0.90096549,0.32185948,0.55699339,-0.065815983
glucose_gL,target_focused,eem_parafac_scores,parafac_rank_selected,krr,"kernel=rbf,alpha=0.01,gamma_scale=2.0,max_features=48,x_transform=none,log_target=True",10,0.90096549,0.32185948,0.55699339,-0.065815983
glucose_gL,target_focused,eem_parafac_scores,parafac_rank_selected,krr,"kernel=rbf,alpha=0.01,gamma_scale=2.0,max_features=192,x_transform=none,log_target=True",10,0.90096549,0.32185948,0.55699339,-0.065815983
glucose_gL,all_known,eem_parafac_scores,parafac_rank_selected,weighted_knn,"k=3,metric=manhattan,max_features=12,x_transform=none,log_target=True",10,0.90149225,0.22255199,0.42933876,-6.8235874
glucose_gL,all_known,eem_parafac_scores,parafac_rank_selected,weighted_knn,"k=3,metric=manhattan,max_features=48,x_transform=none,log_target=True",10,0.90149225,0.22255199,0.42933876,-6.8235874
glucose_gL,all_known,eem_parafac_scores,parafac_rank_selected,weighted_knn,"k=3,metric=manhattan,max_features=192,x_transform=none,log_target=True",10,0.90149225,0.22255199,0.42933876,-6.8235874
glucose_gL,target_focused,eem_parafac_scores,parafac_rank_selected,krr,"kernel=rbf,alpha=0.1,gamma_scale=1.0,max_features=12,x_transform=l2,log_target=True",10,0.90158889,0.3271572,0.56141728,-0.079750517
glucose_gL,target_focused,eem_parafac_scores,parafac_rank_selected,krr,"kernel=laplacian,alpha=0.1,gamma_scale=1.0,max_features=12,x_transform=l2,log_target=True",10,0.90158889,0.3271572,0.56141728,-0.079750517
glucose_gL,target_focused,eem_parafac_scores,parafac_rank_selected,krr,"kernel=rbf,alpha=0.1,gamma_scale=1.0,max_features=48,x_transform=l2,log_target=True",10,0.90158889,0.3271572,0.56141728,-0.079750517
glucose_gL,target_focused,eem_parafac_scores,parafac_rank_selected,krr,"kernel=laplacian,alpha=0.1,gamma_scale=1.0,max_features=48,x_transform=l2,log_target=True",10,0.90158889,0.3271572,0.56141728,-0.079750517
glucose_gL,target_focused,eem_parafac_scores,parafac_rank_selected,krr,"kernel=rbf,alpha=0.1,gamma_scale=1.0,max_features=192,x_transform=l2,log_target=True",10,0.90158889,0.3271572,0.56141728,-0.079750517
glucose_gL,target_focused,eem_parafac_scores,parafac_rank_selected,krr,"kernel=laplacian,alpha=0.1,gamma_scale=1.0,max_features=192,x_transform=l2,log_target=True",10,0.90158889,0.3271572,0.56141728,-0.079750517
glucose_gL,target_focused,eem_parafac_scores,parafac_rank_selected,krr,"kernel=rbf,alpha=0.01,gamma_scale=1.0,max_features=12,x_transform=l2,log_target=True",10,0.90159075,0.32675126,0.56181153,-0.08043538
glucose_gL,target_focused,eem_parafac_scores,parafac_rank_selected,krr,"kernel=laplacian,alpha=0.01,gamma_scale=1.0,max_features=12,x_transform=l2,log_target=True",10,0.90159075,0.32675126,0.56181153,-0.08043538
glucose_gL,target_focused,eem_parafac_scores,parafac_rank_selected,krr,"kernel=rbf,alpha=0.01,gamma_scale=1.0,max_features=48,x_transform=l2,log_target=True",10,0.90159075,0.32675126,0.56181153,-0.08043538
glucose_gL,target_focused,eem_parafac_scores,parafac_rank_selected,krr,"kernel=laplacian,alpha=0.01,gamma_scale=1.0,max_features=48,x_transform=l2,log_target=True",10,0.90159075,0.32675126,0.56181153,-0.08043538
glucose_gL,target_focused,eem_parafac_scores,parafac_rank_selected,krr,"kernel=rbf,alpha=0.01,gamma_scale=1.0,max_features=192,x_transform=l2,log_target=True",10,0.90159075,0.32675126,0.56181153,-0.08043538
glucose_gL,target_focused,eem_parafac_scores,parafac_rank_selected,krr,"kernel=laplacian,alpha=0.01,gamma_scale=1.0,max_features=192,x_transform=l2,log_target=True",10,0.90159075,0.32675126,0.56181153,-0.08043538
glucose_gL,target_focused,eem_parafac_scores,parafac_rank_selected,krr,"kernel=rbf,alpha=0.01,gamma_scale=2.0,max_features=12,x_transform=l2,log_target=True",10,0.90159238,0.32675192,0.56180089,-0.080440838
glucose_gL,target_focused,eem_parafac_scores,parafac_rank_selected,krr,"kernel=laplacian,alpha=0.01,gamma_scale=2.0,max_features=12,x_transform=l2,log_target=True",10,0.90159238,0.32675192,0.56180089,-0.080440838
glucose_gL,target_focused,eem_parafac_scores,parafac_rank_selected,krr,"kernel=rbf,alpha=0.01,gamma_scale=2.0,max_features=48,x_transform=l2,log_target=True",10,0.90159238,0.32675192,0.56180089,-0.080440838
glucose_gL,target_focused,eem_parafac_scores,parafac_rank_selected,krr,"kernel=laplacian,alpha=0.01,gamma_scale=2.0,max_features=48,x_transform=l2,log_target=True",10,0.90159238,0.32675192,0.56180089,-0.080440838
glucose_gL,target_focused,eem_parafac_scores,parafac_rank_selected,krr,"kernel=rbf,alpha=0.01,gamma_scale=2.0,max_features=192,x_transform=l2,log_target=True",10,0.90159238,0.32675192,0.56180089,-0.080440838
glucose_gL,target_focused,eem_parafac_scores,parafac_rank_selected,krr,"kernel=laplacian,alpha=0.01,gamma_scale=2.0,max_features=192,x_transform=l2,log_target=True",10,0.90159238,0.32675192,0.56180089,-0.080440838
glucose_gL,target_focused,eem_parafac_scores,parafac_rank_selected,krr,"kernel=rbf,alpha=0.1,gamma_scale=2.0,max_features=12,x_transform=l2,log_target=True",10,0.90160524,0.32716389,0.56131156,-0.079805078
glucose_gL,target_focused,eem_parafac_scores,parafac_rank_selected,krr,"kernel=laplacian,alpha=0.1,gamma_scale=2.0,max_features=12,x_transform=l2,log_target=True",10,0.90160524,0.32716389,0.56131156,-0.079805078
glucose_gL,target_focused,eem_parafac_scores,parafac_rank_selected,krr,"kernel=rbf,alpha=0.1,gamma_scale=2.0,max_features=48,x_transform=l2,log_target=True",10,0.90160524,0.32716389,0.56131156,-0.079805078
glucose_gL,target_focused,eem_parafac_scores,parafac_rank_selected,krr,"kernel=laplacian,alpha=0.1,gamma_scale=2.0,max_features=48,x_transform=l2,log_target=True",10,0.90160524,0.32716389,0.56131156,-0.079805078
glucose_gL,target_focused,eem_parafac_scores,parafac_rank_selected,krr,"kernel=rbf,alpha=0.1,gamma_scale=2.0,max_features=192,x_transform=l2,log_target=True",10,0.90160524,0.32716389,0.56131156,-0.079805078
glucose_gL,target_focused,eem_parafac_scores,parafac_rank_selected,krr,"kernel=laplacian,alpha=0.1,gamma_scale=2.0,max_features=192,x_transform=l2,log_target=True",10,0.90160524,0.32716389,0.56131156,-0.079805078
glucose_gL,all_known,raman_preprocessed_als_sg0_snv_area,als_sg0_snv_area,krr,"kernel=rbf,alpha=0.1,gamma_scale=1.0,max_features=48,x_transform=l2,log_target=False",10,0.90496762,0.21891801,0.52805414,-1.0370795
glucose_gL,all_known,raman_preprocessed_als_sg2_snv,als_sg2_snv,weighted_knn,"k=5,metric=correlation,max_features=192,x_transform=none,log_target=False",10,0.90583002,0.21461543,0.4944608,-1.2468318
glucose_gL,all_known,raman_preprocessed_als_sg2_snv,als_sg2_snv,weighted_knn,"k=5,metric=correlation,max_features=192,x_transform=l2,log_target=False",10,0.90583002,0.21461543,0.4944608,-1.2468318
glucose_gL,all_known,parafac_raman_fusion_als_sg0_snv_area,als_sg0_snv_area+parafac,krr,"kernel=laplacian,alpha=0.1,gamma_scale=1.0,max_features=12,x_transform=l2,log_target=False",10,0.90852534,0.21792763,0.540967,-3.4420626
glucose_gL,all_known,parafac_raman_fusion_als_sg0_snv_area,als_sg0_snv_area+parafac,weighted_knn,"k=3,metric=correlation,max_features=12,x_transform=none,log_target=True",10,0.90990222,0.18453045,0.43257758,-4.1216431
glucose_gL,all_known,parafac_raman_fusion_als_sg0_snv_area,als_sg0_snv_area+parafac,weighted_knn,"k=3,metric=correlation,max_features=12,x_transform=l2,log_target=True",10,0.90990222,0.18453045,0.43257758,-4.1216431
glucose_gL,all_known,raman_preprocessed_als_sg0_snv_area,als_sg0_snv_area,weighted_knn,"k=3,metric=manhattan,max_features=12,x_transform=l2,log_target=True",10,0.91019058,0.2491317,0.43104663,-1.2154982
glucose_gL,all_known,parafac_raman_fusion_als_sg2_snv,als_sg2_snv+parafac,krr,"kernel=rbf,alpha=0.01,gamma_scale=1.0,max_features=12,x_transform=none,log_target=False",10,0.91024966,0.28209947,0.53575062,-3.4668987
glucose_gL,all_known,raman_preprocessed_als_sg0_snv_area,als_sg0_snv_area,krr,"kernel=rbf,alpha=0.01,gamma_scale=2.0,max_features=12,x_transform=l2,log_target=True",10,0.91319899,0.24530545,0.43365501,-1.1461872
glucose_gL,all_known,raman_preprocessed_als_sg0_snv_area,als_sg0_snv_area,weighted_knn,"k=5,metric=manhattan,max_features=48,x_transform=none,log_target=False",10,0.9140562,0.2141615,0.47654835,-1.2582355
glucose_gL,all_known,raman_preprocessed_als_sg0_snv_area,als_sg0_snv_area,weighted_knn,"k=5,metric=manhattan,max_features=192,x_transform=none,log_target=False",10,0.91406971,0.18188123,0.49297864,-1.3724667
glucose_gL,all_known,parafac_raman_fusion_als_sg0_snv_area,als_sg0_snv_area+parafac,krr,"kernel=laplacian,alpha=0.01,gamma_scale=1.0,max_features=12,x_transform=none,log_target=False",10,0.91546417,0.21293059,0.54547925,-3.4291774
glucose_gL,all_known,raman_preprocessed_als_sg0_snv_area,als_sg0_snv_area,krr,"kernel=laplacian,alpha=0.01,gamma_scale=1.0,max_features=12,x_transform=l2,log_target=False",10,0.91660463,0.21991704,0.51687719,-1.2258538
glucose_gL,target_focused,eem_parafac_scores,parafac_rank_selected,krr,"kernel=rbf,alpha=0.1,gamma_scale=2.0,max_features=12,x_transform=none,log_target=False",10,0.91688623,0.28048498,0.63297947,-0.16909201
glucose_gL,target_focused,eem_parafac_scores,parafac_rank_selected,krr,"kernel=rbf,alpha=0.1,gamma_scale=2.0,max_features=48,x_transform=none,log_target=False",10,0.91688623,0.28048498,0.63297947,-0.16909201
glucose_gL,target_focused,eem_parafac_scores,parafac_rank_selected,krr,"kernel=rbf,alpha=0.1,gamma_scale=2.0,max_features=192,x_transform=none,log_target=False",10,0.91688623,0.28048498,0.63297947,-0.16909201
glucose_gL,all_known,raman_preprocessed_als_sg0_snv_area,als_sg0_snv_area,weighted_knn,"k=3,metric=manhattan,max_features=48,x_transform=none,log_target=True",10,0.91721243,0.22180051,0.42028847,-1.4689714
glucose_gL,all_known,raman_preprocessed_als_sg0_snv_area,als_sg0_snv_area,weighted_knn,"k=5,metric=correlation,max_features=192,x_transform=none,log_target=False",10,0.91881717,0.19804093,0.49926118,-1.3505415
glucose_gL,all_known,raman_preprocessed_als_sg0_snv_area,als_sg0_snv_area,weighted_knn,"k=5,metric=correlation,max_features=192,x_transform=l2,log_target=False",10,0.91881717,0.19804093,0.49926118,-1.3505415
glucose_gL,all_known,parafac_raman_fusion_als_sg0_snv_area,als_sg0_snv_area+parafac,weighted_knn,"k=3,metric=manhattan,max_features=12,x_transform=l2,log_target=True",10,0.92049087,0.22536426,0.44539553,-3.1721093
glucose_gL,all_known,parafac_raman_fusion_als_sg2_snv,als_sg2_snv+parafac,krr,"kernel=rbf,alpha=0.01,gamma_scale=1.0,max_features=48,x_transform=l2,log_target=False",10,0.92055632,0.19323692,0.57681822,-5.0452624
glucose_gL,all_known,raman_preprocessed_als_sg0_snv_area,als_sg0_snv_area,krr,"kernel=rbf,alpha=0.1,gamma_scale=1.0,max_features=12,x_transform=none,log_target=False",10,0.92124292,0.21744391,0.5100763,-1.1683888
glucose_gL,all_known,parafac_raman_fusion_als_sg0_snv_area,als_sg0_snv_area+parafac,weighted_knn,"k=5,metric=correlation,max_features=192,x_transform=none,log_target=False",10,0.92207121,0.18568646,0.51159873,-4.5491641
glucose_gL,all_known,parafac_raman_fusion_als_sg0_snv_area,als_sg0_snv_area+parafac,weighted_knn,"k=5,metric=correlation,max_features=192,x_transform=l2,log_target=False",10,0.92207121,0.18568646,0.51159873,-4.5491641
glucose_gL,all_known,eem_parafac_scores,parafac_rank_selected,krr,"kernel=laplacian,alpha=0.01,gamma_scale=1.0,max_features=12,x_transform=none,log_target=False",10,0.92277785,0.18497579,0.47850229,-6.3211508
glucose_gL,all_known,eem_parafac_scores,parafac_rank_selected,krr,"kernel=laplacian,alpha=0.01,gamma_scale=1.0,max_features=48,x_transform=none,log_target=False",10,0.92277785,0.18497579,0.47850229,-6.3211508
glucose_gL,all_known,eem_parafac_scores,parafac_rank_selected,krr,"kernel=laplacian,alpha=0.01,gamma_scale=1.0,max_features=192,x_transform=none,log_target=False",10,0.92277785,0.18497579,0.47850229,-6.3211508
glucose_gL,all_known,parafac_raman_fusion_als_sg0_snv_area,als_sg0_snv_area+parafac,weighted_knn,"k=3,metric=correlation,max_features=48,x_transform=l2,log_target=True",10,0.92311492,0.21372743,0.47265732,-3.4298336
glucose_gL,all_known,parafac_raman_fusion_als_sg0_snv_area,als_sg0_snv_area+parafac,weighted_knn,"k=3,metric=correlation,max_features=48,x_transform=none,log_target=True",10,0.92311492,0.21372743,0.47265732,-3.4298336
glucose_gL,target_focused,eem_parafac_scores,parafac_rank_selected,krr,"kernel=rbf,alpha=0.01,gamma_scale=1.0,max_features=12,x_transform=none,log_target=False",10,0.92314584,0.28342856,0.63328189,-0.18352397
glucose_gL,target_focused,eem_parafac_scores,parafac_rank_selected,krr,"kernel=rbf,alpha=0.01,gamma_scale=1.0,max_features=48,x_transform=none,log_target=False",10,0.92314584,0.28342856,0.63328189,-0.18352397
glucose_gL,target_focused,eem_parafac_scores,parafac_rank_selected,krr,"kernel=rbf,alpha=0.01,gamma_scale=1.0,max_features=192,x_transform=none,log_target=False",10,0.92314584,0.28342856,0.63328189,-0.18352397
glucose_gL,all_known,parafac_raman_fusion_als_sg2_snv,als_sg2_snv+parafac,weighted_knn,"k=5,metric=correlation,max_features=12,x_transform=none,log_target=False",10,0.92366753,0.24407487,0.48745946,-4.2245946
glucose_gL,all_known,parafac_raman_fusion_als_sg2_snv,als_sg2_snv+parafac,weighted_knn,"k=5,metric=correlation,max_features=12,x_transform=l2,log_target=False",10,0.92366753,0.24407487,0.48745946,-4.2245946
glucose_gL,all_known,raman_preprocessed_als_sg0_snv_area,als_sg0_snv_area,weighted_knn,"k=5,metric=manhattan,max_features=12,x_transform=l2,log_target=False",10,0.92368705,0.21866982,0.49270556,-1.2810656
glucose_gL,all_known,parafac_raman_fusion_als_sg2_snv,als_sg2_snv+parafac,weighted_knn,"k=3,metric=manhattan,max_features=48,x_transform=l2,log_target=True",10,0.92440444,0.24097508,0.4961481,-3.8375169
glucose_gL,all_known,raman_preprocessed_als_sg0_snv_area,als_sg0_snv_area,krr,"kernel=rbf,alpha=0.1,gamma_scale=2.0,max_features=12,x_transform=none,log_target=False",10,0.92720979,0.2301722,0.49264304,-1.2584804
glucose_gL,all_known,raman_preprocessed_als_sg0_snv_area,als_sg0_snv_area,krr,"kernel=rbf,alpha=0.1,gamma_scale=1.0,max_features=12,x_transform=l2,log_target=False",10,0.9281063,0.2090201,0.54215202,-1.2600922
glucose_gL,all_known,raman_preprocessed_als_sg2_snv,als_sg2_snv,krr,"kernel=rbf,alpha=0.01,gamma_scale=1.0,max_features=48,x_transform=l2,log_target=False",10,0.93003501,0.21359931,0.56574423,-1.279208
glucose_gL,all_known,parafac_raman_fusion_als_sg0_snv_area,als_sg0_snv_area+parafac,weighted_knn,"k=3,metric=manhattan,max_features=12,x_transform=none,log_target=False",10,0.93012794,0.17956949,0.47846209,-4.6984869
glucose_gL,all_known,raman_preprocessed_als_sg0_snv_area,als_sg0_snv_area,weighted_knn,"k=3,metric=manhattan,max_features=48,x_transform=l2,log_target=True",10,0.93013399,0.23434202,0.43750919,-1.2853472
glucose_gL,target_focused,eem_parafac_scores,parafac_rank_selected,krr,"kernel=rbf,alpha=0.1,gamma_scale=1.0,max_features=12,x_transform=l2,log_target=False",10,0.93218526,0.23990929,0.63902776,-0.34662442
glucose_gL,target_focused,eem_parafac_scores,parafac_rank_selected,krr,"kernel=laplacian,alpha=0.1,gamma_scale=1.0,max_features=12,x_transform=l2,log_target=False",10,0.93218526,0.23990929,0.63902776,-0.34662442
glucose_gL,target_focused,eem_parafac_scores,parafac_rank_selected,krr,"kernel=rbf,alpha=0.1,gamma_scale=1.0,max_features=48,x_transform=l2,log_target=False",10,0.93218526,0.23990929,0.63902776,-0.34662442
glucose_gL,target_focused,eem_parafac_scores,parafac_rank_selected,krr,"kernel=laplacian,alpha=0.1,gamma_scale=1.0,max_features=48,x_transform=l2,log_target=False",10,0.93218526,0.23990929,0.63902776,-0.34662442
glucose_gL,target_focused,eem_parafac_scores,parafac_rank_selected,krr,"kernel=rbf,alpha=0.1,gamma_scale=1.0,max_features=192,x_transform=l2,log_target=False",10,0.93218526,0.23990929,0.63902776,-0.34662442
glucose_gL,target_focused,eem_parafac_scores,parafac_rank_selected,krr,"kernel=laplacian,alpha=0.1,gamma_scale=1.0,max_features=192,x_transform=l2,log_target=False",10,0.93218526,0.23990929,0.63902776,-0.34662442
glucose_gL,target_focused,eem_parafac_scores,parafac_rank_selected,krr,"kernel=rbf,alpha=0.1,gamma_scale=2.0,max_features=12,x_transform=l2,log_target=False",10,0.93220024,0.23988899,0.63887201,-0.34676773
glucose_gL,target_focused,eem_parafac_scores,parafac_rank_selected,krr,"kernel=laplacian,alpha=0.1,gamma_scale=2.0,max_features=12,x_transform=l2,log_target=False",10,0.93220024,0.23988899,0.63887201,-0.34676773
glucose_gL,target_focused,eem_parafac_scores,parafac_rank_selected,krr,"kernel=rbf,alpha=0.1,gamma_scale=2.0,max_features=48,x_transform=l2,log_target=False",10,0.93220024,0.23988899,0.63887201,-0.34676773
glucose_gL,target_focused,eem_parafac_scores,parafac_rank_selected,krr,"kernel=laplacian,alpha=0.1,gamma_scale=2.0,max_features=48,x_transform=l2,log_target=False",10,0.93220024,0.23988899,0.63887201,-0.34676773
glucose_gL,target_focused,eem_parafac_scores,parafac_rank_selected,krr,"kernel=rbf,alpha=0.1,gamma_scale=2.0,max_features=192,x_transform=l2,log_target=False",10,0.93220024,0.23988899,0.63887201,-0.34676773
glucose_gL,target_focused,eem_parafac_scores,parafac_rank_selected,krr,"kernel=laplacian,alpha=0.1,gamma_scale=2.0,max_features=192,x_transform=l2,log_target=False",10,0.93220024,0.23988899,0.63887201,-0.34676773
glucose_gL,target_focused,eem_parafac_scores,parafac_rank_selected,krr,"kernel=rbf,alpha=0.01,gamma_scale=1.0,max_features=12,x_transform=l2,log_target=False",10,0.93272338,0.23911653,0.63977341,-0.35027829
glucose_gL,target_focused,eem_parafac_scores,parafac_rank_selected,krr,"kernel=laplacian,alpha=0.01,gamma_scale=1.0,max_features=12,x_transform=l2,log_target=False",10,0.93272338,0.23911653,0.63977341,-0.35027829
glucose_gL,target_focused,eem_parafac_scores,parafac_rank_selected,krr,"kernel=rbf,alpha=0.01,gamma_scale=1.0,max_features=48,x_transform=l2,log_target=False",10,0.93272338,0.23911653,0.63977341,-0.35027829
glucose_gL,target_focused,eem_parafac_scores,parafac_rank_selected,krr,"kernel=laplacian,alpha=0.01,gamma_scale=1.0,max_features=48,x_transform=l2,log_target=False",10,0.93272338,0.23911653,0.63977341,-0.35027829
glucose_gL,target_focused,eem_parafac_scores,parafac_rank_selected,krr,"kernel=rbf,alpha=0.01,gamma_scale=1.0,max_features=192,x_transform=l2,log_target=False",10,0.93272338,0.23911653,0.63977341,-0.35027829
glucose_gL,target_focused,eem_parafac_scores,parafac_rank_selected,krr,"kernel=laplacian,alpha=0.01,gamma_scale=1.0,max_features=192,x_transform=l2,log_target=False",10,0.93272338,0.23911653,0.63977341,-0.35027829
glucose_gL,target_focused,eem_parafac_scores,parafac_rank_selected,krr,"kernel=rbf,alpha=0.01,gamma_scale=2.0,max_features=12,x_transform=l2,log_target=False",10,0.93272492,0.23911445,0.63975794,-0.35029295
glucose_gL,target_focused,eem_parafac_scores,parafac_rank_selected,krr,"kernel=laplacian,alpha=0.01,gamma_scale=2.0,max_features=12,x_transform=l2,log_target=False",10,0.93272492,0.23911445,0.63975794,-0.35029295
glucose_gL,target_focused,eem_parafac_scores,parafac_rank_selected,krr,"kernel=rbf,alpha=0.01,gamma_scale=2.0,max_features=48,x_transform=l2,log_target=False",10,0.93272492,0.23911445,0.63975794,-0.35029295
glucose_gL,target_focused,eem_parafac_scores,parafac_rank_selected,krr,"kernel=laplacian,alpha=0.01,gamma_scale=2.0,max_features=48,x_transform=l2,log_target=False",10,0.93272492,0.23911445,0.63975794,-0.35029295
glucose_gL,target_focused,eem_parafac_scores,parafac_rank_selected,krr,"kernel=rbf,alpha=0.01,gamma_scale=2.0,max_features=192,x_transform=l2,log_target=False",10,0.93272492,0.23911445,0.63975794,-0.35029295
glucose_gL,target_focused,eem_parafac_scores,parafac_rank_selected,krr,"kernel=laplacian,alpha=0.01,gamma_scale=2.0,max_features=192,x_transform=l2,log_target=False",10,0.93272492,0.23911445,0.63975794,-0.35029295
glucose_gL,all_known,parafac_raman_fusion_als_sg0_snv_area,als_sg0_snv_area+parafac,krr,"kernel=rbf,alpha=0.1,gamma_scale=1.0,max_features=12,x_transform=l2,log_target=False",10,0.93424258,0.1989093,0.56841553,-4.6493838
glucose_gL,all_known,raman_preprocessed_als_sg0_snv_area,als_sg0_snv_area,krr,"kernel=rbf,alpha=0.01,gamma_scale=1.0,max_features=12,x_transform=none,log_target=True",10,0.93463174,0.25232414,0.44539219,-1.1297093
glucose_gL,all_known,raman_preprocessed_als_sg0_snv_area,als_sg0_snv_area,weighted_knn,"k=3,metric=manhattan,max_features=192,x_transform=none,log_target=False",10,0.93649551,0.22060096,0.47926731,-1.4535795
glucose_gL,all_known,raman_preprocessed_als_sg0_snv_area,als_sg0_snv_area,krr,"kernel=rbf,alpha=0.01,gamma_scale=1.0,max_features=12,x_transform=l2,log_target=True",10,0.93704425,0.24609912,0.46332582,-1.279141
glucose_gL,target_focused,eem_parafac_scores,parafac_rank_selected,weighted_knn,"k=3,metric=correlation,max_features=12,x_transform=none,log_target=False",10,0.93742722,0.36239086,0.55988235,-0.14292175
glucose_gL,target_focused,eem_parafac_scores,parafac_rank_selected,weighted_knn,"k=3,metric=correlation,max_features=12,x_transform=l2,log_target=False",10,0.93742722,0.36239086,0.55988235,-0.14292175
glucose_gL,target_focused,eem_parafac_scores,parafac_rank_selected,weighted_knn,"k=3,metric=correlation,max_features=48,x_transform=none,log_target=False",10,0.93742722,0.36239086,0.55988235,-0.14292175
glucose_gL,target_focused,eem_parafac_scores,parafac_rank_selected,weighted_knn,"k=3,metric=correlation,max_features=48,x_transform=l2,log_target=False",10,0.93742722,0.36239086,0.55988235,-0.14292175
glucose_gL,target_focused,eem_parafac_scores,parafac_rank_selected,weighted_knn,"k=3,metric=correlation,max_features=192,x_transform=none,log_target=False",10,0.93742722,0.36239086,0.55988235,-0.14292175
glucose_gL,target_focused,eem_parafac_scores,parafac_rank_selected,weighted_knn,"k=3,metric=correlation,max_features=192,x_transform=l2,log_target=False",10,0.93742722,0.36239086,0.55988235,-0.14292175
glucose_gL,all_known,raman_preprocessed_als_sg2_snv,als_sg2_snv,weighted_knn,"k=5,metric=manhattan,max_features=48,x_transform=l2,log_target=False",10,0.93837256,0.199107,0.51489365,-1.6423931
glucose_gL,all_known,eem_parafac_scores,parafac_rank_selected,krr,"kernel=laplacian,alpha=0.01,gamma_scale=2.0,max_features=12,x_transform=none,log_target=False",10,0.93898249,0.18685311,0.47299368,-7.6373606
glucose_gL,all_known,eem_parafac_scores,parafac_rank_selected,krr,"kernel=laplacian,alpha=0.01,gamma_scale=2.0,max_features=48,x_transform=none,log_target=False",10,0.93898249,0.18685311,0.47299368,-7.6373606
glucose_gL,all_known,eem_parafac_scores,parafac_rank_selected,krr,"kernel=laplacian,alpha=0.01,gamma_scale=2.0,max_features=192,x_transform=none,log_target=False",10,0.93898249,0.18685311,0.47299368,-7.6373606
glucose_gL,all_known,parafac_raman_fusion_als_sg2_snv,als_sg2_snv+parafac,krr,"kernel=rbf,alpha=0.1,gamma_scale=2.0,max_features=12,x_transform=l2,log_target=False",10,0.93899627,0.24976078,0.53158785,-4.5108007
glucose_gL,all_known,raman_preprocessed_als_sg2_snv,als_sg2_snv,krr,"kernel=rbf,alpha=0.01,gamma_scale=1.0,max_features=12,x_transform=none,log_target=False",10,0.93900707,0.29753339,0.55421645,-1.029624
glucose_gL,all_known,raman_preprocessed_als_sg0_snv_area,als_sg0_snv_area,weighted_knn,"k=3,metric=manhattan,max_features=192,x_transform=l2,log_target=False",10,0.94053172,0.23198542,0.46795527,-1.4178988
glucose_gL,target_focused,eem_parafac_scores,parafac_rank_selected,weighted_knn,"k=3,metric=correlation,max_features=12,x_transform=none,log_target=True",10,0.94074959,0.36586684,0.54519435,-0.14656006
glucose_gL,target_focused,eem_parafac_scores,parafac_rank_selected,weighted_knn,"k=3,metric=correlation,max_features=12,x_transform=l2,log_target=True",10,0.94074959,0.36586684,0.54519435,-0.14656006
glucose_gL,target_focused,eem_parafac_scores,parafac_rank_selected,weighted_knn,"k=3,metric=correlation,max_features=48,x_transform=none,log_target=True",10,0.94074959,0.36586684,0.54519435,-0.14656006
glucose_gL,target_focused,eem_parafac_scores,parafac_rank_selected,weighted_knn,"k=3,metric=correlation,max_features=48,x_transform=l2,log_target=True",10,0.94074959,0.36586684,0.54519435,-0.14656006
glucose_gL,target_focused,eem_parafac_scores,parafac_rank_selected,weighted_knn,"k=3,metric=correlation,max_features=192,x_transform=none,log_target=True",10,0.94074959,0.36586684,0.54519435,-0.14656006
glucose_gL,target_focused,eem_parafac_scores,parafac_rank_selected,weighted_knn,"k=3,metric=correlation,max_features=192,x_transform=l2,log_target=True",10,0.94074959,0.36586684,0.54519435,-0.14656006
glucose_gL,all_known,parafac_raman_fusion_als_sg0_snv_area,als_sg0_snv_area+parafac,krr,"kernel=rbf,alpha=0.01,gamma_scale=1.0,max_features=48,x_transform=none,log_target=False",10,0.94079264,0.20719729,0.59108643,-3.6931021
glucose_gL,all_known,raman_preprocessed_als_sg0_snv_area,als_sg0_snv_area,weighted_knn,"k=3,metric=correlation,max_features=48,x_transform=none,log_target=True",10,0.94157834,0.26231184,0.44057967,-1.2377163
glucose_gL,all_known,raman_preprocessed_als_sg0_snv_area,als_sg0_snv_area,weighted_knn,"k=3,metric=correlation,max_features=48,x_transform=l2,log_target=True",10,0.94157834,0.26231184,0.44057967,-1.2377163
glucose_gL,all_known,parafac_raman_fusion_als_sg0_snv_area,als_sg0_snv_area+parafac,weighted_knn,"k=3,metric=manhattan,max_features=192,x_transform=none,log_target=False",10,0.94185448,0.20207372,0.49883082,-6.4053922
glucose_gL,all_known,parafac_raman_fusion_als_sg2_snv,als_sg2_snv+parafac,weighted_knn,"k=3,metric=correlation,max_features=48,x_transform=none,log_target=True",10,0.94321941,0.26132046,0.5097086,-5.1548432
glucose_gL,all_known,parafac_raman_fusion_als_sg2_snv,als_sg2_snv+parafac,weighted_knn,"k=3,metric=correlation,max_features=48,x_transform=l2,log_target=True",10,0.94321941,0.26132046,0.5097086,-5.1548432
glucose_gL,all_known,parafac_raman_fusion_als_sg2_snv,als_sg2_snv+parafac,weighted_knn,"k=5,metric=manhattan,max_features=12,x_transform=l2,log_target=False",10,0.94334648,0.22191456,0.50779754,-4.8654849
glucose_gL,all_known,parafac_raman_fusion_als_sg0_snv_area,als_sg0_snv_area+parafac,weighted_knn,"k=5,metric=correlation,max_features=48,x_transform=none,log_target=False",10,0.94448632,0.18002572,0.55201237,-5.4842535
glucose_gL,all_known,parafac_raman_fusion_als_sg0_snv_area,als_sg0_snv_area+parafac,weighted_knn,"k=5,metric=correlation,max_features=48,x_transform=l2,log_target=False",10,0.94448632,0.18002572,0.55201237,-5.4842535
glucose_gL,all_known,parafac_raman_fusion_als_sg2_snv,als_sg2_snv+parafac,weighted_knn,"k=1,metric=manhattan,max_features=48,x_transform=none,log_target=False",10,0.94774293,0.27134265,0.4495,-7.471763
glucose_gL,all_known,parafac_raman_fusion_als_sg2_snv,als_sg2_snv+parafac,weighted_knn,"k=1,metric=manhattan,max_features=48,x_transform=none,log_target=True",10,0.94774293,0.27134265,0.4495,-7.471763
glucose_gL,all_known,raman_preprocessed_als_sg2_snv,als_sg2_snv,weighted_knn,"k=5,metric=correlation,max_features=12,x_transform=none,log_target=False",10,0.94963101,0.23574465,0.4795353,-1.261742
glucose_gL,all_known,raman_preprocessed_als_sg2_snv,als_sg2_snv,weighted_knn,"k=5,metric=correlation,max_features=12,x_transform=l2,log_target=False",10,0.94963101,0.23574465,0.4795353,-1.261742
glucose_gL,all_known,raman_preprocessed_als_sg2_snv,als_sg2_snv,krr,"kernel=rbf,alpha=0.1,gamma_scale=2.0,max_features=12,x_transform=l2,log_target=False",10,0.9501204,0.25189672,0.50899394,-1.2085859
glucose_gL,all_known,eem_parafac_scores,parafac_rank_selected,weighted_knn,"k=5,metric=manhattan,max_features=12,x_transform=none,log_target=False",10,0.95287544,0.17867988,0.48918076,-8.5375103
glucose_gL,all_known,eem_parafac_scores,parafac_rank_selected,weighted_knn,"k=5,metric=manhattan,max_features=48,x_transform=none,log_target=False",10,0.95287544,0.17867988,0.48918076,-8.5375103
glucose_gL,all_known,eem_parafac_scores,parafac_rank_selected,weighted_knn,"k=5,metric=manhattan,max_features=192,x_transform=none,log_target=False",10,0.95287544,0.17867988,0.48918076,-8.5375103
glucose_gL,all_known,raman_preprocessed_als_sg2_snv,als_sg2_snv,weighted_knn,"k=3,metric=correlation,max_features=48,x_transform=none,log_target=True",10,0.95289411,0.21076415,0.47791327,-1.8552519
glucose_gL,all_known,raman_preprocessed_als_sg2_snv,als_sg2_snv,weighted_knn,"k=3,metric=correlation,max_features=48,x_transform=l2,log_target=True",10,0.95289411,0.21076415,0.47791327,-1.8552519
glucose_gL,all_known,raman_preprocessed_als_sg0_snv_area,als_sg0_snv_area,weighted_knn,"k=5,metric=manhattan,max_features=48,x_transform=l2,log_target=False",10,0.95510189,0.19107036,0.49728126,-1.5248825
glucose_gL,all_known,parafac_raman_fusion_als_sg0_snv_area,als_sg0_snv_area+parafac,weighted_knn,"k=3,metric=manhattan,max_features=192,x_transform=l2,log_target=False",10,0.95585243,0.20768569,0.48754071,-4.6948341
glucose_gL,all_known,parafac_raman_fusion_als_sg0_snv_area,als_sg0_snv_area+parafac,krr,"kernel=rbf,alpha=0.01,gamma_scale=1.0,max_features=48,x_transform=l2,log_target=False",10,0.95593929,0.20949853,0.61429218,-3.9575057
glucose_gL,all_known,parafac_raman_fusion_als_sg0_snv_area,als_sg0_snv_area+parafac,krr,"kernel=rbf,alpha=0.1,gamma_scale=2.0,max_features=12,x_transform=none,log_target=False",10,0.95712924,0.20271243,0.53212302,-4.933708
glucose_gL,all_known,raman_preprocessed_als_sg2_snv,als_sg2_snv,weighted_knn,"k=1,metric=manhattan,max_features=48,x_transform=none,log_target=False",10,0.95777236,0.34183742,0.43282857,-1.2061745
glucose_gL,all_known,raman_preprocessed_als_sg2_snv,als_sg2_snv,weighted_knn,"k=1,metric=manhattan,max_features=48,x_transform=none,log_target=True",10,0.95777236,0.34183742,0.43282857,-1.2061745
glucose_gL,all_known,raman_preprocessed_als_sg0_snv_area,als_sg0_snv_area,krr,"kernel=rbf,alpha=0.01,gamma_scale=1.0,max_features=48,x_transform=l2,log_target=False",10,0.95839156,0.20936914,0.57594318,-1.3824991
glucose_gL,all_known,parafac_raman_fusion_als_sg0_snv_area,als_sg0_snv_area+parafac,weighted_knn,"k=5,metric=manhattan,max_features=48,x_transform=l2,log_target=False",10,0.95878871,0.186717,0.56973252,-4.8914647
glucose_gL,all_known,parafac_raman_fusion_als_sg0_snv_area,als_sg0_snv_area+parafac,krr,"kernel=rbf,alpha=0.1,gamma_scale=1.0,max_features=12,x_transform=none,log_target=False",10,0.9593108,0.19114545,0.56312002,-4.8249084
glucose_gL,all_known,parafac_raman_fusion_als_sg2_snv,als_sg2_snv+parafac,weighted_knn,"k=3,metric=manhattan,max_features=192,x_transform=l2,log_target=False",10,0.96012003,0.18569455,0.5203655,-4.0676105
glucose_gL,all_known,parafac_raman_fusion_als_sg0_snv_area,als_sg0_snv_area+parafac,krr,"kernel=laplacian,alpha=0.01,gamma_scale=1.0,max_features=12,x_transform=l2,log_target=False",10,0.96134033,0.208509,0.5804097,-4.6045324
glucose_gL,all_known,raman_preprocessed_als_sg0_snv_area,als_sg0_snv_area,weighted_knn,"k=3,metric=manhattan,max_features=12,x_transform=none,log_target=False",10,0.96407647,0.22262579,0.4546273,-1.6308864
glucose_gL,all_known,raman_preprocessed_als_sg0_snv_area,als_sg0_snv_area,krr,"kernel=rbf,alpha=0.01,gamma_scale=1.0,max_features=48,x_transform=none,log_target=False",10,0.96419493,0.18853464,0.57683601,-1.472206
glucose_gL,all_known,raman_preprocessed_als_sg0_snv_area,als_sg0_snv_area,krr,"kernel=rbf,alpha=0.1,gamma_scale=2.0,max_features=12,x_transform=l2,log_target=False",10,0.96462153,0.20218019,0.53840913,-1.5176592
glucose_gL,all_known,raman_preprocessed_als_sg2_snv,als_sg2_snv,krr,"kernel=rbf,alpha=0.1,gamma_scale=1.0,max_features=12,x_transform=l2,log_target=False",10,0.96534518,0.24909197,0.53806777,-1.2781068
glucose_gL,all_known,parafac_raman_fusion_als_sg0_snv_area,als_sg0_snv_area+parafac,weighted_knn,"k=5,metric=manhattan,max_features=12,x_transform=l2,log_target=False",10,0.97106022,0.18149623,0.56248519,-5.8475916
glucose_gL,all_known,raman_preprocessed_als_sg2_snv,als_sg2_snv,weighted_knn,"k=3,metric=manhattan,max_features=192,x_transform=l2,log_target=False",10,0.97254863,0.2191316,0.5025894,-1.5818006
glucose_gL,all_known,parafac_raman_fusion_als_sg2_snv,als_sg2_snv+parafac,krr,"kernel=rbf,alpha=0.1,gamma_scale=1.0,max_features=12,x_transform=l2,log_target=False",10,0.97308871,0.24048098,0.57667406,-5.3241465
glucose_gL,target_focused,eem_parafac_scores,parafac_rank_selected,krr,"kernel=laplacian,alpha=0.1,gamma_scale=1.0,max_features=12,x_transform=none,log_target=True",10,0.97322398,0.29197168,0.61601802,-0.33731269
glucose_gL,target_focused,eem_parafac_scores,parafac_rank_selected,krr,"kernel=laplacian,alpha=0.1,gamma_scale=1.0,max_features=48,x_transform=none,log_target=True",10,0.97322398,0.29197168,0.61601802,-0.33731269
glucose_gL,target_focused,eem_parafac_scores,parafac_rank_selected,krr,"kernel=laplacian,alpha=0.1,gamma_scale=1.0,max_features=192,x_transform=none,log_target=True",10,0.97322398,0.29197168,0.61601802,-0.33731269
glucose_gL,all_known,parafac_raman_fusion_als_sg0_snv_area,als_sg0_snv_area+parafac,weighted_knn,"k=5,metric=correlation,max_features=12,x_transform=none,log_target=False",10,0.97342667,0.17468607,0.54305681,-5.5078881
glucose_gL,all_known,parafac_raman_fusion_als_sg0_snv_area,als_sg0_snv_area+parafac,weighted_knn,"k=5,metric=correlation,max_features=12,x_transform=l2,log_target=False",10,0.97342667,0.17468607,0.54305681,-5.5078881
glucose_gL,all_known,raman_preprocessed_als_sg2_snv,als_sg2_snv,weighted_knn,"k=1,metric=manhattan,max_features=12,x_transform=none,log_target=False",10,0.97429345,0.28624412,0.42945714,-2.0013626
glucose_gL,all_known,raman_preprocessed_als_sg2_snv,als_sg2_snv,weighted_knn,"k=1,metric=manhattan,max_features=12,x_transform=none,log_target=True",10,0.97429345,0.28624412,0.42945714,-2.0013626
glucose_gL,target_focused,eem_parafac_scores,parafac_rank_selected,krr,"kernel=rbf,alpha=0.01,gamma_scale=2.0,max_features=12,x_transform=none,log_target=False",10,0.97524416,0.29595056,0.66156781,-0.38464697
glucose_gL,target_focused,eem_parafac_scores,parafac_rank_selected,krr,"kernel=rbf,alpha=0.01,gamma_scale=2.0,max_features=48,x_transform=none,log_target=False",10,0.97524416,0.29595056,0.66156781,-0.38464697
glucose_gL,target_focused,eem_parafac_scores,parafac_rank_selected,krr,"kernel=rbf,alpha=0.01,gamma_scale=2.0,max_features=192,x_transform=none,log_target=False",10,0.97524416,0.29595056,0.66156781,-0.38464697
glucose_gL,all_known,raman_preprocessed_als_sg0_snv_area,als_sg0_snv_area,weighted_knn,"k=5,metric=correlation,max_features=48,x_transform=none,log_target=False",10,0.97555988,0.19893203,0.5149596,-1.7146728
glucose_gL,all_known,raman_preprocessed_als_sg0_snv_area,als_sg0_snv_area,weighted_knn,"k=5,metric=correlation,max_features=48,x_transform=l2,log_target=False",10,0.97555988,0.19893203,0.5149596,-1.7146728
glucose_gL,all_known,parafac_raman_fusion_als_sg0_snv_area,als_sg0_snv_area+parafac,krr,"kernel=rbf,alpha=0.01,gamma_scale=2.0,max_features=12,x_transform=l2,log_target=True",10,0.9757585,0.18536216,0.48004693,-7.0320999
glucose_gL,all_known,parafac_raman_fusion_als_sg2_snv,als_sg2_snv+parafac,weighted_knn,"k=5,metric=manhattan,max_features=48,x_transform=l2,log_target=False",10,0.9771482,0.17245471,0.58286331,-6.6737469
glucose_gL,all_known,parafac_raman_fusion_als_sg0_snv_area,als_sg0_snv_area+parafac,weighted_knn,"k=3,metric=manhattan,max_features=48,x_transform=none,log_target=False",10,0.97744626,0.17962007,0.51549847,-5.1518785
glucose_gL,all_known,parafac_raman_fusion_als_sg2_snv,als_sg2_snv+parafac,krr,"kernel=rbf,alpha=0.01,gamma_scale=2.0,max_features=12,x_transform=l2,log_target=False",10,0.97787728,0.25185721,0.5699025,-5.172106
glucose_gL,all_known,raman_preprocessed_als_sg0_snv_area,als_sg0_snv_area,weighted_knn,"k=3,metric=correlation,max_features=12,x_transform=none,log_target=False",10,0.97820163,0.22818564,0.47540797,-1.578946
glucose_gL,all_known,raman_preprocessed_als_sg0_snv_area,als_sg0_snv_area,weighted_knn,"k=3,metric=correlation,max_features=12,x_transform=l2,log_target=False",10,0.97820163,0.22818564,0.47540797,-1.578946
glucose_gL,all_known,parafac_raman_fusion_als_sg0_snv_area,als_sg0_snv_area+parafac,krr,"kernel=rbf,alpha=0.01,gamma_scale=1.0,max_features=12,x_transform=l2,log_target=True",10,0.97941251,0.18809675,0.50496567,-6.0715232
glucose_gL,all_known,parafac_raman_fusion_als_sg0_snv_area,als_sg0_snv_area+parafac,krr,"kernel=rbf,alpha=0.01,gamma_scale=1.0,max_features=12,x_transform=none,log_target=True",10,0.9794922,0.21635424,0.49020026,-6.7081945
glucose_gL,target_focused,eem_parafac_scores,parafac_rank_selected,weighted_knn,"k=3,metric=manhattan,max_features=12,x_transform=l2,log_target=True",10,0.98066182,0.32505001,0.57726879,-0.52028894
glucose_gL,target_focused,eem_parafac_scores,parafac_rank_selected,weighted_knn,"k=3,metric=manhattan,max_features=48,x_transform=l2,log_target=True",10,0.98066182,0.32505001,0.57726879,-0.52028894
glucose_gL,target_focused,eem_parafac_scores,parafac_rank_selected,weighted_knn,"k=3,metric=manhattan,max_features=192,x_transform=l2,log_target=True",10,0.98066182,0.32505001,0.57726879,-0.52028894
glucose_gL,all_known,parafac_raman_fusion_als_sg0_snv_area,als_sg0_snv_area+parafac,krr,"kernel=rbf,alpha=0.1,gamma_scale=2.0,max_features=12,x_transform=l2,log_target=False",10,0.98585366,0.19049928,0.57237437,-6.2423292
glucose_gL,all_known,eem_parafac_scores,parafac_rank_selected,weighted_knn,"k=3,metric=manhattan,max_features=12,x_transform=none,log_target=False",10,0.98782484,0.16678125,0.49349271,-9.9076066
glucose_gL,all_known,eem_parafac_scores,parafac_rank_selected,weighted_knn,"k=3,metric=manhattan,max_features=48,x_transform=none,log_target=False",10,0.98782484,0.16678125,0.49349271,-9.9076066
glucose_gL,all_known,eem_parafac_scores,parafac_rank_selected,weighted_knn,"k=3,metric=manhattan,max_features=192,x_transform=none,log_target=False",10,0.98782484,0.16678125,0.49349271,-9.9076066
glucose_gL,all_known,parafac_raman_fusion_als_sg2_snv,als_sg2_snv+parafac,weighted_knn,"k=3,metric=correlation,max_features=12,x_transform=none,log_target=False",10,0.9890512,0.2415546,0.50213235,-5.4416077
glucose_gL,all_known,parafac_raman_fusion_als_sg2_snv,als_sg2_snv+parafac,weighted_knn,"k=3,metric=correlation,max_features=12,x_transform=l2,log_target=False",10,0.9890512,0.2415546,0.50213235,-5.4416077
glucose_gL,all_known,parafac_raman_fusion_als_sg2_snv,als_sg2_snv+parafac,weighted_knn,"k=3,metric=correlation,max_features=192,x_transform=none,log_target=False",10,0.99156197,0.19375751,0.53373519,-4.6202095
glucose_gL,all_known,parafac_raman_fusion_als_sg2_snv,als_sg2_snv+parafac,weighted_knn,"k=3,metric=correlation,max_features=192,x_transform=l2,log_target=False",10,0.99156197,0.19375751,0.53373519,-4.6202095
glucose_gL,all_known,raman_preprocessed_als_sg2_snv,als_sg2_snv,weighted_knn,"k=5,metric=correlation,max_features=48,x_transform=none,log_target=False",10,0.9921265,0.1715054,0.56488466,-1.9500892
glucose_gL,all_known,raman_preprocessed_als_sg2_snv,als_sg2_snv,weighted_knn,"k=5,metric=correlation,max_features=48,x_transform=l2,log_target=False",10,0.9921265,0.1715054,0.56488466,-1.9500892
glucose_gL,all_known,raman_preprocessed_als_sg0_snv_area,als_sg0_snv_area,weighted_knn,"k=3,metric=correlation,max_features=192,x_transform=none,log_target=False",10,0.9951595,0.20105178,0.51052532,-2.1845157
glucose_gL,all_known,raman_preprocessed_als_sg0_snv_area,als_sg0_snv_area,weighted_knn,"k=3,metric=correlation,max_features=192,x_transform=l2,log_target=False",10,0.9951595,0.20105178,0.51052532,-2.1845157
glucose_gL,all_known,raman_preprocessed_als_sg2_snv,als_sg2_snv,weighted_knn,"k=3,metric=manhattan,max_features=12,x_transform=l2,log_target=False",10,0.99637794,0.22650652,0.48723653,-1.8799784
glucose_gL,all_known,parafac_raman_fusion_als_sg2_snv,als_sg2_snv+parafac,weighted_knn,"k=5,metric=correlation,max_features=48,x_transform=none,log_target=False",10,0.99879546,0.16981947,0.59813521,-7.4988369
glucose_gL,all_known,parafac_raman_fusion_als_sg2_snv,als_sg2_snv+parafac,weighted_knn,"k=5,metric=correlation,max_features=48,x_transform=l2,log_target=False",10,0.99879546,0.16981947,0.59813521,-7.4988369
glucose_gL,all_known,parafac_raman_fusion_als_sg0_snv_area,als_sg0_snv_area+parafac,weighted_knn,"k=3,metric=correlation,max_features=192,x_transform=none,log_target=False",10,0.99978983,0.17250651,0.54816036,-7.0933809
glucose_gL,all_known,parafac_raman_fusion_als_sg0_snv_area,als_sg0_snv_area+parafac,weighted_knn,"k=3,metric=correlation,max_features=192,x_transform=l2,log_target=False",10,0.99978983,0.17250651,0.54816036,-7.0933809
glucose_gL,target_focused,eem_parafac_scores,parafac_rank_selected,weighted_knn,"k=5,metric=correlation,max_features=12,x_transform=none,log_target=True",10,1.0003275,0.31091743,0.61537692,-0.50799272
glucose_gL,target_focused,eem_parafac_scores,parafac_rank_selected,weighted_knn,"k=5,metric=correlation,max_features=12,x_transform=l2,log_target=True",10,1.0003275,0.31091743,0.61537692,-0.50799272
glucose_gL,target_focused,eem_parafac_scores,parafac_rank_selected,weighted_knn,"k=5,metric=correlation,max_features=48,x_transform=none,log_target=True",10,1.0003275,0.31091743,0.61537692,-0.50799272
glucose_gL,target_focused,eem_parafac_scores,parafac_rank_selected,weighted_knn,"k=5,metric=correlation,max_features=48,x_transform=l2,log_target=True",10,1.0003275,0.31091743,0.61537692,-0.50799272
glucose_gL,target_focused,eem_parafac_scores,parafac_rank_selected,weighted_knn,"k=5,metric=correlation,max_features=192,x_transform=none,log_target=True",10,1.0003275,0.31091743,0.61537692,-0.50799272
glucose_gL,target_focused,eem_parafac_scores,parafac_rank_selected,weighted_knn,"k=5,metric=correlation,max_features=192,x_transform=l2,log_target=True",10,1.0003275,0.31091743,0.61537692,-0.50799272
glucose_gL,all_known,parafac_raman_fusion_als_sg2_snv,als_sg2_snv+parafac,weighted_knn,"k=3,metric=manhattan,max_features=12,x_transform=l2,log_target=False",10,1.0008989,0.20949231,0.51391278,-5.4450745
glucose_gL,all_known,raman_preprocessed_als_sg2_snv,als_sg2_snv,krr,"kernel=rbf,alpha=0.01,gamma_scale=2.0,max_features=12,x_transform=l2,log_target=False",10,1.0013575,0.24242721,0.55896737,-1.5784323
glucose_gL,all_known,raman_preprocessed_als_sg2_snv,als_sg2_snv,weighted_knn,"k=3,metric=correlation,max_features=12,x_transform=none,log_target=False",10,1.0038875,0.23331173,0.49007117,-1.6240669
glucose_gL,all_known,raman_preprocessed_als_sg2_snv,als_sg2_snv,weighted_knn,"k=3,metric=correlation,max_features=12,x_transform=l2,log_target=False",10,1.0038875,0.23331173,0.49007117,-1.6240669
glucose_gL,all_known,raman_preprocessed_als_sg0_snv_area,als_sg0_snv_area,krr,"kernel=rbf,alpha=0.01,gamma_scale=2.0,max_features=12,x_transform=none,log_target=False",10,1.0067987,0.21046055,0.56484613,-1.9238036
glucose_gL,all_known,raman_preprocessed_als_sg0_snv_area,als_sg0_snv_area,weighted_knn,"k=3,metric=manhattan,max_features=48,x_transform=none,log_target=False",10,1.0077595,0.15567633,0.4860197,-2.4564241
glucose_gL,all_known,raman_preprocessed_als_sg2_snv,als_sg2_snv,weighted_knn,"k=3,metric=correlation,max_features=192,x_transform=none,log_target=False",10,1.0085916,0.2281176,0.53195409,-1.6594358
glucose_gL,all_known,raman_preprocessed_als_sg2_snv,als_sg2_snv,weighted_knn,"k=3,metric=correlation,max_features=192,x_transform=l2,log_target=False",10,1.0085916,0.2281176,0.53195409,-1.6594358
glucose_gL,all_known,raman_preprocessed_als_sg2_snv,als_sg2_snv,weighted_knn,"k=3,metric=manhattan,max_features=192,x_transform=none,log_target=False",10,1.0167976,0.16918683,0.57397934,-2.4021387
glucose_gL,all_known,raman_preprocessed_als_sg2_snv,als_sg2_snv,weighted_knn,"k=3,metric=manhattan,max_features=48,x_transform=l2,log_target=False",10,1.019454,0.18485431,0.53825898,-2.3095192
glucose_gL,target_focused,eem_parafac_scores,parafac_rank_selected,weighted_knn,"k=3,metric=manhattan,max_features=12,x_transform=l2,log_target=False",10,1.0212982,0.32915655,0.62280392,-1.2299863
glucose_gL,target_focused,eem_parafac_scores,parafac_rank_selected,weighted_knn,"k=3,metric=manhattan,max_features=48,x_transform=l2,log_target=False",10,1.0212982,0.32915655,0.62280392,-1.2299863
glucose_gL,target_focused,eem_parafac_scores,parafac_rank_selected,weighted_knn,"k=3,metric=manhattan,max_features=192,x_transform=l2,log_target=False",10,1.0212982,0.32915655,0.62280392,-1.2299863
glucose_gL,target_focused,eem_parafac_scores,parafac_rank_selected,weighted_knn,"k=5,metric=manhattan,max_features=12,x_transform=l2,log_target=True",10,1.0220751,0.30808632,0.65436853,-0.74851662
glucose_gL,target_focused,eem_parafac_scores,parafac_rank_selected,weighted_knn,"k=5,metric=manhattan,max_features=48,x_transform=l2,log_target=True",10,1.0220751,0.30808632,0.65436853,-0.74851662
glucose_gL,target_focused,eem_parafac_scores,parafac_rank_selected,weighted_knn,"k=5,metric=manhattan,max_features=192,x_transform=l2,log_target=True",10,1.0220751,0.30808632,0.65436853,-0.74851662
glucose_gL,target_focused,eem_parafac_scores,parafac_rank_selected,krr,"kernel=laplacian,alpha=0.1,gamma_scale=1.0,max_features=12,x_transform=none,log_target=False",10,1.0224569,0.26926835,0.68857501,-0.6440387
glucose_gL,target_focused,eem_parafac_scores,parafac_rank_selected,krr,"kernel=laplacian,alpha=0.1,gamma_scale=1.0,max_features=48,x_transform=none,log_target=False",10,1.0224569,0.26926835,0.68857501,-0.6440387
glucose_gL,target_focused,eem_parafac_scores,parafac_rank_selected,krr,"kernel=laplacian,alpha=0.1,gamma_scale=1.0,max_features=192,x_transform=none,log_target=False",10,1.0224569,0.26926835,0.68857501,-0.6440387
glucose_gL,all_known,parafac_raman_fusion_als_sg0_snv_area,als_sg0_snv_area+parafac,weighted_knn,"k=3,metric=correlation,max_features=12,x_transform=none,log_target=False",10,1.0253988,0.15813502,0.52832053,-7.6049092
glucose_gL,all_known,parafac_raman_fusion_als_sg0_snv_area,als_sg0_snv_area+parafac,weighted_knn,"k=3,metric=correlation,max_features=12,x_transform=l2,log_target=False",10,1.0253988,0.15813502,0.52832053,-7.6049092
glucose_gL,target_focused,eem_parafac_scores,parafac_rank_selected,krr,"kernel=laplacian,alpha=0.1,gamma_scale=2.0,max_features=12,x_transform=none,log_target=True",10,1.0256286,0.29629088,0.645015,-0.53524885
glucose_gL,target_focused,eem_parafac_scores,parafac_rank_selected,krr,"kernel=laplacian,alpha=0.1,gamma_scale=2.0,max_features=48,x_transform=none,log_target=True",10,1.0256286,0.29629088,0.645015,-0.53524885
glucose_gL,target_focused,eem_parafac_scores,parafac_rank_selected,krr,"kernel=laplacian,alpha=0.1,gamma_scale=2.0,max_features=192,x_transform=none,log_target=True",10,1.0256286,0.29629088,0.645015,-0.53524885
glucose_gL,all_known,parafac_raman_fusion_als_sg0_snv_area,als_sg0_snv_area+parafac,weighted_knn,"k=3,metric=manhattan,max_features=48,x_transform=l2,log_target=False",10,1.0300503,0.22517818,0.58370751,-5.5955037
glucose_gL,all_known,parafac_raman_fusion_als_sg2_snv,als_sg2_snv+parafac,weighted_knn,"k=3,metric=manhattan,max_features=192,x_transform=none,log_target=False",10,1.0359056,0.13284803,0.59783013,-7.8004911
glucose_gL,target_focused,eem_parafac_scores,parafac_rank_selected,weighted_knn,"k=1,metric=manhattan,max_features=12,x_transform=l2,log_target=False",10,1.0396461,0.34082386,0.59697059,-0.5577559
glucose_gL,target_focused,eem_parafac_scores,parafac_rank_selected,weighted_knn,"k=1,metric=manhattan,max_features=12,x_transform=l2,log_target=True",10,1.0396461,0.34082386,0.59697059,-0.5577559
glucose_gL,target_focused,eem_parafac_scores,parafac_rank_selected,weighted_knn,"k=1,metric=manhattan,max_features=48,x_transform=l2,log_target=False",10,1.0396461,0.34082386,0.59697059,-0.5577559
glucose_gL,target_focused,eem_parafac_scores,parafac_rank_selected,weighted_knn,"k=1,metric=manhattan,max_features=48,x_transform=l2,log_target=True",10,1.0396461,0.34082386,0.59697059,-0.5577559
glucose_gL,target_focused,eem_parafac_scores,parafac_rank_selected,weighted_knn,"k=1,metric=manhattan,max_features=192,x_transform=l2,log_target=False",10,1.0396461,0.34082386,0.59697059,-0.5577559
glucose_gL,target_focused,eem_parafac_scores,parafac_rank_selected,weighted_knn,"k=1,metric=manhattan,max_features=192,x_transform=l2,log_target=True",10,1.0396461,0.34082386,0.59697059,-0.5577559
glucose_gL,all_known,raman_preprocessed_als_sg0_snv_area,als_sg0_snv_area,weighted_knn,"k=3,metric=manhattan,max_features=12,x_transform=l2,log_target=False",10,1.0468319,0.19644451,0.5365896,-2.3570937
glucose_gL,all_known,parafac_raman_fusion_als_sg0_snv_area,als_sg0_snv_area+parafac,krr,"kernel=rbf,alpha=0.01,gamma_scale=2.0,max_features=12,x_transform=none,log_target=False",10,1.0574187,0.19234402,0.6105806,-8.2767735
glucose_gL,all_known,parafac_raman_fusion_als_sg2_snv,als_sg2_snv+parafac,weighted_knn,"k=3,metric=manhattan,max_features=48,x_transform=l2,log_target=False",10,1.0603595,0.20276382,0.59774306,-7.5847577
glucose_gL,target_focused,eem_parafac_scores,parafac_rank_selected,weighted_knn,"k=1,metric=correlation,max_features=12,x_transform=none,log_target=False",10,1.0621388,0.32382856,0.61555882,-0.74561578
glucose_gL,target_focused,eem_parafac_scores,parafac_rank_selected,weighted_knn,"k=1,metric=correlation,max_features=12,x_transform=none,log_target=True",10,1.0621388,0.32382856,0.61555882,-0.74561578
glucose_gL,target_focused,eem_parafac_scores,parafac_rank_selected,weighted_knn,"k=1,metric=correlation,max_features=12,x_transform=l2,log_target=False",10,1.0621388,0.32382856,0.61555882,-0.74561578
glucose_gL,target_focused,eem_parafac_scores,parafac_rank_selected,weighted_knn,"k=1,metric=correlation,max_features=12,x_transform=l2,log_target=True",10,1.0621388,0.32382856,0.61555882,-0.74561578
glucose_gL,target_focused,eem_parafac_scores,parafac_rank_selected,weighted_knn,"k=1,metric=correlation,max_features=48,x_transform=none,log_target=False",10,1.0621388,0.32382856,0.61555882,-0.74561578
glucose_gL,target_focused,eem_parafac_scores,parafac_rank_selected,weighted_knn,"k=1,metric=correlation,max_features=48,x_transform=none,log_target=True",10,1.0621388,0.32382856,0.61555882,-0.74561578
glucose_gL,target_focused,eem_parafac_scores,parafac_rank_selected,weighted_knn,"k=1,metric=correlation,max_features=48,x_transform=l2,log_target=False",10,1.0621388,0.32382856,0.61555882,-0.74561578
glucose_gL,target_focused,eem_parafac_scores,parafac_rank_selected,weighted_knn,"k=1,metric=correlation,max_features=48,x_transform=l2,log_target=True",10,1.0621388,0.32382856,0.61555882,-0.74561578
glucose_gL,target_focused,eem_parafac_scores,parafac_rank_selected,weighted_knn,"k=1,metric=correlation,max_features=192,x_transform=none,log_target=False",10,1.0621388,0.32382856,0.61555882,-0.74561578
glucose_gL,target_focused,eem_parafac_scores,parafac_rank_selected,weighted_knn,"k=1,metric=correlation,max_features=192,x_transform=none,log_target=True",10,1.0621388,0.32382856,0.61555882,-0.74561578
glucose_gL,target_focused,eem_parafac_scores,parafac_rank_selected,weighted_knn,"k=1,metric=correlation,max_features=192,x_transform=l2,log_target=False",10,1.0621388,0.32382856,0.61555882,-0.74561578
glucose_gL,target_focused,eem_parafac_scores,parafac_rank_selected,weighted_knn,"k=1,metric=correlation,max_features=192,x_transform=l2,log_target=True",10,1.0621388,0.32382856,0.61555882,-0.74561578
glucose_gL,all_known,raman_preprocessed_als_sg0_snv_area,als_sg0_snv_area,weighted_knn,"k=3,metric=manhattan,max_features=48,x_transform=l2,log_target=False",10,1.0686759,0.16962584,0.54674895,-2.5306785
glucose_gL,all_known,parafac_raman_fusion_als_sg0_snv_area,als_sg0_snv_area+parafac,weighted_knn,"k=3,metric=correlation,max_features=48,x_transform=none,log_target=False",10,1.070712,0.16874807,0.59516201,-7.7208147
glucose_gL,all_known,parafac_raman_fusion_als_sg0_snv_area,als_sg0_snv_area+parafac,weighted_knn,"k=3,metric=correlation,max_features=48,x_transform=l2,log_target=False",10,1.070712,0.16874807,0.59516201,-7.7208147
glucose_gL,all_known,parafac_raman_fusion_als_sg0_snv_area,als_sg0_snv_area+parafac,weighted_knn,"k=3,metric=manhattan,max_features=12,x_transform=l2,log_target=False",10,1.0721428,0.18676695,0.56598227,-7.770565
glucose_gL,all_known,raman_preprocessed_als_sg0_snv_area,als_sg0_snv_area,weighted_knn,"k=3,metric=correlation,max_features=48,x_transform=none,log_target=False",10,1.072783,0.22321828,0.53979025,-2.2665236
glucose_gL,all_known,raman_preprocessed_als_sg0_snv_area,als_sg0_snv_area,weighted_knn,"k=3,metric=correlation,max_features=48,x_transform=l2,log_target=False",10,1.072783,0.22321828,0.53979025,-2.2665236
glucose_gL,target_focused,eem_parafac_scores,parafac_rank_selected,krr,"kernel=laplacian,alpha=0.1,gamma_scale=2.0,max_features=12,x_transform=none,log_target=False",10,1.0763914,0.29069568,0.712275,-0.86186692
glucose_gL,target_focused,eem_parafac_scores,parafac_rank_selected,krr,"kernel=laplacian,alpha=0.1,gamma_scale=2.0,max_features=48,x_transform=none,log_target=False",10,1.0763914,0.29069568,0.712275,-0.86186692
glucose_gL,target_focused,eem_parafac_scores,parafac_rank_selected,krr,"kernel=laplacian,alpha=0.1,gamma_scale=2.0,max_features=192,x_transform=none,log_target=False",10,1.0763914,0.29069568,0.712275,-0.86186692
glucose_gL,all_known,parafac_raman_fusion_als_sg2_snv,als_sg2_snv+parafac,krr,"kernel=rbf,alpha=0.01,gamma_scale=1.0,max_features=12,x_transform=l2,log_target=False",10,1.077206,0.24331512,0.67744616,-7.0036453
glucose_gL,all_known,raman_preprocessed_als_sg2_snv,als_sg2_snv,weighted_knn,"k=3,metric=correlation,max_features=48,x_transform=none,log_target=False",10,1.0872791,0.17477285,0.58252194,-3.2105618
glucose_gL,all_known,raman_preprocessed_als_sg2_snv,als_sg2_snv,weighted_knn,"k=3,metric=correlation,max_features=48,x_transform=l2,log_target=False",10,1.0872791,0.17477285,0.58252194,-3.2105618
glucose_gL,all_known,raman_preprocessed_als_sg0_snv_area,als_sg0_snv_area,krr,"kernel=rbf,alpha=0.01,gamma_scale=1.0,max_features=12,x_transform=none,log_target=False",10,1.0891147,0.16726385,0.65397702,-2.4858918
glucose_gL,all_known,raman_preprocessed_als_sg2_snv,als_sg2_snv,krr,"kernel=rbf,alpha=0.01,gamma_scale=1.0,max_features=12,x_transform=l2,log_target=False",10,1.0952723,0.23680001,0.67221668,-2.2342309
glucose_gL,all_known,raman_preprocessed_als_sg0_snv_area,als_sg0_snv_area,krr,"kernel=rbf,alpha=0.01,gamma_scale=2.0,max_features=12,x_transform=l2,log_target=False",10,1.1039876,0.15439307,0.64326762,-2.7659435
glucose_gL,all_known,parafac_raman_fusion_als_sg2_snv,als_sg2_snv+parafac,weighted_knn,"k=3,metric=correlation,max_features=48,x_transform=none,log_target=False",10,1.1083971,0.23296463,0.62765378,-9.6265048
glucose_gL,all_known,parafac_raman_fusion_als_sg2_snv,als_sg2_snv+parafac,weighted_knn,"k=3,metric=correlation,max_features=48,x_transform=l2,log_target=False",10,1.1083971,0.23296463,0.62765378,-9.6265048
glucose_gL,all_known,parafac_raman_fusion_als_sg0_snv_area,als_sg0_snv_area+parafac,weighted_knn,"k=1,metric=manhattan,max_features=12,x_transform=none,log_target=False",10,1.1156202,0.21345727,0.46607143,-7.2010621
glucose_gL,all_known,parafac_raman_fusion_als_sg0_snv_area,als_sg0_snv_area+parafac,weighted_knn,"k=1,metric=manhattan,max_features=12,x_transform=none,log_target=True",10,1.1156202,0.21345727,0.46607143,-7.2010621
glucose_gL,all_known,raman_preprocessed_als_sg0_snv_area,als_sg0_snv_area,weighted_knn,"k=1,metric=manhattan,max_features=48,x_transform=none,log_target=False",10,1.1252631,0.22193374,0.4749,-4.9161435
glucose_gL,all_known,raman_preprocessed_als_sg0_snv_area,als_sg0_snv_area,weighted_knn,"k=1,metric=manhattan,max_features=48,x_transform=none,log_target=True",10,1.1252631,0.22193374,0.4749,-4.9161435
glucose_gL,all_known,raman_preprocessed_als_sg2_snv,als_sg2_snv,weighted_knn,"k=1,metric=manhattan,max_features=12,x_transform=l2,log_target=False",10,1.129127,0.25956138,0.4869,-3.006637
glucose_gL,all_known,raman_preprocessed_als_sg2_snv,als_sg2_snv,weighted_knn,"k=1,metric=manhattan,max_features=12,x_transform=l2,log_target=True",10,1.129127,0.25956138,0.4869,-3.006637
glucose_gL,all_known,parafac_raman_fusion_als_sg2_snv,als_sg2_snv+parafac,weighted_knn,"k=1,metric=manhattan,max_features=12,x_transform=l2,log_target=False",10,1.1379739,0.32778232,0.51058571,-8.8120822
glucose_gL,all_known,parafac_raman_fusion_als_sg2_snv,als_sg2_snv+parafac,weighted_knn,"k=1,metric=manhattan,max_features=12,x_transform=l2,log_target=True",10,1.1379739,0.32778232,0.51058571,-8.8120822
glucose_gL,all_known,raman_preprocessed_als_sg0_snv_area,als_sg0_snv_area,krr,"kernel=rbf,alpha=0.01,gamma_scale=1.0,max_features=12,x_transform=l2,log_target=False",10,1.1451607,0.15095952,0.71937061,-3.184703
glucose_gL,all_known,eem_parafac_scores,parafac_rank_selected,weighted_knn,"k=1,metric=manhattan,max_features=12,x_transform=none,log_target=False",10,1.1461131,0.17790121,0.50025714,-16.104817
glucose_gL,all_known,eem_parafac_scores,parafac_rank_selected,weighted_knn,"k=1,metric=manhattan,max_features=12,x_transform=none,log_target=True",10,1.1461131,0.17790121,0.50025714,-16.104817
glucose_gL,all_known,eem_parafac_scores,parafac_rank_selected,weighted_knn,"k=1,metric=manhattan,max_features=48,x_transform=none,log_target=False",10,1.1461131,0.17790121,0.50025714,-16.104817
glucose_gL,all_known,eem_parafac_scores,parafac_rank_selected,weighted_knn,"k=1,metric=manhattan,max_features=48,x_transform=none,log_target=True",10,1.1461131,0.17790121,0.50025714,-16.104817
glucose_gL,all_known,eem_parafac_scores,parafac_rank_selected,weighted_knn,"k=1,metric=manhattan,max_features=192,x_transform=none,log_target=False",10,1.1461131,0.17790121,0.50025714,-16.104817
glucose_gL,all_known,eem_parafac_scores,parafac_rank_selected,weighted_knn,"k=1,metric=manhattan,max_features=192,x_transform=none,log_target=True",10,1.1461131,0.17790121,0.50025714,-16.104817
glucose_gL,target_focused,eem_parafac_scores,parafac_rank_selected,weighted_knn,"k=5,metric=correlation,max_features=12,x_transform=none,log_target=False",10,1.153632,0.1697204,0.78350588,-1.8128563
glucose_gL,target_focused,eem_parafac_scores,parafac_rank_selected,weighted_knn,"k=5,metric=correlation,max_features=12,x_transform=l2,log_target=False",10,1.153632,0.1697204,0.78350588,-1.8128563
glucose_gL,target_focused,eem_parafac_scores,parafac_rank_selected,weighted_knn,"k=5,metric=correlation,max_features=48,x_transform=none,log_target=False",10,1.153632,0.1697204,0.78350588,-1.8128563
glucose_gL,target_focused,eem_parafac_scores,parafac_rank_selected,weighted_knn,"k=5,metric=correlation,max_features=48,x_transform=l2,log_target=False",10,1.153632,0.1697204,0.78350588,-1.8128563
glucose_gL,target_focused,eem_parafac_scores,parafac_rank_selected,weighted_knn,"k=5,metric=correlation,max_features=192,x_transform=none,log_target=False",10,1.153632,0.1697204,0.78350588,-1.8128563
glucose_gL,target_focused,eem_parafac_scores,parafac_rank_selected,weighted_knn,"k=5,metric=correlation,max_features=192,x_transform=l2,log_target=False",10,1.153632,0.1697204,0.78350588,-1.8128563
glucose_gL,target_focused,eem_parafac_scores,parafac_rank_selected,krr,"kernel=laplacian,alpha=0.01,gamma_scale=1.0,max_features=12,x_transform=none,log_target=True",10,1.1708181,0.32522671,0.72424815,-1.1204271
glucose_gL,target_focused,eem_parafac_scores,parafac_rank_selected,krr,"kernel=laplacian,alpha=0.01,gamma_scale=1.0,max_features=48,x_transform=none,log_target=True",10,1.1708181,0.32522671,0.72424815,-1.1204271
glucose_gL,target_focused,eem_parafac_scores,parafac_rank_selected,krr,"kernel=laplacian,alpha=0.01,gamma_scale=1.0,max_features=192,x_transform=none,log_target=True",10,1.1708181,0.32522671,0.72424815,-1.1204271
glucose_gL,all_known,raman_preprocessed_als_sg0_snv_area,als_sg0_snv_area,weighted_knn,"k=1,metric=manhattan,max_features=12,x_transform=none,log_target=False",10,1.182496,0.26755045,0.47847143,-4.217649
glucose_gL,all_known,raman_preprocessed_als_sg0_snv_area,als_sg0_snv_area,weighted_knn,"k=1,metric=manhattan,max_features=12,x_transform=none,log_target=True",10,1.182496,0.26755045,0.47847143,-4.217649
glucose_gL,target_focused,eem_parafac_scores,parafac_rank_selected,weighted_knn,"k=5,metric=manhattan,max_features=12,x_transform=l2,log_target=False",10,1.183068,0.28172966,0.81014706,-2.3277628
glucose_gL,target_focused,eem_parafac_scores,parafac_rank_selected,weighted_knn,"k=5,metric=manhattan,max_features=48,x_transform=l2,log_target=False",10,1.183068,0.28172966,0.81014706,-2.3277628
glucose_gL,target_focused,eem_parafac_scores,parafac_rank_selected,weighted_knn,"k=5,metric=manhattan,max_features=192,x_transform=l2,log_target=False",10,1.183068,0.28172966,0.81014706,-2.3277628
glucose_gL,all_known,parafac_raman_fusion_als_sg0_snv_area,als_sg0_snv_area+parafac,krr,"kernel=rbf,alpha=0.01,gamma_scale=1.0,max_features=12,x_transform=none,log_target=False",10,1.1847233,0.18365437,0.73966144,-13.935315
glucose_gL,all_known,parafac_raman_fusion_als_sg2_snv,als_sg2_snv+parafac,weighted_knn,"k=1,metric=correlation,max_features=12,x_transform=none,log_target=False",10,1.1863614,0.27573648,0.53504286,-13.173399
glucose_gL,all_known,parafac_raman_fusion_als_sg2_snv,als_sg2_snv+parafac,weighted_knn,"k=1,metric=correlation,max_features=12,x_transform=none,log_target=True",10,1.1863614,0.27573648,0.53504286,-13.173399
glucose_gL,all_known,parafac_raman_fusion_als_sg2_snv,als_sg2_snv+parafac,weighted_knn,"k=1,metric=correlation,max_features=12,x_transform=l2,log_target=False",10,1.1863614,0.27573648,0.53504286,-13.173399
glucose_gL,all_known,parafac_raman_fusion_als_sg2_snv,als_sg2_snv+parafac,weighted_knn,"k=1,metric=correlation,max_features=12,x_transform=l2,log_target=True",10,1.1863614,0.27573648,0.53504286,-13.173399
glucose_gL,all_known,raman_preprocessed_als_sg0_snv_area,als_sg0_snv_area,weighted_knn,"k=1,metric=correlation,max_features=12,x_transform=none,log_target=False",10,1.1876484,0.31285809,0.51397143,-3.938046
glucose_gL,all_known,raman_preprocessed_als_sg0_snv_area,als_sg0_snv_area,weighted_knn,"k=1,metric=correlation,max_features=12,x_transform=none,log_target=True",10,1.1876484,0.31285809,0.51397143,-3.938046
glucose_gL,all_known,raman_preprocessed_als_sg0_snv_area,als_sg0_snv_area,weighted_knn,"k=1,metric=correlation,max_features=12,x_transform=l2,log_target=False",10,1.1876484,0.31285809,0.51397143,-3.938046
glucose_gL,all_known,raman_preprocessed_als_sg0_snv_area,als_sg0_snv_area,weighted_knn,"k=1,metric=correlation,max_features=12,x_transform=l2,log_target=True",10,1.1876484,0.31285809,0.51397143,-3.938046
glucose_gL,all_known,parafac_raman_fusion_als_sg0_snv_area,als_sg0_snv_area+parafac,weighted_knn,"k=1,metric=manhattan,max_features=48,x_transform=none,log_target=False",10,1.1881778,0.23365827,0.546,-14.201314
glucose_gL,all_known,parafac_raman_fusion_als_sg0_snv_area,als_sg0_snv_area+parafac,weighted_knn,"k=1,metric=manhattan,max_features=48,x_transform=none,log_target=True",10,1.1881778,0.23365827,0.546,-14.201314
glucose_gL,all_known,raman_preprocessed_als_sg0_snv_area,als_sg0_snv_area,weighted_knn,"k=1,metric=manhattan,max_features=192,x_transform=none,log_target=False",10,1.189034,0.17646285,0.49115714,-4.1177495
glucose_gL,all_known,raman_preprocessed_als_sg0_snv_area,als_sg0_snv_area,weighted_knn,"k=1,metric=manhattan,max_features=192,x_transform=none,log_target=True",10,1.189034,0.17646285,0.49115714,-4.1177495
glucose_gL,all_known,parafac_raman_fusion_als_sg0_snv_area,als_sg0_snv_area+parafac,weighted_knn,"k=1,metric=manhattan,max_features=192,x_transform=l2,log_target=False",10,1.1965542,0.15954714,0.50408571,-13.954502
glucose_gL,all_known,parafac_raman_fusion_als_sg0_snv_area,als_sg0_snv_area+parafac,weighted_knn,"k=1,metric=manhattan,max_features=192,x_transform=l2,log_target=True",10,1.1965542,0.15954714,0.50408571,-13.954502
glucose_gL,target_focused,eem_parafac_scores,parafac_rank_selected,weighted_knn,"k=5,metric=manhattan,max_features=12,x_transform=none,log_target=True",10,1.2010273,0.35642059,0.7356581,-1.1761104
glucose_gL,target_focused,eem_parafac_scores,parafac_rank_selected,weighted_knn,"k=5,metric=manhattan,max_features=48,x_transform=none,log_target=True",10,1.2010273,0.35642059,0.7356581,-1.1761104
glucose_gL,target_focused,eem_parafac_scores,parafac_rank_selected,weighted_knn,"k=5,metric=manhattan,max_features=192,x_transform=none,log_target=True",10,1.2010273,0.35642059,0.7356581,-1.1761104
glucose_gL,target_focused,eem_parafac_scores,parafac_rank_selected,krr,"kernel=laplacian,alpha=0.01,gamma_scale=1.0,max_features=12,x_transform=none,log_target=False",10,1.208662,0.34102027,0.76977495,-1.3946401
glucose_gL,target_focused,eem_parafac_scores,parafac_rank_selected,krr,"kernel=laplacian,alpha=0.01,gamma_scale=1.0,max_features=48,x_transform=none,log_target=False",10,1.208662,0.34102027,0.76977495,-1.3946401
glucose_gL,target_focused,eem_parafac_scores,parafac_rank_selected,krr,"kernel=laplacian,alpha=0.01,gamma_scale=1.0,max_features=192,x_transform=none,log_target=False",10,1.208662,0.34102027,0.76977495,-1.3946401
glucose_gL,all_known,parafac_raman_fusion_als_sg0_snv_area,als_sg0_snv_area+parafac,weighted_knn,"k=1,metric=manhattan,max_features=192,x_transform=none,log_target=False",10,1.2146666,0.20264894,0.51648571,-12.993271
glucose_gL,all_known,parafac_raman_fusion_als_sg0_snv_area,als_sg0_snv_area+parafac,weighted_knn,"k=1,metric=manhattan,max_features=192,x_transform=none,log_target=True",10,1.2146666,0.20264894,0.51648571,-12.993271
glucose_gL,all_known,parafac_raman_fusion_als_sg0_snv_area,als_sg0_snv_area+parafac,krr,"kernel=rbf,alpha=0.01,gamma_scale=2.0,max_features=12,x_transform=l2,log_target=False",10,1.2147707,0.15539917,0.73229155,-15.3647
glucose_gL,target_focused,eem_parafac_scores,parafac_rank_selected,krr,"kernel=laplacian,alpha=0.01,gamma_scale=2.0,max_features=12,x_transform=none,log_target=True",10,1.2199138,0.33433726,0.74926288,-1.3349828
glucose_gL,target_focused,eem_parafac_scores,parafac_rank_selected,krr,"kernel=laplacian,alpha=0.01,gamma_scale=2.0,max_features=48,x_transform=none,log_target=True",10,1.2199138,0.33433726,0.74926288,-1.3349828
glucose_gL,target_focused,eem_parafac_scores,parafac_rank_selected,krr,"kernel=laplacian,alpha=0.01,gamma_scale=2.0,max_features=192,x_transform=none,log_target=True",10,1.2199138,0.33433726,0.74926288,-1.3349828
glucose_gL,target_focused,eem_parafac_scores,parafac_rank_selected,weighted_knn,"k=5,metric=manhattan,max_features=12,x_transform=none,log_target=False",10,1.2370713,0.36149462,0.7862532,-1.4443627
glucose_gL,target_focused,eem_parafac_scores,parafac_rank_selected,weighted_knn,"k=5,metric=manhattan,max_features=48,x_transform=none,log_target=False",10,1.2370713,0.36149462,0.7862532,-1.4443627
glucose_gL,target_focused,eem_parafac_scores,parafac_rank_selected,weighted_knn,"k=5,metric=manhattan,max_features=192,x_transform=none,log_target=False",10,1.2370713,0.36149462,0.7862532,-1.4443627
glucose_gL,all_known,raman_preprocessed_als_sg2_snv,als_sg2_snv,weighted_knn,"k=1,metric=correlation,max_features=12,x_transform=none,log_target=False",10,1.243851,0.27981899,0.5293,-3.9421719
glucose_gL,all_known,raman_preprocessed_als_sg2_snv,als_sg2_snv,weighted_knn,"k=1,metric=correlation,max_features=12,x_transform=none,log_target=True",10,1.243851,0.27981899,0.5293,-3.9421719
glucose_gL,all_known,raman_preprocessed_als_sg2_snv,als_sg2_snv,weighted_knn,"k=1,metric=correlation,max_features=12,x_transform=l2,log_target=False",10,1.243851,0.27981899,0.5293,-3.9421719
glucose_gL,all_known,raman_preprocessed_als_sg2_snv,als_sg2_snv,weighted_knn,"k=1,metric=correlation,max_features=12,x_transform=l2,log_target=True",10,1.243851,0.27981899,0.5293,-3.9421719
glucose_gL,target_focused,eem_parafac_scores,parafac_rank_selected,krr,"kernel=laplacian,alpha=0.01,gamma_scale=2.0,max_features=12,x_transform=none,log_target=False",10,1.2480017,0.35054018,0.78485952,-1.5675979
glucose_gL,target_focused,eem_parafac_scores,parafac_rank_selected,krr,"kernel=laplacian,alpha=0.01,gamma_scale=2.0,max_features=48,x_transform=none,log_target=False",10,1.2480017,0.35054018,0.78485952,-1.5675979
glucose_gL,target_focused,eem_parafac_scores,parafac_rank_selected,krr,"kernel=laplacian,alpha=0.01,gamma_scale=2.0,max_features=192,x_transform=none,log_target=False",10,1.2480017,0.35054018,0.78485952,-1.5675979
glucose_gL,all_known,parafac_raman_fusion_als_sg0_snv_area,als_sg0_snv_area+parafac,krr,"kernel=rbf,alpha=0.01,gamma_scale=1.0,max_features=12,x_transform=l2,log_target=False",10,1.2482323,0.15502154,0.80808662,-15.215291
glucose_gL,target_focused,eem_parafac_scores,parafac_rank_selected,weighted_knn,"k=3,metric=manhattan,max_features=12,x_transform=none,log_target=True",10,1.2575014,0.37741216,0.76293837,-1.455677
glucose_gL,target_focused,eem_parafac_scores,parafac_rank_selected,weighted_knn,"k=3,metric=manhattan,max_features=48,x_transform=none,log_target=True",10,1.2575014,0.37741216,0.76293837,-1.455677
glucose_gL,target_focused,eem_parafac_scores,parafac_rank_selected,weighted_knn,"k=3,metric=manhattan,max_features=192,x_transform=none,log_target=True",10,1.2575014,0.37741216,0.76293837,-1.455677
glucose_gL,target_focused,eem_parafac_scores,parafac_rank_selected,weighted_knn,"k=3,metric=manhattan,max_features=12,x_transform=none,log_target=False",10,1.2746426,0.38634764,0.80187193,-1.6252756
glucose_gL,target_focused,eem_parafac_scores,parafac_rank_selected,weighted_knn,"k=3,metric=manhattan,max_features=48,x_transform=none,log_target=False",10,1.2746426,0.38634764,0.80187193,-1.6252756
glucose_gL,target_focused,eem_parafac_scores,parafac_rank_selected,weighted_knn,"k=3,metric=manhattan,max_features=192,x_transform=none,log_target=False",10,1.2746426,0.38634764,0.80187193,-1.6252756
glucose_gL,all_known,parafac_raman_fusion_als_sg0_snv_area,als_sg0_snv_area+parafac,weighted_knn,"k=1,metric=correlation,max_features=12,x_transform=none,log_target=False",10,1.2757054,0.21313232,0.57802857,-13.85466
glucose_gL,all_known,parafac_raman_fusion_als_sg0_snv_area,als_sg0_snv_area+parafac,weighted_knn,"k=1,metric=correlation,max_features=12,x_transform=none,log_target=True",10,1.2757054,0.21313232,0.57802857,-13.85466
glucose_gL,all_known,parafac_raman_fusion_als_sg0_snv_area,als_sg0_snv_area+parafac,weighted_knn,"k=1,metric=correlation,max_features=12,x_transform=l2,log_target=False",10,1.2757054,0.21313232,0.57802857,-13.85466
glucose_gL,all_known,parafac_raman_fusion_als_sg0_snv_area,als_sg0_snv_area+parafac,weighted_knn,"k=1,metric=correlation,max_features=12,x_transform=l2,log_target=True",10,1.2757054,0.21313232,0.57802857,-13.85466
glucose_gL,all_known,raman_preprocessed_als_sg0_snv_area,als_sg0_snv_area,weighted_knn,"k=1,metric=manhattan,max_features=192,x_transform=l2,log_target=False",10,1.280562,0.15838086,0.5476,-4.5689756
glucose_gL,all_known,raman_preprocessed_als_sg0_snv_area,als_sg0_snv_area,weighted_knn,"k=1,metric=manhattan,max_features=192,x_transform=l2,log_target=True",10,1.280562,0.15838086,0.5476,-4.5689756
glucose_gL,all_known,raman_preprocessed_als_sg2_snv,als_sg2_snv,weighted_knn,"k=1,metric=correlation,max_features=192,x_transform=none,log_target=True",10,1.3047971,0.33785997,0.61114286,-4.7333302
glucose_gL,all_known,raman_preprocessed_als_sg2_snv,als_sg2_snv,weighted_knn,"k=1,metric=correlation,max_features=192,x_transform=none,log_target=False",10,1.3047971,0.33785997,0.61114286,-4.7333302
glucose_gL,all_known,raman_preprocessed_als_sg2_snv,als_sg2_snv,weighted_knn,"k=1,metric=correlation,max_features=192,x_transform=l2,log_target=False",10,1.3047971,0.33785997,0.61114286,-4.7333302
glucose_gL,all_known,raman_preprocessed_als_sg2_snv,als_sg2_snv,weighted_knn,"k=1,metric=correlation,max_features=192,x_transform=l2,log_target=True",10,1.3047971,0.33785997,0.61114286,-4.7333302
glucose_gL,all_known,raman_preprocessed_als_sg0_snv_area,als_sg0_snv_area,weighted_knn,"k=1,metric=correlation,max_features=48,x_transform=none,log_target=False",10,1.3104029,0.39447732,0.5933,-3.8479258
glucose_gL,all_known,raman_preprocessed_als_sg0_snv_area,als_sg0_snv_area,weighted_knn,"k=1,metric=correlation,max_features=48,x_transform=l2,log_target=False",10,1.3104029,0.39447732,0.5933,-3.8479258
glucose_gL,all_known,raman_preprocessed_als_sg0_snv_area,als_sg0_snv_area,weighted_knn,"k=1,metric=correlation,max_features=48,x_transform=l2,log_target=True",10,1.3104029,0.39447732,0.5933,-3.8479258
glucose_gL,all_known,raman_preprocessed_als_sg0_snv_area,als_sg0_snv_area,weighted_knn,"k=1,metric=correlation,max_features=48,x_transform=none,log_target=True",10,1.3104029,0.39447732,0.5933,-3.8479258
glucose_gL,all_known,parafac_raman_fusion_als_sg0_snv_area,als_sg0_snv_area+parafac,weighted_knn,"k=1,metric=correlation,max_features=48,x_transform=none,log_target=True",10,1.3150132,0.29734197,0.61805714,-14.643619
glucose_gL,all_known,parafac_raman_fusion_als_sg0_snv_area,als_sg0_snv_area+parafac,weighted_knn,"k=1,metric=correlation,max_features=48,x_transform=none,log_target=False",10,1.3150132,0.29734197,0.61805714,-14.643619
glucose_gL,all_known,parafac_raman_fusion_als_sg0_snv_area,als_sg0_snv_area+parafac,weighted_knn,"k=1,metric=correlation,max_features=48,x_transform=l2,log_target=False",10,1.3150132,0.29734197,0.61805714,-14.643619
glucose_gL,all_known,parafac_raman_fusion_als_sg0_snv_area,als_sg0_snv_area+parafac,weighted_knn,"k=1,metric=correlation,max_features=48,x_transform=l2,log_target=True",10,1.3150132,0.29734197,0.61805714,-14.643619
glucose_gL,all_known,raman_preprocessed_als_sg2_snv,als_sg2_snv,weighted_knn,"k=1,metric=manhattan,max_features=48,x_transform=l2,log_target=False",10,1.3190342,0.28497386,0.57682857,-5.4573617
glucose_gL,all_known,raman_preprocessed_als_sg2_snv,als_sg2_snv,weighted_knn,"k=1,metric=manhattan,max_features=48,x_transform=l2,log_target=True",10,1.3190342,0.28497386,0.57682857,-5.4573617
glucose_gL,all_known,parafac_raman_fusion_als_sg2_snv,als_sg2_snv+parafac,weighted_knn,"k=1,metric=correlation,max_features=192,x_transform=none,log_target=False",10,1.3284765,0.24421511,0.59705714,-14.461588
glucose_gL,all_known,parafac_raman_fusion_als_sg2_snv,als_sg2_snv+parafac,weighted_knn,"k=1,metric=correlation,max_features=192,x_transform=none,log_target=True",10,1.3284765,0.24421511,0.59705714,-14.461588
glucose_gL,all_known,parafac_raman_fusion_als_sg2_snv,als_sg2_snv+parafac,weighted_knn,"k=1,metric=correlation,max_features=192,x_transform=l2,log_target=False",10,1.3284765,0.24421511,0.59705714,-14.461588
glucose_gL,all_known,parafac_raman_fusion_als_sg2_snv,als_sg2_snv+parafac,weighted_knn,"k=1,metric=correlation,max_features=192,x_transform=l2,log_target=True",10,1.3284765,0.24421511,0.59705714,-14.461588
glucose_gL,all_known,parafac_raman_fusion_als_sg2_snv,als_sg2_snv+parafac,weighted_knn,"k=1,metric=manhattan,max_features=48,x_transform=l2,log_target=False",10,1.3331392,0.24269899,0.61152857,-15.015277
glucose_gL,all_known,parafac_raman_fusion_als_sg2_snv,als_sg2_snv+parafac,weighted_knn,"k=1,metric=manhattan,max_features=48,x_transform=l2,log_target=True",10,1.3331392,0.24269899,0.61152857,-15.015277
glucose_gL,all_known,raman_preprocessed_als_sg0_snv_area,als_sg0_snv_area,weighted_knn,"k=1,metric=correlation,max_features=192,x_transform=none,log_target=False",10,1.3356326,0.20950838,0.56724286,-5.3651948
glucose_gL,all_known,raman_preprocessed_als_sg0_snv_area,als_sg0_snv_area,weighted_knn,"k=1,metric=correlation,max_features=192,x_transform=none,log_target=True",10,1.3356326,0.20950838,0.56724286,-5.3651948
glucose_gL,all_known,raman_preprocessed_als_sg0_snv_area,als_sg0_snv_area,weighted_knn,"k=1,metric=correlation,max_features=192,x_transform=l2,log_target=False",10,1.3356326,0.20950838,0.56724286,-5.3651948
glucose_gL,all_known,raman_preprocessed_als_sg0_snv_area,als_sg0_snv_area,weighted_knn,"k=1,metric=correlation,max_features=192,x_transform=l2,log_target=True",10,1.3356326,0.20950838,0.56724286,-5.3651948
glucose_gL,all_known,raman_preprocessed_als_sg0_snv_area,als_sg0_snv_area,weighted_knn,"k=1,metric=manhattan,max_features=48,x_transform=l2,log_target=True",10,1.3371476,0.3363179,0.60085714,-4.6896549
glucose_gL,all_known,raman_preprocessed_als_sg0_snv_area,als_sg0_snv_area,weighted_knn,"k=1,metric=manhattan,max_features=48,x_transform=l2,log_target=False",10,1.3371476,0.3363179,0.60085714,-4.6896549
glucose_gL,all_known,parafac_raman_fusion_als_sg0_snv_area,als_sg0_snv_area+parafac,weighted_knn,"k=1,metric=correlation,max_features=192,x_transform=none,log_target=False",10,1.3623404,0.26141116,0.61204286,-16.845393
glucose_gL,all_known,parafac_raman_fusion_als_sg0_snv_area,als_sg0_snv_area+parafac,weighted_knn,"k=1,metric=correlation,max_features=192,x_transform=none,log_target=True",10,1.3623404,0.26141116,0.61204286,-16.845393
glucose_gL,all_known,parafac_raman_fusion_als_sg0_snv_area,als_sg0_snv_area+parafac,weighted_knn,"k=1,metric=correlation,max_features=192,x_transform=l2,log_target=False",10,1.3623404,0.26141116,0.61204286,-16.845393
glucose_gL,all_known,parafac_raman_fusion_als_sg0_snv_area,als_sg0_snv_area+parafac,weighted_knn,"k=1,metric=correlation,max_features=192,x_transform=l2,log_target=True",10,1.3623404,0.26141116,0.61204286,-16.845393
glucose_gL,all_known,parafac_raman_fusion_als_sg0_snv_area,als_sg0_snv_area+parafac,weighted_knn,"k=1,metric=manhattan,max_features=12,x_transform=l2,log_target=False",10,1.3715538,0.21842433,0.58914286,-15.675511
glucose_gL,all_known,parafac_raman_fusion_als_sg0_snv_area,als_sg0_snv_area+parafac,weighted_knn,"k=1,metric=manhattan,max_features=12,x_transform=l2,log_target=True",10,1.3715538,0.21842433,0.58914286,-15.675511
glucose_gL,all_known,parafac_raman_fusion_als_sg0_snv_area,als_sg0_snv_area+parafac,weighted_knn,"k=1,metric=manhattan,max_features=48,x_transform=l2,log_target=True",10,1.3821148,0.28758908,0.64307143,-15.970919
glucose_gL,all_known,parafac_raman_fusion_als_sg0_snv_area,als_sg0_snv_area+parafac,weighted_knn,"k=1,metric=manhattan,max_features=48,x_transform=l2,log_target=False",10,1.3821148,0.28758908,0.64307143,-15.970919
glucose_gL,all_known,raman_preprocessed_als_sg0_snv_area,als_sg0_snv_area,weighted_knn,"k=1,metric=manhattan,max_features=12,x_transform=l2,log_target=False",10,1.3993463,0.38379267,0.60628571,-6.3318144
glucose_gL,all_known,raman_preprocessed_als_sg0_snv_area,als_sg0_snv_area,weighted_knn,"k=1,metric=manhattan,max_features=12,x_transform=l2,log_target=True",10,1.3993463,0.38379267,0.60628571,-6.3318144
glucose_gL,all_known,parafac_raman_fusion_als_sg2_snv,als_sg2_snv+parafac,weighted_knn,"k=1,metric=correlation,max_features=48,x_transform=none,log_target=False",10,1.4015284,0.36541558,0.65801429,-20.361178
glucose_gL,all_known,parafac_raman_fusion_als_sg2_snv,als_sg2_snv+parafac,weighted_knn,"k=1,metric=correlation,max_features=48,x_transform=none,log_target=True",10,1.4015284,0.36541558,0.65801429,-20.361178
glucose_gL,all_known,parafac_raman_fusion_als_sg2_snv,als_sg2_snv+parafac,weighted_knn,"k=1,metric=correlation,max_features=48,x_transform=l2,log_target=False",10,1.4015284,0.36541558,0.65801429,-20.361178
glucose_gL,all_known,parafac_raman_fusion_als_sg2_snv,als_sg2_snv+parafac,weighted_knn,"k=1,metric=correlation,max_features=48,x_transform=l2,log_target=True",10,1.4015284,0.36541558,0.65801429,-20.361178
glucose_gL,all_known,parafac_raman_fusion_als_sg2_snv,als_sg2_snv+parafac,weighted_knn,"k=1,metric=manhattan,max_features=192,x_transform=l2,log_target=False",10,1.4018602,0.20029118,0.63532857,-16.615688
glucose_gL,all_known,parafac_raman_fusion_als_sg2_snv,als_sg2_snv+parafac,weighted_knn,"k=1,metric=manhattan,max_features=192,x_transform=l2,log_target=True",10,1.4018602,0.20029118,0.63532857,-16.615688
glucose_gL,all_known,raman_preprocessed_als_sg2_snv,als_sg2_snv,weighted_knn,"k=1,metric=manhattan,max_features=192,x_transform=l2,log_target=False",10,1.4044155,0.17471654,0.63294286,-5.9656579
glucose_gL,all_known,raman_preprocessed_als_sg2_snv,als_sg2_snv,weighted_knn,"k=1,metric=manhattan,max_features=192,x_transform=l2,log_target=True",10,1.4044155,0.17471654,0.63294286,-5.9656579
glucose_gL,all_known,raman_preprocessed_als_sg2_snv,als_sg2_snv,weighted_knn,"k=1,metric=correlation,max_features=48,x_transform=none,log_target=False",10,1.419792,0.19310594,0.61435714,-5.8984879
glucose_gL,all_known,raman_preprocessed_als_sg2_snv,als_sg2_snv,weighted_knn,"k=1,metric=correlation,max_features=48,x_transform=l2,log_target=False",10,1.419792,0.19310594,0.61435714,-5.8984879
glucose_gL,all_known,raman_preprocessed_als_sg2_snv,als_sg2_snv,weighted_knn,"k=1,metric=correlation,max_features=48,x_transform=none,log_target=True",10,1.419792,0.19310594,0.61435714,-5.8984879
glucose_gL,all_known,raman_preprocessed_als_sg2_snv,als_sg2_snv,weighted_knn,"k=1,metric=correlation,max_features=48,x_transform=l2,log_target=True",10,1.419792,0.19310594,0.61435714,-5.8984879
glucose_gL,target_focused,eem_parafac_scores,parafac_rank_selected,weighted_knn,"k=1,metric=manhattan,max_features=12,x_transform=none,log_target=False",10,1.4275414,0.38917496,0.85508824,-2.3285827
glucose_gL,target_focused,eem_parafac_scores,parafac_rank_selected,weighted_knn,"k=1,metric=manhattan,max_features=12,x_transform=none,log_target=True",10,1.4275414,0.38917496,0.85508824,-2.3285827
glucose_gL,target_focused,eem_parafac_scores,parafac_rank_selected,weighted_knn,"k=1,metric=manhattan,max_features=48,x_transform=none,log_target=False",10,1.4275414,0.38917496,0.85508824,-2.3285827
glucose_gL,target_focused,eem_parafac_scores,parafac_rank_selected,weighted_knn,"k=1,metric=manhattan,max_features=48,x_transform=none,log_target=True",10,1.4275414,0.38917496,0.85508824,-2.3285827
glucose_gL,target_focused,eem_parafac_scores,parafac_rank_selected,weighted_knn,"k=1,metric=manhattan,max_features=192,x_transform=none,log_target=False",10,1.4275414,0.38917496,0.85508824,-2.3285827
glucose_gL,target_focused,eem_parafac_scores,parafac_rank_selected,weighted_knn,"k=1,metric=manhattan,max_features=192,x_transform=none,log_target=True",10,1.4275414,0.38917496,0.85508824,-2.3285827
glucose_gL,all_known,raman_preprocessed_als_sg2_snv,als_sg2_snv,weighted_knn,"k=1,metric=manhattan,max_features=192,x_transform=none,log_target=False",10,1.4690435,0.23335175,0.7181,-7.2651732
glucose_gL,all_known,raman_preprocessed_als_sg2_snv,als_sg2_snv,weighted_knn,"k=1,metric=manhattan,max_features=192,x_transform=none,log_target=True",10,1.4690435,0.23335175,0.7181,-7.2651732
glucose_gL,all_known,parafac_raman_fusion_als_sg2_snv,als_sg2_snv+parafac,weighted_knn,"k=1,metric=manhattan,max_features=192,x_transform=none,log_target=False",10,1.5871314,0.2267591,0.77965714,-32.009894
glucose_gL,all_known,parafac_raman_fusion_als_sg2_snv,als_sg2_snv+parafac,weighted_knn,"k=1,metric=manhattan,max_features=192,x_transform=none,log_target=True",10,1.5871314,0.2267591,0.77965714,-32.009894
rhamnose_gL,all_known,eem_parafac_scores,parafac_rank_selected,krr,"kernel=rbf,alpha=0.01,gamma_scale=1.0,max_features=12,x_transform=none,log_target=False",10,0.45883606,0.12476658,0.2878739,0.14419303
rhamnose_gL,all_known,eem_parafac_scores,parafac_rank_selected,krr,"kernel=rbf,alpha=0.01,gamma_scale=1.0,max_features=48,x_transform=none,log_target=False",10,0.45883606,0.12476658,0.2878739,0.14419303
rhamnose_gL,all_known,eem_parafac_scores,parafac_rank_selected,krr,"kernel=rbf,alpha=0.01,gamma_scale=1.0,max_features=192,x_transform=none,log_target=False",10,0.45883606,0.12476658,0.2878739,0.14419303
rhamnose_gL,all_known,eem_parafac_scores,parafac_rank_selected,krr,"kernel=rbf,alpha=0.01,gamma_scale=2.0,max_features=12,x_transform=none,log_target=False",10,0.46240858,0.12116158,0.28712047,0.12659038
rhamnose_gL,all_known,eem_parafac_scores,parafac_rank_selected,krr,"kernel=rbf,alpha=0.01,gamma_scale=2.0,max_features=48,x_transform=none,log_target=False",10,0.46240858,0.12116158,0.28712047,0.12659038
rhamnose_gL,all_known,eem_parafac_scores,parafac_rank_selected,krr,"kernel=rbf,alpha=0.01,gamma_scale=2.0,max_features=192,x_transform=none,log_target=False",10,0.46240858,0.12116158,0.28712047,0.12659038
rhamnose_gL,all_known,eem_parafac_scores,parafac_rank_selected,krr,"kernel=rbf,alpha=0.1,gamma_scale=2.0,max_features=12,x_transform=none,log_target=False",10,0.47750422,0.11756508,0.29714869,0.092248093
rhamnose_gL,all_known,eem_parafac_scores,parafac_rank_selected,krr,"kernel=rbf,alpha=0.1,gamma_scale=2.0,max_features=48,x_transform=none,log_target=False",10,0.47750422,0.11756508,0.29714869,0.092248093
rhamnose_gL,all_known,eem_parafac_scores,parafac_rank_selected,krr,"kernel=rbf,alpha=0.1,gamma_scale=2.0,max_features=192,x_transform=none,log_target=False",10,0.47750422,0.11756508,0.29714869,0.092248093
rhamnose_gL,all_known,eem_parafac_scores,parafac_rank_selected,krr,"kernel=rbf,alpha=0.01,gamma_scale=2.0,max_features=12,x_transform=none,log_target=True",10,0.48141229,0.12780196,0.27827537,0.078592798
rhamnose_gL,all_known,eem_parafac_scores,parafac_rank_selected,krr,"kernel=rbf,alpha=0.01,gamma_scale=2.0,max_features=48,x_transform=none,log_target=True",10,0.48141229,0.12780196,0.27827537,0.078592798
rhamnose_gL,all_known,eem_parafac_scores,parafac_rank_selected,krr,"kernel=rbf,alpha=0.01,gamma_scale=2.0,max_features=192,x_transform=none,log_target=True",10,0.48141229,0.12780196,0.27827537,0.078592798
rhamnose_gL,all_known,eem_parafac_scores,parafac_rank_selected,krr,"kernel=rbf,alpha=0.1,gamma_scale=2.0,max_features=12,x_transform=none,log_target=True",10,0.48243233,0.1258499,0.27983665,0.079467571
rhamnose_gL,all_known,eem_parafac_scores,parafac_rank_selected,krr,"kernel=rbf,alpha=0.1,gamma_scale=2.0,max_features=48,x_transform=none,log_target=True",10,0.48243233,0.1258499,0.27983665,0.079467571
rhamnose_gL,all_known,eem_parafac_scores,parafac_rank_selected,krr,"kernel=rbf,alpha=0.1,gamma_scale=2.0,max_features=192,x_transform=none,log_target=True",10,0.48243233,0.1258499,0.27983665,0.079467571
rhamnose_gL,all_known,eem_parafac_scores,parafac_rank_selected,krr,"kernel=rbf,alpha=0.1,gamma_scale=1.0,max_features=12,x_transform=none,log_target=False",10,0.48669802,0.12257708,0.30264174,0.067849417
rhamnose_gL,all_known,eem_parafac_scores,parafac_rank_selected,krr,"kernel=rbf,alpha=0.1,gamma_scale=1.0,max_features=48,x_transform=none,log_target=False",10,0.48669802,0.12257708,0.30264174,0.067849417
rhamnose_gL,all_known,eem_parafac_scores,parafac_rank_selected,krr,"kernel=rbf,alpha=0.1,gamma_scale=1.0,max_features=192,x_transform=none,log_target=False",10,0.48669802,0.12257708,0.30264174,0.067849417
rhamnose_gL,all_known,eem_parafac_scores,parafac_rank_selected,krr,"kernel=rbf,alpha=0.1,gamma_scale=1.0,max_features=12,x_transform=none,log_target=True",10,0.49449363,0.12842491,0.28465291,0.042342516
rhamnose_gL,all_known,eem_parafac_scores,parafac_rank_selected,krr,"kernel=rbf,alpha=0.1,gamma_scale=1.0,max_features=48,x_transform=none,log_target=True",10,0.49449363,0.12842491,0.28465291,0.042342516
rhamnose_gL,all_known,eem_parafac_scores,parafac_rank_selected,krr,"kernel=rbf,alpha=0.1,gamma_scale=1.0,max_features=192,x_transform=none,log_target=True",10,0.49449363,0.12842491,0.28465291,0.042342516
rhamnose_gL,all_known,parafac_raman_fusion_als_sg0_snv_area,als_sg0_snv_area+parafac,krr,"kernel=laplacian,alpha=0.01,gamma_scale=1.0,max_features=48,x_transform=none,log_target=False",10,0.49611393,0.10340664,0.31827381,0.011918356
rhamnose_gL,all_known,parafac_raman_fusion_als_sg0_snv_area,als_sg0_snv_area+parafac,krr,"kernel=laplacian,alpha=0.1,gamma_scale=1.0,max_features=48,x_transform=none,log_target=False",10,0.49671271,0.10592033,0.31578296,0.014251612
rhamnose_gL,all_known,raman_preprocessed_als_sg0_snv_area,als_sg0_snv_area,krr,"kernel=laplacian,alpha=0.1,gamma_scale=2.0,max_features=48,x_transform=none,log_target=False",10,0.4972518,0.11335206,0.29952419,-0.023948388
rhamnose_gL,all_known,raman_preprocessed_als_sg0_snv_area,als_sg0_snv_area,krr,"kernel=laplacian,alpha=0.01,gamma_scale=2.0,max_features=48,x_transform=none,log_target=False",10,0.49771146,0.1127756,0.30101215,-0.026655778
rhamnose_gL,all_known,raman_preprocessed_als_sg0_snv_area,als_sg0_snv_area,krr,"kernel=laplacian,alpha=0.1,gamma_scale=1.0,max_features=48,x_transform=none,log_target=False",10,0.49819226,0.11191273,0.31446725,-0.03066416
rhamnose_gL,all_known,raman_preprocessed_als_sg0_snv_area,als_sg0_snv_area,krr,"kernel=laplacian,alpha=0.1,gamma_scale=2.0,max_features=192,x_transform=l2,log_target=False",10,0.49883805,0.11639227,0.31055912,-0.028264023
rhamnose_gL,all_known,raman_preprocessed_als_sg0_snv_area,als_sg0_snv_area,krr,"kernel=laplacian,alpha=0.01,gamma_scale=1.0,max_features=48,x_transform=none,log_target=True",10,0.4990901,0.11859829,0.28659267,-0.02712549
rhamnose_gL,all_known,raman_preprocessed_als_sg0_snv_area,als_sg0_snv_area,krr,"kernel=laplacian,alpha=0.1,gamma_scale=1.0,max_features=48,x_transform=none,log_target=True",10,0.4991938,0.11869631,0.28593174,-0.027319703
rhamnose_gL,all_known,raman_preprocessed_als_sg0_snv_area,als_sg0_snv_area,krr,"kernel=laplacian,alpha=0.01,gamma_scale=2.0,max_features=192,x_transform=l2,log_target=False",10,0.4997368,0.11596923,0.31156573,-0.032759145
rhamnose_gL,all_known,parafac_raman_fusion_als_sg0_snv_area,als_sg0_snv_area+parafac,krr,"kernel=laplacian,alpha=0.01,gamma_scale=1.0,max_features=48,x_transform=none,log_target=True",10,0.4997909,0.11734309,0.28762039,0.021177759
rhamnose_gL,all_known,raman_preprocessed_als_sg0_snv_area,als_sg0_snv_area,krr,"kernel=laplacian,alpha=0.01,gamma_scale=1.0,max_features=48,x_transform=none,log_target=False",10,0.50050756,0.1109798,0.31857096,-0.042134042
rhamnose_gL,all_known,parafac_raman_fusion_als_sg0_snv_area,als_sg0_snv_area+parafac,krr,"kernel=rbf,alpha=0.1,gamma_scale=1.0,max_features=48,x_transform=none,log_target=True",10,0.5010201,0.10920216,0.29869602,-0.0020101515
rhamnose_gL,all_known,raman_preprocessed_als_sg0_snv_area,als_sg0_snv_area,krr,"kernel=laplacian,alpha=0.1,gamma_scale=2.0,max_features=192,x_transform=none,log_target=False",10,0.50105966,0.11422467,0.30534263,-0.039505715
rhamnose_gL,all_known,parafac_raman_fusion_als_sg0_snv_area,als_sg0_snv_area+parafac,krr,"kernel=rbf,alpha=0.1,gamma_scale=1.0,max_features=48,x_transform=none,log_target=False",10,0.50142982,0.092971606,0.33531594,-0.044528036
rhamnose_gL,all_known,parafac_raman_fusion_als_sg0_snv_area,als_sg0_snv_area+parafac,krr,"kernel=laplacian,alpha=0.01,gamma_scale=2.0,max_features=48,x_transform=none,log_target=False",10,0.50154164,0.11460627,0.30386492,0.0090424917
rhamnose_gL,all_known,raman_preprocessed_als_sg0_snv_area,als_sg0_snv_area,krr,"kernel=laplacian,alpha=0.01,gamma_scale=2.0,max_features=192,x_transform=none,log_target=False",10,0.50171996,0.11393148,0.30643175,-0.042817079
rhamnose_gL,all_known,parafac_raman_fusion_als_sg0_snv_area,als_sg0_snv_area+parafac,krr,"kernel=laplacian,alpha=0.1,gamma_scale=1.0,max_features=48,x_transform=none,log_target=True",10,0.50179573,0.11894507,0.28752831,0.015442079
rhamnose_gL,all_known,parafac_raman_fusion_als_sg0_snv_area,als_sg0_snv_area+parafac,krr,"kernel=rbf,alpha=0.01,gamma_scale=1.0,max_features=48,x_transform=none,log_target=True",10,0.50243605,0.10786353,0.30810477,-0.016182048
rhamnose_gL,all_known,raman_preprocessed_als_sg0_snv_area,als_sg0_snv_area,krr,"kernel=laplacian,alpha=0.1,gamma_scale=2.0,max_features=48,x_transform=l2,log_target=False",10,0.50264678,0.11223793,0.30974789,-0.049706443
rhamnose_gL,all_known,parafac_raman_fusion_als_sg0_snv_area,als_sg0_snv_area+parafac,krr,"kernel=laplacian,alpha=0.1,gamma_scale=2.0,max_features=48,x_transform=none,log_target=False",10,0.50265677,0.11620563,0.30299253,0.0069607191
rhamnose_gL,all_known,raman_preprocessed_als_sg2_snv,als_sg2_snv,krr,"kernel=laplacian,alpha=0.1,gamma_scale=2.0,max_features=192,x_transform=l2,log_target=False",10,0.50280808,0.11792815,0.3189529,-0.042673586
rhamnose_gL,all_known,parafac_raman_fusion_als_sg0_snv_area,als_sg0_snv_area+parafac,krr,"kernel=rbf,alpha=0.1,gamma_scale=1.0,max_features=48,x_transform=l2,log_target=True",10,0.50336668,0.10833654,0.30304184,-0.012107311
rhamnose_gL,all_known,raman_preprocessed_als_sg2_snv,als_sg2_snv,krr,"kernel=laplacian,alpha=0.01,gamma_scale=2.0,max_features=192,x_transform=l2,log_target=False",10,0.50338003,0.11776539,0.31955847,-0.045346673
rhamnose_gL,all_known,parafac_raman_fusion_als_sg0_snv_area,als_sg0_snv_area+parafac,krr,"kernel=rbf,alpha=0.1,gamma_scale=2.0,max_features=48,x_transform=none,log_target=False",10,0.50339313,0.10631106,0.3174263,-0.018328587
rhamnose_gL,all_known,parafac_raman_fusion_als_sg0_snv_area,als_sg0_snv_area+parafac,krr,"kernel=laplacian,alpha=0.01,gamma_scale=1.0,max_features=48,x_transform=l2,log_target=False",10,0.50346854,0.10337973,0.32511357,-0.023245807
rhamnose_gL,all_known,parafac_raman_fusion_als_sg0_snv_area,als_sg0_snv_area+parafac,krr,"kernel=laplacian,alpha=0.1,gamma_scale=1.0,max_features=48,x_transform=l2,log_target=False",10,0.50356913,0.10532269,0.32225659,-0.018799342
rhamnose_gL,all_known,raman_preprocessed_als_sg0_snv_area,als_sg0_snv_area,krr,"kernel=laplacian,alpha=0.01,gamma_scale=2.0,max_features=48,x_transform=l2,log_target=False",10,0.5036174,0.11136896,0.31098565,-0.055091424
rhamnose_gL,all_known,raman_preprocessed_als_sg0_snv_area,als_sg0_snv_area,krr,"kernel=laplacian,alpha=0.01,gamma_scale=2.0,max_features=48,x_transform=none,log_target=True",10,0.50368445,0.11778616,0.28195426,-0.047329902
rhamnose_gL,all_known,raman_preprocessed_als_sg0_snv_area,als_sg0_snv_area,krr,"kernel=laplacian,alpha=0.1,gamma_scale=1.0,max_features=192,x_transform=l2,log_target=False",10,0.50369775,0.11473788,0.32009537,-0.052064721
rhamnose_gL,all_known,parafac_raman_fusion_als_sg0_snv_area,als_sg0_snv_area+parafac,krr,"kernel=rbf,alpha=0.01,gamma_scale=2.0,max_features=48,x_transform=none,log_target=False",10,0.50394779,0.104946,0.32412369,-0.025141383
rhamnose_gL,all_known,raman_preprocessed_als_sg0_snv_area,als_sg0_snv_area,krr,"kernel=laplacian,alpha=0.1,gamma_scale=2.0,max_features=48,x_transform=none,log_target=True",10,0.50398254,0.11798345,0.28154441,-0.048429841
rhamnose_gL,all_known,raman_preprocessed_als_sg0_snv_area,als_sg0_snv_area,krr,"kernel=laplacian,alpha=0.1,gamma_scale=1.0,max_features=192,x_transform=none,log_target=False",10,0.50401228,0.11423727,0.31667979,-0.053681139
rhamnose_gL,all_known,parafac_raman_fusion_als_sg0_snv_area,als_sg0_snv_area+parafac,krr,"kernel=rbf,alpha=0.1,gamma_scale=1.0,max_features=48,x_transform=l2,log_target=False",10,0.50412006,0.092302162,0.33791127,-0.054673576
rhamnose_gL,all_known,parafac_raman_fusion_als_sg0_snv_area,als_sg0_snv_area+parafac,krr,"kernel=rbf,alpha=0.01,gamma_scale=1.0,max_features=48,x_transform=l2,log_target=True",10,0.50440348,0.095249181,0.30724912,-0.05663002
rhamnose_gL,all_known,eem_parafac_scores,parafac_rank_selected,krr,"kernel=rbf,alpha=0.01,gamma_scale=1.0,max_features=12,x_transform=none,log_target=True",10,0.50468486,0.12414239,0.28650257,0.0062386037
rhamnose_gL,all_known,eem_parafac_scores,parafac_rank_selected,krr,"kernel=rbf,alpha=0.01,gamma_scale=1.0,max_features=48,x_transform=none,log_target=True",10,0.50468486,0.12414239,0.28650257,0.0062386037
rhamnose_gL,all_known,eem_parafac_scores,parafac_rank_selected,krr,"kernel=rbf,alpha=0.01,gamma_scale=1.0,max_features=192,x_transform=none,log_target=True",10,0.50468486,0.12414239,0.28650257,0.0062386037
rhamnose_gL,all_known,raman_preprocessed_als_sg0_snv_area,als_sg0_snv_area,krr,"kernel=laplacian,alpha=0.1,gamma_scale=1.0,max_features=192,x_transform=l2,log_target=True",10,0.50471373,0.11862402,0.29419831,-0.05160453
rhamnose_gL,all_known,raman_preprocessed_als_sg2_snv,als_sg2_snv,krr,"kernel=laplacian,alpha=0.1,gamma_scale=2.0,max_features=192,x_transform=none,log_target=False",10,0.50472703,0.11891914,0.31530858,-0.05015164
rhamnose_gL,all_known,raman_preprocessed_als_sg0_snv_area,als_sg0_snv_area,krr,"kernel=laplacian,alpha=0.1,gamma_scale=2.0,max_features=192,x_transform=l2,log_target=True",10,0.50479758,0.11893376,0.28983078,-0.051519915
rhamnose_gL,all_known,raman_preprocessed_als_sg0_snv_area,als_sg0_snv_area,krr,"kernel=laplacian,alpha=0.01,gamma_scale=2.0,max_features=192,x_transform=l2,log_target=True",10,0.50493159,0.11870815,0.29036101,-0.052345017
rhamnose_gL,all_known,raman_preprocessed_als_sg0_snv_area,als_sg0_snv_area,krr,"kernel=laplacian,alpha=0.1,gamma_scale=1.0,max_features=192,x_transform=none,log_target=True",10,0.50509132,0.11854628,0.29180966,-0.053259128
rhamnose_gL,all_known,raman_preprocessed_als_sg2_snv,als_sg2_snv,krr,"kernel=laplacian,alpha=0.01,gamma_scale=2.0,max_features=192,x_transform=none,log_target=False",10,0.50520137,0.11879443,0.31582018,-0.052358075
rhamnose_gL,all_known,raman_preprocessed_als_sg0_snv_area,als_sg0_snv_area,krr,"kernel=laplacian,alpha=0.1,gamma_scale=1.0,max_features=48,x_transform=l2,log_target=True",10,0.50551415,0.11644093,0.29318806,-0.058052336
rhamnose_gL,all_known,parafac_raman_fusion_als_sg0_snv_area,als_sg0_snv_area+parafac,krr,"kernel=laplacian,alpha=0.01,gamma_scale=1.0,max_features=48,x_transform=l2,log_target=True",10,0.50590754,0.11672811,0.29384397,-0.0074043143
rhamnose_gL,all_known,raman_preprocessed_als_sg0_snv_area,als_sg0_snv_area,krr,"kernel=laplacian,alpha=0.1,gamma_scale=1.0,max_features=12,x_transform=none,log_target=True",10,0.50610265,0.12231038,0.29263694,-0.056697549
rhamnose_gL,all_known,raman_preprocessed_als_sg0_snv_area,als_sg0_snv_area,krr,"kernel=laplacian,alpha=0.01,gamma_scale=1.0,max_features=48,x_transform=l2,log_target=True",10,0.50612992,0.11589851,0.29399932,-0.061732568
rhamnose_gL,all_known,raman_preprocessed_als_sg0_snv_area,als_sg0_snv_area,krr,"kernel=laplacian,alpha=0.01,gamma_scale=1.0,max_features=192,x_transform=l2,log_target=True",10,0.50619078,0.11843021,0.29579941,-0.058404205
rhamnose_gL,all_known,raman_preprocessed_als_sg0_snv_area,als_sg0_snv_area,krr,"kernel=laplacian,alpha=0.1,gamma_scale=2.0,max_features=12,x_transform=none,log_target=False",10,0.50629033,0.11804772,0.30693534,-0.061161356
rhamnose_gL,all_known,raman_preprocessed_als_sg0_snv_area,als_sg0_snv_area,krr,"kernel=laplacian,alpha=0.01,gamma_scale=1.0,max_features=192,x_transform=none,log_target=True",10,0.50645014,0.11858977,0.29348179,-0.059268851
rhamnose_gL,all_known,parafac_raman_fusion_als_sg0_snv_area,als_sg0_snv_area+parafac,krr,"kernel=laplacian,alpha=0.01,gamma_scale=2.0,max_features=48,x_transform=l2,log_target=False",10,0.50659431,0.11222291,0.31234146,-0.019020294
rhamnose_gL,all_known,raman_preprocessed_als_sg0_snv_area,als_sg0_snv_area,krr,"kernel=laplacian,alpha=0.1,gamma_scale=2.0,max_features=12,x_transform=none,log_target=True",10,0.50663605,0.12281295,0.28437123,-0.057102399
rhamnose_gL,all_known,parafac_raman_fusion_als_sg0_snv_area,als_sg0_snv_area+parafac,krr,"kernel=rbf,alpha=0.1,gamma_scale=2.0,max_features=48,x_transform=l2,log_target=False",10,0.50680886,0.099313957,0.3234996,-0.047408803
rhamnose_gL,all_known,raman_preprocessed_als_sg0_snv_area,als_sg0_snv_area,krr,"kernel=laplacian,alpha=0.1,gamma_scale=2.0,max_features=48,x_transform=l2,log_target=True",10,0.50681865,0.11728678,0.28804263,-0.062025973
rhamnose_gL,all_known,raman_preprocessed_als_sg2_snv,als_sg2_snv,krr,"kernel=rbf,alpha=0.1,gamma_scale=2.0,max_features=192,x_transform=l2,log_target=False",10,0.50687104,0.11503908,0.32122007,-0.063974576
rhamnose_gL,all_known,raman_preprocessed_als_sg2_snv,als_sg2_snv,weighted_knn,"k=3,metric=correlation,max_features=192,x_transform=none,log_target=True",10,0.5068717,0.11169866,0.29919234,-0.069697284
rhamnose_gL,all_known,raman_preprocessed_als_sg2_snv,als_sg2_snv,weighted_knn,"k=3,metric=correlation,max_features=192,x_transform=l2,log_target=True",10,0.5068717,0.11169866,0.29919234,-0.069697284
rhamnose_gL,all_known,raman_preprocessed_als_sg0_snv_area,als_sg0_snv_area,krr,"kernel=laplacian,alpha=0.01,gamma_scale=2.0,max_features=48,x_transform=l2,log_target=True",10,0.50695056,0.11677191,0.2883232,-0.063150656
rhamnose_gL,all_known,raman_preprocessed_als_sg0_snv_area,als_sg0_snv_area,krr,"kernel=laplacian,alpha=0.1,gamma_scale=1.0,max_features=48,x_transform=l2,log_target=False",10,0.50718765,0.10907837,0.32370445,-0.0749948
rhamnose_gL,all_known,raman_preprocessed_als_sg0_snv_area,als_sg0_snv_area,krr,"kernel=laplacian,alpha=0.01,gamma_scale=2.0,max_features=12,x_transform=none,log_target=True",10,0.50719407,0.12272538,0.28520392,-0.059733467
rhamnose_gL,all_known,raman_preprocessed_als_sg0_snv_area,als_sg0_snv_area,krr,"kernel=laplacian,alpha=0.01,gamma_scale=2.0,max_features=192,x_transform=none,log_target=True",10,0.50731129,0.11728084,0.28613737,-0.064010706
rhamnose_gL,all_known,raman_preprocessed_als_sg0_snv_area,als_sg0_snv_area,krr,"kernel=laplacian,alpha=0.01,gamma_scale=1.0,max_features=192,x_transform=l2,log_target=False",10,0.50736069,0.11413062,0.32399264,-0.069381655
rhamnose_gL,all_known,parafac_raman_fusion_als_sg0_snv_area,als_sg0_snv_area+parafac,krr,"kernel=laplacian,alpha=0.1,gamma_scale=2.0,max_features=48,x_transform=l2,log_target=False",10,0.5074013,0.11360402,0.31178617,-0.019724966
rhamnose_gL,all_known,raman_preprocessed_als_sg0_snv_area,als_sg0_snv_area,krr,"kernel=laplacian,alpha=0.1,gamma_scale=2.0,max_features=192,x_transform=none,log_target=True",10,0.50741082,0.11735156,0.28543419,-0.064374054
rhamnose_gL,all_known,parafac_raman_fusion_als_sg0_snv_area,als_sg0_snv_area+parafac,krr,"kernel=laplacian,alpha=0.1,gamma_scale=1.0,max_features=48,x_transform=l2,log_target=True",10,0.50742212,0.11801696,0.2937517,-0.010910822
rhamnose_gL,all_known,raman_preprocessed_als_sg0_snv_area,als_sg0_snv_area,krr,"kernel=laplacian,alpha=0.01,gamma_scale=1.0,max_features=192,x_transform=none,log_target=False",10,0.50758115,0.11377884,0.32085171,-0.070307672
rhamnose_gL,target_focused,eem_parafac_scores,parafac_rank_selected,krr,"kernel=rbf,alpha=0.1,gamma_scale=2.0,max_features=12,x_transform=none,log_target=True",10,0.50802305,0.1324466,0.35894868,0.05716086
rhamnose_gL,target_focused,eem_parafac_scores,parafac_rank_selected,krr,"kernel=rbf,alpha=0.1,gamma_scale=2.0,max_features=48,x_transform=none,log_target=True",10,0.50802305,0.1324466,0.35894868,0.05716086
rhamnose_gL,target_focused,eem_parafac_scores,parafac_rank_selected,krr,"kernel=rbf,alpha=0.1,gamma_scale=2.0,max_features=192,x_transform=none,log_target=True",10,0.50802305,0.1324466,0.35894868,0.05716086
rhamnose_gL,all_known,parafac_raman_fusion_als_sg0_snv_area,als_sg0_snv_area+parafac,krr,"kernel=rbf,alpha=0.01,gamma_scale=2.0,max_features=48,x_transform=none,log_target=True",10,0.50811994,0.1182496,0.29361078,-0.014976412
rhamnose_gL,all_known,raman_preprocessed_als_sg0_snv_area,als_sg0_snv_area,krr,"kernel=laplacian,alpha=0.01,gamma_scale=1.0,max_features=12,x_transform=none,log_target=True",10,0.50824183,0.12248751,0.29431417,-0.066055164
rhamnose_gL,all_known,raman_preprocessed_als_sg2_snv,als_sg2_snv,krr,"kernel=rbf,alpha=0.01,gamma_scale=2.0,max_features=192,x_transform=l2,log_target=False",10,0.50825832,0.11438746,0.32265433,-0.070997648
rhamnose_gL,all_known,raman_preprocessed_als_sg0_snv_area,als_sg0_snv_area,krr,"kernel=laplacian,alpha=0.01,gamma_scale=2.0,max_features=12,x_transform=none,log_target=False",10,0.50826923,0.11730162,0.30905675,-0.070841724
rhamnose_gL,all_known,raman_preprocessed_als_sg2_snv,als_sg2_snv,krr,"kernel=laplacian,alpha=0.1,gamma_scale=2.0,max_features=192,x_transform=l2,log_target=True",10,0.50830624,0.12033886,0.29275835,-0.06504554
rhamnose_gL,all_known,raman_preprocessed_als_sg2_snv,als_sg2_snv,krr,"kernel=laplacian,alpha=0.01,gamma_scale=2.0,max_features=192,x_transform=l2,log_target=True",10,0.50831411,0.120336,0.2931228,-0.065053106
rhamnose_gL,all_known,parafac_raman_fusion_als_sg0_snv_area,als_sg0_snv_area+parafac,krr,"kernel=rbf,alpha=0.01,gamma_scale=1.0,max_features=48,x_transform=none,log_target=False",10,0.50843823,0.091284308,0.35268936,-0.085810134
rhamnose_gL,all_known,raman_preprocessed_als_sg2_snv,als_sg2_snv,krr,"kernel=laplacian,alpha=0.1,gamma_scale=1.0,max_features=192,x_transform=l2,log_target=False",10,0.50852936,0.11643598,0.32485322,-0.069547916
rhamnose_gL,all_known,raman_preprocessed_als_sg2_snv,als_sg2_snv,krr,"kernel=laplacian,alpha=0.1,gamma_scale=1.0,max_features=192,x_transform=none,log_target=False",10,0.50883847,0.11716934,0.32242856,-0.070158581
rhamnose_gL,all_known,parafac_raman_fusion_als_sg0_snv_area,als_sg0_snv_area+parafac,krr,"kernel=rbf,alpha=0.1,gamma_scale=2.0,max_features=48,x_transform=none,log_target=True",10,0.50916299,0.11939155,0.29046737,-0.01668943
rhamnose_gL,all_known,raman_preprocessed_als_sg2_snv,als_sg2_snv,krr,"kernel=rbf,alpha=0.1,gamma_scale=2.0,max_features=192,x_transform=l2,log_target=True",10,0.50917069,0.11844751,0.29374126,-0.070479412
rhamnose_gL,all_known,raman_preprocessed_als_sg2_snv,als_sg2_snv,krr,"kernel=laplacian,alpha=0.1,gamma_scale=1.0,max_features=192,x_transform=l2,log_target=True",10,0.5091814,0.11993141,0.29615925,-0.069097368
rhamnose_gL,all_known,raman_preprocessed_als_sg2_snv,als_sg2_snv,weighted_knn,"k=5,metric=correlation,max_features=192,x_transform=none,log_target=True",10,0.50933593,0.11557615,0.2983399,-0.074222869
rhamnose_gL,all_known,raman_preprocessed_als_sg2_snv,als_sg2_snv,weighted_knn,"k=5,metric=correlation,max_features=192,x_transform=l2,log_target=True",10,0.50933593,0.11557615,0.2983399,-0.074222869
rhamnose_gL,all_known,raman_preprocessed_als_sg2_snv,als_sg2_snv,krr,"kernel=rbf,alpha=0.01,gamma_scale=2.0,max_features=192,x_transform=l2,log_target=True",10,0.50945584,0.11813685,0.29453555,-0.072060993
rhamnose_gL,all_known,raman_preprocessed_als_sg2_snv,als_sg2_snv,krr,"kernel=laplacian,alpha=0.01,gamma_scale=1.0,max_features=192,x_transform=l2,log_target=True",10,0.50971956,0.1195657,0.29674975,-0.07178178
rhamnose_gL,all_known,raman_preprocessed_als_sg2_snv,als_sg2_snv,krr,"kernel=laplacian,alpha=0.1,gamma_scale=1.0,max_features=192,x_transform=none,log_target=True",10,0.50985665,0.12012092,0.294591,-0.071909022
rhamnose_gL,all_known,parafac_raman_fusion_als_sg0_snv_area,als_sg0_snv_area+parafac,krr,"kernel=laplacian,alpha=0.01,gamma_scale=2.0,max_features=48,x_transform=none,log_target=True",10,0.50996538,0.12489765,0.28290766,-0.010356542
rhamnose_gL,all_known,raman_preprocessed_als_sg2_snv,als_sg2_snv,krr,"kernel=laplacian,alpha=0.1,gamma_scale=2.0,max_features=12,x_transform=l2,log_target=True",10,0.51013851,0.10811317,0.28910957,-0.087586859
rhamnose_gL,all_known,raman_preprocessed_als_sg2_snv,als_sg2_snv,krr,"kernel=laplacian,alpha=0.1,gamma_scale=2.0,max_features=12,x_transform=none,log_target=True",10,0.51015521,0.11429908,0.28397455,-0.081093393
rhamnose_gL,all_known,raman_preprocessed_als_sg2_snv,als_sg2_snv,krr,"kernel=laplacian,alpha=0.01,gamma_scale=1.0,max_features=192,x_transform=none,log_target=True",10,0.51020721,0.11971134,0.29498937,-0.073779119
rhamnose_gL,all_known,raman_preprocessed_als_sg2_snv,als_sg2_snv,krr,"kernel=rbf,alpha=0.1,gamma_scale=1.0,max_features=192,x_transform=l2,log_target=True",10,0.51040093,0.11564838,0.29911794,-0.079223809
rhamnose_gL,all_known,raman_preprocessed_als_sg2_snv,als_sg2_snv,krr,"kernel=laplacian,alpha=0.01,gamma_scale=2.0,max_features=192,x_transform=none,log_target=True",10,0.51056616,0.12074747,0.29095493,-0.074708384
rhamnose_gL,all_known,raman_preprocessed_als_sg0_snv_area,als_sg0_snv_area,krr,"kernel=laplacian,alpha=0.01,gamma_scale=1.0,max_features=48,x_transform=l2,log_target=False",10,0.5105672,0.10774757,0.32753214,-0.092628462
rhamnose_gL,all_known,raman_preprocessed_als_sg2_snv,als_sg2_snv,krr,"kernel=laplacian,alpha=0.1,gamma_scale=2.0,max_features=192,x_transform=none,log_target=True",10,0.51059622,0.12074414,0.29063216,-0.074879172
rhamnose_gL,all_known,raman_preprocessed_als_sg2_snv,als_sg2_snv,krr,"kernel=rbf,alpha=0.01,gamma_scale=1.0,max_features=192,x_transform=l2,log_target=True",10,0.51071916,0.11467846,0.30103676,-0.082179542
rhamnose_gL,all_known,parafac_raman_fusion_als_sg0_snv_area,als_sg0_snv_area+parafac,krr,"kernel=rbf,alpha=0.01,gamma_scale=2.0,max_features=48,x_transform=l2,log_target=False",10,0.5109846,0.093053895,0.33222076,-0.089392329
rhamnose_gL,all_known,raman_preprocessed_als_sg2_snv,als_sg2_snv,krr,"kernel=laplacian,alpha=0.01,gamma_scale=2.0,max_features=12,x_transform=none,log_target=True",10,0.51102136,0.11393646,0.28506467,-0.085745335
rhamnose_gL,all_known,raman_preprocessed_als_sg2_snv,als_sg2_snv,krr,"kernel=rbf,alpha=0.1,gamma_scale=2.0,max_features=192,x_transform=none,log_target=False",10,0.51108807,0.11719524,0.31388762,-0.080221046
rhamnose_gL,all_known,raman_preprocessed_als_sg2_snv,als_sg2_snv,krr,"kernel=laplacian,alpha=0.01,gamma_scale=1.0,max_features=192,x_transform=l2,log_target=False",10,0.51110159,0.11580906,0.32629905,-0.081784574
rhamnose_gL,all_known,raman_preprocessed_als_sg2_snv,als_sg2_snv,krr,"kernel=laplacian,alpha=0.01,gamma_scale=1.0,max_features=192,x_transform=none,log_target=False",10,0.5111713,0.11666299,0.3236512,-0.081186555
rhamnose_gL,all_known,parafac_raman_fusion_als_sg0_snv_area,als_sg0_snv_area+parafac,krr,"kernel=laplacian,alpha=0.1,gamma_scale=2.0,max_features=48,x_transform=none,log_target=True",10,0.51137614,0.12598459,0.28263001,-0.014857573
rhamnose_gL,all_known,raman_preprocessed_als_sg2_snv,als_sg2_snv,krr,"kernel=laplacian,alpha=0.01,gamma_scale=2.0,max_features=12,x_transform=l2,log_target=True",10,0.51138676,0.10705329,0.28994124,-0.09477083
rhamnose_gL,all_known,raman_preprocessed_als_sg2_snv,als_sg2_snv,krr,"kernel=rbf,alpha=0.01,gamma_scale=1.0,max_features=192,x_transform=none,log_target=True",10,0.51168716,0.11545198,0.29745107,-0.085425218
rhamnose_gL,all_known,parafac_raman_fusion_als_sg0_snv_area,als_sg0_snv_area+parafac,krr,"kernel=rbf,alpha=0.01,gamma_scale=1.0,max_features=48,x_transform=l2,log_target=False",10,0.51187366,0.08318311,0.35248778,-0.1263802
rhamnose_gL,all_known,raman_preprocessed_als_sg2_snv,als_sg2_snv,krr,"kernel=laplacian,alpha=0.1,gamma_scale=2.0,max_features=12,x_transform=none,log_target=False",10,0.51189748,0.11038272,0.30639559,-0.095213604
rhamnose_gL,all_known,raman_preprocessed_als_sg2_snv,als_sg2_snv,weighted_knn,"k=5,metric=manhattan,max_features=192,x_transform=l2,log_target=True",10,0.5119381,0.11135505,0.28863777,-0.091160856
rhamnose_gL,all_known,raman_preprocessed_als_sg0_snv_area,als_sg0_snv_area,krr,"kernel=rbf,alpha=0.1,gamma_scale=2.0,max_features=192,x_transform=l2,log_target=True",10,0.51203309,0.11850632,0.29434063,-0.084209602
rhamnose_gL,all_known,raman_preprocessed_als_sg2_snv,als_sg2_snv,krr,"kernel=laplacian,alpha=0.1,gamma_scale=2.0,max_features=48,x_transform=none,log_target=False",10,0.51205495,0.11627088,0.31156998,-0.085066502
rhamnose_gL,all_known,raman_preprocessed_als_sg2_snv,als_sg2_snv,krr,"kernel=rbf,alpha=0.1,gamma_scale=1.0,max_features=192,x_transform=none,log_target=True",10,0.5120736,0.11629698,0.2958538,-0.0858402
rhamnose_gL,all_known,raman_preprocessed_als_sg2_snv,als_sg2_snv,weighted_knn,"k=3,metric=manhattan,max_features=192,x_transform=l2,log_target=True",10,0.51213761,0.10421912,0.29346952,-0.10186639
rhamnose_gL,all_known,raman_preprocessed_als_sg2_snv,als_sg2_snv,krr,"kernel=rbf,alpha=0.01,gamma_scale=2.0,max_features=192,x_transform=none,log_target=False",10,0.51219017,0.11668925,0.31509263,-0.085751923
rhamnose_gL,all_known,parafac_raman_fusion_als_sg0_snv_area,als_sg0_snv_area+parafac,krr,"kernel=rbf,alpha=0.1,gamma_scale=2.0,max_features=48,x_transform=l2,log_target=True",10,0.51225386,0.11282844,0.29713035,-0.04092664
rhamnose_gL,target_focused,eem_parafac_scores,parafac_rank_selected,krr,"kernel=rbf,alpha=0.01,gamma_scale=2.0,max_features=12,x_transform=none,log_target=False",10,0.51236632,0.18926171,0.37741892,-0.051752969
rhamnose_gL,target_focused,eem_parafac_scores,parafac_rank_selected,krr,"kernel=rbf,alpha=0.01,gamma_scale=2.0,max_features=48,x_transform=none,log_target=False",10,0.51236632,0.18926171,0.37741892,-0.051752969
rhamnose_gL,target_focused,eem_parafac_scores,parafac_rank_selected,krr,"kernel=rbf,alpha=0.01,gamma_scale=2.0,max_features=192,x_transform=none,log_target=False",10,0.51236632,0.18926171,0.37741892,-0.051752969
rhamnose_gL,all_known,raman_preprocessed_als_sg2_snv,als_sg2_snv,krr,"kernel=laplacian,alpha=0.1,gamma_scale=2.0,max_features=48,x_transform=l2,log_target=True",10,0.51277531,0.11648873,0.29490429,-0.088219404
rhamnose_gL,all_known,raman_preprocessed_als_sg2_snv,als_sg2_snv,krr,"kernel=laplacian,alpha=0.1,gamma_scale=1.0,max_features=12,x_transform=none,log_target=True",10,0.51306804,0.11316675,0.29420961,-0.097942504
rhamnose_gL,all_known,parafac_raman_fusion_als_sg0_snv_area,als_sg0_snv_area+parafac,krr,"kernel=laplacian,alpha=0.01,gamma_scale=2.0,max_features=48,x_transform=l2,log_target=True",10,0.513196,0.12253601,0.29024273,-0.028559786
rhamnose_gL,all_known,parafac_raman_fusion_als_sg2_snv,als_sg2_snv+parafac,weighted_knn,"k=5,metric=correlation,max_features=192,x_transform=none,log_target=True",10,0.51321696,0.14228479,0.29320483,-0.0067893033
rhamnose_gL,all_known,parafac_raman_fusion_als_sg2_snv,als_sg2_snv+parafac,weighted_knn,"k=5,metric=correlation,max_features=192,x_transform=l2,log_target=True",10,0.51321696,0.14228479,0.29320483,-0.0067893033
rhamnose_gL,all_known,parafac_raman_fusion_als_sg0_snv_area,als_sg0_snv_area+parafac,krr,"kernel=laplacian,alpha=0.1,gamma_scale=2.0,max_features=192,x_transform=l2,log_target=False",10,0.51324151,0.11960129,0.31358607,-0.034263469
rhamnose_gL,all_known,raman_preprocessed_als_sg2_snv,als_sg2_snv,krr,"kernel=laplacian,alpha=0.1,gamma_scale=1.0,max_features=12,x_transform=l2,log_target=True",10,0.51338188,0.10415931,0.29611961,-0.10815448
rhamnose_gL,all_known,parafac_raman_fusion_als_sg0_snv_area,als_sg0_snv_area+parafac,krr,"kernel=laplacian,alpha=0.01,gamma_scale=2.0,max_features=192,x_transform=l2,log_target=False",10,0.51338755,0.11833593,0.3137829,-0.037103198
rhamnose_gL,all_known,parafac_raman_fusion_als_sg2_snv,als_sg2_snv+parafac,krr,"kernel=rbf,alpha=0.1,gamma_scale=2.0,max_features=192,x_transform=l2,log_target=False",10,0.51339669,0.13491593,0.32260958,-0.01438958
rhamnose_gL,all_known,parafac_raman_fusion_als_sg2_snv,als_sg2_snv+parafac,weighted_knn,"k=3,metric=manhattan,max_features=192,x_transform=l2,log_target=True",10,0.51350879,0.13974198,0.28969231,-0.02219269
rhamnose_gL,all_known,parafac_raman_fusion_als_sg2_snv,als_sg2_snv+parafac,krr,"kernel=laplacian,alpha=0.01,gamma_scale=2.0,max_features=192,x_transform=l2,log_target=False",10,0.51364388,0.13549664,0.32183745,-0.0130068
rhamnose_gL,all_known,parafac_raman_fusion_als_sg2_snv,als_sg2_snv+parafac,krr,"kernel=rbf,alpha=0.01,gamma_scale=2.0,max_features=192,x_transform=l2,log_target=False",10,0.51370715,0.13494612,0.32362013,-0.016145399
rhamnose_gL,all_known,raman_preprocessed_als_sg2_snv,als_sg2_snv,krr,"kernel=laplacian,alpha=0.1,gamma_scale=2.0,max_features=48,x_transform=l2,log_target=False",10,0.51370998,0.11175792,0.32187899,-0.096910664
rhamnose_gL,all_known,raman_preprocessed_als_sg2_snv,als_sg2_snv,krr,"kernel=laplacian,alpha=0.01,gamma_scale=2.0,max_features=48,x_transform=none,log_target=False",10,0.51371845,0.11571008,0.31301079,-0.093091517
rhamnose_gL,all_known,parafac_raman_fusion_als_sg2_snv,als_sg2_snv+parafac,krr,"kernel=laplacian,alpha=0.1,gamma_scale=2.0,max_features=192,x_transform=l2,log_target=False",10,0.51372914,0.13517858,0.32138502,-0.013657895
rhamnose_gL,all_known,raman_preprocessed_als_sg2_snv,als_sg2_snv,krr,"kernel=laplacian,alpha=0.1,gamma_scale=2.0,max_features=48,x_transform=none,log_target=True",10,0.51374508,0.11884108,0.28928657,-0.090418538
rhamnose_gL,all_known,raman_preprocessed_als_sg2_snv,als_sg2_snv,krr,"kernel=laplacian,alpha=0.01,gamma_scale=2.0,max_features=48,x_transform=l2,log_target=True",10,0.51375153,0.11592275,0.29595793,-0.093125952
rhamnose_gL,all_known,parafac_raman_fusion_als_sg0_snv_area,als_sg0_snv_area+parafac,krr,"kernel=laplacian,alpha=0.1,gamma_scale=1.0,max_features=192,x_transform=l2,log_target=False",10,0.51380319,0.1143858,0.32078978,-0.045721443
rhamnose_gL,all_known,raman_preprocessed_als_sg0_snv_area,als_sg0_snv_area,krr,"kernel=rbf,alpha=0.1,gamma_scale=1.0,max_features=48,x_transform=none,log_target=True",10,0.51400829,0.11493884,0.29878743,-0.09838882
rhamnose_gL,all_known,raman_preprocessed_als_sg2_snv,als_sg2_snv,krr,"kernel=rbf,alpha=0.1,gamma_scale=2.0,max_features=192,x_transform=none,log_target=True",10,0.51413241,0.11941065,0.28916144,-0.091756664
rhamnose_gL,all_known,raman_preprocessed_als_sg0_snv_area,als_sg0_snv_area,krr,"kernel=rbf,alpha=0.1,gamma_scale=2.0,max_features=192,x_transform=l2,log_target=False",10,0.51413423,0.1141037,0.32047171,-0.099544759
rhamnose_gL,all_known,raman_preprocessed_als_sg0_snv_area,als_sg0_snv_area,krr,"kernel=laplacian,alpha=0.1,gamma_scale=1.0,max_features=12,x_transform=none,log_target=False",10,0.51416079,0.11330129,0.32606933,-0.10399879
rhamnose_gL,all_known,parafac_raman_fusion_als_sg0_snv_area,als_sg0_snv_area+parafac,krr,"kernel=laplacian,alpha=0.1,gamma_scale=2.0,max_features=48,x_transform=l2,log_target=True",10,0.5142464,0.12353975,0.2901952,-0.031397227
rhamnose_gL,all_known,raman_preprocessed_als_sg2_snv,als_sg2_snv,krr,"kernel=rbf,alpha=0.01,gamma_scale=2.0,max_features=192,x_transform=none,log_target=True",10,0.51427925,0.11920174,0.28968988,-0.092601115
rhamnose_gL,all_known,raman_preprocessed_als_sg2_snv,als_sg2_snv,krr,"kernel=laplacian,alpha=0.01,gamma_scale=2.0,max_features=48,x_transform=none,log_target=True",10,0.51443297,0.1185476,0.29005991,-0.093776714
rhamnose_gL,all_known,raman_preprocessed_als_sg2_snv,als_sg2_snv,krr,"kernel=laplacian,alpha=0.01,gamma_scale=2.0,max_features=12,x_transform=none,log_target=False",10,0.51446773,0.10957956,0.30937271,-0.10826819
rhamnose_gL,all_known,raman_preprocessed_als_sg0_snv_area,als_sg0_snv_area,krr,"kernel=rbf,alpha=0.1,gamma_scale=2.0,max_features=48,x_transform=l2,log_target=True",10,0.51458841,0.11881567,0.29481361,-0.097218337
rhamnose_gL,all_known,raman_preprocessed_als_sg0_snv_area,als_sg0_snv_area,krr,"kernel=laplacian,alpha=0.1,gamma_scale=2.0,max_features=12,x_transform=l2,log_target=True",10,0.51472271,0.11712097,0.29805038,-0.10126985
rhamnose_gL,all_known,raman_preprocessed_als_sg0_snv_area,als_sg0_snv_area,krr,"kernel=rbf,alpha=0.1,gamma_scale=1.0,max_features=48,x_transform=l2,log_target=True",10,0.51475233,0.11793022,0.3016089,-0.099040656
rhamnose_gL,all_known,raman_preprocessed_als_sg0_snv_area,als_sg0_snv_area,krr,"kernel=rbf,alpha=0.1,gamma_scale=2.0,max_features=48,x_transform=none,log_target=True",10,0.51511509,0.11485481,0.29126709,-0.10230348
rhamnose_gL,all_known,raman_preprocessed_als_sg0_snv_area,als_sg0_snv_area,krr,"kernel=rbf,alpha=0.01,gamma_scale=2.0,max_features=192,x_transform=l2,log_target=True",10,0.51520468,0.11855857,0.29608079,-0.098246839
rhamnose_gL,all_known,parafac_raman_fusion_als_sg0_snv_area,als_sg0_snv_area+parafac,krr,"kernel=laplacian,alpha=0.01,gamma_scale=1.0,max_features=192,x_transform=l2,log_target=False",10,0.51528463,0.1123304,0.32306505,-0.056233655
rhamnose_gL,all_known,parafac_raman_fusion_als_sg0_snv_area,als_sg0_snv_area+parafac,krr,"kernel=laplacian,alpha=0.1,gamma_scale=2.0,max_features=192,x_transform=none,log_target=False",10,0.5152901,0.1213069,0.30704505,-0.039096141
rhamnose_gL,all_known,parafac_raman_fusion_als_sg2_snv,als_sg2_snv+parafac,krr,"kernel=laplacian,alpha=0.1,gamma_scale=1.0,max_features=192,x_transform=l2,log_target=False",10,0.51530319,0.13671706,0.32586954,-0.019279685
rhamnose_gL,all_known,parafac_raman_fusion_als_sg2_snv,als_sg2_snv+parafac,krr,"kernel=rbf,alpha=0.01,gamma_scale=1.0,max_features=192,x_transform=l2,log_target=True",10,0.51533692,0.13952712,0.30230922,-0.021484226
rhamnose_gL,all_known,parafac_raman_fusion_als_sg2_snv,als_sg2_snv+parafac,krr,"kernel=laplacian,alpha=0.1,gamma_scale=1.0,max_features=192,x_transform=none,log_target=False",10,0.51538958,0.13798563,0.32326362,-0.0183293
rhamnose_gL,all_known,raman_preprocessed_als_sg0_snv_area,als_sg0_snv_area,krr,"kernel=laplacian,alpha=0.1,gamma_scale=1.0,max_features=12,x_transform=l2,log_target=True",10,0.51549981,0.11466066,0.30498027,-0.10961713
rhamnose_gL,all_known,parafac_raman_fusion_als_sg0_snv_area,als_sg0_snv_area+parafac,krr,"kernel=laplacian,alpha=0.01,gamma_scale=2.0,max_features=192,x_transform=none,log_target=False",10,0.51555018,0.1201449,0.30803295,-0.042143356
rhamnose_gL,all_known,raman_preprocessed_als_sg2_snv,als_sg2_snv,weighted_knn,"k=5,metric=correlation,max_features=192,x_transform=none,log_target=False",10,0.51559664,0.11105704,0.31936929,-0.108094
rhamnose_gL,all_known,raman_preprocessed_als_sg2_snv,als_sg2_snv,weighted_knn,"k=5,metric=correlation,max_features=192,x_transform=l2,log_target=False",10,0.51559664,0.11105704,0.31936929,-0.108094
rhamnose_gL,all_known,parafac_raman_fusion_als_sg2_snv,als_sg2_snv+parafac,krr,"kernel=laplacian,alpha=0.01,gamma_scale=2.0,max_features=192,x_transform=none,log_target=False",10,0.51562629,0.13727101,0.31847075,-0.019374434
rhamnose_gL,all_known,parafac_raman_fusion_als_sg0_snv_area,als_sg0_snv_area+parafac,krr,"kernel=laplacian,alpha=0.1,gamma_scale=1.0,max_features=192,x_transform=none,log_target=False",10,0.51565865,0.11393587,0.31812833,-0.053204768
rhamnose_gL,all_known,parafac_raman_fusion_als_sg2_snv,als_sg2_snv+parafac,weighted_knn,"k=5,metric=correlation,max_features=192,x_transform=none,log_target=False",10,0.51574988,0.13692839,0.31239707,-0.023781359
rhamnose_gL,all_known,parafac_raman_fusion_als_sg2_snv,als_sg2_snv+parafac,weighted_knn,"k=5,metric=correlation,max_features=192,x_transform=l2,log_target=False",10,0.51574988,0.13692839,0.31239707,-0.023781359
rhamnose_gL,all_known,parafac_raman_fusion_als_sg2_snv,als_sg2_snv+parafac,krr,"kernel=laplacian,alpha=0.1,gamma_scale=2.0,max_features=192,x_transform=none,log_target=False",10,0.51580164,0.13691368,0.31810848,-0.020446565
rhamnose_gL,all_known,parafac_raman_fusion_als_sg2_snv,als_sg2_snv+parafac,krr,"kernel=rbf,alpha=0.1,gamma_scale=1.0,max_features=192,x_transform=l2,log_target=True",10,0.51586406,0.13983224,0.30042297,-0.021773132
rhamnose_gL,all_known,raman_preprocessed_als_sg2_snv,als_sg2_snv,weighted_knn,"k=5,metric=manhattan,max_features=192,x_transform=l2,log_target=False",10,0.51589954,0.10434088,0.30744757,-0.11744277
rhamnose_gL,all_known,raman_preprocessed_als_sg0_snv_area,als_sg0_snv_area,krr,"kernel=rbf,alpha=0.01,gamma_scale=2.0,max_features=48,x_transform=none,log_target=True",10,0.51599888,0.11356511,0.2941809,-0.10804704
rhamnose_gL,all_known,raman_preprocessed_als_sg2_snv,als_sg2_snv,krr,"kernel=laplacian,alpha=0.01,gamma_scale=2.0,max_features=48,x_transform=l2,log_target=False",10,0.51601331,0.11076802,0.32370596,-0.10834087
rhamnose_gL,all_known,raman_preprocessed_als_sg2_snv,als_sg2_snv,krr,"kernel=laplacian,alpha=0.01,gamma_scale=1.0,max_features=12,x_transform=none,log_target=True",10,0.51620135,0.11230215,0.29704133,-0.11437268
rhamnose_gL,all_known,parafac_raman_fusion_als_sg0_snv_area,als_sg0_snv_area+parafac,krr,"kernel=rbf,alpha=0.01,gamma_scale=2.0,max_features=48,x_transform=l2,log_target=True",10,0.51622208,0.10398086,0.30195945,-0.0843628
rhamnose_gL,all_known,parafac_raman_fusion_als_sg2_snv,als_sg2_snv+parafac,weighted_knn,"k=3,metric=correlation,max_features=192,x_transform=none,log_target=True",10,0.51622517,0.13909604,0.30446148,-0.030125759
rhamnose_gL,all_known,parafac_raman_fusion_als_sg2_snv,als_sg2_snv+parafac,weighted_knn,"k=3,metric=correlation,max_features=192,x_transform=l2,log_target=True",10,0.51622517,0.13909604,0.30446148,-0.030125759
rhamnose_gL,all_known,parafac_raman_fusion_als_sg2_snv,als_sg2_snv+parafac,krr,"kernel=laplacian,alpha=0.01,gamma_scale=1.0,max_features=192,x_transform=none,log_target=False",10,0.51634189,0.13859457,0.32411674,-0.022120375
rhamnose_gL,all_known,raman_preprocessed_als_sg0_snv_area,als_sg0_snv_area,krr,"kernel=laplacian,alpha=0.01,gamma_scale=2.0,max_features=12,x_transform=l2,log_target=True",10,0.51647657,0.11653145,0.29981529,-0.1103323
rhamnose_gL,all_known,parafac_raman_fusion_als_sg2_snv,als_sg2_snv+parafac,krr,"kernel=laplacian,alpha=0.01,gamma_scale=1.0,max_features=192,x_transform=l2,log_target=False",10,0.51656675,0.13719569,0.32697501,-0.024499782
rhamnose_gL,all_known,raman_preprocessed_als_sg0_snv_area,als_sg0_snv_area,krr,"kernel=rbf,alpha=0.01,gamma_scale=1.0,max_features=48,x_transform=none,log_target=True",10,0.51663471,0.11293405,0.30434947,-0.11404728
rhamnose_gL,all_known,raman_preprocessed_als_sg0_snv_area,als_sg0_snv_area,krr,"kernel=rbf,alpha=0.1,gamma_scale=1.0,max_features=192,x_transform=l2,log_target=True",10,0.51665312,0.1173047,0.30451095,-0.10680569
rhamnose_gL,all_known,parafac_raman_fusion_als_sg2_snv,als_sg2_snv+parafac,krr,"kernel=rbf,alpha=0.01,gamma_scale=2.0,max_features=192,x_transform=l2,log_target=True",10,0.51665686,0.14050101,0.29549653,-0.022004829
rhamnose_gL,all_known,parafac_raman_fusion_als_sg0_snv_area,als_sg0_snv_area+parafac,krr,"kernel=laplacian,alpha=0.1,gamma_scale=2.0,max_features=12,x_transform=none,log_target=False",10,0.51683272,0.11761507,0.31445091,-0.062470111
rhamnose_gL,all_known,raman_preprocessed_als_sg2_snv,als_sg2_snv,krr,"kernel=rbf,alpha=0.1,gamma_scale=1.0,max_features=192,x_transform=l2,log_target=False",10,0.51687498,0.11061739,0.33357122,-0.11578932
rhamnose_gL,all_known,raman_preprocessed_als_sg2_snv,als_sg2_snv,krr,"kernel=laplacian,alpha=0.01,gamma_scale=1.0,max_features=12,x_transform=l2,log_target=True",10,0.51688566,0.10136875,0.2989891,-0.12799038
rhamnose_gL,all_known,parafac_raman_fusion_als_sg2_snv,als_sg2_snv+parafac,krr,"kernel=rbf,alpha=0.01,gamma_scale=1.0,max_features=192,x_transform=none,log_target=True",10,0.51697768,0.14078373,0.29877428,-0.026961331
rhamnose_gL,all_known,parafac_raman_fusion_als_sg0_snv_area,als_sg0_snv_area+parafac,krr,"kernel=laplacian,alpha=0.1,gamma_scale=1.0,max_features=192,x_transform=l2,log_target=True",10,0.51699635,0.1235005,0.29477711,-0.043021177
rhamnose_gL,all_known,parafac_raman_fusion_als_sg2_snv,als_sg2_snv+parafac,krr,"kernel=rbf,alpha=0.1,gamma_scale=2.0,max_features=192,x_transform=l2,log_target=True",10,0.51705977,0.1402285,0.29502052,-0.0236721
rhamnose_gL,all_known,parafac_raman_fusion_als_sg0_snv_area,als_sg0_snv_area+parafac,krr,"kernel=laplacian,alpha=0.01,gamma_scale=1.0,max_features=192,x_transform=l2,log_target=True",10,0.51721504,0.12193723,0.29548178,-0.046436562
rhamnose_gL,all_known,raman_preprocessed_als_sg2_snv,als_sg2_snv,krr,"kernel=laplacian,alpha=0.1,gamma_scale=1.0,max_features=48,x_transform=none,log_target=True",10,0.51724586,0.11612719,0.29872721,-0.10871942
rhamnose_gL,all_known,parafac_raman_fusion_als_sg2_snv,als_sg2_snv+parafac,krr,"kernel=laplacian,alpha=0.1,gamma_scale=2.0,max_features=48,x_transform=l2,log_target=False",10,0.51733327,0.12395219,0.32172985,-0.04376791
rhamnose_gL,all_known,raman_preprocessed_als_sg0_snv_area,als_sg0_snv_area,krr,"kernel=rbf,alpha=0.1,gamma_scale=2.0,max_features=48,x_transform=none,log_target=False",10,0.51737543,0.10647057,0.31778498,-0.12512236
rhamnose_gL,all_known,raman_preprocessed_als_sg0_snv_area,als_sg0_snv_area,krr,"kernel=rbf,alpha=0.1,gamma_scale=2.0,max_features=192,x_transform=none,log_target=True",10,0.51753897,0.11600888,0.29334923,-0.11143299
rhamnose_gL,all_known,eem_parafac_scores,parafac_rank_selected,krr,"kernel=rbf,alpha=0.01,gamma_scale=1.0,max_features=12,x_transform=l2,log_target=False",10,0.51766657,0.1176133,0.32731651,-0.056901082
rhamnose_gL,all_known,eem_parafac_scores,parafac_rank_selected,krr,"kernel=laplacian,alpha=0.01,gamma_scale=1.0,max_features=12,x_transform=l2,log_target=False",10,0.51766657,0.1176133,0.32731651,-0.056901082
rhamnose_gL,all_known,eem_parafac_scores,parafac_rank_selected,krr,"kernel=rbf,alpha=0.01,gamma_scale=1.0,max_features=48,x_transform=l2,log_target=False",10,0.51766657,0.1176133,0.32731651,-0.056901082
rhamnose_gL,all_known,eem_parafac_scores,parafac_rank_selected,krr,"kernel=laplacian,alpha=0.01,gamma_scale=1.0,max_features=48,x_transform=l2,log_target=False",10,0.51766657,0.1176133,0.32731651,-0.056901082
rhamnose_gL,all_known,eem_parafac_scores,parafac_rank_selected,krr,"kernel=rbf,alpha=0.01,gamma_scale=1.0,max_features=192,x_transform=l2,log_target=False",10,0.51766657,0.1176133,0.32731651,-0.056901082
rhamnose_gL,all_known,eem_parafac_scores,parafac_rank_selected,krr,"kernel=laplacian,alpha=0.01,gamma_scale=1.0,max_features=192,x_transform=l2,log_target=False",10,0.51766657,0.1176133,0.32731651,-0.056901082
rhamnose_gL,all_known,eem_parafac_scores,parafac_rank_selected,krr,"kernel=rbf,alpha=0.01,gamma_scale=2.0,max_features=12,x_transform=l2,log_target=False",10,0.51766734,0.11761287,0.32731305,-0.056905508
rhamnose_gL,all_known,eem_parafac_scores,parafac_rank_selected,krr,"kernel=laplacian,alpha=0.01,gamma_scale=2.0,max_features=12,x_transform=l2,log_target=False",10,0.51766734,0.11761287,0.32731305,-0.056905508
rhamnose_gL,all_known,eem_parafac_scores,parafac_rank_selected,krr,"kernel=rbf,alpha=0.01,gamma_scale=2.0,max_features=48,x_transform=l2,log_target=False",10,0.51766734,0.11761287,0.32731305,-0.056905508
rhamnose_gL,all_known,eem_parafac_scores,parafac_rank_selected,krr,"kernel=laplacian,alpha=0.01,gamma_scale=2.0,max_features=48,x_transform=l2,log_target=False",10,0.51766734,0.11761287,0.32731305,-0.056905508
rhamnose_gL,all_known,eem_parafac_scores,parafac_rank_selected,krr,"kernel=rbf,alpha=0.01,gamma_scale=2.0,max_features=192,x_transform=l2,log_target=False",10,0.51766734,0.11761287,0.32731305,-0.056905508
rhamnose_gL,all_known,eem_parafac_scores,parafac_rank_selected,krr,"kernel=laplacian,alpha=0.01,gamma_scale=2.0,max_features=192,x_transform=l2,log_target=False",10,0.51766734,0.11761287,0.32731305,-0.056905508
rhamnose_gL,all_known,eem_parafac_scores,parafac_rank_selected,krr,"kernel=rbf,alpha=0.1,gamma_scale=1.0,max_features=12,x_transform=l2,log_target=False",10,0.51767389,0.11768031,0.32719206,-0.056822796
rhamnose_gL,all_known,eem_parafac_scores,parafac_rank_selected,krr,"kernel=laplacian,alpha=0.1,gamma_scale=1.0,max_features=12,x_transform=l2,log_target=False",10,0.51767389,0.11768031,0.32719206,-0.056822796
rhamnose_gL,all_known,eem_parafac_scores,parafac_rank_selected,krr,"kernel=rbf,alpha=0.1,gamma_scale=1.0,max_features=48,x_transform=l2,log_target=False",10,0.51767389,0.11768031,0.32719206,-0.056822796
rhamnose_gL,all_known,eem_parafac_scores,parafac_rank_selected,krr,"kernel=laplacian,alpha=0.1,gamma_scale=1.0,max_features=48,x_transform=l2,log_target=False",10,0.51767389,0.11768031,0.32719206,-0.056822796
rhamnose_gL,all_known,eem_parafac_scores,parafac_rank_selected,krr,"kernel=rbf,alpha=0.1,gamma_scale=1.0,max_features=192,x_transform=l2,log_target=False",10,0.51767389,0.11768031,0.32719206,-0.056822796
rhamnose_gL,all_known,eem_parafac_scores,parafac_rank_selected,krr,"kernel=laplacian,alpha=0.1,gamma_scale=1.0,max_features=192,x_transform=l2,log_target=False",10,0.51767389,0.11768031,0.32719206,-0.056822796
rhamnose_gL,all_known,eem_parafac_scores,parafac_rank_selected,krr,"kernel=rbf,alpha=0.1,gamma_scale=2.0,max_features=12,x_transform=l2,log_target=False",10,0.51768164,0.11767607,0.32715756,-0.056866933
rhamnose_gL,all_known,eem_parafac_scores,parafac_rank_selected,krr,"kernel=laplacian,alpha=0.1,gamma_scale=2.0,max_features=12,x_transform=l2,log_target=False",10,0.51768164,0.11767607,0.32715756,-0.056866933
rhamnose_gL,all_known,eem_parafac_scores,parafac_rank_selected,krr,"kernel=rbf,alpha=0.1,gamma_scale=2.0,max_features=48,x_transform=l2,log_target=False",10,0.51768164,0.11767607,0.32715756,-0.056866933
rhamnose_gL,all_known,eem_parafac_scores,parafac_rank_selected,krr,"kernel=laplacian,alpha=0.1,gamma_scale=2.0,max_features=48,x_transform=l2,log_target=False",10,0.51768164,0.11767607,0.32715756,-0.056866933
rhamnose_gL,all_known,eem_parafac_scores,parafac_rank_selected,krr,"kernel=rbf,alpha=0.1,gamma_scale=2.0,max_features=192,x_transform=l2,log_target=False",10,0.51768164,0.11767607,0.32715756,-0.056866933
rhamnose_gL,all_known,eem_parafac_scores,parafac_rank_selected,krr,"kernel=laplacian,alpha=0.1,gamma_scale=2.0,max_features=192,x_transform=l2,log_target=False",10,0.51768164,0.11767607,0.32715756,-0.056866933
rhamnose_gL,all_known,raman_preprocessed_als_sg0_snv_area,als_sg0_snv_area,krr,"kernel=rbf,alpha=0.01,gamma_scale=2.0,max_features=48,x_transform=l2,log_target=True",10,0.51771569,0.11970401,0.29863146,-0.11155038
rhamnose_gL,all_known,parafac_raman_fusion_als_sg0_snv_area,als_sg0_snv_area+parafac,krr,"kernel=laplacian,alpha=0.01,gamma_scale=1.0,max_features=192,x_transform=none,log_target=False",10,0.51776137,0.11218744,0.32175547,-0.065761484
rhamnose_gL,all_known,parafac_raman_fusion_als_sg2_snv,als_sg2_snv+parafac,krr,"kernel=rbf,alpha=0.1,gamma_scale=1.0,max_features=192,x_transform=none,log_target=True",10,0.51794905,0.140934,0.29724548,-0.029308676
rhamnose_gL,all_known,parafac_raman_fusion_als_sg2_snv,als_sg2_snv+parafac,krr,"kernel=laplacian,alpha=0.01,gamma_scale=1.0,max_features=192,x_transform=l2,log_target=True",10,0.51799016,0.14264681,0.29765195,-0.024543162
rhamnose_gL,all_known,parafac_raman_fusion_als_sg2_snv,als_sg2_snv+parafac,krr,"kernel=laplacian,alpha=0.1,gamma_scale=1.0,max_features=192,x_transform=l2,log_target=True",10,0.51800879,0.14189581,0.29732615,-0.025180326
rhamnose_gL,all_known,raman_preprocessed_als_sg2_snv,als_sg2_snv,krr,"kernel=rbf,alpha=0.1,gamma_scale=1.0,max_features=192,x_transform=none,log_target=False",10,0.51806904,0.11246507,0.32935346,-0.11855326
rhamnose_gL,all_known,parafac_raman_fusion_als_sg0_snv_area,als_sg0_snv_area+parafac,krr,"kernel=rbf,alpha=0.1,gamma_scale=1.0,max_features=192,x_transform=l2,log_target=True",10,0.51812068,0.11612407,0.30323514,-0.060349807
rhamnose_gL,all_known,parafac_raman_fusion_als_sg0_snv_area,als_sg0_snv_area+parafac,krr,"kernel=laplacian,alpha=0.1,gamma_scale=1.0,max_features=12,x_transform=none,log_target=True",10,0.51836093,0.12260694,0.29766387,-0.059282779
rhamnose_gL,all_known,parafac_raman_fusion_als_sg0_snv_area,als_sg0_snv_area+parafac,krr,"kernel=rbf,alpha=0.1,gamma_scale=2.0,max_features=192,x_transform=l2,log_target=False",10,0.51836744,0.10938522,0.32214552,-0.074733828
rhamnose_gL,all_known,parafac_raman_fusion_als_sg2_snv,als_sg2_snv+parafac,krr,"kernel=laplacian,alpha=0.01,gamma_scale=1.0,max_features=192,x_transform=none,log_target=True",10,0.51839763,0.14319239,0.2957249,-0.025840731
rhamnose_gL,all_known,parafac_raman_fusion_als_sg2_snv,als_sg2_snv+parafac,krr,"kernel=laplacian,alpha=0.01,gamma_scale=2.0,max_features=48,x_transform=l2,log_target=False",10,0.51847972,0.12250171,0.32344084,-0.050993703
rhamnose_gL,all_known,raman_preprocessed_als_sg0_snv_area,als_sg0_snv_area,krr,"kernel=rbf,alpha=0.1,gamma_scale=2.0,max_features=48,x_transform=l2,log_target=False",10,0.51852139,0.1118386,0.32107608,-0.126818
rhamnose_gL,all_known,parafac_raman_fusion_als_sg0_snv_area,als_sg0_snv_area+parafac,krr,"kernel=laplacian,alpha=0.1,gamma_scale=1.0,max_features=192,x_transform=none,log_target=True",10,0.51859818,0.12403681,0.29277958,-0.04885698
rhamnose_gL,all_known,parafac_raman_fusion_als_sg2_snv,als_sg2_snv+parafac,krr,"kernel=rbf,alpha=0.1,gamma_scale=2.0,max_features=192,x_transform=none,log_target=False",10,0.5186442,0.13817758,0.31581861,-0.032595903
rhamnose_gL,all_known,parafac_raman_fusion_als_sg2_snv,als_sg2_snv+parafac,krr,"kernel=laplacian,alpha=0.1,gamma_scale=1.0,max_features=192,x_transform=none,log_target=True",10,0.51865667,0.14246915,0.2956086,-0.027428702
rhamnose_gL,all_known,parafac_raman_fusion_als_sg2_snv,als_sg2_snv+parafac,krr,"kernel=rbf,alpha=0.01,gamma_scale=2.0,max_features=192,x_transform=none,log_target=False",10,0.5187428,0.13830939,0.31671743,-0.033306399
rhamnose_gL,all_known,parafac_raman_fusion_als_sg0_snv_area,als_sg0_snv_area+parafac,krr,"kernel=laplacian,alpha=0.01,gamma_scale=2.0,max_features=12,x_transform=none,log_target=False",10,0.51879088,0.11679806,0.31720662,-0.073861498
rhamnose_gL,all_known,raman_preprocessed_als_sg2_snv,als_sg2_snv,krr,"kernel=rbf,alpha=0.1,gamma_scale=2.0,max_features=48,x_transform=l2,log_target=True",10,0.51880774,0.10984406,0.30367134,-0.12224751
rhamnose_gL,all_known,parafac_raman_fusion_als_sg2_snv,als_sg2_snv+parafac,krr,"kernel=laplacian,alpha=0.1,gamma_scale=2.0,max_features=48,x_transform=none,log_target=False",10,0.51885143,0.13047577,0.31230571,-0.041979758
rhamnose_gL,all_known,parafac_raman_fusion_als_sg0_snv_area,als_sg0_snv_area+parafac,krr,"kernel=laplacian,alpha=0.01,gamma_scale=2.0,max_features=192,x_transform=l2,log_target=True",10,0.51907035,0.12606546,0.29085063,-0.048436892
rhamnose_gL,all_known,parafac_raman_fusion_als_sg2_snv,als_sg2_snv+parafac,krr,"kernel=laplacian,alpha=0.01,gamma_scale=2.0,max_features=192,x_transform=l2,log_target=True",10,0.51907284,0.1401549,0.29484782,-0.031252519
rhamnose_gL,all_known,eem_parafac_scores,parafac_rank_selected,weighted_knn,"k=5,metric=correlation,max_features=12,x_transform=none,log_target=True",10,0.51917799,0.12873443,0.32952046,-0.046436298
rhamnose_gL,all_known,eem_parafac_scores,parafac_rank_selected,weighted_knn,"k=5,metric=correlation,max_features=12,x_transform=l2,log_target=True",10,0.51917799,0.12873443,0.32952046,-0.046436298
rhamnose_gL,all_known,eem_parafac_scores,parafac_rank_selected,weighted_knn,"k=5,metric=correlation,max_features=48,x_transform=none,log_target=True",10,0.51917799,0.12873443,0.32952046,-0.046436298
rhamnose_gL,all_known,eem_parafac_scores,parafac_rank_selected,weighted_knn,"k=5,metric=correlation,max_features=48,x_transform=l2,log_target=True",10,0.51917799,0.12873443,0.32952046,-0.046436298
rhamnose_gL,all_known,eem_parafac_scores,parafac_rank_selected,weighted_knn,"k=5,metric=correlation,max_features=192,x_transform=none,log_target=True",10,0.51917799,0.12873443,0.32952046,-0.046436298
rhamnose_gL,all_known,eem_parafac_scores,parafac_rank_selected,weighted_knn,"k=5,metric=correlation,max_features=192,x_transform=l2,log_target=True",10,0.51917799,0.12873443,0.32952046,-0.046436298
rhamnose_gL,all_known,raman_preprocessed_als_sg2_snv,als_sg2_snv,krr,"kernel=rbf,alpha=0.1,gamma_scale=2.0,max_features=12,x_transform=none,log_target=True",10,0.51918077,0.11515056,0.28317155,-0.12042585
rhamnose_gL,all_known,parafac_raman_fusion_als_sg2_snv,als_sg2_snv+parafac,krr,"kernel=rbf,alpha=0.1,gamma_scale=1.0,max_features=192,x_transform=l2,log_target=False",10,0.51919078,0.13221622,0.33347274,-0.046431732
rhamnose_gL,all_known,parafac_raman_fusion_als_sg0_snv_area,als_sg0_snv_area+parafac,krr,"kernel=laplacian,alpha=0.01,gamma_scale=1.0,max_features=192,x_transform=none,log_target=True",10,0.51926949,0.12286237,0.29443196,-0.053578364
rhamnose_gL,all_known,parafac_raman_fusion_als_sg0_snv_area,als_sg0_snv_area+parafac,krr,"kernel=laplacian,alpha=0.1,gamma_scale=2.0,max_features=192,x_transform=l2,log_target=True",10,0.51931503,0.12702366,0.29069694,-0.048100648
rhamnose_gL,all_known,raman_preprocessed_als_sg2_snv,als_sg2_snv,krr,"kernel=laplacian,alpha=0.1,gamma_scale=2.0,max_features=12,x_transform=l2,log_target=False",10,0.51933179,0.098481504,0.31886888,-0.14459943
rhamnose_gL,all_known,raman_preprocessed_als_sg0_snv_area,als_sg0_snv_area,krr,"kernel=rbf,alpha=0.01,gamma_scale=2.0,max_features=192,x_transform=none,log_target=True",10,0.51934821,0.11576808,0.2959241,-0.119929
rhamnose_gL,all_known,raman_preprocessed_als_sg0_snv_area,als_sg0_snv_area,krr,"kernel=rbf,alpha=0.01,gamma_scale=1.0,max_features=48,x_transform=l2,log_target=True",10,0.51936068,0.11868527,0.307593,-0.12127607
rhamnose_gL,all_known,parafac_raman_fusion_als_sg2_snv,als_sg2_snv+parafac,krr,"kernel=laplacian,alpha=0.1,gamma_scale=2.0,max_features=192,x_transform=l2,log_target=True",10,0.51947135,0.13980182,0.29456033,-0.033286731
rhamnose_gL,all_known,raman_preprocessed_als_sg2_snv,als_sg2_snv,krr,"kernel=laplacian,alpha=0.1,gamma_scale=1.0,max_features=48,x_transform=l2,log_target=True",10,0.51953191,0.11264208,0.3041092,-0.1223355
rhamnose_gL,all_known,raman_preprocessed_als_sg2_snv,als_sg2_snv,krr,"kernel=rbf,alpha=0.1,gamma_scale=1.0,max_features=12,x_transform=none,log_target=True",10,0.51954297,0.11439909,0.29231369,-0.12396663
rhamnose_gL,all_known,raman_preprocessed_als_sg2_snv,als_sg2_snv,krr,"kernel=laplacian,alpha=0.01,gamma_scale=1.0,max_features=48,x_transform=none,log_target=True",10,0.51955467,0.11524099,0.30076398,-0.1201653
rhamnose_gL,all_known,eem_parafac_scores,parafac_rank_selected,weighted_knn,"k=5,metric=correlation,max_features=12,x_transform=none,log_target=False",10,0.51961308,0.12326648,0.35258649,-0.056882635
rhamnose_gL,all_known,eem_parafac_scores,parafac_rank_selected,weighted_knn,"k=5,metric=correlation,max_features=12,x_transform=l2,log_target=False",10,0.51961308,0.12326648,0.35258649,-0.056882635
rhamnose_gL,all_known,eem_parafac_scores,parafac_rank_selected,weighted_knn,"k=5,metric=correlation,max_features=48,x_transform=none,log_target=False",10,0.51961308,0.12326648,0.35258649,-0.056882635
rhamnose_gL,all_known,eem_parafac_scores,parafac_rank_selected,weighted_knn,"k=5,metric=correlation,max_features=48,x_transform=l2,log_target=False",10,0.51961308,0.12326648,0.35258649,-0.056882635
rhamnose_gL,all_known,eem_parafac_scores,parafac_rank_selected,weighted_knn,"k=5,metric=correlation,max_features=192,x_transform=none,log_target=False",10,0.51961308,0.12326648,0.35258649,-0.056882635
rhamnose_gL,all_known,eem_parafac_scores,parafac_rank_selected,weighted_knn,"k=5,metric=correlation,max_features=192,x_transform=l2,log_target=False",10,0.51961308,0.12326648,0.35258649,-0.056882635
rhamnose_gL,all_known,parafac_raman_fusion_als_sg2_snv,als_sg2_snv+parafac,krr,"kernel=laplacian,alpha=0.01,gamma_scale=2.0,max_features=48,x_transform=none,log_target=False",10,0.51961451,0.12937677,0.31361708,-0.046962017
rhamnose_gL,all_known,parafac_raman_fusion_als_sg0_snv_area,als_sg0_snv_area+parafac,krr,"kernel=laplacian,alpha=0.1,gamma_scale=2.0,max_features=12,x_transform=none,log_target=True",10,0.51972381,0.12696225,0.29160808,-0.05518777
rhamnose_gL,all_known,raman_preprocessed_als_sg0_snv_area,als_sg0_snv_area,krr,"kernel=rbf,alpha=0.01,gamma_scale=2.0,max_features=192,x_transform=l2,log_target=False",10,0.52009968,0.11361747,0.32453641,-0.12735025
rhamnose_gL,all_known,raman_preprocessed_als_sg0_snv_area,als_sg0_snv_area,krr,"kernel=laplacian,alpha=0.01,gamma_scale=1.0,max_features=12,x_transform=l2,log_target=True",10,0.52010171,0.11301735,0.30842567,-0.13351085
rhamnose_gL,all_known,raman_preprocessed_als_sg0_snv_area,als_sg0_snv_area,krr,"kernel=rbf,alpha=0.1,gamma_scale=2.0,max_features=192,x_transform=none,log_target=False",10,0.52028747,0.11078573,0.32000614,-0.13067469
rhamnose_gL,all_known,parafac_raman_fusion_als_sg0_snv_area,als_sg0_snv_area+parafac,krr,"kernel=rbf,alpha=0.01,gamma_scale=1.0,max_features=192,x_transform=l2,log_target=True",10,0.52036894,0.10847189,0.30544851,-0.085285929
rhamnose_gL,all_known,raman_preprocessed_als_sg0_snv_area,als_sg0_snv_area,krr,"kernel=laplacian,alpha=0.01,gamma_scale=1.0,max_features=12,x_transform=none,log_target=False",10,0.52044131,0.11142128,0.33195969,-0.13496834
rhamnose_gL,all_known,raman_preprocessed_als_sg0_snv_area,als_sg0_snv_area,krr,"kernel=rbf,alpha=0.01,gamma_scale=2.0,max_features=48,x_transform=none,log_target=False",10,0.52057727,0.10500385,0.3236679,-0.14260293
rhamnose_gL,all_known,parafac_raman_fusion_als_sg0_snv_area,als_sg0_snv_area+parafac,krr,"kernel=rbf,alpha=0.1,gamma_scale=1.0,max_features=192,x_transform=l2,log_target=False",10,0.52060945,0.10023659,0.34245573,-0.10234776
rhamnose_gL,all_known,raman_preprocessed_als_sg2_snv,als_sg2_snv,krr,"kernel=rbf,alpha=0.01,gamma_scale=2.0,max_features=48,x_transform=l2,log_target=True",10,0.52062281,0.10806236,0.30579339,-0.13252219
rhamnose_gL,all_known,parafac_raman_fusion_als_sg0_snv_area,als_sg0_snv_area+parafac,krr,"kernel=laplacian,alpha=0.1,gamma_scale=1.0,max_features=12,x_transform=none,log_target=False",10,0.52065296,0.11112713,0.32858224,-0.099101794
rhamnose_gL,all_known,parafac_raman_fusion_als_sg0_snv_area,als_sg0_snv_area+parafac,krr,"kernel=laplacian,alpha=0.01,gamma_scale=2.0,max_features=12,x_transform=none,log_target=True",10,0.52065907,0.12639121,0.2931898,-0.060862875
rhamnose_gL,all_known,parafac_raman_fusion_als_sg2_snv,als_sg2_snv+parafac,krr,"kernel=rbf,alpha=0.1,gamma_scale=1.0,max_features=192,x_transform=none,log_target=False",10,0.52073384,0.13476989,0.32928579,-0.049907637
rhamnose_gL,all_known,parafac_raman_fusion_als_sg2_snv,als_sg2_snv+parafac,krr,"kernel=laplacian,alpha=0.1,gamma_scale=2.0,max_features=48,x_transform=l2,log_target=True",10,0.52097982,0.13311506,0.29480723,-0.047928879
rhamnose_gL,all_known,raman_preprocessed_als_sg0_snv_area,als_sg0_snv_area,krr,"kernel=rbf,alpha=0.1,gamma_scale=1.0,max_features=192,x_transform=none,log_target=True",10,0.52104721,0.11542118,0.30584606,-0.12895897
rhamnose_gL,all_known,raman_preprocessed_als_sg2_snv,als_sg2_snv,weighted_knn,"k=5,metric=manhattan,max_features=192,x_transform=none,log_target=True",10,0.52125879,0.11865285,0.28865984,-0.12531389
rhamnose_gL,all_known,parafac_raman_fusion_als_sg0_snv_area,als_sg0_snv_area+parafac,weighted_knn,"k=3,metric=manhattan,max_features=48,x_transform=l2,log_target=True",10,0.52130869,0.10953132,0.28250961,-0.099104805
rhamnose_gL,all_known,parafac_raman_fusion_als_sg2_snv,als_sg2_snv+parafac,krr,"kernel=laplacian,alpha=0.01,gamma_scale=2.0,max_features=48,x_transform=l2,log_target=True",10,0.52131523,0.13233294,0.2956448,-0.050530859
rhamnose_gL,all_known,parafac_raman_fusion_als_sg2_snv,als_sg2_snv+parafac,krr,"kernel=laplacian,alpha=0.01,gamma_scale=2.0,max_features=192,x_transform=none,log_target=True",10,0.5213965,0.14110808,0.29265635,-0.040125269
rhamnose_gL,all_known,raman_preprocessed_als_sg2_snv,als_sg2_snv,krr,"kernel=rbf,alpha=0.01,gamma_scale=1.0,max_features=192,x_transform=l2,log_target=False",10,0.52144421,0.10867938,0.33913851,-0.14048
rhamnose_gL,all_known,parafac_raman_fusion_als_sg0_snv_area,als_sg0_snv_area+parafac,krr,"kernel=laplacian,alpha=0.01,gamma_scale=2.0,max_features=192,x_transform=none,log_target=True",10,0.52153585,0.1284084,0.28604305,-0.055514038
rhamnose_gL,all_known,parafac_raman_fusion_als_sg0_snv_area,als_sg0_snv_area+parafac,krr,"kernel=laplacian,alpha=0.01,gamma_scale=1.0,max_features=12,x_transform=none,log_target=True",10,0.52164713,0.12287646,0.30067107,-0.075735207
rhamnose_gL,all_known,parafac_raman_fusion_als_sg0_snv_area,als_sg0_snv_area+parafac,krr,"kernel=rbf,alpha=0.01,gamma_scale=2.0,max_features=192,x_transform=l2,log_target=False",10,0.52164878,0.10323604,0.32297972,-0.099970393
rhamnose_gL,all_known,parafac_raman_fusion_als_sg0_snv_area,als_sg0_snv_area+parafac,krr,"kernel=rbf,alpha=0.1,gamma_scale=2.0,max_features=192,x_transform=l2,log_target=True",10,0.52165033,0.12051975,0.29486013,-0.068288291
rhamnose_gL,all_known,parafac_raman_fusion_als_sg2_snv,als_sg2_snv+parafac,weighted_knn,"k=5,metric=manhattan,max_features=192,x_transform=l2,log_target=True",10,0.52166665,0.13808813,0.29310994,-0.050529057
rhamnose_gL,target_focused,eem_parafac_scores,parafac_rank_selected,krr,"kernel=rbf,alpha=0.1,gamma_scale=1.0,max_features=12,x_transform=none,log_target=True",10,0.52169298,0.13088484,0.36589959,0.038760961
rhamnose_gL,target_focused,eem_parafac_scores,parafac_rank_selected,krr,"kernel=rbf,alpha=0.1,gamma_scale=1.0,max_features=48,x_transform=none,log_target=True",10,0.52169298,0.13088484,0.36589959,0.038760961
rhamnose_gL,target_focused,eem_parafac_scores,parafac_rank_selected,krr,"kernel=rbf,alpha=0.1,gamma_scale=1.0,max_features=192,x_transform=none,log_target=True",10,0.52169298,0.13088484,0.36589959,0.038760961
rhamnose_gL,all_known,raman_preprocessed_als_sg0_snv_area,als_sg0_snv_area,krr,"kernel=rbf,alpha=0.1,gamma_scale=2.0,max_features=12,x_transform=none,log_target=True",10,0.52174427,0.11799792,0.29627375,-0.13816046
rhamnose_gL,all_known,parafac_raman_fusion_als_sg0_snv_area,als_sg0_snv_area+parafac,krr,"kernel=laplacian,alpha=0.1,gamma_scale=2.0,max_features=192,x_transform=none,log_target=True",10,0.52176626,0.12917038,0.28532352,-0.055461525
rhamnose_gL,all_known,parafac_raman_fusion_als_sg2_snv,als_sg2_snv+parafac,krr,"kernel=laplacian,alpha=0.1,gamma_scale=2.0,max_features=192,x_transform=none,log_target=True",10,0.52182854,0.14074565,0.29244046,-0.042315707
rhamnose_gL,all_known,raman_preprocessed_als_sg2_snv,als_sg2_snv,krr,"kernel=rbf,alpha=0.01,gamma_scale=1.0,max_features=192,x_transform=none,log_target=False",10,0.52195931,0.11085576,0.33469987,-0.13935241
rhamnose_gL,all_known,raman_preprocessed_als_sg0_snv_area,als_sg0_snv_area,krr,"kernel=laplacian,alpha=0.1,gamma_scale=2.0,max_features=12,x_transform=l2,log_target=False",10,0.52202168,0.1083677,0.32677386,-0.14719666
rhamnose_gL,all_known,parafac_raman_fusion_als_sg2_snv,als_sg2_snv+parafac,krr,"kernel=rbf,alpha=0.01,gamma_scale=1.0,max_features=192,x_transform=l2,log_target=False",10,0.5222065,0.13099192,0.33853764,-0.063556425
rhamnose_gL,all_known,raman_preprocessed_als_sg2_snv,als_sg2_snv,weighted_knn,"k=5,metric=manhattan,max_features=192,x_transform=none,log_target=False",10,0.52230897,0.11488899,0.30110778,-0.13437683
rhamnose_gL,all_known,parafac_raman_fusion_als_sg2_snv,als_sg2_snv+parafac,krr,"kernel=rbf,alpha=0.01,gamma_scale=2.0,max_features=192,x_transform=none,log_target=True",10,0.52233016,0.14231619,0.29109928,-0.043949794
rhamnose_gL,all_known,raman_preprocessed_als_sg2_snv,als_sg2_snv,krr,"kernel=rbf,alpha=0.1,gamma_scale=2.0,max_features=48,x_transform=none,log_target=True",10,0.52233372,0.11489428,0.29336927,-0.13290205
rhamnose_gL,all_known,raman_preprocessed_als_sg2_snv,als_sg2_snv,krr,"kernel=laplacian,alpha=0.01,gamma_scale=1.0,max_features=48,x_transform=l2,log_target=True",10,0.5225295,0.11110061,0.30679863,-0.13766077
rhamnose_gL,all_known,parafac_raman_fusion_als_sg2_snv,als_sg2_snv+parafac,krr,"kernel=laplacian,alpha=0.1,gamma_scale=2.0,max_features=12,x_transform=none,log_target=False",10,0.52267304,0.13394445,0.30790897,-0.055874688
rhamnose_gL,all_known,parafac_raman_fusion_als_sg0_snv_area,als_sg0_snv_area+parafac,weighted_knn,"k=3,metric=manhattan,max_features=48,x_transform=l2,log_target=False",10,0.5226864,0.098404194,0.29238842,-0.12986123
rhamnose_gL,all_known,parafac_raman_fusion_als_sg2_snv,als_sg2_snv+parafac,krr,"kernel=rbf,alpha=0.1,gamma_scale=2.0,max_features=192,x_transform=none,log_target=True",10,0.52278874,0.14201976,0.29071198,-0.045933136
rhamnose_gL,all_known,parafac_raman_fusion_als_sg2_snv,als_sg2_snv+parafac,krr,"kernel=laplacian,alpha=0.1,gamma_scale=2.0,max_features=12,x_transform=l2,log_target=True",10,0.52289884,0.13199662,0.29481893,-0.060330835
rhamnose_gL,all_known,parafac_raman_fusion_als_sg2_snv,als_sg2_snv+parafac,krr,"kernel=laplacian,alpha=0.1,gamma_scale=1.0,max_features=48,x_transform=none,log_target=True",10,0.52294627,0.13037286,0.29697159,-0.062138089
rhamnose_gL,all_known,parafac_raman_fusion_als_sg2_snv,als_sg2_snv+parafac,krr,"kernel=rbf,alpha=0.01,gamma_scale=1.0,max_features=192,x_transform=none,log_target=False",10,0.52299821,0.13396373,0.33389598,-0.063250903
rhamnose_gL,all_known,raman_preprocessed_als_sg2_snv,als_sg2_snv,krr,"kernel=laplacian,alpha=0.01,gamma_scale=2.0,max_features=12,x_transform=l2,log_target=False",10,0.52303543,0.096352391,0.32165846,-0.16534908
rhamnose_gL,all_known,eem_parafac_scores,parafac_rank_selected,krr,"kernel=rbf,alpha=0.01,gamma_scale=1.0,max_features=12,x_transform=l2,log_target=True",10,0.52332795,0.12739469,0.30043797,-0.066628571
rhamnose_gL,all_known,eem_parafac_scores,parafac_rank_selected,krr,"kernel=laplacian,alpha=0.01,gamma_scale=1.0,max_features=12,x_transform=l2,log_target=True",10,0.52332795,0.12739469,0.30043797,-0.066628571
rhamnose_gL,all_known,eem_parafac_scores,parafac_rank_selected,krr,"kernel=rbf,alpha=0.01,gamma_scale=1.0,max_features=48,x_transform=l2,log_target=True",10,0.52332795,0.12739469,0.30043797,-0.066628571
rhamnose_gL,all_known,eem_parafac_scores,parafac_rank_selected,krr,"kernel=laplacian,alpha=0.01,gamma_scale=1.0,max_features=48,x_transform=l2,log_target=True",10,0.52332795,0.12739469,0.30043797,-0.066628571
rhamnose_gL,all_known,eem_parafac_scores,parafac_rank_selected,krr,"kernel=rbf,alpha=0.01,gamma_scale=1.0,max_features=192,x_transform=l2,log_target=True",10,0.52332795,0.12739469,0.30043797,-0.066628571
rhamnose_gL,all_known,eem_parafac_scores,parafac_rank_selected,krr,"kernel=laplacian,alpha=0.01,gamma_scale=1.0,max_features=192,x_transform=l2,log_target=True",10,0.52332795,0.12739469,0.30043797,-0.066628571
rhamnose_gL,all_known,eem_parafac_scores,parafac_rank_selected,krr,"kernel=rbf,alpha=0.01,gamma_scale=2.0,max_features=12,x_transform=l2,log_target=True",10,0.52332884,0.12739446,0.30043562,-0.066633003
rhamnose_gL,all_known,eem_parafac_scores,parafac_rank_selected,krr,"kernel=laplacian,alpha=0.01,gamma_scale=2.0,max_features=12,x_transform=l2,log_target=True",10,0.52332884,0.12739446,0.30043562,-0.066633003
rhamnose_gL,all_known,eem_parafac_scores,parafac_rank_selected,krr,"kernel=rbf,alpha=0.01,gamma_scale=2.0,max_features=48,x_transform=l2,log_target=True",10,0.52332884,0.12739446,0.30043562,-0.066633003
rhamnose_gL,all_known,eem_parafac_scores,parafac_rank_selected,krr,"kernel=laplacian,alpha=0.01,gamma_scale=2.0,max_features=48,x_transform=l2,log_target=True",10,0.52332884,0.12739446,0.30043562,-0.066633003
rhamnose_gL,all_known,eem_parafac_scores,parafac_rank_selected,krr,"kernel=rbf,alpha=0.01,gamma_scale=2.0,max_features=192,x_transform=l2,log_target=True",10,0.52332884,0.12739446,0.30043562,-0.066633003
rhamnose_gL,all_known,eem_parafac_scores,parafac_rank_selected,krr,"kernel=laplacian,alpha=0.01,gamma_scale=2.0,max_features=192,x_transform=l2,log_target=True",10,0.52332884,0.12739446,0.30043562,-0.066633003
rhamnose_gL,all_known,eem_parafac_scores,parafac_rank_selected,krr,"kernel=rbf,alpha=0.1,gamma_scale=1.0,max_features=12,x_transform=l2,log_target=True",10,0.5233593,0.12743449,0.30033513,-0.066707516
rhamnose_gL,all_known,eem_parafac_scores,parafac_rank_selected,krr,"kernel=laplacian,alpha=0.1,gamma_scale=1.0,max_features=12,x_transform=l2,log_target=True",10,0.5233593,0.12743449,0.30033513,-0.066707516
rhamnose_gL,all_known,eem_parafac_scores,parafac_rank_selected,krr,"kernel=rbf,alpha=0.1,gamma_scale=1.0,max_features=48,x_transform=l2,log_target=True",10,0.5233593,0.12743449,0.30033513,-0.066707516
rhamnose_gL,all_known,eem_parafac_scores,parafac_rank_selected,krr,"kernel=laplacian,alpha=0.1,gamma_scale=1.0,max_features=48,x_transform=l2,log_target=True",10,0.5233593,0.12743449,0.30033513,-0.066707516
rhamnose_gL,all_known,eem_parafac_scores,parafac_rank_selected,krr,"kernel=rbf,alpha=0.1,gamma_scale=1.0,max_features=192,x_transform=l2,log_target=True",10,0.5233593,0.12743449,0.30033513,-0.066707516
rhamnose_gL,all_known,eem_parafac_scores,parafac_rank_selected,krr,"kernel=laplacian,alpha=0.1,gamma_scale=1.0,max_features=192,x_transform=l2,log_target=True",10,0.5233593,0.12743449,0.30033513,-0.066707516
rhamnose_gL,all_known,eem_parafac_scores,parafac_rank_selected,krr,"kernel=rbf,alpha=0.1,gamma_scale=2.0,max_features=12,x_transform=l2,log_target=True",10,0.52336813,0.12743222,0.30031168,-0.066751741
rhamnose_gL,all_known,eem_parafac_scores,parafac_rank_selected,krr,"kernel=laplacian,alpha=0.1,gamma_scale=2.0,max_features=12,x_transform=l2,log_target=True",10,0.52336813,0.12743222,0.30031168,-0.066751741
rhamnose_gL,all_known,eem_parafac_scores,parafac_rank_selected,krr,"kernel=rbf,alpha=0.1,gamma_scale=2.0,max_features=48,x_transform=l2,log_target=True",10,0.52336813,0.12743222,0.30031168,-0.066751741
rhamnose_gL,all_known,eem_parafac_scores,parafac_rank_selected,krr,"kernel=laplacian,alpha=0.1,gamma_scale=2.0,max_features=48,x_transform=l2,log_target=True",10,0.52336813,0.12743222,0.30031168,-0.066751741
rhamnose_gL,all_known,eem_parafac_scores,parafac_rank_selected,krr,"kernel=rbf,alpha=0.1,gamma_scale=2.0,max_features=192,x_transform=l2,log_target=True",10,0.52336813,0.12743222,0.30031168,-0.066751741
rhamnose_gL,all_known,eem_parafac_scores,parafac_rank_selected,krr,"kernel=laplacian,alpha=0.1,gamma_scale=2.0,max_features=192,x_transform=l2,log_target=True",10,0.52336813,0.12743222,0.30031168,-0.066751741
rhamnose_gL,all_known,parafac_raman_fusion_als_sg2_snv,als_sg2_snv+parafac,krr,"kernel=laplacian,alpha=0.1,gamma_scale=2.0,max_features=48,x_transform=none,log_target=True",10,0.52359895,0.13692918,0.28908032,-0.054777368
rhamnose_gL,all_known,raman_preprocessed_als_sg2_snv,als_sg2_snv,krr,"kernel=laplacian,alpha=0.1,gamma_scale=1.0,max_features=48,x_transform=none,log_target=False",10,0.52359911,0.11079543,0.32965078,-0.14305021
rhamnose_gL,all_known,parafac_raman_fusion_als_sg0_snv_area,als_sg0_snv_area+parafac,krr,"kernel=rbf,alpha=0.01,gamma_scale=2.0,max_features=192,x_transform=l2,log_target=True",10,0.52365695,0.11529523,0.29485216,-0.0851134
rhamnose_gL,all_known,raman_preprocessed_als_sg2_snv,als_sg2_snv,krr,"kernel=laplacian,alpha=0.1,gamma_scale=1.0,max_features=12,x_transform=none,log_target=False",10,0.52367791,0.10741572,0.32863028,-0.15706203
rhamnose_gL,all_known,parafac_raman_fusion_als_sg2_snv,als_sg2_snv+parafac,krr,"kernel=laplacian,alpha=0.1,gamma_scale=1.0,max_features=48,x_transform=none,log_target=False",10,0.52368685,0.11849906,0.3283222,-0.08215513
rhamnose_gL,all_known,parafac_raman_fusion_als_sg2_snv,als_sg2_snv+parafac,krr,"kernel=laplacian,alpha=0.01,gamma_scale=2.0,max_features=48,x_transform=none,log_target=True",10,0.52373861,0.13637081,0.28972358,-0.056271427
rhamnose_gL,all_known,raman_preprocessed_als_sg2_snv,als_sg2_snv,krr,"kernel=rbf,alpha=0.01,gamma_scale=2.0,max_features=48,x_transform=none,log_target=True",10,0.52380401,0.11366849,0.29557225,-0.14093415
rhamnose_gL,all_known,parafac_raman_fusion_als_sg0_snv_area,als_sg0_snv_area+parafac,weighted_knn,"k=5,metric=manhattan,max_features=48,x_transform=l2,log_target=False",10,0.52387629,0.10777933,0.30022774,-0.10455171
rhamnose_gL,all_known,parafac_raman_fusion_als_sg2_snv,als_sg2_snv+parafac,krr,"kernel=rbf,alpha=0.1,gamma_scale=2.0,max_features=48,x_transform=l2,log_target=True",10,0.52390628,0.12726394,0.3003059,-0.069756389
rhamnose_gL,all_known,raman_preprocessed_als_sg0_snv_area,als_sg0_snv_area,krr,"kernel=rbf,alpha=0.1,gamma_scale=1.0,max_features=48,x_transform=none,log_target=False",10,0.52397575,0.10273101,0.3349949,-0.16351026
rhamnose_gL,all_known,parafac_raman_fusion_als_sg2_snv,als_sg2_snv+parafac,weighted_knn,"k=3,metric=manhattan,max_features=192,x_transform=l2,log_target=False",10,0.52399278,0.12861677,0.30633294,-0.080741806
rhamnose_gL,all_known,parafac_raman_fusion_als_sg2_snv,als_sg2_snv+parafac,krr,"kernel=laplacian,alpha=0.1,gamma_scale=1.0,max_features=48,x_transform=l2,log_target=True",10,0.5240321,0.12728204,0.30213177,-0.069958261
rhamnose_gL,all_known,parafac_raman_fusion_als_sg2_snv,als_sg2_snv+parafac,krr,"kernel=laplacian,alpha=0.01,gamma_scale=2.0,max_features=12,x_transform=l2,log_target=True",10,0.52405817,0.13169421,0.29611835,-0.066219619
rhamnose_gL,all_known,raman_preprocessed_als_sg2_snv,als_sg2_snv,weighted_knn,"k=3,metric=correlation,max_features=192,x_transform=none,log_target=False",10,0.52414355,0.10251517,0.32109774,-0.16297186
rhamnose_gL,all_known,raman_preprocessed_als_sg2_snv,als_sg2_snv,weighted_knn,"k=3,metric=correlation,max_features=192,x_transform=l2,log_target=False",10,0.52414355,0.10251517,0.32109774,-0.16297186
rhamnose_gL,all_known,parafac_raman_fusion_als_sg0_snv_area,als_sg0_snv_area+parafac,krr,"kernel=rbf,alpha=0.1,gamma_scale=2.0,max_features=192,x_transform=none,log_target=False",10,0.52414458,0.11276302,0.31810199,-0.093894435
rhamnose_gL,all_known,parafac_raman_fusion_als_sg2_snv,als_sg2_snv+parafac,krr,"kernel=laplacian,alpha=0.1,gamma_scale=2.0,max_features=12,x_transform=l2,log_target=False",10,0.52414861,0.1206597,0.32204972,-0.080885956
rhamnose_gL,all_known,parafac_raman_fusion_als_sg2_snv,als_sg2_snv+parafac,krr,"kernel=laplacian,alpha=0.01,gamma_scale=1.0,max_features=48,x_transform=none,log_target=True",10,0.52423305,0.12879552,0.29850967,-0.071151418
rhamnose_gL,all_known,parafac_raman_fusion_als_sg0_snv_area,als_sg0_snv_area+parafac,weighted_knn,"k=5,metric=manhattan,max_features=48,x_transform=l2,log_target=True",10,0.52424641,0.11806266,0.28597712,-0.087590367
rhamnose_gL,all_known,parafac_raman_fusion_als_sg2_snv,als_sg2_snv+parafac,krr,"kernel=laplacian,alpha=0.01,gamma_scale=2.0,max_features=12,x_transform=none,log_target=False",10,0.5243019,0.13359655,0.31022492,-0.063524316
rhamnose_gL,all_known,raman_preprocessed_als_sg0_snv_area,als_sg0_snv_area,krr,"kernel=rbf,alpha=0.01,gamma_scale=2.0,max_features=192,x_transform=none,log_target=False",10,0.52443211,0.11016984,0.32510645,-0.15083498
rhamnose_gL,all_known,parafac_raman_fusion_als_sg2_snv,als_sg2_snv+parafac,krr,"kernel=laplacian,alpha=0.1,gamma_scale=2.0,max_features=12,x_transform=none,log_target=True",10,0.52481241,0.13842345,0.28707563,-0.059159379
rhamnose_gL,all_known,raman_preprocessed_als_sg0_snv_area,als_sg0_snv_area,krr,"kernel=rbf,alpha=0.01,gamma_scale=1.0,max_features=192,x_transform=l2,log_target=True",10,0.52490018,0.11842534,0.31183202,-0.14382467
rhamnose_gL,all_known,raman_preprocessed_als_sg0_snv_area,als_sg0_snv_area,krr,"kernel=rbf,alpha=0.01,gamma_scale=2.0,max_features=12,x_transform=none,log_target=True",10,0.52491925,0.11488429,0.30380648,-0.16244369
rhamnose_gL,all_known,raman_preprocessed_als_sg0_snv_area,als_sg0_snv_area,weighted_knn,"k=5,metric=manhattan,max_features=192,x_transform=l2,log_target=True",10,0.52491934,0.11061261,0.29176,-0.15273078
rhamnose_gL,all_known,raman_preprocessed_als_sg2_snv,als_sg2_snv,krr,"kernel=rbf,alpha=0.01,gamma_scale=2.0,max_features=12,x_transform=none,log_target=True",10,0.5249562,0.11407553,0.2917746,-0.14764887
rhamnose_gL,all_known,raman_preprocessed_als_sg2_snv,als_sg2_snv,weighted_knn,"k=5,metric=manhattan,max_features=48,x_transform=none,log_target=True",10,0.5250818,0.1218622,0.2926168,-0.14014023
rhamnose_gL,all_known,parafac_raman_fusion_als_sg0_snv_area,als_sg0_snv_area+parafac,krr,"kernel=rbf,alpha=0.1,gamma_scale=1.0,max_features=192,x_transform=none,log_target=True",10,0.52524006,0.11626038,0.30446528,-0.091643859
rhamnose_gL,all_known,parafac_raman_fusion_als_sg2_snv,als_sg2_snv+parafac,krr,"kernel=rbf,alpha=0.01,gamma_scale=2.0,max_features=48,x_transform=l2,log_target=True",10,0.52531471,0.12577494,0.30228698,-0.07865892
rhamnose_gL,all_known,parafac_raman_fusion_als_sg2_snv,als_sg2_snv+parafac,krr,"kernel=laplacian,alpha=0.01,gamma_scale=2.0,max_features=12,x_transform=none,log_target=True",10,0.52541532,0.13847969,0.28818402,-0.061952353
rhamnose_gL,all_known,raman_preprocessed_als_sg2_snv,als_sg2_snv,weighted_knn,"k=3,metric=manhattan,max_features=192,x_transform=l2,log_target=False",10,0.52561377,0.090950087,0.31038844,-0.1819814
rhamnose_gL,all_known,raman_preprocessed_als_sg0_snv_area,als_sg0_snv_area,weighted_knn,"k=5,metric=manhattan,max_features=48,x_transform=none,log_target=True",10,0.52563948,0.11099309,0.29553531,-0.15389255
rhamnose_gL,target_focused,eem_parafac_scores,parafac_rank_selected,krr,"kernel=rbf,alpha=0.1,gamma_scale=2.0,max_features=12,x_transform=none,log_target=False",10,0.52569253,0.16268635,0.38406228,-0.033838056
rhamnose_gL,target_focused,eem_parafac_scores,parafac_rank_selected,krr,"kernel=rbf,alpha=0.1,gamma_scale=2.0,max_features=48,x_transform=none,log_target=False",10,0.52569253,0.16268635,0.38406228,-0.033838056
rhamnose_gL,target_focused,eem_parafac_scores,parafac_rank_selected,krr,"kernel=rbf,alpha=0.1,gamma_scale=2.0,max_features=192,x_transform=none,log_target=False",10,0.52569253,0.16268635,0.38406228,-0.033838056
rhamnose_gL,all_known,raman_preprocessed_als_sg2_snv,als_sg2_snv,weighted_knn,"k=5,metric=manhattan,max_features=12,x_transform=none,log_target=True",10,0.5257603,0.11153526,0.29029566,-0.1575131
rhamnose_gL,all_known,raman_preprocessed_als_sg0_snv_area,als_sg0_snv_area,krr,"kernel=laplacian,alpha=0.01,gamma_scale=2.0,max_features=12,x_transform=l2,log_target=False",10,0.52590853,0.10678009,0.33034396,-0.16815484
rhamnose_gL,all_known,parafac_raman_fusion_als_sg2_snv,als_sg2_snv+parafac,krr,"kernel=laplacian,alpha=0.01,gamma_scale=1.0,max_features=48,x_transform=l2,log_target=True",10,0.52591833,0.12508657,0.30389906,-0.082244255
rhamnose_gL,all_known,parafac_raman_fusion_als_sg2_snv,als_sg2_snv+parafac,krr,"kernel=laplacian,alpha=0.1,gamma_scale=1.0,max_features=12,x_transform=l2,log_target=True",10,0.52600102,0.12727879,0.30320341,-0.083858732
rhamnose_gL,all_known,parafac_raman_fusion_als_sg2_snv,als_sg2_snv+parafac,krr,"kernel=laplacian,alpha=0.1,gamma_scale=1.0,max_features=12,x_transform=none,log_target=True",10,0.52607346,0.13422117,0.29783298,-0.07100147
rhamnose_gL,all_known,raman_preprocessed_als_sg0_snv_area,als_sg0_snv_area,krr,"kernel=rbf,alpha=0.1,gamma_scale=1.0,max_features=48,x_transform=l2,log_target=False",10,0.52609857,0.10627319,0.33894451,-0.1689623
rhamnose_gL,all_known,raman_preprocessed_als_sg0_snv_area,als_sg0_snv_area,weighted_knn,"k=5,metric=manhattan,max_features=48,x_transform=l2,log_target=True",10,0.52615212,0.11185404,0.28522333,-0.16111327
rhamnose_gL,all_known,parafac_raman_fusion_als_sg0_snv_area,als_sg0_snv_area+parafac,krr,"kernel=rbf,alpha=0.01,gamma_scale=2.0,max_features=192,x_transform=none,log_target=False",10,0.52639743,0.11050386,0.32253543,-0.10816985
rhamnose_gL,all_known,raman_preprocessed_als_sg2_snv,als_sg2_snv,krr,"kernel=rbf,alpha=0.1,gamma_scale=1.0,max_features=48,x_transform=none,log_target=True",10,0.52644723,0.10674057,0.30875976,-0.16050306
rhamnose_gL,all_known,parafac_raman_fusion_als_sg2_snv,als_sg2_snv+parafac,weighted_knn,"k=5,metric=manhattan,max_features=192,x_transform=l2,log_target=False",10,0.5264643,0.13054085,0.31408154,-0.080305859
rhamnose_gL,all_known,parafac_raman_fusion_als_sg0_snv_area,als_sg0_snv_area+parafac,krr,"kernel=laplacian,alpha=0.01,gamma_scale=1.0,max_features=12,x_transform=none,log_target=False",10,0.52660167,0.11176595,0.33412295,-0.12928602
rhamnose_gL,all_known,raman_preprocessed_als_sg0_snv_area,als_sg0_snv_area,krr,"kernel=rbf,alpha=0.1,gamma_scale=1.0,max_features=12,x_transform=none,log_target=True",10,0.52661143,0.11789987,0.3049831,-0.1690986
rhamnose_gL,all_known,raman_preprocessed_als_sg0_snv_area,als_sg0_snv_area,krr,"kernel=rbf,alpha=0.01,gamma_scale=2.0,max_features=48,x_transform=l2,log_target=False",10,0.52670657,0.11253685,0.32944436,-0.16689812
rhamnose_gL,all_known,parafac_raman_fusion_als_sg2_snv,als_sg2_snv+parafac,krr,"kernel=laplacian,alpha=0.01,gamma_scale=2.0,max_features=12,x_transform=l2,log_target=False",10,0.52680384,0.11936277,0.32550803,-0.094849926
rhamnose_gL,all_known,parafac_raman_fusion_als_sg2_snv,als_sg2_snv+parafac,krr,"kernel=laplacian,alpha=0.1,gamma_scale=1.0,max_features=48,x_transform=l2,log_target=False",10,0.52711922,0.11299179,0.33672918,-0.10494608
rhamnose_gL,all_known,parafac_raman_fusion_als_sg0_snv_area,als_sg0_snv_area+parafac,krr,"kernel=rbf,alpha=0.1,gamma_scale=2.0,max_features=192,x_transform=none,log_target=True",10,0.52716675,0.12439631,0.29191587,-0.086929982
rhamnose_gL,all_known,parafac_raman_fusion_als_sg0_snv_area,als_sg0_snv_area+parafac,krr,"kernel=laplacian,alpha=0.1,gamma_scale=2.0,max_features=12,x_transform=l2,log_target=False",10,0.52721029,0.10494579,0.32267487,-0.13006716
rhamnose_gL,all_known,parafac_raman_fusion_als_sg2_snv,als_sg2_snv+parafac,krr,"kernel=laplacian,alpha=0.01,gamma_scale=1.0,max_features=48,x_transform=none,log_target=False",10,0.52729517,0.11522188,0.33185658,-0.10498673
rhamnose_gL,all_known,raman_preprocessed_als_sg2_snv,als_sg2_snv,krr,"kernel=rbf,alpha=0.1,gamma_scale=1.0,max_features=48,x_transform=l2,log_target=True",10,0.52739716,0.10107777,0.3174723,-0.17160031
rhamnose_gL,all_known,raman_preprocessed_als_sg0_snv_area,als_sg0_snv_area,weighted_knn,"k=3,metric=manhattan,max_features=48,x_transform=l2,log_target=True",10,0.52751018,0.10863418,0.28318154,-0.17557055
rhamnose_gL,all_known,raman_preprocessed_als_sg0_snv_area,als_sg0_snv_area,krr,"kernel=rbf,alpha=0.01,gamma_scale=1.0,max_features=192,x_transform=none,log_target=True",10,0.52759165,0.11486667,0.3126833,-0.16005948
rhamnose_gL,all_known,parafac_raman_fusion_als_sg0_snv_area,als_sg0_snv_area+parafac,krr,"kernel=laplacian,alpha=0.1,gamma_scale=2.0,max_features=12,x_transform=l2,log_target=True",10,0.52759811,0.11784226,0.29924347,-0.10247307
rhamnose_gL,all_known,parafac_raman_fusion_als_sg2_snv,als_sg2_snv+parafac,weighted_knn,"k=5,metric=manhattan,max_features=192,x_transform=none,log_target=False",10,0.52762801,0.142021,0.30055205,-0.071346061
rhamnose_gL,all_known,parafac_raman_fusion_als_sg2_snv,als_sg2_snv+parafac,krr,"kernel=rbf,alpha=0.1,gamma_scale=2.0,max_features=48,x_transform=l2,log_target=False",10,0.52762918,0.11407384,0.33185912,-0.10614527
rhamnose_gL,all_known,raman_preprocessed_als_sg2_snv,als_sg2_snv,weighted_knn,"k=5,metric=manhattan,max_features=48,x_transform=none,log_target=False",10,0.52765896,0.11938548,0.30861271,-0.15465997
rhamnose_gL,all_known,parafac_raman_fusion_als_sg2_snv,als_sg2_snv+parafac,weighted_knn,"k=5,metric=manhattan,max_features=12,x_transform=l2,log_target=True",10,0.52776921,0.12798943,0.29820389,-0.084985809
rhamnose_gL,all_known,parafac_raman_fusion_als_sg2_snv,als_sg2_snv+parafac,krr,"kernel=laplacian,alpha=0.01,gamma_scale=1.0,max_features=12,x_transform=none,log_target=True",10,0.52778108,0.13428773,0.30006675,-0.078930344
rhamnose_gL,all_known,raman_preprocessed_als_sg2_snv,als_sg2_snv,weighted_knn,"k=5,metric=manhattan,max_features=12,x_transform=none,log_target=False",10,0.52781712,0.10909225,0.30272563,-0.17234941
rhamnose_gL,all_known,eem_parafac_scores,parafac_rank_selected,weighted_knn,"k=3,metric=correlation,max_features=12,x_transform=none,log_target=True",10,0.52794458,0.11546736,0.39563378,-0.10376556
rhamnose_gL,all_known,eem_parafac_scores,parafac_rank_selected,weighted_knn,"k=3,metric=correlation,max_features=12,x_transform=l2,log_target=True",10,0.52794458,0.11546736,0.39563378,-0.10376556
rhamnose_gL,all_known,eem_parafac_scores,parafac_rank_selected,weighted_knn,"k=3,metric=correlation,max_features=48,x_transform=none,log_target=True",10,0.52794458,0.11546736,0.39563378,-0.10376556
rhamnose_gL,all_known,eem_parafac_scores,parafac_rank_selected,weighted_knn,"k=3,metric=correlation,max_features=48,x_transform=l2,log_target=True",10,0.52794458,0.11546736,0.39563378,-0.10376556
rhamnose_gL,all_known,eem_parafac_scores,parafac_rank_selected,weighted_knn,"k=3,metric=correlation,max_features=192,x_transform=none,log_target=True",10,0.52794458,0.11546736,0.39563378,-0.10376556
rhamnose_gL,all_known,eem_parafac_scores,parafac_rank_selected,weighted_knn,"k=3,metric=correlation,max_features=192,x_transform=l2,log_target=True",10,0.52794458,0.11546736,0.39563378,-0.10376556
rhamnose_gL,all_known,parafac_raman_fusion_als_sg0_snv_area,als_sg0_snv_area+parafac,krr,"kernel=rbf,alpha=0.01,gamma_scale=1.0,max_features=192,x_transform=l2,log_target=False",10,0.52804214,0.090371409,0.35193953,-0.15863132
rhamnose_gL,all_known,raman_preprocessed_als_sg2_snv,als_sg2_snv,weighted_knn,"k=3,metric=manhattan,max_features=12,x_transform=none,log_target=True",10,0.52805574,0.11568646,0.29368074,-0.16692582
rhamnose_gL,all_known,parafac_raman_fusion_als_sg0_snv_area,als_sg0_snv_area+parafac,krr,"kernel=laplacian,alpha=0.1,gamma_scale=1.0,max_features=12,x_transform=l2,log_target=True",10,0.52806721,0.111167,0.30623663,-0.11727069
rhamnose_gL,all_known,parafac_raman_fusion_als_sg2_snv,als_sg2_snv+parafac,weighted_knn,"k=5,metric=correlation,max_features=48,x_transform=none,log_target=True",10,0.52813544,0.12454528,0.31220162,-0.099530416
rhamnose_gL,all_known,parafac_raman_fusion_als_sg2_snv,als_sg2_snv+parafac,weighted_knn,"k=5,metric=correlation,max_features=48,x_transform=l2,log_target=True",10,0.52813544,0.12454528,0.31220162,-0.099530416
rhamnose_gL,all_known,raman_preprocessed_als_sg2_snv,als_sg2_snv,krr,"kernel=rbf,alpha=0.1,gamma_scale=2.0,max_features=48,x_transform=none,log_target=False",10,0.5281988,0.11001337,0.32053198,-0.16548821
rhamnose_gL,all_known,parafac_raman_fusion_als_sg0_snv_area,als_sg0_snv_area+parafac,krr,"kernel=rbf,alpha=0.01,gamma_scale=2.0,max_features=192,x_transform=none,log_target=True",10,0.52821573,0.12298383,0.2943446,-0.09383262
rhamnose_gL,all_known,parafac_raman_fusion_als_sg0_snv_area,als_sg0_snv_area+parafac,weighted_knn,"k=5,metric=correlation,max_features=48,x_transform=none,log_target=False",10,0.52827774,0.10912437,0.30288585,-0.12762614
rhamnose_gL,all_known,parafac_raman_fusion_als_sg0_snv_area,als_sg0_snv_area+parafac,weighted_knn,"k=5,metric=correlation,max_features=48,x_transform=l2,log_target=False",10,0.52827774,0.10912437,0.30288585,-0.12762614
rhamnose_gL,all_known,parafac_raman_fusion_als_sg0_snv_area,als_sg0_snv_area+parafac,weighted_knn,"k=5,metric=correlation,max_features=12,x_transform=none,log_target=True",10,0.52853225,0.10813285,0.31146368,-0.13896895
rhamnose_gL,all_known,parafac_raman_fusion_als_sg0_snv_area,als_sg0_snv_area+parafac,weighted_knn,"k=5,metric=correlation,max_features=12,x_transform=l2,log_target=True",10,0.52853225,0.10813285,0.31146368,-0.13896895
rhamnose_gL,all_known,raman_preprocessed_als_sg2_snv,als_sg2_snv,krr,"kernel=laplacian,alpha=0.01,gamma_scale=1.0,max_features=48,x_transform=none,log_target=False",10,0.52860417,0.1090633,0.33460379,-0.1682411
rhamnose_gL,all_known,raman_preprocessed_als_sg2_snv,als_sg2_snv,weighted_knn,"k=5,metric=correlation,max_features=12,x_transform=none,log_target=True",10,0.52876288,0.10450636,0.3045176,-0.17790219
rhamnose_gL,all_known,raman_preprocessed_als_sg2_snv,als_sg2_snv,weighted_knn,"k=5,metric=correlation,max_features=12,x_transform=l2,log_target=True",10,0.52876288,0.10450636,0.3045176,-0.17790219
rhamnose_gL,all_known,eem_parafac_scores,parafac_rank_selected,weighted_knn,"k=3,metric=manhattan,max_features=12,x_transform=l2,log_target=True",10,0.52877122,0.1094013,0.32344312,-0.15865446
rhamnose_gL,all_known,eem_parafac_scores,parafac_rank_selected,weighted_knn,"k=3,metric=manhattan,max_features=48,x_transform=l2,log_target=True",10,0.52877122,0.1094013,0.32344312,-0.15865446
rhamnose_gL,all_known,eem_parafac_scores,parafac_rank_selected,weighted_knn,"k=3,metric=manhattan,max_features=192,x_transform=l2,log_target=True",10,0.52877122,0.1094013,0.32344312,-0.15865446
rhamnose_gL,all_known,raman_preprocessed_als_sg0_snv_area,als_sg0_snv_area,weighted_knn,"k=3,metric=manhattan,max_features=192,x_transform=none,log_target=True",10,0.52893632,0.11700556,0.29354676,-0.16612194
rhamnose_gL,all_known,parafac_raman_fusion_als_sg2_snv,als_sg2_snv+parafac,krr,"kernel=laplacian,alpha=0.01,gamma_scale=1.0,max_features=12,x_transform=l2,log_target=True",10,0.5290073,0.12616986,0.30628277,-0.10035638
rhamnose_gL,target_focused,eem_parafac_scores,parafac_rank_selected,krr,"kernel=rbf,alpha=0.01,gamma_scale=2.0,max_features=12,x_transform=none,log_target=True",10,0.52903102,0.13543951,0.36444206,-0.039431643
rhamnose_gL,target_focused,eem_parafac_scores,parafac_rank_selected,krr,"kernel=rbf,alpha=0.01,gamma_scale=2.0,max_features=48,x_transform=none,log_target=True",10,0.52903102,0.13543951,0.36444206,-0.039431643
rhamnose_gL,target_focused,eem_parafac_scores,parafac_rank_selected,krr,"kernel=rbf,alpha=0.01,gamma_scale=2.0,max_features=192,x_transform=none,log_target=True",10,0.52903102,0.13543951,0.36444206,-0.039431643
rhamnose_gL,all_known,parafac_raman_fusion_als_sg2_snv,als_sg2_snv+parafac,weighted_knn,"k=5,metric=manhattan,max_features=192,x_transform=none,log_target=True",10,0.52917022,0.14269266,0.28646566,-0.076490212
rhamnose_gL,all_known,parafac_raman_fusion_als_sg0_snv_area,als_sg0_snv_area+parafac,weighted_knn,"k=5,metric=manhattan,max_features=48,x_transform=none,log_target=True",10,0.52918701,0.1200805,0.2972143,-0.10813369
rhamnose_gL,all_known,parafac_raman_fusion_als_sg0_snv_area,als_sg0_snv_area+parafac,weighted_knn,"k=5,metric=manhattan,max_features=48,x_transform=none,log_target=False",10,0.52918995,0.11130026,0.31408193,-0.12666035
rhamnose_gL,all_known,parafac_raman_fusion_als_sg0_snv_area,als_sg0_snv_area+parafac,krr,"kernel=rbf,alpha=0.1,gamma_scale=1.0,max_features=192,x_transform=none,log_target=False",10,0.52920239,0.099010142,0.3450748,-0.14291653
rhamnose_gL,all_known,parafac_raman_fusion_als_sg0_snv_area,als_sg0_snv_area+parafac,krr,"kernel=rbf,alpha=0.01,gamma_scale=1.0,max_features=192,x_transform=none,log_target=True",10,0.52931666,0.11371542,0.31109083,-0.11475488
rhamnose_gL,all_known,raman_preprocessed_als_sg0_snv_area,als_sg0_snv_area,weighted_knn,"k=5,metric=correlation,max_features=48,x_transform=none,log_target=True",10,0.5293196,0.11331254,0.28950415,-0.1738893
rhamnose_gL,all_known,raman_preprocessed_als_sg0_snv_area,als_sg0_snv_area,weighted_knn,"k=5,metric=correlation,max_features=48,x_transform=l2,log_target=True",10,0.5293196,0.11331254,0.28950415,-0.1738893
rhamnose_gL,all_known,parafac_raman_fusion_als_sg2_snv,als_sg2_snv+parafac,weighted_knn,"k=5,metric=manhattan,max_features=48,x_transform=l2,log_target=True",10,0.52944327,0.1267258,0.30820058,-0.10099186
rhamnose_gL,all_known,raman_preprocessed_als_sg0_snv_area,als_sg0_snv_area,weighted_knn,"k=5,metric=manhattan,max_features=48,x_transform=none,log_target=False",10,0.52948679,0.10421245,0.31101493,-0.18205166
rhamnose_gL,all_known,parafac_raman_fusion_als_sg2_snv,als_sg2_snv+parafac,krr,"kernel=rbf,alpha=0.1,gamma_scale=1.0,max_features=48,x_transform=l2,log_target=True",10,0.52958486,0.12083257,0.31111483,-0.107357
rhamnose_gL,all_known,raman_preprocessed_als_sg0_snv_area,als_sg0_snv_area,weighted_knn,"k=5,metric=manhattan,max_features=192,x_transform=none,log_target=True",10,0.52962047,0.1153106,0.29835998,-0.16641668
rhamnose_gL,all_known,parafac_raman_fusion_als_sg0_snv_area,als_sg0_snv_area+parafac,krr,"kernel=laplacian,alpha=0.01,gamma_scale=2.0,max_features=12,x_transform=l2,log_target=True",10,0.52967114,0.11662128,0.30079053,-0.11440652
rhamnose_gL,all_known,parafac_raman_fusion_als_sg2_snv,als_sg2_snv+parafac,weighted_knn,"k=3,metric=manhattan,max_features=48,x_transform=l2,log_target=True",10,0.52971231,0.11812774,0.31681742,-0.12821584
rhamnose_gL,all_known,parafac_raman_fusion_als_sg2_snv,als_sg2_snv+parafac,weighted_knn,"k=5,metric=manhattan,max_features=48,x_transform=none,log_target=False",10,0.52989398,0.1374169,0.29946304,-0.088254325
rhamnose_gL,all_known,raman_preprocessed_als_sg2_snv,als_sg2_snv,krr,"kernel=laplacian,alpha=0.1,gamma_scale=1.0,max_features=48,x_transform=l2,log_target=False",10,0.53006659,0.1046633,0.34023785,-0.17951529
rhamnose_gL,all_known,raman_preprocessed_als_sg0_snv_area,als_sg0_snv_area,krr,"kernel=rbf,alpha=0.1,gamma_scale=1.0,max_features=192,x_transform=l2,log_target=False",10,0.53016614,0.10958506,0.34520681,-0.1806871
rhamnose_gL,all_known,eem_parafac_scores,parafac_rank_selected,krr,"kernel=laplacian,alpha=0.1,gamma_scale=1.0,max_features=12,x_transform=none,log_target=True",10,0.5302077,0.12550161,0.29740298,-0.10055484
rhamnose_gL,all_known,eem_parafac_scores,parafac_rank_selected,krr,"kernel=laplacian,alpha=0.1,gamma_scale=1.0,max_features=48,x_transform=none,log_target=True",10,0.5302077,0.12550161,0.29740298,-0.10055484
rhamnose_gL,all_known,eem_parafac_scores,parafac_rank_selected,krr,"kernel=laplacian,alpha=0.1,gamma_scale=1.0,max_features=192,x_transform=none,log_target=True",10,0.5302077,0.12550161,0.29740298,-0.10055484
rhamnose_gL,all_known,raman_preprocessed_als_sg2_snv,als_sg2_snv,krr,"kernel=rbf,alpha=0.1,gamma_scale=2.0,max_features=48,x_transform=l2,log_target=False",10,0.53031289,0.10192008,0.33623121,-0.18607306
rhamnose_gL,all_known,parafac_raman_fusion_als_sg0_snv_area,als_sg0_snv_area+parafac,krr,"kernel=laplacian,alpha=0.01,gamma_scale=2.0,max_features=12,x_transform=l2,log_target=False",10,0.53038251,0.10321223,0.32517185,-0.14903215
rhamnose_gL,all_known,raman_preprocessed_als_sg0_snv_area,als_sg0_snv_area,weighted_knn,"k=3,metric=manhattan,max_features=48,x_transform=l2,log_target=False",10,0.53041601,0.10442046,0.29279169,-0.21085923
rhamnose_gL,all_known,parafac_raman_fusion_als_sg0_snv_area,als_sg0_snv_area+parafac,weighted_knn,"k=5,metric=correlation,max_features=12,x_transform=none,log_target=False",10,0.53051045,0.10068324,0.32731834,-0.17581235
rhamnose_gL,all_known,parafac_raman_fusion_als_sg0_snv_area,als_sg0_snv_area+parafac,weighted_knn,"k=5,metric=correlation,max_features=12,x_transform=l2,log_target=False",10,0.53051045,0.10068324,0.32731834,-0.17581235
rhamnose_gL,all_known,parafac_raman_fusion_als_sg0_snv_area,als_sg0_snv_area+parafac,weighted_knn,"k=5,metric=correlation,max_features=48,x_transform=none,log_target=True",10,0.53057399,0.1181516,0.28959821,-0.11569998
rhamnose_gL,all_known,parafac_raman_fusion_als_sg0_snv_area,als_sg0_snv_area+parafac,weighted_knn,"k=5,metric=correlation,max_features=48,x_transform=l2,log_target=True",10,0.53057399,0.1181516,0.28959821,-0.11569998
rhamnose_gL,all_known,raman_preprocessed_als_sg2_snv,als_sg2_snv,krr,"kernel=rbf,alpha=0.01,gamma_scale=1.0,max_features=48,x_transform=none,log_target=True",10,0.53058347,0.1029052,0.31349219,-0.18448967
rhamnose_gL,all_known,raman_preprocessed_als_sg0_snv_area,als_sg0_snv_area,krr,"kernel=laplacian,alpha=0.1,gamma_scale=1.0,max_features=12,x_transform=l2,log_target=False",10,0.53082345,0.10283781,0.34385979,-0.19867028
rhamnose_gL,all_known,parafac_raman_fusion_als_sg2_snv,als_sg2_snv+parafac,krr,"kernel=laplacian,alpha=0.1,gamma_scale=1.0,max_features=12,x_transform=none,log_target=False",10,0.53089892,0.12537941,0.32959802,-0.10475433
rhamnose_gL,all_known,parafac_raman_fusion_als_sg0_snv_area,als_sg0_snv_area+parafac,krr,"kernel=rbf,alpha=0.1,gamma_scale=1.0,max_features=12,x_transform=none,log_target=True",10,0.53091722,0.11205193,0.31139905,-0.14062173
rhamnose_gL,all_known,parafac_raman_fusion_als_sg2_snv,als_sg2_snv+parafac,krr,"kernel=rbf,alpha=0.1,gamma_scale=1.0,max_features=48,x_transform=none,log_target=True",10,0.53102588,0.12760315,0.30397895,-0.10324952
rhamnose_gL,all_known,parafac_raman_fusion_als_sg2_snv,als_sg2_snv+parafac,weighted_knn,"k=5,metric=manhattan,max_features=48,x_transform=none,log_target=True",10,0.53103079,0.13923689,0.2859156,-0.090288438
rhamnose_gL,all_known,parafac_raman_fusion_als_sg2_snv,als_sg2_snv+parafac,krr,"kernel=rbf,alpha=0.01,gamma_scale=2.0,max_features=48,x_transform=l2,log_target=False",10,0.53105952,0.11121964,0.33590785,-0.12710359
rhamnose_gL,all_known,raman_preprocessed_als_sg2_snv,als_sg2_snv,krr,"kernel=laplacian,alpha=0.01,gamma_scale=1.0,max_features=12,x_transform=none,log_target=False",10,0.53126567,0.10601355,0.33702418,-0.19572905
rhamnose_gL,all_known,raman_preprocessed_als_sg0_snv_area,als_sg0_snv_area,weighted_knn,"k=5,metric=manhattan,max_features=48,x_transform=l2,log_target=False",10,0.5312966,0.10452728,0.30021356,-0.20167174
rhamnose_gL,all_known,parafac_raman_fusion_als_sg2_snv,als_sg2_snv+parafac,weighted_knn,"k=5,metric=manhattan,max_features=12,x_transform=l2,log_target=False",10,0.53135558,0.11558901,0.31659559,-0.12008843
rhamnose_gL,all_known,raman_preprocessed_als_sg2_snv,als_sg2_snv,krr,"kernel=rbf,alpha=0.1,gamma_scale=2.0,max_features=12,x_transform=l2,log_target=True",10,0.53150011,0.10239521,0.30436145,-0.19455673
rhamnose_gL,all_known,parafac_raman_fusion_als_sg2_snv,als_sg2_snv+parafac,krr,"kernel=rbf,alpha=0.1,gamma_scale=2.0,max_features=48,x_transform=none,log_target=True",10,0.53152221,0.13558325,0.29177272,-0.091406697
rhamnose_gL,all_known,raman_preprocessed_als_sg2_snv,als_sg2_snv,weighted_knn,"k=3,metric=manhattan,max_features=48,x_transform=none,log_target=True",10,0.5316043,0.12348542,0.2945506,-0.16802223
rhamnose_gL,all_known,parafac_raman_fusion_als_sg2_snv,als_sg2_snv+parafac,weighted_knn,"k=3,metric=correlation,max_features=192,x_transform=none,log_target=False",10,0.53164534,0.12924874,0.32641734,-0.11611998
rhamnose_gL,all_known,parafac_raman_fusion_als_sg2_snv,als_sg2_snv+parafac,weighted_knn,"k=3,metric=correlation,max_features=192,x_transform=l2,log_target=False",10,0.53164534,0.12924874,0.32641734,-0.11611998
rhamnose_gL,all_known,parafac_raman_fusion_als_sg2_snv,als_sg2_snv+parafac,krr,"kernel=laplacian,alpha=0.01,gamma_scale=1.0,max_features=48,x_transform=l2,log_target=False",10,0.53177223,0.10885102,0.34109494,-0.13440597
rhamnose_gL,all_known,raman_preprocessed_als_sg2_snv,als_sg2_snv,krr,"kernel=rbf,alpha=0.01,gamma_scale=2.0,max_features=48,x_transform=none,log_target=False",10,0.53182096,0.10803076,0.32524869,-0.18470649
rhamnose_gL,all_known,raman_preprocessed_als_sg0_snv_area,als_sg0_snv_area,weighted_knn,"k=5,metric=correlation,max_features=12,x_transform=none,log_target=True",10,0.53198174,0.11007228,0.30582103,-0.20006512
rhamnose_gL,all_known,raman_preprocessed_als_sg0_snv_area,als_sg0_snv_area,weighted_knn,"k=5,metric=correlation,max_features=12,x_transform=l2,log_target=True",10,0.53198174,0.11007228,0.30582103,-0.20006512
rhamnose_gL,all_known,raman_preprocessed_als_sg2_snv,als_sg2_snv,krr,"kernel=rbf,alpha=0.01,gamma_scale=1.0,max_features=48,x_transform=l2,log_target=True",10,0.53219624,0.09594878,0.32192708,-0.20049849
rhamnose_gL,all_known,raman_preprocessed_als_sg2_snv,als_sg2_snv,weighted_knn,"k=3,metric=manhattan,max_features=12,x_transform=none,log_target=False",10,0.53221349,0.11282301,0.30588524,-0.19311004
rhamnose_gL,all_known,raman_preprocessed_als_sg2_snv,als_sg2_snv,krr,"kernel=laplacian,alpha=0.1,gamma_scale=1.0,max_features=12,x_transform=l2,log_target=False",10,0.53236878,0.09113895,0.33745625,-0.22039522
rhamnose_gL,all_known,parafac_raman_fusion_als_sg2_snv,als_sg2_snv+parafac,krr,"kernel=rbf,alpha=0.01,gamma_scale=2.0,max_features=48,x_transform=none,log_target=True",10,0.53243363,0.13457361,0.29364209,-0.097124221
rhamnose_gL,all_known,raman_preprocessed_als_sg2_snv,als_sg2_snv,weighted_knn,"k=3,metric=manhattan,max_features=192,x_transform=none,log_target=True",10,0.53247021,0.11427786,0.29581086,-0.18330623
rhamnose_gL,all_known,raman_preprocessed_als_sg0_snv_area,als_sg0_snv_area,krr,"kernel=rbf,alpha=0.01,gamma_scale=1.0,max_features=48,x_transform=none,log_target=False",10,0.53260627,0.10060429,0.34745141,-0.21125734
rhamnose_gL,all_known,raman_preprocessed_als_sg2_snv,als_sg2_snv,weighted_knn,"k=5,metric=manhattan,max_features=12,x_transform=l2,log_target=True",10,0.53262533,0.09779567,0.31268887,-0.20656195
rhamnose_gL,all_known,parafac_raman_fusion_als_sg0_snv_area,als_sg0_snv_area+parafac,krr,"kernel=laplacian,alpha=0.1,gamma_scale=1.0,max_features=12,x_transform=l2,log_target=False",10,0.53275359,0.095365953,0.33991722,-0.17876011
rhamnose_gL,all_known,raman_preprocessed_als_sg0_snv_area,als_sg0_snv_area,weighted_knn,"k=5,metric=manhattan,max_features=192,x_transform=l2,log_target=False",10,0.53303368,0.10676549,0.30869231,-0.19645137
rhamnose_gL,all_known,parafac_raman_fusion_als_sg0_snv_area,als_sg0_snv_area+parafac,krr,"kernel=laplacian,alpha=0.01,gamma_scale=1.0,max_features=12,x_transform=l2,log_target=True",10,0.53308262,0.10918705,0.30963892,-0.14459089
rhamnose_gL,all_known,parafac_raman_fusion_als_sg2_snv,als_sg2_snv+parafac,weighted_knn,"k=5,metric=manhattan,max_features=12,x_transform=none,log_target=False",10,0.53310491,0.12886407,0.30206004,-0.10571813
rhamnose_gL,all_known,parafac_raman_fusion_als_sg2_snv,als_sg2_snv+parafac,krr,"kernel=rbf,alpha=0.1,gamma_scale=2.0,max_features=48,x_transform=none,log_target=False",10,0.53310599,0.12795881,0.31870875,-0.10891934
rhamnose_gL,all_known,raman_preprocessed_als_sg0_snv_area,als_sg0_snv_area,weighted_knn,"k=5,metric=correlation,max_features=192,x_transform=none,log_target=True",10,0.53325217,0.11486198,0.29476877,-0.1846476
rhamnose_gL,all_known,raman_preprocessed_als_sg0_snv_area,als_sg0_snv_area,weighted_knn,"k=5,metric=correlation,max_features=192,x_transform=l2,log_target=True",10,0.53325217,0.11486198,0.29476877,-0.1846476
rhamnose_gL,all_known,parafac_raman_fusion_als_sg2_snv,als_sg2_snv+parafac,krr,"kernel=rbf,alpha=0.01,gamma_scale=1.0,max_features=48,x_transform=l2,log_target=True",10,0.53349798,0.11784687,0.31540303,-0.13302899
rhamnose_gL,all_known,parafac_raman_fusion_als_sg0_snv_area,als_sg0_snv_area+parafac,weighted_knn,"k=5,metric=manhattan,max_features=12,x_transform=none,log_target=True",10,0.53355549,0.12535053,0.29677428,-0.11805495
rhamnose_gL,all_known,parafac_raman_fusion_als_sg2_snv,als_sg2_snv+parafac,weighted_knn,"k=5,metric=manhattan,max_features=12,x_transform=none,log_target=True",10,0.53357768,0.13480434,0.28995397,-0.10084075
rhamnose_gL,all_known,eem_parafac_scores,parafac_rank_selected,krr,"kernel=laplacian,alpha=0.1,gamma_scale=1.0,max_features=12,x_transform=none,log_target=False",10,0.53385964,0.1172893,0.31484349,-0.13029066
rhamnose_gL,all_known,eem_parafac_scores,parafac_rank_selected,krr,"kernel=laplacian,alpha=0.1,gamma_scale=1.0,max_features=48,x_transform=none,log_target=False",10,0.53385964,0.1172893,0.31484349,-0.13029066
rhamnose_gL,all_known,eem_parafac_scores,parafac_rank_selected,krr,"kernel=laplacian,alpha=0.1,gamma_scale=1.0,max_features=192,x_transform=none,log_target=False",10,0.53385964,0.1172893,0.31484349,-0.13029066
rhamnose_gL,all_known,parafac_raman_fusion_als_sg2_snv,als_sg2_snv+parafac,krr,"kernel=rbf,alpha=0.01,gamma_scale=1.0,max_features=48,x_transform=none,log_target=True",10,0.53424671,0.12549343,0.30779396,-0.12329936
rhamnose_gL,all_known,raman_preprocessed_als_sg0_snv_area,als_sg0_snv_area,weighted_knn,"k=3,metric=manhattan,max_features=192,x_transform=l2,log_target=True",10,0.53432737,0.11009263,0.29283512,-0.19777895
rhamnose_gL,all_known,raman_preprocessed_als_sg2_snv,als_sg2_snv,krr,"kernel=rbf,alpha=0.1,gamma_scale=1.0,max_features=12,x_transform=l2,log_target=True",10,0.53467828,0.10160213,0.31008111,-0.21305484
rhamnose_gL,all_known,parafac_raman_fusion_als_sg0_snv_area,als_sg0_snv_area+parafac,weighted_knn,"k=5,metric=manhattan,max_features=12,x_transform=none,log_target=False",10,0.53470798,0.11897936,0.31215797,-0.13516031
rhamnose_gL,all_known,raman_preprocessed_als_sg0_snv_area,als_sg0_snv_area,weighted_knn,"k=5,metric=correlation,max_features=48,x_transform=none,log_target=False",10,0.53490178,0.10503698,0.30416106,-0.21582823
rhamnose_gL,all_known,raman_preprocessed_als_sg0_snv_area,als_sg0_snv_area,weighted_knn,"k=5,metric=correlation,max_features=48,x_transform=l2,log_target=False",10,0.53490178,0.10503698,0.30416106,-0.21582823
rhamnose_gL,all_known,parafac_raman_fusion_als_sg2_snv,als_sg2_snv+parafac,krr,"kernel=rbf,alpha=0.1,gamma_scale=1.0,max_features=12,x_transform=l2,log_target=True",10,0.53493946,0.12968933,0.31068681,-0.11520441
rhamnose_gL,all_known,raman_preprocessed_als_sg0_snv_area,als_sg0_snv_area,weighted_knn,"k=3,metric=manhattan,max_features=48,x_transform=none,log_target=True",10,0.53499704,0.11301219,0.30112604,-0.19657086
rhamnose_gL,all_known,raman_preprocessed_als_sg2_snv,als_sg2_snv,krr,"kernel=rbf,alpha=0.1,gamma_scale=2.0,max_features=12,x_transform=none,log_target=False",10,0.53500166,0.10868618,0.31972153,-0.20217076
rhamnose_gL,all_known,raman_preprocessed_als_sg2_snv,als_sg2_snv,krr,"kernel=rbf,alpha=0.01,gamma_scale=2.0,max_features=48,x_transform=l2,log_target=False",10,0.53502178,0.099283759,0.34078863,-0.211993
rhamnose_gL,target_focused,eem_parafac_scores,parafac_rank_selected,krr,"kernel=rbf,alpha=0.01,gamma_scale=1.0,max_features=12,x_transform=none,log_target=False",10,0.53522415,0.29335446,0.37839564,-0.23776077
rhamnose_gL,target_focused,eem_parafac_scores,parafac_rank_selected,krr,"kernel=rbf,alpha=0.01,gamma_scale=1.0,max_features=48,x_transform=none,log_target=False",10,0.53522415,0.29335446,0.37839564,-0.23776077
rhamnose_gL,target_focused,eem_parafac_scores,parafac_rank_selected,krr,"kernel=rbf,alpha=0.01,gamma_scale=1.0,max_features=192,x_transform=none,log_target=False",10,0.53522415,0.29335446,0.37839564,-0.23776077
rhamnose_gL,all_known,parafac_raman_fusion_als_sg2_snv,als_sg2_snv+parafac,krr,"kernel=rbf,alpha=0.1,gamma_scale=1.0,max_features=12,x_transform=none,log_target=True",10,0.53581163,0.13860936,0.30105481,-0.1076696
rhamnose_gL,all_known,raman_preprocessed_als_sg2_snv,als_sg2_snv,weighted_knn,"k=3,metric=manhattan,max_features=192,x_transform=none,log_target=False",10,0.53582297,0.11063783,0.30580505,-0.20419985
rhamnose_gL,all_known,parafac_raman_fusion_als_sg2_snv,als_sg2_snv+parafac,krr,"kernel=laplacian,alpha=0.01,gamma_scale=1.0,max_features=12,x_transform=none,log_target=False",10,0.53582815,0.12445876,0.33630629,-0.12848488
rhamnose_gL,all_known,raman_preprocessed_als_sg2_snv,als_sg2_snv,krr,"kernel=rbf,alpha=0.01,gamma_scale=1.0,max_features=12,x_transform=none,log_target=True",10,0.53583143,0.11176645,0.31143871,-0.20218894
rhamnose_gL,all_known,parafac_raman_fusion_als_sg0_snv_area,als_sg0_snv_area+parafac,krr,"kernel=rbf,alpha=0.1,gamma_scale=1.0,max_features=12,x_transform=l2,log_target=True",10,0.53584642,0.10130081,0.3211568,-0.184814
rhamnose_gL,all_known,parafac_raman_fusion_als_sg2_snv,als_sg2_snv+parafac,krr,"kernel=rbf,alpha=0.01,gamma_scale=2.0,max_features=48,x_transform=none,log_target=False",10,0.53592054,0.12596294,0.32300922,-0.12509077
rhamnose_gL,all_known,parafac_raman_fusion_als_sg2_snv,als_sg2_snv+parafac,krr,"kernel=rbf,alpha=0.1,gamma_scale=2.0,max_features=12,x_transform=l2,log_target=True",10,0.53603194,0.1337072,0.30631074,-0.11378471
rhamnose_gL,all_known,parafac_raman_fusion_als_sg2_snv,als_sg2_snv+parafac,krr,"kernel=laplacian,alpha=0.1,gamma_scale=1.0,max_features=12,x_transform=l2,log_target=False",10,0.53613346,0.11024464,0.34473584,-0.15590218
rhamnose_gL,all_known,raman_preprocessed_als_sg0_snv_area,als_sg0_snv_area,krr,"kernel=rbf,alpha=0.1,gamma_scale=1.0,max_features=192,x_transform=none,log_target=False",10,0.53621797,0.10719932,0.34910097,-0.21258978
rhamnose_gL,all_known,raman_preprocessed_als_sg2_snv,als_sg2_snv,krr,"kernel=laplacian,alpha=0.01,gamma_scale=1.0,max_features=48,x_transform=l2,log_target=False",10,0.53686122,0.1017868,0.347029,-0.21501166
rhamnose_gL,all_known,parafac_raman_fusion_als_sg2_snv,als_sg2_snv+parafac,krr,"kernel=rbf,alpha=0.1,gamma_scale=2.0,max_features=12,x_transform=none,log_target=True",10,0.53686568,0.14605502,0.29200255,-0.1044374
rhamnose_gL,all_known,parafac_raman_fusion_als_sg0_snv_area,als_sg0_snv_area+parafac,weighted_knn,"k=3,metric=manhattan,max_features=12,x_transform=none,log_target=True",10,0.53690571,0.12738932,0.29973471,-0.13473525
rhamnose_gL,all_known,raman_preprocessed_als_sg0_snv_area,als_sg0_snv_area,krr,"kernel=rbf,alpha=0.1,gamma_scale=1.0,max_features=12,x_transform=l2,log_target=True",10,0.53725968,0.10753574,0.31791704,-0.23334878
rhamnose_gL,all_known,parafac_raman_fusion_als_sg0_snv_area,als_sg0_snv_area+parafac,krr,"kernel=rbf,alpha=0.1,gamma_scale=1.0,max_features=12,x_transform=none,log_target=False",10,0.53727649,0.099809813,0.34443442,-0.20268229
rhamnose_gL,all_known,parafac_raman_fusion_als_sg0_snv_area,als_sg0_snv_area+parafac,weighted_knn,"k=3,metric=correlation,max_features=12,x_transform=none,log_target=True",10,0.53748649,0.088997193,0.31447019,-0.21763816
rhamnose_gL,all_known,parafac_raman_fusion_als_sg0_snv_area,als_sg0_snv_area+parafac,weighted_knn,"k=3,metric=correlation,max_features=12,x_transform=l2,log_target=True",10,0.53748649,0.088997193,0.31447019,-0.21763816
rhamnose_gL,all_known,raman_preprocessed_als_sg2_snv,als_sg2_snv,weighted_knn,"k=3,metric=manhattan,max_features=48,x_transform=none,log_target=False",10,0.53750602,0.12118066,0.31022543,-0.19786357
rhamnose_gL,all_known,parafac_raman_fusion_als_sg0_snv_area,als_sg0_snv_area+parafac,weighted_knn,"k=5,metric=manhattan,max_features=192,x_transform=l2,log_target=True",10,0.5376939,0.11633149,0.29517158,-0.15172935
rhamnose_gL,all_known,raman_preprocessed_als_sg0_snv_area,als_sg0_snv_area,weighted_knn,"k=5,metric=manhattan,max_features=12,x_transform=none,log_target=True",10,0.53799809,0.11037571,0.3053797,-0.21574137
rhamnose_gL,all_known,parafac_raman_fusion_als_sg2_snv,als_sg2_snv+parafac,weighted_knn,"k=3,metric=manhattan,max_features=192,x_transform=none,log_target=True",10,0.53805352,0.14090244,0.29725414,-0.11862324
rhamnose_gL,all_known,parafac_raman_fusion_als_sg0_snv_area,als_sg0_snv_area+parafac,krr,"kernel=rbf,alpha=0.01,gamma_scale=1.0,max_features=192,x_transform=none,log_target=False",10,0.53810297,0.093851836,0.35894019,-0.19449008
rhamnose_gL,all_known,raman_preprocessed_als_sg0_snv_area,als_sg0_snv_area,weighted_knn,"k=5,metric=manhattan,max_features=192,x_transform=none,log_target=False",10,0.53823343,0.11032652,0.319215,-0.21240914
rhamnose_gL,all_known,raman_preprocessed_als_sg0_snv_area,als_sg0_snv_area,krr,"kernel=rbf,alpha=0.1,gamma_scale=2.0,max_features=12,x_transform=l2,log_target=True",10,0.53830208,0.10968624,0.31464258,-0.23541484
rhamnose_gL,all_known,raman_preprocessed_als_sg0_snv_area,als_sg0_snv_area,krr,"kernel=rbf,alpha=0.1,gamma_scale=2.0,max_features=12,x_transform=none,log_target=False",10,0.53830281,0.11659037,0.33505961,-0.2302664
rhamnose_gL,all_known,parafac_raman_fusion_als_sg0_snv_area,als_sg0_snv_area+parafac,weighted_knn,"k=5,metric=manhattan,max_features=12,x_transform=l2,log_target=True",10,0.53862978,0.10945163,0.30385318,-0.16826238
rhamnose_gL,all_known,parafac_raman_fusion_als_sg0_snv_area,als_sg0_snv_area+parafac,krr,"kernel=rbf,alpha=0.1,gamma_scale=2.0,max_features=12,x_transform=none,log_target=True",10,0.53866873,0.11803381,0.31374393,-0.16474831
rhamnose_gL,all_known,raman_preprocessed_als_sg0_snv_area,als_sg0_snv_area,weighted_knn,"k=5,metric=manhattan,max_features=12,x_transform=l2,log_target=True",10,0.53872832,0.11452663,0.30132304,-0.2162847
rhamnose_gL,all_known,raman_preprocessed_als_sg2_snv,als_sg2_snv,weighted_knn,"k=5,metric=manhattan,max_features=48,x_transform=l2,log_target=True",10,0.5387339,0.10660405,0.31907039,-0.22439553
rhamnose_gL,all_known,parafac_raman_fusion_als_sg2_snv,als_sg2_snv+parafac,weighted_knn,"k=5,metric=manhattan,max_features=48,x_transform=l2,log_target=False",10,0.53878632,0.11709928,0.33299817,-0.16013984
rhamnose_gL,all_known,parafac_raman_fusion_als_sg0_snv_area,als_sg0_snv_area+parafac,weighted_knn,"k=3,metric=manhattan,max_features=48,x_transform=none,log_target=True",10,0.53881517,0.12274062,0.30144229,-0.14944777
rhamnose_gL,all_known,parafac_raman_fusion_als_sg2_snv,als_sg2_snv+parafac,weighted_knn,"k=5,metric=correlation,max_features=12,x_transform=none,log_target=True",10,0.53908609,0.13346354,0.30362166,-0.12968174
rhamnose_gL,all_known,parafac_raman_fusion_als_sg2_snv,als_sg2_snv+parafac,weighted_knn,"k=5,metric=correlation,max_features=12,x_transform=l2,log_target=True",10,0.53908609,0.13346354,0.30362166,-0.12968174
rhamnose_gL,all_known,eem_parafac_scores,parafac_rank_selected,weighted_knn,"k=3,metric=manhattan,max_features=12,x_transform=l2,log_target=False",10,0.53942169,0.11346111,0.34873423,-0.28086832
rhamnose_gL,all_known,eem_parafac_scores,parafac_rank_selected,weighted_knn,"k=3,metric=manhattan,max_features=48,x_transform=l2,log_target=False",10,0.53942169,0.11346111,0.34873423,-0.28086832
rhamnose_gL,all_known,eem_parafac_scores,parafac_rank_selected,weighted_knn,"k=3,metric=manhattan,max_features=192,x_transform=l2,log_target=False",10,0.53942169,0.11346111,0.34873423,-0.28086832
rhamnose_gL,all_known,parafac_raman_fusion_als_sg2_snv,als_sg2_snv+parafac,weighted_knn,"k=5,metric=correlation,max_features=48,x_transform=none,log_target=False",10,0.53964209,0.11472955,0.33669924,-0.16863213
rhamnose_gL,all_known,parafac_raman_fusion_als_sg2_snv,als_sg2_snv+parafac,weighted_knn,"k=5,metric=correlation,max_features=48,x_transform=l2,log_target=False",10,0.53964209,0.11472955,0.33669924,-0.16863213
rhamnose_gL,all_known,parafac_raman_fusion_als_sg0_snv_area,als_sg0_snv_area+parafac,weighted_knn,"k=3,metric=manhattan,max_features=12,x_transform=none,log_target=False",10,0.53966791,0.12258661,0.31163356,-0.15743786
rhamnose_gL,all_known,parafac_raman_fusion_als_sg0_snv_area,als_sg0_snv_area+parafac,weighted_knn,"k=3,metric=correlation,max_features=48,x_transform=l2,log_target=True",10,0.53990166,0.1100052,0.29395091,-0.17668719
rhamnose_gL,all_known,parafac_raman_fusion_als_sg0_snv_area,als_sg0_snv_area+parafac,weighted_knn,"k=3,metric=correlation,max_features=48,x_transform=none,log_target=True",10,0.53990166,0.1100052,0.29395091,-0.17668719
rhamnose_gL,all_known,raman_preprocessed_als_sg0_snv_area,als_sg0_snv_area,weighted_knn,"k=3,metric=manhattan,max_features=48,x_transform=none,log_target=False",10,0.54030998,0.11004907,0.31254799,-0.22686784
rhamnose_gL,all_known,raman_preprocessed_als_sg2_snv,als_sg2_snv,krr,"kernel=rbf,alpha=0.01,gamma_scale=2.0,max_features=12,x_transform=l2,log_target=True",10,0.5405211,0.097138721,0.31194984,-0.24603828
rhamnose_gL,all_known,raman_preprocessed_als_sg0_snv_area,als_sg0_snv_area,krr,"kernel=rbf,alpha=0.01,gamma_scale=1.0,max_features=48,x_transform=l2,log_target=False",10,0.54085174,0.10543774,0.35562379,-0.24569535
rhamnose_gL,all_known,parafac_raman_fusion_als_sg0_snv_area,als_sg0_snv_area+parafac,weighted_knn,"k=5,metric=manhattan,max_features=12,x_transform=l2,log_target=False",10,0.540895,0.1004961,0.3191365,-0.20108393
rhamnose_gL,all_known,parafac_raman_fusion_als_sg0_snv_area,als_sg0_snv_area+parafac,weighted_knn,"k=3,metric=correlation,max_features=48,x_transform=none,log_target=False",10,0.54095498,0.099992758,0.3051722,-0.20823851
rhamnose_gL,all_known,parafac_raman_fusion_als_sg0_snv_area,als_sg0_snv_area+parafac,weighted_knn,"k=3,metric=correlation,max_features=48,x_transform=l2,log_target=False",10,0.54095498,0.099992758,0.3051722,-0.20823851
rhamnose_gL,all_known,raman_preprocessed_als_sg0_snv_area,als_sg0_snv_area,krr,"kernel=laplacian,alpha=0.01,gamma_scale=1.0,max_features=12,x_transform=l2,log_target=False",10,0.54102005,0.099702853,0.35312297,-0.25495376
rhamnose_gL,all_known,parafac_raman_fusion_als_sg0_snv_area,als_sg0_snv_area+parafac,krr,"kernel=laplacian,alpha=0.01,gamma_scale=1.0,max_features=12,x_transform=l2,log_target=False",10,0.54104198,0.092674411,0.34647586,-0.22533768
rhamnose_gL,all_known,parafac_raman_fusion_als_sg2_snv,als_sg2_snv+parafac,weighted_knn,"k=3,metric=manhattan,max_features=192,x_transform=none,log_target=False",10,0.54111604,0.13716913,0.30999175,-0.13699439
rhamnose_gL,all_known,parafac_raman_fusion_als_sg0_snv_area,als_sg0_snv_area+parafac,krr,"kernel=rbf,alpha=0.1,gamma_scale=2.0,max_features=12,x_transform=l2,log_target=True",10,0.54144802,0.10751043,0.32043356,-0.20303082
rhamnose_gL,all_known,raman_preprocessed_als_sg2_snv,als_sg2_snv,krr,"kernel=laplacian,alpha=0.01,gamma_scale=1.0,max_features=12,x_transform=l2,log_target=False",10,0.54160421,0.087290431,0.34524239,-0.27338201
rhamnose_gL,all_known,eem_parafac_scores,parafac_rank_selected,weighted_knn,"k=3,metric=correlation,max_features=12,x_transform=none,log_target=False",10,0.54165341,0.10544324,0.42704054,-0.18509329
rhamnose_gL,all_known,eem_parafac_scores,parafac_rank_selected,weighted_knn,"k=3,metric=correlation,max_features=12,x_transform=l2,log_target=False",10,0.54165341,0.10544324,0.42704054,-0.18509329
rhamnose_gL,all_known,eem_parafac_scores,parafac_rank_selected,weighted_knn,"k=3,metric=correlation,max_features=48,x_transform=none,log_target=False",10,0.54165341,0.10544324,0.42704054,-0.18509329
rhamnose_gL,all_known,eem_parafac_scores,parafac_rank_selected,weighted_knn,"k=3,metric=correlation,max_features=48,x_transform=l2,log_target=False",10,0.54165341,0.10544324,0.42704054,-0.18509329
rhamnose_gL,all_known,eem_parafac_scores,parafac_rank_selected,weighted_knn,"k=3,metric=correlation,max_features=192,x_transform=none,log_target=False",10,0.54165341,0.10544324,0.42704054,-0.18509329
rhamnose_gL,all_known,eem_parafac_scores,parafac_rank_selected,weighted_knn,"k=3,metric=correlation,max_features=192,x_transform=l2,log_target=False",10,0.54165341,0.10544324,0.42704054,-0.18509329
rhamnose_gL,all_known,parafac_raman_fusion_als_sg2_snv,als_sg2_snv+parafac,weighted_knn,"k=3,metric=manhattan,max_features=48,x_transform=none,log_target=True",10,0.54176836,0.13102547,0.29486809,-0.14791042
rhamnose_gL,all_known,parafac_raman_fusion_als_sg0_snv_area,als_sg0_snv_area+parafac,weighted_knn,"k=5,metric=manhattan,max_features=192,x_transform=l2,log_target=False",10,0.54213002,0.10819339,0.3121765,-0.19604595
rhamnose_gL,all_known,raman_preprocessed_als_sg0_snv_area,als_sg0_snv_area,weighted_knn,"k=3,metric=manhattan,max_features=192,x_transform=none,log_target=False",10,0.54224362,0.11096575,0.31224861,-0.23480822
rhamnose_gL,all_known,raman_preprocessed_als_sg2_snv,als_sg2_snv,weighted_knn,"k=5,metric=correlation,max_features=48,x_transform=none,log_target=True",10,0.54250922,0.11043334,0.32453889,-0.23583909
rhamnose_gL,all_known,raman_preprocessed_als_sg2_snv,als_sg2_snv,weighted_knn,"k=5,metric=correlation,max_features=48,x_transform=l2,log_target=True",10,0.54250922,0.11043334,0.32453889,-0.23583909
rhamnose_gL,all_known,parafac_raman_fusion_als_sg2_snv,als_sg2_snv+parafac,krr,"kernel=rbf,alpha=0.1,gamma_scale=1.0,max_features=48,x_transform=none,log_target=False",10,0.54274401,0.11303111,0.34409953,-0.18026365
rhamnose_gL,all_known,parafac_raman_fusion_als_sg0_snv_area,als_sg0_snv_area+parafac,weighted_knn,"k=5,metric=manhattan,max_features=192,x_transform=none,log_target=True",10,0.54287355,0.12442787,0.29626774,-0.16465366
rhamnose_gL,all_known,raman_preprocessed_als_sg0_snv_area,als_sg0_snv_area,weighted_knn,"k=5,metric=correlation,max_features=192,x_transform=none,log_target=False",10,0.54300452,0.11132821,0.31350559,-0.23517444
rhamnose_gL,all_known,raman_preprocessed_als_sg0_snv_area,als_sg0_snv_area,weighted_knn,"k=5,metric=correlation,max_features=192,x_transform=l2,log_target=False",10,0.54300452,0.11132821,0.31350559,-0.23517444
rhamnose_gL,all_known,raman_preprocessed_als_sg0_snv_area,als_sg0_snv_area,weighted_knn,"k=5,metric=correlation,max_features=12,x_transform=none,log_target=False",10,0.54355751,0.10399438,0.3275496,-0.28284878
rhamnose_gL,all_known,raman_preprocessed_als_sg0_snv_area,als_sg0_snv_area,weighted_knn,"k=5,metric=correlation,max_features=12,x_transform=l2,log_target=False",10,0.54355751,0.10399438,0.3275496,-0.28284878
rhamnose_gL,all_known,parafac_raman_fusion_als_sg0_snv_area,als_sg0_snv_area+parafac,weighted_knn,"k=3,metric=manhattan,max_features=48,x_transform=none,log_target=False",10,0.54356197,0.11362909,0.31627541,-0.19550035
rhamnose_gL,all_known,parafac_raman_fusion_als_sg2_snv,als_sg2_snv+parafac,krr,"kernel=laplacian,alpha=0.01,gamma_scale=1.0,max_features=12,x_transform=l2,log_target=False",10,0.54372851,0.10704129,0.3533265,-0.19928858
rhamnose_gL,all_known,parafac_raman_fusion_als_sg2_snv,als_sg2_snv+parafac,weighted_knn,"k=3,metric=manhattan,max_features=48,x_transform=none,log_target=False",10,0.54405611,0.12820107,0.3078899,-0.16414426
rhamnose_gL,all_known,parafac_raman_fusion_als_sg2_snv,als_sg2_snv+parafac,krr,"kernel=rbf,alpha=0.01,gamma_scale=2.0,max_features=12,x_transform=none,log_target=True",10,0.54415151,0.14903106,0.30048628,-0.13348443
rhamnose_gL,all_known,parafac_raman_fusion_als_sg0_snv_area,als_sg0_snv_area+parafac,weighted_knn,"k=5,metric=correlation,max_features=192,x_transform=l2,log_target=True",10,0.54429397,0.11980761,0.29530186,-0.1710533
rhamnose_gL,all_known,parafac_raman_fusion_als_sg0_snv_area,als_sg0_snv_area+parafac,weighted_knn,"k=5,metric=correlation,max_features=192,x_transform=none,log_target=True",10,0.54429397,0.11980761,0.29530186,-0.1710533
rhamnose_gL,all_known,raman_preprocessed_als_sg2_snv,als_sg2_snv,krr,"kernel=rbf,alpha=0.1,gamma_scale=1.0,max_features=48,x_transform=none,log_target=False",10,0.5443575,0.097293649,0.35000708,-0.25790452
rhamnose_gL,all_known,raman_preprocessed_als_sg2_snv,als_sg2_snv,krr,"kernel=rbf,alpha=0.1,gamma_scale=1.0,max_features=12,x_transform=none,log_target=False",10,0.54439346,0.10830476,0.33542329,-0.25475368
rhamnose_gL,all_known,parafac_raman_fusion_als_sg0_snv_area,als_sg0_snv_area+parafac,weighted_knn,"k=3,metric=correlation,max_features=12,x_transform=none,log_target=False",10,0.54447744,0.079740344,0.32837638,-0.28831314
rhamnose_gL,all_known,parafac_raman_fusion_als_sg0_snv_area,als_sg0_snv_area+parafac,weighted_knn,"k=3,metric=correlation,max_features=12,x_transform=l2,log_target=False",10,0.54447744,0.079740344,0.32837638,-0.28831314
rhamnose_gL,all_known,parafac_raman_fusion_als_sg2_snv,als_sg2_snv+parafac,weighted_knn,"k=3,metric=correlation,max_features=48,x_transform=none,log_target=True",10,0.54541912,0.12598618,0.31952539,-0.17865901
rhamnose_gL,all_known,parafac_raman_fusion_als_sg2_snv,als_sg2_snv+parafac,weighted_knn,"k=3,metric=correlation,max_features=48,x_transform=l2,log_target=True",10,0.54541912,0.12598618,0.31952539,-0.17865901
rhamnose_gL,all_known,parafac_raman_fusion_als_sg2_snv,als_sg2_snv+parafac,krr,"kernel=rbf,alpha=0.1,gamma_scale=1.0,max_features=48,x_transform=l2,log_target=False",10,0.54543349,0.099859112,0.35670339,-0.21692853
rhamnose_gL,all_known,parafac_raman_fusion_als_sg2_snv,als_sg2_snv+parafac,krr,"kernel=rbf,alpha=0.1,gamma_scale=2.0,max_features=12,x_transform=none,log_target=False",10,0.54560849,0.13794468,0.32377409,-0.15309418
rhamnose_gL,all_known,raman_preprocessed_als_sg0_snv_area,als_sg0_snv_area,krr,"kernel=rbf,alpha=0.01,gamma_scale=1.0,max_features=12,x_transform=none,log_target=True",10,0.5458519,0.11410696,0.32249753,-0.3056472
rhamnose_gL,all_known,parafac_raman_fusion_als_sg2_snv,als_sg2_snv+parafac,weighted_knn,"k=3,metric=manhattan,max_features=48,x_transform=l2,log_target=False",10,0.54595272,0.10534829,0.33871318,-0.2302169
rhamnose_gL,all_known,parafac_raman_fusion_als_sg0_snv_area,als_sg0_snv_area+parafac,krr,"kernel=rbf,alpha=0.1,gamma_scale=2.0,max_features=12,x_transform=none,log_target=False",10,0.54634299,0.10604366,0.3465299,-0.22955925
rhamnose_gL,all_known,parafac_raman_fusion_als_sg2_snv,als_sg2_snv+parafac,weighted_knn,"k=3,metric=manhattan,max_features=12,x_transform=none,log_target=True",10,0.54645352,0.12921122,0.29927696,-0.16595481
rhamnose_gL,all_known,raman_preprocessed_als_sg0_snv_area,als_sg0_snv_area,weighted_knn,"k=3,metric=manhattan,max_features=12,x_transform=l2,log_target=True",10,0.54679534,0.11417408,0.30764594,-0.26294216
rhamnose_gL,all_known,eem_parafac_scores,parafac_rank_selected,krr,"kernel=laplacian,alpha=0.1,gamma_scale=2.0,max_features=12,x_transform=none,log_target=True",10,0.54679917,0.12397432,0.30207262,-0.17512679
rhamnose_gL,all_known,eem_parafac_scores,parafac_rank_selected,krr,"kernel=laplacian,alpha=0.1,gamma_scale=2.0,max_features=48,x_transform=none,log_target=True",10,0.54679917,0.12397432,0.30207262,-0.17512679
rhamnose_gL,all_known,eem_parafac_scores,parafac_rank_selected,krr,"kernel=laplacian,alpha=0.1,gamma_scale=2.0,max_features=192,x_transform=none,log_target=True",10,0.54679917,0.12397432,0.30207262,-0.17512679
rhamnose_gL,all_known,raman_preprocessed_als_sg0_snv_area,als_sg0_snv_area,weighted_knn,"k=3,metric=correlation,max_features=48,x_transform=l2,log_target=True",10,0.54689974,0.10271634,0.30042054,-0.2785661
rhamnose_gL,all_known,raman_preprocessed_als_sg0_snv_area,als_sg0_snv_area,weighted_knn,"k=3,metric=correlation,max_features=48,x_transform=none,log_target=True",10,0.54689974,0.10271634,0.30042054,-0.2785661
rhamnose_gL,all_known,parafac_raman_fusion_als_sg0_snv_area,als_sg0_snv_area+parafac,weighted_knn,"k=3,metric=manhattan,max_features=192,x_transform=none,log_target=True",10,0.54718966,0.12494,0.29298195,-0.18430445
rhamnose_gL,all_known,parafac_raman_fusion_als_sg2_snv,als_sg2_snv+parafac,weighted_knn,"k=5,metric=correlation,max_features=12,x_transform=none,log_target=False",10,0.54734054,0.12545041,0.32261077,-0.18093756
rhamnose_gL,all_known,parafac_raman_fusion_als_sg2_snv,als_sg2_snv+parafac,weighted_knn,"k=5,metric=correlation,max_features=12,x_transform=l2,log_target=False",10,0.54734054,0.12545041,0.32261077,-0.18093756
rhamnose_gL,target_focused,eem_parafac_scores,parafac_rank_selected,krr,"kernel=rbf,alpha=0.01,gamma_scale=1.0,max_features=12,x_transform=l2,log_target=True",10,0.54736831,0.13597813,0.40399296,-0.029634919
rhamnose_gL,target_focused,eem_parafac_scores,parafac_rank_selected,krr,"kernel=laplacian,alpha=0.01,gamma_scale=1.0,max_features=12,x_transform=l2,log_target=True",10,0.54736831,0.13597813,0.40399296,-0.029634919
rhamnose_gL,target_focused,eem_parafac_scores,parafac_rank_selected,krr,"kernel=rbf,alpha=0.01,gamma_scale=1.0,max_features=48,x_transform=l2,log_target=True",10,0.54736831,0.13597813,0.40399296,-0.029634919
rhamnose_gL,target_focused,eem_parafac_scores,parafac_rank_selected,krr,"kernel=laplacian,alpha=0.01,gamma_scale=1.0,max_features=48,x_transform=l2,log_target=True",10,0.54736831,0.13597813,0.40399296,-0.029634919
rhamnose_gL,target_focused,eem_parafac_scores,parafac_rank_selected,krr,"kernel=rbf,alpha=0.01,gamma_scale=1.0,max_features=192,x_transform=l2,log_target=True",10,0.54736831,0.13597813,0.40399296,-0.029634919
rhamnose_gL,target_focused,eem_parafac_scores,parafac_rank_selected,krr,"kernel=laplacian,alpha=0.01,gamma_scale=1.0,max_features=192,x_transform=l2,log_target=True",10,0.54736831,0.13597813,0.40399296,-0.029634919
rhamnose_gL,target_focused,eem_parafac_scores,parafac_rank_selected,krr,"kernel=rbf,alpha=0.01,gamma_scale=2.0,max_features=12,x_transform=l2,log_target=True",10,0.54736961,0.13597952,0.40398741,-0.029638741
rhamnose_gL,target_focused,eem_parafac_scores,parafac_rank_selected,krr,"kernel=laplacian,alpha=0.01,gamma_scale=2.0,max_features=12,x_transform=l2,log_target=True",10,0.54736961,0.13597952,0.40398741,-0.029638741
rhamnose_gL,target_focused,eem_parafac_scores,parafac_rank_selected,krr,"kernel=rbf,alpha=0.01,gamma_scale=2.0,max_features=48,x_transform=l2,log_target=True",10,0.54736961,0.13597952,0.40398741,-0.029638741
rhamnose_gL,target_focused,eem_parafac_scores,parafac_rank_selected,krr,"kernel=laplacian,alpha=0.01,gamma_scale=2.0,max_features=48,x_transform=l2,log_target=True",10,0.54736961,0.13597952,0.40398741,-0.029638741
rhamnose_gL,target_focused,eem_parafac_scores,parafac_rank_selected,krr,"kernel=rbf,alpha=0.01,gamma_scale=2.0,max_features=192,x_transform=l2,log_target=True",10,0.54736961,0.13597952,0.40398741,-0.029638741
rhamnose_gL,target_focused,eem_parafac_scores,parafac_rank_selected,krr,"kernel=laplacian,alpha=0.01,gamma_scale=2.0,max_features=192,x_transform=l2,log_target=True",10,0.54736961,0.13597952,0.40398741,-0.029638741
rhamnose_gL,target_focused,eem_parafac_scores,parafac_rank_selected,krr,"kernel=rbf,alpha=0.1,gamma_scale=1.0,max_features=12,x_transform=l2,log_target=True",10,0.5473751,0.1361815,0.40372508,-0.02940594
rhamnose_gL,target_focused,eem_parafac_scores,parafac_rank_selected,krr,"kernel=laplacian,alpha=0.1,gamma_scale=1.0,max_features=12,x_transform=l2,log_target=True",10,0.5473751,0.1361815,0.40372508,-0.02940594
rhamnose_gL,target_focused,eem_parafac_scores,parafac_rank_selected,krr,"kernel=rbf,alpha=0.1,gamma_scale=1.0,max_features=48,x_transform=l2,log_target=True",10,0.5473751,0.1361815,0.40372508,-0.02940594
rhamnose_gL,target_focused,eem_parafac_scores,parafac_rank_selected,krr,"kernel=laplacian,alpha=0.1,gamma_scale=1.0,max_features=48,x_transform=l2,log_target=True",10,0.5473751,0.1361815,0.40372508,-0.02940594
rhamnose_gL,target_focused,eem_parafac_scores,parafac_rank_selected,krr,"kernel=rbf,alpha=0.1,gamma_scale=1.0,max_features=192,x_transform=l2,log_target=True",10,0.5473751,0.1361815,0.40372508,-0.02940594
rhamnose_gL,target_focused,eem_parafac_scores,parafac_rank_selected,krr,"kernel=laplacian,alpha=0.1,gamma_scale=1.0,max_features=192,x_transform=l2,log_target=True",10,0.5473751,0.1361815,0.40372508,-0.02940594
rhamnose_gL,target_focused,eem_parafac_scores,parafac_rank_selected,krr,"kernel=rbf,alpha=0.1,gamma_scale=2.0,max_features=12,x_transform=l2,log_target=True",10,0.54738815,0.13619529,0.40366988,-0.029444561
rhamnose_gL,target_focused,eem_parafac_scores,parafac_rank_selected,krr,"kernel=laplacian,alpha=0.1,gamma_scale=2.0,max_features=12,x_transform=l2,log_target=True",10,0.54738815,0.13619529,0.40366988,-0.029444561
rhamnose_gL,target_focused,eem_parafac_scores,parafac_rank_selected,krr,"kernel=rbf,alpha=0.1,gamma_scale=2.0,max_features=48,x_transform=l2,log_target=True",10,0.54738815,0.13619529,0.40366988,-0.029444561
rhamnose_gL,target_focused,eem_parafac_scores,parafac_rank_selected,krr,"kernel=laplacian,alpha=0.1,gamma_scale=2.0,max_features=48,x_transform=l2,log_target=True",10,0.54738815,0.13619529,0.40366988,-0.029444561
rhamnose_gL,target_focused,eem_parafac_scores,parafac_rank_selected,krr,"kernel=rbf,alpha=0.1,gamma_scale=2.0,max_features=192,x_transform=l2,log_target=True",10,0.54738815,0.13619529,0.40366988,-0.029444561
rhamnose_gL,target_focused,eem_parafac_scores,parafac_rank_selected,krr,"kernel=laplacian,alpha=0.1,gamma_scale=2.0,max_features=192,x_transform=l2,log_target=True",10,0.54738815,0.13619529,0.40366988,-0.029444561
rhamnose_gL,all_known,parafac_raman_fusion_als_sg2_snv,als_sg2_snv+parafac,krr,"kernel=rbf,alpha=0.01,gamma_scale=2.0,max_features=12,x_transform=l2,log_target=True",10,0.54741239,0.13444659,0.31497824,-0.16400397
rhamnose_gL,all_known,raman_preprocessed_als_sg2_snv,als_sg2_snv,weighted_knn,"k=5,metric=correlation,max_features=12,x_transform=none,log_target=False",10,0.54742694,0.097098044,0.33028604,-0.280806
rhamnose_gL,all_known,raman_preprocessed_als_sg2_snv,als_sg2_snv,weighted_knn,"k=5,metric=correlation,max_features=12,x_transform=l2,log_target=False",10,0.54742694,0.097098044,0.33028604,-0.280806
rhamnose_gL,all_known,raman_preprocessed_als_sg0_snv_area,als_sg0_snv_area,weighted_knn,"k=5,metric=manhattan,max_features=12,x_transform=none,log_target=False",10,0.54759238,0.10393595,0.32219595,-0.27661422
rhamnose_gL,all_known,raman_preprocessed_als_sg0_snv_area,als_sg0_snv_area,krr,"kernel=rbf,alpha=0.01,gamma_scale=1.0,max_features=192,x_transform=l2,log_target=False",10,0.54766095,0.10871611,0.3640264,-0.26675693
rhamnose_gL,all_known,raman_preprocessed_als_sg0_snv_area,als_sg0_snv_area,krr,"kernel=rbf,alpha=0.1,gamma_scale=1.0,max_features=12,x_transform=none,log_target=False",10,0.54836181,0.11182805,0.35000647,-0.29658853
rhamnose_gL,all_known,parafac_raman_fusion_als_sg0_snv_area,als_sg0_snv_area+parafac,krr,"kernel=rbf,alpha=0.1,gamma_scale=1.0,max_features=12,x_transform=l2,log_target=False",10,0.54870585,0.084105584,0.36091548,-0.29952757
rhamnose_gL,all_known,parafac_raman_fusion_als_sg0_snv_area,als_sg0_snv_area+parafac,weighted_knn,"k=3,metric=manhattan,max_features=192,x_transform=l2,log_target=True",10,0.54877223,0.11753609,0.29484426,-0.20322506
rhamnose_gL,all_known,parafac_raman_fusion_als_sg0_snv_area,als_sg0_snv_area+parafac,weighted_knn,"k=5,metric=correlation,max_features=192,x_transform=none,log_target=False",10,0.54880076,0.11194219,0.31243084,-0.2073133
rhamnose_gL,all_known,parafac_raman_fusion_als_sg0_snv_area,als_sg0_snv_area+parafac,weighted_knn,"k=5,metric=correlation,max_features=192,x_transform=l2,log_target=False",10,0.54880076,0.11194219,0.31243084,-0.2073133
rhamnose_gL,all_known,parafac_raman_fusion_als_sg0_snv_area,als_sg0_snv_area+parafac,weighted_knn,"k=3,metric=manhattan,max_features=12,x_transform=l2,log_target=True",10,0.55010293,0.11166101,0.30574557,-0.23964858
rhamnose_gL,all_known,parafac_raman_fusion_als_sg2_snv,als_sg2_snv+parafac,weighted_knn,"k=3,metric=manhattan,max_features=12,x_transform=none,log_target=False",10,0.55020434,0.12350696,0.3107133,-0.19180995
rhamnose_gL,all_known,raman_preprocessed_als_sg0_snv_area,als_sg0_snv_area,weighted_knn,"k=5,metric=manhattan,max_features=12,x_transform=l2,log_target=False",10,0.55035365,0.10864955,0.31988651,-0.28654556
rhamnose_gL,all_known,raman_preprocessed_als_sg0_snv_area,als_sg0_snv_area,krr,"kernel=rbf,alpha=0.01,gamma_scale=1.0,max_features=192,x_transform=none,log_target=False",10,0.55085129,0.10499155,0.36488717,-0.28786504
rhamnose_gL,all_known,raman_preprocessed_als_sg2_snv,als_sg2_snv,krr,"kernel=rbf,alpha=0.01,gamma_scale=2.0,max_features=12,x_transform=none,log_target=False",10,0.55136717,0.10648158,0.34272047,-0.28259147
rhamnose_gL,all_known,parafac_raman_fusion_als_sg0_snv_area,als_sg0_snv_area+parafac,weighted_knn,"k=5,metric=manhattan,max_features=192,x_transform=none,log_target=False",10,0.55157018,0.11517745,0.31878734,-0.22576051
rhamnose_gL,all_known,parafac_raman_fusion_als_sg2_snv,als_sg2_snv+parafac,krr,"kernel=rbf,alpha=0.01,gamma_scale=1.0,max_features=48,x_transform=none,log_target=False",10,0.55178492,0.10906932,0.35467214,-0.23332361
rhamnose_gL,all_known,raman_preprocessed_als_sg0_snv_area,als_sg0_snv_area,weighted_knn,"k=3,metric=correlation,max_features=192,x_transform=none,log_target=True",10,0.55187894,0.11459544,0.31148968,-0.27261464
rhamnose_gL,all_known,raman_preprocessed_als_sg0_snv_area,als_sg0_snv_area,weighted_knn,"k=3,metric=correlation,max_features=192,x_transform=l2,log_target=True",10,0.55187894,0.11459544,0.31148968,-0.27261464
rhamnose_gL,all_known,raman_preprocessed_als_sg0_snv_area,als_sg0_snv_area,weighted_knn,"k=3,metric=manhattan,max_features=192,x_transform=l2,log_target=False",10,0.55212476,0.10354476,0.31162796,-0.29188267
rhamnose_gL,all_known,parafac_raman_fusion_als_sg0_snv_area,als_sg0_snv_area+parafac,krr,"kernel=rbf,alpha=0.1,gamma_scale=2.0,max_features=12,x_transform=l2,log_target=False",10,0.55229685,0.090355874,0.35482431,-0.30557261
rhamnose_gL,all_known,parafac_raman_fusion_als_sg2_snv,als_sg2_snv+parafac,krr,"kernel=rbf,alpha=0.1,gamma_scale=1.0,max_features=12,x_transform=none,log_target=False",10,0.55238661,0.12906709,0.3410896,-0.19828596
rhamnose_gL,all_known,raman_preprocessed_als_sg2_snv,als_sg2_snv,krr,"kernel=rbf,alpha=0.1,gamma_scale=1.0,max_features=48,x_transform=l2,log_target=False",10,0.55289403,0.088625393,0.36628876,-0.31335178
rhamnose_gL,all_known,eem_parafac_scores,parafac_rank_selected,krr,"kernel=laplacian,alpha=0.1,gamma_scale=2.0,max_features=12,x_transform=none,log_target=False",10,0.55300785,0.11676426,0.31913492,-0.21879724
rhamnose_gL,all_known,eem_parafac_scores,parafac_rank_selected,krr,"kernel=laplacian,alpha=0.1,gamma_scale=2.0,max_features=48,x_transform=none,log_target=False",10,0.55300785,0.11676426,0.31913492,-0.21879724
rhamnose_gL,all_known,eem_parafac_scores,parafac_rank_selected,krr,"kernel=laplacian,alpha=0.1,gamma_scale=2.0,max_features=192,x_transform=none,log_target=False",10,0.55300785,0.11676426,0.31913492,-0.21879724
rhamnose_gL,all_known,raman_preprocessed_als_sg2_snv,als_sg2_snv,weighted_knn,"k=5,metric=manhattan,max_features=12,x_transform=l2,log_target=False",10,0.55317919,0.085790633,0.33820843,-0.32993912
rhamnose_gL,target_focused,eem_parafac_scores,parafac_rank_selected,krr,"kernel=rbf,alpha=0.1,gamma_scale=1.0,max_features=12,x_transform=l2,log_target=False",10,0.55369258,0.11495198,0.43289127,-0.085469165
rhamnose_gL,target_focused,eem_parafac_scores,parafac_rank_selected,krr,"kernel=laplacian,alpha=0.1,gamma_scale=1.0,max_features=12,x_transform=l2,log_target=False",10,0.55369258,0.11495198,0.43289127,-0.085469165
rhamnose_gL,target_focused,eem_parafac_scores,parafac_rank_selected,krr,"kernel=rbf,alpha=0.1,gamma_scale=1.0,max_features=48,x_transform=l2,log_target=False",10,0.55369258,0.11495198,0.43289127,-0.085469165
rhamnose_gL,target_focused,eem_parafac_scores,parafac_rank_selected,krr,"kernel=laplacian,alpha=0.1,gamma_scale=1.0,max_features=48,x_transform=l2,log_target=False",10,0.55369258,0.11495198,0.43289127,-0.085469165
rhamnose_gL,target_focused,eem_parafac_scores,parafac_rank_selected,krr,"kernel=rbf,alpha=0.1,gamma_scale=1.0,max_features=192,x_transform=l2,log_target=False",10,0.55369258,0.11495198,0.43289127,-0.085469165
rhamnose_gL,target_focused,eem_parafac_scores,parafac_rank_selected,krr,"kernel=laplacian,alpha=0.1,gamma_scale=1.0,max_features=192,x_transform=l2,log_target=False",10,0.55369258,0.11495198,0.43289127,-0.085469165
rhamnose_gL,target_focused,eem_parafac_scores,parafac_rank_selected,krr,"kernel=rbf,alpha=0.1,gamma_scale=2.0,max_features=12,x_transform=l2,log_target=False",10,0.55369299,0.11496581,0.43279981,-0.085455135
rhamnose_gL,target_focused,eem_parafac_scores,parafac_rank_selected,krr,"kernel=laplacian,alpha=0.1,gamma_scale=2.0,max_features=12,x_transform=l2,log_target=False",10,0.55369299,0.11496581,0.43279981,-0.085455135
rhamnose_gL,target_focused,eem_parafac_scores,parafac_rank_selected,krr,"kernel=rbf,alpha=0.1,gamma_scale=2.0,max_features=48,x_transform=l2,log_target=False",10,0.55369299,0.11496581,0.43279981,-0.085455135
rhamnose_gL,target_focused,eem_parafac_scores,parafac_rank_selected,krr,"kernel=laplacian,alpha=0.1,gamma_scale=2.0,max_features=48,x_transform=l2,log_target=False",10,0.55369299,0.11496581,0.43279981,-0.085455135
rhamnose_gL,target_focused,eem_parafac_scores,parafac_rank_selected,krr,"kernel=rbf,alpha=0.1,gamma_scale=2.0,max_features=192,x_transform=l2,log_target=False",10,0.55369299,0.11496581,0.43279981,-0.085455135
rhamnose_gL,target_focused,eem_parafac_scores,parafac_rank_selected,krr,"kernel=laplacian,alpha=0.1,gamma_scale=2.0,max_features=192,x_transform=l2,log_target=False",10,0.55369299,0.11496581,0.43279981,-0.085455135
rhamnose_gL,target_focused,eem_parafac_scores,parafac_rank_selected,krr,"kernel=rbf,alpha=0.01,gamma_scale=1.0,max_features=12,x_transform=l2,log_target=False",10,0.55386367,0.11466793,0.43319625,-0.086642231
rhamnose_gL,target_focused,eem_parafac_scores,parafac_rank_selected,krr,"kernel=laplacian,alpha=0.01,gamma_scale=1.0,max_features=12,x_transform=l2,log_target=False",10,0.55386367,0.11466793,0.43319625,-0.086642231
rhamnose_gL,target_focused,eem_parafac_scores,parafac_rank_selected,krr,"kernel=rbf,alpha=0.01,gamma_scale=1.0,max_features=48,x_transform=l2,log_target=False",10,0.55386367,0.11466793,0.43319625,-0.086642231
rhamnose_gL,target_focused,eem_parafac_scores,parafac_rank_selected,krr,"kernel=laplacian,alpha=0.01,gamma_scale=1.0,max_features=48,x_transform=l2,log_target=False",10,0.55386367,0.11466793,0.43319625,-0.086642231
rhamnose_gL,target_focused,eem_parafac_scores,parafac_rank_selected,krr,"kernel=rbf,alpha=0.01,gamma_scale=1.0,max_features=192,x_transform=l2,log_target=False",10,0.55386367,0.11466793,0.43319625,-0.086642231
rhamnose_gL,target_focused,eem_parafac_scores,parafac_rank_selected,krr,"kernel=laplacian,alpha=0.01,gamma_scale=1.0,max_features=192,x_transform=l2,log_target=False",10,0.55386367,0.11466793,0.43319625,-0.086642231
rhamnose_gL,target_focused,eem_parafac_scores,parafac_rank_selected,krr,"kernel=rbf,alpha=0.01,gamma_scale=2.0,max_features=12,x_transform=l2,log_target=False",10,0.55386371,0.11466931,0.43318705,-0.086640812
rhamnose_gL,target_focused,eem_parafac_scores,parafac_rank_selected,krr,"kernel=laplacian,alpha=0.01,gamma_scale=2.0,max_features=12,x_transform=l2,log_target=False",10,0.55386371,0.11466931,0.43318705,-0.086640812
rhamnose_gL,target_focused,eem_parafac_scores,parafac_rank_selected,krr,"kernel=rbf,alpha=0.01,gamma_scale=2.0,max_features=48,x_transform=l2,log_target=False",10,0.55386371,0.11466931,0.43318705,-0.086640812
rhamnose_gL,target_focused,eem_parafac_scores,parafac_rank_selected,krr,"kernel=laplacian,alpha=0.01,gamma_scale=2.0,max_features=48,x_transform=l2,log_target=False",10,0.55386371,0.11466931,0.43318705,-0.086640812
rhamnose_gL,target_focused,eem_parafac_scores,parafac_rank_selected,krr,"kernel=rbf,alpha=0.01,gamma_scale=2.0,max_features=192,x_transform=l2,log_target=False",10,0.55386371,0.11466931,0.43318705,-0.086640812
rhamnose_gL,target_focused,eem_parafac_scores,parafac_rank_selected,krr,"kernel=laplacian,alpha=0.01,gamma_scale=2.0,max_features=192,x_transform=l2,log_target=False",10,0.55386371,0.11466931,0.43318705,-0.086640812
rhamnose_gL,all_known,parafac_raman_fusion_als_sg2_snv,als_sg2_snv+parafac,krr,"kernel=rbf,alpha=0.1,gamma_scale=2.0,max_features=12,x_transform=l2,log_target=False",10,0.5539649,0.12089228,0.3436185,-0.21933748
rhamnose_gL,all_known,raman_preprocessed_als_sg2_snv,als_sg2_snv,krr,"kernel=rbf,alpha=0.01,gamma_scale=1.0,max_features=48,x_transform=none,log_target=False",10,0.55409047,0.090879241,0.36211715,-0.31451594
rhamnose_gL,all_known,parafac_raman_fusion_als_sg2_snv,als_sg2_snv+parafac,weighted_knn,"k=3,metric=manhattan,max_features=12,x_transform=l2,log_target=True",10,0.55420151,0.12675239,0.3149354,-0.21092627
rhamnose_gL,all_known,parafac_raman_fusion_als_sg2_snv,als_sg2_snv+parafac,weighted_knn,"k=3,metric=correlation,max_features=12,x_transform=l2,log_target=True",10,0.55461025,0.13739011,0.31126779,-0.19712222
rhamnose_gL,all_known,parafac_raman_fusion_als_sg2_snv,als_sg2_snv+parafac,weighted_knn,"k=3,metric=correlation,max_features=12,x_transform=none,log_target=True",10,0.55461025,0.13739011,0.31126779,-0.19712222
rhamnose_gL,all_known,parafac_raman_fusion_als_sg0_snv_area,als_sg0_snv_area+parafac,weighted_knn,"k=3,metric=manhattan,max_features=12,x_transform=l2,log_target=False",10,0.55572977,0.10526074,0.31784002,-0.28360459
rhamnose_gL,all_known,raman_preprocessed_als_sg0_snv_area,als_sg0_snv_area,krr,"kernel=rbf,alpha=0.01,gamma_scale=2.0,max_features=12,x_transform=l2,log_target=True",10,0.55654897,0.11366846,0.331786,-0.33726644
rhamnose_gL,all_known,parafac_raman_fusion_als_sg2_snv,als_sg2_snv+parafac,krr,"kernel=rbf,alpha=0.01,gamma_scale=1.0,max_features=48,x_transform=l2,log_target=False",10,0.55672464,0.093338982,0.36835685,-0.28805868
rhamnose_gL,all_known,parafac_raman_fusion_als_sg0_snv_area,als_sg0_snv_area+parafac,weighted_knn,"k=3,metric=manhattan,max_features=192,x_transform=none,log_target=False",10,0.55698689,0.1162699,0.30926771,-0.24584447
rhamnose_gL,target_focused,eem_parafac_scores,parafac_rank_selected,krr,"kernel=rbf,alpha=0.1,gamma_scale=1.0,max_features=12,x_transform=none,log_target=False",10,0.55722597,0.19468036,0.39594565,-0.14693353
rhamnose_gL,target_focused,eem_parafac_scores,parafac_rank_selected,krr,"kernel=rbf,alpha=0.1,gamma_scale=1.0,max_features=48,x_transform=none,log_target=False",10,0.55722597,0.19468036,0.39594565,-0.14693353
rhamnose_gL,target_focused,eem_parafac_scores,parafac_rank_selected,krr,"kernel=rbf,alpha=0.1,gamma_scale=1.0,max_features=192,x_transform=none,log_target=False",10,0.55722597,0.19468036,0.39594565,-0.14693353
rhamnose_gL,all_known,raman_preprocessed_als_sg0_snv_area,als_sg0_snv_area,weighted_knn,"k=3,metric=correlation,max_features=48,x_transform=none,log_target=False",10,0.55743923,0.096481058,0.3152167,-0.36132761
rhamnose_gL,all_known,raman_preprocessed_als_sg0_snv_area,als_sg0_snv_area,weighted_knn,"k=3,metric=correlation,max_features=48,x_transform=l2,log_target=False",10,0.55743923,0.096481058,0.3152167,-0.36132761
rhamnose_gL,all_known,parafac_raman_fusion_als_sg2_snv,als_sg2_snv+parafac,krr,"kernel=rbf,alpha=0.01,gamma_scale=1.0,max_features=12,x_transform=l2,log_target=True",10,0.55765131,0.1258423,0.32785779,-0.22776773
rhamnose_gL,all_known,parafac_raman_fusion_als_sg2_snv,als_sg2_snv+parafac,krr,"kernel=rbf,alpha=0.01,gamma_scale=2.0,max_features=12,x_transform=none,log_target=False",10,0.55840874,0.13891192,0.33983202,-0.21079734
rhamnose_gL,all_known,parafac_raman_fusion_als_sg2_snv,als_sg2_snv+parafac,krr,"kernel=rbf,alpha=0.01,gamma_scale=1.0,max_features=12,x_transform=none,log_target=True",10,0.55865749,0.14225283,0.3213192,-0.20532426
rhamnose_gL,all_known,raman_preprocessed_als_sg0_snv_area,als_sg0_snv_area,weighted_knn,"k=3,metric=correlation,max_features=12,x_transform=none,log_target=True",10,0.55871034,0.10668769,0.31889623,-0.34500443
rhamnose_gL,all_known,raman_preprocessed_als_sg0_snv_area,als_sg0_snv_area,weighted_knn,"k=3,metric=correlation,max_features=12,x_transform=l2,log_target=True",10,0.55871034,0.10668769,0.31889623,-0.34500443
rhamnose_gL,all_known,raman_preprocessed_als_sg2_snv,als_sg2_snv,weighted_knn,"k=5,metric=manhattan,max_features=48,x_transform=l2,log_target=False",10,0.55871741,0.096323787,0.34913813,-0.33930427
rhamnose_gL,all_known,parafac_raman_fusion_als_sg2_snv,als_sg2_snv+parafac,krr,"kernel=rbf,alpha=0.1,gamma_scale=1.0,max_features=12,x_transform=l2,log_target=False",10,0.55920526,0.11789184,0.35697974,-0.25215626
rhamnose_gL,all_known,parafac_raman_fusion_als_sg0_snv_area,als_sg0_snv_area+parafac,weighted_knn,"k=3,metric=correlation,max_features=192,x_transform=none,log_target=True",10,0.55946293,0.12396788,0.29944006,-0.23704657
rhamnose_gL,all_known,parafac_raman_fusion_als_sg0_snv_area,als_sg0_snv_area+parafac,weighted_knn,"k=3,metric=correlation,max_features=192,x_transform=l2,log_target=True",10,0.55946293,0.12396788,0.29944006,-0.23704657
rhamnose_gL,all_known,raman_preprocessed_als_sg0_snv_area,als_sg0_snv_area,krr,"kernel=rbf,alpha=0.01,gamma_scale=2.0,max_features=12,x_transform=none,log_target=False",10,0.55954695,0.11926054,0.36036907,-0.34400048
rhamnose_gL,all_known,raman_preprocessed_als_sg2_snv,als_sg2_snv,weighted_knn,"k=3,metric=correlation,max_features=12,x_transform=l2,log_target=True",10,0.55960991,0.11048456,0.32526005,-0.33096019
rhamnose_gL,all_known,raman_preprocessed_als_sg2_snv,als_sg2_snv,weighted_knn,"k=3,metric=correlation,max_features=12,x_transform=none,log_target=True",10,0.55960991,0.11048456,0.32526005,-0.33096019
rhamnose_gL,all_known,raman_preprocessed_als_sg2_snv,als_sg2_snv,weighted_knn,"k=3,metric=manhattan,max_features=12,x_transform=l2,log_target=True",10,0.55970682,0.08826458,0.33011643,-0.35714391
rhamnose_gL,all_known,raman_preprocessed_als_sg2_snv,als_sg2_snv,krr,"kernel=rbf,alpha=0.01,gamma_scale=1.0,max_features=12,x_transform=l2,log_target=True",10,0.55986288,0.089292586,0.33073948,-0.36119108
rhamnose_gL,all_known,raman_preprocessed_als_sg0_snv_area,als_sg0_snv_area,weighted_knn,"k=3,metric=manhattan,max_features=12,x_transform=none,log_target=True",10,0.56076599,0.11043425,0.31446124,-0.34294059
rhamnose_gL,target_focused,eem_parafac_scores,parafac_rank_selected,krr,"kernel=laplacian,alpha=0.1,gamma_scale=1.0,max_features=12,x_transform=none,log_target=True",10,0.56132265,0.13306102,0.37362567,-0.1062523
rhamnose_gL,target_focused,eem_parafac_scores,parafac_rank_selected,krr,"kernel=laplacian,alpha=0.1,gamma_scale=1.0,max_features=48,x_transform=none,log_target=True",10,0.56132265,0.13306102,0.37362567,-0.1062523
rhamnose_gL,target_focused,eem_parafac_scores,parafac_rank_selected,krr,"kernel=laplacian,alpha=0.1,gamma_scale=1.0,max_features=192,x_transform=none,log_target=True",10,0.56132265,0.13306102,0.37362567,-0.1062523
rhamnose_gL,all_known,parafac_raman_fusion_als_sg2_snv,als_sg2_snv+parafac,weighted_knn,"k=3,metric=correlation,max_features=12,x_transform=none,log_target=False",10,0.56167602,0.13056161,0.32620846,-0.24406982
rhamnose_gL,all_known,parafac_raman_fusion_als_sg2_snv,als_sg2_snv+parafac,weighted_knn,"k=3,metric=correlation,max_features=12,x_transform=l2,log_target=False",10,0.56167602,0.13056161,0.32620846,-0.24406982
rhamnose_gL,all_known,raman_preprocessed_als_sg0_snv_area,als_sg0_snv_area,weighted_knn,"k=3,metric=manhattan,max_features=12,x_transform=l2,log_target=False",10,0.56188665,0.10967409,0.3246056,-0.36037101
rhamnose_gL,all_known,parafac_raman_fusion_als_sg0_snv_area,als_sg0_snv_area+parafac,weighted_knn,"k=3,metric=manhattan,max_features=192,x_transform=l2,log_target=False",10,0.56202419,0.10909993,0.31019384,-0.28942378
rhamnose_gL,all_known,eem_parafac_scores,parafac_rank_selected,weighted_knn,"k=5,metric=manhattan,max_features=12,x_transform=none,log_target=True",10,0.56327125,0.11751036,0.30701667,-0.26039058
rhamnose_gL,all_known,eem_parafac_scores,parafac_rank_selected,weighted_knn,"k=5,metric=manhattan,max_features=48,x_transform=none,log_target=True",10,0.56327125,0.11751036,0.30701667,-0.26039058
rhamnose_gL,all_known,eem_parafac_scores,parafac_rank_selected,weighted_knn,"k=5,metric=manhattan,max_features=192,x_transform=none,log_target=True",10,0.56327125,0.11751036,0.30701667,-0.26039058
rhamnose_gL,all_known,parafac_raman_fusion_als_sg0_snv_area,als_sg0_snv_area+parafac,krr,"kernel=rbf,alpha=0.01,gamma_scale=2.0,max_features=12,x_transform=none,log_target=True",10,0.56339436,0.11521995,0.33495023,-0.28837433
rhamnose_gL,all_known,parafac_raman_fusion_als_sg2_snv,als_sg2_snv+parafac,weighted_knn,"k=3,metric=correlation,max_features=48,x_transform=none,log_target=False",10,0.56355096,0.11658861,0.34151443,-0.28307348
rhamnose_gL,all_known,parafac_raman_fusion_als_sg2_snv,als_sg2_snv+parafac,weighted_knn,"k=3,metric=correlation,max_features=48,x_transform=l2,log_target=False",10,0.56355096,0.11658861,0.34151443,-0.28307348
rhamnose_gL,all_known,parafac_raman_fusion_als_sg0_snv_area,als_sg0_snv_area+parafac,weighted_knn,"k=1,metric=manhattan,max_features=48,x_transform=l2,log_target=False",10,0.56357349,0.097793867,0.29247297,-0.47264493
rhamnose_gL,all_known,parafac_raman_fusion_als_sg0_snv_area,als_sg0_snv_area+parafac,weighted_knn,"k=1,metric=manhattan,max_features=48,x_transform=l2,log_target=True",10,0.56357349,0.097793867,0.29247297,-0.47264493
rhamnose_gL,all_known,raman_preprocessed_als_sg2_snv,als_sg2_snv,weighted_knn,"k=3,metric=manhattan,max_features=48,x_transform=l2,log_target=True",10,0.56360798,0.099117015,0.33539999,-0.35443114
rhamnose_gL,all_known,parafac_raman_fusion_als_sg2_snv,als_sg2_snv+parafac,weighted_knn,"k=3,metric=manhattan,max_features=12,x_transform=l2,log_target=False",10,0.56468614,0.1151508,0.33193181,-0.29155591
rhamnose_gL,target_focused,eem_parafac_scores,parafac_rank_selected,krr,"kernel=laplacian,alpha=0.1,gamma_scale=1.0,max_features=12,x_transform=none,log_target=False",10,0.56534663,0.13253273,0.39269357,-0.1392733
rhamnose_gL,target_focused,eem_parafac_scores,parafac_rank_selected,krr,"kernel=laplacian,alpha=0.1,gamma_scale=1.0,max_features=48,x_transform=none,log_target=False",10,0.56534663,0.13253273,0.39269357,-0.1392733
rhamnose_gL,target_focused,eem_parafac_scores,parafac_rank_selected,krr,"kernel=laplacian,alpha=0.1,gamma_scale=1.0,max_features=192,x_transform=none,log_target=False",10,0.56534663,0.13253273,0.39269357,-0.1392733
rhamnose_gL,all_known,raman_preprocessed_als_sg2_snv,als_sg2_snv,krr,"kernel=rbf,alpha=0.01,gamma_scale=1.0,max_features=48,x_transform=l2,log_target=False",10,0.56555631,0.081098638,0.37973796,-0.3895074
rhamnose_gL,all_known,raman_preprocessed_als_sg2_snv,als_sg2_snv,weighted_knn,"k=3,metric=correlation,max_features=48,x_transform=none,log_target=True",10,0.56607236,0.10990838,0.33686571,-0.35256961
rhamnose_gL,all_known,raman_preprocessed_als_sg2_snv,als_sg2_snv,weighted_knn,"k=3,metric=correlation,max_features=48,x_transform=l2,log_target=True",10,0.56607236,0.10990838,0.33686571,-0.35256961
rhamnose_gL,all_known,parafac_raman_fusion_als_sg0_snv_area,als_sg0_snv_area+parafac,weighted_knn,"k=3,metric=correlation,max_features=192,x_transform=none,log_target=False",10,0.56675785,0.12044254,0.31214221,-0.27867242
rhamnose_gL,all_known,parafac_raman_fusion_als_sg0_snv_area,als_sg0_snv_area+parafac,weighted_knn,"k=3,metric=correlation,max_features=192,x_transform=l2,log_target=False",10,0.56675785,0.12044254,0.31214221,-0.27867242
rhamnose_gL,all_known,raman_preprocessed_als_sg0_snv_area,als_sg0_snv_area,weighted_knn,"k=3,metric=correlation,max_features=192,x_transform=none,log_target=False",10,0.56711953,0.11073617,0.33018307,-0.35371023
rhamnose_gL,all_known,raman_preprocessed_als_sg0_snv_area,als_sg0_snv_area,weighted_knn,"k=3,metric=correlation,max_features=192,x_transform=l2,log_target=False",10,0.56711953,0.11073617,0.33018307,-0.35371023
rhamnose_gL,all_known,raman_preprocessed_als_sg0_snv_area,als_sg0_snv_area,krr,"kernel=rbf,alpha=0.1,gamma_scale=2.0,max_features=12,x_transform=l2,log_target=False",10,0.56762614,0.10116868,0.36285508,-0.41770268
rhamnose_gL,all_known,parafac_raman_fusion_als_sg0_snv_area,als_sg0_snv_area+parafac,krr,"kernel=rbf,alpha=0.01,gamma_scale=2.0,max_features=12,x_transform=l2,log_target=True",10,0.56789152,0.11766795,0.34133951,-0.33881861
rhamnose_gL,all_known,raman_preprocessed_als_sg2_snv,als_sg2_snv,weighted_knn,"k=5,metric=correlation,max_features=48,x_transform=none,log_target=False",10,0.5679503,0.10131534,0.35651503,-0.3789089
rhamnose_gL,all_known,raman_preprocessed_als_sg2_snv,als_sg2_snv,weighted_knn,"k=5,metric=correlation,max_features=48,x_transform=l2,log_target=False",10,0.5679503,0.10131534,0.35651503,-0.3789089
rhamnose_gL,all_known,raman_preprocessed_als_sg0_snv_area,als_sg0_snv_area,krr,"kernel=rbf,alpha=0.1,gamma_scale=1.0,max_features=12,x_transform=l2,log_target=False",10,0.56875771,0.097535691,0.37118205,-0.42852011
rhamnose_gL,target_focused,eem_parafac_scores,parafac_rank_selected,weighted_knn,"k=3,metric=correlation,max_features=12,x_transform=none,log_target=True",10,0.56893029,0.1508024,0.40833849,-0.11209318
rhamnose_gL,target_focused,eem_parafac_scores,parafac_rank_selected,weighted_knn,"k=3,metric=correlation,max_features=12,x_transform=l2,log_target=True",10,0.56893029,0.1508024,0.40833849,-0.11209318
rhamnose_gL,target_focused,eem_parafac_scores,parafac_rank_selected,weighted_knn,"k=3,metric=correlation,max_features=48,x_transform=none,log_target=True",10,0.56893029,0.1508024,0.40833849,-0.11209318
rhamnose_gL,target_focused,eem_parafac_scores,parafac_rank_selected,weighted_knn,"k=3,metric=correlation,max_features=48,x_transform=l2,log_target=True",10,0.56893029,0.1508024,0.40833849,-0.11209318
rhamnose_gL,target_focused,eem_parafac_scores,parafac_rank_selected,weighted_knn,"k=3,metric=correlation,max_features=192,x_transform=none,log_target=True",10,0.56893029,0.1508024,0.40833849,-0.11209318
rhamnose_gL,target_focused,eem_parafac_scores,parafac_rank_selected,weighted_knn,"k=3,metric=correlation,max_features=192,x_transform=l2,log_target=True",10,0.56893029,0.1508024,0.40833849,-0.11209318
rhamnose_gL,all_known,raman_preprocessed_als_sg2_snv,als_sg2_snv,krr,"kernel=rbf,alpha=0.1,gamma_scale=2.0,max_features=12,x_transform=l2,log_target=False",10,0.56966532,0.093147513,0.35531901,-0.4074895
rhamnose_gL,all_known,eem_parafac_scores,parafac_rank_selected,weighted_knn,"k=5,metric=manhattan,max_features=12,x_transform=none,log_target=False",10,0.569733,0.11200121,0.32019835,-0.30477423
rhamnose_gL,all_known,eem_parafac_scores,parafac_rank_selected,weighted_knn,"k=5,metric=manhattan,max_features=48,x_transform=none,log_target=False",10,0.569733,0.11200121,0.32019835,-0.30477423
rhamnose_gL,all_known,eem_parafac_scores,parafac_rank_selected,weighted_knn,"k=5,metric=manhattan,max_features=192,x_transform=none,log_target=False",10,0.569733,0.11200121,0.32019835,-0.30477423
rhamnose_gL,all_known,parafac_raman_fusion_als_sg0_snv_area,als_sg0_snv_area+parafac,krr,"kernel=rbf,alpha=0.01,gamma_scale=1.0,max_features=12,x_transform=l2,log_target=True",10,0.56985181,0.10393738,0.3485239,-0.38812851
rhamnose_gL,all_known,parafac_raman_fusion_als_sg0_snv_area,als_sg0_snv_area+parafac,krr,"kernel=rbf,alpha=0.01,gamma_scale=1.0,max_features=12,x_transform=none,log_target=True",10,0.57162143,0.11398607,0.34614437,-0.36679184
rhamnose_gL,all_known,raman_preprocessed_als_sg0_snv_area,als_sg0_snv_area,krr,"kernel=rbf,alpha=0.01,gamma_scale=1.0,max_features=12,x_transform=l2,log_target=True",10,0.57180864,0.10672997,0.34419249,-0.46296215
rhamnose_gL,all_known,raman_preprocessed_als_sg0_snv_area,als_sg0_snv_area,weighted_knn,"k=1,metric=correlation,max_features=48,x_transform=none,log_target=False",10,0.57200483,0.09894949,0.29573684,-0.44835289
rhamnose_gL,all_known,raman_preprocessed_als_sg0_snv_area,als_sg0_snv_area,weighted_knn,"k=1,metric=correlation,max_features=48,x_transform=none,log_target=True",10,0.57200483,0.09894949,0.29573684,-0.44835289
rhamnose_gL,all_known,raman_preprocessed_als_sg0_snv_area,als_sg0_snv_area,weighted_knn,"k=1,metric=correlation,max_features=48,x_transform=l2,log_target=False",10,0.57200483,0.09894949,0.29573684,-0.44835289
rhamnose_gL,all_known,raman_preprocessed_als_sg0_snv_area,als_sg0_snv_area,weighted_knn,"k=1,metric=correlation,max_features=48,x_transform=l2,log_target=True",10,0.57200483,0.09894949,0.29573684,-0.44835289
rhamnose_gL,all_known,parafac_raman_fusion_als_sg2_snv,als_sg2_snv+parafac,krr,"kernel=rbf,alpha=0.01,gamma_scale=2.0,max_features=12,x_transform=l2,log_target=False",10,0.57231348,0.11768025,0.35982901,-0.31488427
rhamnose_gL,all_known,eem_parafac_scores,parafac_rank_selected,krr,"kernel=laplacian,alpha=0.01,gamma_scale=1.0,max_features=12,x_transform=none,log_target=True",10,0.57240424,0.11471066,0.31151829,-0.32473984
rhamnose_gL,all_known,eem_parafac_scores,parafac_rank_selected,krr,"kernel=laplacian,alpha=0.01,gamma_scale=1.0,max_features=48,x_transform=none,log_target=True",10,0.57240424,0.11471066,0.31151829,-0.32473984
rhamnose_gL,all_known,eem_parafac_scores,parafac_rank_selected,krr,"kernel=laplacian,alpha=0.01,gamma_scale=1.0,max_features=192,x_transform=none,log_target=True",10,0.57240424,0.11471066,0.31151829,-0.32473984
rhamnose_gL,target_focused,eem_parafac_scores,parafac_rank_selected,weighted_knn,"k=3,metric=correlation,max_features=12,x_transform=none,log_target=False",10,0.57252406,0.14376958,0.42911111,-0.13780937
rhamnose_gL,target_focused,eem_parafac_scores,parafac_rank_selected,weighted_knn,"k=3,metric=correlation,max_features=12,x_transform=l2,log_target=False",10,0.57252406,0.14376958,0.42911111,-0.13780937
rhamnose_gL,target_focused,eem_parafac_scores,parafac_rank_selected,weighted_knn,"k=3,metric=correlation,max_features=48,x_transform=none,log_target=False",10,0.57252406,0.14376958,0.42911111,-0.13780937
rhamnose_gL,target_focused,eem_parafac_scores,parafac_rank_selected,weighted_knn,"k=3,metric=correlation,max_features=48,x_transform=l2,log_target=False",10,0.57252406,0.14376958,0.42911111,-0.13780937
rhamnose_gL,target_focused,eem_parafac_scores,parafac_rank_selected,weighted_knn,"k=3,metric=correlation,max_features=192,x_transform=none,log_target=False",10,0.57252406,0.14376958,0.42911111,-0.13780937
rhamnose_gL,target_focused,eem_parafac_scores,parafac_rank_selected,weighted_knn,"k=3,metric=correlation,max_features=192,x_transform=l2,log_target=False",10,0.57252406,0.14376958,0.42911111,-0.13780937
rhamnose_gL,target_focused,eem_parafac_scores,parafac_rank_selected,weighted_knn,"k=5,metric=correlation,max_features=12,x_transform=none,log_target=False",10,0.57322116,0.15963946,0.38148571,-0.119698
rhamnose_gL,target_focused,eem_parafac_scores,parafac_rank_selected,weighted_knn,"k=5,metric=correlation,max_features=12,x_transform=l2,log_target=False",10,0.57322116,0.15963946,0.38148571,-0.119698
rhamnose_gL,target_focused,eem_parafac_scores,parafac_rank_selected,weighted_knn,"k=5,metric=correlation,max_features=48,x_transform=none,log_target=False",10,0.57322116,0.15963946,0.38148571,-0.119698
rhamnose_gL,target_focused,eem_parafac_scores,parafac_rank_selected,weighted_knn,"k=5,metric=correlation,max_features=48,x_transform=l2,log_target=False",10,0.57322116,0.15963946,0.38148571,-0.119698
rhamnose_gL,target_focused,eem_parafac_scores,parafac_rank_selected,weighted_knn,"k=5,metric=correlation,max_features=192,x_transform=none,log_target=False",10,0.57322116,0.15963946,0.38148571,-0.119698
rhamnose_gL,target_focused,eem_parafac_scores,parafac_rank_selected,weighted_knn,"k=5,metric=correlation,max_features=192,x_transform=l2,log_target=False",10,0.57322116,0.15963946,0.38148571,-0.119698
rhamnose_gL,all_known,raman_preprocessed_als_sg2_snv,als_sg2_snv,weighted_knn,"k=1,metric=manhattan,max_features=192,x_transform=none,log_target=False",10,0.57495644,0.10931529,0.29763158,-0.40877356
rhamnose_gL,all_known,raman_preprocessed_als_sg2_snv,als_sg2_snv,weighted_knn,"k=1,metric=manhattan,max_features=192,x_transform=none,log_target=True",10,0.57495644,0.10931529,0.29763158,-0.40877356
rhamnose_gL,all_known,raman_preprocessed_als_sg0_snv_area,als_sg0_snv_area,weighted_knn,"k=3,metric=manhattan,max_features=12,x_transform=none,log_target=False",10,0.57645235,0.10976017,0.3304935,-0.44923207
rhamnose_gL,target_focused,eem_parafac_scores,parafac_rank_selected,krr,"kernel=rbf,alpha=0.01,gamma_scale=1.0,max_features=12,x_transform=none,log_target=True",10,0.57745402,0.15525888,0.38056339,-0.14818853
rhamnose_gL,target_focused,eem_parafac_scores,parafac_rank_selected,krr,"kernel=rbf,alpha=0.01,gamma_scale=1.0,max_features=48,x_transform=none,log_target=True",10,0.57745402,0.15525888,0.38056339,-0.14818853
rhamnose_gL,target_focused,eem_parafac_scores,parafac_rank_selected,krr,"kernel=rbf,alpha=0.01,gamma_scale=1.0,max_features=192,x_transform=none,log_target=True",10,0.57745402,0.15525888,0.38056339,-0.14818853
rhamnose_gL,all_known,raman_preprocessed_als_sg0_snv_area,als_sg0_snv_area,weighted_knn,"k=3,metric=correlation,max_features=12,x_transform=none,log_target=False",10,0.57900452,0.10420981,0.34011234,-0.48910454
rhamnose_gL,all_known,raman_preprocessed_als_sg0_snv_area,als_sg0_snv_area,weighted_knn,"k=3,metric=correlation,max_features=12,x_transform=l2,log_target=False",10,0.57900452,0.10420981,0.34011234,-0.48910454
rhamnose_gL,target_focused,eem_parafac_scores,parafac_rank_selected,krr,"kernel=laplacian,alpha=0.1,gamma_scale=2.0,max_features=12,x_transform=none,log_target=True",10,0.57967969,0.13923256,0.3782379,-0.17204164
rhamnose_gL,target_focused,eem_parafac_scores,parafac_rank_selected,krr,"kernel=laplacian,alpha=0.1,gamma_scale=2.0,max_features=48,x_transform=none,log_target=True",10,0.57967969,0.13923256,0.3782379,-0.17204164
rhamnose_gL,target_focused,eem_parafac_scores,parafac_rank_selected,krr,"kernel=laplacian,alpha=0.1,gamma_scale=2.0,max_features=192,x_transform=none,log_target=True",10,0.57967969,0.13923256,0.3782379,-0.17204164
rhamnose_gL,target_focused,eem_parafac_scores,parafac_rank_selected,weighted_knn,"k=5,metric=correlation,max_features=12,x_transform=none,log_target=True",10,0.57971886,0.16121365,0.36797367,-0.14341433
rhamnose_gL,target_focused,eem_parafac_scores,parafac_rank_selected,weighted_knn,"k=5,metric=correlation,max_features=12,x_transform=l2,log_target=True",10,0.57971886,0.16121365,0.36797367,-0.14341433
rhamnose_gL,target_focused,eem_parafac_scores,parafac_rank_selected,weighted_knn,"k=5,metric=correlation,max_features=48,x_transform=none,log_target=True",10,0.57971886,0.16121365,0.36797367,-0.14341433
rhamnose_gL,target_focused,eem_parafac_scores,parafac_rank_selected,weighted_knn,"k=5,metric=correlation,max_features=48,x_transform=l2,log_target=True",10,0.57971886,0.16121365,0.36797367,-0.14341433
rhamnose_gL,target_focused,eem_parafac_scores,parafac_rank_selected,weighted_knn,"k=5,metric=correlation,max_features=192,x_transform=none,log_target=True",10,0.57971886,0.16121365,0.36797367,-0.14341433
rhamnose_gL,target_focused,eem_parafac_scores,parafac_rank_selected,weighted_knn,"k=5,metric=correlation,max_features=192,x_transform=l2,log_target=True",10,0.57971886,0.16121365,0.36797367,-0.14341433
rhamnose_gL,all_known,raman_preprocessed_als_sg2_snv,als_sg2_snv,krr,"kernel=rbf,alpha=0.1,gamma_scale=1.0,max_features=12,x_transform=l2,log_target=False",10,0.58013222,0.094435706,0.36829284,-0.46960394
rhamnose_gL,all_known,eem_parafac_scores,parafac_rank_selected,krr,"kernel=laplacian,alpha=0.01,gamma_scale=1.0,max_features=12,x_transform=none,log_target=False",10,0.58018692,0.1114649,0.32430908,-0.37810101
rhamnose_gL,all_known,eem_parafac_scores,parafac_rank_selected,krr,"kernel=laplacian,alpha=0.01,gamma_scale=1.0,max_features=48,x_transform=none,log_target=False",10,0.58018692,0.1114649,0.32430908,-0.37810101
rhamnose_gL,all_known,eem_parafac_scores,parafac_rank_selected,krr,"kernel=laplacian,alpha=0.01,gamma_scale=1.0,max_features=192,x_transform=none,log_target=False",10,0.58018692,0.1114649,0.32430908,-0.37810101
rhamnose_gL,all_known,parafac_raman_fusion_als_sg0_snv_area,als_sg0_snv_area+parafac,krr,"kernel=rbf,alpha=0.01,gamma_scale=2.0,max_features=12,x_transform=none,log_target=False",10,0.58041929,0.099502101,0.38341326,-0.40849907
rhamnose_gL,all_known,eem_parafac_scores,parafac_rank_selected,weighted_knn,"k=3,metric=manhattan,max_features=12,x_transform=none,log_target=True",10,0.58129789,0.10736052,0.31734417,-0.37346571
rhamnose_gL,all_known,eem_parafac_scores,parafac_rank_selected,weighted_knn,"k=3,metric=manhattan,max_features=48,x_transform=none,log_target=True",10,0.58129789,0.10736052,0.31734417,-0.37346571
rhamnose_gL,all_known,eem_parafac_scores,parafac_rank_selected,weighted_knn,"k=3,metric=manhattan,max_features=192,x_transform=none,log_target=True",10,0.58129789,0.10736052,0.31734417,-0.37346571
rhamnose_gL,all_known,parafac_raman_fusion_als_sg0_snv_area,als_sg0_snv_area+parafac,krr,"kernel=rbf,alpha=0.01,gamma_scale=2.0,max_features=12,x_transform=l2,log_target=False",10,0.58347908,0.094772546,0.39144683,-0.47770221
rhamnose_gL,all_known,raman_preprocessed_als_sg2_snv,als_sg2_snv,weighted_knn,"k=3,metric=correlation,max_features=12,x_transform=none,log_target=False",10,0.58425514,0.10331199,0.35100462,-0.47124578
rhamnose_gL,all_known,raman_preprocessed_als_sg2_snv,als_sg2_snv,weighted_knn,"k=3,metric=correlation,max_features=12,x_transform=l2,log_target=False",10,0.58425514,0.10331199,0.35100462,-0.47124578
rhamnose_gL,target_focused,eem_parafac_scores,parafac_rank_selected,krr,"kernel=laplacian,alpha=0.1,gamma_scale=2.0,max_features=12,x_transform=none,log_target=False",10,0.58513221,0.13795715,0.39567529,-0.21137694
rhamnose_gL,target_focused,eem_parafac_scores,parafac_rank_selected,krr,"kernel=laplacian,alpha=0.1,gamma_scale=2.0,max_features=48,x_transform=none,log_target=False",10,0.58513221,0.13795715,0.39567529,-0.21137694
rhamnose_gL,target_focused,eem_parafac_scores,parafac_rank_selected,krr,"kernel=laplacian,alpha=0.1,gamma_scale=2.0,max_features=192,x_transform=none,log_target=False",10,0.58513221,0.13795715,0.39567529,-0.21137694
rhamnose_gL,target_focused,eem_parafac_scores,parafac_rank_selected,weighted_knn,"k=5,metric=manhattan,max_features=12,x_transform=none,log_target=True",10,0.58573541,0.13675476,0.37819814,-0.21166087
rhamnose_gL,target_focused,eem_parafac_scores,parafac_rank_selected,weighted_knn,"k=5,metric=manhattan,max_features=48,x_transform=none,log_target=True",10,0.58573541,0.13675476,0.37819814,-0.21166087
rhamnose_gL,target_focused,eem_parafac_scores,parafac_rank_selected,weighted_knn,"k=5,metric=manhattan,max_features=192,x_transform=none,log_target=True",10,0.58573541,0.13675476,0.37819814,-0.21166087
rhamnose_gL,target_focused,eem_parafac_scores,parafac_rank_selected,krr,"kernel=laplacian,alpha=0.01,gamma_scale=1.0,max_features=12,x_transform=none,log_target=True",10,0.58585647,0.13697673,0.38280229,-0.22439755
rhamnose_gL,target_focused,eem_parafac_scores,parafac_rank_selected,krr,"kernel=laplacian,alpha=0.01,gamma_scale=1.0,max_features=48,x_transform=none,log_target=True",10,0.58585647,0.13697673,0.38280229,-0.22439755
rhamnose_gL,target_focused,eem_parafac_scores,parafac_rank_selected,krr,"kernel=laplacian,alpha=0.01,gamma_scale=1.0,max_features=192,x_transform=none,log_target=True",10,0.58585647,0.13697673,0.38280229,-0.22439755
rhamnose_gL,all_known,raman_preprocessed_als_sg2_snv,als_sg2_snv,krr,"kernel=rbf,alpha=0.01,gamma_scale=1.0,max_features=12,x_transform=none,log_target=False",10,0.58670056,0.10618288,0.38907429,-0.47278438
rhamnose_gL,all_known,raman_preprocessed_als_sg2_snv,als_sg2_snv,weighted_knn,"k=3,metric=manhattan,max_features=12,x_transform=l2,log_target=False",10,0.58726626,0.075679388,0.35754948,-0.53955209
rhamnose_gL,all_known,eem_parafac_scores,parafac_rank_selected,weighted_knn,"k=5,metric=manhattan,max_features=12,x_transform=l2,log_target=True",10,0.58762076,0.08499467,0.36385154,-0.62329286
rhamnose_gL,all_known,eem_parafac_scores,parafac_rank_selected,weighted_knn,"k=5,metric=manhattan,max_features=48,x_transform=l2,log_target=True",10,0.58762076,0.08499467,0.36385154,-0.62329286
rhamnose_gL,all_known,eem_parafac_scores,parafac_rank_selected,weighted_knn,"k=5,metric=manhattan,max_features=192,x_transform=l2,log_target=True",10,0.58762076,0.08499467,0.36385154,-0.62329286
rhamnose_gL,all_known,raman_preprocessed_als_sg2_snv,als_sg2_snv,weighted_knn,"k=1,metric=manhattan,max_features=12,x_transform=none,log_target=False",10,0.58841962,0.098561923,0.31318421,-0.52477249
rhamnose_gL,all_known,raman_preprocessed_als_sg2_snv,als_sg2_snv,weighted_knn,"k=1,metric=manhattan,max_features=12,x_transform=none,log_target=True",10,0.58841962,0.098561923,0.31318421,-0.52477249
rhamnose_gL,all_known,eem_parafac_scores,parafac_rank_selected,weighted_knn,"k=3,metric=manhattan,max_features=12,x_transform=none,log_target=False",10,0.58856615,0.10276844,0.32999919,-0.42750092
rhamnose_gL,all_known,eem_parafac_scores,parafac_rank_selected,weighted_knn,"k=3,metric=manhattan,max_features=48,x_transform=none,log_target=False",10,0.58856615,0.10276844,0.32999919,-0.42750092
rhamnose_gL,all_known,eem_parafac_scores,parafac_rank_selected,weighted_knn,"k=3,metric=manhattan,max_features=192,x_transform=none,log_target=False",10,0.58856615,0.10276844,0.32999919,-0.42750092
rhamnose_gL,all_known,parafac_raman_fusion_als_sg2_snv,als_sg2_snv+parafac,krr,"kernel=rbf,alpha=0.01,gamma_scale=1.0,max_features=12,x_transform=none,log_target=False",10,0.58914402,0.1308511,0.38094024,-0.37471141
rhamnose_gL,all_known,eem_parafac_scores,parafac_rank_selected,krr,"kernel=laplacian,alpha=0.01,gamma_scale=2.0,max_features=12,x_transform=none,log_target=True",10,0.58954305,0.11447062,0.31691469,-0.41145183
rhamnose_gL,all_known,eem_parafac_scores,parafac_rank_selected,krr,"kernel=laplacian,alpha=0.01,gamma_scale=2.0,max_features=48,x_transform=none,log_target=True",10,0.58954305,0.11447062,0.31691469,-0.41145183
rhamnose_gL,all_known,eem_parafac_scores,parafac_rank_selected,krr,"kernel=laplacian,alpha=0.01,gamma_scale=2.0,max_features=192,x_transform=none,log_target=True",10,0.58954305,0.11447062,0.31691469,-0.41145183
rhamnose_gL,all_known,raman_preprocessed_als_sg2_snv,als_sg2_snv,weighted_knn,"k=3,metric=manhattan,max_features=48,x_transform=l2,log_target=False",10,0.5904672,0.08759098,0.36209878,-0.51667263
rhamnose_gL,target_focused,eem_parafac_scores,parafac_rank_selected,weighted_knn,"k=5,metric=manhattan,max_features=12,x_transform=none,log_target=False",10,0.59139928,0.13520592,0.39469702,-0.25039079
rhamnose_gL,target_focused,eem_parafac_scores,parafac_rank_selected,weighted_knn,"k=5,metric=manhattan,max_features=48,x_transform=none,log_target=False",10,0.59139928,0.13520592,0.39469702,-0.25039079
rhamnose_gL,target_focused,eem_parafac_scores,parafac_rank_selected,weighted_knn,"k=5,metric=manhattan,max_features=192,x_transform=none,log_target=False",10,0.59139928,0.13520592,0.39469702,-0.25039079
rhamnose_gL,all_known,raman_preprocessed_als_sg2_snv,als_sg2_snv,weighted_knn,"k=1,metric=manhattan,max_features=48,x_transform=none,log_target=False",10,0.5915525,0.11094709,0.32014474,-0.52538707
rhamnose_gL,all_known,raman_preprocessed_als_sg2_snv,als_sg2_snv,weighted_knn,"k=1,metric=manhattan,max_features=48,x_transform=none,log_target=True",10,0.5915525,0.11094709,0.32014474,-0.52538707
rhamnose_gL,all_known,parafac_raman_fusion_als_sg0_snv_area,als_sg0_snv_area+parafac,weighted_knn,"k=1,metric=manhattan,max_features=12,x_transform=l2,log_target=False",10,0.59232569,0.090806106,0.3162027,-0.50365735
rhamnose_gL,all_known,parafac_raman_fusion_als_sg0_snv_area,als_sg0_snv_area+parafac,weighted_knn,"k=1,metric=manhattan,max_features=12,x_transform=l2,log_target=True",10,0.59232569,0.090806106,0.3162027,-0.50365735
rhamnose_gL,target_focused,eem_parafac_scores,parafac_rank_selected,krr,"kernel=laplacian,alpha=0.01,gamma_scale=1.0,max_features=12,x_transform=none,log_target=False",10,0.59258612,0.13698778,0.39621688,-0.26978335
rhamnose_gL,target_focused,eem_parafac_scores,parafac_rank_selected,krr,"kernel=laplacian,alpha=0.01,gamma_scale=1.0,max_features=48,x_transform=none,log_target=False",10,0.59258612,0.13698778,0.39621688,-0.26978335
rhamnose_gL,target_focused,eem_parafac_scores,parafac_rank_selected,krr,"kernel=laplacian,alpha=0.01,gamma_scale=1.0,max_features=192,x_transform=none,log_target=False",10,0.59258612,0.13698778,0.39621688,-0.26978335
rhamnose_gL,all_known,raman_preprocessed_als_sg0_snv_area,als_sg0_snv_area,krr,"kernel=rbf,alpha=0.01,gamma_scale=1.0,max_features=12,x_transform=none,log_target=False",10,0.59283771,0.11578134,0.39582672,-0.560139
rhamnose_gL,all_known,raman_preprocessed_als_sg2_snv,als_sg2_snv,krr,"kernel=rbf,alpha=0.01,gamma_scale=2.0,max_features=12,x_transform=l2,log_target=False",10,0.59284679,0.088681335,0.37828691,-0.54150226
rhamnose_gL,all_known,raman_preprocessed_als_sg2_snv,als_sg2_snv,weighted_knn,"k=3,metric=correlation,max_features=48,x_transform=none,log_target=False",10,0.59370438,0.10020806,0.36449144,-0.51596381
rhamnose_gL,all_known,raman_preprocessed_als_sg2_snv,als_sg2_snv,weighted_knn,"k=3,metric=correlation,max_features=48,x_transform=l2,log_target=False",10,0.59370438,0.10020806,0.36449144,-0.51596381
rhamnose_gL,all_known,parafac_raman_fusion_als_sg0_snv_area,als_sg0_snv_area+parafac,krr,"kernel=rbf,alpha=0.01,gamma_scale=1.0,max_features=12,x_transform=none,log_target=False",10,0.59385121,0.10216138,0.40626933,-0.50719434
rhamnose_gL,all_known,parafac_raman_fusion_als_sg2_snv,als_sg2_snv+parafac,weighted_knn,"k=1,metric=manhattan,max_features=48,x_transform=none,log_target=False",10,0.59443307,0.13953882,0.325,-0.40991253
rhamnose_gL,all_known,parafac_raman_fusion_als_sg2_snv,als_sg2_snv+parafac,weighted_knn,"k=1,metric=manhattan,max_features=48,x_transform=none,log_target=True",10,0.59443307,0.13953882,0.325,-0.40991253
rhamnose_gL,all_known,parafac_raman_fusion_als_sg0_snv_area,als_sg0_snv_area+parafac,weighted_knn,"k=1,metric=correlation,max_features=48,x_transform=none,log_target=False",10,0.59536975,0.080603281,0.30137838,-0.59845986
rhamnose_gL,all_known,parafac_raman_fusion_als_sg0_snv_area,als_sg0_snv_area+parafac,weighted_knn,"k=1,metric=correlation,max_features=48,x_transform=none,log_target=True",10,0.59536975,0.080603281,0.30137838,-0.59845986
rhamnose_gL,all_known,parafac_raman_fusion_als_sg0_snv_area,als_sg0_snv_area+parafac,weighted_knn,"k=1,metric=correlation,max_features=48,x_transform=l2,log_target=False",10,0.59536975,0.080603281,0.30137838,-0.59845986
rhamnose_gL,all_known,parafac_raman_fusion_als_sg0_snv_area,als_sg0_snv_area+parafac,weighted_knn,"k=1,metric=correlation,max_features=48,x_transform=l2,log_target=True",10,0.59536975,0.080603281,0.30137838,-0.59845986
rhamnose_gL,target_focused,eem_parafac_scores,parafac_rank_selected,weighted_knn,"k=3,metric=manhattan,max_features=12,x_transform=none,log_target=True",10,0.59621334,0.13860557,0.38287332,-0.26925863
rhamnose_gL,target_focused,eem_parafac_scores,parafac_rank_selected,weighted_knn,"k=3,metric=manhattan,max_features=48,x_transform=none,log_target=True",10,0.59621334,0.13860557,0.38287332,-0.26925863
rhamnose_gL,target_focused,eem_parafac_scores,parafac_rank_selected,weighted_knn,"k=3,metric=manhattan,max_features=192,x_transform=none,log_target=True",10,0.59621334,0.13860557,0.38287332,-0.26925863
rhamnose_gL,all_known,eem_parafac_scores,parafac_rank_selected,krr,"kernel=laplacian,alpha=0.01,gamma_scale=2.0,max_features=12,x_transform=none,log_target=False",10,0.59683335,0.1119849,0.32835243,-0.46242504
rhamnose_gL,all_known,eem_parafac_scores,parafac_rank_selected,krr,"kernel=laplacian,alpha=0.01,gamma_scale=2.0,max_features=48,x_transform=none,log_target=False",10,0.59683335,0.1119849,0.32835243,-0.46242504
rhamnose_gL,all_known,eem_parafac_scores,parafac_rank_selected,krr,"kernel=laplacian,alpha=0.01,gamma_scale=2.0,max_features=192,x_transform=none,log_target=False",10,0.59683335,0.1119849,0.32835243,-0.46242504
rhamnose_gL,all_known,parafac_raman_fusion_als_sg0_snv_area,als_sg0_snv_area+parafac,krr,"kernel=rbf,alpha=0.01,gamma_scale=1.0,max_features=12,x_transform=l2,log_target=False",10,0.59805624,0.083442551,0.41492398,-0.6065567
rhamnose_gL,all_known,parafac_raman_fusion_als_sg2_snv,als_sg2_snv+parafac,weighted_knn,"k=1,metric=manhattan,max_features=192,x_transform=none,log_target=False",10,0.59887399,0.14768786,0.32478378,-0.41368754
rhamnose_gL,all_known,parafac_raman_fusion_als_sg2_snv,als_sg2_snv+parafac,weighted_knn,"k=1,metric=manhattan,max_features=192,x_transform=none,log_target=True",10,0.59887399,0.14768786,0.32478378,-0.41368754
rhamnose_gL,all_known,parafac_raman_fusion_als_sg0_snv_area,als_sg0_snv_area+parafac,weighted_knn,"k=1,metric=correlation,max_features=12,x_transform=none,log_target=False",10,0.59926832,0.081114181,0.33332432,-0.58281657
rhamnose_gL,all_known,parafac_raman_fusion_als_sg0_snv_area,als_sg0_snv_area+parafac,weighted_knn,"k=1,metric=correlation,max_features=12,x_transform=none,log_target=True",10,0.59926832,0.081114181,0.33332432,-0.58281657
rhamnose_gL,all_known,parafac_raman_fusion_als_sg0_snv_area,als_sg0_snv_area+parafac,weighted_knn,"k=1,metric=correlation,max_features=12,x_transform=l2,log_target=False",10,0.59926832,0.081114181,0.33332432,-0.58281657
rhamnose_gL,all_known,parafac_raman_fusion_als_sg0_snv_area,als_sg0_snv_area+parafac,weighted_knn,"k=1,metric=correlation,max_features=12,x_transform=l2,log_target=True",10,0.59926832,0.081114181,0.33332432,-0.58281657
rhamnose_gL,all_known,raman_preprocessed_als_sg0_snv_area,als_sg0_snv_area,weighted_knn,"k=1,metric=correlation,max_features=192,x_transform=none,log_target=False",10,0.60040338,0.12024698,0.30618421,-0.55422039
rhamnose_gL,all_known,raman_preprocessed_als_sg0_snv_area,als_sg0_snv_area,weighted_knn,"k=1,metric=correlation,max_features=192,x_transform=none,log_target=True",10,0.60040338,0.12024698,0.30618421,-0.55422039
rhamnose_gL,all_known,raman_preprocessed_als_sg0_snv_area,als_sg0_snv_area,weighted_knn,"k=1,metric=correlation,max_features=192,x_transform=l2,log_target=False",10,0.60040338,0.12024698,0.30618421,-0.55422039
rhamnose_gL,all_known,raman_preprocessed_als_sg0_snv_area,als_sg0_snv_area,weighted_knn,"k=1,metric=correlation,max_features=192,x_transform=l2,log_target=True",10,0.60040338,0.12024698,0.30618421,-0.55422039
rhamnose_gL,all_known,parafac_raman_fusion_als_sg0_snv_area,als_sg0_snv_area+parafac,weighted_knn,"k=1,metric=manhattan,max_features=48,x_transform=none,log_target=False",10,0.6007535,0.11480253,0.31468919,-0.56909416
rhamnose_gL,all_known,parafac_raman_fusion_als_sg0_snv_area,als_sg0_snv_area+parafac,weighted_knn,"k=1,metric=manhattan,max_features=48,x_transform=none,log_target=True",10,0.6007535,0.11480253,0.31468919,-0.56909416
rhamnose_gL,target_focused,eem_parafac_scores,parafac_rank_selected,weighted_knn,"k=3,metric=manhattan,max_features=12,x_transform=none,log_target=False",10,0.60367388,0.13884423,0.39738687,-0.3176431
rhamnose_gL,target_focused,eem_parafac_scores,parafac_rank_selected,weighted_knn,"k=3,metric=manhattan,max_features=48,x_transform=none,log_target=False",10,0.60367388,0.13884423,0.39738687,-0.3176431
rhamnose_gL,target_focused,eem_parafac_scores,parafac_rank_selected,weighted_knn,"k=3,metric=manhattan,max_features=192,x_transform=none,log_target=False",10,0.60367388,0.13884423,0.39738687,-0.3176431
rhamnose_gL,all_known,raman_preprocessed_als_sg0_snv_area,als_sg0_snv_area,krr,"kernel=rbf,alpha=0.01,gamma_scale=2.0,max_features=12,x_transform=l2,log_target=False",10,0.60413945,0.10000348,0.39969704,-0.62985041
rhamnose_gL,all_known,parafac_raman_fusion_als_sg2_snv,als_sg2_snv+parafac,krr,"kernel=rbf,alpha=0.01,gamma_scale=1.0,max_features=12,x_transform=l2,log_target=False",10,0.60540446,0.10833547,0.39839807,-0.51051646
rhamnose_gL,all_known,raman_preprocessed_als_sg0_snv_area,als_sg0_snv_area,weighted_knn,"k=1,metric=manhattan,max_features=48,x_transform=none,log_target=False",10,0.60575453,0.099897328,0.33186842,-0.59063826
rhamnose_gL,all_known,raman_preprocessed_als_sg0_snv_area,als_sg0_snv_area,weighted_knn,"k=1,metric=manhattan,max_features=48,x_transform=none,log_target=True",10,0.60575453,0.099897328,0.33186842,-0.59063826
rhamnose_gL,target_focused,eem_parafac_scores,parafac_rank_selected,krr,"kernel=laplacian,alpha=0.01,gamma_scale=2.0,max_features=12,x_transform=none,log_target=True",10,0.60688396,0.14104485,0.39018484,-0.30518045
rhamnose_gL,target_focused,eem_parafac_scores,parafac_rank_selected,krr,"kernel=laplacian,alpha=0.01,gamma_scale=2.0,max_features=48,x_transform=none,log_target=True",10,0.60688396,0.14104485,0.39018484,-0.30518045
rhamnose_gL,target_focused,eem_parafac_scores,parafac_rank_selected,krr,"kernel=laplacian,alpha=0.01,gamma_scale=2.0,max_features=192,x_transform=none,log_target=True",10,0.60688396,0.14104485,0.39018484,-0.30518045
rhamnose_gL,target_focused,eem_parafac_scores,parafac_rank_selected,weighted_knn,"k=1,metric=manhattan,max_features=12,x_transform=none,log_target=False",10,0.60756584,0.13127059,0.38007143,-0.39184246
rhamnose_gL,target_focused,eem_parafac_scores,parafac_rank_selected,weighted_knn,"k=1,metric=manhattan,max_features=12,x_transform=none,log_target=True",10,0.60756584,0.13127059,0.38007143,-0.39184246
rhamnose_gL,target_focused,eem_parafac_scores,parafac_rank_selected,weighted_knn,"k=1,metric=manhattan,max_features=48,x_transform=none,log_target=False",10,0.60756584,0.13127059,0.38007143,-0.39184246
rhamnose_gL,target_focused,eem_parafac_scores,parafac_rank_selected,weighted_knn,"k=1,metric=manhattan,max_features=48,x_transform=none,log_target=True",10,0.60756584,0.13127059,0.38007143,-0.39184246
rhamnose_gL,target_focused,eem_parafac_scores,parafac_rank_selected,weighted_knn,"k=1,metric=manhattan,max_features=192,x_transform=none,log_target=False",10,0.60756584,0.13127059,0.38007143,-0.39184246
rhamnose_gL,target_focused,eem_parafac_scores,parafac_rank_selected,weighted_knn,"k=1,metric=manhattan,max_features=192,x_transform=none,log_target=True",10,0.60756584,0.13127059,0.38007143,-0.39184246
rhamnose_gL,all_known,raman_preprocessed_als_sg0_snv_area,als_sg0_snv_area,weighted_knn,"k=1,metric=manhattan,max_features=48,x_transform=l2,log_target=False",10,0.60758311,0.078149659,0.31947368,-0.66318095
rhamnose_gL,all_known,raman_preprocessed_als_sg0_snv_area,als_sg0_snv_area,weighted_knn,"k=1,metric=manhattan,max_features=48,x_transform=l2,log_target=True",10,0.60758311,0.078149659,0.31947368,-0.66318095
rhamnose_gL,all_known,parafac_raman_fusion_als_sg0_snv_area,als_sg0_snv_area+parafac,weighted_knn,"k=1,metric=manhattan,max_features=12,x_transform=none,log_target=False",10,0.60817679,0.11224754,0.323,-0.52374484
rhamnose_gL,all_known,parafac_raman_fusion_als_sg0_snv_area,als_sg0_snv_area+parafac,weighted_knn,"k=1,metric=manhattan,max_features=12,x_transform=none,log_target=True",10,0.60817679,0.11224754,0.323,-0.52374484
rhamnose_gL,target_focused,eem_parafac_scores,parafac_rank_selected,krr,"kernel=laplacian,alpha=0.01,gamma_scale=2.0,max_features=12,x_transform=none,log_target=False",10,0.61185164,0.14000527,0.40199749,-0.34315905
rhamnose_gL,target_focused,eem_parafac_scores,parafac_rank_selected,krr,"kernel=laplacian,alpha=0.01,gamma_scale=2.0,max_features=48,x_transform=none,log_target=False",10,0.61185164,0.14000527,0.40199749,-0.34315905
rhamnose_gL,target_focused,eem_parafac_scores,parafac_rank_selected,krr,"kernel=laplacian,alpha=0.01,gamma_scale=2.0,max_features=192,x_transform=none,log_target=False",10,0.61185164,0.14000527,0.40199749,-0.34315905
rhamnose_gL,all_known,parafac_raman_fusion_als_sg2_snv,als_sg2_snv+parafac,weighted_knn,"k=1,metric=manhattan,max_features=12,x_transform=none,log_target=False",10,0.61272242,0.13567955,0.31951351,-0.51419715
rhamnose_gL,all_known,parafac_raman_fusion_als_sg2_snv,als_sg2_snv+parafac,weighted_knn,"k=1,metric=manhattan,max_features=12,x_transform=none,log_target=True",10,0.61272242,0.13567955,0.31951351,-0.51419715
rhamnose_gL,all_known,parafac_raman_fusion_als_sg0_snv_area,als_sg0_snv_area+parafac,weighted_knn,"k=1,metric=correlation,max_features=192,x_transform=none,log_target=False",10,0.61307858,0.1270632,0.32043243,-0.50457611
rhamnose_gL,all_known,parafac_raman_fusion_als_sg0_snv_area,als_sg0_snv_area+parafac,weighted_knn,"k=1,metric=correlation,max_features=192,x_transform=none,log_target=True",10,0.61307858,0.1270632,0.32043243,-0.50457611
rhamnose_gL,all_known,parafac_raman_fusion_als_sg0_snv_area,als_sg0_snv_area+parafac,weighted_knn,"k=1,metric=correlation,max_features=192,x_transform=l2,log_target=False",10,0.61307858,0.1270632,0.32043243,-0.50457611
rhamnose_gL,all_known,parafac_raman_fusion_als_sg0_snv_area,als_sg0_snv_area+parafac,weighted_knn,"k=1,metric=correlation,max_features=192,x_transform=l2,log_target=True",10,0.61307858,0.1270632,0.32043243,-0.50457611
rhamnose_gL,all_known,parafac_raman_fusion_als_sg2_snv,als_sg2_snv+parafac,weighted_knn,"k=1,metric=correlation,max_features=48,x_transform=none,log_target=False",10,0.61470162,0.15524228,0.35737838,-0.55889294
rhamnose_gL,all_known,parafac_raman_fusion_als_sg2_snv,als_sg2_snv+parafac,weighted_knn,"k=1,metric=correlation,max_features=48,x_transform=none,log_target=True",10,0.61470162,0.15524228,0.35737838,-0.55889294
rhamnose_gL,all_known,parafac_raman_fusion_als_sg2_snv,als_sg2_snv+parafac,weighted_knn,"k=1,metric=correlation,max_features=48,x_transform=l2,log_target=False",10,0.61470162,0.15524228,0.35737838,-0.55889294
rhamnose_gL,all_known,parafac_raman_fusion_als_sg2_snv,als_sg2_snv+parafac,weighted_knn,"k=1,metric=correlation,max_features=48,x_transform=l2,log_target=True",10,0.61470162,0.15524228,0.35737838,-0.55889294
rhamnose_gL,all_known,parafac_raman_fusion_als_sg2_snv,als_sg2_snv+parafac,weighted_knn,"k=1,metric=manhattan,max_features=192,x_transform=l2,log_target=False",10,0.62151903,0.1414492,0.33608108,-0.56464309
rhamnose_gL,all_known,parafac_raman_fusion_als_sg2_snv,als_sg2_snv+parafac,weighted_knn,"k=1,metric=manhattan,max_features=192,x_transform=l2,log_target=True",10,0.62151903,0.1414492,0.33608108,-0.56464309
rhamnose_gL,all_known,raman_preprocessed_als_sg0_snv_area,als_sg0_snv_area,weighted_knn,"k=1,metric=manhattan,max_features=12,x_transform=none,log_target=False",10,0.62350091,0.12513956,0.33868421,-0.77271155
rhamnose_gL,all_known,raman_preprocessed_als_sg0_snv_area,als_sg0_snv_area,weighted_knn,"k=1,metric=manhattan,max_features=12,x_transform=none,log_target=True",10,0.62350091,0.12513956,0.33868421,-0.77271155
rhamnose_gL,all_known,raman_preprocessed_als_sg2_snv,als_sg2_snv,weighted_knn,"k=1,metric=manhattan,max_features=192,x_transform=l2,log_target=False",10,0.62725908,0.13535577,0.33423684,-0.78285862
rhamnose_gL,all_known,raman_preprocessed_als_sg2_snv,als_sg2_snv,weighted_knn,"k=1,metric=manhattan,max_features=192,x_transform=l2,log_target=True",10,0.62725908,0.13535577,0.33423684,-0.78285862
rhamnose_gL,all_known,eem_parafac_scores,parafac_rank_selected,weighted_knn,"k=5,metric=manhattan,max_features=12,x_transform=l2,log_target=False",10,0.62863576,0.083195485,0.40733243,-1.0587592
rhamnose_gL,all_known,eem_parafac_scores,parafac_rank_selected,weighted_knn,"k=5,metric=manhattan,max_features=48,x_transform=l2,log_target=False",10,0.62863576,0.083195485,0.40733243,-1.0587592
rhamnose_gL,all_known,eem_parafac_scores,parafac_rank_selected,weighted_knn,"k=5,metric=manhattan,max_features=192,x_transform=l2,log_target=False",10,0.62863576,0.083195485,0.40733243,-1.0587592
rhamnose_gL,all_known,parafac_raman_fusion_als_sg0_snv_area,als_sg0_snv_area+parafac,weighted_knn,"k=1,metric=manhattan,max_features=192,x_transform=l2,log_target=False",10,0.62921588,0.086821562,0.32912162,-0.76530297
rhamnose_gL,all_known,parafac_raman_fusion_als_sg0_snv_area,als_sg0_snv_area+parafac,weighted_knn,"k=1,metric=manhattan,max_features=192,x_transform=l2,log_target=True",10,0.62921588,0.086821562,0.32912162,-0.76530297
rhamnose_gL,target_focused,eem_parafac_scores,parafac_rank_selected,weighted_knn,"k=1,metric=correlation,max_features=12,x_transform=none,log_target=False",10,0.62946008,0.16281308,0.35028571,-0.35499474
rhamnose_gL,target_focused,eem_parafac_scores,parafac_rank_selected,weighted_knn,"k=1,metric=correlation,max_features=12,x_transform=none,log_target=True",10,0.62946008,0.16281308,0.35028571,-0.35499474
rhamnose_gL,target_focused,eem_parafac_scores,parafac_rank_selected,weighted_knn,"k=1,metric=correlation,max_features=12,x_transform=l2,log_target=False",10,0.62946008,0.16281308,0.35028571,-0.35499474
rhamnose_gL,target_focused,eem_parafac_scores,parafac_rank_selected,weighted_knn,"k=1,metric=correlation,max_features=12,x_transform=l2,log_target=True",10,0.62946008,0.16281308,0.35028571,-0.35499474
rhamnose_gL,target_focused,eem_parafac_scores,parafac_rank_selected,weighted_knn,"k=1,metric=correlation,max_features=48,x_transform=none,log_target=False",10,0.62946008,0.16281308,0.35028571,-0.35499474
rhamnose_gL,target_focused,eem_parafac_scores,parafac_rank_selected,weighted_knn,"k=1,metric=correlation,max_features=48,x_transform=none,log_target=True",10,0.62946008,0.16281308,0.35028571,-0.35499474
rhamnose_gL,target_focused,eem_parafac_scores,parafac_rank_selected,weighted_knn,"k=1,metric=correlation,max_features=48,x_transform=l2,log_target=False",10,0.62946008,0.16281308,0.35028571,-0.35499474
rhamnose_gL,target_focused,eem_parafac_scores,parafac_rank_selected,weighted_knn,"k=1,metric=correlation,max_features=48,x_transform=l2,log_target=True",10,0.62946008,0.16281308,0.35028571,-0.35499474
rhamnose_gL,target_focused,eem_parafac_scores,parafac_rank_selected,weighted_knn,"k=1,metric=correlation,max_features=192,x_transform=none,log_target=False",10,0.62946008,0.16281308,0.35028571,-0.35499474
rhamnose_gL,target_focused,eem_parafac_scores,parafac_rank_selected,weighted_knn,"k=1,metric=correlation,max_features=192,x_transform=none,log_target=True",10,0.62946008,0.16281308,0.35028571,-0.35499474
rhamnose_gL,target_focused,eem_parafac_scores,parafac_rank_selected,weighted_knn,"k=1,metric=correlation,max_features=192,x_transform=l2,log_target=False",10,0.62946008,0.16281308,0.35028571,-0.35499474
rhamnose_gL,target_focused,eem_parafac_scores,parafac_rank_selected,weighted_knn,"k=1,metric=correlation,max_features=192,x_transform=l2,log_target=True",10,0.62946008,0.16281308,0.35028571,-0.35499474
rhamnose_gL,all_known,raman_preprocessed_als_sg0_snv_area,als_sg0_snv_area,weighted_knn,"k=1,metric=manhattan,max_features=192,x_transform=l2,log_target=False",10,0.63028826,0.10422649,0.32955263,-0.77012708
rhamnose_gL,all_known,raman_preprocessed_als_sg0_snv_area,als_sg0_snv_area,weighted_knn,"k=1,metric=manhattan,max_features=192,x_transform=l2,log_target=True",10,0.63028826,0.10422649,0.32955263,-0.77012708
rhamnose_gL,all_known,parafac_raman_fusion_als_sg0_snv_area,als_sg0_snv_area+parafac,weighted_knn,"k=1,metric=manhattan,max_features=192,x_transform=none,log_target=False",10,0.63094694,0.12641741,0.31981081,-0.61213389
rhamnose_gL,all_known,parafac_raman_fusion_als_sg0_snv_area,als_sg0_snv_area+parafac,weighted_knn,"k=1,metric=manhattan,max_features=192,x_transform=none,log_target=True",10,0.63094694,0.12641741,0.31981081,-0.61213389
rhamnose_gL,all_known,eem_parafac_scores,parafac_rank_selected,weighted_knn,"k=1,metric=manhattan,max_features=12,x_transform=none,log_target=False",10,0.63524176,0.12520282,0.33737838,-0.69454461
rhamnose_gL,all_known,eem_parafac_scores,parafac_rank_selected,weighted_knn,"k=1,metric=manhattan,max_features=12,x_transform=none,log_target=True",10,0.63524176,0.12520282,0.33737838,-0.69454461
rhamnose_gL,all_known,eem_parafac_scores,parafac_rank_selected,weighted_knn,"k=1,metric=manhattan,max_features=48,x_transform=none,log_target=False",10,0.63524176,0.12520282,0.33737838,-0.69454461
rhamnose_gL,all_known,eem_parafac_scores,parafac_rank_selected,weighted_knn,"k=1,metric=manhattan,max_features=48,x_transform=none,log_target=True",10,0.63524176,0.12520282,0.33737838,-0.69454461
rhamnose_gL,all_known,eem_parafac_scores,parafac_rank_selected,weighted_knn,"k=1,metric=manhattan,max_features=192,x_transform=none,log_target=False",10,0.63524176,0.12520282,0.33737838,-0.69454461
rhamnose_gL,all_known,eem_parafac_scores,parafac_rank_selected,weighted_knn,"k=1,metric=manhattan,max_features=192,x_transform=none,log_target=True",10,0.63524176,0.12520282,0.33737838,-0.69454461
rhamnose_gL,all_known,raman_preprocessed_als_sg0_snv_area,als_sg0_snv_area,krr,"kernel=rbf,alpha=0.01,gamma_scale=1.0,max_features=12,x_transform=l2,log_target=False",10,0.63769456,0.085490448,0.43825925,-0.87723115
rhamnose_gL,all_known,eem_parafac_scores,parafac_rank_selected,weighted_knn,"k=1,metric=correlation,max_features=12,x_transform=none,log_target=False",10,0.64293653,0.20159729,0.40006757,-0.74887821
rhamnose_gL,all_known,eem_parafac_scores,parafac_rank_selected,weighted_knn,"k=1,metric=correlation,max_features=12,x_transform=none,log_target=True",10,0.64293653,0.20159729,0.40006757,-0.74887821
rhamnose_gL,all_known,eem_parafac_scores,parafac_rank_selected,weighted_knn,"k=1,metric=correlation,max_features=12,x_transform=l2,log_target=False",10,0.64293653,0.20159729,0.40006757,-0.74887821
rhamnose_gL,all_known,eem_parafac_scores,parafac_rank_selected,weighted_knn,"k=1,metric=correlation,max_features=12,x_transform=l2,log_target=True",10,0.64293653,0.20159729,0.40006757,-0.74887821
rhamnose_gL,all_known,eem_parafac_scores,parafac_rank_selected,weighted_knn,"k=1,metric=correlation,max_features=48,x_transform=none,log_target=False",10,0.64293653,0.20159729,0.40006757,-0.74887821
rhamnose_gL,all_known,eem_parafac_scores,parafac_rank_selected,weighted_knn,"k=1,metric=correlation,max_features=48,x_transform=none,log_target=True",10,0.64293653,0.20159729,0.40006757,-0.74887821
rhamnose_gL,all_known,eem_parafac_scores,parafac_rank_selected,weighted_knn,"k=1,metric=correlation,max_features=48,x_transform=l2,log_target=False",10,0.64293653,0.20159729,0.40006757,-0.74887821
rhamnose_gL,all_known,eem_parafac_scores,parafac_rank_selected,weighted_knn,"k=1,metric=correlation,max_features=48,x_transform=l2,log_target=True",10,0.64293653,0.20159729,0.40006757,-0.74887821
rhamnose_gL,all_known,eem_parafac_scores,parafac_rank_selected,weighted_knn,"k=1,metric=correlation,max_features=192,x_transform=none,log_target=False",10,0.64293653,0.20159729,0.40006757,-0.74887821
rhamnose_gL,all_known,eem_parafac_scores,parafac_rank_selected,weighted_knn,"k=1,metric=correlation,max_features=192,x_transform=none,log_target=True",10,0.64293653,0.20159729,0.40006757,-0.74887821
rhamnose_gL,all_known,eem_parafac_scores,parafac_rank_selected,weighted_knn,"k=1,metric=correlation,max_features=192,x_transform=l2,log_target=False",10,0.64293653,0.20159729,0.40006757,-0.74887821
rhamnose_gL,all_known,eem_parafac_scores,parafac_rank_selected,weighted_knn,"k=1,metric=correlation,max_features=192,x_transform=l2,log_target=True",10,0.64293653,0.20159729,0.40006757,-0.74887821
rhamnose_gL,all_known,raman_preprocessed_als_sg2_snv,als_sg2_snv,krr,"kernel=rbf,alpha=0.01,gamma_scale=1.0,max_features=12,x_transform=l2,log_target=False",10,0.64303592,0.088864608,0.43024897,-0.84993064
rhamnose_gL,all_known,raman_preprocessed_als_sg0_snv_area,als_sg0_snv_area,weighted_knn,"k=1,metric=manhattan,max_features=192,x_transform=none,log_target=False",10,0.64762482,0.11316205,0.33423684,-0.86408388
rhamnose_gL,all_known,raman_preprocessed_als_sg0_snv_area,als_sg0_snv_area,weighted_knn,"k=1,metric=manhattan,max_features=192,x_transform=none,log_target=True",10,0.64762482,0.11316205,0.33423684,-0.86408388
rhamnose_gL,target_focused,eem_parafac_scores,parafac_rank_selected,weighted_knn,"k=1,metric=manhattan,max_features=12,x_transform=l2,log_target=False",10,0.65042386,0.08735665,0.45742857,-0.64394689
rhamnose_gL,target_focused,eem_parafac_scores,parafac_rank_selected,weighted_knn,"k=1,metric=manhattan,max_features=12,x_transform=l2,log_target=True",10,0.65042386,0.08735665,0.45742857,-0.64394689
rhamnose_gL,target_focused,eem_parafac_scores,parafac_rank_selected,weighted_knn,"k=1,metric=manhattan,max_features=48,x_transform=l2,log_target=False",10,0.65042386,0.08735665,0.45742857,-0.64394689
rhamnose_gL,target_focused,eem_parafac_scores,parafac_rank_selected,weighted_knn,"k=1,metric=manhattan,max_features=48,x_transform=l2,log_target=True",10,0.65042386,0.08735665,0.45742857,-0.64394689
rhamnose_gL,target_focused,eem_parafac_scores,parafac_rank_selected,weighted_knn,"k=1,metric=manhattan,max_features=192,x_transform=l2,log_target=False",10,0.65042386,0.08735665,0.45742857,-0.64394689
rhamnose_gL,target_focused,eem_parafac_scores,parafac_rank_selected,weighted_knn,"k=1,metric=manhattan,max_features=192,x_transform=l2,log_target=True",10,0.65042386,0.08735665,0.45742857,-0.64394689
rhamnose_gL,all_known,raman_preprocessed_als_sg0_snv_area,als_sg0_snv_area,weighted_knn,"k=1,metric=manhattan,max_features=12,x_transform=l2,log_target=False",10,0.65058664,0.13514776,0.35515789,-0.95471139
rhamnose_gL,all_known,raman_preprocessed_als_sg0_snv_area,als_sg0_snv_area,weighted_knn,"k=1,metric=manhattan,max_features=12,x_transform=l2,log_target=True",10,0.65058664,0.13514776,0.35515789,-0.95471139
rhamnose_gL,all_known,parafac_raman_fusion_als_sg2_snv,als_sg2_snv+parafac,weighted_knn,"k=1,metric=manhattan,max_features=48,x_transform=l2,log_target=False",10,0.6522175,0.091542151,0.37268919,-0.93698926
rhamnose_gL,all_known,parafac_raman_fusion_als_sg2_snv,als_sg2_snv+parafac,weighted_knn,"k=1,metric=manhattan,max_features=48,x_transform=l2,log_target=True",10,0.6522175,0.091542151,0.37268919,-0.93698926
rhamnose_gL,all_known,parafac_raman_fusion_als_sg2_snv,als_sg2_snv+parafac,weighted_knn,"k=1,metric=correlation,max_features=12,x_transform=none,log_target=False",10,0.65381089,0.13722527,0.35689189,-0.71698773
rhamnose_gL,all_known,parafac_raman_fusion_als_sg2_snv,als_sg2_snv+parafac,weighted_knn,"k=1,metric=correlation,max_features=12,x_transform=none,log_target=True",10,0.65381089,0.13722527,0.35689189,-0.71698773
rhamnose_gL,all_known,parafac_raman_fusion_als_sg2_snv,als_sg2_snv+parafac,weighted_knn,"k=1,metric=correlation,max_features=12,x_transform=l2,log_target=False",10,0.65381089,0.13722527,0.35689189,-0.71698773
rhamnose_gL,all_known,parafac_raman_fusion_als_sg2_snv,als_sg2_snv+parafac,weighted_knn,"k=1,metric=correlation,max_features=12,x_transform=l2,log_target=True",10,0.65381089,0.13722527,0.35689189,-0.71698773
rhamnose_gL,all_known,parafac_raman_fusion_als_sg2_snv,als_sg2_snv+parafac,weighted_knn,"k=1,metric=manhattan,max_features=12,x_transform=l2,log_target=False",10,0.65448321,0.13453816,0.35581081,-0.76269844
rhamnose_gL,all_known,parafac_raman_fusion_als_sg2_snv,als_sg2_snv+parafac,weighted_knn,"k=1,metric=manhattan,max_features=12,x_transform=l2,log_target=True",10,0.65448321,0.13453816,0.35581081,-0.76269844
rhamnose_gL,all_known,eem_parafac_scores,parafac_rank_selected,weighted_knn,"k=1,metric=manhattan,max_features=12,x_transform=l2,log_target=False",10,0.67128842,0.05902499,0.46436486,-1.0425899
rhamnose_gL,all_known,eem_parafac_scores,parafac_rank_selected,weighted_knn,"k=1,metric=manhattan,max_features=12,x_transform=l2,log_target=True",10,0.67128842,0.05902499,0.46436486,-1.0425899
rhamnose_gL,all_known,eem_parafac_scores,parafac_rank_selected,weighted_knn,"k=1,metric=manhattan,max_features=48,x_transform=l2,log_target=False",10,0.67128842,0.05902499,0.46436486,-1.0425899
rhamnose_gL,all_known,eem_parafac_scores,parafac_rank_selected,weighted_knn,"k=1,metric=manhattan,max_features=48,x_transform=l2,log_target=True",10,0.67128842,0.05902499,0.46436486,-1.0425899
rhamnose_gL,all_known,eem_parafac_scores,parafac_rank_selected,weighted_knn,"k=1,metric=manhattan,max_features=192,x_transform=l2,log_target=False",10,0.67128842,0.05902499,0.46436486,-1.0425899
rhamnose_gL,all_known,eem_parafac_scores,parafac_rank_selected,weighted_knn,"k=1,metric=manhattan,max_features=192,x_transform=l2,log_target=True",10,0.67128842,0.05902499,0.46436486,-1.0425899
rhamnose_gL,all_known,parafac_raman_fusion_als_sg2_snv,als_sg2_snv+parafac,weighted_knn,"k=1,metric=correlation,max_features=192,x_transform=none,log_target=False",10,0.68827179,0.10826572,0.38417568,-1.0392998
rhamnose_gL,all_known,parafac_raman_fusion_als_sg2_snv,als_sg2_snv+parafac,weighted_knn,"k=1,metric=correlation,max_features=192,x_transform=none,log_target=True",10,0.68827179,0.10826572,0.38417568,-1.0392998
rhamnose_gL,all_known,parafac_raman_fusion_als_sg2_snv,als_sg2_snv+parafac,weighted_knn,"k=1,metric=correlation,max_features=192,x_transform=l2,log_target=False",10,0.68827179,0.10826572,0.38417568,-1.0392998
rhamnose_gL,all_known,parafac_raman_fusion_als_sg2_snv,als_sg2_snv+parafac,weighted_knn,"k=1,metric=correlation,max_features=192,x_transform=l2,log_target=True",10,0.68827179,0.10826572,0.38417568,-1.0392998
rhamnose_gL,all_known,raman_preprocessed_als_sg2_snv,als_sg2_snv,weighted_knn,"k=1,metric=manhattan,max_features=12,x_transform=l2,log_target=False",10,0.69212926,0.1032131,0.38269737,-1.1476077
rhamnose_gL,all_known,raman_preprocessed_als_sg2_snv,als_sg2_snv,weighted_knn,"k=1,metric=manhattan,max_features=12,x_transform=l2,log_target=True",10,0.69212926,0.1032131,0.38269737,-1.1476077
rhamnose_gL,all_known,raman_preprocessed_als_sg2_snv,als_sg2_snv,weighted_knn,"k=1,metric=correlation,max_features=12,x_transform=none,log_target=False",10,0.70443946,0.10017508,0.39228947,-1.2654265
rhamnose_gL,all_known,raman_preprocessed_als_sg2_snv,als_sg2_snv,weighted_knn,"k=1,metric=correlation,max_features=12,x_transform=none,log_target=True",10,0.70443946,0.10017508,0.39228947,-1.2654265
rhamnose_gL,all_known,raman_preprocessed_als_sg2_snv,als_sg2_snv,weighted_knn,"k=1,metric=correlation,max_features=12,x_transform=l2,log_target=False",10,0.70443946,0.10017508,0.39228947,-1.2654265
rhamnose_gL,all_known,raman_preprocessed_als_sg2_snv,als_sg2_snv,weighted_knn,"k=1,metric=correlation,max_features=12,x_transform=l2,log_target=True",10,0.70443946,0.10017508,0.39228947,-1.2654265
rhamnose_gL,all_known,raman_preprocessed_als_sg2_snv,als_sg2_snv,weighted_knn,"k=1,metric=correlation,max_features=48,x_transform=none,log_target=False",10,0.70493578,0.094844501,0.40390789,-1.3382247
rhamnose_gL,all_known,raman_preprocessed_als_sg2_snv,als_sg2_snv,weighted_knn,"k=1,metric=correlation,max_features=48,x_transform=none,log_target=True",10,0.70493578,0.094844501,0.40390789,-1.3382247
rhamnose_gL,all_known,raman_preprocessed_als_sg2_snv,als_sg2_snv,weighted_knn,"k=1,metric=correlation,max_features=48,x_transform=l2,log_target=False",10,0.70493578,0.094844501,0.40390789,-1.3382247
rhamnose_gL,all_known,raman_preprocessed_als_sg2_snv,als_sg2_snv,weighted_knn,"k=1,metric=correlation,max_features=48,x_transform=l2,log_target=True",10,0.70493578,0.094844501,0.40390789,-1.3382247
rhamnose_gL,all_known,raman_preprocessed_als_sg0_snv_area,als_sg0_snv_area,weighted_knn,"k=1,metric=correlation,max_features=12,x_transform=none,log_target=False",10,0.71004083,0.13070347,0.38140789,-1.4892145
rhamnose_gL,all_known,raman_preprocessed_als_sg0_snv_area,als_sg0_snv_area,weighted_knn,"k=1,metric=correlation,max_features=12,x_transform=none,log_target=True",10,0.71004083,0.13070347,0.38140789,-1.4892145
rhamnose_gL,all_known,raman_preprocessed_als_sg0_snv_area,als_sg0_snv_area,weighted_knn,"k=1,metric=correlation,max_features=12,x_transform=l2,log_target=False",10,0.71004083,0.13070347,0.38140789,-1.4892145
rhamnose_gL,all_known,raman_preprocessed_als_sg0_snv_area,als_sg0_snv_area,weighted_knn,"k=1,metric=correlation,max_features=12,x_transform=l2,log_target=True",10,0.71004083,0.13070347,0.38140789,-1.4892145
rhamnose_gL,all_known,raman_preprocessed_als_sg2_snv,als_sg2_snv,weighted_knn,"k=1,metric=correlation,max_features=192,x_transform=none,log_target=False",10,0.71488738,0.068762421,0.39792105,-1.3364622
rhamnose_gL,all_known,raman_preprocessed_als_sg2_snv,als_sg2_snv,weighted_knn,"k=1,metric=correlation,max_features=192,x_transform=none,log_target=True",10,0.71488738,0.068762421,0.39792105,-1.3364622
rhamnose_gL,all_known,raman_preprocessed_als_sg2_snv,als_sg2_snv,weighted_knn,"k=1,metric=correlation,max_features=192,x_transform=l2,log_target=False",10,0.71488738,0.068762421,0.39792105,-1.3364622
rhamnose_gL,all_known,raman_preprocessed_als_sg2_snv,als_sg2_snv,weighted_knn,"k=1,metric=correlation,max_features=192,x_transform=l2,log_target=True",10,0.71488738,0.068762421,0.39792105,-1.3364622
rhamnose_gL,all_known,raman_preprocessed_als_sg2_snv,als_sg2_snv,weighted_knn,"k=1,metric=manhattan,max_features=48,x_transform=l2,log_target=False",10,0.72426255,0.10890756,0.42673684,-1.4202445
rhamnose_gL,all_known,raman_preprocessed_als_sg2_snv,als_sg2_snv,weighted_knn,"k=1,metric=manhattan,max_features=48,x_transform=l2,log_target=True",10,0.72426255,0.10890756,0.42673684,-1.4202445
rhamnose_gL,target_focused,eem_parafac_scores,parafac_rank_selected,weighted_knn,"k=3,metric=manhattan,max_features=12,x_transform=l2,log_target=True",10,0.72764769,0.11787482,0.52506693,-1.4069014
rhamnose_gL,target_focused,eem_parafac_scores,parafac_rank_selected,weighted_knn,"k=3,metric=manhattan,max_features=48,x_transform=l2,log_target=True",10,0.72764769,0.11787482,0.52506693,-1.4069014
rhamnose_gL,target_focused,eem_parafac_scores,parafac_rank_selected,weighted_knn,"k=3,metric=manhattan,max_features=192,x_transform=l2,log_target=True",10,0.72764769,0.11787482,0.52506693,-1.4069014
rhamnose_gL,target_focused,eem_parafac_scores,parafac_rank_selected,weighted_knn,"k=5,metric=manhattan,max_features=12,x_transform=l2,log_target=True",10,0.79808261,0.085046231,0.58718665,-1.9880163
rhamnose_gL,target_focused,eem_parafac_scores,parafac_rank_selected,weighted_knn,"k=5,metric=manhattan,max_features=48,x_transform=l2,log_target=True",10,0.79808261,0.085046231,0.58718665,-1.9880163
rhamnose_gL,target_focused,eem_parafac_scores,parafac_rank_selected,weighted_knn,"k=5,metric=manhattan,max_features=192,x_transform=l2,log_target=True",10,0.79808261,0.085046231,0.58718665,-1.9880163
rhamnose_gL,target_focused,eem_parafac_scores,parafac_rank_selected,weighted_knn,"k=3,metric=manhattan,max_features=12,x_transform=l2,log_target=False",10,0.80937646,0.11318128,0.58896825,-2.0465104
rhamnose_gL,target_focused,eem_parafac_scores,parafac_rank_selected,weighted_knn,"k=3,metric=manhattan,max_features=48,x_transform=l2,log_target=False",10,0.80937646,0.11318128,0.58896825,-2.0465104
rhamnose_gL,target_focused,eem_parafac_scores,parafac_rank_selected,weighted_knn,"k=3,metric=manhattan,max_features=192,x_transform=l2,log_target=False",10,0.80937646,0.11318128,0.58896825,-2.0465104
rhamnose_gL,target_focused,eem_parafac_scores,parafac_rank_selected,weighted_knn,"k=5,metric=manhattan,max_features=12,x_transform=l2,log_target=False",10,0.88968635,0.12589196,0.66210476,-2.8182786
rhamnose_gL,target_focused,eem_parafac_scores,parafac_rank_selected,weighted_knn,"k=5,metric=manhattan,max_features=48,x_transform=l2,log_target=False",10,0.88968635,0.12589196,0.66210476,-2.8182786
rhamnose_gL,target_focused,eem_parafac_scores,parafac_rank_selected,weighted_knn,"k=5,metric=manhattan,max_features=192,x_transform=l2,log_target=False",10,0.88968635,0.12589196,0.66210476,-2.8182786
xylose_gL,all_known,raman_preprocessed_als_sg2_snv,als_sg2_snv,weighted_knn,"k=5,metric=correlation,max_features=192,x_transform=l2,log_target=True",10,0.5525895,0.13125753,0.26107143,-0.013417079
xylose_gL,all_known,raman_preprocessed_als_sg2_snv,als_sg2_snv,weighted_knn,"k=5,metric=correlation,max_features=192,x_transform=none,log_target=True",10,0.5525895,0.13125753,0.26107143,-0.013417079
xylose_gL,all_known,raman_preprocessed_als_sg2_snv,als_sg2_snv,weighted_knn,"k=5,metric=manhattan,max_features=192,x_transform=l2,log_target=True",10,0.56382079,0.17756052,0.25967425,0.046420071
xylose_gL,all_known,raman_preprocessed_als_sg0_snv_area,als_sg0_snv_area,krr,"kernel=laplacian,alpha=0.01,gamma_scale=1.0,max_features=192,x_transform=l2,log_target=True",10,0.56858337,0.21108648,0.27441974,0.14777544
xylose_gL,all_known,raman_preprocessed_als_sg0_snv_area,als_sg0_snv_area,krr,"kernel=laplacian,alpha=0.1,gamma_scale=1.0,max_features=192,x_transform=l2,log_target=True",10,0.57046844,0.21308401,0.27438959,0.14471656
xylose_gL,all_known,raman_preprocessed_als_sg0_snv_area,als_sg0_snv_area,krr,"kernel=laplacian,alpha=0.01,gamma_scale=1.0,max_features=192,x_transform=none,log_target=True",10,0.573459,0.20958801,0.27588561,0.12830577
xylose_gL,all_known,raman_preprocessed_als_sg2_snv,als_sg2_snv,weighted_knn,"k=5,metric=correlation,max_features=192,x_transform=none,log_target=False",10,0.57382504,0.09033593,0.30169032,-0.37009206
xylose_gL,all_known,raman_preprocessed_als_sg2_snv,als_sg2_snv,weighted_knn,"k=5,metric=correlation,max_features=192,x_transform=l2,log_target=False",10,0.57382504,0.09033593,0.30169032,-0.37009206
xylose_gL,all_known,raman_preprocessed_als_sg0_snv_area,als_sg0_snv_area,krr,"kernel=rbf,alpha=0.01,gamma_scale=2.0,max_features=192,x_transform=l2,log_target=True",10,0.57411542,0.20848497,0.2706976,0.12337123
xylose_gL,all_known,raman_preprocessed_als_sg0_snv_area,als_sg0_snv_area,krr,"kernel=laplacian,alpha=0.1,gamma_scale=1.0,max_features=192,x_transform=none,log_target=True",10,0.57413877,0.21193635,0.27495373,0.13022035
xylose_gL,all_known,raman_preprocessed_als_sg0_snv_area,als_sg0_snv_area,krr,"kernel=rbf,alpha=0.1,gamma_scale=2.0,max_features=192,x_transform=none,log_target=True",10,0.5743637,0.21100842,0.26617164,0.12560917
xylose_gL,all_known,raman_preprocessed_als_sg0_snv_area,als_sg0_snv_area,krr,"kernel=rbf,alpha=0.01,gamma_scale=2.0,max_features=192,x_transform=none,log_target=True",10,0.57438045,0.20950218,0.26778362,0.12191901
xylose_gL,all_known,raman_preprocessed_als_sg0_snv_area,als_sg0_snv_area,krr,"kernel=rbf,alpha=0.1,gamma_scale=2.0,max_features=192,x_transform=l2,log_target=True",10,0.57465176,0.21016794,0.27168579,0.12467371
xylose_gL,all_known,raman_preprocessed_als_sg2_snv,als_sg2_snv,krr,"kernel=rbf,alpha=0.1,gamma_scale=2.0,max_features=48,x_transform=l2,log_target=True",10,0.57471577,0.18246804,0.27963818,0.02664816
xylose_gL,all_known,raman_preprocessed_als_sg0_snv_area,als_sg0_snv_area,krr,"kernel=rbf,alpha=0.1,gamma_scale=1.0,max_features=192,x_transform=l2,log_target=True",10,0.57508304,0.19941238,0.28133124,0.098162655
xylose_gL,all_known,raman_preprocessed_als_sg0_snv_area,als_sg0_snv_area,krr,"kernel=laplacian,alpha=0.01,gamma_scale=2.0,max_features=192,x_transform=l2,log_target=False",10,0.57649067,0.18183167,0.32994086,0.033481024
xylose_gL,all_known,raman_preprocessed_als_sg0_snv_area,als_sg0_snv_area,krr,"kernel=laplacian,alpha=0.01,gamma_scale=2.0,max_features=192,x_transform=none,log_target=True",10,0.57650223,0.21787304,0.26745748,0.13264668
xylose_gL,all_known,raman_preprocessed_als_sg2_snv,als_sg2_snv,krr,"kernel=rbf,alpha=0.01,gamma_scale=2.0,max_features=48,x_transform=l2,log_target=True",10,0.57652885,0.17751152,0.28226922,-0.0025633565
xylose_gL,all_known,raman_preprocessed_als_sg0_snv_area,als_sg0_snv_area,krr,"kernel=laplacian,alpha=0.01,gamma_scale=2.0,max_features=192,x_transform=l2,log_target=True",10,0.57701354,0.21877899,0.27205698,0.13240571
xylose_gL,all_known,raman_preprocessed_als_sg0_snv_area,als_sg0_snv_area,krr,"kernel=laplacian,alpha=0.1,gamma_scale=2.0,max_features=192,x_transform=l2,log_target=False",10,0.57703005,0.18407322,0.33064011,0.03802765
xylose_gL,all_known,raman_preprocessed_als_sg0_snv_area,als_sg0_snv_area,krr,"kernel=laplacian,alpha=0.1,gamma_scale=2.0,max_features=192,x_transform=none,log_target=True",10,0.57791467,0.21900613,0.26768036,0.12965096
xylose_gL,all_known,raman_preprocessed_als_sg0_snv_area,als_sg0_snv_area,krr,"kernel=rbf,alpha=0.01,gamma_scale=1.0,max_features=192,x_transform=l2,log_target=True",10,0.57830267,0.19494232,0.28253537,0.075261713
xylose_gL,all_known,raman_preprocessed_als_sg2_snv,als_sg2_snv,weighted_knn,"k=5,metric=correlation,max_features=48,x_transform=none,log_target=True",10,0.57850638,0.16414475,0.29298231,-0.15016577
xylose_gL,all_known,raman_preprocessed_als_sg2_snv,als_sg2_snv,weighted_knn,"k=5,metric=correlation,max_features=48,x_transform=l2,log_target=True",10,0.57850638,0.16414475,0.29298231,-0.15016577
xylose_gL,all_known,raman_preprocessed_als_sg0_snv_area,als_sg0_snv_area,krr,"kernel=laplacian,alpha=0.1,gamma_scale=2.0,max_features=192,x_transform=l2,log_target=True",10,0.57880962,0.2197713,0.27301956,0.12777796
xylose_gL,all_known,raman_preprocessed_als_sg0_snv_area,als_sg0_snv_area,krr,"kernel=laplacian,alpha=0.01,gamma_scale=2.0,max_features=12,x_transform=none,log_target=True",10,0.5795222,0.20460153,0.26481191,0.072501481
xylose_gL,all_known,raman_preprocessed_als_sg0_snv_area,als_sg0_snv_area,krr,"kernel=laplacian,alpha=0.1,gamma_scale=2.0,max_features=12,x_transform=none,log_target=True",10,0.58028154,0.20614538,0.26461537,0.074832539
xylose_gL,all_known,raman_preprocessed_als_sg0_snv_area,als_sg0_snv_area,krr,"kernel=rbf,alpha=0.1,gamma_scale=1.0,max_features=192,x_transform=none,log_target=True",10,0.58047644,0.2020507,0.28254448,0.082690571
xylose_gL,all_known,raman_preprocessed_als_sg0_snv_area,als_sg0_snv_area,krr,"kernel=laplacian,alpha=0.1,gamma_scale=2.0,max_features=192,x_transform=none,log_target=False",10,0.58052383,0.17956199,0.32610774,0.010736612
xylose_gL,all_known,raman_preprocessed_als_sg0_snv_area,als_sg0_snv_area,krr,"kernel=laplacian,alpha=0.1,gamma_scale=1.0,max_features=192,x_transform=l2,log_target=False",10,0.58057639,0.16991299,0.34595417,-0.022676091
xylose_gL,all_known,raman_preprocessed_als_sg0_snv_area,als_sg0_snv_area,krr,"kernel=laplacian,alpha=0.01,gamma_scale=1.0,max_features=12,x_transform=none,log_target=True",10,0.58062257,0.19260198,0.27851875,0.040807823
xylose_gL,all_known,raman_preprocessed_als_sg0_snv_area,als_sg0_snv_area,krr,"kernel=laplacian,alpha=0.01,gamma_scale=2.0,max_features=192,x_transform=none,log_target=False",10,0.58086691,0.17710605,0.3271299,0.0017337775
xylose_gL,all_known,raman_preprocessed_als_sg0_snv_area,als_sg0_snv_area,krr,"kernel=laplacian,alpha=0.1,gamma_scale=1.0,max_features=12,x_transform=none,log_target=True",10,0.58176741,0.19564769,0.2777262,0.045360695
xylose_gL,all_known,raman_preprocessed_als_sg0_snv_area,als_sg0_snv_area,krr,"kernel=laplacian,alpha=0.1,gamma_scale=2.0,max_features=48,x_transform=none,log_target=True",10,0.58186931,0.20740638,0.2693791,0.085268205
xylose_gL,all_known,raman_preprocessed_als_sg0_snv_area,als_sg0_snv_area,krr,"kernel=laplacian,alpha=0.01,gamma_scale=2.0,max_features=48,x_transform=none,log_target=True",10,0.58215155,0.2050369,0.27066559,0.077838278
xylose_gL,all_known,raman_preprocessed_als_sg0_snv_area,als_sg0_snv_area,krr,"kernel=laplacian,alpha=0.1,gamma_scale=2.0,max_features=12,x_transform=l2,log_target=True",10,0.58242138,0.20035952,0.27706497,0.059322881
xylose_gL,all_known,raman_preprocessed_als_sg0_snv_area,als_sg0_snv_area,krr,"kernel=laplacian,alpha=0.01,gamma_scale=2.0,max_features=12,x_transform=l2,log_target=True",10,0.58244872,0.19777634,0.27772293,0.052592843
xylose_gL,all_known,raman_preprocessed_als_sg0_snv_area,als_sg0_snv_area,krr,"kernel=laplacian,alpha=0.01,gamma_scale=1.0,max_features=192,x_transform=l2,log_target=False",10,0.58300997,0.16566203,0.35087294,-0.046640617
xylose_gL,all_known,raman_preprocessed_als_sg0_snv_area,als_sg0_snv_area,krr,"kernel=laplacian,alpha=0.1,gamma_scale=2.0,max_features=48,x_transform=l2,log_target=True",10,0.58342239,0.20463924,0.27738199,0.072361614
xylose_gL,all_known,raman_preprocessed_als_sg0_snv_area,als_sg0_snv_area,krr,"kernel=laplacian,alpha=0.01,gamma_scale=2.0,max_features=48,x_transform=l2,log_target=True",10,0.58379349,0.20194517,0.27837348,0.063641733
xylose_gL,all_known,raman_preprocessed_als_sg0_snv_area,als_sg0_snv_area,krr,"kernel=laplacian,alpha=0.1,gamma_scale=1.0,max_features=48,x_transform=none,log_target=True",10,0.58386693,0.19343374,0.28352042,0.037322276
xylose_gL,all_known,raman_preprocessed_als_sg0_snv_area,als_sg0_snv_area,krr,"kernel=rbf,alpha=0.01,gamma_scale=1.0,max_features=192,x_transform=none,log_target=True",10,0.58504325,0.19861526,0.28794745,0.055793848
xylose_gL,all_known,raman_preprocessed_als_sg2_snv,als_sg2_snv,weighted_knn,"k=5,metric=manhattan,max_features=48,x_transform=none,log_target=False",10,0.58520777,0.22557758,0.26419754,0.084253284
xylose_gL,all_known,raman_preprocessed_als_sg0_snv_area,als_sg0_snv_area,krr,"kernel=laplacian,alpha=0.1,gamma_scale=1.0,max_features=12,x_transform=l2,log_target=True",10,0.58536646,0.18936902,0.28849379,0.021038846
xylose_gL,all_known,raman_preprocessed_als_sg2_snv,als_sg2_snv,krr,"kernel=rbf,alpha=0.1,gamma_scale=1.0,max_features=48,x_transform=l2,log_target=True",10,0.58539453,0.16925908,0.29882826,-0.081094309
xylose_gL,all_known,raman_preprocessed_als_sg2_snv,als_sg2_snv,krr,"kernel=rbf,alpha=0.1,gamma_scale=1.0,max_features=48,x_transform=none,log_target=True",10,0.58574822,0.19601883,0.27859433,0.014428809
xylose_gL,all_known,raman_preprocessed_als_sg0_snv_area,als_sg0_snv_area,krr,"kernel=laplacian,alpha=0.01,gamma_scale=1.0,max_features=12,x_transform=l2,log_target=True",10,0.58667016,0.18494518,0.29059647,0.0033143219
xylose_gL,all_known,raman_preprocessed_als_sg0_snv_area,als_sg0_snv_area,krr,"kernel=laplacian,alpha=0.01,gamma_scale=1.0,max_features=48,x_transform=none,log_target=True",10,0.5867445,0.18898426,0.28758377,0.012416563
xylose_gL,all_known,raman_preprocessed_als_sg0_snv_area,als_sg0_snv_area,krr,"kernel=rbf,alpha=0.1,gamma_scale=2.0,max_features=48,x_transform=l2,log_target=True",10,0.58725615,0.18474856,0.27641092,-0.018706625
xylose_gL,all_known,raman_preprocessed_als_sg2_snv,als_sg2_snv,krr,"kernel=rbf,alpha=0.1,gamma_scale=2.0,max_features=48,x_transform=none,log_target=True",10,0.58810352,0.20752664,0.26121697,0.055571368
xylose_gL,all_known,raman_preprocessed_als_sg2_snv,als_sg2_snv,krr,"kernel=laplacian,alpha=0.1,gamma_scale=2.0,max_features=48,x_transform=l2,log_target=True",10,0.58839021,0.20209302,0.28240326,0.044100596
xylose_gL,all_known,raman_preprocessed_als_sg2_snv,als_sg2_snv,krr,"kernel=laplacian,alpha=0.01,gamma_scale=2.0,max_features=48,x_transform=l2,log_target=True",10,0.58849505,0.19976866,0.28403668,0.037333467
xylose_gL,all_known,raman_preprocessed_als_sg2_snv,als_sg2_snv,krr,"kernel=rbf,alpha=0.1,gamma_scale=2.0,max_features=48,x_transform=none,log_target=False",10,0.58861644,0.17108929,0.31426508,-0.075560168
xylose_gL,all_known,raman_preprocessed_als_sg2_snv,als_sg2_snv,krr,"kernel=rbf,alpha=0.01,gamma_scale=2.0,max_features=48,x_transform=none,log_target=True",10,0.58921333,0.20665709,0.26345399,0.046836196
xylose_gL,all_known,raman_preprocessed_als_sg0_snv_area,als_sg0_snv_area,krr,"kernel=rbf,alpha=0.1,gamma_scale=2.0,max_features=48,x_transform=none,log_target=True",10,0.58949326,0.1979118,0.26583076,0.0042897717
xylose_gL,all_known,raman_preprocessed_als_sg2_snv,als_sg2_snv,krr,"kernel=laplacian,alpha=0.1,gamma_scale=1.0,max_features=48,x_transform=none,log_target=True",10,0.58955199,0.20344657,0.28229896,0.035987273
xylose_gL,all_known,raman_preprocessed_als_sg0_snv_area,als_sg0_snv_area,krr,"kernel=laplacian,alpha=0.1,gamma_scale=1.0,max_features=48,x_transform=l2,log_target=True",10,0.58962579,0.18952626,0.29116256,0.0053367874
xylose_gL,all_known,raman_preprocessed_als_sg0_snv_area,als_sg0_snv_area,krr,"kernel=rbf,alpha=0.1,gamma_scale=2.0,max_features=192,x_transform=l2,log_target=False",10,0.58969029,0.16775665,0.34010415,-0.056831273
xylose_gL,all_known,raman_preprocessed_als_sg0_snv_area,als_sg0_snv_area,krr,"kernel=laplacian,alpha=0.1,gamma_scale=1.0,max_features=192,x_transform=none,log_target=False",10,0.59001991,0.16520817,0.35043174,-0.074102672
xylose_gL,all_known,raman_preprocessed_als_sg2_snv,als_sg2_snv,weighted_knn,"k=5,metric=manhattan,max_features=192,x_transform=none,log_target=True",10,0.59012948,0.185743,0.26833395,-0.031110107
xylose_gL,all_known,raman_preprocessed_als_sg2_snv,als_sg2_snv,krr,"kernel=laplacian,alpha=0.01,gamma_scale=2.0,max_features=48,x_transform=none,log_target=True",10,0.59086121,0.21164205,0.26838394,0.056949711
xylose_gL,all_known,raman_preprocessed_als_sg2_snv,als_sg2_snv,krr,"kernel=laplacian,alpha=0.01,gamma_scale=1.0,max_features=48,x_transform=none,log_target=True",10,0.59113316,0.20196255,0.28476537,0.024482204
xylose_gL,all_known,raman_preprocessed_als_sg2_snv,als_sg2_snv,krr,"kernel=laplacian,alpha=0.1,gamma_scale=2.0,max_features=48,x_transform=none,log_target=True",10,0.59117881,0.21266462,0.26749609,0.058908762
xylose_gL,all_known,raman_preprocessed_als_sg0_snv_area,als_sg0_snv_area,krr,"kernel=rbf,alpha=0.01,gamma_scale=2.0,max_features=48,x_transform=l2,log_target=True",10,0.5916815,0.17854611,0.27880218,-0.058781061
xylose_gL,all_known,raman_preprocessed_als_sg2_snv,als_sg2_snv,krr,"kernel=rbf,alpha=0.01,gamma_scale=2.0,max_features=48,x_transform=none,log_target=False",10,0.5920307,0.16960666,0.31915791,-0.10165731
xylose_gL,all_known,raman_preprocessed_als_sg2_snv,als_sg2_snv,krr,"kernel=rbf,alpha=0.01,gamma_scale=1.0,max_features=48,x_transform=none,log_target=True",10,0.59208483,0.19719505,0.28340331,-0.019829584
xylose_gL,all_known,raman_preprocessed_als_sg2_snv,als_sg2_snv,weighted_knn,"k=5,metric=manhattan,max_features=192,x_transform=l2,log_target=False",10,0.59281611,0.14253068,0.29938371,-0.29014033
xylose_gL,all_known,raman_preprocessed_als_sg2_snv,als_sg2_snv,weighted_knn,"k=5,metric=manhattan,max_features=48,x_transform=none,log_target=True",10,0.59312411,0.23186405,0.24643706,0.083282744
xylose_gL,all_known,raman_preprocessed_als_sg0_snv_area,als_sg0_snv_area,krr,"kernel=rbf,alpha=0.01,gamma_scale=2.0,max_features=192,x_transform=l2,log_target=False",10,0.59318131,0.16474031,0.34184795,-0.080146793
xylose_gL,all_known,raman_preprocessed_als_sg0_snv_area,als_sg0_snv_area,krr,"kernel=rbf,alpha=0.01,gamma_scale=2.0,max_features=48,x_transform=none,log_target=True",10,0.59321662,0.19507407,0.26950172,-0.027578636
xylose_gL,all_known,raman_preprocessed_als_sg2_snv,als_sg2_snv,krr,"kernel=laplacian,alpha=0.1,gamma_scale=2.0,max_features=48,x_transform=none,log_target=False",10,0.59353597,0.1787585,0.32233469,-0.069805455
xylose_gL,all_known,raman_preprocessed_als_sg0_snv_area,als_sg0_snv_area,krr,"kernel=laplacian,alpha=0.01,gamma_scale=1.0,max_features=48,x_transform=l2,log_target=True",10,0.59372039,0.1838543,0.29546162,-0.029933821
xylose_gL,all_known,raman_preprocessed_als_sg0_snv_area,als_sg0_snv_area,krr,"kernel=rbf,alpha=0.1,gamma_scale=2.0,max_features=12,x_transform=none,log_target=True",10,0.59373839,0.20177069,0.26452718,0.00589165
xylose_gL,all_known,raman_preprocessed_als_sg2_snv,als_sg2_snv,krr,"kernel=laplacian,alpha=0.1,gamma_scale=1.0,max_features=48,x_transform=l2,log_target=True",10,0.59440194,0.18988902,0.29952245,-0.014557199
xylose_gL,all_known,raman_preprocessed_als_sg0_snv_area,als_sg0_snv_area,krr,"kernel=laplacian,alpha=0.01,gamma_scale=1.0,max_features=192,x_transform=none,log_target=False",10,0.59455504,0.160506,0.3582464,-0.10892842
xylose_gL,all_known,raman_preprocessed_als_sg2_snv,als_sg2_snv,krr,"kernel=laplacian,alpha=0.01,gamma_scale=2.0,max_features=48,x_transform=none,log_target=False",10,0.59488609,0.17696451,0.32450241,-0.083562074
xylose_gL,all_known,raman_preprocessed_als_sg2_snv,als_sg2_snv,krr,"kernel=laplacian,alpha=0.01,gamma_scale=2.0,max_features=192,x_transform=none,log_target=True",10,0.59520664,0.21120099,0.27840097,0.04980032
xylose_gL,all_known,raman_preprocessed_als_sg2_snv,als_sg2_snv,krr,"kernel=laplacian,alpha=0.1,gamma_scale=2.0,max_features=192,x_transform=none,log_target=True",10,0.5952541,0.21288665,0.27773817,0.053516704
xylose_gL,all_known,raman_preprocessed_als_sg2_snv,als_sg2_snv,weighted_knn,"k=3,metric=manhattan,max_features=192,x_transform=none,log_target=True",10,0.59527378,0.18849828,0.26370845,-0.13982492
xylose_gL,all_known,raman_preprocessed_als_sg0_snv_area,als_sg0_snv_area,weighted_knn,"k=5,metric=manhattan,max_features=48,x_transform=l2,log_target=True",10,0.59547595,0.1466471,0.2925192,-0.24817533
xylose_gL,all_known,raman_preprocessed_als_sg2_snv,als_sg2_snv,krr,"kernel=laplacian,alpha=0.1,gamma_scale=2.0,max_features=192,x_transform=l2,log_target=True",10,0.59553024,0.21191553,0.28122692,0.048826487
xylose_gL,all_known,raman_preprocessed_als_sg2_snv,als_sg2_snv,krr,"kernel=laplacian,alpha=0.01,gamma_scale=2.0,max_features=192,x_transform=l2,log_target=True",10,0.59560421,0.21019316,0.28181134,0.04441738
xylose_gL,all_known,raman_preprocessed_als_sg0_snv_area,als_sg0_snv_area,weighted_knn,"k=5,metric=manhattan,max_features=192,x_transform=l2,log_target=True",10,0.59588112,0.19187736,0.27002741,0.00058244589
xylose_gL,all_known,raman_preprocessed_als_sg2_snv,als_sg2_snv,krr,"kernel=rbf,alpha=0.1,gamma_scale=2.0,max_features=192,x_transform=none,log_target=True",10,0.59634572,0.19950345,0.27897103,0.017600975
xylose_gL,all_known,raman_preprocessed_als_sg2_snv,als_sg2_snv,krr,"kernel=rbf,alpha=0.01,gamma_scale=1.0,max_features=48,x_transform=l2,log_target=True",10,0.59718131,0.16061635,0.30826707,-0.2009611
xylose_gL,all_known,raman_preprocessed_als_sg2_snv,als_sg2_snv,krr,"kernel=laplacian,alpha=0.01,gamma_scale=1.0,max_features=48,x_transform=l2,log_target=True",10,0.59725919,0.18471851,0.30418649,-0.041957692
xylose_gL,all_known,raman_preprocessed_als_sg0_snv_area,als_sg0_snv_area,krr,"kernel=rbf,alpha=0.1,gamma_scale=1.0,max_features=12,x_transform=none,log_target=True",10,0.59760812,0.19782316,0.27421364,-0.0094519903
xylose_gL,all_known,raman_preprocessed_als_sg2_snv,als_sg2_snv,weighted_knn,"k=3,metric=correlation,max_features=192,x_transform=none,log_target=True",10,0.59776678,0.11133909,0.28028161,-0.42582096
xylose_gL,all_known,raman_preprocessed_als_sg2_snv,als_sg2_snv,weighted_knn,"k=3,metric=correlation,max_features=192,x_transform=l2,log_target=True",10,0.59776678,0.11133909,0.28028161,-0.42582096
xylose_gL,all_known,raman_preprocessed_als_sg0_snv_area,als_sg0_snv_area,weighted_knn,"k=3,metric=correlation,max_features=192,x_transform=none,log_target=True",10,0.59831423,0.15889394,0.26003239,-0.12702575
xylose_gL,all_known,raman_preprocessed_als_sg0_snv_area,als_sg0_snv_area,weighted_knn,"k=3,metric=correlation,max_features=192,x_transform=l2,log_target=True",10,0.59831423,0.15889394,0.26003239,-0.12702575
xylose_gL,all_known,raman_preprocessed_als_sg0_snv_area,als_sg0_snv_area,krr,"kernel=laplacian,alpha=0.1,gamma_scale=2.0,max_features=48,x_transform=none,log_target=False",10,0.59876877,0.16092131,0.33964304,-0.13275831
xylose_gL,all_known,raman_preprocessed_als_sg2_snv,als_sg2_snv,krr,"kernel=rbf,alpha=0.01,gamma_scale=2.0,max_features=192,x_transform=none,log_target=True",10,0.59883121,0.19626268,0.2821754,-0.0015474866
xylose_gL,all_known,raman_preprocessed_als_sg0_snv_area,als_sg0_snv_area,weighted_knn,"k=5,metric=manhattan,max_features=192,x_transform=none,log_target=True",10,0.59890603,0.15968388,0.29924787,-0.13248069
xylose_gL,all_known,raman_preprocessed_als_sg2_snv,als_sg2_snv,krr,"kernel=rbf,alpha=0.1,gamma_scale=2.0,max_features=192,x_transform=l2,log_target=True",10,0.59917117,0.19609284,0.28666572,-0.0070075975
xylose_gL,all_known,raman_preprocessed_als_sg2_snv,als_sg2_snv,krr,"kernel=laplacian,alpha=0.1,gamma_scale=1.0,max_features=192,x_transform=none,log_target=True",10,0.59927722,0.20021392,0.29030953,0.0041445988
xylose_gL,all_known,raman_preprocessed_als_sg2_snv,als_sg2_snv,krr,"kernel=laplacian,alpha=0.1,gamma_scale=1.0,max_features=192,x_transform=l2,log_target=True",10,0.59966997,0.20019306,0.29149584,0.0018805813
xylose_gL,all_known,raman_preprocessed_als_sg2_snv,als_sg2_snv,krr,"kernel=laplacian,alpha=0.1,gamma_scale=2.0,max_features=192,x_transform=none,log_target=False",10,0.59984296,0.17438759,0.34694718,-0.089306354
xylose_gL,all_known,raman_preprocessed_als_sg0_snv_area,als_sg0_snv_area,krr,"kernel=rbf,alpha=0.1,gamma_scale=2.0,max_features=192,x_transform=none,log_target=False",10,0.60000051,0.16498235,0.34289422,-0.11402066
xylose_gL,all_known,raman_preprocessed_als_sg2_snv,als_sg2_snv,krr,"kernel=laplacian,alpha=0.1,gamma_scale=2.0,max_features=192,x_transform=l2,log_target=False",10,0.60152405,0.17312767,0.35133683,-0.10654247
xylose_gL,all_known,raman_preprocessed_als_sg2_snv,als_sg2_snv,krr,"kernel=laplacian,alpha=0.01,gamma_scale=2.0,max_features=192,x_transform=none,log_target=False",10,0.6017179,0.1712097,0.3492772,-0.10929331
xylose_gL,all_known,raman_preprocessed_als_sg2_snv,als_sg2_snv,krr,"kernel=laplacian,alpha=0.01,gamma_scale=1.0,max_features=192,x_transform=none,log_target=True",10,0.60189197,0.19668843,0.29387894,-0.016377019
xylose_gL,all_known,raman_preprocessed_als_sg0_snv_area,als_sg0_snv_area,krr,"kernel=rbf,alpha=0.1,gamma_scale=1.0,max_features=48,x_transform=none,log_target=True",10,0.60236486,0.17840922,0.28469344,-0.11534102
xylose_gL,all_known,raman_preprocessed_als_sg2_snv,als_sg2_snv,krr,"kernel=rbf,alpha=0.01,gamma_scale=2.0,max_features=192,x_transform=l2,log_target=True",10,0.60239402,0.19242076,0.29001046,-0.031491093
xylose_gL,all_known,raman_preprocessed_als_sg0_snv_area,als_sg0_snv_area,weighted_knn,"k=3,metric=manhattan,max_features=12,x_transform=none,log_target=True",10,0.60243913,0.20650208,0.26613499,-0.061077602
xylose_gL,all_known,raman_preprocessed_als_sg2_snv,als_sg2_snv,krr,"kernel=laplacian,alpha=0.01,gamma_scale=1.0,max_features=192,x_transform=l2,log_target=True",10,0.60251494,0.19662612,0.2950871,-0.019726936
xylose_gL,all_known,raman_preprocessed_als_sg0_snv_area,als_sg0_snv_area,krr,"kernel=rbf,alpha=0.1,gamma_scale=2.0,max_features=12,x_transform=l2,log_target=True",10,0.60264941,0.17468427,0.28551536,-0.081090864
xylose_gL,all_known,raman_preprocessed_als_sg0_snv_area,als_sg0_snv_area,krr,"kernel=rbf,alpha=0.01,gamma_scale=2.0,max_features=12,x_transform=none,log_target=True",10,0.60276714,0.19840282,0.27310721,-0.044000629
xylose_gL,all_known,raman_preprocessed_als_sg0_snv_area,als_sg0_snv_area,weighted_knn,"k=5,metric=manhattan,max_features=12,x_transform=none,log_target=True",10,0.60277162,0.20868761,0.2641016,-0.021538759
xylose_gL,all_known,raman_preprocessed_als_sg0_snv_area,als_sg0_snv_area,weighted_knn,"k=5,metric=manhattan,max_features=12,x_transform=l2,log_target=True",10,0.6027789,0.17761964,0.30385012,-0.12240692
xylose_gL,all_known,raman_preprocessed_als_sg0_snv_area,als_sg0_snv_area,krr,"kernel=laplacian,alpha=0.01,gamma_scale=2.0,max_features=48,x_transform=none,log_target=False",10,0.60291766,0.15660197,0.3458815,-0.16967259
xylose_gL,all_known,raman_preprocessed_als_sg2_snv,als_sg2_snv,krr,"kernel=laplacian,alpha=0.01,gamma_scale=2.0,max_features=192,x_transform=l2,log_target=False",10,0.6034883,0.17003126,0.35353872,-0.12733289
xylose_gL,all_known,raman_preprocessed_als_sg2_snv,als_sg2_snv,weighted_knn,"k=3,metric=manhattan,max_features=48,x_transform=none,log_target=True",10,0.60419368,0.22993497,0.25666454,0.014295297
xylose_gL,all_known,raman_preprocessed_als_sg0_snv_area,als_sg0_snv_area,krr,"kernel=rbf,alpha=0.1,gamma_scale=1.0,max_features=12,x_transform=l2,log_target=True",10,0.60487218,0.17071172,0.29103077,-0.1059122
xylose_gL,all_known,raman_preprocessed_als_sg0_snv_area,als_sg0_snv_area,krr,"kernel=rbf,alpha=0.01,gamma_scale=2.0,max_features=192,x_transform=none,log_target=False",10,0.60602094,0.16239159,0.3502654,-0.14944343
xylose_gL,all_known,raman_preprocessed_als_sg2_snv,als_sg2_snv,weighted_knn,"k=3,metric=correlation,max_features=48,x_transform=none,log_target=True",10,0.60606096,0.18147157,0.28504692,-0.32625071
xylose_gL,all_known,raman_preprocessed_als_sg2_snv,als_sg2_snv,weighted_knn,"k=3,metric=correlation,max_features=48,x_transform=l2,log_target=True",10,0.60606096,0.18147157,0.28504692,-0.32625071
xylose_gL,all_known,raman_preprocessed_als_sg0_snv_area,als_sg0_snv_area,krr,"kernel=rbf,alpha=0.1,gamma_scale=1.0,max_features=48,x_transform=l2,log_target=True",10,0.60749244,0.16081718,0.29495032,-0.17717657
xylose_gL,all_known,raman_preprocessed_als_sg0_snv_area,als_sg0_snv_area,krr,"kernel=laplacian,alpha=0.1,gamma_scale=2.0,max_features=48,x_transform=l2,log_target=False",10,0.60787018,0.15556969,0.35545259,-0.19048431
xylose_gL,all_known,raman_preprocessed_als_sg2_snv,als_sg2_snv,weighted_knn,"k=3,metric=manhattan,max_features=48,x_transform=none,log_target=False",10,0.60807549,0.21986243,0.2698267,-0.043519641
xylose_gL,all_known,raman_preprocessed_als_sg2_snv,als_sg2_snv,krr,"kernel=laplacian,alpha=0.1,gamma_scale=2.0,max_features=48,x_transform=l2,log_target=False",10,0.60930898,0.15461897,0.35918415,-0.22005204
xylose_gL,all_known,raman_preprocessed_als_sg2_snv,als_sg2_snv,krr,"kernel=rbf,alpha=0.1,gamma_scale=2.0,max_features=48,x_transform=l2,log_target=False",10,0.60952143,0.13037933,0.36460676,-0.38055545
xylose_gL,all_known,raman_preprocessed_als_sg0_snv_area,als_sg0_snv_area,weighted_knn,"k=5,metric=correlation,max_features=192,x_transform=none,log_target=True",10,0.61047437,0.17793789,0.26714634,-0.093031318
xylose_gL,all_known,raman_preprocessed_als_sg0_snv_area,als_sg0_snv_area,weighted_knn,"k=5,metric=correlation,max_features=192,x_transform=l2,log_target=True",10,0.61047437,0.17793789,0.26714634,-0.093031318
xylose_gL,all_known,raman_preprocessed_als_sg2_snv,als_sg2_snv,weighted_knn,"k=3,metric=manhattan,max_features=192,x_transform=l2,log_target=True",10,0.61268777,0.18263679,0.27158995,-0.41940773
xylose_gL,all_known,raman_preprocessed_als_sg0_snv_area,als_sg0_snv_area,krr,"kernel=laplacian,alpha=0.01,gamma_scale=2.0,max_features=48,x_transform=l2,log_target=False",10,0.61276007,0.15071319,0.36153383,-0.23270857
xylose_gL,all_known,raman_preprocessed_als_sg2_snv,als_sg2_snv,krr,"kernel=rbf,alpha=0.1,gamma_scale=2.0,max_features=192,x_transform=none,log_target=False",10,0.61292828,0.14707205,0.35938135,-0.24608483
xylose_gL,all_known,raman_preprocessed_als_sg2_snv,als_sg2_snv,krr,"kernel=laplacian,alpha=0.01,gamma_scale=2.0,max_features=48,x_transform=l2,log_target=False",10,0.6131047,0.15083821,0.36368546,-0.25313414
xylose_gL,all_known,raman_preprocessed_als_sg0_snv_area,als_sg0_snv_area,weighted_knn,"k=3,metric=manhattan,max_features=192,x_transform=l2,log_target=True",10,0.6135365,0.15150971,0.27818194,-0.21018904
xylose_gL,all_known,raman_preprocessed_als_sg0_snv_area,als_sg0_snv_area,krr,"kernel=laplacian,alpha=0.1,gamma_scale=2.0,max_features=12,x_transform=none,log_target=False",10,0.61369599,0.16338959,0.33280786,-0.22641027
xylose_gL,all_known,raman_preprocessed_als_sg2_snv,als_sg2_snv,krr,"kernel=rbf,alpha=0.1,gamma_scale=1.0,max_features=48,x_transform=none,log_target=False",10,0.61435134,0.14905436,0.36583931,-0.30999636
xylose_gL,all_known,raman_preprocessed_als_sg0_snv_area,als_sg0_snv_area,krr,"kernel=rbf,alpha=0.01,gamma_scale=1.0,max_features=48,x_transform=none,log_target=True",10,0.61445748,0.17047369,0.29384029,-0.2142871
xylose_gL,all_known,parafac_raman_fusion_als_sg2_snv,als_sg2_snv+parafac,weighted_knn,"k=5,metric=correlation,max_features=192,x_transform=none,log_target=False",10,0.61460402,0.14096947,0.28753136,0.042810369
xylose_gL,all_known,parafac_raman_fusion_als_sg2_snv,als_sg2_snv+parafac,weighted_knn,"k=5,metric=correlation,max_features=192,x_transform=l2,log_target=False",10,0.61460402,0.14096947,0.28753136,0.042810369
xylose_gL,all_known,raman_preprocessed_als_sg2_snv,als_sg2_snv,krr,"kernel=laplacian,alpha=0.1,gamma_scale=1.0,max_features=48,x_transform=none,log_target=False",10,0.61499904,0.16173734,0.36465381,-0.24302399
xylose_gL,all_known,raman_preprocessed_als_sg0_snv_area,als_sg0_snv_area,krr,"kernel=rbf,alpha=0.01,gamma_scale=2.0,max_features=12,x_transform=l2,log_target=True",10,0.61521499,0.1654243,0.29748105,-0.1609764
xylose_gL,all_known,raman_preprocessed_als_sg2_snv,als_sg2_snv,krr,"kernel=laplacian,alpha=0.1,gamma_scale=1.0,max_features=12,x_transform=none,log_target=True",10,0.61585282,0.18812849,0.28679345,-0.11761906
xylose_gL,all_known,raman_preprocessed_als_sg0_snv_area,als_sg0_snv_area,krr,"kernel=laplacian,alpha=0.01,gamma_scale=2.0,max_features=12,x_transform=none,log_target=False",10,0.61651671,0.16095423,0.33528798,-0.25273302
xylose_gL,all_known,raman_preprocessed_als_sg2_snv,als_sg2_snv,krr,"kernel=laplacian,alpha=0.1,gamma_scale=2.0,max_features=12,x_transform=none,log_target=True",10,0.61722109,0.20125159,0.27532934,-0.075593195
xylose_gL,all_known,raman_preprocessed_als_sg2_snv,als_sg2_snv,krr,"kernel=rbf,alpha=0.1,gamma_scale=2.0,max_features=192,x_transform=l2,log_target=False",10,0.61800944,0.1442623,0.36676641,-0.30031446
xylose_gL,all_known,raman_preprocessed_als_sg0_snv_area,als_sg0_snv_area,krr,"kernel=rbf,alpha=0.01,gamma_scale=1.0,max_features=12,x_transform=none,log_target=True",10,0.6182532,0.18830308,0.29202511,-0.13112847
xylose_gL,all_known,raman_preprocessed_als_sg0_snv_area,als_sg0_snv_area,krr,"kernel=rbf,alpha=0.1,gamma_scale=1.0,max_features=192,x_transform=l2,log_target=False",10,0.61846759,0.14723328,0.38330142,-0.25529743
xylose_gL,all_known,raman_preprocessed_als_sg2_snv,als_sg2_snv,krr,"kernel=rbf,alpha=0.01,gamma_scale=2.0,max_features=48,x_transform=l2,log_target=False",10,0.61895668,0.12597164,0.37336392,-0.46941587
xylose_gL,all_known,raman_preprocessed_als_sg0_snv_area,als_sg0_snv_area,weighted_knn,"k=5,metric=manhattan,max_features=48,x_transform=none,log_target=True",10,0.61947026,0.19504687,0.27122335,-0.18144395
xylose_gL,all_known,raman_preprocessed_als_sg2_snv,als_sg2_snv,krr,"kernel=rbf,alpha=0.01,gamma_scale=2.0,max_features=192,x_transform=none,log_target=False",10,0.61954196,0.14168891,0.36739342,-0.30122935
xylose_gL,all_known,raman_preprocessed_als_sg0_snv_area,als_sg0_snv_area,weighted_knn,"k=5,metric=correlation,max_features=48,x_transform=none,log_target=True",10,0.6197328,0.15046046,0.2891633,-0.31544062
xylose_gL,all_known,raman_preprocessed_als_sg0_snv_area,als_sg0_snv_area,weighted_knn,"k=5,metric=correlation,max_features=48,x_transform=l2,log_target=True",10,0.6197328,0.15046046,0.2891633,-0.31544062
xylose_gL,all_known,raman_preprocessed_als_sg2_snv,als_sg2_snv,krr,"kernel=laplacian,alpha=0.01,gamma_scale=2.0,max_features=12,x_transform=none,log_target=True",10,0.6197793,0.1994512,0.27845098,-0.091125764
xylose_gL,all_known,raman_preprocessed_als_sg2_snv,als_sg2_snv,weighted_knn,"k=3,metric=correlation,max_features=192,x_transform=none,log_target=False",10,0.62011009,0.093561423,0.30822718,-0.91330927
xylose_gL,all_known,raman_preprocessed_als_sg2_snv,als_sg2_snv,weighted_knn,"k=3,metric=correlation,max_features=192,x_transform=l2,log_target=False",10,0.62011009,0.093561423,0.30822718,-0.91330927
xylose_gL,all_known,raman_preprocessed_als_sg2_snv,als_sg2_snv,weighted_knn,"k=5,metric=manhattan,max_features=48,x_transform=l2,log_target=True",10,0.62019606,0.15826419,0.31000992,-0.28495655
xylose_gL,all_known,raman_preprocessed_als_sg2_snv,als_sg2_snv,krr,"kernel=laplacian,alpha=0.01,gamma_scale=1.0,max_features=12,x_transform=none,log_target=True",10,0.62094323,0.18511427,0.29437102,-0.14777913
xylose_gL,all_known,raman_preprocessed_als_sg2_snv,als_sg2_snv,krr,"kernel=laplacian,alpha=0.1,gamma_scale=1.0,max_features=192,x_transform=none,log_target=False",10,0.62150853,0.15278591,0.37870143,-0.28302863
xylose_gL,all_known,raman_preprocessed_als_sg2_snv,als_sg2_snv,krr,"kernel=laplacian,alpha=0.01,gamma_scale=1.0,max_features=48,x_transform=none,log_target=False",10,0.62169099,0.159668,0.37171648,-0.28574442
xylose_gL,all_known,raman_preprocessed_als_sg2_snv,als_sg2_snv,krr,"kernel=rbf,alpha=0.1,gamma_scale=1.0,max_features=192,x_transform=none,log_target=True",10,0.62172235,0.17776693,0.31022399,-0.1689366
xylose_gL,all_known,raman_preprocessed_als_sg2_snv,als_sg2_snv,krr,"kernel=laplacian,alpha=0.1,gamma_scale=1.0,max_features=192,x_transform=l2,log_target=False",10,0.62221991,0.15317483,0.37944885,-0.28701491
xylose_gL,all_known,raman_preprocessed_als_sg0_snv_area,als_sg0_snv_area,krr,"kernel=rbf,alpha=0.01,gamma_scale=1.0,max_features=48,x_transform=l2,log_target=True",10,0.62320485,0.14454998,0.30300831,-0.30500128
xylose_gL,all_known,parafac_raman_fusion_als_sg0_snv_area,als_sg0_snv_area+parafac,weighted_knn,"k=3,metric=manhattan,max_features=192,x_transform=l2,log_target=False",10,0.62373435,0.10247215,0.29481963,-0.18841248
xylose_gL,all_known,raman_preprocessed_als_sg2_snv,als_sg2_snv,krr,"kernel=rbf,alpha=0.1,gamma_scale=1.0,max_features=192,x_transform=l2,log_target=True",10,0.62409929,0.17642819,0.31426475,-0.18530502
xylose_gL,all_known,raman_preprocessed_als_sg2_snv,als_sg2_snv,krr,"kernel=rbf,alpha=0.01,gamma_scale=2.0,max_features=192,x_transform=l2,log_target=False",10,0.62511976,0.13900996,0.37435907,-0.36069418
xylose_gL,all_known,raman_preprocessed_als_sg0_snv_area,als_sg0_snv_area,weighted_knn,"k=3,metric=correlation,max_features=192,x_transform=none,log_target=False",10,0.62546106,0.12053825,0.29327966,-0.4922792
xylose_gL,all_known,raman_preprocessed_als_sg0_snv_area,als_sg0_snv_area,weighted_knn,"k=3,metric=correlation,max_features=192,x_transform=l2,log_target=False",10,0.62546106,0.12053825,0.29327966,-0.4922792
xylose_gL,all_known,raman_preprocessed_als_sg0_snv_area,als_sg0_snv_area,weighted_knn,"k=3,metric=manhattan,max_features=48,x_transform=none,log_target=True",10,0.62648215,0.20831564,0.25841284,-0.1570471
xylose_gL,all_known,parafac_raman_fusion_als_sg2_snv,als_sg2_snv+parafac,weighted_knn,"k=3,metric=correlation,max_features=192,x_transform=none,log_target=False",10,0.62717101,0.11549023,0.29453761,-0.17038959
xylose_gL,all_known,parafac_raman_fusion_als_sg2_snv,als_sg2_snv+parafac,weighted_knn,"k=3,metric=correlation,max_features=192,x_transform=l2,log_target=False",10,0.62717101,0.11549023,0.29453761,-0.17038959
xylose_gL,all_known,raman_preprocessed_als_sg2_snv,als_sg2_snv,weighted_knn,"k=5,metric=manhattan,max_features=12,x_transform=none,log_target=True",10,0.62755463,0.2176587,0.27855343,-0.082702156
xylose_gL,all_known,raman_preprocessed_als_sg0_snv_area,als_sg0_snv_area,weighted_knn,"k=5,metric=manhattan,max_features=192,x_transform=l2,log_target=False",10,0.62757262,0.14002069,0.31212327,-0.29105531
xylose_gL,all_known,raman_preprocessed_als_sg0_snv_area,als_sg0_snv_area,krr,"kernel=rbf,alpha=0.1,gamma_scale=2.0,max_features=48,x_transform=none,log_target=False",10,0.62796824,0.14721335,0.34798499,-0.3326486
xylose_gL,all_known,raman_preprocessed_als_sg2_snv,als_sg2_snv,krr,"kernel=rbf,alpha=0.01,gamma_scale=1.0,max_features=48,x_transform=none,log_target=False",10,0.62859977,0.14976857,0.38053071,-0.40254399
xylose_gL,all_known,raman_preprocessed_als_sg0_snv_area,als_sg0_snv_area,krr,"kernel=laplacian,alpha=0.1,gamma_scale=1.0,max_features=48,x_transform=none,log_target=False",10,0.62982442,0.13395941,0.39349776,-0.40389611
xylose_gL,all_known,raman_preprocessed_als_sg2_snv,als_sg2_snv,krr,"kernel=laplacian,alpha=0.01,gamma_scale=1.0,max_features=192,x_transform=none,log_target=False",10,0.62997974,0.14688874,0.38986638,-0.35205011
xylose_gL,all_known,raman_preprocessed_als_sg2_snv,als_sg2_snv,krr,"kernel=laplacian,alpha=0.01,gamma_scale=1.0,max_features=192,x_transform=l2,log_target=False",10,0.63084949,0.14743846,0.39050685,-0.35620047
xylose_gL,all_known,raman_preprocessed_als_sg2_snv,als_sg2_snv,krr,"kernel=laplacian,alpha=0.1,gamma_scale=2.0,max_features=12,x_transform=l2,log_target=True",10,0.63169018,0.1882759,0.29002572,-0.1835062
xylose_gL,all_known,raman_preprocessed_als_sg0_snv_area,als_sg0_snv_area,krr,"kernel=rbf,alpha=0.1,gamma_scale=1.0,max_features=192,x_transform=none,log_target=False",10,0.63405792,0.14629224,0.39509795,-0.33134207
xylose_gL,all_known,raman_preprocessed_als_sg0_snv_area,als_sg0_snv_area,krr,"kernel=rbf,alpha=0.01,gamma_scale=1.0,max_features=192,x_transform=l2,log_target=False",10,0.63552799,0.13888709,0.40019984,-0.361643
xylose_gL,all_known,raman_preprocessed_als_sg2_snv,als_sg2_snv,krr,"kernel=rbf,alpha=0.01,gamma_scale=1.0,max_features=192,x_transform=none,log_target=True",10,0.63563783,0.16946354,0.32238698,-0.27045773
xylose_gL,all_known,raman_preprocessed_als_sg0_snv_area,als_sg0_snv_area,weighted_knn,"k=5,metric=correlation,max_features=12,x_transform=none,log_target=True",10,0.63614524,0.17561044,0.3128419,-0.42225983
xylose_gL,all_known,raman_preprocessed_als_sg0_snv_area,als_sg0_snv_area,weighted_knn,"k=5,metric=correlation,max_features=12,x_transform=l2,log_target=True",10,0.63614524,0.17561044,0.3128419,-0.42225983
xylose_gL,all_known,raman_preprocessed_als_sg0_snv_area,als_sg0_snv_area,krr,"kernel=laplacian,alpha=0.1,gamma_scale=2.0,max_features=12,x_transform=l2,log_target=False",10,0.63666632,0.14801268,0.36984239,-0.3519319
xylose_gL,all_known,parafac_raman_fusion_als_sg2_snv,als_sg2_snv+parafac,weighted_knn,"k=5,metric=correlation,max_features=192,x_transform=none,log_target=True",10,0.6378861,0.17168484,0.25844242,0.12640135
xylose_gL,all_known,parafac_raman_fusion_als_sg2_snv,als_sg2_snv+parafac,weighted_knn,"k=5,metric=correlation,max_features=192,x_transform=l2,log_target=True",10,0.6378861,0.17168484,0.25844242,0.12640135
xylose_gL,all_known,raman_preprocessed_als_sg2_snv,als_sg2_snv,krr,"kernel=laplacian,alpha=0.1,gamma_scale=2.0,max_features=12,x_transform=none,log_target=False",10,0.63790261,0.1709519,0.32284551,-0.30344481
xylose_gL,all_known,raman_preprocessed_als_sg0_snv_area,als_sg0_snv_area,krr,"kernel=rbf,alpha=0.01,gamma_scale=2.0,max_features=48,x_transform=none,log_target=False",10,0.63820877,0.14379229,0.35746312,-0.40692506
xylose_gL,all_known,raman_preprocessed_als_sg0_snv_area,als_sg0_snv_area,krr,"kernel=laplacian,alpha=0.1,gamma_scale=1.0,max_features=12,x_transform=none,log_target=False",10,0.63836416,0.14537185,0.37876084,-0.41296083
xylose_gL,all_known,raman_preprocessed_als_sg2_snv,als_sg2_snv,krr,"kernel=rbf,alpha=0.01,gamma_scale=1.0,max_features=192,x_transform=l2,log_target=True",10,0.63913422,0.16788059,0.32727258,-0.2942988
xylose_gL,all_known,raman_preprocessed_als_sg2_snv,als_sg2_snv,krr,"kernel=laplacian,alpha=0.1,gamma_scale=1.0,max_features=12,x_transform=l2,log_target=True",10,0.63979092,0.17898615,0.30337519,-0.25481037
xylose_gL,all_known,raman_preprocessed_als_sg2_snv,als_sg2_snv,krr,"kernel=laplacian,alpha=0.01,gamma_scale=2.0,max_features=12,x_transform=l2,log_target=True",10,0.63995932,0.1848275,0.29439599,-0.23186934
xylose_gL,all_known,raman_preprocessed_als_sg0_snv_area,als_sg0_snv_area,krr,"kernel=rbf,alpha=0.01,gamma_scale=1.0,max_features=12,x_transform=l2,log_target=True",10,0.64060972,0.15138668,0.31843486,-0.33118295
xylose_gL,all_known,raman_preprocessed_als_sg0_snv_area,als_sg0_snv_area,weighted_knn,"k=3,metric=manhattan,max_features=192,x_transform=none,log_target=True",10,0.64157981,0.16932182,0.31460313,-0.36219764
xylose_gL,all_known,parafac_raman_fusion_als_sg2_snv,als_sg2_snv+parafac,weighted_knn,"k=3,metric=correlation,max_features=192,x_transform=none,log_target=True",10,0.64165224,0.13230871,0.27327792,-0.059125942
xylose_gL,all_known,parafac_raman_fusion_als_sg2_snv,als_sg2_snv+parafac,weighted_knn,"k=3,metric=correlation,max_features=192,x_transform=l2,log_target=True",10,0.64165224,0.13230871,0.27327792,-0.059125942
xylose_gL,all_known,raman_preprocessed_als_sg0_snv_area,als_sg0_snv_area,krr,"kernel=rbf,alpha=0.1,gamma_scale=2.0,max_features=48,x_transform=l2,log_target=False",10,0.64226472,0.12465735,0.37106426,-0.46762951
xylose_gL,all_known,raman_preprocessed_als_sg0_snv_area,als_sg0_snv_area,krr,"kernel=laplacian,alpha=0.01,gamma_scale=2.0,max_features=12,x_transform=l2,log_target=False",10,0.64295141,0.14469779,0.37624331,-0.39723532
xylose_gL,all_known,raman_preprocessed_als_sg0_snv_area,als_sg0_snv_area,weighted_knn,"k=5,metric=manhattan,max_features=12,x_transform=none,log_target=False",10,0.64336671,0.17755118,0.30034059,-0.38400344
xylose_gL,all_known,raman_preprocessed_als_sg0_snv_area,als_sg0_snv_area,krr,"kernel=laplacian,alpha=0.01,gamma_scale=1.0,max_features=48,x_transform=none,log_target=False",10,0.64356828,0.12572325,0.4094782,-0.5244979
xylose_gL,all_known,raman_preprocessed_als_sg2_snv,als_sg2_snv,krr,"kernel=laplacian,alpha=0.01,gamma_scale=2.0,max_features=12,x_transform=none,log_target=False",10,0.64404381,0.16881129,0.32979286,-0.34392295
xylose_gL,all_known,raman_preprocessed_als_sg2_snv,als_sg2_snv,weighted_knn,"k=5,metric=manhattan,max_features=192,x_transform=none,log_target=False",10,0.64558825,0.14280551,0.31919399,-0.53964863
xylose_gL,all_known,raman_preprocessed_als_sg0_snv_area,als_sg0_snv_area,krr,"kernel=laplacian,alpha=0.01,gamma_scale=1.0,max_features=12,x_transform=none,log_target=False",10,0.64578159,0.14270579,0.3888191,-0.4677002
xylose_gL,all_known,raman_preprocessed_als_sg0_snv_area,als_sg0_snv_area,krr,"kernel=laplacian,alpha=0.1,gamma_scale=1.0,max_features=48,x_transform=l2,log_target=False",10,0.64590306,0.12733427,0.41076411,-0.50486874
xylose_gL,all_known,raman_preprocessed_als_sg0_snv_area,als_sg0_snv_area,weighted_knn,"k=5,metric=manhattan,max_features=48,x_transform=none,log_target=False",10,0.6466254,0.18284186,0.30298091,-0.44252082
xylose_gL,all_known,raman_preprocessed_als_sg2_snv,als_sg2_snv,krr,"kernel=laplacian,alpha=0.1,gamma_scale=1.0,max_features=48,x_transform=l2,log_target=False",10,0.64671332,0.13502881,0.41202166,-0.4857172
xylose_gL,all_known,parafac_raman_fusion_als_sg0_snv_area,als_sg0_snv_area+parafac,weighted_knn,"k=3,metric=manhattan,max_features=192,x_transform=l2,log_target=True",10,0.64678671,0.13524632,0.27076143,0.0025015442
xylose_gL,all_known,raman_preprocessed_als_sg2_snv,als_sg2_snv,krr,"kernel=rbf,alpha=0.1,gamma_scale=1.0,max_features=12,x_transform=none,log_target=True",10,0.65024618,0.21209782,0.29688863,-0.25360554
xylose_gL,all_known,raman_preprocessed_als_sg0_snv_area,als_sg0_snv_area,weighted_knn,"k=3,metric=manhattan,max_features=192,x_transform=l2,log_target=False",10,0.65073475,0.081722734,0.31767212,-0.77506848
xylose_gL,all_known,raman_preprocessed_als_sg2_snv,als_sg2_snv,krr,"kernel=laplacian,alpha=0.1,gamma_scale=1.0,max_features=12,x_transform=none,log_target=False",10,0.65240201,0.14948028,0.35904953,-0.50108995
xylose_gL,all_known,parafac_raman_fusion_als_sg0_snv_area,als_sg0_snv_area+parafac,weighted_knn,"k=3,metric=correlation,max_features=192,x_transform=none,log_target=False",10,0.65389038,0.079958311,0.30033378,-0.38499264
xylose_gL,all_known,parafac_raman_fusion_als_sg0_snv_area,als_sg0_snv_area+parafac,weighted_knn,"k=3,metric=correlation,max_features=192,x_transform=l2,log_target=False",10,0.65389038,0.079958311,0.30033378,-0.38499264
xylose_gL,all_known,raman_preprocessed_als_sg0_snv_area,als_sg0_snv_area,weighted_knn,"k=5,metric=correlation,max_features=192,x_transform=none,log_target=False",10,0.65520028,0.12850761,0.31203121,-0.46936376
xylose_gL,all_known,raman_preprocessed_als_sg0_snv_area,als_sg0_snv_area,weighted_knn,"k=5,metric=correlation,max_features=192,x_transform=l2,log_target=False",10,0.65520028,0.12850761,0.31203121,-0.46936376
xylose_gL,all_known,raman_preprocessed_als_sg0_snv_area,als_sg0_snv_area,krr,"kernel=rbf,alpha=0.01,gamma_scale=2.0,max_features=48,x_transform=l2,log_target=False",10,0.65538305,0.11720206,0.38106265,-0.56715639
xylose_gL,all_known,raman_preprocessed_als_sg2_snv,als_sg2_snv,krr,"kernel=laplacian,alpha=0.01,gamma_scale=1.0,max_features=12,x_transform=l2,log_target=True",10,0.65700875,0.17380436,0.31322274,-0.35786369
xylose_gL,all_known,raman_preprocessed_als_sg0_snv_area,als_sg0_snv_area,weighted_knn,"k=3,metric=manhattan,max_features=12,x_transform=l2,log_target=True",10,0.65748353,0.21078318,0.31640503,-0.39521745
xylose_gL,all_known,parafac_raman_fusion_als_sg0_snv_area,als_sg0_snv_area+parafac,weighted_knn,"k=3,metric=correlation,max_features=192,x_transform=none,log_target=True",10,0.65785348,0.12269984,0.2772658,-0.09027495
xylose_gL,all_known,parafac_raman_fusion_als_sg0_snv_area,als_sg0_snv_area+parafac,weighted_knn,"k=3,metric=correlation,max_features=192,x_transform=l2,log_target=True",10,0.65785348,0.12269984,0.2772658,-0.09027495
xylose_gL,all_known,raman_preprocessed_als_sg2_snv,als_sg2_snv,weighted_knn,"k=5,metric=manhattan,max_features=12,x_transform=none,log_target=False",10,0.65802433,0.20473885,0.31214718,-0.27216945
xylose_gL,all_known,raman_preprocessed_als_sg2_snv,als_sg2_snv,krr,"kernel=rbf,alpha=0.1,gamma_scale=2.0,max_features=12,x_transform=none,log_target=True",10,0.6591898,0.21185863,0.29703028,-0.26416103
xylose_gL,all_known,raman_preprocessed_als_sg0_snv_area,als_sg0_snv_area,krr,"kernel=rbf,alpha=0.01,gamma_scale=1.0,max_features=192,x_transform=none,log_target=False",10,0.65924304,0.13910666,0.4220366,-0.48049864
xylose_gL,all_known,raman_preprocessed_als_sg0_snv_area,als_sg0_snv_area,krr,"kernel=rbf,alpha=0.1,gamma_scale=2.0,max_features=12,x_transform=none,log_target=False",10,0.65957711,0.14901714,0.36367375,-0.52314876
xylose_gL,all_known,raman_preprocessed_als_sg2_snv,als_sg2_snv,krr,"kernel=laplacian,alpha=0.01,gamma_scale=1.0,max_features=48,x_transform=l2,log_target=False",10,0.66103079,0.12880361,0.42742988,-0.59430598
xylose_gL,all_known,raman_preprocessed_als_sg0_snv_area,als_sg0_snv_area,weighted_knn,"k=3,metric=manhattan,max_features=48,x_transform=none,log_target=False",10,0.66130657,0.19379437,0.28880457,-0.41450636
xylose_gL,all_known,raman_preprocessed_als_sg0_snv_area,als_sg0_snv_area,weighted_knn,"k=3,metric=manhattan,max_features=12,x_transform=none,log_target=False",10,0.66218998,0.18474342,0.30233803,-0.55608624
xylose_gL,all_known,raman_preprocessed_als_sg0_snv_area,als_sg0_snv_area,krr,"kernel=laplacian,alpha=0.01,gamma_scale=1.0,max_features=48,x_transform=l2,log_target=False",10,0.6623324,0.11811766,0.42887919,-0.64681926
xylose_gL,all_known,raman_preprocessed_als_sg2_snv,als_sg2_snv,weighted_knn,"k=3,metric=manhattan,max_features=12,x_transform=none,log_target=True",10,0.66483931,0.21846407,0.29079108,-0.25184911
xylose_gL,all_known,raman_preprocessed_als_sg2_snv,als_sg2_snv,krr,"kernel=laplacian,alpha=0.01,gamma_scale=1.0,max_features=12,x_transform=none,log_target=False",10,0.66588439,0.14532606,0.37774876,-0.59687468
xylose_gL,all_known,raman_preprocessed_als_sg2_snv,als_sg2_snv,krr,"kernel=rbf,alpha=0.1,gamma_scale=1.0,max_features=48,x_transform=l2,log_target=False",10,0.66620858,0.11117147,0.43515035,-0.79320534
xylose_gL,all_known,raman_preprocessed_als_sg2_snv,als_sg2_snv,weighted_knn,"k=3,metric=manhattan,max_features=192,x_transform=none,log_target=False",10,0.66669194,0.17252045,0.30918942,-0.79622445
xylose_gL,all_known,raman_preprocessed_als_sg0_snv_area,als_sg0_snv_area,weighted_knn,"k=5,metric=manhattan,max_features=192,x_transform=none,log_target=False",10,0.66924872,0.11067111,0.3601113,-0.91612326
xylose_gL,all_known,raman_preprocessed_als_sg0_snv_area,als_sg0_snv_area,krr,"kernel=laplacian,alpha=0.1,gamma_scale=1.0,max_features=12,x_transform=l2,log_target=False",10,0.66948223,0.12901249,0.41876042,-0.60486649
xylose_gL,all_known,parafac_raman_fusion_als_sg0_snv_area,als_sg0_snv_area+parafac,weighted_knn,"k=5,metric=manhattan,max_features=192,x_transform=l2,log_target=False",10,0.67033665,0.11936739,0.30220258,-0.16111776
xylose_gL,all_known,parafac_raman_fusion_als_sg0_snv_area,als_sg0_snv_area+parafac,weighted_knn,"k=5,metric=correlation,max_features=192,x_transform=none,log_target=True",10,0.67067708,0.15328826,0.27517922,-0.034984769
xylose_gL,all_known,parafac_raman_fusion_als_sg0_snv_area,als_sg0_snv_area+parafac,weighted_knn,"k=5,metric=correlation,max_features=192,x_transform=l2,log_target=True",10,0.67067708,0.15328826,0.27517922,-0.034984769
xylose_gL,all_known,parafac_raman_fusion_als_sg0_snv_area,als_sg0_snv_area+parafac,weighted_knn,"k=5,metric=correlation,max_features=192,x_transform=none,log_target=False",10,0.67158208,0.093151212,0.30956116,-0.37873729
xylose_gL,all_known,parafac_raman_fusion_als_sg0_snv_area,als_sg0_snv_area+parafac,weighted_knn,"k=5,metric=correlation,max_features=192,x_transform=l2,log_target=False",10,0.67158208,0.093151212,0.30956116,-0.37873729
xylose_gL,all_known,raman_preprocessed_als_sg2_snv,als_sg2_snv,weighted_knn,"k=3,metric=manhattan,max_features=48,x_transform=l2,log_target=True",10,0.67259508,0.13156849,0.31889075,-0.64545066
xylose_gL,all_known,raman_preprocessed_als_sg2_snv,als_sg2_snv,weighted_knn,"k=1,metric=manhattan,max_features=48,x_transform=none,log_target=False",10,0.67301791,0.2520732,0.30691429,-0.23573941
xylose_gL,all_known,raman_preprocessed_als_sg2_snv,als_sg2_snv,weighted_knn,"k=1,metric=manhattan,max_features=48,x_transform=none,log_target=True",10,0.67301791,0.2520732,0.30691429,-0.23573941
xylose_gL,all_known,raman_preprocessed_als_sg2_snv,als_sg2_snv,krr,"kernel=rbf,alpha=0.1,gamma_scale=1.0,max_features=192,x_transform=none,log_target=False",10,0.67325537,0.11519222,0.43458843,-0.73671525
xylose_gL,all_known,raman_preprocessed_als_sg2_snv,als_sg2_snv,krr,"kernel=rbf,alpha=0.01,gamma_scale=2.0,max_features=12,x_transform=none,log_target=True",10,0.67427402,0.21203021,0.31535383,-0.33041826
xylose_gL,all_known,raman_preprocessed_als_sg2_snv,als_sg2_snv,krr,"kernel=rbf,alpha=0.1,gamma_scale=1.0,max_features=192,x_transform=l2,log_target=False",10,0.67467155,0.11529079,0.43686955,-0.74896092
xylose_gL,all_known,raman_preprocessed_als_sg2_snv,als_sg2_snv,krr,"kernel=rbf,alpha=0.1,gamma_scale=1.0,max_features=12,x_transform=l2,log_target=True",10,0.67540773,0.1854316,0.31671648,-0.51282898
xylose_gL,all_known,raman_preprocessed_als_sg0_snv_area,als_sg0_snv_area,krr,"kernel=rbf,alpha=0.1,gamma_scale=1.0,max_features=12,x_transform=none,log_target=False",10,0.67553952,0.14058807,0.39176135,-0.59592968
xylose_gL,all_known,parafac_raman_fusion_als_sg0_snv_area,als_sg0_snv_area+parafac,krr,"kernel=rbf,alpha=0.01,gamma_scale=1.0,max_features=192,x_transform=l2,log_target=True",10,0.67588491,0.17781493,0.29208023,0.049057843
xylose_gL,all_known,raman_preprocessed_als_sg0_snv_area,als_sg0_snv_area,weighted_knn,"k=5,metric=manhattan,max_features=48,x_transform=l2,log_target=False",10,0.67627147,0.11819528,0.35668623,-0.93597082
xylose_gL,all_known,raman_preprocessed_als_sg0_snv_area,als_sg0_snv_area,krr,"kernel=rbf,alpha=0.1,gamma_scale=1.0,max_features=48,x_transform=none,log_target=False",10,0.67721567,0.11786453,0.41392258,-0.71313545
xylose_gL,all_known,parafac_raman_fusion_als_sg0_snv_area,als_sg0_snv_area+parafac,weighted_knn,"k=5,metric=manhattan,max_features=192,x_transform=none,log_target=True",10,0.67830149,0.17885232,0.28490467,0.023560456
xylose_gL,all_known,parafac_raman_fusion_als_sg0_snv_area,als_sg0_snv_area+parafac,krr,"kernel=rbf,alpha=0.1,gamma_scale=1.0,max_features=192,x_transform=l2,log_target=True",10,0.67966598,0.18637485,0.29047482,0.055641014
xylose_gL,all_known,raman_preprocessed_als_sg0_snv_area,als_sg0_snv_area,weighted_knn,"k=3,metric=manhattan,max_features=48,x_transform=l2,log_target=True",10,0.68000371,0.12783773,0.31947253,-0.87587448
xylose_gL,all_known,parafac_raman_fusion_als_sg0_snv_area,als_sg0_snv_area+parafac,krr,"kernel=rbf,alpha=0.01,gamma_scale=1.0,max_features=192,x_transform=none,log_target=True",10,0.6803548,0.1711868,0.2926353,0.013711804
xylose_gL,all_known,parafac_raman_fusion_als_sg0_snv_area,als_sg0_snv_area+parafac,weighted_knn,"k=5,metric=manhattan,max_features=192,x_transform=none,log_target=False",10,0.68140216,0.12736741,0.32372474,-0.26661515
xylose_gL,all_known,parafac_raman_fusion_als_sg0_snv_area,als_sg0_snv_area+parafac,krr,"kernel=laplacian,alpha=0.01,gamma_scale=1.0,max_features=192,x_transform=l2,log_target=False",10,0.6822972,0.15615359,0.3546706,-0.048482742
xylose_gL,all_known,parafac_raman_fusion_als_sg0_snv_area,als_sg0_snv_area+parafac,krr,"kernel=rbf,alpha=0.1,gamma_scale=1.0,max_features=192,x_transform=none,log_target=True",10,0.68366704,0.18283717,0.28853126,0.031082244
xylose_gL,all_known,parafac_raman_fusion_als_sg0_snv_area,als_sg0_snv_area+parafac,krr,"kernel=rbf,alpha=0.01,gamma_scale=2.0,max_features=192,x_transform=l2,log_target=False",10,0.68366822,0.14482488,0.34762563,-0.098537016
xylose_gL,all_known,parafac_raman_fusion_als_sg0_snv_area,als_sg0_snv_area+parafac,krr,"kernel=rbf,alpha=0.1,gamma_scale=2.0,max_features=192,x_transform=l2,log_target=False",10,0.68410922,0.15177737,0.34428313,-0.077870514
xylose_gL,all_known,raman_preprocessed_als_sg2_snv,als_sg2_snv,krr,"kernel=laplacian,alpha=0.1,gamma_scale=2.0,max_features=12,x_transform=l2,log_target=False",10,0.68411676,0.14853287,0.36265179,-0.61573671
xylose_gL,all_known,parafac_raman_fusion_als_sg0_snv_area,als_sg0_snv_area+parafac,krr,"kernel=laplacian,alpha=0.1,gamma_scale=1.0,max_features=192,x_transform=l2,log_target=False",10,0.68434266,0.16314032,0.35017397,-0.037096657
xylose_gL,all_known,raman_preprocessed_als_sg0_snv_area,als_sg0_snv_area,weighted_knn,"k=1,metric=correlation,max_features=192,x_transform=none,log_target=False",10,0.6857051,0.18314423,0.30851429,-1.3519422
xylose_gL,all_known,raman_preprocessed_als_sg0_snv_area,als_sg0_snv_area,weighted_knn,"k=1,metric=correlation,max_features=192,x_transform=none,log_target=True",10,0.6857051,0.18314423,0.30851429,-1.3519422
xylose_gL,all_known,raman_preprocessed_als_sg0_snv_area,als_sg0_snv_area,weighted_knn,"k=1,metric=correlation,max_features=192,x_transform=l2,log_target=False",10,0.6857051,0.18314423,0.30851429,-1.3519422
xylose_gL,all_known,raman_preprocessed_als_sg0_snv_area,als_sg0_snv_area,weighted_knn,"k=1,metric=correlation,max_features=192,x_transform=l2,log_target=True",10,0.6857051,0.18314423,0.30851429,-1.3519422
xylose_gL,all_known,raman_preprocessed_als_sg0_snv_area,als_sg0_snv_area,krr,"kernel=rbf,alpha=0.01,gamma_scale=2.0,max_features=12,x_transform=none,log_target=False",10,0.68580334,0.14478809,0.3975318,-0.74497017
xylose_gL,all_known,parafac_raman_fusion_als_sg0_snv_area,als_sg0_snv_area+parafac,krr,"kernel=laplacian,alpha=0.01,gamma_scale=1.0,max_features=192,x_transform=none,log_target=False",10,0.68603251,0.15116782,0.35838794,-0.076715945
xylose_gL,all_known,raman_preprocessed_als_sg2_snv,als_sg2_snv,krr,"kernel=rbf,alpha=0.01,gamma_scale=1.0,max_features=12,x_transform=none,log_target=True",10,0.68616163,0.2196707,0.33676783,-0.41763721
xylose_gL,all_known,raman_preprocessed_als_sg0_snv_area,als_sg0_snv_area,krr,"kernel=laplacian,alpha=0.01,gamma_scale=1.0,max_features=12,x_transform=l2,log_target=False",10,0.6868017,0.12657573,0.43784274,-0.7171532
xylose_gL,all_known,parafac_raman_fusion_als_sg0_snv_area,als_sg0_snv_area+parafac,weighted_knn,"k=3,metric=manhattan,max_features=192,x_transform=none,log_target=True",10,0.68686529,0.12350413,0.3034554,-0.22903832
xylose_gL,all_known,parafac_raman_fusion_als_sg0_snv_area,als_sg0_snv_area+parafac,weighted_knn,"k=5,metric=manhattan,max_features=192,x_transform=l2,log_target=True",10,0.68687613,0.1866418,0.27337825,0.030002878
xylose_gL,all_known,parafac_raman_fusion_als_sg0_snv_area,als_sg0_snv_area+parafac,krr,"kernel=laplacian,alpha=0.1,gamma_scale=1.0,max_features=192,x_transform=none,log_target=False",10,0.68710629,0.15875966,0.3524134,-0.05906667
xylose_gL,all_known,raman_preprocessed_als_sg2_snv,als_sg2_snv,weighted_knn,"k=5,metric=correlation,max_features=48,x_transform=none,log_target=False",10,0.68759306,0.14509615,0.3678067,-1.1166207
xylose_gL,all_known,raman_preprocessed_als_sg2_snv,als_sg2_snv,weighted_knn,"k=5,metric=correlation,max_features=48,x_transform=l2,log_target=False",10,0.68759306,0.14509615,0.3678067,-1.1166207
xylose_gL,all_known,raman_preprocessed_als_sg0_snv_area,als_sg0_snv_area,weighted_knn,"k=5,metric=correlation,max_features=48,x_transform=none,log_target=False",10,0.68839115,0.10468606,0.35221177,-0.9346266
xylose_gL,all_known,raman_preprocessed_als_sg0_snv_area,als_sg0_snv_area,weighted_knn,"k=5,metric=correlation,max_features=48,x_transform=l2,log_target=False",10,0.68839115,0.10468606,0.35221177,-0.9346266
xylose_gL,all_known,parafac_raman_fusion_als_sg0_snv_area,als_sg0_snv_area+parafac,krr,"kernel=rbf,alpha=0.01,gamma_scale=2.0,max_features=192,x_transform=none,log_target=True",10,0.68881816,0.19054477,0.27989485,0.030642118
xylose_gL,all_known,parafac_raman_fusion_als_sg0_snv_area,als_sg0_snv_area+parafac,krr,"kernel=rbf,alpha=0.1,gamma_scale=2.0,max_features=192,x_transform=none,log_target=False",10,0.68897963,0.13522269,0.34670764,-0.15797101
xylose_gL,all_known,parafac_raman_fusion_als_sg0_snv_area,als_sg0_snv_area+parafac,krr,"kernel=rbf,alpha=0.01,gamma_scale=2.0,max_features=192,x_transform=none,log_target=False",10,0.68953289,0.12710757,0.35343258,-0.1904277
xylose_gL,all_known,parafac_raman_fusion_als_sg0_snv_area,als_sg0_snv_area+parafac,krr,"kernel=rbf,alpha=0.01,gamma_scale=2.0,max_features=192,x_transform=l2,log_target=True",10,0.689637,0.2001322,0.28439236,0.053255042
xylose_gL,all_known,parafac_raman_fusion_als_sg0_snv_area,als_sg0_snv_area+parafac,krr,"kernel=laplacian,alpha=0.01,gamma_scale=2.0,max_features=192,x_transform=l2,log_target=False",10,0.69027152,0.17997462,0.3386777,-0.013777016
xylose_gL,all_known,raman_preprocessed_als_sg2_snv,als_sg2_snv,weighted_knn,"k=3,metric=manhattan,max_features=192,x_transform=l2,log_target=False",10,0.69027224,0.16654682,0.32678696,-1.0904819
xylose_gL,all_known,parafac_raman_fusion_als_sg0_snv_area,als_sg0_snv_area+parafac,krr,"kernel=rbf,alpha=0.1,gamma_scale=1.0,max_features=192,x_transform=l2,log_target=False",10,0.69032564,0.12197751,0.38487061,-0.2023883
xylose_gL,all_known,parafac_raman_fusion_als_sg0_snv_area,als_sg0_snv_area+parafac,krr,"kernel=laplacian,alpha=0.01,gamma_scale=2.0,max_features=192,x_transform=none,log_target=False",10,0.69107032,0.1706814,0.33388855,-0.042669154
xylose_gL,all_known,parafac_raman_fusion_als_sg0_snv_area,als_sg0_snv_area+parafac,krr,"kernel=laplacian,alpha=0.01,gamma_scale=1.0,max_features=192,x_transform=l2,log_target=True",10,0.69107359,0.20846534,0.28983289,0.070258829
xylose_gL,all_known,parafac_raman_fusion_als_sg0_snv_area,als_sg0_snv_area+parafac,krr,"kernel=laplacian,alpha=0.01,gamma_scale=1.0,max_features=192,x_transform=none,log_target=True",10,0.69187263,0.20711208,0.28950577,0.064505344
xylose_gL,all_known,parafac_raman_fusion_als_sg0_snv_area,als_sg0_snv_area+parafac,krr,"kernel=rbf,alpha=0.1,gamma_scale=2.0,max_features=192,x_transform=none,log_target=True",10,0.69189119,0.19547309,0.2794479,0.032029302
xylose_gL,all_known,raman_preprocessed_als_sg0_snv_area,als_sg0_snv_area,weighted_knn,"k=3,metric=correlation,max_features=12,x_transform=none,log_target=True",10,0.69205116,0.16949434,0.33187244,-0.90807321
xylose_gL,all_known,raman_preprocessed_als_sg0_snv_area,als_sg0_snv_area,weighted_knn,"k=3,metric=correlation,max_features=12,x_transform=l2,log_target=True",10,0.69205116,0.16949434,0.33187244,-0.90807321
xylose_gL,all_known,raman_preprocessed_als_sg0_snv_area,als_sg0_snv_area,weighted_knn,"k=5,metric=manhattan,max_features=12,x_transform=l2,log_target=False",10,0.69241505,0.13803243,0.37652918,-0.76404455
xylose_gL,all_known,parafac_raman_fusion_als_sg0_snv_area,als_sg0_snv_area+parafac,krr,"kernel=rbf,alpha=0.1,gamma_scale=2.0,max_features=192,x_transform=l2,log_target=True",10,0.69246037,0.20456532,0.28469839,0.053823714
xylose_gL,all_known,parafac_raman_fusion_als_sg0_snv_area,als_sg0_snv_area+parafac,krr,"kernel=laplacian,alpha=0.1,gamma_scale=2.0,max_features=192,x_transform=l2,log_target=False",10,0.69269132,0.18366896,0.33936594,-0.013012584
xylose_gL,all_known,parafac_raman_fusion_als_sg0_snv_area,als_sg0_snv_area+parafac,krr,"kernel=laplacian,alpha=0.1,gamma_scale=2.0,max_features=192,x_transform=none,log_target=False",10,0.6933544,0.17450778,0.33358405,-0.040898157
xylose_gL,all_known,parafac_raman_fusion_als_sg0_snv_area,als_sg0_snv_area+parafac,krr,"kernel=laplacian,alpha=0.1,gamma_scale=1.0,max_features=192,x_transform=l2,log_target=True",10,0.69499036,0.21239064,0.29036564,0.064746763
xylose_gL,all_known,raman_preprocessed_als_sg2_snv,als_sg2_snv,weighted_knn,"k=5,metric=manhattan,max_features=12,x_transform=l2,log_target=True",10,0.69502688,0.16997457,0.34527695,-0.66833366
xylose_gL,all_known,parafac_raman_fusion_als_sg0_snv_area,als_sg0_snv_area+parafac,krr,"kernel=laplacian,alpha=0.1,gamma_scale=1.0,max_features=192,x_transform=none,log_target=True",10,0.69547747,0.21113683,0.28922348,0.060329092
xylose_gL,all_known,parafac_raman_fusion_als_sg2_snv,als_sg2_snv+parafac,krr,"kernel=rbf,alpha=0.1,gamma_scale=2.0,max_features=192,x_transform=none,log_target=False",10,0.69628986,0.17659546,0.35512307,-0.063391989
xylose_gL,all_known,parafac_raman_fusion_als_sg0_snv_area,als_sg0_snv_area+parafac,weighted_knn,"k=1,metric=manhattan,max_features=192,x_transform=l2,log_target=True",10,0.69710007,0.21901922,0.30272857,-0.87701166
xylose_gL,all_known,parafac_raman_fusion_als_sg0_snv_area,als_sg0_snv_area+parafac,weighted_knn,"k=1,metric=manhattan,max_features=192,x_transform=l2,log_target=False",10,0.69710007,0.21901922,0.30272857,-0.87701166
xylose_gL,all_known,parafac_raman_fusion_als_sg0_snv_area,als_sg0_snv_area+parafac,krr,"kernel=rbf,alpha=0.01,gamma_scale=1.0,max_features=192,x_transform=l2,log_target=False",10,0.69723859,0.11025101,0.40171119,-0.2751411
xylose_gL,all_known,parafac_raman_fusion_als_sg2_snv,als_sg2_snv+parafac,weighted_knn,"k=5,metric=manhattan,max_features=192,x_transform=l2,log_target=True",10,0.69731694,0.19945287,0.28197871,-0.012484063
xylose_gL,all_known,parafac_raman_fusion_als_sg2_snv,als_sg2_snv+parafac,krr,"kernel=rbf,alpha=0.1,gamma_scale=2.0,max_features=192,x_transform=l2,log_target=False",10,0.69838843,0.17644152,0.36169417,-0.076747591
xylose_gL,all_known,parafac_raman_fusion_als_sg2_snv,als_sg2_snv+parafac,krr,"kernel=rbf,alpha=0.01,gamma_scale=2.0,max_features=192,x_transform=none,log_target=False",10,0.69885827,0.1707404,0.36259538,-0.094012766
xylose_gL,all_known,raman_preprocessed_als_sg2_snv,als_sg2_snv,weighted_knn,"k=5,metric=correlation,max_features=12,x_transform=none,log_target=True",10,0.69927787,0.15980445,0.34118149,-0.78709979
xylose_gL,all_known,raman_preprocessed_als_sg2_snv,als_sg2_snv,weighted_knn,"k=5,metric=correlation,max_features=12,x_transform=l2,log_target=True",10,0.69927787,0.15980445,0.34118149,-0.78709979
xylose_gL,all_known,raman_preprocessed_als_sg2_snv,als_sg2_snv,krr,"kernel=laplacian,alpha=0.01,gamma_scale=2.0,max_features=12,x_transform=l2,log_target=False",10,0.69940864,0.14677825,0.37304049,-0.71301578
xylose_gL,all_known,raman_preprocessed_als_sg2_snv,als_sg2_snv,krr,"kernel=rbf,alpha=0.01,gamma_scale=1.0,max_features=192,x_transform=none,log_target=False",10,0.70096348,0.10447441,0.46312117,-0.96227359
xylose_gL,all_known,raman_preprocessed_als_sg0_snv_area,als_sg0_snv_area,krr,"kernel=rbf,alpha=0.1,gamma_scale=1.0,max_features=48,x_transform=l2,log_target=False",10,0.70099515,0.096231778,0.43955015,-0.91845225
xylose_gL,all_known,raman_preprocessed_als_sg2_snv,als_sg2_snv,weighted_knn,"k=3,metric=manhattan,max_features=12,x_transform=none,log_target=False",10,0.70101356,0.22744838,0.32095499,-0.43589451
xylose_gL,all_known,parafac_raman_fusion_als_sg2_snv,als_sg2_snv+parafac,krr,"kernel=rbf,alpha=0.01,gamma_scale=2.0,max_features=192,x_transform=l2,log_target=False",10,0.70111399,0.17079666,0.36881606,-0.10798758
xylose_gL,all_known,raman_preprocessed_als_sg2_snv,als_sg2_snv,krr,"kernel=rbf,alpha=0.1,gamma_scale=2.0,max_features=12,x_transform=l2,log_target=True",10,0.70166108,0.18707752,0.32258869,-0.65015018
xylose_gL,all_known,parafac_raman_fusion_als_sg0_snv_area,als_sg0_snv_area+parafac,krr,"kernel=rbf,alpha=0.1,gamma_scale=1.0,max_features=192,x_transform=none,log_target=False",10,0.7017266,0.1123463,0.39313223,-0.29353848
xylose_gL,all_known,raman_preprocessed_als_sg2_snv,als_sg2_snv,krr,"kernel=rbf,alpha=0.01,gamma_scale=1.0,max_features=192,x_transform=l2,log_target=False",10,0.7027831,0.10487864,0.46571914,-0.9747893
xylose_gL,all_known,parafac_raman_fusion_als_sg2_snv,als_sg2_snv+parafac,weighted_knn,"k=5,metric=manhattan,max_features=192,x_transform=none,log_target=True",10,0.7030737,0.20041847,0.28320535,-0.029951778
xylose_gL,all_known,raman_preprocessed_als_sg0_snv_area,als_sg0_snv_area,krr,"kernel=rbf,alpha=0.1,gamma_scale=2.0,max_features=12,x_transform=l2,log_target=False",10,0.70311245,0.11740343,0.41682732,-0.87190799
xylose_gL,all_known,parafac_raman_fusion_als_sg2_snv,als_sg2_snv+parafac,krr,"kernel=laplacian,alpha=0.1,gamma_scale=2.0,max_features=192,x_transform=none,log_target=False",10,0.70323611,0.20912346,0.34460139,0.0077460597
xylose_gL,all_known,parafac_raman_fusion_als_sg2_snv,als_sg2_snv+parafac,krr,"kernel=laplacian,alpha=0.01,gamma_scale=2.0,max_features=192,x_transform=none,log_target=False",10,0.70359427,0.20647729,0.34649102,-0.001267672
xylose_gL,all_known,parafac_raman_fusion_als_sg2_snv,als_sg2_snv+parafac,krr,"kernel=rbf,alpha=0.01,gamma_scale=2.0,max_features=192,x_transform=none,log_target=True",10,0.70417249,0.219858,0.28992417,0.041497984
xylose_gL,all_known,parafac_raman_fusion_als_sg2_snv,als_sg2_snv+parafac,krr,"kernel=rbf,alpha=0.1,gamma_scale=2.0,max_features=192,x_transform=none,log_target=True",10,0.70428839,0.22269031,0.28785429,0.048319837
xylose_gL,all_known,parafac_raman_fusion_als_sg2_snv,als_sg2_snv+parafac,krr,"kernel=laplacian,alpha=0.1,gamma_scale=2.0,max_features=192,x_transform=l2,log_target=False",10,0.70451825,0.20814396,0.34891496,-0.0021744484
xylose_gL,all_known,raman_preprocessed_als_sg0_snv_area,als_sg0_snv_area,weighted_knn,"k=1,metric=manhattan,max_features=48,x_transform=none,log_target=False",10,0.70486271,0.20627752,0.29345714,-0.75413286
xylose_gL,all_known,raman_preprocessed_als_sg0_snv_area,als_sg0_snv_area,weighted_knn,"k=1,metric=manhattan,max_features=48,x_transform=none,log_target=True",10,0.70486271,0.20627752,0.29345714,-0.75413286
xylose_gL,all_known,parafac_raman_fusion_als_sg2_snv,als_sg2_snv+parafac,krr,"kernel=laplacian,alpha=0.01,gamma_scale=2.0,max_features=192,x_transform=l2,log_target=False",10,0.70491741,0.20565235,0.35060571,-0.01110111
xylose_gL,all_known,parafac_raman_fusion_als_sg0_snv_area,als_sg0_snv_area+parafac,krr,"kernel=laplacian,alpha=0.01,gamma_scale=2.0,max_features=192,x_transform=l2,log_target=True",10,0.70497359,0.22144965,0.28964308,0.049226211
xylose_gL,all_known,raman_preprocessed_als_sg2_snv,als_sg2_snv,krr,"kernel=rbf,alpha=0.01,gamma_scale=1.0,max_features=48,x_transform=l2,log_target=False",10,0.70511784,0.10504031,0.46648166,-1.1264506
xylose_gL,all_known,parafac_raman_fusion_als_sg0_snv_area,als_sg0_snv_area+parafac,krr,"kernel=laplacian,alpha=0.01,gamma_scale=2.0,max_features=192,x_transform=none,log_target=True",10,0.70515551,0.21592035,0.28523271,0.03601261
xylose_gL,all_known,parafac_raman_fusion_als_sg2_snv,als_sg2_snv+parafac,krr,"kernel=rbf,alpha=0.1,gamma_scale=2.0,max_features=192,x_transform=l2,log_target=True",10,0.70570463,0.22148655,0.29412505,0.039515938
xylose_gL,all_known,parafac_raman_fusion_als_sg2_snv,als_sg2_snv+parafac,krr,"kernel=rbf,alpha=0.01,gamma_scale=2.0,max_features=192,x_transform=l2,log_target=True",10,0.70592356,0.21858348,0.29631108,0.031101101
xylose_gL,all_known,parafac_raman_fusion_als_sg2_snv,als_sg2_snv+parafac,krr,"kernel=rbf,alpha=0.1,gamma_scale=2.0,max_features=48,x_transform=l2,log_target=True",10,0.70598589,0.20593607,0.29889926,0.011291812
xylose_gL,all_known,parafac_raman_fusion_als_sg2_snv,als_sg2_snv+parafac,weighted_knn,"k=5,metric=correlation,max_features=48,x_transform=none,log_target=True",10,0.70627494,0.17461437,0.32543706,-0.12482885
xylose_gL,all_known,parafac_raman_fusion_als_sg2_snv,als_sg2_snv+parafac,weighted_knn,"k=5,metric=correlation,max_features=48,x_transform=l2,log_target=True",10,0.70627494,0.17461437,0.32543706,-0.12482885
xylose_gL,all_known,raman_preprocessed_als_sg0_snv_area,als_sg0_snv_area,krr,"kernel=rbf,alpha=0.01,gamma_scale=1.0,max_features=48,x_transform=none,log_target=False",10,0.70652768,0.11619275,0.43952298,-0.9254875
xylose_gL,all_known,raman_preprocessed_als_sg2_snv,als_sg2_snv,krr,"kernel=rbf,alpha=0.1,gamma_scale=2.0,max_features=12,x_transform=none,log_target=False",10,0.70665488,0.20416957,0.36457514,-0.58186394
xylose_gL,all_known,parafac_raman_fusion_als_sg0_snv_area,als_sg0_snv_area+parafac,krr,"kernel=laplacian,alpha=0.1,gamma_scale=2.0,max_features=192,x_transform=l2,log_target=True",10,0.70739709,0.22344125,0.29069721,0.045017686
xylose_gL,all_known,parafac_raman_fusion_als_sg2_snv,als_sg2_snv+parafac,krr,"kernel=rbf,alpha=0.01,gamma_scale=2.0,max_features=48,x_transform=l2,log_target=True",10,0.70749541,0.20126488,0.30268972,-0.0065245457
xylose_gL,all_known,parafac_raman_fusion_als_sg0_snv_area,als_sg0_snv_area+parafac,krr,"kernel=laplacian,alpha=0.1,gamma_scale=2.0,max_features=192,x_transform=none,log_target=True",10,0.70761186,0.2179344,0.28596127,0.031719203
xylose_gL,all_known,raman_preprocessed_als_sg0_snv_area,als_sg0_snv_area,weighted_knn,"k=3,metric=correlation,max_features=48,x_transform=none,log_target=True",10,0.70768886,0.1366048,0.32962692,-0.98436558
xylose_gL,all_known,raman_preprocessed_als_sg0_snv_area,als_sg0_snv_area,weighted_knn,"k=3,metric=correlation,max_features=48,x_transform=l2,log_target=True",10,0.70768886,0.1366048,0.32962692,-0.98436558
xylose_gL,all_known,parafac_raman_fusion_als_sg0_snv_area,als_sg0_snv_area+parafac,krr,"kernel=rbf,alpha=0.1,gamma_scale=2.0,max_features=48,x_transform=l2,log_target=True",10,0.70774145,0.18386945,0.29926416,-0.068855544
xylose_gL,all_known,parafac_raman_fusion_als_sg0_snv_area,als_sg0_snv_area+parafac,weighted_knn,"k=5,metric=manhattan,max_features=48,x_transform=l2,log_target=True",10,0.70837027,0.16256571,0.32357013,-0.19376645
xylose_gL,all_known,parafac_raman_fusion_als_sg2_snv,als_sg2_snv+parafac,weighted_knn,"k=3,metric=manhattan,max_features=192,x_transform=none,log_target=True",10,0.70862828,0.20434945,0.28399248,-0.090424969
xylose_gL,all_known,parafac_raman_fusion_als_sg0_snv_area,als_sg0_snv_area+parafac,krr,"kernel=laplacian,alpha=0.1,gamma_scale=1.0,max_features=48,x_transform=l2,log_target=True",10,0.70914705,0.19483596,0.30861086,-0.047709192
xylose_gL,all_known,parafac_raman_fusion_als_sg0_snv_area,als_sg0_snv_area+parafac,krr,"kernel=laplacian,alpha=0.01,gamma_scale=2.0,max_features=48,x_transform=l2,log_target=True",10,0.70919654,0.20658449,0.29970561,-0.0098509009
xylose_gL,all_known,parafac_raman_fusion_als_sg0_snv_area,als_sg0_snv_area+parafac,krr,"kernel=laplacian,alpha=0.1,gamma_scale=1.0,max_features=48,x_transform=none,log_target=True",10,0.70941433,0.20467485,0.30107521,-0.01642319
xylose_gL,all_known,parafac_raman_fusion_als_sg0_snv_area,als_sg0_snv_area+parafac,krr,"kernel=laplacian,alpha=0.01,gamma_scale=1.0,max_features=48,x_transform=l2,log_target=True",10,0.70996155,0.1892227,0.31177368,-0.069118877
xylose_gL,all_known,parafac_raman_fusion_als_sg0_snv_area,als_sg0_snv_area+parafac,weighted_knn,"k=5,metric=manhattan,max_features=48,x_transform=none,log_target=False",10,0.71013441,0.23006063,0.27908415,0.015790156
xylose_gL,all_known,parafac_raman_fusion_als_sg0_snv_area,als_sg0_snv_area+parafac,krr,"kernel=laplacian,alpha=0.01,gamma_scale=1.0,max_features=48,x_transform=none,log_target=True",10,0.7101801,0.20134522,0.30377793,-0.02847347
xylose_gL,all_known,parafac_raman_fusion_als_sg0_snv_area,als_sg0_snv_area+parafac,krr,"kernel=laplacian,alpha=0.1,gamma_scale=2.0,max_features=48,x_transform=l2,log_target=True",10,0.71020599,0.20957539,0.29908374,-0.0053835285
xylose_gL,all_known,parafac_raman_fusion_als_sg0_snv_area,als_sg0_snv_area+parafac,krr,"kernel=rbf,alpha=0.01,gamma_scale=2.0,max_features=48,x_transform=l2,log_target=True",10,0.71023457,0.17752299,0.30351507,-0.099570068
xylose_gL,all_known,parafac_raman_fusion_als_sg2_snv,als_sg2_snv+parafac,krr,"kernel=laplacian,alpha=0.1,gamma_scale=1.0,max_features=192,x_transform=none,log_target=True",10,0.71080243,0.23051231,0.29742395,0.041671947
xylose_gL,all_known,raman_preprocessed_als_sg2_snv,als_sg2_snv,krr,"kernel=rbf,alpha=0.1,gamma_scale=1.0,max_features=12,x_transform=none,log_target=False",10,0.71118138,0.19338154,0.37793921,-0.69919704
xylose_gL,all_known,parafac_raman_fusion_als_sg2_snv,als_sg2_snv+parafac,krr,"kernel=laplacian,alpha=0.1,gamma_scale=1.0,max_features=192,x_transform=l2,log_target=True",10,0.71120597,0.23019214,0.2988461,0.039404234
xylose_gL,all_known,parafac_raman_fusion_als_sg2_snv,als_sg2_snv+parafac,krr,"kernel=laplacian,alpha=0.01,gamma_scale=1.0,max_features=192,x_transform=none,log_target=True",10,0.71134905,0.22777038,0.29969585,0.03315458
xylose_gL,all_known,parafac_raman_fusion_als_sg2_snv,als_sg2_snv+parafac,krr,"kernel=rbf,alpha=0.1,gamma_scale=1.0,max_features=192,x_transform=none,log_target=True",10,0.71161445,0.20633049,0.31062972,-0.025979419
xylose_gL,all_known,parafac_raman_fusion_als_sg2_snv,als_sg2_snv+parafac,krr,"kernel=laplacian,alpha=0.01,gamma_scale=2.0,max_features=192,x_transform=none,log_target=True",10,0.71179262,0.23795937,0.29114897,0.056013316
xylose_gL,all_known,parafac_raman_fusion_als_sg2_snv,als_sg2_snv+parafac,krr,"kernel=laplacian,alpha=0.01,gamma_scale=1.0,max_features=192,x_transform=l2,log_target=True",10,0.71188003,0.22750338,0.30117473,0.030611084
xylose_gL,all_known,parafac_raman_fusion_als_sg2_snv,als_sg2_snv+parafac,krr,"kernel=laplacian,alpha=0.01,gamma_scale=2.0,max_features=192,x_transform=l2,log_target=True",10,0.71229231,0.23710092,0.29385852,0.051967265
xylose_gL,all_known,parafac_raman_fusion_als_sg0_snv_area,als_sg0_snv_area+parafac,krr,"kernel=laplacian,alpha=0.01,gamma_scale=2.0,max_features=48,x_transform=none,log_target=True",10,0.71249002,0.21324623,0.28909028,-0.0025825139
xylose_gL,all_known,parafac_raman_fusion_als_sg2_snv,als_sg2_snv+parafac,krr,"kernel=laplacian,alpha=0.1,gamma_scale=2.0,max_features=192,x_transform=none,log_target=True",10,0.71256735,0.23918952,0.29115272,0.056164646
xylose_gL,all_known,parafac_raman_fusion_als_sg2_snv,als_sg2_snv+parafac,krr,"kernel=rbf,alpha=0.1,gamma_scale=1.0,max_features=192,x_transform=l2,log_target=True",10,0.71270132,0.20625533,0.314379,-0.029872903
xylose_gL,all_known,raman_preprocessed_als_sg2_snv,als_sg2_snv,krr,"kernel=laplacian,alpha=0.1,gamma_scale=1.0,max_features=12,x_transform=l2,log_target=False",10,0.71277133,0.13492612,0.40870852,-0.84047992
xylose_gL,all_known,parafac_raman_fusion_als_sg2_snv,als_sg2_snv+parafac,krr,"kernel=laplacian,alpha=0.1,gamma_scale=2.0,max_features=192,x_transform=l2,log_target=True",10,0.71300058,0.23829567,0.29394991,0.052298732
xylose_gL,all_known,parafac_raman_fusion_als_sg0_snv_area,als_sg0_snv_area+parafac,krr,"kernel=laplacian,alpha=0.1,gamma_scale=2.0,max_features=48,x_transform=none,log_target=True",10,0.71333756,0.21519399,0.2884293,-0.00066982293
xylose_gL,all_known,parafac_raman_fusion_als_sg2_snv,als_sg2_snv+parafac,krr,"kernel=rbf,alpha=0.1,gamma_scale=1.0,max_features=48,x_transform=l2,log_target=True",10,0.71333945,0.19398989,0.3208396,-0.048941643
xylose_gL,all_known,parafac_raman_fusion_als_sg0_snv_area,als_sg0_snv_area+parafac,krr,"kernel=laplacian,alpha=0.1,gamma_scale=2.0,max_features=48,x_transform=none,log_target=False",10,0.71371321,0.16914567,0.3484297,-0.15973669
xylose_gL,all_known,parafac_raman_fusion_als_sg0_snv_area,als_sg0_snv_area+parafac,krr,"kernel=rbf,alpha=0.01,gamma_scale=1.0,max_features=192,x_transform=none,log_target=False",10,0.71392505,0.096434451,0.41756223,-0.41926321
xylose_gL,all_known,parafac_raman_fusion_als_sg0_snv_area,als_sg0_snv_area+parafac,krr,"kernel=rbf,alpha=0.1,gamma_scale=2.0,max_features=48,x_transform=none,log_target=True",10,0.71393669,0.19879376,0.28163815,-0.049150164
xylose_gL,all_known,parafac_raman_fusion_als_sg2_snv,als_sg2_snv+parafac,krr,"kernel=laplacian,alpha=0.1,gamma_scale=1.0,max_features=192,x_transform=none,log_target=False",10,0.71394049,0.19079397,0.3713494,-0.090769554
xylose_gL,all_known,parafac_raman_fusion_als_sg2_snv,als_sg2_snv+parafac,weighted_knn,"k=5,metric=manhattan,max_features=192,x_transform=l2,log_target=False",10,0.71424705,0.16260042,0.32737566,-0.28259934
xylose_gL,all_known,raman_preprocessed_als_sg2_snv,als_sg2_snv,weighted_knn,"k=3,metric=correlation,max_features=48,x_transform=none,log_target=False",10,0.71445955,0.18317307,0.34890851,-1.3255901
xylose_gL,all_known,raman_preprocessed_als_sg2_snv,als_sg2_snv,weighted_knn,"k=3,metric=correlation,max_features=48,x_transform=l2,log_target=False",10,0.71445955,0.18317307,0.34890851,-1.3255901
xylose_gL,all_known,parafac_raman_fusion_als_sg2_snv,als_sg2_snv+parafac,krr,"kernel=laplacian,alpha=0.1,gamma_scale=1.0,max_features=192,x_transform=l2,log_target=False",10,0.71461889,0.19095683,0.37279199,-0.093909016
xylose_gL,all_known,parafac_raman_fusion_als_sg2_snv,als_sg2_snv+parafac,krr,"kernel=laplacian,alpha=0.1,gamma_scale=2.0,max_features=48,x_transform=l2,log_target=True",10,0.71479671,0.23201539,0.29570812,0.03933118
xylose_gL,all_known,parafac_raman_fusion_als_sg0_snv_area,als_sg0_snv_area+parafac,krr,"kernel=rbf,alpha=0.1,gamma_scale=1.0,max_features=48,x_transform=l2,log_target=True",10,0.71490078,0.16427658,0.31656838,-0.16917055
xylose_gL,all_known,parafac_raman_fusion_als_sg0_snv_area,als_sg0_snv_area+parafac,krr,"kernel=laplacian,alpha=0.01,gamma_scale=2.0,max_features=48,x_transform=none,log_target=False",10,0.7149571,0.16514893,0.35277204,-0.17970729
xylose_gL,all_known,parafac_raman_fusion_als_sg0_snv_area,als_sg0_snv_area+parafac,weighted_knn,"k=3,metric=manhattan,max_features=192,x_transform=none,log_target=False",10,0.71518161,0.11220336,0.34870658,-0.80879569
xylose_gL,all_known,parafac_raman_fusion_als_sg2_snv,als_sg2_snv+parafac,krr,"kernel=laplacian,alpha=0.1,gamma_scale=2.0,max_features=48,x_transform=none,log_target=False",10,0.71541229,0.20979245,0.33092515,-0.023767154
xylose_gL,all_known,parafac_raman_fusion_als_sg2_snv,als_sg2_snv+parafac,krr,"kernel=laplacian,alpha=0.01,gamma_scale=2.0,max_features=48,x_transform=l2,log_target=True",10,0.71541499,0.23035781,0.29712633,0.034124767
xylose_gL,all_known,parafac_raman_fusion_als_sg0_snv_area,als_sg0_snv_area+parafac,krr,"kernel=rbf,alpha=0.01,gamma_scale=2.0,max_features=48,x_transform=none,log_target=True",10,0.71553216,0.19594193,0.28359908,-0.064912545
xylose_gL,all_known,parafac_raman_fusion_als_sg0_snv_area,als_sg0_snv_area+parafac,krr,"kernel=rbf,alpha=0.1,gamma_scale=1.0,max_features=48,x_transform=none,log_target=True",10,0.71591688,0.18294524,0.29756447,-0.10733277
xylose_gL,all_known,parafac_raman_fusion_als_sg2_snv,als_sg2_snv+parafac,krr,"kernel=laplacian,alpha=0.01,gamma_scale=2.0,max_features=48,x_transform=none,log_target=False",10,0.71719904,0.20777782,0.33386451,-0.035596656
xylose_gL,all_known,parafac_raman_fusion_als_sg0_snv_area,als_sg0_snv_area+parafac,krr,"kernel=laplacian,alpha=0.1,gamma_scale=2.0,max_features=48,x_transform=l2,log_target=False",10,0.71741471,0.15476719,0.3682946,-0.23822239
xylose_gL,all_known,parafac_raman_fusion_als_sg0_snv_area,als_sg0_snv_area+parafac,weighted_knn,"k=5,metric=manhattan,max_features=48,x_transform=none,log_target=True",10,0.71745614,0.23648163,0.26581387,0.025255405
xylose_gL,all_known,parafac_raman_fusion_als_sg2_snv,als_sg2_snv+parafac,krr,"kernel=rbf,alpha=0.1,gamma_scale=2.0,max_features=48,x_transform=none,log_target=True",10,0.71751361,0.22574043,0.2799471,0.022203661
xylose_gL,all_known,parafac_raman_fusion_als_sg2_snv,als_sg2_snv+parafac,krr,"kernel=rbf,alpha=0.01,gamma_scale=1.0,max_features=192,x_transform=none,log_target=True",10,0.71759951,0.19861329,0.32011716,-0.075275917
xylose_gL,all_known,parafac_raman_fusion_als_sg2_snv,als_sg2_snv+parafac,krr,"kernel=rbf,alpha=0.1,gamma_scale=1.0,max_features=48,x_transform=none,log_target=True",10,0.71826902,0.21557274,0.2983029,-0.0042189322
xylose_gL,all_known,parafac_raman_fusion_als_sg2_snv,als_sg2_snv+parafac,krr,"kernel=laplacian,alpha=0.1,gamma_scale=2.0,max_features=48,x_transform=none,log_target=True",10,0.71857677,0.23871928,0.28364233,0.040331574
xylose_gL,all_known,parafac_raman_fusion_als_sg2_snv,als_sg2_snv+parafac,krr,"kernel=rbf,alpha=0.01,gamma_scale=2.0,max_features=48,x_transform=none,log_target=True",10,0.71870445,0.22415921,0.28233326,0.015172674
xylose_gL,all_known,parafac_raman_fusion_als_sg2_snv,als_sg2_snv+parafac,krr,"kernel=laplacian,alpha=0.1,gamma_scale=1.0,max_features=48,x_transform=none,log_target=True",10,0.71872579,0.23183176,0.29727824,0.025174133
xylose_gL,all_known,parafac_raman_fusion_als_sg2_snv,als_sg2_snv+parafac,krr,"kernel=laplacian,alpha=0.01,gamma_scale=2.0,max_features=48,x_transform=none,log_target=True",10,0.71873023,0.23775235,0.28455509,0.038124308
xylose_gL,all_known,parafac_raman_fusion_als_sg2_snv,als_sg2_snv+parafac,krr,"kernel=rbf,alpha=0.01,gamma_scale=1.0,max_features=192,x_transform=l2,log_target=True",10,0.71891842,0.19890438,0.32433841,-0.078412428
xylose_gL,all_known,parafac_raman_fusion_als_sg0_snv_area,als_sg0_snv_area+parafac,krr,"kernel=laplacian,alpha=0.01,gamma_scale=2.0,max_features=48,x_transform=l2,log_target=False",10,0.71915672,0.14904543,0.3729152,-0.27022424
xylose_gL,all_known,parafac_raman_fusion_als_sg2_snv,als_sg2_snv+parafac,krr,"kernel=laplacian,alpha=0.01,gamma_scale=1.0,max_features=192,x_transform=none,log_target=False",10,0.71922537,0.1851464,0.38134536,-0.13072378
xylose_gL,all_known,parafac_raman_fusion_als_sg2_snv,als_sg2_snv+parafac,krr,"kernel=rbf,alpha=0.1,gamma_scale=2.0,max_features=48,x_transform=none,log_target=False",10,0.71934184,0.18963593,0.3346731,-0.082886241
xylose_gL,all_known,raman_preprocessed_als_sg0_snv_area,als_sg0_snv_area,krr,"kernel=rbf,alpha=0.1,gamma_scale=1.0,max_features=12,x_transform=l2,log_target=False",10,0.71991329,0.10852246,0.44750589,-1.021583
xylose_gL,all_known,parafac_raman_fusion_als_sg2_snv,als_sg2_snv+parafac,krr,"kernel=laplacian,alpha=0.01,gamma_scale=1.0,max_features=192,x_transform=l2,log_target=False",10,0.72000925,0.18552553,0.38244537,-0.13346199
xylose_gL,all_known,parafac_raman_fusion_als_sg2_snv,als_sg2_snv+parafac,krr,"kernel=laplacian,alpha=0.01,gamma_scale=1.0,max_features=48,x_transform=none,log_target=True",10,0.72076041,0.23036178,0.29988858,0.015675874
xylose_gL,all_known,parafac_raman_fusion_als_sg2_snv,als_sg2_snv+parafac,krr,"kernel=laplacian,alpha=0.1,gamma_scale=1.0,max_features=48,x_transform=l2,log_target=True",10,0.72086573,0.22420919,0.31082449,0.002915525
xylose_gL,all_known,parafac_raman_fusion_als_sg2_snv,als_sg2_snv+parafac,krr,"kernel=laplacian,alpha=0.1,gamma_scale=2.0,max_features=48,x_transform=l2,log_target=False",10,0.72096351,0.19383865,0.36072606,-0.08936233
xylose_gL,all_known,parafac_raman_fusion_als_sg2_snv,als_sg2_snv+parafac,krr,"kernel=rbf,alpha=0.01,gamma_scale=1.0,max_features=48,x_transform=l2,log_target=True",10,0.72208886,0.18606069,0.33286492,-0.11219789
xylose_gL,all_known,parafac_raman_fusion_als_sg0_snv_area,als_sg0_snv_area+parafac,krr,"kernel=rbf,alpha=0.01,gamma_scale=1.0,max_features=48,x_transform=none,log_target=True",10,0.72265607,0.18008554,0.304841,-0.15079263
xylose_gL,all_known,parafac_raman_fusion_als_sg2_snv,als_sg2_snv+parafac,krr,"kernel=rbf,alpha=0.01,gamma_scale=2.0,max_features=48,x_transform=none,log_target=False",10,0.72400764,0.18645131,0.34180908,-0.10997384
xylose_gL,all_known,parafac_raman_fusion_als_sg2_snv,als_sg2_snv+parafac,krr,"kernel=laplacian,alpha=0.01,gamma_scale=1.0,max_features=48,x_transform=l2,log_target=True",10,0.72436775,0.22109151,0.31547427,-0.015759221
xylose_gL,all_known,raman_preprocessed_als_sg2_snv,als_sg2_snv,weighted_knn,"k=3,metric=correlation,max_features=12,x_transform=none,log_target=True",10,0.72443979,0.1874108,0.34466556,-0.85091325
xylose_gL,all_known,raman_preprocessed_als_sg2_snv,als_sg2_snv,weighted_knn,"k=3,metric=correlation,max_features=12,x_transform=l2,log_target=True",10,0.72443979,0.1874108,0.34466556,-0.85091325
xylose_gL,all_known,parafac_raman_fusion_als_sg2_snv,als_sg2_snv+parafac,krr,"kernel=laplacian,alpha=0.01,gamma_scale=2.0,max_features=48,x_transform=l2,log_target=False",10,0.7244562,0.1907715,0.36583725,-0.11188912
xylose_gL,all_known,parafac_raman_fusion_als_sg2_snv,als_sg2_snv+parafac,krr,"kernel=rbf,alpha=0.01,gamma_scale=1.0,max_features=48,x_transform=none,log_target=True",10,0.72508275,0.2144887,0.30542042,-0.030803423
xylose_gL,all_known,parafac_raman_fusion_als_sg0_snv_area,als_sg0_snv_area+parafac,krr,"kernel=laplacian,alpha=0.1,gamma_scale=2.0,max_features=12,x_transform=none,log_target=True",10,0.72603076,0.22449525,0.29442981,-0.018959944
xylose_gL,all_known,parafac_raman_fusion_als_sg0_snv_area,als_sg0_snv_area+parafac,krr,"kernel=rbf,alpha=0.01,gamma_scale=1.0,max_features=48,x_transform=l2,log_target=True",10,0.72650805,0.1521702,0.32967498,-0.26971932
xylose_gL,all_known,parafac_raman_fusion_als_sg0_snv_area,als_sg0_snv_area+parafac,krr,"kernel=laplacian,alpha=0.01,gamma_scale=2.0,max_features=12,x_transform=none,log_target=True",10,0.72664267,0.22429764,0.2962594,-0.022082357
xylose_gL,all_known,raman_preprocessed_als_sg0_snv_area,als_sg0_snv_area,weighted_knn,"k=5,metric=correlation,max_features=12,x_transform=none,log_target=False",10,0.72672075,0.14815869,0.38326184,-1.2937018
xylose_gL,all_known,raman_preprocessed_als_sg0_snv_area,als_sg0_snv_area,weighted_knn,"k=5,metric=correlation,max_features=12,x_transform=l2,log_target=False",10,0.72672075,0.14815869,0.38326184,-1.2937018
xylose_gL,all_known,parafac_raman_fusion_als_sg0_snv_area,als_sg0_snv_area+parafac,krr,"kernel=laplacian,alpha=0.1,gamma_scale=2.0,max_features=12,x_transform=l2,log_target=True",10,0.72690338,0.21474803,0.30602441,-0.054123047
xylose_gL,all_known,parafac_raman_fusion_als_sg2_snv,als_sg2_snv+parafac,krr,"kernel=laplacian,alpha=0.1,gamma_scale=2.0,max_features=12,x_transform=none,log_target=True",10,0.72742034,0.2366332,0.28507294,0.0030583598
xylose_gL,all_known,parafac_raman_fusion_als_sg0_snv_area,als_sg0_snv_area+parafac,krr,"kernel=laplacian,alpha=0.1,gamma_scale=1.0,max_features=48,x_transform=none,log_target=False",10,0.72773384,0.14371635,0.39437779,-0.32787095
xylose_gL,all_known,parafac_raman_fusion_als_sg0_snv_area,als_sg0_snv_area+parafac,krr,"kernel=laplacian,alpha=0.01,gamma_scale=2.0,max_features=12,x_transform=l2,log_target=True",10,0.72828756,0.21320177,0.30777652,-0.065209977
xylose_gL,all_known,parafac_raman_fusion_als_sg0_snv_area,als_sg0_snv_area+parafac,krr,"kernel=laplacian,alpha=0.1,gamma_scale=1.0,max_features=12,x_transform=none,log_target=True",10,0.72879408,0.22162327,0.30992478,-0.039115052
xylose_gL,all_known,raman_preprocessed_als_sg2_snv,als_sg2_snv,weighted_knn,"k=3,metric=manhattan,max_features=12,x_transform=l2,log_target=True",10,0.72899294,0.21110662,0.34176499,-0.75938093
xylose_gL,all_known,parafac_raman_fusion_als_sg2_snv,als_sg2_snv+parafac,krr,"kernel=rbf,alpha=0.1,gamma_scale=2.0,max_features=48,x_transform=l2,log_target=False",10,0.72962519,0.15978543,0.39029106,-0.24542112
xylose_gL,all_known,parafac_raman_fusion_als_sg2_snv,als_sg2_snv+parafac,krr,"kernel=laplacian,alpha=0.01,gamma_scale=2.0,max_features=12,x_transform=none,log_target=True",10,0.7296351,0.23427043,0.28817714,-0.010329063
xylose_gL,all_known,parafac_raman_fusion_als_sg0_snv_area,als_sg0_snv_area+parafac,weighted_knn,"k=5,metric=manhattan,max_features=12,x_transform=none,log_target=True",10,0.72969888,0.23191014,0.29166735,-0.010532382
xylose_gL,all_known,parafac_raman_fusion_als_sg2_snv,als_sg2_snv+parafac,krr,"kernel=rbf,alpha=0.1,gamma_scale=1.0,max_features=192,x_transform=none,log_target=False",10,0.73097595,0.14271946,0.42488639,-0.34514074
xylose_gL,all_known,parafac_raman_fusion_als_sg2_snv,als_sg2_snv+parafac,krr,"kernel=rbf,alpha=0.1,gamma_scale=1.0,max_features=192,x_transform=l2,log_target=False",10,0.73114844,0.14403172,0.42722573,-0.3413326
xylose_gL,all_known,parafac_raman_fusion_als_sg0_snv_area,als_sg0_snv_area+parafac,krr,"kernel=laplacian,alpha=0.01,gamma_scale=1.0,max_features=12,x_transform=none,log_target=True",10,0.73141172,0.22222762,0.31387753,-0.049709564
xylose_gL,all_known,parafac_raman_fusion_als_sg0_snv_area,als_sg0_snv_area+parafac,krr,"kernel=laplacian,alpha=0.1,gamma_scale=1.0,max_features=12,x_transform=l2,log_target=True",10,0.73149318,0.21247348,0.31668724,-0.0877474
xylose_gL,all_known,parafac_raman_fusion_als_sg2_snv,als_sg2_snv+parafac,krr,"kernel=laplacian,alpha=0.1,gamma_scale=1.0,max_features=48,x_transform=none,log_target=False",10,0.73308053,0.1937372,0.37650508,-0.14416173
xylose_gL,all_known,raman_preprocessed_als_sg0_snv_area,als_sg0_snv_area,weighted_knn,"k=3,metric=manhattan,max_features=192,x_transform=none,log_target=False",10,0.733581,0.1395525,0.38481153,-1.236134
xylose_gL,all_known,parafac_raman_fusion_als_sg2_snv,als_sg2_snv+parafac,weighted_knn,"k=5,metric=manhattan,max_features=12,x_transform=none,log_target=True",10,0.73368386,0.23421987,0.29539891,-0.020844505
xylose_gL,all_known,parafac_raman_fusion_als_sg0_snv_area,als_sg0_snv_area+parafac,weighted_knn,"k=5,metric=correlation,max_features=48,x_transform=l2,log_target=True",10,0.73473807,0.1751786,0.32923574,-0.24328356
xylose_gL,all_known,parafac_raman_fusion_als_sg0_snv_area,als_sg0_snv_area+parafac,weighted_knn,"k=5,metric=correlation,max_features=48,x_transform=none,log_target=True",10,0.73473807,0.1751786,0.32923574,-0.24328356
xylose_gL,all_known,parafac_raman_fusion_als_sg0_snv_area,als_sg0_snv_area+parafac,krr,"kernel=laplacian,alpha=0.1,gamma_scale=1.0,max_features=48,x_transform=l2,log_target=False",10,0.73476174,0.12666989,0.40834089,-0.46026456
xylose_gL,all_known,parafac_raman_fusion_als_sg2_snv,als_sg2_snv+parafac,krr,"kernel=rbf,alpha=0.1,gamma_scale=2.0,max_features=12,x_transform=none,log_target=True",10,0.73502868,0.22116218,0.30023531,-0.055204426
xylose_gL,all_known,parafac_raman_fusion_als_sg0_snv_area,als_sg0_snv_area+parafac,krr,"kernel=laplacian,alpha=0.01,gamma_scale=1.0,max_features=48,x_transform=none,log_target=False",10,0.73509193,0.13632581,0.40585704,-0.3973813
xylose_gL,all_known,parafac_raman_fusion_als_sg0_snv_area,als_sg0_snv_area+parafac,weighted_knn,"k=3,metric=manhattan,max_features=48,x_transform=none,log_target=True",10,0.73537795,0.22496775,0.27295885,-0.062124899
xylose_gL,all_known,parafac_raman_fusion_als_sg0_snv_area,als_sg0_snv_area+parafac,weighted_knn,"k=3,metric=manhattan,max_features=12,x_transform=none,log_target=True",10,0.73538649,0.23115327,0.2958686,-0.041762876
xylose_gL,all_known,parafac_raman_fusion_als_sg0_snv_area,als_sg0_snv_area+parafac,krr,"kernel=laplacian,alpha=0.01,gamma_scale=1.0,max_features=12,x_transform=l2,log_target=True",10,0.73538683,0.21140081,0.32047206,-0.11074162
xylose_gL,all_known,parafac_raman_fusion_als_sg0_snv_area,als_sg0_snv_area+parafac,krr,"kernel=rbf,alpha=0.1,gamma_scale=2.0,max_features=48,x_transform=none,log_target=False",10,0.73603948,0.15430139,0.36730287,-0.29853567
xylose_gL,all_known,parafac_raman_fusion_als_sg2_snv,als_sg2_snv+parafac,weighted_knn,"k=5,metric=manhattan,max_features=192,x_transform=none,log_target=False",10,0.73623272,0.15306463,0.33639184,-0.39209338
xylose_gL,all_known,raman_preprocessed_als_sg2_snv,als_sg2_snv,weighted_knn,"k=5,metric=manhattan,max_features=48,x_transform=l2,log_target=False",10,0.73628104,0.1305761,0.39127895,-1.1304729
xylose_gL,all_known,parafac_raman_fusion_als_sg2_snv,als_sg2_snv+parafac,weighted_knn,"k=5,metric=manhattan,max_features=48,x_transform=none,log_target=True",10,0.7365166,0.25147127,0.27721285,0.0098400598
xylose_gL,all_known,parafac_raman_fusion_als_sg0_snv_area,als_sg0_snv_area+parafac,weighted_knn,"k=1,metric=correlation,max_features=192,x_transform=l2,log_target=True",10,0.73656707,0.17727588,0.3115,-1.1458832
xylose_gL,all_known,parafac_raman_fusion_als_sg0_snv_area,als_sg0_snv_area+parafac,weighted_knn,"k=1,metric=correlation,max_features=192,x_transform=none,log_target=False",10,0.73656707,0.17727588,0.3115,-1.1458832
xylose_gL,all_known,parafac_raman_fusion_als_sg0_snv_area,als_sg0_snv_area+parafac,weighted_knn,"k=1,metric=correlation,max_features=192,x_transform=none,log_target=True",10,0.73656707,0.17727588,0.3115,-1.1458832
xylose_gL,all_known,parafac_raman_fusion_als_sg0_snv_area,als_sg0_snv_area+parafac,weighted_knn,"k=1,metric=correlation,max_features=192,x_transform=l2,log_target=False",10,0.73656707,0.17727588,0.3115,-1.1458832
xylose_gL,all_known,raman_preprocessed_als_sg2_snv,als_sg2_snv,krr,"kernel=rbf,alpha=0.01,gamma_scale=2.0,max_features=12,x_transform=none,log_target=False",10,0.73693959,0.20644734,0.4067825,-0.7465772
xylose_gL,all_known,eem_parafac_scores,parafac_rank_selected,krr,"kernel=rbf,alpha=0.01,gamma_scale=2.0,max_features=12,x_transform=l2,log_target=True",10,0.7371342,0.24558049,0.32843336,-0.010024673
xylose_gL,all_known,eem_parafac_scores,parafac_rank_selected,krr,"kernel=laplacian,alpha=0.01,gamma_scale=2.0,max_features=12,x_transform=l2,log_target=True",10,0.7371342,0.24558049,0.32843336,-0.010024673
xylose_gL,all_known,eem_parafac_scores,parafac_rank_selected,krr,"kernel=rbf,alpha=0.01,gamma_scale=2.0,max_features=48,x_transform=l2,log_target=True",10,0.7371342,0.24558049,0.32843336,-0.010024673
xylose_gL,all_known,eem_parafac_scores,parafac_rank_selected,krr,"kernel=laplacian,alpha=0.01,gamma_scale=2.0,max_features=48,x_transform=l2,log_target=True",10,0.7371342,0.24558049,0.32843336,-0.010024673
xylose_gL,all_known,eem_parafac_scores,parafac_rank_selected,krr,"kernel=rbf,alpha=0.01,gamma_scale=2.0,max_features=192,x_transform=l2,log_target=True",10,0.7371342,0.24558049,0.32843336,-0.010024673
xylose_gL,all_known,eem_parafac_scores,parafac_rank_selected,krr,"kernel=laplacian,alpha=0.01,gamma_scale=2.0,max_features=192,x_transform=l2,log_target=True",10,0.7371342,0.24558049,0.32843336,-0.010024673
xylose_gL,all_known,eem_parafac_scores,parafac_rank_selected,krr,"kernel=rbf,alpha=0.01,gamma_scale=1.0,max_features=12,x_transform=l2,log_target=True",10,0.73713443,0.24557937,0.32843751,-0.010028178
xylose_gL,all_known,eem_parafac_scores,parafac_rank_selected,krr,"kernel=laplacian,alpha=0.01,gamma_scale=1.0,max_features=12,x_transform=l2,log_target=True",10,0.73713443,0.24557937,0.32843751,-0.010028178
xylose_gL,all_known,eem_parafac_scores,parafac_rank_selected,krr,"kernel=rbf,alpha=0.01,gamma_scale=1.0,max_features=48,x_transform=l2,log_target=True",10,0.73713443,0.24557937,0.32843751,-0.010028178
xylose_gL,all_known,eem_parafac_scores,parafac_rank_selected,krr,"kernel=laplacian,alpha=0.01,gamma_scale=1.0,max_features=48,x_transform=l2,log_target=True",10,0.73713443,0.24557937,0.32843751,-0.010028178
xylose_gL,all_known,eem_parafac_scores,parafac_rank_selected,krr,"kernel=rbf,alpha=0.01,gamma_scale=1.0,max_features=192,x_transform=l2,log_target=True",10,0.73713443,0.24557937,0.32843751,-0.010028178
xylose_gL,all_known,eem_parafac_scores,parafac_rank_selected,krr,"kernel=laplacian,alpha=0.01,gamma_scale=1.0,max_features=192,x_transform=l2,log_target=True",10,0.73713443,0.24557937,0.32843751,-0.010028178
xylose_gL,all_known,eem_parafac_scores,parafac_rank_selected,krr,"kernel=rbf,alpha=0.1,gamma_scale=2.0,max_features=12,x_transform=l2,log_target=True",10,0.73715779,0.24562821,0.32824634,-0.0099978314
xylose_gL,all_known,eem_parafac_scores,parafac_rank_selected,krr,"kernel=laplacian,alpha=0.1,gamma_scale=2.0,max_features=12,x_transform=l2,log_target=True",10,0.73715779,0.24562821,0.32824634,-0.0099978314
xylose_gL,all_known,eem_parafac_scores,parafac_rank_selected,krr,"kernel=rbf,alpha=0.1,gamma_scale=2.0,max_features=48,x_transform=l2,log_target=True",10,0.73715779,0.24562821,0.32824634,-0.0099978314
xylose_gL,all_known,eem_parafac_scores,parafac_rank_selected,krr,"kernel=laplacian,alpha=0.1,gamma_scale=2.0,max_features=48,x_transform=l2,log_target=True",10,0.73715779,0.24562821,0.32824634,-0.0099978314
xylose_gL,all_known,eem_parafac_scores,parafac_rank_selected,krr,"kernel=rbf,alpha=0.1,gamma_scale=2.0,max_features=192,x_transform=l2,log_target=True",10,0.73715779,0.24562821,0.32824634,-0.0099978314
xylose_gL,all_known,eem_parafac_scores,parafac_rank_selected,krr,"kernel=laplacian,alpha=0.1,gamma_scale=2.0,max_features=192,x_transform=l2,log_target=True",10,0.73715779,0.24562821,0.32824634,-0.0099978314
xylose_gL,all_known,eem_parafac_scores,parafac_rank_selected,krr,"kernel=rbf,alpha=0.1,gamma_scale=1.0,max_features=12,x_transform=l2,log_target=True",10,0.73716009,0.24561709,0.32828775,-0.010032657
xylose_gL,all_known,eem_parafac_scores,parafac_rank_selected,krr,"kernel=laplacian,alpha=0.1,gamma_scale=1.0,max_features=12,x_transform=l2,log_target=True",10,0.73716009,0.24561709,0.32828775,-0.010032657
xylose_gL,all_known,eem_parafac_scores,parafac_rank_selected,krr,"kernel=rbf,alpha=0.1,gamma_scale=1.0,max_features=48,x_transform=l2,log_target=True",10,0.73716009,0.24561709,0.32828775,-0.010032657
xylose_gL,all_known,eem_parafac_scores,parafac_rank_selected,krr,"kernel=laplacian,alpha=0.1,gamma_scale=1.0,max_features=48,x_transform=l2,log_target=True",10,0.73716009,0.24561709,0.32828775,-0.010032657
xylose_gL,all_known,eem_parafac_scores,parafac_rank_selected,krr,"kernel=rbf,alpha=0.1,gamma_scale=1.0,max_features=192,x_transform=l2,log_target=True",10,0.73716009,0.24561709,0.32828775,-0.010032657
xylose_gL,all_known,eem_parafac_scores,parafac_rank_selected,krr,"kernel=laplacian,alpha=0.1,gamma_scale=1.0,max_features=192,x_transform=l2,log_target=True",10,0.73716009,0.24561709,0.32828775,-0.010032657
xylose_gL,all_known,parafac_raman_fusion_als_sg2_snv,als_sg2_snv+parafac,krr,"kernel=laplacian,alpha=0.1,gamma_scale=2.0,max_features=12,x_transform=l2,log_target=True",10,0.73727673,0.23908442,0.30134037,-0.029788181
xylose_gL,all_known,parafac_raman_fusion_als_sg2_snv,als_sg2_snv+parafac,krr,"kernel=laplacian,alpha=0.1,gamma_scale=1.0,max_features=12,x_transform=none,log_target=True",10,0.73764671,0.2284976,0.30121971,-0.059313658
xylose_gL,all_known,parafac_raman_fusion_als_sg2_snv,als_sg2_snv+parafac,weighted_knn,"k=3,metric=manhattan,max_features=192,x_transform=l2,log_target=True",10,0.73812257,0.18211284,0.29602657,-0.31599698
xylose_gL,all_known,parafac_raman_fusion_als_sg2_snv,als_sg2_snv+parafac,krr,"kernel=rbf,alpha=0.01,gamma_scale=2.0,max_features=48,x_transform=l2,log_target=False",10,0.7390895,0.15438366,0.40359187,-0.31079691
xylose_gL,all_known,parafac_raman_fusion_als_sg2_snv,als_sg2_snv+parafac,krr,"kernel=rbf,alpha=0.01,gamma_scale=2.0,max_features=12,x_transform=none,log_target=True",10,0.73939543,0.21104604,0.31452484,-0.097733991
xylose_gL,all_known,raman_preprocessed_als_sg0_snv_area,als_sg0_snv_area,krr,"kernel=rbf,alpha=0.01,gamma_scale=1.0,max_features=48,x_transform=l2,log_target=False",10,0.73949733,0.08757445,0.47130122,-1.2139642
xylose_gL,all_known,parafac_raman_fusion_als_sg2_snv,als_sg2_snv+parafac,krr,"kernel=laplacian,alpha=0.01,gamma_scale=1.0,max_features=48,x_transform=none,log_target=False",10,0.73968026,0.19072808,0.38666083,-0.18002614
xylose_gL,all_known,raman_preprocessed_als_sg0_snv_area,als_sg0_snv_area,krr,"kernel=rbf,alpha=0.01,gamma_scale=1.0,max_features=12,x_transform=none,log_target=False",10,0.73980918,0.12812528,0.4609448,-1.1907758
xylose_gL,all_known,parafac_raman_fusion_als_sg0_snv_area,als_sg0_snv_area+parafac,weighted_knn,"k=3,metric=manhattan,max_features=48,x_transform=none,log_target=False",10,0.74023664,0.22479105,0.29771267,-0.11431423
xylose_gL,all_known,parafac_raman_fusion_als_sg2_snv,als_sg2_snv+parafac,weighted_knn,"k=5,metric=manhattan,max_features=48,x_transform=l2,log_target=True",10,0.74080911,0.18105035,0.33475619,-0.19928703
xylose_gL,all_known,parafac_raman_fusion_als_sg2_snv,als_sg2_snv+parafac,weighted_knn,"k=5,metric=manhattan,max_features=48,x_transform=none,log_target=False",10,0.74133129,0.2432291,0.29609564,-0.023316
xylose_gL,all_known,parafac_raman_fusion_als_sg2_snv,als_sg2_snv+parafac,weighted_knn,"k=3,metric=manhattan,max_features=192,x_transform=none,log_target=False",10,0.74217983,0.16856,0.31861431,-0.45115792
xylose_gL,all_known,raman_preprocessed_als_sg0_snv_area,als_sg0_snv_area,krr,"kernel=rbf,alpha=0.01,gamma_scale=2.0,max_features=12,x_transform=l2,log_target=False",10,0.74229869,0.12174874,0.45834087,-1.1794985
xylose_gL,all_known,parafac_raman_fusion_als_sg2_snv,als_sg2_snv+parafac,krr,"kernel=rbf,alpha=0.1,gamma_scale=1.0,max_features=48,x_transform=none,log_target=False",10,0.74332714,0.17060375,0.39393093,-0.24850227
xylose_gL,all_known,parafac_raman_fusion_als_sg2_snv,als_sg2_snv+parafac,krr,"kernel=laplacian,alpha=0.01,gamma_scale=1.0,max_features=12,x_transform=none,log_target=True",10,0.74377096,0.22369538,0.30954707,-0.096212379
xylose_gL,all_known,parafac_raman_fusion_als_sg0_snv_area,als_sg0_snv_area+parafac,krr,"kernel=laplacian,alpha=0.01,gamma_scale=1.0,max_features=48,x_transform=l2,log_target=False",10,0.74385494,0.11680353,0.42174006,-0.56372288
xylose_gL,all_known,parafac_raman_fusion_als_sg2_snv,als_sg2_snv+parafac,krr,"kernel=laplacian,alpha=0.01,gamma_scale=2.0,max_features=12,x_transform=l2,log_target=True",10,0.74400814,0.23783217,0.30581911,-0.058365012
xylose_gL,all_known,parafac_raman_fusion_als_sg0_snv_area,als_sg0_snv_area+parafac,krr,"kernel=rbf,alpha=0.01,gamma_scale=2.0,max_features=48,x_transform=none,log_target=False",10,0.74426487,0.15309243,0.37650838,-0.34347
xylose_gL,all_known,eem_parafac_scores,parafac_rank_selected,krr,"kernel=rbf,alpha=0.1,gamma_scale=2.0,max_features=12,x_transform=l2,log_target=False",10,0.74458319,0.21938036,0.40197659,-0.10697401
xylose_gL,all_known,eem_parafac_scores,parafac_rank_selected,krr,"kernel=laplacian,alpha=0.1,gamma_scale=2.0,max_features=12,x_transform=l2,log_target=False",10,0.74458319,0.21938036,0.40197659,-0.10697401
xylose_gL,all_known,eem_parafac_scores,parafac_rank_selected,krr,"kernel=rbf,alpha=0.1,gamma_scale=2.0,max_features=48,x_transform=l2,log_target=False",10,0.74458319,0.21938036,0.40197659,-0.10697401
xylose_gL,all_known,eem_parafac_scores,parafac_rank_selected,krr,"kernel=laplacian,alpha=0.1,gamma_scale=2.0,max_features=48,x_transform=l2,log_target=False",10,0.74458319,0.21938036,0.40197659,-0.10697401
xylose_gL,all_known,eem_parafac_scores,parafac_rank_selected,krr,"kernel=rbf,alpha=0.1,gamma_scale=2.0,max_features=192,x_transform=l2,log_target=False",10,0.74458319,0.21938036,0.40197659,-0.10697401
xylose_gL,all_known,eem_parafac_scores,parafac_rank_selected,krr,"kernel=laplacian,alpha=0.1,gamma_scale=2.0,max_features=192,x_transform=l2,log_target=False",10,0.74458319,0.21938036,0.40197659,-0.10697401
xylose_gL,all_known,eem_parafac_scores,parafac_rank_selected,krr,"kernel=rbf,alpha=0.1,gamma_scale=1.0,max_features=12,x_transform=l2,log_target=False",10,0.74459648,0.2193559,0.40204244,-0.10710654
xylose_gL,all_known,eem_parafac_scores,parafac_rank_selected,krr,"kernel=laplacian,alpha=0.1,gamma_scale=1.0,max_features=12,x_transform=l2,log_target=False",10,0.74459648,0.2193559,0.40204244,-0.10710654
xylose_gL,all_known,eem_parafac_scores,parafac_rank_selected,krr,"kernel=rbf,alpha=0.1,gamma_scale=1.0,max_features=48,x_transform=l2,log_target=False",10,0.74459648,0.2193559,0.40204244,-0.10710654
xylose_gL,all_known,eem_parafac_scores,parafac_rank_selected,krr,"kernel=laplacian,alpha=0.1,gamma_scale=1.0,max_features=48,x_transform=l2,log_target=False",10,0.74459648,0.2193559,0.40204244,-0.10710654
xylose_gL,all_known,eem_parafac_scores,parafac_rank_selected,krr,"kernel=rbf,alpha=0.1,gamma_scale=1.0,max_features=192,x_transform=l2,log_target=False",10,0.74459648,0.2193559,0.40204244,-0.10710654
xylose_gL,all_known,eem_parafac_scores,parafac_rank_selected,krr,"kernel=laplacian,alpha=0.1,gamma_scale=1.0,max_features=192,x_transform=l2,log_target=False",10,0.74459648,0.2193559,0.40204244,-0.10710654
xylose_gL,all_known,eem_parafac_scores,parafac_rank_selected,krr,"kernel=rbf,alpha=0.01,gamma_scale=2.0,max_features=12,x_transform=l2,log_target=False",10,0.74463862,0.21925766,0.40226706,-0.10754392
xylose_gL,all_known,eem_parafac_scores,parafac_rank_selected,krr,"kernel=laplacian,alpha=0.01,gamma_scale=2.0,max_features=12,x_transform=l2,log_target=False",10,0.74463862,0.21925766,0.40226706,-0.10754392
xylose_gL,all_known,eem_parafac_scores,parafac_rank_selected,krr,"kernel=rbf,alpha=0.01,gamma_scale=2.0,max_features=48,x_transform=l2,log_target=False",10,0.74463862,0.21925766,0.40226706,-0.10754392
xylose_gL,all_known,eem_parafac_scores,parafac_rank_selected,krr,"kernel=laplacian,alpha=0.01,gamma_scale=2.0,max_features=48,x_transform=l2,log_target=False",10,0.74463862,0.21925766,0.40226706,-0.10754392
xylose_gL,all_known,eem_parafac_scores,parafac_rank_selected,krr,"kernel=rbf,alpha=0.01,gamma_scale=2.0,max_features=192,x_transform=l2,log_target=False",10,0.74463862,0.21925766,0.40226706,-0.10754392
xylose_gL,all_known,eem_parafac_scores,parafac_rank_selected,krr,"kernel=laplacian,alpha=0.01,gamma_scale=2.0,max_features=192,x_transform=l2,log_target=False",10,0.74463862,0.21925766,0.40226706,-0.10754392
xylose_gL,all_known,eem_parafac_scores,parafac_rank_selected,krr,"kernel=rbf,alpha=0.01,gamma_scale=1.0,max_features=12,x_transform=l2,log_target=False",10,0.74463996,0.21925521,0.40227367,-0.10755723
xylose_gL,all_known,eem_parafac_scores,parafac_rank_selected,krr,"kernel=laplacian,alpha=0.01,gamma_scale=1.0,max_features=12,x_transform=l2,log_target=False",10,0.74463996,0.21925521,0.40227367,-0.10755723
xylose_gL,all_known,eem_parafac_scores,parafac_rank_selected,krr,"kernel=rbf,alpha=0.01,gamma_scale=1.0,max_features=48,x_transform=l2,log_target=False",10,0.74463996,0.21925521,0.40227367,-0.10755723
xylose_gL,all_known,eem_parafac_scores,parafac_rank_selected,krr,"kernel=laplacian,alpha=0.01,gamma_scale=1.0,max_features=48,x_transform=l2,log_target=False",10,0.74463996,0.21925521,0.40227367,-0.10755723
xylose_gL,all_known,eem_parafac_scores,parafac_rank_selected,krr,"kernel=rbf,alpha=0.01,gamma_scale=1.0,max_features=192,x_transform=l2,log_target=False",10,0.74463996,0.21925521,0.40227367,-0.10755723
xylose_gL,all_known,eem_parafac_scores,parafac_rank_selected,krr,"kernel=laplacian,alpha=0.01,gamma_scale=1.0,max_features=192,x_transform=l2,log_target=False",10,0.74463996,0.21925521,0.40227367,-0.10755723
xylose_gL,all_known,parafac_raman_fusion_als_sg2_snv,als_sg2_snv+parafac,weighted_knn,"k=3,metric=correlation,max_features=48,x_transform=none,log_target=True",10,0.74491835,0.1593127,0.3330133,-0.59598893
xylose_gL,all_known,parafac_raman_fusion_als_sg2_snv,als_sg2_snv+parafac,weighted_knn,"k=3,metric=correlation,max_features=48,x_transform=l2,log_target=True",10,0.74491835,0.1593127,0.3330133,-0.59598893
xylose_gL,all_known,parafac_raman_fusion_als_sg2_snv,als_sg2_snv+parafac,weighted_knn,"k=3,metric=manhattan,max_features=12,x_transform=none,log_target=True",10,0.74557695,0.2145729,0.31217807,-0.12117904
xylose_gL,all_known,parafac_raman_fusion_als_sg0_snv_area,als_sg0_snv_area+parafac,weighted_knn,"k=5,metric=manhattan,max_features=12,x_transform=l2,log_target=True",10,0.74603706,0.18701093,0.33371177,-0.25610057
xylose_gL,all_known,parafac_raman_fusion_als_sg0_snv_area,als_sg0_snv_area+parafac,krr,"kernel=laplacian,alpha=0.1,gamma_scale=2.0,max_features=12,x_transform=none,log_target=False",10,0.74606566,0.18994116,0.35814582,-0.20631782
xylose_gL,all_known,parafac_raman_fusion_als_sg2_snv,als_sg2_snv+parafac,krr,"kernel=rbf,alpha=0.1,gamma_scale=1.0,max_features=12,x_transform=none,log_target=True",10,0.74661856,0.2183421,0.31164277,-0.12278911
xylose_gL,all_known,raman_preprocessed_als_sg2_snv,als_sg2_snv,krr,"kernel=laplacian,alpha=0.01,gamma_scale=1.0,max_features=12,x_transform=l2,log_target=False",10,0.74708145,0.13530026,0.4375144,-1.0692902
xylose_gL,all_known,parafac_raman_fusion_als_sg0_snv_area,als_sg0_snv_area+parafac,weighted_knn,"k=5,metric=correlation,max_features=12,x_transform=none,log_target=True",10,0.74764846,0.2010903,0.32924197,-0.22991287
xylose_gL,all_known,parafac_raman_fusion_als_sg0_snv_area,als_sg0_snv_area+parafac,weighted_knn,"k=5,metric=correlation,max_features=12,x_transform=l2,log_target=True",10,0.74764846,0.2010903,0.32924197,-0.22991287
xylose_gL,all_known,parafac_raman_fusion_als_sg2_snv,als_sg2_snv+parafac,weighted_knn,"k=3,metric=manhattan,max_features=48,x_transform=none,log_target=True",10,0.74782432,0.2457505,0.27980791,-0.04018503
xylose_gL,all_known,parafac_raman_fusion_als_sg0_snv_area,als_sg0_snv_area+parafac,krr,"kernel=rbf,alpha=0.1,gamma_scale=2.0,max_features=48,x_transform=l2,log_target=False",10,0.74783158,0.12751934,0.40194519,-0.47583208
xylose_gL,all_known,parafac_raman_fusion_als_sg2_snv,als_sg2_snv+parafac,krr,"kernel=rbf,alpha=0.01,gamma_scale=1.0,max_features=192,x_transform=none,log_target=False",10,0.74915555,0.12908402,0.45101642,-0.49243849
xylose_gL,all_known,parafac_raman_fusion_als_sg2_snv,als_sg2_snv+parafac,krr,"kernel=rbf,alpha=0.01,gamma_scale=1.0,max_features=192,x_transform=l2,log_target=False",10,0.74932718,0.13096511,0.4531846,-0.48548553
xylose_gL,all_known,eem_parafac_scores,parafac_rank_selected,krr,"kernel=rbf,alpha=0.1,gamma_scale=2.0,max_features=12,x_transform=none,log_target=True",10,0.74953682,0.25112982,0.33086454,-0.044807473
xylose_gL,all_known,eem_parafac_scores,parafac_rank_selected,krr,"kernel=rbf,alpha=0.1,gamma_scale=2.0,max_features=48,x_transform=none,log_target=True",10,0.74953682,0.25112982,0.33086454,-0.044807473
xylose_gL,all_known,eem_parafac_scores,parafac_rank_selected,krr,"kernel=rbf,alpha=0.1,gamma_scale=2.0,max_features=192,x_transform=none,log_target=True",10,0.74953682,0.25112982,0.33086454,-0.044807473
xylose_gL,all_known,parafac_raman_fusion_als_sg0_snv_area,als_sg0_snv_area+parafac,krr,"kernel=laplacian,alpha=0.01,gamma_scale=2.0,max_features=12,x_transform=none,log_target=False",10,0.75007223,0.18921567,0.36315655,-0.22755518
xylose_gL,all_known,eem_parafac_scores,parafac_rank_selected,krr,"kernel=rbf,alpha=0.1,gamma_scale=1.0,max_features=12,x_transform=none,log_target=True",10,0.75012207,0.25271801,0.3344981,-0.043329722
xylose_gL,all_known,eem_parafac_scores,parafac_rank_selected,krr,"kernel=rbf,alpha=0.1,gamma_scale=1.0,max_features=48,x_transform=none,log_target=True",10,0.75012207,0.25271801,0.3344981,-0.043329722
xylose_gL,all_known,eem_parafac_scores,parafac_rank_selected,krr,"kernel=rbf,alpha=0.1,gamma_scale=1.0,max_features=192,x_transform=none,log_target=True",10,0.75012207,0.25271801,0.3344981,-0.043329722
xylose_gL,all_known,parafac_raman_fusion_als_sg0_snv_area,als_sg0_snv_area+parafac,krr,"kernel=rbf,alpha=0.1,gamma_scale=1.0,max_features=12,x_transform=none,log_target=True",10,0.75038243,0.23429261,0.31561633,-0.088276361
xylose_gL,all_known,parafac_raman_fusion_als_sg2_snv,als_sg2_snv+parafac,krr,"kernel=laplacian,alpha=0.1,gamma_scale=2.0,max_features=12,x_transform=none,log_target=False",10,0.75039015,0.21106839,0.32886583,-0.16526948
xylose_gL,all_known,parafac_raman_fusion_als_sg2_snv,als_sg2_snv+parafac,krr,"kernel=laplacian,alpha=0.1,gamma_scale=1.0,max_features=48,x_transform=l2,log_target=False",10,0.75068815,0.17663539,0.41520061,-0.26709435
xylose_gL,all_known,parafac_raman_fusion_als_sg2_snv,als_sg2_snv+parafac,krr,"kernel=laplacian,alpha=0.1,gamma_scale=1.0,max_features=12,x_transform=l2,log_target=True",10,0.75073622,0.23413206,0.31520969,-0.093312205
xylose_gL,all_known,parafac_raman_fusion_als_sg0_snv_area,als_sg0_snv_area+parafac,weighted_knn,"k=5,metric=manhattan,max_features=12,x_transform=none,log_target=False",10,0.75320541,0.20826692,0.32085266,-0.16305626
xylose_gL,all_known,parafac_raman_fusion_als_sg0_snv_area,als_sg0_snv_area+parafac,krr,"kernel=rbf,alpha=0.1,gamma_scale=2.0,max_features=12,x_transform=none,log_target=True",10,0.75506921,0.23577607,0.30802657,-0.1099508
xylose_gL,all_known,parafac_raman_fusion_als_sg2_snv,als_sg2_snv+parafac,weighted_knn,"k=3,metric=manhattan,max_features=48,x_transform=none,log_target=False",10,0.75518524,0.23211018,0.29424067,-0.1009456
xylose_gL,all_known,parafac_raman_fusion_als_sg2_snv,als_sg2_snv+parafac,krr,"kernel=laplacian,alpha=0.01,gamma_scale=2.0,max_features=12,x_transform=none,log_target=False",10,0.7566005,0.20789196,0.33593671,-0.20321102
xylose_gL,all_known,eem_parafac_scores,parafac_rank_selected,krr,"kernel=rbf,alpha=0.01,gamma_scale=2.0,max_features=12,x_transform=none,log_target=True",10,0.75705901,0.25182893,0.33877,-0.071345126
xylose_gL,all_known,eem_parafac_scores,parafac_rank_selected,krr,"kernel=rbf,alpha=0.01,gamma_scale=2.0,max_features=48,x_transform=none,log_target=True",10,0.75705901,0.25182893,0.33877,-0.071345126
xylose_gL,all_known,eem_parafac_scores,parafac_rank_selected,krr,"kernel=rbf,alpha=0.01,gamma_scale=2.0,max_features=192,x_transform=none,log_target=True",10,0.75705901,0.25182893,0.33877,-0.071345126
xylose_gL,all_known,parafac_raman_fusion_als_sg2_snv,als_sg2_snv+parafac,krr,"kernel=rbf,alpha=0.01,gamma_scale=1.0,max_features=12,x_transform=none,log_target=True",10,0.75804271,0.2041893,0.34514221,-0.23697044
xylose_gL,all_known,parafac_raman_fusion_als_sg0_snv_area,als_sg0_snv_area+parafac,krr,"kernel=laplacian,alpha=0.1,gamma_scale=2.0,max_features=12,x_transform=l2,log_target=False",10,0.75895415,0.1628649,0.38295801,-0.40807372
xylose_gL,all_known,parafac_raman_fusion_als_sg2_snv,als_sg2_snv+parafac,weighted_knn,"k=5,metric=manhattan,max_features=12,x_transform=none,log_target=False",10,0.75901564,0.21145037,0.32677079,-0.17581904
xylose_gL,all_known,parafac_raman_fusion_als_sg0_snv_area,als_sg0_snv_area+parafac,krr,"kernel=rbf,alpha=0.01,gamma_scale=2.0,max_features=48,x_transform=l2,log_target=False",10,0.76041403,0.12278452,0.41450722,-0.57030789
xylose_gL,all_known,parafac_raman_fusion_als_sg2_snv,als_sg2_snv+parafac,krr,"kernel=rbf,alpha=0.01,gamma_scale=1.0,max_features=48,x_transform=none,log_target=False",10,0.76090376,0.16713597,0.41338109,-0.33543054
xylose_gL,all_known,eem_parafac_scores,parafac_rank_selected,krr,"kernel=laplacian,alpha=0.1,gamma_scale=1.0,max_features=12,x_transform=none,log_target=True",10,0.76159177,0.24380342,0.33432774,-0.11178503
xylose_gL,all_known,eem_parafac_scores,parafac_rank_selected,krr,"kernel=laplacian,alpha=0.1,gamma_scale=1.0,max_features=48,x_transform=none,log_target=True",10,0.76159177,0.24380342,0.33432774,-0.11178503
xylose_gL,all_known,eem_parafac_scores,parafac_rank_selected,krr,"kernel=laplacian,alpha=0.1,gamma_scale=1.0,max_features=192,x_transform=none,log_target=True",10,0.76159177,0.24380342,0.33432774,-0.11178503
xylose_gL,all_known,parafac_raman_fusion_als_sg2_snv,als_sg2_snv+parafac,weighted_knn,"k=5,metric=correlation,max_features=12,x_transform=none,log_target=True",10,0.76160744,0.20392773,0.34236717,-0.23435544
xylose_gL,all_known,parafac_raman_fusion_als_sg2_snv,als_sg2_snv+parafac,weighted_knn,"k=5,metric=correlation,max_features=12,x_transform=l2,log_target=True",10,0.76160744,0.20392773,0.34236717,-0.23435544
xylose_gL,all_known,parafac_raman_fusion_als_sg0_snv_area,als_sg0_snv_area+parafac,weighted_knn,"k=5,metric=manhattan,max_features=48,x_transform=l2,log_target=False",10,0.76163713,0.1213152,0.39478456,-0.80530391
xylose_gL,all_known,parafac_raman_fusion_als_sg2_snv,als_sg2_snv+parafac,krr,"kernel=laplacian,alpha=0.01,gamma_scale=1.0,max_features=48,x_transform=l2,log_target=False",10,0.76279789,0.17124984,0.43259134,-0.33910228
xylose_gL,all_known,parafac_raman_fusion_als_sg0_snv_area,als_sg0_snv_area+parafac,weighted_knn,"k=3,metric=manhattan,max_features=48,x_transform=l2,log_target=True",10,0.7629893,0.14551039,0.34090205,-0.6917087
xylose_gL,all_known,parafac_raman_fusion_als_sg0_snv_area,als_sg0_snv_area+parafac,krr,"kernel=rbf,alpha=0.1,gamma_scale=1.0,max_features=48,x_transform=none,log_target=False",10,0.7640009,0.13118091,0.42314845,-0.53381423
xylose_gL,all_known,parafac_raman_fusion_als_sg0_snv_area,als_sg0_snv_area+parafac,krr,"kernel=rbf,alpha=0.1,gamma_scale=1.0,max_features=12,x_transform=l2,log_target=True",10,0.76403132,0.20160604,0.32993749,-0.24711893
xylose_gL,all_known,parafac_raman_fusion_als_sg2_snv,als_sg2_snv+parafac,weighted_knn,"k=3,metric=manhattan,max_features=48,x_transform=l2,log_target=True",10,0.76438217,0.12844029,0.33461358,-0.5234529
xylose_gL,all_known,raman_preprocessed_als_sg2_snv,als_sg2_snv,krr,"kernel=rbf,alpha=0.01,gamma_scale=2.0,max_features=12,x_transform=l2,log_target=True",10,0.76561042,0.19100165,0.35532859,-1.1341465
xylose_gL,all_known,parafac_raman_fusion_als_sg0_snv_area,als_sg0_snv_area+parafac,krr,"kernel=laplacian,alpha=0.01,gamma_scale=2.0,max_features=12,x_transform=l2,log_target=False",10,0.76569169,0.16013968,0.39055882,-0.46041925
xylose_gL,all_known,parafac_raman_fusion_als_sg0_snv_area,als_sg0_snv_area+parafac,krr,"kernel=laplacian,alpha=0.1,gamma_scale=1.0,max_features=12,x_transform=none,log_target=False",10,0.76692762,0.18194135,0.40356321,-0.33351208
xylose_gL,all_known,parafac_raman_fusion_als_sg2_snv,als_sg2_snv+parafac,krr,"kernel=laplacian,alpha=0.01,gamma_scale=1.0,max_features=12,x_transform=l2,log_target=True",10,0.76724161,0.23199102,0.32640077,-0.16721221
xylose_gL,all_known,parafac_raman_fusion_als_sg2_snv,als_sg2_snv+parafac,krr,"kernel=rbf,alpha=0.1,gamma_scale=1.0,max_features=12,x_transform=l2,log_target=True",10,0.76837765,0.19359632,0.3292727,-0.30542804
xylose_gL,all_known,raman_preprocessed_als_sg0_snv_area,als_sg0_snv_area,weighted_knn,"k=1,metric=manhattan,max_features=192,x_transform=l2,log_target=False",10,0.76865307,0.17594326,0.33714286,-2.0234734
xylose_gL,all_known,raman_preprocessed_als_sg0_snv_area,als_sg0_snv_area,weighted_knn,"k=1,metric=manhattan,max_features=192,x_transform=l2,log_target=True",10,0.76865307,0.17594326,0.33714286,-2.0234734
xylose_gL,all_known,eem_parafac_scores,parafac_rank_selected,weighted_knn,"k=3,metric=correlation,max_features=12,x_transform=none,log_target=False",10,0.76958626,0.25076103,0.25699048,-0.10981148
xylose_gL,all_known,eem_parafac_scores,parafac_rank_selected,weighted_knn,"k=3,metric=correlation,max_features=12,x_transform=l2,log_target=False",10,0.76958626,0.25076103,0.25699048,-0.10981148
xylose_gL,all_known,eem_parafac_scores,parafac_rank_selected,weighted_knn,"k=3,metric=correlation,max_features=48,x_transform=none,log_target=False",10,0.76958626,0.25076103,0.25699048,-0.10981148
xylose_gL,all_known,eem_parafac_scores,parafac_rank_selected,weighted_knn,"k=3,metric=correlation,max_features=48,x_transform=l2,log_target=False",10,0.76958626,0.25076103,0.25699048,-0.10981148
xylose_gL,all_known,eem_parafac_scores,parafac_rank_selected,weighted_knn,"k=3,metric=correlation,max_features=192,x_transform=none,log_target=False",10,0.76958626,0.25076103,0.25699048,-0.10981148
xylose_gL,all_known,eem_parafac_scores,parafac_rank_selected,weighted_knn,"k=3,metric=correlation,max_features=192,x_transform=l2,log_target=False",10,0.76958626,0.25076103,0.25699048,-0.10981148
xylose_gL,all_known,eem_parafac_scores,parafac_rank_selected,weighted_knn,"k=3,metric=correlation,max_features=12,x_transform=none,log_target=True",10,0.7697947,0.25085879,0.25674071,-0.11034055
xylose_gL,all_known,eem_parafac_scores,parafac_rank_selected,weighted_knn,"k=3,metric=correlation,max_features=12,x_transform=l2,log_target=True",10,0.7697947,0.25085879,0.25674071,-0.11034055
xylose_gL,all_known,eem_parafac_scores,parafac_rank_selected,weighted_knn,"k=3,metric=correlation,max_features=48,x_transform=none,log_target=True",10,0.7697947,0.25085879,0.25674071,-0.11034055
xylose_gL,all_known,eem_parafac_scores,parafac_rank_selected,weighted_knn,"k=3,metric=correlation,max_features=48,x_transform=l2,log_target=True",10,0.7697947,0.25085879,0.25674071,-0.11034055
xylose_gL,all_known,eem_parafac_scores,parafac_rank_selected,weighted_knn,"k=3,metric=correlation,max_features=192,x_transform=none,log_target=True",10,0.7697947,0.25085879,0.25674071,-0.11034055
xylose_gL,all_known,eem_parafac_scores,parafac_rank_selected,weighted_knn,"k=3,metric=correlation,max_features=192,x_transform=l2,log_target=True",10,0.7697947,0.25085879,0.25674071,-0.11034055
xylose_gL,all_known,raman_preprocessed_als_sg2_snv,als_sg2_snv,weighted_knn,"k=3,metric=manhattan,max_features=48,x_transform=l2,log_target=False",10,0.7699586,0.10985586,0.38294319,-1.4890607
xylose_gL,all_known,eem_parafac_scores,parafac_rank_selected,krr,"kernel=rbf,alpha=0.1,gamma_scale=1.0,max_features=12,x_transform=none,log_target=False",10,0.77043424,0.23364515,0.4016625,-0.17948117
xylose_gL,all_known,eem_parafac_scores,parafac_rank_selected,krr,"kernel=rbf,alpha=0.1,gamma_scale=1.0,max_features=48,x_transform=none,log_target=False",10,0.77043424,0.23364515,0.4016625,-0.17948117
xylose_gL,all_known,eem_parafac_scores,parafac_rank_selected,krr,"kernel=rbf,alpha=0.1,gamma_scale=1.0,max_features=192,x_transform=none,log_target=False",10,0.77043424,0.23364515,0.4016625,-0.17948117
xylose_gL,all_known,parafac_raman_fusion_als_sg0_snv_area,als_sg0_snv_area+parafac,krr,"kernel=rbf,alpha=0.01,gamma_scale=2.0,max_features=12,x_transform=none,log_target=True",10,0.77070852,0.24358601,0.32099808,-0.16281437
xylose_gL,all_known,parafac_raman_fusion_als_sg0_snv_area,als_sg0_snv_area+parafac,weighted_knn,"k=3,metric=manhattan,max_features=12,x_transform=none,log_target=False",10,0.77096124,0.21119061,0.32951477,-0.26792411
xylose_gL,all_known,eem_parafac_scores,parafac_rank_selected,weighted_knn,"k=1,metric=correlation,max_features=12,x_transform=none,log_target=False",10,0.77103055,0.2502154,0.259,-0.11490015
xylose_gL,all_known,eem_parafac_scores,parafac_rank_selected,weighted_knn,"k=1,metric=correlation,max_features=12,x_transform=none,log_target=True",10,0.77103055,0.2502154,0.259,-0.11490015
xylose_gL,all_known,eem_parafac_scores,parafac_rank_selected,weighted_knn,"k=1,metric=correlation,max_features=12,x_transform=l2,log_target=False",10,0.77103055,0.2502154,0.259,-0.11490015
xylose_gL,all_known,eem_parafac_scores,parafac_rank_selected,weighted_knn,"k=1,metric=correlation,max_features=12,x_transform=l2,log_target=True",10,0.77103055,0.2502154,0.259,-0.11490015
xylose_gL,all_known,eem_parafac_scores,parafac_rank_selected,weighted_knn,"k=1,metric=correlation,max_features=48,x_transform=none,log_target=False",10,0.77103055,0.2502154,0.259,-0.11490015
xylose_gL,all_known,eem_parafac_scores,parafac_rank_selected,weighted_knn,"k=1,metric=correlation,max_features=48,x_transform=none,log_target=True",10,0.77103055,0.2502154,0.259,-0.11490015
xylose_gL,all_known,eem_parafac_scores,parafac_rank_selected,weighted_knn,"k=1,metric=correlation,max_features=48,x_transform=l2,log_target=False",10,0.77103055,0.2502154,0.259,-0.11490015
xylose_gL,all_known,eem_parafac_scores,parafac_rank_selected,weighted_knn,"k=1,metric=correlation,max_features=48,x_transform=l2,log_target=True",10,0.77103055,0.2502154,0.259,-0.11490015
xylose_gL,all_known,eem_parafac_scores,parafac_rank_selected,weighted_knn,"k=1,metric=correlation,max_features=192,x_transform=none,log_target=False",10,0.77103055,0.2502154,0.259,-0.11490015
xylose_gL,all_known,eem_parafac_scores,parafac_rank_selected,weighted_knn,"k=1,metric=correlation,max_features=192,x_transform=none,log_target=True",10,0.77103055,0.2502154,0.259,-0.11490015
xylose_gL,all_known,eem_parafac_scores,parafac_rank_selected,weighted_knn,"k=1,metric=correlation,max_features=192,x_transform=l2,log_target=False",10,0.77103055,0.2502154,0.259,-0.11490015
xylose_gL,all_known,eem_parafac_scores,parafac_rank_selected,weighted_knn,"k=1,metric=correlation,max_features=192,x_transform=l2,log_target=True",10,0.77103055,0.2502154,0.259,-0.11490015
xylose_gL,all_known,eem_parafac_scores,parafac_rank_selected,krr,"kernel=laplacian,alpha=0.1,gamma_scale=2.0,max_features=12,x_transform=none,log_target=True",10,0.7716647,0.23970073,0.33953506,-0.16066509
xylose_gL,all_known,eem_parafac_scores,parafac_rank_selected,krr,"kernel=laplacian,alpha=0.1,gamma_scale=2.0,max_features=48,x_transform=none,log_target=True",10,0.7716647,0.23970073,0.33953506,-0.16066509
xylose_gL,all_known,eem_parafac_scores,parafac_rank_selected,krr,"kernel=laplacian,alpha=0.1,gamma_scale=2.0,max_features=192,x_transform=none,log_target=True",10,0.7716647,0.23970073,0.33953506,-0.16066509
xylose_gL,all_known,eem_parafac_scores,parafac_rank_selected,weighted_knn,"k=5,metric=correlation,max_features=12,x_transform=none,log_target=False",10,0.77228523,0.25202599,0.25391429,-0.11667879
xylose_gL,all_known,eem_parafac_scores,parafac_rank_selected,weighted_knn,"k=5,metric=correlation,max_features=12,x_transform=l2,log_target=False",10,0.77228523,0.25202599,0.25391429,-0.11667879
xylose_gL,all_known,eem_parafac_scores,parafac_rank_selected,weighted_knn,"k=5,metric=correlation,max_features=48,x_transform=none,log_target=False",10,0.77228523,0.25202599,0.25391429,-0.11667879
xylose_gL,all_known,eem_parafac_scores,parafac_rank_selected,weighted_knn,"k=5,metric=correlation,max_features=48,x_transform=l2,log_target=False",10,0.77228523,0.25202599,0.25391429,-0.11667879
xylose_gL,all_known,eem_parafac_scores,parafac_rank_selected,weighted_knn,"k=5,metric=correlation,max_features=192,x_transform=none,log_target=False",10,0.77228523,0.25202599,0.25391429,-0.11667879
xylose_gL,all_known,eem_parafac_scores,parafac_rank_selected,weighted_knn,"k=5,metric=correlation,max_features=192,x_transform=l2,log_target=False",10,0.77228523,0.25202599,0.25391429,-0.11667879
xylose_gL,all_known,eem_parafac_scores,parafac_rank_selected,weighted_knn,"k=5,metric=correlation,max_features=12,x_transform=none,log_target=True",10,0.77244197,0.25209942,0.25374816,-0.11707873
xylose_gL,all_known,eem_parafac_scores,parafac_rank_selected,weighted_knn,"k=5,metric=correlation,max_features=12,x_transform=l2,log_target=True",10,0.77244197,0.25209942,0.25374816,-0.11707873
xylose_gL,all_known,eem_parafac_scores,parafac_rank_selected,weighted_knn,"k=5,metric=correlation,max_features=48,x_transform=none,log_target=True",10,0.77244197,0.25209942,0.25374816,-0.11707873
xylose_gL,all_known,eem_parafac_scores,parafac_rank_selected,weighted_knn,"k=5,metric=correlation,max_features=48,x_transform=l2,log_target=True",10,0.77244197,0.25209942,0.25374816,-0.11707873
xylose_gL,all_known,eem_parafac_scores,parafac_rank_selected,weighted_knn,"k=5,metric=correlation,max_features=192,x_transform=none,log_target=True",10,0.77244197,0.25209942,0.25374816,-0.11707873
xylose_gL,all_known,eem_parafac_scores,parafac_rank_selected,weighted_knn,"k=5,metric=correlation,max_features=192,x_transform=l2,log_target=True",10,0.77244197,0.25209942,0.25374816,-0.11707873
xylose_gL,all_known,parafac_raman_fusion_als_sg2_snv,als_sg2_snv+parafac,krr,"kernel=rbf,alpha=0.1,gamma_scale=2.0,max_features=12,x_transform=l2,log_target=True",10,0.77306434,0.20258043,0.32811515,-0.28354071
xylose_gL,all_known,parafac_raman_fusion_als_sg2_snv,als_sg2_snv+parafac,krr,"kernel=rbf,alpha=0.1,gamma_scale=1.0,max_features=48,x_transform=l2,log_target=False",10,0.7741239,0.14270276,0.46575083,-0.52829304
xylose_gL,all_known,parafac_raman_fusion_als_sg0_snv_area,als_sg0_snv_area+parafac,krr,"kernel=rbf,alpha=0.1,gamma_scale=2.0,max_features=12,x_transform=l2,log_target=True",10,0.77426332,0.20690038,0.33111451,-0.28976605
xylose_gL,all_known,parafac_raman_fusion_als_sg2_snv,als_sg2_snv+parafac,weighted_knn,"k=5,metric=manhattan,max_features=12,x_transform=l2,log_target=True",10,0.77432671,0.18608639,0.34517707,-0.34470084
xylose_gL,all_known,eem_parafac_scores,parafac_rank_selected,weighted_knn,"k=3,metric=manhattan,max_features=12,x_transform=l2,log_target=False",10,0.77476726,0.25347262,0.25904762,-0.12260771
xylose_gL,all_known,eem_parafac_scores,parafac_rank_selected,weighted_knn,"k=3,metric=manhattan,max_features=48,x_transform=l2,log_target=False",10,0.77476726,0.25347262,0.25904762,-0.12260771
xylose_gL,all_known,eem_parafac_scores,parafac_rank_selected,weighted_knn,"k=3,metric=manhattan,max_features=192,x_transform=l2,log_target=False",10,0.77476726,0.25347262,0.25904762,-0.12260771
xylose_gL,all_known,eem_parafac_scores,parafac_rank_selected,weighted_knn,"k=3,metric=manhattan,max_features=12,x_transform=l2,log_target=True",10,0.77481752,0.25348774,0.25876175,-0.12274887
xylose_gL,all_known,eem_parafac_scores,parafac_rank_selected,weighted_knn,"k=3,metric=manhattan,max_features=48,x_transform=l2,log_target=True",10,0.77481752,0.25348774,0.25876175,-0.12274887
xylose_gL,all_known,eem_parafac_scores,parafac_rank_selected,weighted_knn,"k=3,metric=manhattan,max_features=192,x_transform=l2,log_target=True",10,0.77481752,0.25348774,0.25876175,-0.12274887
xylose_gL,all_known,eem_parafac_scores,parafac_rank_selected,weighted_knn,"k=5,metric=manhattan,max_features=12,x_transform=l2,log_target=False",10,0.77543679,0.25367682,0.25545714,-0.12448528
xylose_gL,all_known,eem_parafac_scores,parafac_rank_selected,weighted_knn,"k=5,metric=manhattan,max_features=48,x_transform=l2,log_target=False",10,0.77543679,0.25367682,0.25545714,-0.12448528
xylose_gL,all_known,eem_parafac_scores,parafac_rank_selected,weighted_knn,"k=5,metric=manhattan,max_features=192,x_transform=l2,log_target=False",10,0.77543679,0.25367682,0.25545714,-0.12448528
xylose_gL,all_known,eem_parafac_scores,parafac_rank_selected,weighted_knn,"k=5,metric=manhattan,max_features=12,x_transform=l2,log_target=True",10,0.77547687,0.25368922,0.2552565,-0.12459749
xylose_gL,all_known,eem_parafac_scores,parafac_rank_selected,weighted_knn,"k=5,metric=manhattan,max_features=48,x_transform=l2,log_target=True",10,0.77547687,0.25368922,0.2552565,-0.12459749
xylose_gL,all_known,eem_parafac_scores,parafac_rank_selected,weighted_knn,"k=5,metric=manhattan,max_features=192,x_transform=l2,log_target=True",10,0.77547687,0.25368922,0.2552565,-0.12459749
xylose_gL,all_known,eem_parafac_scores,parafac_rank_selected,weighted_knn,"k=1,metric=manhattan,max_features=12,x_transform=l2,log_target=False",10,0.77606332,0.25349868,0.25882857,-0.12654709
xylose_gL,all_known,eem_parafac_scores,parafac_rank_selected,weighted_knn,"k=1,metric=manhattan,max_features=12,x_transform=l2,log_target=True",10,0.77606332,0.25349868,0.25882857,-0.12654709
xylose_gL,all_known,eem_parafac_scores,parafac_rank_selected,weighted_knn,"k=1,metric=manhattan,max_features=48,x_transform=l2,log_target=False",10,0.77606332,0.25349868,0.25882857,-0.12654709
xylose_gL,all_known,eem_parafac_scores,parafac_rank_selected,weighted_knn,"k=1,metric=manhattan,max_features=48,x_transform=l2,log_target=True",10,0.77606332,0.25349868,0.25882857,-0.12654709
xylose_gL,all_known,eem_parafac_scores,parafac_rank_selected,weighted_knn,"k=1,metric=manhattan,max_features=192,x_transform=l2,log_target=False",10,0.77606332,0.25349868,0.25882857,-0.12654709
xylose_gL,all_known,eem_parafac_scores,parafac_rank_selected,weighted_knn,"k=1,metric=manhattan,max_features=192,x_transform=l2,log_target=True",10,0.77606332,0.25349868,0.25882857,-0.12654709
xylose_gL,all_known,parafac_raman_fusion_als_sg0_snv_area,als_sg0_snv_area+parafac,krr,"kernel=laplacian,alpha=0.01,gamma_scale=1.0,max_features=12,x_transform=none,log_target=False",10,0.77725553,0.1816833,0.41767077,-0.38918211
xylose_gL,all_known,raman_preprocessed_als_sg2_snv,als_sg2_snv,krr,"kernel=rbf,alpha=0.01,gamma_scale=1.0,max_features=12,x_transform=none,log_target=False",10,0.77738292,0.1971005,0.46242641,-1.1252635
xylose_gL,all_known,raman_preprocessed_als_sg0_snv_area,als_sg0_snv_area,weighted_knn,"k=3,metric=manhattan,max_features=48,x_transform=l2,log_target=False",10,0.77744666,0.12368574,0.37591246,-1.7887441
xylose_gL,all_known,parafac_raman_fusion_als_sg2_snv,als_sg2_snv+parafac,krr,"kernel=rbf,alpha=0.1,gamma_scale=2.0,max_features=12,x_transform=none,log_target=False",10,0.77812158,0.19878336,0.37462417,-0.31492161
xylose_gL,all_known,parafac_raman_fusion_als_sg2_snv,als_sg2_snv+parafac,weighted_knn,"k=3,metric=manhattan,max_features=192,x_transform=l2,log_target=False",10,0.77904708,0.17436234,0.33905562,-0.66071562
xylose_gL,all_known,eem_parafac_scores,parafac_rank_selected,krr,"kernel=rbf,alpha=0.1,gamma_scale=2.0,max_features=12,x_transform=none,log_target=False",10,0.77922111,0.22975061,0.40237773,-0.22175681
xylose_gL,all_known,eem_parafac_scores,parafac_rank_selected,krr,"kernel=rbf,alpha=0.1,gamma_scale=2.0,max_features=48,x_transform=none,log_target=False",10,0.77922111,0.22975061,0.40237773,-0.22175681
xylose_gL,all_known,eem_parafac_scores,parafac_rank_selected,krr,"kernel=rbf,alpha=0.1,gamma_scale=2.0,max_features=192,x_transform=none,log_target=False",10,0.77922111,0.22975061,0.40237773,-0.22175681
xylose_gL,all_known,raman_preprocessed_als_sg0_snv_area,als_sg0_snv_area,weighted_knn,"k=1,metric=manhattan,max_features=12,x_transform=none,log_target=False",10,0.77929252,0.27298344,0.30961429,-1.950637
xylose_gL,all_known,raman_preprocessed_als_sg0_snv_area,als_sg0_snv_area,weighted_knn,"k=1,metric=manhattan,max_features=12,x_transform=none,log_target=True",10,0.77929252,0.27298344,0.30961429,-1.950637
xylose_gL,all_known,raman_preprocessed_als_sg2_snv,als_sg2_snv,krr,"kernel=rbf,alpha=0.01,gamma_scale=1.0,max_features=12,x_transform=l2,log_target=True",10,0.78257241,0.20019007,0.37485198,-1.2388863
xylose_gL,all_known,parafac_raman_fusion_als_sg0_snv_area,als_sg0_snv_area+parafac,krr,"kernel=laplacian,alpha=0.1,gamma_scale=1.0,max_features=12,x_transform=l2,log_target=False",10,0.78266805,0.157619,0.42867362,-0.59366677
xylose_gL,all_known,parafac_raman_fusion_als_sg2_snv,als_sg2_snv+parafac,weighted_knn,"k=3,metric=manhattan,max_features=12,x_transform=none,log_target=False",10,0.78347353,0.20616665,0.34493917,-0.33357212
xylose_gL,all_known,raman_preprocessed_als_sg2_snv,als_sg2_snv,krr,"kernel=rbf,alpha=0.1,gamma_scale=1.0,max_features=12,x_transform=l2,log_target=False",10,0.78439769,0.14635678,0.45128609,-1.4269737
xylose_gL,all_known,parafac_raman_fusion_als_sg0_snv_area,als_sg0_snv_area+parafac,krr,"kernel=rbf,alpha=0.1,gamma_scale=1.0,max_features=48,x_transform=l2,log_target=False",10,0.7844958,0.10717256,0.46264663,-0.810988
xylose_gL,all_known,raman_preprocessed_als_sg0_snv_area,als_sg0_snv_area,weighted_knn,"k=3,metric=manhattan,max_features=12,x_transform=l2,log_target=False",10,0.78629065,0.18416241,0.3896016,-1.2697763
xylose_gL,all_known,parafac_raman_fusion_als_sg2_snv,als_sg2_snv+parafac,krr,"kernel=laplacian,alpha=0.1,gamma_scale=1.0,max_features=12,x_transform=none,log_target=False",10,0.78798699,0.19910685,0.37373905,-0.40303414
xylose_gL,all_known,parafac_raman_fusion_als_sg0_snv_area,als_sg0_snv_area+parafac,weighted_knn,"k=3,metric=correlation,max_features=12,x_transform=none,log_target=True",10,0.7884973,0.20007633,0.35605805,-0.54844806
xylose_gL,all_known,parafac_raman_fusion_als_sg0_snv_area,als_sg0_snv_area+parafac,weighted_knn,"k=3,metric=correlation,max_features=12,x_transform=l2,log_target=True",10,0.7884973,0.20007633,0.35605805,-0.54844806
xylose_gL,all_known,eem_parafac_scores,parafac_rank_selected,krr,"kernel=rbf,alpha=0.01,gamma_scale=1.0,max_features=12,x_transform=none,log_target=False",10,0.78985469,0.24425335,0.40991264,-0.23175225
xylose_gL,all_known,eem_parafac_scores,parafac_rank_selected,krr,"kernel=rbf,alpha=0.01,gamma_scale=1.0,max_features=48,x_transform=none,log_target=False",10,0.78985469,0.24425335,0.40991264,-0.23175225
xylose_gL,all_known,eem_parafac_scores,parafac_rank_selected,krr,"kernel=rbf,alpha=0.01,gamma_scale=1.0,max_features=192,x_transform=none,log_target=False",10,0.78985469,0.24425335,0.40991264,-0.23175225
xylose_gL,all_known,parafac_raman_fusion_als_sg2_snv,als_sg2_snv+parafac,krr,"kernel=laplacian,alpha=0.1,gamma_scale=2.0,max_features=12,x_transform=l2,log_target=False",10,0.79017374,0.20960199,0.36804475,-0.34531877
xylose_gL,all_known,parafac_raman_fusion_als_sg0_snv_area,als_sg0_snv_area+parafac,krr,"kernel=rbf,alpha=0.01,gamma_scale=1.0,max_features=48,x_transform=none,log_target=False",10,0.79023547,0.13719569,0.4476567,-0.64824212
xylose_gL,all_known,raman_preprocessed_als_sg0_snv_area,als_sg0_snv_area,weighted_knn,"k=3,metric=correlation,max_features=12,x_transform=none,log_target=False",10,0.79233507,0.17119203,0.39628996,-1.9257687
xylose_gL,all_known,raman_preprocessed_als_sg0_snv_area,als_sg0_snv_area,weighted_knn,"k=3,metric=correlation,max_features=12,x_transform=l2,log_target=False",10,0.79233507,0.17119203,0.39628996,-1.9257687
xylose_gL,all_known,parafac_raman_fusion_als_sg2_snv,als_sg2_snv+parafac,krr,"kernel=rbf,alpha=0.01,gamma_scale=2.0,max_features=12,x_transform=none,log_target=False",10,0.79369703,0.18519314,0.40793541,-0.43280196
xylose_gL,all_known,eem_parafac_scores,parafac_rank_selected,krr,"kernel=rbf,alpha=0.01,gamma_scale=2.0,max_features=12,x_transform=none,log_target=False",10,0.79454036,0.22724559,0.4167079,-0.29470606
xylose_gL,all_known,eem_parafac_scores,parafac_rank_selected,krr,"kernel=rbf,alpha=0.01,gamma_scale=2.0,max_features=48,x_transform=none,log_target=False",10,0.79454036,0.22724559,0.4167079,-0.29470606
xylose_gL,all_known,eem_parafac_scores,parafac_rank_selected,krr,"kernel=rbf,alpha=0.01,gamma_scale=2.0,max_features=192,x_transform=none,log_target=False",10,0.79454036,0.22724559,0.4167079,-0.29470606
xylose_gL,all_known,parafac_raman_fusion_als_sg0_snv_area,als_sg0_snv_area+parafac,krr,"kernel=rbf,alpha=0.01,gamma_scale=1.0,max_features=12,x_transform=none,log_target=True",10,0.79477206,0.26171926,0.34954203,-0.23501574
xylose_gL,all_known,parafac_raman_fusion_als_sg0_snv_area,als_sg0_snv_area+parafac,weighted_knn,"k=3,metric=manhattan,max_features=12,x_transform=l2,log_target=True",10,0.79528202,0.17458608,0.34727232,-0.95104679
xylose_gL,all_known,eem_parafac_scores,parafac_rank_selected,weighted_knn,"k=5,metric=manhattan,max_features=12,x_transform=none,log_target=True",10,0.79574842,0.23328353,0.36136377,-0.29421037
xylose_gL,all_known,eem_parafac_scores,parafac_rank_selected,weighted_knn,"k=5,metric=manhattan,max_features=48,x_transform=none,log_target=True",10,0.79574842,0.23328353,0.36136377,-0.29421037
xylose_gL,all_known,eem_parafac_scores,parafac_rank_selected,weighted_knn,"k=5,metric=manhattan,max_features=192,x_transform=none,log_target=True",10,0.79574842,0.23328353,0.36136377,-0.29421037
xylose_gL,all_known,parafac_raman_fusion_als_sg2_snv,als_sg2_snv+parafac,weighted_knn,"k=5,metric=correlation,max_features=48,x_transform=none,log_target=False",10,0.79600036,0.14246457,0.40191208,-0.7424794
xylose_gL,all_known,parafac_raman_fusion_als_sg2_snv,als_sg2_snv+parafac,weighted_knn,"k=5,metric=correlation,max_features=48,x_transform=l2,log_target=False",10,0.79600036,0.14246457,0.40191208,-0.7424794
xylose_gL,all_known,eem_parafac_scores,parafac_rank_selected,krr,"kernel=rbf,alpha=0.01,gamma_scale=1.0,max_features=12,x_transform=none,log_target=True",10,0.79607554,0.29235787,0.35308673,-0.16250515
xylose_gL,all_known,eem_parafac_scores,parafac_rank_selected,krr,"kernel=rbf,alpha=0.01,gamma_scale=1.0,max_features=48,x_transform=none,log_target=True",10,0.79607554,0.29235787,0.35308673,-0.16250515
xylose_gL,all_known,eem_parafac_scores,parafac_rank_selected,krr,"kernel=rbf,alpha=0.01,gamma_scale=1.0,max_features=192,x_transform=none,log_target=True",10,0.79607554,0.29235787,0.35308673,-0.16250515
xylose_gL,all_known,parafac_raman_fusion_als_sg0_snv_area,als_sg0_snv_area+parafac,weighted_knn,"k=5,metric=correlation,max_features=48,x_transform=none,log_target=False",10,0.79715603,0.14543137,0.39907922,-0.69748527
xylose_gL,all_known,parafac_raman_fusion_als_sg0_snv_area,als_sg0_snv_area+parafac,weighted_knn,"k=5,metric=correlation,max_features=48,x_transform=l2,log_target=False",10,0.79715603,0.14543137,0.39907922,-0.69748527
xylose_gL,all_known,parafac_raman_fusion_als_sg0_snv_area,als_sg0_snv_area+parafac,krr,"kernel=laplacian,alpha=0.01,gamma_scale=1.0,max_features=12,x_transform=l2,log_target=False",10,0.80067344,0.15532246,0.45207268,-0.72596714
xylose_gL,all_known,parafac_raman_fusion_als_sg2_snv,als_sg2_snv+parafac,weighted_knn,"k=1,metric=manhattan,max_features=48,x_transform=none,log_target=False",10,0.80240324,0.20936565,0.32132857,-0.3635371
xylose_gL,all_known,parafac_raman_fusion_als_sg2_snv,als_sg2_snv+parafac,weighted_knn,"k=1,metric=manhattan,max_features=48,x_transform=none,log_target=True",10,0.80240324,0.20936565,0.32132857,-0.3635371
xylose_gL,all_known,raman_preprocessed_als_sg2_snv,als_sg2_snv,weighted_knn,"k=5,metric=manhattan,max_features=12,x_transform=l2,log_target=False",10,0.8025167,0.13415791,0.42492406,-1.6572834
xylose_gL,all_known,parafac_raman_fusion_als_sg2_snv,als_sg2_snv+parafac,krr,"kernel=laplacian,alpha=0.01,gamma_scale=1.0,max_features=12,x_transform=none,log_target=False",10,0.80340202,0.19372309,0.39193299,-0.50712002
xylose_gL,all_known,parafac_raman_fusion_als_sg2_snv,als_sg2_snv+parafac,weighted_knn,"k=5,metric=manhattan,max_features=48,x_transform=l2,log_target=False",10,0.80412583,0.13756885,0.40584265,-0.7109832
xylose_gL,all_known,raman_preprocessed_als_sg0_snv_area,als_sg0_snv_area,weighted_knn,"k=3,metric=correlation,max_features=48,x_transform=none,log_target=False",10,0.8067531,0.11475963,0.39079835,-1.9024418
xylose_gL,all_known,raman_preprocessed_als_sg0_snv_area,als_sg0_snv_area,weighted_knn,"k=3,metric=correlation,max_features=48,x_transform=l2,log_target=False",10,0.8067531,0.11475963,0.39079835,-1.9024418
xylose_gL,all_known,parafac_raman_fusion_als_sg2_snv,als_sg2_snv+parafac,krr,"kernel=laplacian,alpha=0.01,gamma_scale=2.0,max_features=12,x_transform=l2,log_target=False",10,0.80702191,0.21029725,0.38043095,-0.42459175
xylose_gL,all_known,parafac_raman_fusion_als_sg0_snv_area,als_sg0_snv_area+parafac,krr,"kernel=rbf,alpha=0.01,gamma_scale=2.0,max_features=12,x_transform=l2,log_target=True",10,0.8077474,0.20479328,0.35149534,-0.49108112
xylose_gL,all_known,eem_parafac_scores,parafac_rank_selected,krr,"kernel=laplacian,alpha=0.1,gamma_scale=1.0,max_features=12,x_transform=none,log_target=False",10,0.8085319,0.22054321,0.40069008,-0.37625909
xylose_gL,all_known,eem_parafac_scores,parafac_rank_selected,krr,"kernel=laplacian,alpha=0.1,gamma_scale=1.0,max_features=48,x_transform=none,log_target=False",10,0.8085319,0.22054321,0.40069008,-0.37625909
xylose_gL,all_known,eem_parafac_scores,parafac_rank_selected,krr,"kernel=laplacian,alpha=0.1,gamma_scale=1.0,max_features=192,x_transform=none,log_target=False",10,0.8085319,0.22054321,0.40069008,-0.37625909
xylose_gL,all_known,parafac_raman_fusion_als_sg2_snv,als_sg2_snv+parafac,krr,"kernel=rbf,alpha=0.01,gamma_scale=1.0,max_features=48,x_transform=l2,log_target=False",10,0.8091749,0.13673727,0.50347318,-0.75133703
xylose_gL,all_known,parafac_raman_fusion_als_sg2_snv,als_sg2_snv+parafac,krr,"kernel=rbf,alpha=0.01,gamma_scale=2.0,max_features=12,x_transform=l2,log_target=True",10,0.8092157,0.19897575,0.35133333,-0.4782512
xylose_gL,all_known,raman_preprocessed_als_sg2_snv,als_sg2_snv,krr,"kernel=rbf,alpha=0.1,gamma_scale=2.0,max_features=12,x_transform=l2,log_target=False",10,0.80961852,0.15479278,0.44372024,-1.5540699
xylose_gL,all_known,parafac_raman_fusion_als_sg2_snv,als_sg2_snv+parafac,krr,"kernel=rbf,alpha=0.1,gamma_scale=1.0,max_features=12,x_transform=none,log_target=False",10,0.81049086,0.20154856,0.40403426,-0.49464025
xylose_gL,all_known,raman_preprocessed_als_sg2_snv,als_sg2_snv,weighted_knn,"k=5,metric=correlation,max_features=12,x_transform=l2,log_target=False",10,0.81287339,0.13767447,0.42529657,-1.9180816
xylose_gL,all_known,raman_preprocessed_als_sg2_snv,als_sg2_snv,weighted_knn,"k=5,metric=correlation,max_features=12,x_transform=none,log_target=False",10,0.81287339,0.13767447,0.42529657,-1.9180816
xylose_gL,all_known,parafac_raman_fusion_als_sg0_snv_area,als_sg0_snv_area+parafac,weighted_knn,"k=5,metric=manhattan,max_features=12,x_transform=l2,log_target=False",10,0.81308029,0.13246865,0.3988867,-0.88560949
xylose_gL,all_known,parafac_raman_fusion_als_sg0_snv_area,als_sg0_snv_area+parafac,weighted_knn,"k=3,metric=correlation,max_features=48,x_transform=none,log_target=True",10,0.81427604,0.14612412,0.37163922,-0.83732054
xylose_gL,all_known,parafac_raman_fusion_als_sg0_snv_area,als_sg0_snv_area+parafac,weighted_knn,"k=3,metric=correlation,max_features=48,x_transform=l2,log_target=True",10,0.81427604,0.14612412,0.37163922,-0.83732054
xylose_gL,all_known,parafac_raman_fusion_als_sg2_snv,als_sg2_snv+parafac,weighted_knn,"k=3,metric=correlation,max_features=12,x_transform=none,log_target=True",10,0.81502913,0.18481694,0.36397579,-0.5600981
xylose_gL,all_known,parafac_raman_fusion_als_sg2_snv,als_sg2_snv+parafac,weighted_knn,"k=3,metric=correlation,max_features=12,x_transform=l2,log_target=True",10,0.81502913,0.18481694,0.36397579,-0.5600981
xylose_gL,all_known,eem_parafac_scores,parafac_rank_selected,krr,"kernel=laplacian,alpha=0.01,gamma_scale=1.0,max_features=12,x_transform=none,log_target=True",10,0.81518799,0.22849175,0.36927875,-0.37587051
xylose_gL,all_known,eem_parafac_scores,parafac_rank_selected,krr,"kernel=laplacian,alpha=0.01,gamma_scale=1.0,max_features=48,x_transform=none,log_target=True",10,0.81518799,0.22849175,0.36927875,-0.37587051
xylose_gL,all_known,eem_parafac_scores,parafac_rank_selected,krr,"kernel=laplacian,alpha=0.01,gamma_scale=1.0,max_features=192,x_transform=none,log_target=True",10,0.81518799,0.22849175,0.36927875,-0.37587051
xylose_gL,all_known,parafac_raman_fusion_als_sg0_snv_area,als_sg0_snv_area+parafac,krr,"kernel=rbf,alpha=0.1,gamma_scale=2.0,max_features=12,x_transform=none,log_target=False",10,0.81650366,0.19944222,0.40015368,-0.51611181
xylose_gL,all_known,raman_preprocessed_als_sg2_snv,als_sg2_snv,weighted_knn,"k=3,metric=manhattan,max_features=12,x_transform=l2,log_target=False",10,0.81666797,0.18067008,0.39874469,-1.520074
xylose_gL,all_known,parafac_raman_fusion_als_sg0_snv_area,als_sg0_snv_area+parafac,weighted_knn,"k=5,metric=correlation,max_features=12,x_transform=none,log_target=False",10,0.81832518,0.16050678,0.39686757,-0.81170878
xylose_gL,all_known,parafac_raman_fusion_als_sg0_snv_area,als_sg0_snv_area+parafac,weighted_knn,"k=5,metric=correlation,max_features=12,x_transform=l2,log_target=False",10,0.81832518,0.16050678,0.39686757,-0.81170878
xylose_gL,all_known,raman_preprocessed_als_sg2_snv,als_sg2_snv,weighted_knn,"k=1,metric=manhattan,max_features=12,x_transform=none,log_target=False",10,0.81861783,0.27147703,0.33164286,-1.1819298
xylose_gL,all_known,raman_preprocessed_als_sg2_snv,als_sg2_snv,weighted_knn,"k=1,metric=manhattan,max_features=12,x_transform=none,log_target=True",10,0.81861783,0.27147703,0.33164286,-1.1819298
xylose_gL,all_known,parafac_raman_fusion_als_sg0_snv_area,als_sg0_snv_area+parafac,weighted_knn,"k=3,metric=manhattan,max_features=48,x_transform=l2,log_target=False",10,0.82031014,0.13251368,0.3992983,-1.5735632
xylose_gL,all_known,parafac_raman_fusion_als_sg0_snv_area,als_sg0_snv_area+parafac,krr,"kernel=rbf,alpha=0.1,gamma_scale=1.0,max_features=12,x_transform=none,log_target=False",10,0.82271746,0.1847347,0.42896548,-0.57319203
xylose_gL,all_known,parafac_raman_fusion_als_sg0_snv_area,als_sg0_snv_area+parafac,krr,"kernel=rbf,alpha=0.01,gamma_scale=1.0,max_features=48,x_transform=l2,log_target=False",10,0.82549415,0.10895416,0.50490271,-1.095161
xylose_gL,all_known,eem_parafac_scores,parafac_rank_selected,krr,"kernel=laplacian,alpha=0.1,gamma_scale=2.0,max_features=12,x_transform=none,log_target=False",10,0.82611338,0.21539193,0.4027215,-0.47709659
xylose_gL,all_known,eem_parafac_scores,parafac_rank_selected,krr,"kernel=laplacian,alpha=0.1,gamma_scale=2.0,max_features=48,x_transform=none,log_target=False",10,0.82611338,0.21539193,0.4027215,-0.47709659
xylose_gL,all_known,eem_parafac_scores,parafac_rank_selected,krr,"kernel=laplacian,alpha=0.1,gamma_scale=2.0,max_features=192,x_transform=none,log_target=False",10,0.82611338,0.21539193,0.4027215,-0.47709659
xylose_gL,all_known,eem_parafac_scores,parafac_rank_selected,weighted_knn,"k=3,metric=manhattan,max_features=12,x_transform=none,log_target=True",10,0.82662056,0.2254084,0.38403905,-0.447374
xylose_gL,all_known,eem_parafac_scores,parafac_rank_selected,weighted_knn,"k=3,metric=manhattan,max_features=48,x_transform=none,log_target=True",10,0.82662056,0.2254084,0.38403905,-0.447374
xylose_gL,all_known,eem_parafac_scores,parafac_rank_selected,weighted_knn,"k=3,metric=manhattan,max_features=192,x_transform=none,log_target=True",10,0.82662056,0.2254084,0.38403905,-0.447374
xylose_gL,all_known,raman_preprocessed_als_sg0_snv_area,als_sg0_snv_area,krr,"kernel=rbf,alpha=0.01,gamma_scale=1.0,max_features=12,x_transform=l2,log_target=False",10,0.82670195,0.12098867,0.55876053,-1.9006231
xylose_gL,all_known,raman_preprocessed_als_sg2_snv,als_sg2_snv,weighted_knn,"k=3,metric=correlation,max_features=12,x_transform=none,log_target=False",10,0.82978316,0.16324205,0.41028661,-1.6703156
xylose_gL,all_known,raman_preprocessed_als_sg2_snv,als_sg2_snv,weighted_knn,"k=3,metric=correlation,max_features=12,x_transform=l2,log_target=False",10,0.82978316,0.16324205,0.41028661,-1.6703156
xylose_gL,all_known,raman_preprocessed_als_sg0_snv_area,als_sg0_snv_area,weighted_knn,"k=1,metric=correlation,max_features=48,x_transform=none,log_target=False",10,0.83015338,0.272927,0.3603,-1.4739065
xylose_gL,all_known,raman_preprocessed_als_sg0_snv_area,als_sg0_snv_area,weighted_knn,"k=1,metric=correlation,max_features=48,x_transform=none,log_target=True",10,0.83015338,0.272927,0.3603,-1.4739065
xylose_gL,all_known,raman_preprocessed_als_sg0_snv_area,als_sg0_snv_area,weighted_knn,"k=1,metric=correlation,max_features=48,x_transform=l2,log_target=False",10,0.83015338,0.272927,0.3603,-1.4739065
xylose_gL,all_known,raman_preprocessed_als_sg0_snv_area,als_sg0_snv_area,weighted_knn,"k=1,metric=correlation,max_features=48,x_transform=l2,log_target=True",10,0.83015338,0.272927,0.3603,-1.4739065
xylose_gL,all_known,parafac_raman_fusion_als_sg2_snv,als_sg2_snv+parafac,krr,"kernel=laplacian,alpha=0.1,gamma_scale=1.0,max_features=12,x_transform=l2,log_target=False",10,0.83088498,0.20167487,0.41838735,-0.57665575
xylose_gL,all_known,parafac_raman_fusion_als_sg0_snv_area,als_sg0_snv_area+parafac,weighted_knn,"k=1,metric=manhattan,max_features=192,x_transform=none,log_target=False",10,0.83144419,0.18874128,0.30825714,-2.4826729
xylose_gL,all_known,parafac_raman_fusion_als_sg0_snv_area,als_sg0_snv_area+parafac,weighted_knn,"k=1,metric=manhattan,max_features=192,x_transform=none,log_target=True",10,0.83144419,0.18874128,0.30825714,-2.4826729
xylose_gL,all_known,eem_parafac_scores,parafac_rank_selected,krr,"kernel=laplacian,alpha=0.01,gamma_scale=2.0,max_features=12,x_transform=none,log_target=True",10,0.83299462,0.22605982,0.37672539,-0.46966701
xylose_gL,all_known,eem_parafac_scores,parafac_rank_selected,krr,"kernel=laplacian,alpha=0.01,gamma_scale=2.0,max_features=48,x_transform=none,log_target=True",10,0.83299462,0.22605982,0.37672539,-0.46966701
xylose_gL,all_known,eem_parafac_scores,parafac_rank_selected,krr,"kernel=laplacian,alpha=0.01,gamma_scale=2.0,max_features=192,x_transform=none,log_target=True",10,0.83299462,0.22605982,0.37672539,-0.46966701
xylose_gL,all_known,parafac_raman_fusion_als_sg0_snv_area,als_sg0_snv_area+parafac,krr,"kernel=rbf,alpha=0.01,gamma_scale=1.0,max_features=12,x_transform=l2,log_target=True",10,0.83457304,0.19584956,0.37382236,-0.67447689
xylose_gL,all_known,parafac_raman_fusion_als_sg2_snv,als_sg2_snv+parafac,weighted_knn,"k=5,metric=correlation,max_features=12,x_transform=none,log_target=False",10,0.8382127,0.17312575,0.40449997,-0.78006701
xylose_gL,all_known,parafac_raman_fusion_als_sg2_snv,als_sg2_snv+parafac,weighted_knn,"k=5,metric=correlation,max_features=12,x_transform=l2,log_target=False",10,0.8382127,0.17312575,0.40449997,-0.78006701
xylose_gL,all_known,parafac_raman_fusion_als_sg2_snv,als_sg2_snv+parafac,weighted_knn,"k=3,metric=manhattan,max_features=48,x_transform=l2,log_target=False",10,0.84111206,0.11837504,0.39677082,-1.2240575
xylose_gL,all_known,parafac_raman_fusion_als_sg2_snv,als_sg2_snv+parafac,weighted_knn,"k=3,metric=correlation,max_features=48,x_transform=none,log_target=False",10,0.8415831,0.14463153,0.39819164,-1.2808109
xylose_gL,all_known,parafac_raman_fusion_als_sg2_snv,als_sg2_snv+parafac,weighted_knn,"k=3,metric=correlation,max_features=48,x_transform=l2,log_target=False",10,0.8415831,0.14463153,0.39819164,-1.2808109
xylose_gL,all_known,parafac_raman_fusion_als_sg0_snv_area,als_sg0_snv_area+parafac,weighted_knn,"k=1,metric=manhattan,max_features=48,x_transform=none,log_target=False",10,0.84347816,0.24367974,0.31535714,-0.45128754
xylose_gL,all_known,parafac_raman_fusion_als_sg0_snv_area,als_sg0_snv_area+parafac,weighted_knn,"k=1,metric=manhattan,max_features=48,x_transform=none,log_target=True",10,0.84347816,0.24367974,0.31535714,-0.45128754
xylose_gL,all_known,parafac_raman_fusion_als_sg2_snv,als_sg2_snv+parafac,krr,"kernel=rbf,alpha=0.01,gamma_scale=1.0,max_features=12,x_transform=l2,log_target=True",10,0.844637,0.19286592,0.38069584,-0.75339398
xylose_gL,all_known,parafac_raman_fusion_als_sg0_snv_area,als_sg0_snv_area+parafac,krr,"kernel=rbf,alpha=0.01,gamma_scale=2.0,max_features=12,x_transform=none,log_target=False",10,0.84701285,0.20714828,0.43213166,-0.67043866
xylose_gL,all_known,parafac_raman_fusion_als_sg2_snv,als_sg2_snv+parafac,weighted_knn,"k=1,metric=correlation,max_features=192,x_transform=none,log_target=False",10,0.84964465,0.24318433,0.32504286,-1.4661667
xylose_gL,all_known,parafac_raman_fusion_als_sg2_snv,als_sg2_snv+parafac,weighted_knn,"k=1,metric=correlation,max_features=192,x_transform=none,log_target=True",10,0.84964465,0.24318433,0.32504286,-1.4661667
xylose_gL,all_known,parafac_raman_fusion_als_sg2_snv,als_sg2_snv+parafac,weighted_knn,"k=1,metric=correlation,max_features=192,x_transform=l2,log_target=False",10,0.84964465,0.24318433,0.32504286,-1.4661667
xylose_gL,all_known,parafac_raman_fusion_als_sg2_snv,als_sg2_snv+parafac,weighted_knn,"k=1,metric=correlation,max_features=192,x_transform=l2,log_target=True",10,0.84964465,0.24318433,0.32504286,-1.4661667
xylose_gL,all_known,parafac_raman_fusion_als_sg2_snv,als_sg2_snv+parafac,krr,"kernel=rbf,alpha=0.01,gamma_scale=1.0,max_features=12,x_transform=none,log_target=False",10,0.85067393,0.17925626,0.48033302,-0.81705158
xylose_gL,all_known,parafac_raman_fusion_als_sg2_snv,als_sg2_snv+parafac,weighted_knn,"k=3,metric=manhattan,max_features=12,x_transform=l2,log_target=True",10,0.85546795,0.18200965,0.37637353,-0.76677796
xylose_gL,all_known,eem_parafac_scores,parafac_rank_selected,weighted_knn,"k=5,metric=manhattan,max_features=12,x_transform=none,log_target=False",10,0.86220008,0.20520348,0.42234121,-0.72799963
xylose_gL,all_known,eem_parafac_scores,parafac_rank_selected,weighted_knn,"k=5,metric=manhattan,max_features=48,x_transform=none,log_target=False",10,0.86220008,0.20520348,0.42234121,-0.72799963
xylose_gL,all_known,eem_parafac_scores,parafac_rank_selected,weighted_knn,"k=5,metric=manhattan,max_features=192,x_transform=none,log_target=False",10,0.86220008,0.20520348,0.42234121,-0.72799963
xylose_gL,all_known,raman_preprocessed_als_sg2_snv,als_sg2_snv,weighted_knn,"k=1,metric=correlation,max_features=192,x_transform=none,log_target=False",10,0.86640134,0.21028467,0.34084286,-2.6628196
xylose_gL,all_known,raman_preprocessed_als_sg2_snv,als_sg2_snv,weighted_knn,"k=1,metric=correlation,max_features=192,x_transform=none,log_target=True",10,0.86640134,0.21028467,0.34084286,-2.6628196
xylose_gL,all_known,raman_preprocessed_als_sg2_snv,als_sg2_snv,weighted_knn,"k=1,metric=correlation,max_features=192,x_transform=l2,log_target=False",10,0.86640134,0.21028467,0.34084286,-2.6628196
xylose_gL,all_known,raman_preprocessed_als_sg2_snv,als_sg2_snv,weighted_knn,"k=1,metric=correlation,max_features=192,x_transform=l2,log_target=True",10,0.86640134,0.21028467,0.34084286,-2.6628196
xylose_gL,all_known,raman_preprocessed_als_sg2_snv,als_sg2_snv,weighted_knn,"k=1,metric=manhattan,max_features=192,x_transform=l2,log_target=False",10,0.86847994,0.25094456,0.33917143,-2.7410282
xylose_gL,all_known,raman_preprocessed_als_sg2_snv,als_sg2_snv,weighted_knn,"k=1,metric=manhattan,max_features=192,x_transform=l2,log_target=True",10,0.86847994,0.25094456,0.33917143,-2.7410282
xylose_gL,all_known,parafac_raman_fusion_als_sg2_snv,als_sg2_snv+parafac,krr,"kernel=rbf,alpha=0.1,gamma_scale=1.0,max_features=12,x_transform=l2,log_target=False",10,0.87095678,0.15503405,0.46609906,-1.0756943
xylose_gL,all_known,parafac_raman_fusion_als_sg2_snv,als_sg2_snv+parafac,krr,"kernel=laplacian,alpha=0.01,gamma_scale=1.0,max_features=12,x_transform=l2,log_target=False",10,0.87191584,0.20395382,0.45407044,-0.79332643
xylose_gL,all_known,parafac_raman_fusion_als_sg0_snv_area,als_sg0_snv_area+parafac,krr,"kernel=rbf,alpha=0.1,gamma_scale=1.0,max_features=12,x_transform=l2,log_target=False",10,0.87284871,0.14038005,0.48633083,-1.1149204
xylose_gL,all_known,parafac_raman_fusion_als_sg0_snv_area,als_sg0_snv_area+parafac,weighted_knn,"k=3,metric=manhattan,max_features=12,x_transform=l2,log_target=False",10,0.87470658,0.15715858,0.4116742,-1.4777624
xylose_gL,all_known,parafac_raman_fusion_als_sg0_snv_area,als_sg0_snv_area+parafac,weighted_knn,"k=3,metric=correlation,max_features=12,x_transform=none,log_target=False",10,0.87504677,0.1853353,0.42086873,-1.2198847
xylose_gL,all_known,parafac_raman_fusion_als_sg0_snv_area,als_sg0_snv_area+parafac,weighted_knn,"k=3,metric=correlation,max_features=12,x_transform=l2,log_target=False",10,0.87504677,0.1853353,0.42086873,-1.2198847
xylose_gL,all_known,parafac_raman_fusion_als_sg2_snv,als_sg2_snv+parafac,krr,"kernel=rbf,alpha=0.1,gamma_scale=2.0,max_features=12,x_transform=l2,log_target=False",10,0.87824966,0.16850946,0.44925073,-0.99816231
xylose_gL,all_known,parafac_raman_fusion_als_sg0_snv_area,als_sg0_snv_area+parafac,krr,"kernel=rbf,alpha=0.1,gamma_scale=2.0,max_features=12,x_transform=l2,log_target=False",10,0.87865513,0.15254095,0.46550047,-1.1126133
xylose_gL,all_known,eem_parafac_scores,parafac_rank_selected,krr,"kernel=laplacian,alpha=0.01,gamma_scale=1.0,max_features=12,x_transform=none,log_target=False",10,0.87901633,0.21510617,0.42075305,-0.7931593
xylose_gL,all_known,eem_parafac_scores,parafac_rank_selected,krr,"kernel=laplacian,alpha=0.01,gamma_scale=1.0,max_features=48,x_transform=none,log_target=False",10,0.87901633,0.21510617,0.42075305,-0.7931593
xylose_gL,all_known,eem_parafac_scores,parafac_rank_selected,krr,"kernel=laplacian,alpha=0.01,gamma_scale=1.0,max_features=192,x_transform=none,log_target=False",10,0.87901633,0.21510617,0.42075305,-0.7931593
xylose_gL,all_known,parafac_raman_fusion_als_sg2_snv,als_sg2_snv+parafac,weighted_knn,"k=5,metric=manhattan,max_features=12,x_transform=l2,log_target=False",10,0.87962173,0.14074682,0.4298847,-1.1659601
xylose_gL,target_focused,eem_parafac_scores,parafac_rank_selected,weighted_knn,"k=5,metric=correlation,max_features=12,x_transform=none,log_target=False",10,0.89212064,0.45231689,0.56410588,-0.052198865
xylose_gL,target_focused,eem_parafac_scores,parafac_rank_selected,weighted_knn,"k=5,metric=correlation,max_features=12,x_transform=l2,log_target=False",10,0.89212064,0.45231689,0.56410588,-0.052198865
xylose_gL,target_focused,eem_parafac_scores,parafac_rank_selected,weighted_knn,"k=5,metric=correlation,max_features=48,x_transform=none,log_target=False",10,0.89212064,0.45231689,0.56410588,-0.052198865
xylose_gL,target_focused,eem_parafac_scores,parafac_rank_selected,weighted_knn,"k=5,metric=correlation,max_features=48,x_transform=l2,log_target=False",10,0.89212064,0.45231689,0.56410588,-0.052198865
xylose_gL,target_focused,eem_parafac_scores,parafac_rank_selected,weighted_knn,"k=5,metric=correlation,max_features=192,x_transform=none,log_target=False",10,0.89212064,0.45231689,0.56410588,-0.052198865
xylose_gL,target_focused,eem_parafac_scores,parafac_rank_selected,weighted_knn,"k=5,metric=correlation,max_features=192,x_transform=l2,log_target=False",10,0.89212064,0.45231689,0.56410588,-0.052198865
xylose_gL,all_known,raman_preprocessed_als_sg0_snv_area,als_sg0_snv_area,weighted_knn,"k=1,metric=correlation,max_features=12,x_transform=none,log_target=False",10,0.89281643,0.40738228,0.38721429,-4.2014797
xylose_gL,all_known,raman_preprocessed_als_sg0_snv_area,als_sg0_snv_area,weighted_knn,"k=1,metric=correlation,max_features=12,x_transform=none,log_target=True",10,0.89281643,0.40738228,0.38721429,-4.2014797
xylose_gL,all_known,raman_preprocessed_als_sg0_snv_area,als_sg0_snv_area,weighted_knn,"k=1,metric=correlation,max_features=12,x_transform=l2,log_target=True",10,0.89281643,0.40738228,0.38721429,-4.2014797
xylose_gL,all_known,raman_preprocessed_als_sg0_snv_area,als_sg0_snv_area,weighted_knn,"k=1,metric=correlation,max_features=12,x_transform=l2,log_target=False",10,0.89281643,0.40738228,0.38721429,-4.2014797
xylose_gL,all_known,parafac_raman_fusion_als_sg2_snv,als_sg2_snv+parafac,weighted_knn,"k=3,metric=correlation,max_features=12,x_transform=l2,log_target=False",10,0.89493629,0.17827794,0.41906226,-1.1463601
xylose_gL,all_known,parafac_raman_fusion_als_sg2_snv,als_sg2_snv+parafac,weighted_knn,"k=3,metric=correlation,max_features=12,x_transform=none,log_target=False",10,0.89493629,0.17827794,0.41906226,-1.1463601
xylose_gL,all_known,eem_parafac_scores,parafac_rank_selected,krr,"kernel=laplacian,alpha=0.01,gamma_scale=2.0,max_features=12,x_transform=none,log_target=False",10,0.89571166,0.21909427,0.42164949,-0.89687939
xylose_gL,all_known,eem_parafac_scores,parafac_rank_selected,krr,"kernel=laplacian,alpha=0.01,gamma_scale=2.0,max_features=48,x_transform=none,log_target=False",10,0.89571166,0.21909427,0.42164949,-0.89687939
xylose_gL,all_known,eem_parafac_scores,parafac_rank_selected,krr,"kernel=laplacian,alpha=0.01,gamma_scale=2.0,max_features=192,x_transform=none,log_target=False",10,0.89571166,0.21909427,0.42164949,-0.89687939
xylose_gL,target_focused,eem_parafac_scores,parafac_rank_selected,weighted_knn,"k=5,metric=correlation,max_features=12,x_transform=none,log_target=True",10,0.89947789,0.45805515,0.54299955,-0.065788912
xylose_gL,target_focused,eem_parafac_scores,parafac_rank_selected,weighted_knn,"k=5,metric=correlation,max_features=12,x_transform=l2,log_target=True",10,0.89947789,0.45805515,0.54299955,-0.065788912
xylose_gL,target_focused,eem_parafac_scores,parafac_rank_selected,weighted_knn,"k=5,metric=correlation,max_features=48,x_transform=none,log_target=True",10,0.89947789,0.45805515,0.54299955,-0.065788912
xylose_gL,target_focused,eem_parafac_scores,parafac_rank_selected,weighted_knn,"k=5,metric=correlation,max_features=48,x_transform=l2,log_target=True",10,0.89947789,0.45805515,0.54299955,-0.065788912
xylose_gL,target_focused,eem_parafac_scores,parafac_rank_selected,weighted_knn,"k=5,metric=correlation,max_features=192,x_transform=none,log_target=True",10,0.89947789,0.45805515,0.54299955,-0.065788912
xylose_gL,target_focused,eem_parafac_scores,parafac_rank_selected,weighted_knn,"k=5,metric=correlation,max_features=192,x_transform=l2,log_target=True",10,0.89947789,0.45805515,0.54299955,-0.065788912
xylose_gL,all_known,parafac_raman_fusion_als_sg0_snv_area,als_sg0_snv_area+parafac,krr,"kernel=rbf,alpha=0.01,gamma_scale=1.0,max_features=12,x_transform=none,log_target=False",10,0.9023143,0.20408785,0.50669441,-1.0174733
xylose_gL,target_focused,eem_parafac_scores,parafac_rank_selected,krr,"kernel=rbf,alpha=0.1,gamma_scale=1.0,max_features=12,x_transform=l2,log_target=True",10,0.90537821,0.45112967,0.57428294,-0.099315609
xylose_gL,target_focused,eem_parafac_scores,parafac_rank_selected,krr,"kernel=laplacian,alpha=0.1,gamma_scale=1.0,max_features=12,x_transform=l2,log_target=True",10,0.90537821,0.45112967,0.57428294,-0.099315609
xylose_gL,target_focused,eem_parafac_scores,parafac_rank_selected,krr,"kernel=rbf,alpha=0.1,gamma_scale=1.0,max_features=48,x_transform=l2,log_target=True",10,0.90537821,0.45112967,0.57428294,-0.099315609
xylose_gL,target_focused,eem_parafac_scores,parafac_rank_selected,krr,"kernel=laplacian,alpha=0.1,gamma_scale=1.0,max_features=48,x_transform=l2,log_target=True",10,0.90537821,0.45112967,0.57428294,-0.099315609
xylose_gL,target_focused,eem_parafac_scores,parafac_rank_selected,krr,"kernel=rbf,alpha=0.1,gamma_scale=1.0,max_features=192,x_transform=l2,log_target=True",10,0.90537821,0.45112967,0.57428294,-0.099315609
xylose_gL,target_focused,eem_parafac_scores,parafac_rank_selected,krr,"kernel=laplacian,alpha=0.1,gamma_scale=1.0,max_features=192,x_transform=l2,log_target=True",10,0.90537821,0.45112967,0.57428294,-0.099315609
xylose_gL,target_focused,eem_parafac_scores,parafac_rank_selected,krr,"kernel=rbf,alpha=0.1,gamma_scale=2.0,max_features=12,x_transform=l2,log_target=True",10,0.90540095,0.45117985,0.57421735,-0.099285754
xylose_gL,target_focused,eem_parafac_scores,parafac_rank_selected,krr,"kernel=laplacian,alpha=0.1,gamma_scale=2.0,max_features=12,x_transform=l2,log_target=True",10,0.90540095,0.45117985,0.57421735,-0.099285754
xylose_gL,target_focused,eem_parafac_scores,parafac_rank_selected,krr,"kernel=rbf,alpha=0.1,gamma_scale=2.0,max_features=48,x_transform=l2,log_target=True",10,0.90540095,0.45117985,0.57421735,-0.099285754
xylose_gL,target_focused,eem_parafac_scores,parafac_rank_selected,krr,"kernel=laplacian,alpha=0.1,gamma_scale=2.0,max_features=48,x_transform=l2,log_target=True",10,0.90540095,0.45117985,0.57421735,-0.099285754
xylose_gL,target_focused,eem_parafac_scores,parafac_rank_selected,krr,"kernel=rbf,alpha=0.1,gamma_scale=2.0,max_features=192,x_transform=l2,log_target=True",10,0.90540095,0.45117985,0.57421735,-0.099285754
xylose_gL,target_focused,eem_parafac_scores,parafac_rank_selected,krr,"kernel=laplacian,alpha=0.1,gamma_scale=2.0,max_features=192,x_transform=l2,log_target=True",10,0.90540095,0.45117985,0.57421735,-0.099285754
xylose_gL,target_focused,eem_parafac_scores,parafac_rank_selected,krr,"kernel=rbf,alpha=0.01,gamma_scale=1.0,max_features=12,x_transform=l2,log_target=True",10,0.90542278,0.45095833,0.57473217,-0.099842811
xylose_gL,target_focused,eem_parafac_scores,parafac_rank_selected,krr,"kernel=laplacian,alpha=0.01,gamma_scale=1.0,max_features=12,x_transform=l2,log_target=True",10,0.90542278,0.45095833,0.57473217,-0.099842811
xylose_gL,target_focused,eem_parafac_scores,parafac_rank_selected,krr,"kernel=rbf,alpha=0.01,gamma_scale=1.0,max_features=48,x_transform=l2,log_target=True",10,0.90542278,0.45095833,0.57473217,-0.099842811
xylose_gL,target_focused,eem_parafac_scores,parafac_rank_selected,krr,"kernel=laplacian,alpha=0.01,gamma_scale=1.0,max_features=48,x_transform=l2,log_target=True",10,0.90542278,0.45095833,0.57473217,-0.099842811
xylose_gL,target_focused,eem_parafac_scores,parafac_rank_selected,krr,"kernel=rbf,alpha=0.01,gamma_scale=1.0,max_features=192,x_transform=l2,log_target=True",10,0.90542278,0.45095833,0.57473217,-0.099842811
xylose_gL,target_focused,eem_parafac_scores,parafac_rank_selected,krr,"kernel=laplacian,alpha=0.01,gamma_scale=1.0,max_features=192,x_transform=l2,log_target=True",10,0.90542278,0.45095833,0.57473217,-0.099842811
xylose_gL,target_focused,eem_parafac_scores,parafac_rank_selected,krr,"kernel=rbf,alpha=0.01,gamma_scale=2.0,max_features=12,x_transform=l2,log_target=True",10,0.90542503,0.4509634,0.57472558,-0.099839601
xylose_gL,target_focused,eem_parafac_scores,parafac_rank_selected,krr,"kernel=laplacian,alpha=0.01,gamma_scale=2.0,max_features=12,x_transform=l2,log_target=True",10,0.90542503,0.4509634,0.57472558,-0.099839601
xylose_gL,target_focused,eem_parafac_scores,parafac_rank_selected,krr,"kernel=rbf,alpha=0.01,gamma_scale=2.0,max_features=48,x_transform=l2,log_target=True",10,0.90542503,0.4509634,0.57472558,-0.099839601
xylose_gL,target_focused,eem_parafac_scores,parafac_rank_selected,krr,"kernel=laplacian,alpha=0.01,gamma_scale=2.0,max_features=48,x_transform=l2,log_target=True",10,0.90542503,0.4509634,0.57472558,-0.099839601
xylose_gL,target_focused,eem_parafac_scores,parafac_rank_selected,krr,"kernel=rbf,alpha=0.01,gamma_scale=2.0,max_features=192,x_transform=l2,log_target=True",10,0.90542503,0.4509634,0.57472558,-0.099839601
xylose_gL,target_focused,eem_parafac_scores,parafac_rank_selected,krr,"kernel=laplacian,alpha=0.01,gamma_scale=2.0,max_features=192,x_transform=l2,log_target=True",10,0.90542503,0.4509634,0.57472558,-0.099839601
xylose_gL,all_known,eem_parafac_scores,parafac_rank_selected,weighted_knn,"k=3,metric=manhattan,max_features=12,x_transform=none,log_target=False",10,0.90697435,0.20478331,0.44573749,-0.99199622
xylose_gL,all_known,eem_parafac_scores,parafac_rank_selected,weighted_knn,"k=3,metric=manhattan,max_features=48,x_transform=none,log_target=False",10,0.90697435,0.20478331,0.44573749,-0.99199622
xylose_gL,all_known,eem_parafac_scores,parafac_rank_selected,weighted_knn,"k=3,metric=manhattan,max_features=192,x_transform=none,log_target=False",10,0.90697435,0.20478331,0.44573749,-0.99199622
xylose_gL,all_known,parafac_raman_fusion_als_sg0_snv_area,als_sg0_snv_area+parafac,weighted_knn,"k=3,metric=correlation,max_features=48,x_transform=none,log_target=False",10,0.91106044,0.1455264,0.4430667,-1.6942648
xylose_gL,all_known,parafac_raman_fusion_als_sg0_snv_area,als_sg0_snv_area+parafac,weighted_knn,"k=3,metric=correlation,max_features=48,x_transform=l2,log_target=False",10,0.91106044,0.1455264,0.4430667,-1.6942648
xylose_gL,all_known,raman_preprocessed_als_sg2_snv,als_sg2_snv,krr,"kernel=rbf,alpha=0.01,gamma_scale=2.0,max_features=12,x_transform=l2,log_target=False",10,0.91561852,0.16148987,0.52413768,-2.5403232
xylose_gL,all_known,parafac_raman_fusion_als_sg2_snv,als_sg2_snv+parafac,weighted_knn,"k=1,metric=manhattan,max_features=192,x_transform=l2,log_target=False",10,0.92218634,0.22770532,0.34781429,-1.6392368
xylose_gL,all_known,parafac_raman_fusion_als_sg2_snv,als_sg2_snv+parafac,weighted_knn,"k=1,metric=manhattan,max_features=192,x_transform=l2,log_target=True",10,0.92218634,0.22770532,0.34781429,-1.6392368
xylose_gL,target_focused,eem_parafac_scores,parafac_rank_selected,weighted_knn,"k=3,metric=correlation,max_features=12,x_transform=none,log_target=False",10,0.92584784,0.46916059,0.51841176,-0.14082455
xylose_gL,target_focused,eem_parafac_scores,parafac_rank_selected,weighted_knn,"k=3,metric=correlation,max_features=12,x_transform=l2,log_target=False",10,0.92584784,0.46916059,0.51841176,-0.14082455
xylose_gL,target_focused,eem_parafac_scores,parafac_rank_selected,weighted_knn,"k=3,metric=correlation,max_features=48,x_transform=none,log_target=False",10,0.92584784,0.46916059,0.51841176,-0.14082455
xylose_gL,target_focused,eem_parafac_scores,parafac_rank_selected,weighted_knn,"k=3,metric=correlation,max_features=48,x_transform=l2,log_target=False",10,0.92584784,0.46916059,0.51841176,-0.14082455
xylose_gL,target_focused,eem_parafac_scores,parafac_rank_selected,weighted_knn,"k=3,metric=correlation,max_features=192,x_transform=none,log_target=False",10,0.92584784,0.46916059,0.51841176,-0.14082455
xylose_gL,target_focused,eem_parafac_scores,parafac_rank_selected,weighted_knn,"k=3,metric=correlation,max_features=192,x_transform=l2,log_target=False",10,0.92584784,0.46916059,0.51841176,-0.14082455
xylose_gL,all_known,raman_preprocessed_als_sg2_snv,als_sg2_snv,weighted_knn,"k=1,metric=manhattan,max_features=192,x_transform=none,log_target=True",10,0.92600566,0.27310139,0.35802857,-3.5205764
xylose_gL,all_known,raman_preprocessed_als_sg2_snv,als_sg2_snv,weighted_knn,"k=1,metric=manhattan,max_features=192,x_transform=none,log_target=False",10,0.92600566,0.27310139,0.35802857,-3.5205764
xylose_gL,target_focused,eem_parafac_scores,parafac_rank_selected,weighted_knn,"k=3,metric=correlation,max_features=12,x_transform=none,log_target=True",10,0.93313776,0.46962136,0.50675253,-0.16206639
xylose_gL,target_focused,eem_parafac_scores,parafac_rank_selected,weighted_knn,"k=3,metric=correlation,max_features=12,x_transform=l2,log_target=True",10,0.93313776,0.46962136,0.50675253,-0.16206639
xylose_gL,target_focused,eem_parafac_scores,parafac_rank_selected,weighted_knn,"k=3,metric=correlation,max_features=48,x_transform=none,log_target=True",10,0.93313776,0.46962136,0.50675253,-0.16206639
xylose_gL,target_focused,eem_parafac_scores,parafac_rank_selected,weighted_knn,"k=3,metric=correlation,max_features=48,x_transform=l2,log_target=True",10,0.93313776,0.46962136,0.50675253,-0.16206639
xylose_gL,target_focused,eem_parafac_scores,parafac_rank_selected,weighted_knn,"k=3,metric=correlation,max_features=192,x_transform=none,log_target=True",10,0.93313776,0.46962136,0.50675253,-0.16206639
xylose_gL,target_focused,eem_parafac_scores,parafac_rank_selected,weighted_knn,"k=3,metric=correlation,max_features=192,x_transform=l2,log_target=True",10,0.93313776,0.46962136,0.50675253,-0.16206639
xylose_gL,all_known,raman_preprocessed_als_sg0_snv_area,als_sg0_snv_area,weighted_knn,"k=1,metric=manhattan,max_features=12,x_transform=l2,log_target=False",10,0.93763527,0.29495537,0.38674286,-2.7545909
xylose_gL,all_known,raman_preprocessed_als_sg0_snv_area,als_sg0_snv_area,weighted_knn,"k=1,metric=manhattan,max_features=12,x_transform=l2,log_target=True",10,0.93763527,0.29495537,0.38674286,-2.7545909
xylose_gL,all_known,parafac_raman_fusion_als_sg0_snv_area,als_sg0_snv_area+parafac,weighted_knn,"k=1,metric=manhattan,max_features=12,x_transform=none,log_target=False",10,0.93777089,0.24127659,0.36875714,-1.9047956
xylose_gL,all_known,parafac_raman_fusion_als_sg0_snv_area,als_sg0_snv_area+parafac,weighted_knn,"k=1,metric=manhattan,max_features=12,x_transform=none,log_target=True",10,0.93777089,0.24127659,0.36875714,-1.9047956
xylose_gL,all_known,parafac_raman_fusion_als_sg0_snv_area,als_sg0_snv_area+parafac,krr,"kernel=rbf,alpha=0.01,gamma_scale=2.0,max_features=12,x_transform=l2,log_target=False",10,0.94664353,0.15594433,0.52402243,-1.6155642
xylose_gL,target_focused,eem_parafac_scores,parafac_rank_selected,krr,"kernel=rbf,alpha=0.1,gamma_scale=1.0,max_features=12,x_transform=none,log_target=True",10,0.94823219,0.41778038,0.59832094,-0.32330244
xylose_gL,target_focused,eem_parafac_scores,parafac_rank_selected,krr,"kernel=rbf,alpha=0.1,gamma_scale=1.0,max_features=48,x_transform=none,log_target=True",10,0.94823219,0.41778038,0.59832094,-0.32330244
xylose_gL,target_focused,eem_parafac_scores,parafac_rank_selected,krr,"kernel=rbf,alpha=0.1,gamma_scale=1.0,max_features=192,x_transform=none,log_target=True",10,0.94823219,0.41778038,0.59832094,-0.32330244
xylose_gL,target_focused,eem_parafac_scores,parafac_rank_selected,krr,"kernel=rbf,alpha=0.1,gamma_scale=2.0,max_features=12,x_transform=l2,log_target=False",10,0.94832667,0.40187421,0.65865805,-0.38472094
xylose_gL,target_focused,eem_parafac_scores,parafac_rank_selected,krr,"kernel=laplacian,alpha=0.1,gamma_scale=2.0,max_features=12,x_transform=l2,log_target=False",10,0.94832667,0.40187421,0.65865805,-0.38472094
xylose_gL,target_focused,eem_parafac_scores,parafac_rank_selected,krr,"kernel=rbf,alpha=0.1,gamma_scale=2.0,max_features=48,x_transform=l2,log_target=False",10,0.94832667,0.40187421,0.65865805,-0.38472094
xylose_gL,target_focused,eem_parafac_scores,parafac_rank_selected,krr,"kernel=laplacian,alpha=0.1,gamma_scale=2.0,max_features=48,x_transform=l2,log_target=False",10,0.94832667,0.40187421,0.65865805,-0.38472094
xylose_gL,target_focused,eem_parafac_scores,parafac_rank_selected,krr,"kernel=rbf,alpha=0.1,gamma_scale=2.0,max_features=192,x_transform=l2,log_target=False",10,0.94832667,0.40187421,0.65865805,-0.38472094
xylose_gL,target_focused,eem_parafac_scores,parafac_rank_selected,krr,"kernel=laplacian,alpha=0.1,gamma_scale=2.0,max_features=192,x_transform=l2,log_target=False",10,0.94832667,0.40187421,0.65865805,-0.38472094
xylose_gL,target_focused,eem_parafac_scores,parafac_rank_selected,krr,"kernel=rbf,alpha=0.1,gamma_scale=1.0,max_features=12,x_transform=l2,log_target=False",10,0.94834815,0.40176153,0.65876491,-0.38511359
xylose_gL,target_focused,eem_parafac_scores,parafac_rank_selected,krr,"kernel=laplacian,alpha=0.1,gamma_scale=1.0,max_features=12,x_transform=l2,log_target=False",10,0.94834815,0.40176153,0.65876491,-0.38511359
xylose_gL,target_focused,eem_parafac_scores,parafac_rank_selected,krr,"kernel=rbf,alpha=0.1,gamma_scale=1.0,max_features=48,x_transform=l2,log_target=False",10,0.94834815,0.40176153,0.65876491,-0.38511359
xylose_gL,target_focused,eem_parafac_scores,parafac_rank_selected,krr,"kernel=laplacian,alpha=0.1,gamma_scale=1.0,max_features=48,x_transform=l2,log_target=False",10,0.94834815,0.40176153,0.65876491,-0.38511359
xylose_gL,target_focused,eem_parafac_scores,parafac_rank_selected,krr,"kernel=rbf,alpha=0.1,gamma_scale=1.0,max_features=192,x_transform=l2,log_target=False",10,0.94834815,0.40176153,0.65876491,-0.38511359
xylose_gL,target_focused,eem_parafac_scores,parafac_rank_selected,krr,"kernel=laplacian,alpha=0.1,gamma_scale=1.0,max_features=192,x_transform=l2,log_target=False",10,0.94834815,0.40176153,0.65876491,-0.38511359
xylose_gL,target_focused,eem_parafac_scores,parafac_rank_selected,krr,"kernel=rbf,alpha=0.01,gamma_scale=2.0,max_features=12,x_transform=l2,log_target=False",10,0.94890554,0.40137337,0.65947056,-0.38847651
xylose_gL,target_focused,eem_parafac_scores,parafac_rank_selected,krr,"kernel=laplacian,alpha=0.01,gamma_scale=2.0,max_features=12,x_transform=l2,log_target=False",10,0.94890554,0.40137337,0.65947056,-0.38847651
xylose_gL,target_focused,eem_parafac_scores,parafac_rank_selected,krr,"kernel=rbf,alpha=0.01,gamma_scale=2.0,max_features=48,x_transform=l2,log_target=False",10,0.94890554,0.40137337,0.65947056,-0.38847651
xylose_gL,target_focused,eem_parafac_scores,parafac_rank_selected,krr,"kernel=laplacian,alpha=0.01,gamma_scale=2.0,max_features=48,x_transform=l2,log_target=False",10,0.94890554,0.40137337,0.65947056,-0.38847651
xylose_gL,target_focused,eem_parafac_scores,parafac_rank_selected,krr,"kernel=rbf,alpha=0.01,gamma_scale=2.0,max_features=192,x_transform=l2,log_target=False",10,0.94890554,0.40137337,0.65947056,-0.38847651
xylose_gL,target_focused,eem_parafac_scores,parafac_rank_selected,krr,"kernel=laplacian,alpha=0.01,gamma_scale=2.0,max_features=192,x_transform=l2,log_target=False",10,0.94890554,0.40137337,0.65947056,-0.38847651
xylose_gL,target_focused,eem_parafac_scores,parafac_rank_selected,krr,"kernel=rbf,alpha=0.01,gamma_scale=1.0,max_features=12,x_transform=l2,log_target=False",10,0.94890773,0.40136201,0.6594813,-0.38851626
xylose_gL,target_focused,eem_parafac_scores,parafac_rank_selected,krr,"kernel=laplacian,alpha=0.01,gamma_scale=1.0,max_features=12,x_transform=l2,log_target=False",10,0.94890773,0.40136201,0.6594813,-0.38851626
xylose_gL,target_focused,eem_parafac_scores,parafac_rank_selected,krr,"kernel=rbf,alpha=0.01,gamma_scale=1.0,max_features=48,x_transform=l2,log_target=False",10,0.94890773,0.40136201,0.6594813,-0.38851626
xylose_gL,target_focused,eem_parafac_scores,parafac_rank_selected,krr,"kernel=laplacian,alpha=0.01,gamma_scale=1.0,max_features=48,x_transform=l2,log_target=False",10,0.94890773,0.40136201,0.6594813,-0.38851626
xylose_gL,target_focused,eem_parafac_scores,parafac_rank_selected,krr,"kernel=rbf,alpha=0.01,gamma_scale=1.0,max_features=192,x_transform=l2,log_target=False",10,0.94890773,0.40136201,0.6594813,-0.38851626
xylose_gL,target_focused,eem_parafac_scores,parafac_rank_selected,krr,"kernel=laplacian,alpha=0.01,gamma_scale=1.0,max_features=192,x_transform=l2,log_target=False",10,0.94890773,0.40136201,0.6594813,-0.38851626
xylose_gL,all_known,raman_preprocessed_als_sg0_snv_area,als_sg0_snv_area,weighted_knn,"k=1,metric=manhattan,max_features=48,x_transform=l2,log_target=False",10,0.95211017,0.33611702,0.40925714,-1.8876833
xylose_gL,all_known,raman_preprocessed_als_sg0_snv_area,als_sg0_snv_area,weighted_knn,"k=1,metric=manhattan,max_features=48,x_transform=l2,log_target=True",10,0.95211017,0.33611702,0.40925714,-1.8876833
xylose_gL,all_known,raman_preprocessed_als_sg2_snv,als_sg2_snv,weighted_knn,"k=1,metric=manhattan,max_features=12,x_transform=l2,log_target=True",10,0.95576762,0.27333072,0.40471429,-2.1953424
xylose_gL,all_known,raman_preprocessed_als_sg2_snv,als_sg2_snv,weighted_knn,"k=1,metric=manhattan,max_features=12,x_transform=l2,log_target=False",10,0.95576762,0.27333072,0.40471429,-2.1953424
xylose_gL,all_known,parafac_raman_fusion_als_sg2_snv,als_sg2_snv+parafac,krr,"kernel=rbf,alpha=0.01,gamma_scale=2.0,max_features=12,x_transform=l2,log_target=False",10,0.96269121,0.17259391,0.52586091,-1.5067293
xylose_gL,target_focused,eem_parafac_scores,parafac_rank_selected,krr,"kernel=rbf,alpha=0.1,gamma_scale=2.0,max_features=12,x_transform=none,log_target=True",10,0.96788508,0.41138279,0.61042357,-0.41789795
xylose_gL,target_focused,eem_parafac_scores,parafac_rank_selected,krr,"kernel=rbf,alpha=0.1,gamma_scale=2.0,max_features=48,x_transform=none,log_target=True",10,0.96788508,0.41138279,0.61042357,-0.41789795
xylose_gL,target_focused,eem_parafac_scores,parafac_rank_selected,krr,"kernel=rbf,alpha=0.1,gamma_scale=2.0,max_features=192,x_transform=none,log_target=True",10,0.96788508,0.41138279,0.61042357,-0.41789795
xylose_gL,all_known,parafac_raman_fusion_als_sg2_snv,als_sg2_snv+parafac,weighted_knn,"k=1,metric=manhattan,max_features=12,x_transform=none,log_target=False",10,0.97021628,0.25754225,0.38838571,-2.095702
xylose_gL,all_known,parafac_raman_fusion_als_sg2_snv,als_sg2_snv+parafac,weighted_knn,"k=1,metric=manhattan,max_features=12,x_transform=none,log_target=True",10,0.97021628,0.25754225,0.38838571,-2.095702
xylose_gL,all_known,parafac_raman_fusion_als_sg2_snv,als_sg2_snv+parafac,weighted_knn,"k=1,metric=manhattan,max_features=48,x_transform=l2,log_target=False",10,0.97044346,0.27397156,0.35724286,-2.9246667
xylose_gL,all_known,parafac_raman_fusion_als_sg2_snv,als_sg2_snv+parafac,weighted_knn,"k=1,metric=manhattan,max_features=48,x_transform=l2,log_target=True",10,0.97044346,0.27397156,0.35724286,-2.9246667
xylose_gL,target_focused,eem_parafac_scores,parafac_rank_selected,weighted_knn,"k=1,metric=correlation,max_features=12,x_transform=none,log_target=False",10,0.97380016,0.45255323,0.49247059,-0.34090815
xylose_gL,target_focused,eem_parafac_scores,parafac_rank_selected,weighted_knn,"k=1,metric=correlation,max_features=12,x_transform=none,log_target=True",10,0.97380016,0.45255323,0.49247059,-0.34090815
xylose_gL,target_focused,eem_parafac_scores,parafac_rank_selected,weighted_knn,"k=1,metric=correlation,max_features=12,x_transform=l2,log_target=False",10,0.97380016,0.45255323,0.49247059,-0.34090815
xylose_gL,target_focused,eem_parafac_scores,parafac_rank_selected,weighted_knn,"k=1,metric=correlation,max_features=12,x_transform=l2,log_target=True",10,0.97380016,0.45255323,0.49247059,-0.34090815
xylose_gL,target_focused,eem_parafac_scores,parafac_rank_selected,weighted_knn,"k=1,metric=correlation,max_features=48,x_transform=none,log_target=False",10,0.97380016,0.45255323,0.49247059,-0.34090815
xylose_gL,target_focused,eem_parafac_scores,parafac_rank_selected,weighted_knn,"k=1,metric=correlation,max_features=48,x_transform=none,log_target=True",10,0.97380016,0.45255323,0.49247059,-0.34090815
xylose_gL,target_focused,eem_parafac_scores,parafac_rank_selected,weighted_knn,"k=1,metric=correlation,max_features=48,x_transform=l2,log_target=False",10,0.97380016,0.45255323,0.49247059,-0.34090815
xylose_gL,target_focused,eem_parafac_scores,parafac_rank_selected,weighted_knn,"k=1,metric=correlation,max_features=48,x_transform=l2,log_target=True",10,0.97380016,0.45255323,0.49247059,-0.34090815
xylose_gL,target_focused,eem_parafac_scores,parafac_rank_selected,weighted_knn,"k=1,metric=correlation,max_features=192,x_transform=none,log_target=False",10,0.97380016,0.45255323,0.49247059,-0.34090815
xylose_gL,target_focused,eem_parafac_scores,parafac_rank_selected,weighted_knn,"k=1,metric=correlation,max_features=192,x_transform=none,log_target=True",10,0.97380016,0.45255323,0.49247059,-0.34090815
xylose_gL,target_focused,eem_parafac_scores,parafac_rank_selected,weighted_knn,"k=1,metric=correlation,max_features=192,x_transform=l2,log_target=False",10,0.97380016,0.45255323,0.49247059,-0.34090815
xylose_gL,target_focused,eem_parafac_scores,parafac_rank_selected,weighted_knn,"k=1,metric=correlation,max_features=192,x_transform=l2,log_target=True",10,0.97380016,0.45255323,0.49247059,-0.34090815
xylose_gL,all_known,parafac_raman_fusion_als_sg2_snv,als_sg2_snv+parafac,weighted_knn,"k=3,metric=manhattan,max_features=12,x_transform=l2,log_target=False",10,0.97534289,0.1685725,0.44654245,-1.6458738
xylose_gL,target_focused,eem_parafac_scores,parafac_rank_selected,weighted_knn,"k=5,metric=manhattan,max_features=12,x_transform=l2,log_target=True",10,0.97594508,0.41574289,0.6292301,-0.42229038
xylose_gL,target_focused,eem_parafac_scores,parafac_rank_selected,weighted_knn,"k=5,metric=manhattan,max_features=48,x_transform=l2,log_target=True",10,0.97594508,0.41574289,0.6292301,-0.42229038
xylose_gL,target_focused,eem_parafac_scores,parafac_rank_selected,weighted_knn,"k=5,metric=manhattan,max_features=192,x_transform=l2,log_target=True",10,0.97594508,0.41574289,0.6292301,-0.42229038
xylose_gL,target_focused,eem_parafac_scores,parafac_rank_selected,krr,"kernel=rbf,alpha=0.01,gamma_scale=1.0,max_features=12,x_transform=none,log_target=True",10,0.97853539,0.39251543,0.61515151,-0.53887084
xylose_gL,target_focused,eem_parafac_scores,parafac_rank_selected,krr,"kernel=rbf,alpha=0.01,gamma_scale=1.0,max_features=48,x_transform=none,log_target=True",10,0.97853539,0.39251543,0.61515151,-0.53887084
xylose_gL,target_focused,eem_parafac_scores,parafac_rank_selected,krr,"kernel=rbf,alpha=0.01,gamma_scale=1.0,max_features=192,x_transform=none,log_target=True",10,0.97853539,0.39251543,0.61515151,-0.53887084
xylose_gL,all_known,raman_preprocessed_als_sg2_snv,als_sg2_snv,weighted_knn,"k=1,metric=correlation,max_features=12,x_transform=none,log_target=True",10,0.97932701,0.21313385,0.41311429,-2.3836331
xylose_gL,all_known,raman_preprocessed_als_sg2_snv,als_sg2_snv,weighted_knn,"k=1,metric=correlation,max_features=12,x_transform=none,log_target=False",10,0.97932701,0.21313385,0.41311429,-2.3836331
xylose_gL,all_known,raman_preprocessed_als_sg2_snv,als_sg2_snv,weighted_knn,"k=1,metric=correlation,max_features=12,x_transform=l2,log_target=False",10,0.97932701,0.21313385,0.41311429,-2.3836331
xylose_gL,all_known,raman_preprocessed_als_sg2_snv,als_sg2_snv,weighted_knn,"k=1,metric=correlation,max_features=12,x_transform=l2,log_target=True",10,0.97932701,0.21313385,0.41311429,-2.3836331
xylose_gL,all_known,raman_preprocessed_als_sg2_snv,als_sg2_snv,krr,"kernel=rbf,alpha=0.01,gamma_scale=1.0,max_features=12,x_transform=l2,log_target=False",10,0.98227128,0.15878904,0.6226138,-3.2264841
xylose_gL,target_focused,eem_parafac_scores,parafac_rank_selected,krr,"kernel=laplacian,alpha=0.1,gamma_scale=1.0,max_features=12,x_transform=none,log_target=True",10,1.0050688,0.41197911,0.62600381,-0.57651902
xylose_gL,target_focused,eem_parafac_scores,parafac_rank_selected,krr,"kernel=laplacian,alpha=0.1,gamma_scale=1.0,max_features=48,x_transform=none,log_target=True",10,1.0050688,0.41197911,0.62600381,-0.57651902
xylose_gL,target_focused,eem_parafac_scores,parafac_rank_selected,krr,"kernel=laplacian,alpha=0.1,gamma_scale=1.0,max_features=192,x_transform=none,log_target=True",10,1.0050688,0.41197911,0.62600381,-0.57651902
xylose_gL,all_known,parafac_raman_fusion_als_sg2_snv,als_sg2_snv+parafac,weighted_knn,"k=1,metric=manhattan,max_features=192,x_transform=none,log_target=False",10,1.0094442,0.18730065,0.36552857,-2.9350333
xylose_gL,all_known,parafac_raman_fusion_als_sg2_snv,als_sg2_snv+parafac,weighted_knn,"k=1,metric=manhattan,max_features=192,x_transform=none,log_target=True",10,1.0094442,0.18730065,0.36552857,-2.9350333
xylose_gL,target_focused,eem_parafac_scores,parafac_rank_selected,krr,"kernel=rbf,alpha=0.1,gamma_scale=1.0,max_features=12,x_transform=none,log_target=False",10,1.0154192,0.34754805,0.70214681,-0.8417901
xylose_gL,target_focused,eem_parafac_scores,parafac_rank_selected,krr,"kernel=rbf,alpha=0.1,gamma_scale=1.0,max_features=48,x_transform=none,log_target=False",10,1.0154192,0.34754805,0.70214681,-0.8417901
xylose_gL,target_focused,eem_parafac_scores,parafac_rank_selected,krr,"kernel=rbf,alpha=0.1,gamma_scale=1.0,max_features=192,x_transform=none,log_target=False",10,1.0154192,0.34754805,0.70214681,-0.8417901
xylose_gL,all_known,eem_parafac_scores,parafac_rank_selected,weighted_knn,"k=1,metric=manhattan,max_features=12,x_transform=none,log_target=False",10,1.0194562,0.21916404,0.45821429,-2.1377718
xylose_gL,all_known,eem_parafac_scores,parafac_rank_selected,weighted_knn,"k=1,metric=manhattan,max_features=12,x_transform=none,log_target=True",10,1.0194562,0.21916404,0.45821429,-2.1377718
xylose_gL,all_known,eem_parafac_scores,parafac_rank_selected,weighted_knn,"k=1,metric=manhattan,max_features=48,x_transform=none,log_target=False",10,1.0194562,0.21916404,0.45821429,-2.1377718
xylose_gL,all_known,eem_parafac_scores,parafac_rank_selected,weighted_knn,"k=1,metric=manhattan,max_features=48,x_transform=none,log_target=True",10,1.0194562,0.21916404,0.45821429,-2.1377718
xylose_gL,all_known,eem_parafac_scores,parafac_rank_selected,weighted_knn,"k=1,metric=manhattan,max_features=192,x_transform=none,log_target=False",10,1.0194562,0.21916404,0.45821429,-2.1377718
xylose_gL,all_known,eem_parafac_scores,parafac_rank_selected,weighted_knn,"k=1,metric=manhattan,max_features=192,x_transform=none,log_target=True",10,1.0194562,0.21916404,0.45821429,-2.1377718
xylose_gL,all_known,parafac_raman_fusion_als_sg0_snv_area,als_sg0_snv_area+parafac,krr,"kernel=rbf,alpha=0.01,gamma_scale=1.0,max_features=12,x_transform=l2,log_target=False",10,1.0343328,0.14833111,0.63592803,-2.4039934
xylose_gL,all_known,parafac_raman_fusion_als_sg2_snv,als_sg2_snv+parafac,weighted_knn,"k=1,metric=correlation,max_features=48,x_transform=none,log_target=False",10,1.0392103,0.26232678,0.39728571,-2.6676332
xylose_gL,all_known,parafac_raman_fusion_als_sg2_snv,als_sg2_snv+parafac,weighted_knn,"k=1,metric=correlation,max_features=48,x_transform=none,log_target=True",10,1.0392103,0.26232678,0.39728571,-2.6676332
xylose_gL,all_known,parafac_raman_fusion_als_sg2_snv,als_sg2_snv+parafac,weighted_knn,"k=1,metric=correlation,max_features=48,x_transform=l2,log_target=False",10,1.0392103,0.26232678,0.39728571,-2.6676332
xylose_gL,all_known,parafac_raman_fusion_als_sg2_snv,als_sg2_snv+parafac,weighted_knn,"k=1,metric=correlation,max_features=48,x_transform=l2,log_target=True",10,1.0392103,0.26232678,0.39728571,-2.6676332
xylose_gL,target_focused,eem_parafac_scores,parafac_rank_selected,krr,"kernel=laplacian,alpha=0.1,gamma_scale=2.0,max_features=12,x_transform=none,log_target=True",10,1.0400533,0.40093344,0.64505456,-0.78385018
xylose_gL,target_focused,eem_parafac_scores,parafac_rank_selected,krr,"kernel=laplacian,alpha=0.1,gamma_scale=2.0,max_features=48,x_transform=none,log_target=True",10,1.0400533,0.40093344,0.64505456,-0.78385018
xylose_gL,target_focused,eem_parafac_scores,parafac_rank_selected,krr,"kernel=laplacian,alpha=0.1,gamma_scale=2.0,max_features=192,x_transform=none,log_target=True",10,1.0400533,0.40093344,0.64505456,-0.78385018
xylose_gL,all_known,parafac_raman_fusion_als_sg0_snv_area,als_sg0_snv_area+parafac,weighted_knn,"k=1,metric=manhattan,max_features=48,x_transform=l2,log_target=False",10,1.0426856,0.35221565,0.43271429,-2.9766858
xylose_gL,all_known,parafac_raman_fusion_als_sg0_snv_area,als_sg0_snv_area+parafac,weighted_knn,"k=1,metric=manhattan,max_features=48,x_transform=l2,log_target=True",10,1.0426856,0.35221565,0.43271429,-2.9766858
xylose_gL,target_focused,eem_parafac_scores,parafac_rank_selected,krr,"kernel=rbf,alpha=0.01,gamma_scale=1.0,max_features=12,x_transform=none,log_target=False",10,1.0475263,0.32447341,0.71679498,-1.1264269
xylose_gL,target_focused,eem_parafac_scores,parafac_rank_selected,krr,"kernel=rbf,alpha=0.01,gamma_scale=1.0,max_features=48,x_transform=none,log_target=False",10,1.0475263,0.32447341,0.71679498,-1.1264269
xylose_gL,target_focused,eem_parafac_scores,parafac_rank_selected,krr,"kernel=rbf,alpha=0.01,gamma_scale=1.0,max_features=192,x_transform=none,log_target=False",10,1.0475263,0.32447341,0.71679498,-1.1264269
xylose_gL,all_known,raman_preprocessed_als_sg0_snv_area,als_sg0_snv_area,weighted_knn,"k=1,metric=manhattan,max_features=192,x_transform=none,log_target=False",10,1.0490931,0.29334682,0.45024286,-3.9951188
xylose_gL,all_known,raman_preprocessed_als_sg0_snv_area,als_sg0_snv_area,weighted_knn,"k=1,metric=manhattan,max_features=192,x_transform=none,log_target=True",10,1.0490931,0.29334682,0.45024286,-3.9951188
xylose_gL,all_known,parafac_raman_fusion_als_sg2_snv,als_sg2_snv+parafac,krr,"kernel=rbf,alpha=0.01,gamma_scale=1.0,max_features=12,x_transform=l2,log_target=False",10,1.050328,0.15066649,0.64276613,-2.2900849
xylose_gL,target_focused,eem_parafac_scores,parafac_rank_selected,krr,"kernel=rbf,alpha=0.1,gamma_scale=2.0,max_features=12,x_transform=none,log_target=False",10,1.05281,0.33446969,0.72179032,-1.0846465
xylose_gL,target_focused,eem_parafac_scores,parafac_rank_selected,krr,"kernel=rbf,alpha=0.1,gamma_scale=2.0,max_features=48,x_transform=none,log_target=False",10,1.05281,0.33446969,0.72179032,-1.0846465
xylose_gL,target_focused,eem_parafac_scores,parafac_rank_selected,krr,"kernel=rbf,alpha=0.1,gamma_scale=2.0,max_features=192,x_transform=none,log_target=False",10,1.05281,0.33446969,0.72179032,-1.0846465
xylose_gL,all_known,parafac_raman_fusion_als_sg0_snv_area,als_sg0_snv_area+parafac,weighted_knn,"k=1,metric=manhattan,max_features=12,x_transform=l2,log_target=False",10,1.0613212,0.30595371,0.42421429,-2.5297835
xylose_gL,all_known,parafac_raman_fusion_als_sg0_snv_area,als_sg0_snv_area+parafac,weighted_knn,"k=1,metric=manhattan,max_features=12,x_transform=l2,log_target=True",10,1.0613212,0.30595371,0.42421429,-2.5297835
xylose_gL,target_focused,eem_parafac_scores,parafac_rank_selected,krr,"kernel=rbf,alpha=0.01,gamma_scale=2.0,max_features=12,x_transform=none,log_target=True",10,1.0702908,0.35709978,0.64729237,-1.4956427
xylose_gL,target_focused,eem_parafac_scores,parafac_rank_selected,krr,"kernel=rbf,alpha=0.01,gamma_scale=2.0,max_features=48,x_transform=none,log_target=True",10,1.0702908,0.35709978,0.64729237,-1.4956427
xylose_gL,target_focused,eem_parafac_scores,parafac_rank_selected,krr,"kernel=rbf,alpha=0.01,gamma_scale=2.0,max_features=192,x_transform=none,log_target=True",10,1.0702908,0.35709978,0.64729237,-1.4956427
xylose_gL,target_focused,eem_parafac_scores,parafac_rank_selected,weighted_knn,"k=5,metric=manhattan,max_features=12,x_transform=none,log_target=True",10,1.0788977,0.40010784,0.69227091,-0.99059958
xylose_gL,target_focused,eem_parafac_scores,parafac_rank_selected,weighted_knn,"k=5,metric=manhattan,max_features=48,x_transform=none,log_target=True",10,1.0788977,0.40010784,0.69227091,-0.99059958
xylose_gL,target_focused,eem_parafac_scores,parafac_rank_selected,weighted_knn,"k=5,metric=manhattan,max_features=192,x_transform=none,log_target=True",10,1.0788977,0.40010784,0.69227091,-0.99059958
xylose_gL,target_focused,eem_parafac_scores,parafac_rank_selected,weighted_knn,"k=3,metric=manhattan,max_features=12,x_transform=l2,log_target=True",10,1.0953199,0.37025809,0.69478394,-1.1397833
xylose_gL,target_focused,eem_parafac_scores,parafac_rank_selected,weighted_knn,"k=3,metric=manhattan,max_features=48,x_transform=l2,log_target=True",10,1.0953199,0.37025809,0.69478394,-1.1397833
xylose_gL,target_focused,eem_parafac_scores,parafac_rank_selected,weighted_knn,"k=3,metric=manhattan,max_features=192,x_transform=l2,log_target=True",10,1.0953199,0.37025809,0.69478394,-1.1397833
xylose_gL,all_known,parafac_raman_fusion_als_sg0_snv_area,als_sg0_snv_area+parafac,weighted_knn,"k=1,metric=correlation,max_features=48,x_transform=none,log_target=False",10,1.1004408,0.30829409,0.44298571,-2.2498836
xylose_gL,all_known,parafac_raman_fusion_als_sg0_snv_area,als_sg0_snv_area+parafac,weighted_knn,"k=1,metric=correlation,max_features=48,x_transform=none,log_target=True",10,1.1004408,0.30829409,0.44298571,-2.2498836
xylose_gL,all_known,parafac_raman_fusion_als_sg0_snv_area,als_sg0_snv_area+parafac,weighted_knn,"k=1,metric=correlation,max_features=48,x_transform=l2,log_target=False",10,1.1004408,0.30829409,0.44298571,-2.2498836
xylose_gL,all_known,parafac_raman_fusion_als_sg0_snv_area,als_sg0_snv_area+parafac,weighted_knn,"k=1,metric=correlation,max_features=48,x_transform=l2,log_target=True",10,1.1004408,0.30829409,0.44298571,-2.2498836
xylose_gL,all_known,raman_preprocessed_als_sg2_snv,als_sg2_snv,weighted_knn,"k=1,metric=correlation,max_features=48,x_transform=none,log_target=False",10,1.1045671,0.23312636,0.43685714,-4.568782
xylose_gL,all_known,raman_preprocessed_als_sg2_snv,als_sg2_snv,weighted_knn,"k=1,metric=correlation,max_features=48,x_transform=none,log_target=True",10,1.1045671,0.23312636,0.43685714,-4.568782
xylose_gL,all_known,raman_preprocessed_als_sg2_snv,als_sg2_snv,weighted_knn,"k=1,metric=correlation,max_features=48,x_transform=l2,log_target=False",10,1.1045671,0.23312636,0.43685714,-4.568782
xylose_gL,all_known,raman_preprocessed_als_sg2_snv,als_sg2_snv,weighted_knn,"k=1,metric=correlation,max_features=48,x_transform=l2,log_target=True",10,1.1045671,0.23312636,0.43685714,-4.568782
xylose_gL,all_known,parafac_raman_fusion_als_sg0_snv_area,als_sg0_snv_area+parafac,weighted_knn,"k=1,metric=correlation,max_features=12,x_transform=none,log_target=False",10,1.1088381,0.22563993,0.43265714,-3.7982661
xylose_gL,all_known,parafac_raman_fusion_als_sg0_snv_area,als_sg0_snv_area+parafac,weighted_knn,"k=1,metric=correlation,max_features=12,x_transform=none,log_target=True",10,1.1088381,0.22563993,0.43265714,-3.7982661
xylose_gL,all_known,parafac_raman_fusion_als_sg0_snv_area,als_sg0_snv_area+parafac,weighted_knn,"k=1,metric=correlation,max_features=12,x_transform=l2,log_target=False",10,1.1088381,0.22563993,0.43265714,-3.7982661
xylose_gL,all_known,parafac_raman_fusion_als_sg0_snv_area,als_sg0_snv_area+parafac,weighted_knn,"k=1,metric=correlation,max_features=12,x_transform=l2,log_target=True",10,1.1088381,0.22563993,0.43265714,-3.7982661
xylose_gL,target_focused,eem_parafac_scores,parafac_rank_selected,krr,"kernel=laplacian,alpha=0.1,gamma_scale=1.0,max_features=12,x_transform=none,log_target=False",10,1.1211536,0.35189098,0.74623285,-1.4060714
xylose_gL,target_focused,eem_parafac_scores,parafac_rank_selected,krr,"kernel=laplacian,alpha=0.1,gamma_scale=1.0,max_features=48,x_transform=none,log_target=False",10,1.1211536,0.35189098,0.74623285,-1.4060714
xylose_gL,target_focused,eem_parafac_scores,parafac_rank_selected,krr,"kernel=laplacian,alpha=0.1,gamma_scale=1.0,max_features=192,x_transform=none,log_target=False",10,1.1211536,0.35189098,0.74623285,-1.4060714
xylose_gL,all_known,raman_preprocessed_als_sg2_snv,als_sg2_snv,weighted_knn,"k=1,metric=manhattan,max_features=48,x_transform=l2,log_target=False",10,1.1250442,0.29977688,0.45092857,-4.1032279
xylose_gL,all_known,raman_preprocessed_als_sg2_snv,als_sg2_snv,weighted_knn,"k=1,metric=manhattan,max_features=48,x_transform=l2,log_target=True",10,1.1250442,0.29977688,0.45092857,-4.1032279
xylose_gL,target_focused,eem_parafac_scores,parafac_rank_selected,weighted_knn,"k=5,metric=manhattan,max_features=12,x_transform=l2,log_target=False",10,1.1251031,0.31939639,0.79187059,-1.4132318
xylose_gL,target_focused,eem_parafac_scores,parafac_rank_selected,weighted_knn,"k=5,metric=manhattan,max_features=48,x_transform=l2,log_target=False",10,1.1251031,0.31939639,0.79187059,-1.4132318
xylose_gL,target_focused,eem_parafac_scores,parafac_rank_selected,weighted_knn,"k=5,metric=manhattan,max_features=192,x_transform=l2,log_target=False",10,1.1251031,0.31939639,0.79187059,-1.4132318
xylose_gL,target_focused,eem_parafac_scores,parafac_rank_selected,weighted_knn,"k=3,metric=manhattan,max_features=12,x_transform=none,log_target=True",10,1.1363417,0.38160021,0.73362917,-1.4002567
xylose_gL,target_focused,eem_parafac_scores,parafac_rank_selected,weighted_knn,"k=3,metric=manhattan,max_features=48,x_transform=none,log_target=True",10,1.1363417,0.38160021,0.73362917,-1.4002567
xylose_gL,target_focused,eem_parafac_scores,parafac_rank_selected,weighted_knn,"k=3,metric=manhattan,max_features=192,x_transform=none,log_target=True",10,1.1363417,0.38160021,0.73362917,-1.4002567
xylose_gL,target_focused,eem_parafac_scores,parafac_rank_selected,krr,"kernel=rbf,alpha=0.01,gamma_scale=2.0,max_features=12,x_transform=none,log_target=False",10,1.1462046,0.30861911,0.77780572,-1.7517411
xylose_gL,target_focused,eem_parafac_scores,parafac_rank_selected,krr,"kernel=rbf,alpha=0.01,gamma_scale=2.0,max_features=48,x_transform=none,log_target=False",10,1.1462046,0.30861911,0.77780572,-1.7517411
xylose_gL,target_focused,eem_parafac_scores,parafac_rank_selected,krr,"kernel=rbf,alpha=0.01,gamma_scale=2.0,max_features=192,x_transform=none,log_target=False",10,1.1462046,0.30861911,0.77780572,-1.7517411
xylose_gL,target_focused,eem_parafac_scores,parafac_rank_selected,krr,"kernel=laplacian,alpha=0.01,gamma_scale=1.0,max_features=12,x_transform=none,log_target=True",10,1.1464985,0.37062707,0.72005032,-1.5143224
xylose_gL,target_focused,eem_parafac_scores,parafac_rank_selected,krr,"kernel=laplacian,alpha=0.01,gamma_scale=1.0,max_features=48,x_transform=none,log_target=True",10,1.1464985,0.37062707,0.72005032,-1.5143224
xylose_gL,target_focused,eem_parafac_scores,parafac_rank_selected,krr,"kernel=laplacian,alpha=0.01,gamma_scale=1.0,max_features=192,x_transform=none,log_target=True",10,1.1464985,0.37062707,0.72005032,-1.5143224
xylose_gL,target_focused,eem_parafac_scores,parafac_rank_selected,krr,"kernel=laplacian,alpha=0.1,gamma_scale=2.0,max_features=12,x_transform=none,log_target=False",10,1.1658867,0.34696152,0.76524854,-1.7265346
xylose_gL,target_focused,eem_parafac_scores,parafac_rank_selected,krr,"kernel=laplacian,alpha=0.1,gamma_scale=2.0,max_features=48,x_transform=none,log_target=False",10,1.1658867,0.34696152,0.76524854,-1.7265346
xylose_gL,target_focused,eem_parafac_scores,parafac_rank_selected,krr,"kernel=laplacian,alpha=0.1,gamma_scale=2.0,max_features=192,x_transform=none,log_target=False",10,1.1658867,0.34696152,0.76524854,-1.7265346
xylose_gL,target_focused,eem_parafac_scores,parafac_rank_selected,krr,"kernel=laplacian,alpha=0.01,gamma_scale=2.0,max_features=12,x_transform=none,log_target=True",10,1.1788221,0.36670389,0.740093,-1.7338987
xylose_gL,target_focused,eem_parafac_scores,parafac_rank_selected,krr,"kernel=laplacian,alpha=0.01,gamma_scale=2.0,max_features=48,x_transform=none,log_target=True",10,1.1788221,0.36670389,0.740093,-1.7338987
xylose_gL,target_focused,eem_parafac_scores,parafac_rank_selected,krr,"kernel=laplacian,alpha=0.01,gamma_scale=2.0,max_features=192,x_transform=none,log_target=True",10,1.1788221,0.36670389,0.740093,-1.7338987
xylose_gL,all_known,parafac_raman_fusion_als_sg2_snv,als_sg2_snv+parafac,weighted_knn,"k=1,metric=correlation,max_features=12,x_transform=none,log_target=False",10,1.1804398,0.38853759,0.5119,-3.2036874
xylose_gL,all_known,parafac_raman_fusion_als_sg2_snv,als_sg2_snv+parafac,weighted_knn,"k=1,metric=correlation,max_features=12,x_transform=none,log_target=True",10,1.1804398,0.38853759,0.5119,-3.2036874
xylose_gL,all_known,parafac_raman_fusion_als_sg2_snv,als_sg2_snv+parafac,weighted_knn,"k=1,metric=correlation,max_features=12,x_transform=l2,log_target=False",10,1.1804398,0.38853759,0.5119,-3.2036874
xylose_gL,all_known,parafac_raman_fusion_als_sg2_snv,als_sg2_snv+parafac,weighted_knn,"k=1,metric=correlation,max_features=12,x_transform=l2,log_target=True",10,1.1804398,0.38853759,0.5119,-3.2036874
xylose_gL,target_focused,eem_parafac_scores,parafac_rank_selected,weighted_knn,"k=5,metric=manhattan,max_features=12,x_transform=none,log_target=False",10,1.2167358,0.34700103,0.81747919,-2.0903217
xylose_gL,target_focused,eem_parafac_scores,parafac_rank_selected,weighted_knn,"k=5,metric=manhattan,max_features=48,x_transform=none,log_target=False",10,1.2167358,0.34700103,0.81747919,-2.0903217
xylose_gL,target_focused,eem_parafac_scores,parafac_rank_selected,weighted_knn,"k=5,metric=manhattan,max_features=192,x_transform=none,log_target=False",10,1.2167358,0.34700103,0.81747919,-2.0903217
xylose_gL,all_known,parafac_raman_fusion_als_sg2_snv,als_sg2_snv+parafac,weighted_knn,"k=1,metric=manhattan,max_features=12,x_transform=l2,log_target=False",10,1.2460304,0.39737488,0.5442,-3.4976401
xylose_gL,all_known,parafac_raman_fusion_als_sg2_snv,als_sg2_snv+parafac,weighted_knn,"k=1,metric=manhattan,max_features=12,x_transform=l2,log_target=True",10,1.2460304,0.39737488,0.5442,-3.4976401
xylose_gL,target_focused,eem_parafac_scores,parafac_rank_selected,weighted_knn,"k=3,metric=manhattan,max_features=12,x_transform=none,log_target=False",10,1.2787291,0.34722333,0.84494672,-2.57762
xylose_gL,target_focused,eem_parafac_scores,parafac_rank_selected,weighted_knn,"k=3,metric=manhattan,max_features=48,x_transform=none,log_target=False",10,1.2787291,0.34722333,0.84494672,-2.57762
xylose_gL,target_focused,eem_parafac_scores,parafac_rank_selected,weighted_knn,"k=3,metric=manhattan,max_features=192,x_transform=none,log_target=False",10,1.2787291,0.34722333,0.84494672,-2.57762
xylose_gL,target_focused,eem_parafac_scores,parafac_rank_selected,krr,"kernel=laplacian,alpha=0.01,gamma_scale=1.0,max_features=12,x_transform=none,log_target=False",10,1.2817401,0.32638484,0.82598382,-2.682052
xylose_gL,target_focused,eem_parafac_scores,parafac_rank_selected,krr,"kernel=laplacian,alpha=0.01,gamma_scale=1.0,max_features=48,x_transform=none,log_target=False",10,1.2817401,0.32638484,0.82598382,-2.682052
xylose_gL,target_focused,eem_parafac_scores,parafac_rank_selected,krr,"kernel=laplacian,alpha=0.01,gamma_scale=1.0,max_features=192,x_transform=none,log_target=False",10,1.2817401,0.32638484,0.82598382,-2.682052
xylose_gL,target_focused,eem_parafac_scores,parafac_rank_selected,krr,"kernel=laplacian,alpha=0.01,gamma_scale=2.0,max_features=12,x_transform=none,log_target=False",10,1.3112346,0.32806054,0.83738736,-2.913202
xylose_gL,target_focused,eem_parafac_scores,parafac_rank_selected,krr,"kernel=laplacian,alpha=0.01,gamma_scale=2.0,max_features=48,x_transform=none,log_target=False",10,1.3112346,0.32806054,0.83738736,-2.913202
xylose_gL,target_focused,eem_parafac_scores,parafac_rank_selected,krr,"kernel=laplacian,alpha=0.01,gamma_scale=2.0,max_features=192,x_transform=none,log_target=False",10,1.3112346,0.32806054,0.83738736,-2.913202
xylose_gL,target_focused,eem_parafac_scores,parafac_rank_selected,weighted_knn,"k=3,metric=manhattan,max_features=12,x_transform=l2,log_target=False",10,1.3592749,0.25282732,0.95198039,-3.4246051
xylose_gL,target_focused,eem_parafac_scores,parafac_rank_selected,weighted_knn,"k=3,metric=manhattan,max_features=48,x_transform=l2,log_target=False",10,1.3592749,0.25282732,0.95198039,-3.4246051
xylose_gL,target_focused,eem_parafac_scores,parafac_rank_selected,weighted_knn,"k=3,metric=manhattan,max_features=192,x_transform=l2,log_target=False",10,1.3592749,0.25282732,0.95198039,-3.4246051
xylose_gL,target_focused,eem_parafac_scores,parafac_rank_selected,weighted_knn,"k=1,metric=manhattan,max_features=12,x_transform=none,log_target=False",10,1.5269663,0.38021691,0.88879412,-5.1497054
xylose_gL,target_focused,eem_parafac_scores,parafac_rank_selected,weighted_knn,"k=1,metric=manhattan,max_features=12,x_transform=none,log_target=True",10,1.5269663,0.38021691,0.88879412,-5.1497054
xylose_gL,target_focused,eem_parafac_scores,parafac_rank_selected,weighted_knn,"k=1,metric=manhattan,max_features=48,x_transform=none,log_target=False",10,1.5269663,0.38021691,0.88879412,-5.1497054
xylose_gL,target_focused,eem_parafac_scores,parafac_rank_selected,weighted_knn,"k=1,metric=manhattan,max_features=48,x_transform=none,log_target=True",10,1.5269663,0.38021691,0.88879412,-5.1497054
xylose_gL,target_focused,eem_parafac_scores,parafac_rank_selected,weighted_knn,"k=1,metric=manhattan,max_features=192,x_transform=none,log_target=False",10,1.5269663,0.38021691,0.88879412,-5.1497054
xylose_gL,target_focused,eem_parafac_scores,parafac_rank_selected,weighted_knn,"k=1,metric=manhattan,max_features=192,x_transform=none,log_target=True",10,1.5269663,0.38021691,0.88879412,-5.1497054
xylose_gL,target_focused,eem_parafac_scores,parafac_rank_selected,weighted_knn,"k=1,metric=manhattan,max_features=12,x_transform=l2,log_target=False",10,2.5416388,1.1348088,1.8261765,-23.843483
xylose_gL,target_focused,eem_parafac_scores,parafac_rank_selected,weighted_knn,"k=1,metric=manhattan,max_features=12,x_transform=l2,log_target=True",10,2.5416388,1.1348088,1.8261765,-23.843483
xylose_gL,target_focused,eem_parafac_scores,parafac_rank_selected,weighted_knn,"k=1,metric=manhattan,max_features=48,x_transform=l2,log_target=False",10,2.5416388,1.1348088,1.8261765,-23.843483
xylose_gL,target_focused,eem_parafac_scores,parafac_rank_selected,weighted_knn,"k=1,metric=manhattan,max_features=48,x_transform=l2,log_target=True",10,2.5416388,1.1348088,1.8261765,-23.843483
xylose_gL,target_focused,eem_parafac_scores,parafac_rank_selected,weighted_knn,"k=1,metric=manhattan,max_features=192,x_transform=l2,log_target=False",10,2.5416388,1.1348088,1.8261765,-23.843483
xylose_gL,target_focused,eem_parafac_scores,parafac_rank_selected,weighted_knn,"k=1,metric=manhattan,max_features=192,x_transform=l2,log_target=True",10,2.5416388,1.1348088,1.8261765,-23.843483
