target,cohort,feature_set,model,config,n_repeats,mean_rmse,std_rmse,mean_mae,mean_r2,mean_improvement_vs_test_mean_pct
glucose_gL,target_focused,eem_interpretable,knn,"k=1,weighted=True,max_features=12,y_transform=none",10,0.59378797,0.13923411,0.34958824,-0.23015819,5.8580199
glucose_gL,target_focused,eem_interpretable,knn,"k=1,weighted=True,max_features=12,y_transform=log1p",10,0.59378797,0.13923411,0.34958824,-0.23015819,5.8580199
glucose_gL,target_focused,eem_interpretable,knn,"k=1,weighted=True,max_features=24,y_transform=none",10,0.59378797,0.13923411,0.34958824,-0.23015819,5.8580199
glucose_gL,target_focused,eem_interpretable,knn,"k=1,weighted=True,max_features=24,y_transform=log1p",10,0.59378797,0.13923411,0.34958824,-0.23015819,5.8580199
glucose_gL,target_focused,eem_interpretable,knn,"k=1,weighted=True,max_features=48,y_transform=none",10,0.59378797,0.13923411,0.34958824,-0.23015819,5.8580199
glucose_gL,target_focused,eem_interpretable,knn,"k=1,weighted=True,max_features=48,y_transform=log1p",10,0.59378797,0.13923411,0.34958824,-0.23015819,5.8580199
glucose_gL,target_focused,eem_interpretable,knn,"k=1,weighted=True,max_features=96,y_transform=none",10,0.59378797,0.13923411,0.34958824,-0.23015819,5.8580199
glucose_gL,target_focused,eem_interpretable,knn,"k=1,weighted=True,max_features=96,y_transform=log1p",10,0.59378797,0.13923411,0.34958824,-0.23015819,5.8580199
glucose_gL,target_focused,eem_interpretable,knn,"k=3,weighted=True,max_features=12,y_transform=none",10,0.68130402,0.17041903,0.46075564,-0.50571565,-4.2109396
glucose_gL,target_focused,eem_interpretable,knn,"k=3,weighted=True,max_features=24,y_transform=none",10,0.68130402,0.17041903,0.46075564,-0.50571565,-4.2109396
glucose_gL,target_focused,eem_interpretable,knn,"k=3,weighted=True,max_features=48,y_transform=none",10,0.68130402,0.17041903,0.46075564,-0.50571565,-4.2109396
glucose_gL,target_focused,eem_interpretable,knn,"k=3,weighted=True,max_features=96,y_transform=none",10,0.68130402,0.17041903,0.46075564,-0.50571565,-4.2109396
glucose_gL,all_known,eem_full,knn,"k=3,weighted=True,max_features=192,y_transform=log1p",10,0.70105132,0.32240176,0.35894461,-0.21659835,-6.2727507
glucose_gL,all_known,eem_full,knn,"k=3,weighted=True,max_features=384,y_transform=log1p",10,0.70105132,0.32240176,0.35894461,-0.21659835,-6.2727507
glucose_gL,all_known,eem_full,knn,"k=5,weighted=True,max_features=192,y_transform=log1p",10,0.72571621,0.32249882,0.37852809,-0.24176781,-8.2719287
glucose_gL,all_known,eem_full,knn,"k=5,weighted=True,max_features=384,y_transform=log1p",10,0.72571621,0.32249882,0.37852809,-0.24176781,-8.2719287
glucose_gL,all_known,eem_full,knn,"k=3,weighted=True,max_features=192,y_transform=none",10,0.73748875,0.28764251,0.39305757,-0.80336609,-22.144878
glucose_gL,all_known,eem_full,knn,"k=3,weighted=True,max_features=384,y_transform=none",10,0.73748875,0.28764251,0.39305757,-0.80336609,-22.144878
glucose_gL,all_known,fusion_full,knn,"k=9,weighted=True,max_features=96,y_transform=log1p",10,0.73911651,0.36372539,0.3491115,-0.31469634,-11.134374
glucose_gL,all_known,fusion_full,knn,"k=9,weighted=True,max_features=192,y_transform=log1p",10,0.73916307,0.35835787,0.3479329,-0.32087753,-11.358783
glucose_gL,all_known,eem_full,knn,"k=9,weighted=True,max_features=96,y_transform=log1p",10,0.7404162,0.34545653,0.37794863,-0.18242895,-7.2072685
glucose_gL,all_known,fusion_full,pls,"n_components=3,alpha=1.0,max_features=384,y_transform=log1p",10,0.74119562,0.35693008,0.36361052,-0.34245275,-12.089094
glucose_gL,all_known,eem_full,knn,"k=5,weighted=True,max_features=96,y_transform=log1p",10,0.74247727,0.32866801,0.37634207,-0.24572354,-9.4269382
glucose_gL,all_known,fusion_full,knn,"k=5,weighted=True,max_features=96,y_transform=log1p",10,0.74349971,0.36494008,0.35697697,-0.28961149,-10.732493
glucose_gL,all_known,fusion_full,knn,"k=9,weighted=True,max_features=384,y_transform=log1p",10,0.74378238,0.35420906,0.35493238,-0.35355586,-12.55616
glucose_gL,all_known,eem_full,knn,"k=9,weighted=True,max_features=192,y_transform=log1p",10,0.74415371,0.34281473,0.38295549,-0.2257659,-8.7398613
glucose_gL,all_known,eem_full,knn,"k=9,weighted=True,max_features=384,y_transform=log1p",10,0.74415371,0.34281473,0.38295549,-0.2257659,-8.7398613
glucose_gL,all_known,fusion_full,pcr,"n_components=8,alpha=1.0,max_features=48,y_transform=log1p",10,0.74455516,0.3707003,0.36083042,-0.28537339,-10.553194
glucose_gL,all_known,eem_interpretable,pcr,"n_components=2,alpha=1.0,max_features=12,y_transform=log1p",10,0.7451864,0.37337368,0.36315183,-0.097180847,-4.3672398
glucose_gL,all_known,eem_interpretable,pcr,"n_components=2,alpha=1.0,max_features=24,y_transform=log1p",10,0.7451864,0.37337368,0.36315183,-0.097180847,-4.3672398
glucose_gL,all_known,eem_interpretable,pcr,"n_components=2,alpha=1.0,max_features=48,y_transform=log1p",10,0.7451864,0.37337368,0.36315183,-0.097180847,-4.3672398
glucose_gL,all_known,eem_interpretable,pcr,"n_components=2,alpha=1.0,max_features=96,y_transform=log1p",10,0.7451864,0.37337368,0.36315183,-0.097180847,-4.3672398
glucose_gL,all_known,fusion_full,knn,"k=5,weighted=True,max_features=48,y_transform=log1p",10,0.74532933,0.38138909,0.34530254,-0.24535351,-8.9731956
glucose_gL,all_known,fusion_full,pcr,"n_components=12,alpha=1.0,max_features=192,y_transform=log1p",10,0.74557272,0.36323627,0.36205046,-0.32231368,-11.717369
glucose_gL,all_known,fusion_full,pcr,"n_components=5,alpha=1.0,max_features=48,y_transform=log1p",10,0.74583163,0.37008604,0.36134872,-0.28650308,-10.736967
glucose_gL,all_known,fusion_full,knn,"k=5,weighted=True,max_features=24,y_transform=log1p",10,0.74599228,0.38950033,0.33982057,-0.19802196,-7.4122418
glucose_gL,all_known,fusion_full,pcr,"n_components=5,alpha=1.0,max_features=96,y_transform=log1p",10,0.74600399,0.36814069,0.35919535,-0.29678709,-11.119096
glucose_gL,all_known,eem_full,pls,"n_components=2,alpha=1.0,max_features=96,y_transform=log1p",10,0.74613814,0.3530511,0.3766414,-0.1862389,-7.5772757
glucose_gL,all_known,fusion_full,knn,"k=3,weighted=True,max_features=48,y_transform=log1p",10,0.74668552,0.36854861,0.34209855,-0.35522284,-12.044474
glucose_gL,all_known,fusion_full,knn,"k=9,weighted=True,max_features=24,y_transform=log1p",10,0.74709286,0.37725656,0.34331475,-0.25893622,-9.6984426
glucose_gL,all_known,eem_interpretable,pcr,"n_components=3,alpha=1.0,max_features=12,y_transform=log1p",10,0.74710179,0.37439833,0.36415096,-0.10259342,-4.6293906
glucose_gL,all_known,eem_interpretable,pcr,"n_components=3,alpha=1.0,max_features=24,y_transform=log1p",10,0.74710179,0.37439833,0.36415096,-0.10259342,-4.6293906
glucose_gL,all_known,eem_interpretable,pcr,"n_components=3,alpha=1.0,max_features=48,y_transform=log1p",10,0.74710179,0.37439833,0.36415096,-0.10259342,-4.6293906
glucose_gL,all_known,eem_interpretable,pcr,"n_components=3,alpha=1.0,max_features=96,y_transform=log1p",10,0.74710179,0.37439833,0.36415096,-0.10259342,-4.6293906
glucose_gL,all_known,eem_full,pls,"n_components=2,alpha=1.0,max_features=192,y_transform=log1p",10,0.74725665,0.35353148,0.37855544,-0.18732803,-7.6522644
glucose_gL,all_known,eem_full,pls,"n_components=2,alpha=1.0,max_features=384,y_transform=log1p",10,0.74725665,0.35353148,0.37855544,-0.18732803,-7.6522644
glucose_gL,all_known,eem_full,pcr,"n_components=3,alpha=1.0,max_features=48,y_transform=log1p",10,0.74750455,0.35661712,0.37451935,-0.17606479,-7.2992019
glucose_gL,all_known,eem_full,pcr,"n_components=5,alpha=1.0,max_features=192,y_transform=log1p",10,0.74756759,0.35920325,0.37540515,-0.16412828,-6.8983366
glucose_gL,all_known,eem_full,pcr,"n_components=5,alpha=1.0,max_features=384,y_transform=log1p",10,0.74756759,0.35920325,0.37540515,-0.16412828,-6.8983366
glucose_gL,all_known,fusion_full,pcr,"n_components=8,alpha=1.0,max_features=24,y_transform=log1p",10,0.74788747,0.37239669,0.36027036,-0.29536643,-10.914171
glucose_gL,all_known,eem_full,pcr,"n_components=3,alpha=1.0,max_features=96,y_transform=log1p",10,0.74790345,0.3568905,0.37348592,-0.17476541,-7.2794163
glucose_gL,all_known,eem_interpretable,pls,"n_components=2,alpha=1.0,max_features=12,y_transform=log1p",10,0.74820091,0.37021311,0.36755291,-0.12218359,-5.3877725
glucose_gL,all_known,eem_interpretable,pls,"n_components=2,alpha=1.0,max_features=24,y_transform=log1p",10,0.74820091,0.37021311,0.36755291,-0.12218359,-5.3877725
glucose_gL,all_known,eem_interpretable,pls,"n_components=2,alpha=1.0,max_features=48,y_transform=log1p",10,0.74820091,0.37021311,0.36755291,-0.12218359,-5.3877725
glucose_gL,all_known,eem_interpretable,pls,"n_components=2,alpha=1.0,max_features=96,y_transform=log1p",10,0.74820091,0.37021311,0.36755291,-0.12218359,-5.3877725
glucose_gL,all_known,eem_full,pls,"n_components=2,alpha=1.0,max_features=48,y_transform=log1p",10,0.748276,0.35414585,0.37659917,-0.19105249,-7.8299844
glucose_gL,all_known,fusion_full,knn,"k=9,weighted=True,max_features=48,y_transform=log1p",10,0.74890244,0.36759336,0.35140041,-0.36575188,-12.552136
glucose_gL,all_known,fusion_full,pls,"n_components=3,alpha=1.0,max_features=24,y_transform=log1p",10,0.74898134,0.36871867,0.36348649,-0.31342408,-11.618758
glucose_gL,all_known,eem_full,pcr,"n_components=5,alpha=1.0,max_features=48,y_transform=log1p",10,0.74902389,0.35521546,0.37657984,-0.18857539,-7.7822842
glucose_gL,all_known,eem_full,knn,"k=9,weighted=True,max_features=48,y_transform=log1p",10,0.74903016,0.35638025,0.38061949,-0.19989486,-7.9596493
glucose_gL,all_known,eem_full,knn,"k=3,weighted=True,max_features=96,y_transform=log1p",10,0.74903394,0.32421252,0.36981115,-0.43393853,-14.554948
glucose_gL,all_known,eem_full,pcr,"n_components=3,alpha=1.0,max_features=24,y_transform=log1p",10,0.7491605,0.35642893,0.37708487,-0.18078323,-7.5422127
glucose_gL,all_known,eem_full,pcr,"n_components=5,alpha=1.0,max_features=96,y_transform=log1p",10,0.74934188,0.35589613,0.37639021,-0.19044214,-7.823597
glucose_gL,all_known,fusion_full,knn,"k=5,weighted=True,max_features=192,y_transform=log1p",10,0.74941542,0.37179305,0.35945512,-0.27715464,-10.447168
glucose_gL,all_known,fusion_interpretable,pcr,"n_components=5,alpha=1.0,max_features=48,y_transform=log1p",10,0.74950847,0.38041022,0.35655198,-0.20118998,-8.4618384
glucose_gL,all_known,fusion_interpretable,pcr,"n_components=5,alpha=1.0,max_features=96,y_transform=log1p",10,0.74950847,0.38041022,0.35655198,-0.20118998,-8.4618384
glucose_gL,all_known,eem_full,pcr,"n_components=2,alpha=1.0,max_features=48,y_transform=log1p",10,0.74963657,0.35842419,0.37444476,-0.18262954,-7.596093
glucose_gL,all_known,eem_interpretable,knn,"k=9,weighted=True,max_features=12,y_transform=log1p",10,0.74968925,0.34809567,0.37250346,-0.26315077,-9.687497
glucose_gL,all_known,eem_interpretable,knn,"k=9,weighted=True,max_features=24,y_transform=log1p",10,0.74968925,0.34809567,0.37250346,-0.26315077,-9.687497
glucose_gL,all_known,eem_interpretable,knn,"k=9,weighted=True,max_features=48,y_transform=log1p",10,0.74968925,0.34809567,0.37250346,-0.26315077,-9.687497
glucose_gL,all_known,eem_interpretable,knn,"k=9,weighted=True,max_features=96,y_transform=log1p",10,0.74968925,0.34809567,0.37250346,-0.26315077,-9.687497
glucose_gL,all_known,fusion_full,pls,"n_components=2,alpha=1.0,max_features=48,y_transform=log1p",10,0.74975967,0.36536327,0.36567013,-0.36066628,-12.961394
glucose_gL,all_known,eem_full,pcr,"n_components=5,alpha=1.0,max_features=12,y_transform=log1p",10,0.74993063,0.35650379,0.37849326,-0.17674671,-7.4752565
glucose_gL,all_known,fusion_interpretable,knn,"k=5,weighted=True,max_features=24,y_transform=log1p",10,0.74997649,0.35177211,0.35529743,-0.38969833,-13.893001
glucose_gL,all_known,eem_full,pcr,"n_components=2,alpha=1.0,max_features=192,y_transform=log1p",10,0.75001569,0.38028387,0.36674137,-0.088105988,-4.1616259
glucose_gL,all_known,eem_full,pcr,"n_components=2,alpha=1.0,max_features=384,y_transform=log1p",10,0.75001569,0.38028387,0.36674137,-0.088105988,-4.1616259
glucose_gL,all_known,eem_full,pcr,"n_components=2,alpha=1.0,max_features=12,y_transform=log1p",10,0.75020108,0.3588405,0.37729321,-0.17631938,-7.4398669
glucose_gL,all_known,fusion_interpretable,pcr,"n_components=5,alpha=1.0,max_features=24,y_transform=log1p",10,0.75034976,0.37965086,0.35547596,-0.20817822,-8.7480557
glucose_gL,all_known,fusion_full,pls,"n_components=2,alpha=1.0,max_features=24,y_transform=log1p",10,0.75035577,0.37068118,0.3654655,-0.30311887,-11.477807
glucose_gL,all_known,eem_full,pcr,"n_components=2,alpha=1.0,max_features=24,y_transform=log1p",10,0.7504485,0.35805555,0.37692255,-0.18403803,-7.6909032
glucose_gL,all_known,fusion_full,pcr,"n_components=12,alpha=1.0,max_features=384,y_transform=log1p",10,0.75098307,0.35889268,0.36207645,-0.34182055,-12.83921
glucose_gL,all_known,eem_full,pcr,"n_components=8,alpha=1.0,max_features=192,y_transform=log1p",10,0.75104474,0.35397661,0.37843064,-0.20205946,-8.2919769
glucose_gL,all_known,eem_full,pcr,"n_components=8,alpha=1.0,max_features=384,y_transform=log1p",10,0.75104474,0.35397661,0.37843064,-0.20205946,-8.2919769
glucose_gL,all_known,eem_full,pcr,"n_components=2,alpha=1.0,max_features=96,y_transform=log1p",10,0.75113203,0.36056636,0.3741463,-0.18389484,-7.6907258
glucose_gL,all_known,fusion_interpretable,knn,"k=5,weighted=True,max_features=48,y_transform=log1p",10,0.75132877,0.33918434,0.35033964,-0.4986514,-16.801663
glucose_gL,all_known,fusion_interpretable,knn,"k=5,weighted=True,max_features=96,y_transform=log1p",10,0.75132877,0.33918434,0.35033964,-0.4986514,-16.801663
glucose_gL,all_known,fusion_full,pls,"n_components=2,alpha=1.0,max_features=96,y_transform=log1p",10,0.75137674,0.3639361,0.36519398,-0.3798435,-13.585916
glucose_gL,all_known,eem_full,pcr,"n_components=8,alpha=1.0,max_features=96,y_transform=log1p",10,0.7515629,0.35120365,0.38158882,-0.22427717,-8.9697725
glucose_gL,all_known,eem_full,pcr,"n_components=5,alpha=1.0,max_features=24,y_transform=log1p",10,0.75162874,0.35557193,0.37814311,-0.19215583,-8.0347017
glucose_gL,all_known,eem_full,pcr,"n_components=3,alpha=1.0,max_features=192,y_transform=log1p",10,0.75173912,0.36001696,0.37245271,-0.17625823,-7.4912034
glucose_gL,all_known,eem_full,pcr,"n_components=3,alpha=1.0,max_features=384,y_transform=log1p",10,0.75173912,0.36001696,0.37245271,-0.17625823,-7.4912034
glucose_gL,all_known,fusion_interpretable,pls,"n_components=3,alpha=1.0,max_features=24,y_transform=log1p",10,0.75204125,0.37434157,0.35733554,-0.24225476,-9.9504022
glucose_gL,all_known,eem_full,pcr,"n_components=3,alpha=1.0,max_features=12,y_transform=log1p",10,0.75204656,0.35740823,0.37756717,-0.18306863,-7.7740291
glucose_gL,all_known,eem_interpretable,ridge,"alpha=10.0,max_features=12,y_transform=log1p",10,0.7521598,0.36481951,0.37724122,-0.15557511,-6.7831033
glucose_gL,all_known,eem_interpretable,ridge,"alpha=10.0,max_features=24,y_transform=log1p",10,0.7521598,0.36481951,0.37724122,-0.15557511,-6.7831033
glucose_gL,all_known,eem_interpretable,ridge,"alpha=10.0,max_features=48,y_transform=log1p",10,0.7521598,0.36481951,0.37724122,-0.15557511,-6.7831033
glucose_gL,all_known,eem_interpretable,ridge,"alpha=10.0,max_features=96,y_transform=log1p",10,0.7521598,0.36481951,0.37724122,-0.15557511,-6.7831033
glucose_gL,all_known,fusion_interpretable,pls,"n_components=2,alpha=1.0,max_features=24,y_transform=log1p",10,0.75224388,0.37840161,0.35635441,-0.233803,-9.6522726
glucose_gL,all_known,eem_full,knn,"k=9,weighted=True,max_features=24,y_transform=log1p",10,0.7522562,0.37799106,0.37398029,-0.13267323,-5.7527851
glucose_gL,all_known,fusion_full,pls,"n_components=2,alpha=1.0,max_features=192,y_transform=log1p",10,0.75255565,0.36458255,0.36245848,-0.36913003,-13.417791
glucose_gL,all_known,eem_full,pls,"n_components=2,alpha=1.0,max_features=24,y_transform=log1p",10,0.7525635,0.3565125,0.38141242,-0.19674448,-8.2004032
glucose_gL,all_known,fusion_interpretable,knn,"k=5,weighted=True,max_features=12,y_transform=log1p",10,0.75260948,0.3425861,0.36739347,-0.60497888,-18.60786
glucose_gL,all_known,eem_full,pls,"n_components=2,alpha=1.0,max_features=12,y_transform=log1p",10,0.75262667,0.35711934,0.37913776,-0.19266012,-8.0716701
glucose_gL,all_known,eem_interpretable,pcr,"n_components=5,alpha=1.0,max_features=12,y_transform=log1p",10,0.75283116,0.36360166,0.37670575,-0.16239572,-7.046883
glucose_gL,all_known,eem_interpretable,pcr,"n_components=5,alpha=1.0,max_features=24,y_transform=log1p",10,0.75283116,0.36360166,0.37670575,-0.16239572,-7.046883
glucose_gL,all_known,eem_interpretable,pcr,"n_components=5,alpha=1.0,max_features=48,y_transform=log1p",10,0.75283116,0.36360166,0.37670575,-0.16239572,-7.046883
glucose_gL,all_known,eem_interpretable,pcr,"n_components=5,alpha=1.0,max_features=96,y_transform=log1p",10,0.75283116,0.36360166,0.37670575,-0.16239572,-7.046883
glucose_gL,all_known,fusion_full,pcr,"n_components=5,alpha=1.0,max_features=192,y_transform=log1p",10,0.75321669,0.35731046,0.3654756,-0.36831532,-13.773162
glucose_gL,all_known,fusion_interpretable,pls,"n_components=2,alpha=1.0,max_features=12,y_transform=log1p",10,0.75324983,0.37412874,0.36032908,-0.25993702,-10.554085
glucose_gL,all_known,eem_full,pls,"n_components=3,alpha=1.0,max_features=96,y_transform=log1p",10,0.75326334,0.34481059,0.38898574,-0.23819336,-9.5829652
glucose_gL,target_focused,eem_interpretable,knn,"k=3,weighted=True,max_features=12,y_transform=log1p",10,0.75348098,0.24968739,0.47429331,-0.31234512,-3.6094627
glucose_gL,target_focused,eem_interpretable,knn,"k=3,weighted=True,max_features=24,y_transform=log1p",10,0.75348098,0.24968739,0.47429331,-0.31234512,-3.6094627
glucose_gL,target_focused,eem_interpretable,knn,"k=3,weighted=True,max_features=48,y_transform=log1p",10,0.75348098,0.24968739,0.47429331,-0.31234512,-3.6094627
glucose_gL,target_focused,eem_interpretable,knn,"k=3,weighted=True,max_features=96,y_transform=log1p",10,0.75348098,0.24968739,0.47429331,-0.31234512,-3.6094627
glucose_gL,all_known,fusion_interpretable,pcr,"n_components=3,alpha=1.0,max_features=12,y_transform=log1p",10,0.75364554,0.37722133,0.3614607,-0.24540953,-10.120249
glucose_gL,all_known,fusion_full,pcr,"n_components=3,alpha=1.0,max_features=96,y_transform=log1p",10,0.7537027,0.36725557,0.36606863,-0.36040121,-13.26834
glucose_gL,all_known,raman_full,pcr,"n_components=5,alpha=1.0,max_features=24,y_transform=log1p",10,0.75385463,0.39021706,0.35941863,-0.17502686,-7.5818711
glucose_gL,all_known,raman_full,pcr,"n_components=3,alpha=1.0,max_features=24,y_transform=log1p",10,0.75389852,0.39021329,0.3597445,-0.17717747,-7.6449652
glucose_gL,all_known,fusion_full,pcr,"n_components=3,alpha=1.0,max_features=48,y_transform=log1p",10,0.75394741,0.3662294,0.36512905,-0.36366333,-13.394561
glucose_gL,all_known,eem_full,ridge,"alpha=10.0,max_features=12,y_transform=log1p",10,0.75428619,0.35570442,0.38121867,-0.19748212,-8.3470151
glucose_gL,all_known,fusion_interpretable,pcr,"n_components=2,alpha=1.0,max_features=48,y_transform=log1p",10,0.75437562,0.38323781,0.36455121,-0.21095227,-8.9315662
glucose_gL,all_known,fusion_interpretable,pcr,"n_components=2,alpha=1.0,max_features=96,y_transform=log1p",10,0.75437562,0.38323781,0.36455121,-0.21095227,-8.9315662
glucose_gL,all_known,fusion_interpretable,pcr,"n_components=3,alpha=1.0,max_features=48,y_transform=log1p",10,0.75442568,0.37977738,0.36378686,-0.2317042,-9.6556774
glucose_gL,all_known,fusion_interpretable,pcr,"n_components=3,alpha=1.0,max_features=96,y_transform=log1p",10,0.75442568,0.37977738,0.36378686,-0.2317042,-9.6556774
glucose_gL,all_known,eem_full,knn,"k=9,weighted=True,max_features=12,y_transform=log1p",10,0.75449178,0.37824491,0.37035842,-0.11090295,-5.2071807
glucose_gL,all_known,fusion_full,pcr,"n_components=3,alpha=1.0,max_features=24,y_transform=log1p",10,0.75452427,0.37112104,0.36489785,-0.32020993,-12.268483
glucose_gL,all_known,fusion_full,pcr,"n_components=5,alpha=1.0,max_features=24,y_transform=log1p",10,0.75462906,0.36882428,0.36723181,-0.32567226,-12.474078
glucose_gL,all_known,fusion_interpretable,ridge,"alpha=10.0,max_features=24,y_transform=log1p",10,0.75479473,0.3733934,0.36113565,-0.26088541,-10.688358
glucose_gL,all_known,eem_interpretable,pls,"n_components=3,alpha=1.0,max_features=12,y_transform=log1p",10,0.75498782,0.36401555,0.3796381,-0.17176815,-7.4382507
glucose_gL,all_known,eem_interpretable,pls,"n_components=3,alpha=1.0,max_features=24,y_transform=log1p",10,0.75498782,0.36401555,0.3796381,-0.17176815,-7.4382507
glucose_gL,all_known,eem_interpretable,pls,"n_components=3,alpha=1.0,max_features=48,y_transform=log1p",10,0.75498782,0.36401555,0.3796381,-0.17176815,-7.4382507
glucose_gL,all_known,eem_interpretable,pls,"n_components=3,alpha=1.0,max_features=96,y_transform=log1p",10,0.75498782,0.36401555,0.3796381,-0.17176815,-7.4382507
glucose_gL,all_known,eem_interpretable,pcr,"n_components=8,alpha=1.0,max_features=12,y_transform=log1p",10,0.75525077,0.35808008,0.38628126,-0.19355886,-8.2403774
glucose_gL,all_known,eem_interpretable,pcr,"n_components=8,alpha=1.0,max_features=24,y_transform=log1p",10,0.75525077,0.35808008,0.38628126,-0.19355886,-8.2403774
glucose_gL,all_known,eem_interpretable,pcr,"n_components=8,alpha=1.0,max_features=48,y_transform=log1p",10,0.75525077,0.35808008,0.38628126,-0.19355886,-8.2403774
glucose_gL,all_known,eem_interpretable,pcr,"n_components=8,alpha=1.0,max_features=96,y_transform=log1p",10,0.75525077,0.35808008,0.38628126,-0.19355886,-8.2403774
glucose_gL,all_known,raman_full,pls,"n_components=3,alpha=1.0,max_features=384,y_transform=log1p",10,0.75550289,0.38213253,0.35835923,-0.21190195,-8.990451
glucose_gL,all_known,fusion_full,pcr,"n_components=8,alpha=1.0,max_features=192,y_transform=log1p",10,0.7555077,0.35508644,0.36251339,-0.38728736,-14.334855
glucose_gL,all_known,raman_full,pcr,"n_components=2,alpha=1.0,max_features=48,y_transform=log1p",10,0.75559717,0.38957709,0.35800439,-0.17746092,-7.8114471
glucose_gL,all_known,eem_full,pcr,"n_components=12,alpha=1.0,max_features=96,y_transform=log1p",10,0.75565588,0.34581284,0.38403951,-0.24466595,-9.9421173
glucose_gL,all_known,fusion_interpretable,pcr,"n_components=3,alpha=1.0,max_features=24,y_transform=log1p",10,0.75573708,0.3802678,0.36312412,-0.23381367,-9.7982333
glucose_gL,all_known,fusion_full,pls,"n_components=3,alpha=1.0,max_features=192,y_transform=log1p",10,0.75586201,0.34444531,0.36558983,-0.45292977,-16.113363
glucose_gL,all_known,raman_full,pcr,"n_components=3,alpha=1.0,max_features=96,y_transform=log1p",10,0.75587,0.38646907,0.36002641,-0.20516069,-8.6980777
glucose_gL,all_known,fusion_interpretable,pcr,"n_components=2,alpha=1.0,max_features=12,y_transform=log1p",10,0.75605287,0.37985647,0.36471279,-0.24754099,-10.233213
glucose_gL,all_known,fusion_interpretable,ridge,"alpha=10.0,max_features=12,y_transform=log1p",10,0.75605612,0.37139194,0.36359471,-0.28770481,-11.559722
glucose_gL,all_known,eem_full,pcr,"n_components=12,alpha=1.0,max_features=24,y_transform=log1p",10,0.75621241,0.35194113,0.38953336,-0.22753486,-9.3741711
glucose_gL,all_known,eem_full,pcr,"n_components=8,alpha=1.0,max_features=48,y_transform=log1p",10,0.75630305,0.3493479,0.38380017,-0.24361118,-9.8835571
glucose_gL,all_known,raman_interpretable,pls,"n_components=2,alpha=1.0,max_features=12,y_transform=log1p",10,0.75632967,0.39191044,0.35961565,-0.18121542,-7.8924606
glucose_gL,all_known,fusion_interpretable,ridge,"alpha=1.0,max_features=24,y_transform=log1p",10,0.75633267,0.36999527,0.36558967,-0.29134765,-11.686417
glucose_gL,all_known,raman_interpretable,pcr,"n_components=2,alpha=1.0,max_features=24,y_transform=log1p",10,0.75633354,0.38548097,0.36554787,-0.20454452,-8.7824406
glucose_gL,all_known,raman_interpretable,pcr,"n_components=2,alpha=1.0,max_features=48,y_transform=log1p",10,0.75633354,0.38548097,0.36554787,-0.20454452,-8.7824406
glucose_gL,all_known,raman_interpretable,pcr,"n_components=2,alpha=1.0,max_features=96,y_transform=log1p",10,0.75633354,0.38548097,0.36554787,-0.20454452,-8.7824406
glucose_gL,all_known,fusion_interpretable,pcr,"n_components=8,alpha=1.0,max_features=24,y_transform=log1p",10,0.75636395,0.37090441,0.35982551,-0.28036073,-11.403465
glucose_gL,all_known,fusion_full,pcr,"n_components=2,alpha=1.0,max_features=12,y_transform=log1p",10,0.75639964,0.36805573,0.36679636,-0.32438428,-12.637285
glucose_gL,all_known,raman_full,pcr,"n_components=2,alpha=1.0,max_features=96,y_transform=log1p",10,0.75658021,0.39052326,0.35917542,-0.18216293,-8.0221986
glucose_gL,all_known,raman_interpretable,pcr,"n_components=2,alpha=1.0,max_features=12,y_transform=log1p",10,0.756688,0.38868866,0.3615587,-0.19376436,-8.3874096
glucose_gL,all_known,eem_interpretable,ridge,"alpha=1.0,max_features=12,y_transform=log1p",10,0.75677917,0.35646602,0.38848824,-0.20373729,-8.6838235
glucose_gL,all_known,eem_interpretable,pcr,"n_components=12,alpha=1.0,max_features=12,y_transform=log1p",10,0.75677917,0.35646602,0.38848824,-0.20373729,-8.6838235
glucose_gL,all_known,eem_interpretable,ridge,"alpha=1.0,max_features=24,y_transform=log1p",10,0.75677917,0.35646602,0.38848824,-0.20373729,-8.6838235
glucose_gL,all_known,eem_interpretable,pcr,"n_components=12,alpha=1.0,max_features=24,y_transform=log1p",10,0.75677917,0.35646602,0.38848824,-0.20373729,-8.6838235
glucose_gL,all_known,eem_interpretable,ridge,"alpha=1.0,max_features=48,y_transform=log1p",10,0.75677917,0.35646602,0.38848824,-0.20373729,-8.6838235
glucose_gL,all_known,eem_interpretable,pcr,"n_components=12,alpha=1.0,max_features=48,y_transform=log1p",10,0.75677917,0.35646602,0.38848824,-0.20373729,-8.6838235
glucose_gL,all_known,eem_interpretable,ridge,"alpha=1.0,max_features=96,y_transform=log1p",10,0.75677917,0.35646602,0.38848824,-0.20373729,-8.6838235
glucose_gL,all_known,eem_interpretable,pcr,"n_components=12,alpha=1.0,max_features=96,y_transform=log1p",10,0.75677917,0.35646602,0.38848824,-0.20373729,-8.6838235
glucose_gL,all_known,eem_full,pls,"n_components=3,alpha=1.0,max_features=192,y_transform=log1p",10,0.75680009,0.34724964,0.39176651,-0.27053879,-10.510493
glucose_gL,all_known,eem_full,pls,"n_components=3,alpha=1.0,max_features=384,y_transform=log1p",10,0.75680009,0.34724964,0.39176651,-0.27053879,-10.510493
glucose_gL,all_known,fusion_interpretable,pls,"n_components=5,alpha=1.0,max_features=24,y_transform=log1p",10,0.75681313,0.37063088,0.36322674,-0.29086749,-11.689202
glucose_gL,all_known,fusion_interpretable,pcr,"n_components=2,alpha=1.0,max_features=24,y_transform=log1p",10,0.75684529,0.38129703,0.36484895,-0.23018041,-9.7296184
glucose_gL,all_known,raman_full,pcr,"n_components=2,alpha=1.0,max_features=384,y_transform=log1p",10,0.75689643,0.39048973,0.36094612,-0.19455713,-8.3825767
glucose_gL,all_known,fusion_interpretable,pcr,"n_components=5,alpha=1.0,max_features=12,y_transform=log1p",10,0.7570935,0.3716957,0.36452732,-0.3006362,-11.938881
glucose_gL,all_known,raman_full,pls,"n_components=2,alpha=1.0,max_features=12,y_transform=log1p",10,0.75718641,0.38709547,0.36264282,-0.19963746,-8.5713754
glucose_gL,all_known,fusion_interpretable,knn,"k=3,weighted=True,max_features=48,y_transform=log1p",10,0.75723855,0.33043128,0.35988473,-0.97354314,-25.164562
glucose_gL,all_known,fusion_interpretable,knn,"k=3,weighted=True,max_features=96,y_transform=log1p",10,0.75723855,0.33043128,0.35988473,-0.97354314,-25.164562
glucose_gL,all_known,fusion_interpretable,pls,"n_components=3,alpha=1.0,max_features=12,y_transform=log1p",10,0.75732659,0.37007574,0.36464516,-0.29594541,-11.916263
glucose_gL,all_known,fusion_interpretable,pcr,"n_components=12,alpha=1.0,max_features=48,y_transform=log1p",10,0.75735887,0.3721445,0.36272873,-0.28114068,-11.420834
glucose_gL,all_known,fusion_interpretable,pcr,"n_components=12,alpha=1.0,max_features=96,y_transform=log1p",10,0.75735887,0.3721445,0.36272873,-0.28114068,-11.420834
glucose_gL,all_known,fusion_interpretable,knn,"k=3,weighted=True,max_features=24,y_transform=log1p",10,0.75750036,0.33420715,0.35465244,-0.66547666,-20.987614
glucose_gL,all_known,raman_full,pcr,"n_components=2,alpha=1.0,max_features=24,y_transform=log1p",10,0.75752153,0.3886512,0.36291168,-0.18522286,-8.1787685
glucose_gL,all_known,raman_full,pcr,"n_components=3,alpha=1.0,max_features=48,y_transform=log1p",10,0.75766327,0.3846288,0.36143337,-0.21291811,-9.0780294
glucose_gL,all_known,eem_full,pls,"n_components=3,alpha=1.0,max_features=12,y_transform=log1p",10,0.75782021,0.35153569,0.3845244,-0.22410472,-9.3890699
glucose_gL,all_known,fusion_full,pcr,"n_components=2,alpha=1.0,max_features=384,y_transform=log1p",10,0.75782882,0.39005488,0.36224212,-0.20127051,-8.6547134
glucose_gL,all_known,eem_interpretable,pls,"n_components=5,alpha=1.0,max_features=12,y_transform=log1p",10,0.75793105,0.35599148,0.38822168,-0.21057853,-8.9663369
glucose_gL,all_known,eem_interpretable,pls,"n_components=5,alpha=1.0,max_features=24,y_transform=log1p",10,0.75793105,0.35599148,0.38822168,-0.21057853,-8.9663369
glucose_gL,all_known,eem_interpretable,pls,"n_components=5,alpha=1.0,max_features=48,y_transform=log1p",10,0.75793105,0.35599148,0.38822168,-0.21057853,-8.9663369
glucose_gL,all_known,eem_interpretable,pls,"n_components=5,alpha=1.0,max_features=96,y_transform=log1p",10,0.75793105,0.35599148,0.38822168,-0.21057853,-8.9663369
glucose_gL,all_known,eem_full,pcr,"n_components=8,alpha=1.0,max_features=12,y_transform=log1p",10,0.75794294,0.35405727,0.38672434,-0.22309056,-9.3164875
glucose_gL,all_known,fusion_full,pcr,"n_components=2,alpha=1.0,max_features=24,y_transform=log1p",10,0.75813327,0.36874144,0.36827219,-0.34096762,-13.170888
glucose_gL,all_known,fusion_full,pcr,"n_components=5,alpha=1.0,max_features=12,y_transform=log1p",10,0.7581435,0.36640775,0.37033765,-0.34088481,-13.210098
glucose_gL,all_known,raman_full,pcr,"n_components=5,alpha=1.0,max_features=12,y_transform=log1p",10,0.75829826,0.38494204,0.36343889,-0.20721681,-8.9873808
glucose_gL,all_known,raman_full,knn,"k=9,weighted=True,max_features=48,y_transform=log1p",10,0.75835836,0.37928639,0.34853993,-0.29749318,-11.577463
glucose_gL,all_known,eem_full,pcr,"n_components=12,alpha=1.0,max_features=192,y_transform=log1p",10,0.75837557,0.34914507,0.38704318,-0.2418833,-9.9638492
glucose_gL,all_known,eem_full,pcr,"n_components=12,alpha=1.0,max_features=384,y_transform=log1p",10,0.75837557,0.34914507,0.38704318,-0.2418833,-9.9638492
glucose_gL,all_known,eem_full,pcr,"n_components=12,alpha=1.0,max_features=48,y_transform=log1p",10,0.75846491,0.35312619,0.38328773,-0.23163576,-9.6043448
glucose_gL,all_known,fusion_interpretable,knn,"k=9,weighted=True,max_features=24,y_transform=log1p",10,0.75879735,0.34692953,0.35817741,-0.45677649,-16.281614
glucose_gL,all_known,fusion_interpretable,pls,"n_components=5,alpha=1.0,max_features=48,y_transform=log1p",10,0.75884945,0.36938858,0.36433973,-0.30538472,-12.274034
glucose_gL,all_known,fusion_interpretable,pls,"n_components=5,alpha=1.0,max_features=96,y_transform=log1p",10,0.75884945,0.36938858,0.36433973,-0.30538472,-12.274034
glucose_gL,all_known,raman_interpretable,pcr,"n_components=3,alpha=1.0,max_features=12,y_transform=log1p",10,0.75885318,0.38760679,0.36240534,-0.20684779,-8.968559
glucose_gL,all_known,eem_full,pcr,"n_components=8,alpha=1.0,max_features=24,y_transform=log1p",10,0.75885321,0.35120366,0.3875846,-0.24148891,-9.9545428
glucose_gL,all_known,fusion_full,ridge,"alpha=10.0,max_features=24,y_transform=log1p",10,0.75902647,0.36386854,0.3707436,-0.3867411,-14.339359
glucose_gL,all_known,fusion_interpretable,knn,"k=9,weighted=True,max_features=12,y_transform=log1p",10,0.75907925,0.33975545,0.36715358,-0.63407828,-19.609683
glucose_gL,all_known,fusion_full,pls,"n_components=2,alpha=1.0,max_features=12,y_transform=log1p",10,0.75911153,0.36573709,0.36958349,-0.36340649,-13.822411
glucose_gL,all_known,fusion_full,pcr,"n_components=2,alpha=1.0,max_features=48,y_transform=log1p",10,0.7591179,0.36718408,0.36858937,-0.36976988,-13.930677
glucose_gL,all_known,fusion_full,pcr,"n_components=3,alpha=1.0,max_features=12,y_transform=log1p",10,0.75912875,0.36875715,0.36883424,-0.33444072,-13.065119
glucose_gL,all_known,raman_full,pcr,"n_components=2,alpha=1.0,max_features=192,y_transform=log1p",10,0.75916889,0.38902811,0.36196941,-0.20558884,-8.9290497
glucose_gL,all_known,eem_full,ridge,"alpha=10.0,max_features=24,y_transform=log1p",10,0.75917206,0.35428412,0.38587739,-0.23607821,-9.7571469
glucose_gL,all_known,fusion_interpretable,pls,"n_components=8,alpha=1.0,max_features=24,y_transform=log1p",10,0.75924482,0.36892977,0.36769231,-0.3080601,-12.374204
glucose_gL,all_known,fusion_full,pcr,"n_components=8,alpha=1.0,max_features=384,y_transform=log1p",10,0.75925778,0.35576592,0.36250721,-0.41613827,-15.232491
glucose_gL,all_known,fusion_interpretable,pls,"n_components=5,alpha=1.0,max_features=12,y_transform=log1p",10,0.75927059,0.36665037,0.36581707,-0.33238137,-13.057317
glucose_gL,all_known,raman_full,knn,"k=9,weighted=True,max_features=192,y_transform=log1p",10,0.75930718,0.3686667,0.34435714,-0.30838639,-12.272955
glucose_gL,all_known,fusion_interpretable,pcr,"n_components=8,alpha=1.0,max_features=12,y_transform=log1p",10,0.75933272,0.36805931,0.36668223,-0.32893806,-12.930783
glucose_gL,all_known,fusion_full,knn,"k=5,weighted=True,max_features=384,y_transform=log1p",10,0.75934908,0.35236116,0.36487541,-0.43590873,-15.44429
glucose_gL,all_known,raman_full,pls,"n_components=2,alpha=1.0,max_features=24,y_transform=log1p",10,0.75935247,0.38362014,0.36393745,-0.20799687,-9.0851544
glucose_gL,all_known,fusion_interpretable,pcr,"n_components=12,alpha=1.0,max_features=24,y_transform=log1p",10,0.7593613,0.37027665,0.36510896,-0.30476534,-12.257412
glucose_gL,all_known,fusion_interpretable,pls,"n_components=12,alpha=1.0,max_features=24,y_transform=log1p",10,0.7595821,0.36735765,0.37287684,-0.31458443,-12.605815
glucose_gL,all_known,eem_interpretable,pls,"n_components=8,alpha=1.0,max_features=12,y_transform=log1p",10,0.75972266,0.35271398,0.39321994,-0.22809779,-9.6596546
glucose_gL,all_known,eem_interpretable,pls,"n_components=8,alpha=1.0,max_features=24,y_transform=log1p",10,0.75972266,0.35271398,0.39321994,-0.22809779,-9.6596546
glucose_gL,all_known,eem_interpretable,pls,"n_components=8,alpha=1.0,max_features=48,y_transform=log1p",10,0.75972266,0.35271398,0.39321994,-0.22809779,-9.6596546
glucose_gL,all_known,eem_interpretable,pls,"n_components=8,alpha=1.0,max_features=96,y_transform=log1p",10,0.75972266,0.35271398,0.39321994,-0.22809779,-9.6596546
glucose_gL,all_known,fusion_interpretable,pcr,"n_components=12,alpha=1.0,max_features=12,y_transform=log1p",10,0.75987193,0.36753276,0.36621751,-0.33196761,-13.065464
glucose_gL,all_known,fusion_interpretable,ridge,"alpha=1.0,max_features=12,y_transform=log1p",10,0.75987193,0.36753276,0.36621751,-0.33196761,-13.065464
glucose_gL,all_known,eem_full,pls,"n_components=3,alpha=1.0,max_features=48,y_transform=log1p",10,0.75992231,0.34647351,0.38909789,-0.25446538,-10.479049
glucose_gL,all_known,eem_interpretable,pls,"n_components=12,alpha=1.0,max_features=12,y_transform=log1p",10,0.75997337,0.35242843,0.39327271,-0.22995028,-9.7370878
glucose_gL,all_known,eem_interpretable,pls,"n_components=12,alpha=1.0,max_features=24,y_transform=log1p",10,0.75997337,0.35242843,0.39327271,-0.22995028,-9.7370878
glucose_gL,all_known,eem_interpretable,pls,"n_components=12,alpha=1.0,max_features=48,y_transform=log1p",10,0.75997337,0.35242843,0.39327271,-0.22995028,-9.7370878
glucose_gL,all_known,eem_interpretable,pls,"n_components=12,alpha=1.0,max_features=96,y_transform=log1p",10,0.75997337,0.35242843,0.39327271,-0.22995028,-9.7370878
glucose_gL,all_known,fusion_full,knn,"k=5,weighted=True,max_features=24,y_transform=none",10,0.75997828,0.36434836,0.37306352,-0.57440484,-17.344093
glucose_gL,all_known,raman_interpretable,ridge,"alpha=10.0,max_features=12,y_transform=log1p",10,0.76000943,0.38791311,0.36187744,-0.20674374,-9.0353356
glucose_gL,all_known,raman_full,pls,"n_components=2,alpha=1.0,max_features=48,y_transform=log1p",10,0.76026957,0.38250891,0.36140572,-0.22084522,-9.5220823
glucose_gL,all_known,fusion_interpretable,pls,"n_components=8,alpha=1.0,max_features=12,y_transform=log1p",10,0.76032936,0.36701744,0.36653326,-0.33967773,-13.301498
glucose_gL,all_known,eem_interpretable,ridge,"alpha=0.1,max_features=12,y_transform=log1p",10,0.76037249,0.35168634,0.39385057,-0.23449215,-9.9073238
glucose_gL,all_known,eem_interpretable,ridge,"alpha=0.1,max_features=24,y_transform=log1p",10,0.76037249,0.35168634,0.39385057,-0.23449215,-9.9073238
glucose_gL,all_known,eem_interpretable,ridge,"alpha=0.1,max_features=48,y_transform=log1p",10,0.76037249,0.35168634,0.39385057,-0.23449215,-9.9073238
glucose_gL,all_known,eem_interpretable,ridge,"alpha=0.1,max_features=96,y_transform=log1p",10,0.76037249,0.35168634,0.39385057,-0.23449215,-9.9073238
glucose_gL,all_known,fusion_interpretable,pcr,"n_components=8,alpha=1.0,max_features=48,y_transform=log1p",10,0.76049747,0.37223924,0.35858887,-0.27363184,-11.457996
glucose_gL,all_known,fusion_interpretable,pcr,"n_components=8,alpha=1.0,max_features=96,y_transform=log1p",10,0.76049747,0.37223924,0.35858887,-0.27363184,-11.457996
glucose_gL,all_known,fusion_interpretable,pls,"n_components=12,alpha=1.0,max_features=12,y_transform=log1p",10,0.76051519,0.36691722,0.36656145,-0.34032005,-13.331957
glucose_gL,all_known,raman_full,pcr,"n_components=3,alpha=1.0,max_features=12,y_transform=log1p",10,0.76057014,0.38486845,0.36467519,-0.21311413,-9.2768996
glucose_gL,all_known,fusion_interpretable,ridge,"alpha=0.1,max_features=12,y_transform=log1p",10,0.76085122,0.36667491,0.36685915,-0.3437381,-13.446652
glucose_gL,all_known,fusion_full,ridge,"alpha=10.0,max_features=12,y_transform=log1p",10,0.76103917,0.36567744,0.37152843,-0.37452005,-14.236564
glucose_gL,all_known,raman_full,pcr,"n_components=2,alpha=1.0,max_features=12,y_transform=log1p",10,0.76109228,0.38405312,0.36480287,-0.22548406,-9.6572641
glucose_gL,all_known,fusion_full,pcr,"n_components=12,alpha=1.0,max_features=48,y_transform=log1p",10,0.76123786,0.35585259,0.36931906,-0.43259065,-15.780941
glucose_gL,all_known,eem_full,knn,"k=5,weighted=True,max_features=12,y_transform=log1p",10,0.76134101,0.36103775,0.3818967,-0.1885181,-8.4036389
glucose_gL,all_known,raman_interpretable,pls,"n_components=3,alpha=1.0,max_features=12,y_transform=log1p",10,0.76155164,0.3866602,0.36229859,-0.21944145,-9.5493864
glucose_gL,all_known,fusion_full,pcr,"n_components=12,alpha=1.0,max_features=24,y_transform=log1p",10,0.76159635,0.356684,0.37013248,-0.42232171,-15.612614
glucose_gL,all_known,fusion_full,pcr,"n_components=8,alpha=1.0,max_features=12,y_transform=log1p",10,0.76202715,0.36379105,0.37316771,-0.40693187,-15.094936
glucose_gL,all_known,fusion_full,pcr,"n_components=2,alpha=1.0,max_features=192,y_transform=log1p",10,0.76203513,0.38562344,0.36766031,-0.24132688,-10.260731
glucose_gL,all_known,fusion_full,pls,"n_components=3,alpha=1.0,max_features=12,y_transform=log1p",10,0.76219054,0.36262477,0.37182992,-0.41456866,-15.320512
glucose_gL,all_known,fusion_full,knn,"k=9,weighted=True,max_features=24,y_transform=none",10,0.76239984,0.34426864,0.38183578,-0.74401926,-21.581095
glucose_gL,all_known,eem_full,pls,"n_components=3,alpha=1.0,max_features=24,y_transform=log1p",10,0.76240259,0.34683601,0.39074882,-0.27018926,-11.017226
glucose_gL,all_known,fusion_interpretable,knn,"k=9,weighted=True,max_features=48,y_transform=log1p",10,0.76241331,0.34353724,0.35872402,-0.50529875,-17.641014
glucose_gL,all_known,fusion_interpretable,knn,"k=9,weighted=True,max_features=96,y_transform=log1p",10,0.76241331,0.34353724,0.35872402,-0.50529875,-17.641014
glucose_gL,all_known,raman_full,knn,"k=9,weighted=True,max_features=384,y_transform=log1p",10,0.76261008,0.36062785,0.35464756,-0.3671688,-14.038521
glucose_gL,all_known,fusion_full,pcr,"n_components=3,alpha=1.0,max_features=192,y_transform=log1p",10,0.76273409,0.3769657,0.36794657,-0.29275851,-12.008659
glucose_gL,all_known,eem_full,pcr,"n_components=12,alpha=1.0,max_features=12,y_transform=log1p",10,0.76388071,0.35003189,0.39033595,-0.25327203,-10.628448
glucose_gL,all_known,eem_full,ridge,"alpha=1.0,max_features=12,y_transform=log1p",10,0.76388071,0.35003189,0.39033595,-0.25327203,-10.628448
glucose_gL,all_known,fusion_full,knn,"k=5,weighted=True,max_features=96,y_transform=none",10,0.76390843,0.33560876,0.40101901,-0.74203366,-22.437576
glucose_gL,all_known,eem_full,pls,"n_components=5,alpha=1.0,max_features=12,y_transform=log1p",10,0.76461848,0.35036893,0.39264923,-0.26116347,-10.847171
glucose_gL,all_known,fusion_full,pls,"n_components=5,alpha=1.0,max_features=384,y_transform=log1p",10,0.76518464,0.36091839,0.37555022,-0.42374862,-15.944464
glucose_gL,all_known,fusion_full,knn,"k=9,weighted=True,max_features=192,y_transform=none",10,0.76529909,0.31548575,0.40157256,-0.99653315,-27.380634
glucose_gL,all_known,fusion_full,knn,"k=3,weighted=True,max_features=96,y_transform=log1p",10,0.76547377,0.35987096,0.35982901,-0.45784637,-16.555202
glucose_gL,all_known,eem_full,knn,"k=5,weighted=True,max_features=24,y_transform=log1p",10,0.76574938,0.37937045,0.37524249,-0.17052743,-7.6117538
glucose_gL,all_known,fusion_full,pcr,"n_components=2,alpha=1.0,max_features=96,y_transform=log1p",10,0.76576764,0.3706251,0.37186081,-0.38865437,-14.772322
glucose_gL,all_known,fusion_interpretable,pls,"n_components=3,alpha=1.0,max_features=48,y_transform=log1p",10,0.76599455,0.3679836,0.36158571,-0.32550163,-13.269897
glucose_gL,all_known,fusion_interpretable,pls,"n_components=3,alpha=1.0,max_features=96,y_transform=log1p",10,0.76599455,0.3679836,0.36158571,-0.32550163,-13.269897
glucose_gL,all_known,fusion_full,knn,"k=9,weighted=True,max_features=12,y_transform=log1p",10,0.766068,0.38617449,0.36139038,-0.24679117,-10.689879
glucose_gL,all_known,eem_full,knn,"k=5,weighted=True,max_features=48,y_transform=log1p",10,0.76658061,0.36673516,0.37868287,-0.24305178,-10.143033
glucose_gL,all_known,raman_interpretable,pcr,"n_components=5,alpha=1.0,max_features=12,y_transform=log1p",10,0.76659921,0.38269565,0.36360057,-0.24852631,-10.784102
glucose_gL,all_known,fusion_full,knn,"k=9,weighted=True,max_features=96,y_transform=none",10,0.76661861,0.32255838,0.40301213,-0.98785962,-27.291289
glucose_gL,all_known,eem_full,ridge,"alpha=10.0,max_features=48,y_transform=log1p",10,0.76692103,0.351355,0.39103273,-0.27195002,-11.316368
glucose_gL,all_known,raman_full,knn,"k=9,weighted=True,max_features=24,y_transform=log1p",10,0.76693434,0.39306982,0.34858072,-0.21767269,-9.5577947
glucose_gL,all_known,raman_full,knn,"k=9,weighted=True,max_features=96,y_transform=log1p",10,0.76749319,0.36712416,0.35538894,-0.37840847,-14.578485
glucose_gL,all_known,eem_full,knn,"k=5,weighted=True,max_features=192,y_transform=none",10,0.76756705,0.25693462,0.43428712,-0.90204967,-26.497852
glucose_gL,all_known,eem_full,knn,"k=5,weighted=True,max_features=384,y_transform=none",10,0.76756705,0.25693462,0.43428712,-0.90204967,-26.497852
glucose_gL,all_known,eem_full,pls,"n_components=5,alpha=1.0,max_features=24,y_transform=log1p",10,0.76760302,0.35383002,0.3982315,-0.28402723,-11.599124
glucose_gL,all_known,eem_full,pls,"n_components=12,alpha=1.0,max_features=12,y_transform=log1p",10,0.76809726,0.34765348,0.39400505,-0.27542417,-11.556991
glucose_gL,all_known,fusion_full,knn,"k=5,weighted=True,max_features=48,y_transform=none",10,0.76813276,0.35517059,0.38693656,-0.68759754,-20.684051
glucose_gL,all_known,fusion_full,ridge,"alpha=1.0,max_features=12,y_transform=log1p",10,0.76836411,0.36052104,0.37789689,-0.46367157,-16.949054
glucose_gL,all_known,fusion_full,pcr,"n_components=12,alpha=1.0,max_features=12,y_transform=log1p",10,0.76836411,0.36052104,0.37789689,-0.46367157,-16.949054
glucose_gL,all_known,fusion_interpretable,pls,"n_components=2,alpha=1.0,max_features=48,y_transform=log1p",10,0.76846698,0.36579017,0.36094395,-0.34705125,-13.975975
glucose_gL,all_known,fusion_interpretable,pls,"n_components=2,alpha=1.0,max_features=96,y_transform=log1p",10,0.76846698,0.36579017,0.36094395,-0.34705125,-13.975975
glucose_gL,all_known,eem_full,pcr,"n_components=2,alpha=1.0,max_features=192,y_transform=none",10,0.76851553,0.34743515,0.44417024,-0.29143814,-12.003746
glucose_gL,all_known,eem_full,pcr,"n_components=2,alpha=1.0,max_features=384,y_transform=none",10,0.76851553,0.34743515,0.44417024,-0.29143814,-12.003746
glucose_gL,all_known,eem_full,pls,"n_components=8,alpha=1.0,max_features=12,y_transform=log1p",10,0.76862471,0.34819217,0.39412724,-0.27567763,-11.57872
glucose_gL,all_known,raman_full,ridge,"alpha=10.0,max_features=12,y_transform=log1p",10,0.76873149,0.37900088,0.36724276,-0.26737787,-11.47747
glucose_gL,all_known,eem_full,ridge,"alpha=0.1,max_features=12,y_transform=log1p",10,0.76879973,0.34718718,0.39465278,-0.27920823,-11.715354
glucose_gL,all_known,fusion_full,ridge,"alpha=10.0,max_features=96,y_transform=log1p",10,0.76890508,0.35789928,0.38544608,-0.50613784,-17.934247
glucose_gL,all_known,fusion_interpretable,knn,"k=3,weighted=True,max_features=12,y_transform=log1p",10,0.76903467,0.3339805,0.37679415,-0.90935386,-25.916772
glucose_gL,all_known,raman_interpretable,knn,"k=9,weighted=True,max_features=12,y_transform=log1p",10,0.7693765,0.35637559,0.36355415,-0.40722826,-15.753759
glucose_gL,all_known,fusion_full,ridge,"alpha=10.0,max_features=48,y_transform=log1p",10,0.76942029,0.35205822,0.38114892,-0.50547966,-18.103437
glucose_gL,all_known,fusion_full,pls,"n_components=5,alpha=1.0,max_features=12,y_transform=log1p",10,0.769427,0.35979029,0.37829453,-0.48751681,-17.543668
glucose_gL,all_known,raman_interpretable,knn,"k=5,weighted=True,max_features=12,y_transform=log1p",10,0.76970568,0.34244989,0.35450395,-0.53262264,-19.036188
glucose_gL,all_known,eem_interpretable,pcr,"n_components=2,alpha=1.0,max_features=12,y_transform=none",10,0.7703137,0.32532596,0.43838097,-0.4190776,-15.603612
glucose_gL,all_known,eem_interpretable,pcr,"n_components=2,alpha=1.0,max_features=24,y_transform=none",10,0.7703137,0.32532596,0.43838097,-0.4190776,-15.603612
glucose_gL,all_known,eem_interpretable,pcr,"n_components=2,alpha=1.0,max_features=48,y_transform=none",10,0.7703137,0.32532596,0.43838097,-0.4190776,-15.603612
glucose_gL,all_known,eem_interpretable,pcr,"n_components=2,alpha=1.0,max_features=96,y_transform=none",10,0.7703137,0.32532596,0.43838097,-0.4190776,-15.603612
glucose_gL,all_known,fusion_full,pls,"n_components=12,alpha=1.0,max_features=12,y_transform=log1p",10,0.77093446,0.35852922,0.38007323,-0.49192688,-17.833771
glucose_gL,all_known,fusion_full,pls,"n_components=8,alpha=1.0,max_features=12,y_transform=log1p",10,0.77118459,0.35855878,0.37978889,-0.49408499,-17.893254
glucose_gL,all_known,fusion_full,ridge,"alpha=0.1,max_features=12,y_transform=log1p",10,0.77123365,0.35819472,0.38037673,-0.4964218,-17.968981
glucose_gL,all_known,raman_full,pls,"n_components=2,alpha=1.0,max_features=96,y_transform=log1p",10,0.77192611,0.37685536,0.36320811,-0.29940321,-12.404548
glucose_gL,all_known,fusion_full,pcr,"n_components=12,alpha=1.0,max_features=96,y_transform=log1p",10,0.77211854,0.34680347,0.37062962,-0.53057459,-18.917799
glucose_gL,all_known,raman_full,pcr,"n_components=5,alpha=1.0,max_features=384,y_transform=log1p",10,0.77265933,0.37460949,0.36631836,-0.31616498,-13.048444
glucose_gL,all_known,fusion_full,knn,"k=9,weighted=True,max_features=384,y_transform=none",10,0.7732973,0.30898574,0.41078497,-1.010425,-28.523396
glucose_gL,all_known,raman_full,knn,"k=9,weighted=True,max_features=12,y_transform=log1p",10,0.77343194,0.38389686,0.35239393,-0.30453997,-12.769708
glucose_gL,all_known,eem_full,pls,"n_components=5,alpha=1.0,max_features=48,y_transform=log1p",10,0.77349015,0.34808227,0.400471,-0.30491962,-12.690268
glucose_gL,all_known,fusion_full,pls,"n_components=5,alpha=1.0,max_features=192,y_transform=log1p",10,0.77382925,0.35133414,0.38248226,-0.56727667,-19.829793
glucose_gL,all_known,fusion_full,pls,"n_components=5,alpha=1.0,max_features=96,y_transform=log1p",10,0.77389859,0.34450065,0.39256781,-0.57725708,-20.245619
glucose_gL,all_known,fusion_full,knn,"k=3,weighted=True,max_features=24,y_transform=log1p",10,0.77418661,0.38521329,0.34460135,-0.35603526,-13.182318
glucose_gL,all_known,raman_interpretable,knn,"k=9,weighted=True,max_features=24,y_transform=log1p",10,0.7746795,0.35998452,0.36224397,-0.46862007,-17.460068
glucose_gL,all_known,raman_interpretable,knn,"k=9,weighted=True,max_features=48,y_transform=log1p",10,0.7746795,0.35998452,0.36224397,-0.46862007,-17.460068
glucose_gL,all_known,raman_interpretable,knn,"k=9,weighted=True,max_features=96,y_transform=log1p",10,0.7746795,0.35998452,0.36224397,-0.46862007,-17.460068
glucose_gL,all_known,fusion_full,knn,"k=5,weighted=True,max_features=192,y_transform=none",10,0.77503401,0.34489126,0.40286702,-0.6952655,-22.254499
glucose_gL,all_known,eem_full,ridge,"alpha=10.0,max_features=96,y_transform=log1p",10,0.77504031,0.33866655,0.41272853,-0.33200349,-13.719057
glucose_gL,all_known,fusion_full,knn,"k=3,weighted=True,max_features=192,y_transform=log1p",10,0.77516791,0.35937744,0.35693877,-0.52991742,-18.573371
glucose_gL,all_known,fusion_interpretable,pcr,"n_components=5,alpha=1.0,max_features=48,y_transform=none",10,0.77539235,0.3250777,0.43373961,-0.79629278,-25.228156
glucose_gL,all_known,fusion_interpretable,pcr,"n_components=5,alpha=1.0,max_features=96,y_transform=none",10,0.77539235,0.3250777,0.43373961,-0.79629278,-25.228156
glucose_gL,all_known,raman_full,pcr,"n_components=8,alpha=1.0,max_features=12,y_transform=log1p",10,0.77558179,0.37490395,0.36713571,-0.31944881,-13.28604
glucose_gL,all_known,fusion_full,knn,"k=3,weighted=True,max_features=48,y_transform=none",10,0.77573855,0.3422232,0.37500368,-0.8390573,-24.784438
glucose_gL,all_known,fusion_full,knn,"k=9,weighted=True,max_features=48,y_transform=none",10,0.7758037,0.32391857,0.40286714,-1.124692,-29.562656
glucose_gL,all_known,raman_full,pls,"n_components=3,alpha=1.0,max_features=12,y_transform=log1p",10,0.77611372,0.37385654,0.36776511,-0.32703655,-13.511532
glucose_gL,all_known,eem_full,pls,"n_components=5,alpha=1.0,max_features=96,y_transform=log1p",10,0.77665339,0.3352311,0.41503894,-0.34152426,-14.104662
glucose_gL,all_known,raman_full,knn,"k=5,weighted=True,max_features=24,y_transform=log1p",10,0.77683164,0.38362226,0.35643922,-0.32113508,-13.300432
glucose_gL,all_known,fusion_full,pcr,"n_components=8,alpha=1.0,max_features=96,y_transform=log1p",10,0.77695575,0.35016148,0.37161034,-0.55433984,-19.545762
glucose_gL,all_known,eem_interpretable,pcr,"n_components=3,alpha=1.0,max_features=12,y_transform=none",10,0.77716188,0.32128018,0.44556117,-0.47630842,-17.488221
glucose_gL,all_known,eem_interpretable,pcr,"n_components=3,alpha=1.0,max_features=24,y_transform=none",10,0.77716188,0.32128018,0.44556117,-0.47630842,-17.488221
glucose_gL,all_known,eem_interpretable,pcr,"n_components=3,alpha=1.0,max_features=48,y_transform=none",10,0.77716188,0.32128018,0.44556117,-0.47630842,-17.488221
glucose_gL,all_known,eem_interpretable,pcr,"n_components=3,alpha=1.0,max_features=96,y_transform=none",10,0.77716188,0.32128018,0.44556117,-0.47630842,-17.488221
glucose_gL,all_known,raman_full,pcr,"n_components=12,alpha=1.0,max_features=96,y_transform=log1p",10,0.77746978,0.36683178,0.36539014,-0.3928258,-15.411355
glucose_gL,all_known,fusion_interpretable,pcr,"n_components=5,alpha=1.0,max_features=24,y_transform=none",10,0.77807662,0.32201217,0.43293916,-0.83644174,-26.326705
glucose_gL,all_known,raman_interpretable,pcr,"n_components=2,alpha=1.0,max_features=24,y_transform=none",10,0.77883264,0.3443971,0.44694129,-0.65973315,-22.165142
glucose_gL,all_known,raman_interpretable,pcr,"n_components=2,alpha=1.0,max_features=48,y_transform=none",10,0.77883264,0.3443971,0.44694129,-0.65973315,-22.165142
glucose_gL,all_known,raman_interpretable,pcr,"n_components=2,alpha=1.0,max_features=96,y_transform=none",10,0.77883264,0.3443971,0.44694129,-0.65973315,-22.165142
glucose_gL,all_known,raman_full,pcr,"n_components=5,alpha=1.0,max_features=192,y_transform=log1p",10,0.779975,0.36770544,0.36609445,-0.40327532,-15.620645
glucose_gL,all_known,raman_full,pls,"n_components=5,alpha=1.0,max_features=12,y_transform=log1p",10,0.78031119,0.37254036,0.37222245,-0.35552482,-14.62836
glucose_gL,all_known,raman_interpretable,pcr,"n_components=2,alpha=1.0,max_features=12,y_transform=none",10,0.78061463,0.34524547,0.44542788,-0.67217661,-22.535107
glucose_gL,all_known,raman_interpretable,pcr,"n_components=3,alpha=1.0,max_features=12,y_transform=none",10,0.78081387,0.34597666,0.44613053,-0.67573695,-22.602367
glucose_gL,all_known,raman_full,ridge,"alpha=0.1,max_features=12,y_transform=log1p",10,0.78082149,0.37190004,0.37278014,-0.36251979,-14.813571
glucose_gL,all_known,fusion_interpretable,pcr,"n_components=2,alpha=1.0,max_features=48,y_transform=none",10,0.78100745,0.33576255,0.44812103,-0.72406449,-23.989807
glucose_gL,all_known,fusion_interpretable,pcr,"n_components=2,alpha=1.0,max_features=96,y_transform=none",10,0.78100745,0.33576255,0.44812103,-0.72406449,-23.989807
glucose_gL,all_known,eem_full,pcr,"n_components=3,alpha=1.0,max_features=96,y_transform=none",10,0.7810732,0.30052443,0.4594492,-0.62239445,-21.31744
glucose_gL,all_known,raman_full,ridge,"alpha=1.0,max_features=12,y_transform=log1p",10,0.78117671,0.37230776,0.37260008,-0.36174886,-14.755784
glucose_gL,all_known,raman_full,pcr,"n_components=12,alpha=1.0,max_features=12,y_transform=log1p",10,0.78117671,0.37230776,0.37260008,-0.36174886,-14.755784
glucose_gL,all_known,eem_interpretable,pls,"n_components=2,alpha=1.0,max_features=12,y_transform=none",10,0.78129906,0.31360659,0.4492208,-0.54704686,-19.368461
glucose_gL,all_known,eem_interpretable,pls,"n_components=2,alpha=1.0,max_features=24,y_transform=none",10,0.78129906,0.31360659,0.4492208,-0.54704686,-19.368461
glucose_gL,all_known,eem_interpretable,pls,"n_components=2,alpha=1.0,max_features=48,y_transform=none",10,0.78129906,0.31360659,0.4492208,-0.54704686,-19.368461
glucose_gL,all_known,eem_interpretable,pls,"n_components=2,alpha=1.0,max_features=96,y_transform=none",10,0.78129906,0.31360659,0.4492208,-0.54704686,-19.368461
glucose_gL,all_known,raman_full,pls,"n_components=12,alpha=1.0,max_features=12,y_transform=log1p",10,0.78142774,0.37151236,0.37325924,-0.36603487,-14.976053
glucose_gL,all_known,fusion_full,pcr,"n_components=8,alpha=1.0,max_features=384,y_transform=none",10,0.78151563,0.30203728,0.45739503,-1.1965261,-32.943598
glucose_gL,all_known,eem_full,pcr,"n_components=5,alpha=1.0,max_features=192,y_transform=none",10,0.78164208,0.30289318,0.46604615,-0.59559646,-20.795313
glucose_gL,all_known,eem_full,pcr,"n_components=5,alpha=1.0,max_features=384,y_transform=none",10,0.78164208,0.30289318,0.46604615,-0.59559646,-20.795313
glucose_gL,all_known,raman_full,knn,"k=5,weighted=True,max_features=48,y_transform=log1p",10,0.78174274,0.37804738,0.36028348,-0.39803333,-15.736712
glucose_gL,all_known,fusion_interpretable,pcr,"n_components=3,alpha=1.0,max_features=12,y_transform=none",10,0.78182686,0.32248466,0.43866263,-0.8899315,-27.565056
glucose_gL,all_known,raman_interpretable,ridge,"alpha=10.0,max_features=12,y_transform=none",10,0.78240969,0.34654986,0.44369484,-0.66918129,-22.648587
glucose_gL,all_known,raman_interpretable,knn,"k=5,weighted=True,max_features=24,y_transform=log1p",10,0.78243076,0.34736831,0.35789386,-0.69908744,-23.124848
glucose_gL,all_known,raman_interpretable,knn,"k=5,weighted=True,max_features=48,y_transform=log1p",10,0.78243076,0.34736831,0.35789386,-0.69908744,-23.124848
glucose_gL,all_known,raman_interpretable,knn,"k=5,weighted=True,max_features=96,y_transform=log1p",10,0.78243076,0.34736831,0.35789386,-0.69908744,-23.124848
glucose_gL,all_known,eem_full,pls,"n_components=5,alpha=1.0,max_features=192,y_transform=log1p",10,0.78251783,0.33424075,0.41920245,-0.45538144,-17.083481
glucose_gL,all_known,eem_full,pls,"n_components=5,alpha=1.0,max_features=384,y_transform=log1p",10,0.78251783,0.33424075,0.41920245,-0.45538144,-17.083481
glucose_gL,all_known,raman_full,pls,"n_components=5,alpha=1.0,max_features=96,y_transform=log1p",10,0.78307207,0.37262341,0.37554221,-0.39092717,-16.110293
glucose_gL,all_known,eem_full,pcr,"n_components=3,alpha=1.0,max_features=192,y_transform=none",10,0.78331141,0.30674297,0.46091962,-0.59666126,-20.826497
glucose_gL,all_known,eem_full,pcr,"n_components=3,alpha=1.0,max_features=384,y_transform=none",10,0.78331141,0.30674297,0.46091962,-0.59666126,-20.826497
glucose_gL,all_known,raman_interpretable,pcr,"n_components=8,alpha=1.0,max_features=12,y_transform=log1p",10,0.7833658,0.37386953,0.36767647,-0.38236108,-15.180448
glucose_gL,all_known,raman_interpretable,ridge,"alpha=1.0,max_features=12,y_transform=log1p",10,0.7833658,0.37386953,0.36767647,-0.38236108,-15.180448
glucose_gL,all_known,raman_interpretable,pcr,"n_components=12,alpha=1.0,max_features=12,y_transform=log1p",10,0.7833658,0.37386953,0.36767647,-0.38236108,-15.180448
glucose_gL,all_known,fusion_full,pcr,"n_components=8,alpha=1.0,max_features=192,y_transform=none",10,0.78390869,0.29684121,0.46229988,-1.2123128,-33.547617
glucose_gL,all_known,eem_interpretable,knn,"k=9,weighted=True,max_features=12,y_transform=none",10,0.78391473,0.29179057,0.43340881,-0.95148827,-26.653574
glucose_gL,all_known,eem_interpretable,knn,"k=9,weighted=True,max_features=24,y_transform=none",10,0.78391473,0.29179057,0.43340881,-0.95148827,-26.653574
glucose_gL,all_known,eem_interpretable,knn,"k=9,weighted=True,max_features=48,y_transform=none",10,0.78391473,0.29179057,0.43340881,-0.95148827,-26.653574
glucose_gL,all_known,eem_interpretable,knn,"k=9,weighted=True,max_features=96,y_transform=none",10,0.78391473,0.29179057,0.43340881,-0.95148827,-26.653574
glucose_gL,all_known,fusion_full,pcr,"n_components=12,alpha=1.0,max_features=384,y_transform=none",10,0.7840033,0.29822096,0.46422853,-1.1688975,-32.751968
glucose_gL,all_known,raman_interpretable,knn,"k=3,weighted=True,max_features=12,y_transform=log1p",10,0.78406082,0.31120634,0.36131555,-0.95709557,-28.666629
glucose_gL,all_known,raman_full,pcr,"n_components=2,alpha=1.0,max_features=96,y_transform=none",10,0.78426699,0.34543784,0.4416511,-0.65362763,-22.715951
glucose_gL,all_known,raman_interpretable,pls,"n_components=2,alpha=1.0,max_features=12,y_transform=none",10,0.78483209,0.34323838,0.44699138,-0.72104218,-23.886325
glucose_gL,all_known,raman_full,pcr,"n_components=2,alpha=1.0,max_features=192,y_transform=none",10,0.78493573,0.34506954,0.44604347,-0.6955671,-23.480129
glucose_gL,all_known,fusion_interpretable,pcr,"n_components=3,alpha=1.0,max_features=48,y_transform=none",10,0.78498624,0.32432084,0.44454323,-0.85658169,-27.186278
glucose_gL,all_known,fusion_interpretable,pcr,"n_components=3,alpha=1.0,max_features=96,y_transform=none",10,0.78498624,0.32432084,0.44454323,-0.85658169,-27.186278
glucose_gL,all_known,fusion_interpretable,pcr,"n_components=3,alpha=1.0,max_features=24,y_transform=none",10,0.78506073,0.32498086,0.44338737,-0.86020966,-27.213861
glucose_gL,all_known,eem_full,ridge,"alpha=1.0,max_features=24,y_transform=log1p",10,0.78522683,0.34079297,0.41279859,-0.42149539,-16.514714
glucose_gL,all_known,eem_full,pls,"n_components=2,alpha=1.0,max_features=96,y_transform=none",10,0.78549002,0.29356106,0.47074206,-0.68233359,-22.999669
glucose_gL,all_known,eem_full,pcr,"n_components=3,alpha=1.0,max_features=48,y_transform=none",10,0.78557023,0.29768974,0.46805665,-0.65029358,-22.340228
glucose_gL,all_known,raman_full,pcr,"n_components=2,alpha=1.0,max_features=384,y_transform=none",10,0.78567273,0.34311135,0.44856507,-0.70264034,-23.766059
glucose_gL,all_known,eem_full,pcr,"n_components=5,alpha=1.0,max_features=96,y_transform=none",10,0.7857846,0.29719169,0.46746885,-0.66874355,-22.651629
glucose_gL,all_known,eem_interpretable,knn,"k=5,weighted=True,max_features=12,y_transform=log1p",10,0.78610621,0.31722496,0.3971533,-0.79205795,-23.563926
glucose_gL,all_known,eem_interpretable,knn,"k=5,weighted=True,max_features=24,y_transform=log1p",10,0.78610621,0.31722496,0.3971533,-0.79205795,-23.563926
glucose_gL,all_known,eem_interpretable,knn,"k=5,weighted=True,max_features=48,y_transform=log1p",10,0.78610621,0.31722496,0.3971533,-0.79205795,-23.563926
glucose_gL,all_known,eem_interpretable,knn,"k=5,weighted=True,max_features=96,y_transform=log1p",10,0.78610621,0.31722496,0.3971533,-0.79205795,-23.563926
glucose_gL,all_known,raman_full,pcr,"n_components=8,alpha=1.0,max_features=24,y_transform=log1p",10,0.78615583,0.36721539,0.36838605,-0.44176497,-16.698633
glucose_gL,all_known,fusion_interpretable,pls,"n_components=2,alpha=1.0,max_features=24,y_transform=none",10,0.78617234,0.3137296,0.44153993,-0.97746615,-29.743263
glucose_gL,all_known,fusion_full,pcr,"n_components=5,alpha=1.0,max_features=96,y_transform=none",10,0.78623951,0.30430696,0.46070425,-1.1465307,-32.734865
glucose_gL,all_known,eem_full,knn,"k=3,weighted=True,max_features=12,y_transform=log1p",10,0.78625146,0.36852443,0.3974775,-0.27317904,-11.998704
glucose_gL,all_known,eem_full,knn,"k=9,weighted=True,max_features=96,y_transform=none",10,0.78634491,0.28264676,0.44592985,-0.74140202,-24.365413
glucose_gL,all_known,raman_full,pls,"n_components=5,alpha=1.0,max_features=48,y_transform=log1p",10,0.78646013,0.36203686,0.37516223,-0.44053072,-17.602251
glucose_gL,all_known,eem_full,knn,"k=3,weighted=True,max_features=24,y_transform=log1p",10,0.78655221,0.36532465,0.38509838,-0.32136667,-13.577527
glucose_gL,all_known,raman_full,knn,"k=5,weighted=True,max_features=192,y_transform=log1p",10,0.78659176,0.36688335,0.35639536,-0.43629531,-17.461809
glucose_gL,all_known,fusion_interpretable,pcr,"n_components=2,alpha=1.0,max_features=12,y_transform=none",10,0.78659253,0.32641083,0.44433439,-0.88505687,-27.754471
glucose_gL,all_known,fusion_interpretable,pls,"n_components=2,alpha=1.0,max_features=12,y_transform=none",10,0.78670483,0.31261235,0.44098262,-1.0200545,-30.492564
glucose_gL,all_known,fusion_interpretable,pcr,"n_components=2,alpha=1.0,max_features=24,y_transform=none",10,0.78672881,0.32699471,0.45292787,-0.83087135,-26.798844
glucose_gL,all_known,fusion_full,pcr,"n_components=2,alpha=1.0,max_features=384,y_transform=none",10,0.78695784,0.34262545,0.44932429,-0.72134423,-24.226693
glucose_gL,all_known,fusion_interpretable,pcr,"n_components=8,alpha=1.0,max_features=48,y_transform=none",10,0.78712926,0.31529034,0.44261037,-0.95125662,-29.389449
glucose_gL,all_known,fusion_interpretable,pcr,"n_components=8,alpha=1.0,max_features=96,y_transform=none",10,0.78712926,0.31529034,0.44261037,-0.95125662,-29.389449
glucose_gL,all_known,eem_full,pcr,"n_components=5,alpha=1.0,max_features=48,y_transform=none",10,0.78732284,0.29579314,0.47341897,-0.6773665,-23.030142
glucose_gL,all_known,eem_full,pcr,"n_components=2,alpha=1.0,max_features=48,y_transform=none",10,0.78745194,0.3019936,0.4670362,-0.65423025,-22.482995
glucose_gL,all_known,eem_full,pcr,"n_components=2,alpha=1.0,max_features=96,y_transform=none",10,0.78755724,0.3070219,0.46121217,-0.64839031,-22.262141
glucose_gL,all_known,eem_full,pcr,"n_components=3,alpha=1.0,max_features=24,y_transform=none",10,0.78758068,0.29711377,0.47435834,-0.65527455,-22.606453
glucose_gL,all_known,raman_interpretable,pcr,"n_components=5,alpha=1.0,max_features=12,y_transform=none",10,0.78758397,0.34212777,0.44504399,-0.70685006,-24.038389
glucose_gL,all_known,raman_interpretable,pls,"n_components=3,alpha=1.0,max_features=12,y_transform=none",10,0.78767761,0.3421996,0.44437954,-0.70298417,-24.013068
glucose_gL,all_known,eem_full,pcr,"n_components=2,alpha=1.0,max_features=12,y_transform=none",10,0.78770824,0.30092606,0.47710346,-0.63470037,-22.152333
glucose_gL,all_known,raman_full,pls,"n_components=5,alpha=1.0,max_features=192,y_transform=log1p",10,0.7881195,0.36879339,0.37611781,-0.53425897,-19.659192
glucose_gL,all_known,fusion_interpretable,pls,"n_components=2,alpha=1.0,max_features=48,y_transform=none",10,0.78825611,0.31256112,0.44354455,-0.98788776,-30.211626
glucose_gL,all_known,fusion_interpretable,pls,"n_components=2,alpha=1.0,max_features=96,y_transform=none",10,0.78825611,0.31256112,0.44354455,-0.98788776,-30.211626
glucose_gL,all_known,fusion_full,pls,"n_components=3,alpha=1.0,max_features=96,y_transform=none",10,0.78836712,0.29552253,0.47836477,-1.2422731,-34.605772
glucose_gL,all_known,raman_interpretable,pcr,"n_components=3,alpha=1.0,max_features=24,y_transform=none",10,0.78869514,0.33931139,0.44941241,-0.71975684,-24.532417
glucose_gL,all_known,raman_interpretable,pcr,"n_components=3,alpha=1.0,max_features=48,y_transform=none",10,0.78869514,0.33931139,0.44941241,-0.71975684,-24.532417
glucose_gL,all_known,raman_interpretable,pcr,"n_components=3,alpha=1.0,max_features=96,y_transform=none",10,0.78869514,0.33931139,0.44941241,-0.71975684,-24.532417
glucose_gL,all_known,eem_full,pls,"n_components=2,alpha=1.0,max_features=48,y_transform=none",10,0.78887959,0.29437925,0.4743796,-0.69070797,-23.450857
glucose_gL,all_known,fusion_interpretable,knn,"k=5,weighted=True,max_features=24,y_transform=none",10,0.78900707,0.29966852,0.40726988,-1.1951643,-33.532658
glucose_gL,all_known,eem_full,knn,"k=9,weighted=True,max_features=192,y_transform=none",10,0.78918765,0.27676364,0.45240832,-0.80275692,-26.026492
glucose_gL,all_known,eem_full,knn,"k=9,weighted=True,max_features=384,y_transform=none",10,0.78918765,0.27676364,0.45240832,-0.80275692,-26.026492
glucose_gL,all_known,eem_interpretable,ridge,"alpha=10.0,max_features=12,y_transform=none",10,0.78967383,0.3043236,0.4670206,-0.65506195,-22.381712
glucose_gL,all_known,eem_interpretable,ridge,"alpha=10.0,max_features=24,y_transform=none",10,0.78967383,0.3043236,0.4670206,-0.65506195,-22.381712
glucose_gL,all_known,eem_interpretable,ridge,"alpha=10.0,max_features=48,y_transform=none",10,0.78967383,0.3043236,0.4670206,-0.65506195,-22.381712
glucose_gL,all_known,eem_interpretable,ridge,"alpha=10.0,max_features=96,y_transform=none",10,0.78967383,0.3043236,0.4670206,-0.65506195,-22.381712
glucose_gL,all_known,eem_full,pcr,"n_components=5,alpha=1.0,max_features=12,y_transform=none",10,0.78981676,0.29834407,0.47844083,-0.65013251,-22.657684
glucose_gL,all_known,fusion_full,ridge,"alpha=10.0,max_features=192,y_transform=log1p",10,0.78982348,0.36030664,0.40292797,-0.62123308,-21.977177
glucose_gL,all_known,eem_full,pcr,"n_components=2,alpha=1.0,max_features=24,y_transform=none",10,0.78986338,0.29994947,0.47552423,-0.66101025,-22.859251
glucose_gL,all_known,fusion_interpretable,knn,"k=5,weighted=True,max_features=48,y_transform=none",10,0.78991234,0.27863944,0.39842438,-1.5404035,-39.130393
glucose_gL,all_known,fusion_interpretable,knn,"k=5,weighted=True,max_features=96,y_transform=none",10,0.78991234,0.27863944,0.39842438,-1.5404035,-39.130393
glucose_gL,all_known,eem_full,knn,"k=9,weighted=True,max_features=24,y_transform=none",10,0.79036492,0.33978978,0.42835166,-0.49522604,-18.376915
glucose_gL,all_known,raman_interpretable,pcr,"n_components=3,alpha=1.0,max_features=24,y_transform=log1p",10,0.79073414,0.36975618,0.36995715,-0.46247949,-17.45167
glucose_gL,all_known,raman_interpretable,pcr,"n_components=3,alpha=1.0,max_features=48,y_transform=log1p",10,0.79073414,0.36975618,0.36995715,-0.46247949,-17.45167
glucose_gL,all_known,raman_interpretable,pcr,"n_components=3,alpha=1.0,max_features=96,y_transform=log1p",10,0.79073414,0.36975618,0.36995715,-0.46247949,-17.45167
glucose_gL,all_known,eem_full,pls,"n_components=2,alpha=1.0,max_features=192,y_transform=none",10,0.79076297,0.29193022,0.48334637,-0.70558947,-23.91225
glucose_gL,all_known,eem_full,pls,"n_components=2,alpha=1.0,max_features=384,y_transform=none",10,0.79076297,0.29193022,0.48334637,-0.70558947,-23.91225
glucose_gL,all_known,fusion_full,pcr,"n_components=5,alpha=1.0,max_features=48,y_transform=none",10,0.79101546,0.30504194,0.46482361,-1.1578904,-33.285125
glucose_gL,all_known,eem_full,knn,"k=5,weighted=True,max_features=96,y_transform=none",10,0.7910183,0.27434697,0.4324562,-0.81847244,-26.734454
glucose_gL,all_known,eem_full,knn,"k=3,weighted=True,max_features=48,y_transform=log1p",10,0.79116529,0.3596711,0.37823913,-0.40011474,-15.77955
glucose_gL,all_known,eem_full,pcr,"n_components=3,alpha=1.0,max_features=12,y_transform=none",10,0.79124661,0.29853087,0.47879525,-0.64884179,-22.772669
glucose_gL,all_known,raman_full,pls,"n_components=8,alpha=1.0,max_features=12,y_transform=log1p",10,0.79136247,0.36778217,0.37631894,-0.45499365,-17.625713
glucose_gL,all_known,fusion_full,ridge,"alpha=1.0,max_features=24,y_transform=log1p",10,0.79194586,0.34628934,0.38940478,-0.70399855,-24.284523
glucose_gL,all_known,fusion_full,pcr,"n_components=8,alpha=1.0,max_features=48,y_transform=none",10,0.79215378,0.30263178,0.46752084,-1.2107403,-34.242848
glucose_gL,all_known,fusion_interpretable,pls,"n_components=3,alpha=1.0,max_features=48,y_transform=none",10,0.79220731,0.30915376,0.44313867,-1.0776447,-32.027998
glucose_gL,all_known,fusion_interpretable,pls,"n_components=3,alpha=1.0,max_features=96,y_transform=none",10,0.79220731,0.30915376,0.44313867,-1.0776447,-32.027998
glucose_gL,all_known,fusion_full,pcr,"n_components=5,alpha=1.0,max_features=192,y_transform=none",10,0.7925465,0.29271896,0.4669446,-1.2537729,-35.347363
glucose_gL,all_known,raman_interpretable,pcr,"n_components=5,alpha=1.0,max_features=24,y_transform=log1p",10,0.79271015,0.36737458,0.37069997,-0.48326959,-18.180603
glucose_gL,all_known,raman_interpretable,pcr,"n_components=5,alpha=1.0,max_features=48,y_transform=log1p",10,0.79271015,0.36737458,0.37069997,-0.48326959,-18.180603
glucose_gL,all_known,raman_interpretable,pcr,"n_components=5,alpha=1.0,max_features=96,y_transform=log1p",10,0.79271015,0.36737458,0.37069997,-0.48326959,-18.180603
glucose_gL,all_known,fusion_full,pcr,"n_components=12,alpha=1.0,max_features=192,y_transform=none",10,0.79273986,0.29302811,0.47484369,-1.2770216,-35.43931
glucose_gL,all_known,fusion_interpretable,pls,"n_components=3,alpha=1.0,max_features=24,y_transform=none",10,0.79296338,0.30821007,0.44255608,-1.0523111,-31.823258
glucose_gL,all_known,eem_interpretable,knn,"k=3,weighted=True,max_features=12,y_transform=log1p",10,0.79315107,0.32060753,0.40073495,-1.1622049,-30.477554
glucose_gL,all_known,eem_interpretable,knn,"k=3,weighted=True,max_features=24,y_transform=log1p",10,0.79315107,0.32060753,0.40073495,-1.1622049,-30.477554
glucose_gL,all_known,eem_interpretable,knn,"k=3,weighted=True,max_features=48,y_transform=log1p",10,0.79315107,0.32060753,0.40073495,-1.1622049,-30.477554
glucose_gL,all_known,eem_interpretable,knn,"k=3,weighted=True,max_features=96,y_transform=log1p",10,0.79315107,0.32060753,0.40073495,-1.1622049,-30.477554
glucose_gL,all_known,fusion_interpretable,knn,"k=3,weighted=True,max_features=48,y_transform=none",10,0.79321303,0.30153176,0.39379195,-2.1251984,-44.819718
glucose_gL,all_known,fusion_interpretable,knn,"k=3,weighted=True,max_features=96,y_transform=none",10,0.79321303,0.30153176,0.39379195,-2.1251984,-44.819718
glucose_gL,all_known,eem_full,pls,"n_components=8,alpha=1.0,max_features=24,y_transform=log1p",10,0.79329411,0.34122761,0.41836129,-0.46556657,-18.097345
glucose_gL,all_known,eem_full,knn,"k=9,weighted=True,max_features=48,y_transform=none",10,0.79342686,0.30468561,0.44712397,-0.68782919,-23.421467
glucose_gL,all_known,eem_full,pcr,"n_components=8,alpha=1.0,max_features=192,y_transform=none",10,0.7934392,0.29015412,0.48120852,-0.73246407,-24.640418
glucose_gL,all_known,eem_full,pcr,"n_components=8,alpha=1.0,max_features=384,y_transform=none",10,0.7934392,0.29015412,0.48120852,-0.73246407,-24.640418
glucose_gL,all_known,eem_full,pcr,"n_components=5,alpha=1.0,max_features=24,y_transform=none",10,0.79355154,0.2946412,0.48057174,-0.69132441,-23.860244
glucose_gL,all_known,raman_interpretable,pcr,"n_components=8,alpha=1.0,max_features=12,y_transform=none",10,0.79368077,0.33888302,0.44957262,-0.73957961,-25.427923
glucose_gL,all_known,raman_interpretable,ridge,"alpha=1.0,max_features=12,y_transform=none",10,0.79368077,0.33888302,0.44957262,-0.73957961,-25.427923
glucose_gL,all_known,raman_interpretable,pcr,"n_components=12,alpha=1.0,max_features=12,y_transform=none",10,0.79368077,0.33888302,0.44957262,-0.73957961,-25.427923
glucose_gL,all_known,eem_interpretable,pcr,"n_components=5,alpha=1.0,max_features=12,y_transform=none",10,0.79395177,0.30077717,0.46970524,-0.70922179,-23.761183
glucose_gL,all_known,eem_interpretable,pcr,"n_components=5,alpha=1.0,max_features=24,y_transform=none",10,0.79395177,0.30077717,0.46970524,-0.70922179,-23.761183
glucose_gL,all_known,eem_interpretable,pcr,"n_components=5,alpha=1.0,max_features=48,y_transform=none",10,0.79395177,0.30077717,0.46970524,-0.70922179,-23.761183
glucose_gL,all_known,eem_interpretable,pcr,"n_components=5,alpha=1.0,max_features=96,y_transform=none",10,0.79395177,0.30077717,0.46970524,-0.70922179,-23.761183
glucose_gL,all_known,raman_interpretable,pcr,"n_components=5,alpha=1.0,max_features=24,y_transform=none",10,0.7941893,0.33379755,0.45222031,-0.77170888,-26.237084
glucose_gL,all_known,raman_interpretable,pcr,"n_components=5,alpha=1.0,max_features=48,y_transform=none",10,0.7941893,0.33379755,0.45222031,-0.77170888,-26.237084
glucose_gL,all_known,raman_interpretable,pcr,"n_components=5,alpha=1.0,max_features=96,y_transform=none",10,0.7941893,0.33379755,0.45222031,-0.77170888,-26.237084
glucose_gL,all_known,raman_interpretable,pls,"n_components=2,alpha=1.0,max_features=24,y_transform=none",10,0.79427123,0.33533083,0.44846597,-0.75627265,-25.93164
glucose_gL,all_known,raman_interpretable,pls,"n_components=2,alpha=1.0,max_features=48,y_transform=none",10,0.79427123,0.33533083,0.44846597,-0.75627265,-25.93164
glucose_gL,all_known,raman_interpretable,pls,"n_components=2,alpha=1.0,max_features=96,y_transform=none",10,0.79427123,0.33533083,0.44846597,-0.75627265,-25.93164
glucose_gL,all_known,eem_full,pcr,"n_components=8,alpha=1.0,max_features=96,y_transform=none",10,0.79428983,0.28798172,0.4842217,-0.77400749,-25.453835
glucose_gL,all_known,fusion_full,pls,"n_components=3,alpha=1.0,max_features=192,y_transform=none",10,0.79463971,0.28599234,0.48610185,-1.3758076,-37.588268
glucose_gL,all_known,raman_full,ridge,"alpha=10.0,max_features=96,y_transform=log1p",10,0.7948732,0.3741095,0.37508485,-0.44455799,-17.638396
glucose_gL,all_known,raman_full,pcr,"n_components=2,alpha=1.0,max_features=48,y_transform=none",10,0.79498148,0.3373368,0.44270197,-0.73436536,-25.488696
glucose_gL,all_known,eem_full,knn,"k=9,weighted=True,max_features=12,y_transform=none",10,0.79499729,0.33768456,0.42209088,-0.43327172,-17.662643
glucose_gL,all_known,fusion_full,pcr,"n_components=2,alpha=1.0,max_features=192,y_transform=none",10,0.79528791,0.33671198,0.45516218,-0.82082796,-27.008561
glucose_gL,all_known,fusion_full,pcr,"n_components=8,alpha=1.0,max_features=96,y_transform=none",10,0.79532634,0.29782877,0.47335341,-1.2315315,-35.084258
glucose_gL,all_known,eem_full,pls,"n_components=2,alpha=1.0,max_features=12,y_transform=none",10,0.79536832,0.29819699,0.4823018,-0.69336959,-23.909938
glucose_gL,all_known,raman_interpretable,pls,"n_components=2,alpha=1.0,max_features=24,y_transform=log1p",10,0.79575582,0.3687158,0.36962739,-0.5133275,-18.76608
glucose_gL,all_known,raman_interpretable,pls,"n_components=2,alpha=1.0,max_features=48,y_transform=log1p",10,0.79575582,0.3687158,0.36962739,-0.5133275,-18.76608
glucose_gL,all_known,raman_interpretable,pls,"n_components=2,alpha=1.0,max_features=96,y_transform=log1p",10,0.79575582,0.3687158,0.36962739,-0.5133275,-18.76608
glucose_gL,all_known,fusion_interpretable,ridge,"alpha=0.1,max_features=24,y_transform=log1p",10,0.79584054,0.34902121,0.38324656,-0.65002963,-22.654101
glucose_gL,all_known,fusion_full,pls,"n_components=3,alpha=1.0,max_features=48,y_transform=none",10,0.79589479,0.30039634,0.47622478,-1.272559,-35.715023
glucose_gL,all_known,raman_full,knn,"k=5,weighted=True,max_features=12,y_transform=log1p",10,0.79596551,0.38243377,0.36552749,-0.42569785,-17.327851
glucose_gL,all_known,fusion_full,pls,"n_components=2,alpha=1.0,max_features=192,y_transform=none",10,0.7962561,0.29492879,0.46927444,-1.3238909,-36.539637
glucose_gL,all_known,raman_full,pls,"n_components=5,alpha=1.0,max_features=384,y_transform=log1p",10,0.79663604,0.35903645,0.37145451,-0.59853846,-22.24591
glucose_gL,all_known,fusion_full,pcr,"n_components=12,alpha=1.0,max_features=96,y_transform=none",10,0.79695704,0.29390586,0.47687518,-1.3129169,-36.260027
glucose_gL,all_known,fusion_full,pcr,"n_components=2,alpha=1.0,max_features=12,y_transform=none",10,0.79732921,0.30786472,0.46299532,-1.1085905,-33.045217
glucose_gL,all_known,fusion_full,pcr,"n_components=3,alpha=1.0,max_features=384,y_transform=log1p",10,0.79748099,0.36770967,0.37691917,-0.53540505,-19.546925
glucose_gL,all_known,fusion_full,ridge,"alpha=1.0,max_features=48,y_transform=log1p",10,0.79748599,0.33655027,0.40960279,-0.78057185,-26.393446
glucose_gL,all_known,raman_interpretable,pls,"n_components=8,alpha=1.0,max_features=12,y_transform=none",10,0.79771362,0.33684289,0.45199204,-0.76613619,-26.395844
glucose_gL,all_known,raman_interpretable,pls,"n_components=12,alpha=1.0,max_features=12,y_transform=none",10,0.79771362,0.33684289,0.45199204,-0.76613619,-26.395844
glucose_gL,all_known,eem_full,ridge,"alpha=10.0,max_features=12,y_transform=none",10,0.79784098,0.29694121,0.48164511,-0.69572319,-24.219915
glucose_gL,all_known,eem_full,pls,"n_components=2,alpha=1.0,max_features=24,y_transform=none",10,0.79789172,0.2964652,0.48794214,-0.72157505,-24.707739
glucose_gL,all_known,raman_full,pcr,"n_components=5,alpha=1.0,max_features=192,y_transform=none",10,0.79838444,0.32334617,0.44819279,-0.86849721,-28.657708
glucose_gL,all_known,fusion_full,knn,"k=5,weighted=True,max_features=12,y_transform=log1p",10,0.79843515,0.37311313,0.37633202,-0.42868618,-17.925237
glucose_gL,all_known,fusion_full,pls,"n_components=2,alpha=1.0,max_features=48,y_transform=none",10,0.79874525,0.30016295,0.47269409,-1.3012286,-36.212137
glucose_gL,all_known,fusion_full,knn,"k=5,weighted=True,max_features=384,y_transform=none",10,0.79915254,0.32475251,0.41386646,-0.9743569,-29.643433
glucose_gL,all_known,raman_interpretable,pls,"n_components=5,alpha=1.0,max_features=12,y_transform=none",10,0.79923667,0.3359255,0.45224674,-0.78258934,-26.864316
glucose_gL,all_known,fusion_full,pcr,"n_components=3,alpha=1.0,max_features=96,y_transform=none",10,0.79930427,0.30285979,0.46197567,-1.2706189,-35.85065
glucose_gL,all_known,fusion_full,pls,"n_components=2,alpha=1.0,max_features=96,y_transform=none",10,0.7994749,0.29661915,0.47170076,-1.3335809,-36.962882
glucose_gL,all_known,fusion_full,pls,"n_components=2,alpha=1.0,max_features=384,y_transform=log1p",10,0.79952742,0.3565652,0.37061126,-0.72449886,-23.737878
glucose_gL,all_known,raman_full,knn,"k=9,weighted=True,max_features=192,y_transform=none",10,0.79989259,0.32200723,0.40797253,-0.9320884,-29.545486
glucose_gL,all_known,raman_full,ridge,"alpha=10.0,max_features=192,y_transform=log1p",10,0.80001063,0.3702845,0.38452036,-0.56893601,-21.267106
glucose_gL,all_known,fusion_full,knn,"k=3,weighted=True,max_features=384,y_transform=log1p",10,0.80087002,0.36243079,0.38648848,-0.76779202,-25.061828
glucose_gL,all_known,raman_full,knn,"k=9,weighted=True,max_features=48,y_transform=none",10,0.80087433,0.33857028,0.41455425,-0.94386984,-29.318001
glucose_gL,all_known,fusion_interpretable,knn,"k=5,weighted=True,max_features=12,y_transform=none",10,0.80098068,0.29097899,0.42346889,-1.7082371,-41.215211
glucose_gL,all_known,raman_full,pcr,"n_components=8,alpha=1.0,max_features=384,y_transform=none",10,0.80139101,0.32421114,0.44517006,-0.88307154,-29.212942
glucose_gL,all_known,raman_full,pcr,"n_components=5,alpha=1.0,max_features=24,y_transform=none",10,0.80149569,0.33005044,0.45325851,-0.82304661,-27.983566
glucose_gL,all_known,raman_interpretable,knn,"k=3,weighted=True,max_features=24,y_transform=log1p",10,0.80171437,0.30739351,0.35873881,-1.5176948,-38.700765
glucose_gL,all_known,raman_interpretable,knn,"k=3,weighted=True,max_features=48,y_transform=log1p",10,0.80171437,0.30739351,0.35873881,-1.5176948,-38.700765
glucose_gL,all_known,raman_interpretable,knn,"k=3,weighted=True,max_features=96,y_transform=log1p",10,0.80171437,0.30739351,0.35873881,-1.5176948,-38.700765
glucose_gL,all_known,raman_full,pcr,"n_components=5,alpha=1.0,max_features=384,y_transform=none",10,0.8019,0.32635994,0.44899266,-0.86270323,-28.742369
glucose_gL,all_known,fusion_full,pcr,"n_components=3,alpha=1.0,max_features=48,y_transform=none",10,0.80191968,0.30073783,0.46644078,-1.2931773,-36.494179
glucose_gL,all_known,fusion_full,pcr,"n_components=3,alpha=1.0,max_features=24,y_transform=none",10,0.80206078,0.30859203,0.46709398,-1.1698591,-34.511199
glucose_gL,all_known,eem_interpretable,pcr,"n_components=8,alpha=1.0,max_features=12,y_transform=none",10,0.80228624,0.29096847,0.48948885,-0.81760525,-26.704543
glucose_gL,all_known,eem_interpretable,pcr,"n_components=8,alpha=1.0,max_features=24,y_transform=none",10,0.80228624,0.29096847,0.48948885,-0.81760525,-26.704543
glucose_gL,all_known,eem_interpretable,pcr,"n_components=8,alpha=1.0,max_features=48,y_transform=none",10,0.80228624,0.29096847,0.48948885,-0.81760525,-26.704543
glucose_gL,all_known,eem_interpretable,pcr,"n_components=8,alpha=1.0,max_features=96,y_transform=none",10,0.80228624,0.29096847,0.48948885,-0.81760525,-26.704543
glucose_gL,all_known,raman_full,pcr,"n_components=12,alpha=1.0,max_features=96,y_transform=none",10,0.80236596,0.31982895,0.45907737,-0.91860789,-30.115692
glucose_gL,all_known,fusion_interpretable,ridge,"alpha=10.0,max_features=12,y_transform=none",10,0.80281742,0.29818986,0.45956712,-1.2599655,-36.293473
glucose_gL,all_known,fusion_full,pls,"n_components=3,alpha=1.0,max_features=24,y_transform=none",10,0.80283129,0.30043837,0.46941322,-1.2757293,-36.331506
glucose_gL,all_known,eem_full,ridge,"alpha=1.0,max_features=48,y_transform=log1p",10,0.80283572,0.33805931,0.42742951,-0.51058083,-19.914509
glucose_gL,all_known,fusion_interpretable,knn,"k=9,weighted=True,max_features=24,y_transform=none",10,0.80304456,0.27420508,0.42786812,-1.4960342,-39.865448
glucose_gL,all_known,fusion_full,knn,"k=3,weighted=True,max_features=96,y_transform=none",10,0.803208,0.33288376,0.39940335,-1.0221366,-31.072638
glucose_gL,all_known,eem_interpretable,pls,"n_components=3,alpha=1.0,max_features=12,y_transform=none",10,0.80341446,0.29493426,0.48126547,-0.82228663,-26.663885
glucose_gL,all_known,eem_interpretable,pls,"n_components=3,alpha=1.0,max_features=24,y_transform=none",10,0.80341446,0.29493426,0.48126547,-0.82228663,-26.663885
glucose_gL,all_known,eem_interpretable,pls,"n_components=3,alpha=1.0,max_features=48,y_transform=none",10,0.80341446,0.29493426,0.48126547,-0.82228663,-26.663885
glucose_gL,all_known,eem_interpretable,pls,"n_components=3,alpha=1.0,max_features=96,y_transform=none",10,0.80341446,0.29493426,0.48126547,-0.82228663,-26.663885
glucose_gL,all_known,fusion_full,pcr,"n_components=8,alpha=1.0,max_features=24,y_transform=none",10,0.80357608,0.30461839,0.46453642,-1.3122369,-36.496025
glucose_gL,all_known,eem_interpretable,pcr,"n_components=12,alpha=1.0,max_features=12,y_transform=none",10,0.80364293,0.28886142,0.48781769,-0.81736548,-26.974906
glucose_gL,all_known,eem_interpretable,pcr,"n_components=12,alpha=1.0,max_features=24,y_transform=none",10,0.80364293,0.28886142,0.48781769,-0.81736548,-26.974906
glucose_gL,all_known,eem_interpretable,pcr,"n_components=12,alpha=1.0,max_features=48,y_transform=none",10,0.80364293,0.28886142,0.48781769,-0.81736548,-26.974906
glucose_gL,all_known,eem_interpretable,pcr,"n_components=12,alpha=1.0,max_features=96,y_transform=none",10,0.80364293,0.28886142,0.48781769,-0.81736548,-26.974906
glucose_gL,all_known,eem_interpretable,ridge,"alpha=1.0,max_features=12,y_transform=none",10,0.80364293,0.28886142,0.48781769,-0.81736548,-26.974906
glucose_gL,all_known,eem_interpretable,ridge,"alpha=1.0,max_features=24,y_transform=none",10,0.80364293,0.28886142,0.48781769,-0.81736548,-26.974906
glucose_gL,all_known,eem_interpretable,ridge,"alpha=1.0,max_features=48,y_transform=none",10,0.80364293,0.28886142,0.48781769,-0.81736548,-26.974906
glucose_gL,all_known,eem_interpretable,ridge,"alpha=1.0,max_features=96,y_transform=none",10,0.80364293,0.28886142,0.48781769,-0.81736548,-26.974906
glucose_gL,all_known,raman_full,pcr,"n_components=3,alpha=1.0,max_features=24,y_transform=none",10,0.803656,0.32887005,0.451158,-0.8468397,-28.638657
glucose_gL,all_known,fusion_interpretable,knn,"k=9,weighted=True,max_features=48,y_transform=none",10,0.80377414,0.26987729,0.4233703,-1.5942509,-41.193903
glucose_gL,all_known,fusion_interpretable,knn,"k=9,weighted=True,max_features=96,y_transform=none",10,0.80377414,0.26987729,0.4233703,-1.5942509,-41.193903
glucose_gL,all_known,fusion_interpretable,knn,"k=3,weighted=True,max_features=24,y_transform=none",10,0.80387181,0.30355937,0.38788575,-1.4431503,-39.114789
glucose_gL,all_known,fusion_full,pcr,"n_components=12,alpha=1.0,max_features=48,y_transform=none",10,0.80404784,0.29772401,0.47439364,-1.3872436,-37.932359
glucose_gL,all_known,fusion_full,pcr,"n_components=5,alpha=1.0,max_features=24,y_transform=none",10,0.80428241,0.30467092,0.47061001,-1.2071515,-35.454075
glucose_gL,all_known,fusion_full,pls,"n_components=8,alpha=1.0,max_features=96,y_transform=log1p",10,0.80456546,0.35461652,0.4172999,-0.78938555,-26.757525
glucose_gL,all_known,eem_full,pls,"n_components=3,alpha=1.0,max_features=96,y_transform=none",10,0.80457296,0.27521379,0.50298676,-0.84533288,-27.911722
glucose_gL,all_known,raman_full,pcr,"n_components=12,alpha=1.0,max_features=48,y_transform=log1p",10,0.80458825,0.36381019,0.37195844,-0.68342554,-22.470356
glucose_gL,all_known,raman_interpretable,pls,"n_components=8,alpha=1.0,max_features=12,y_transform=log1p",10,0.80469519,0.37126863,0.37208579,-0.61874188,-21.000505
glucose_gL,all_known,raman_interpretable,pls,"n_components=12,alpha=1.0,max_features=12,y_transform=log1p",10,0.80469519,0.37126863,0.37208579,-0.61874188,-21.000505
glucose_gL,all_known,fusion_full,pls,"n_components=2,alpha=1.0,max_features=24,y_transform=none",10,0.80491135,0.30378511,0.47153607,-1.2233568,-35.67968
glucose_gL,all_known,fusion_interpretable,knn,"k=9,weighted=True,max_features=12,y_transform=none",10,0.80497694,0.27528544,0.43581234,-1.9402484,-44.664372
glucose_gL,all_known,fusion_full,pls,"n_components=2,alpha=1.0,max_features=384,y_transform=none",10,0.80531856,0.29664891,0.4690916,-1.3451512,-37.944965
glucose_gL,all_known,eem_full,pls,"n_components=12,alpha=1.0,max_features=24,y_transform=log1p",10,0.80542491,0.32842868,0.43073762,-0.59587216,-22.079596
glucose_gL,all_known,raman_full,pcr,"n_components=2,alpha=1.0,max_features=24,y_transform=none",10,0.80544242,0.33225349,0.45166081,-0.81567932,-28.085225
glucose_gL,all_known,raman_full,pcr,"n_components=3,alpha=1.0,max_features=192,y_transform=log1p",10,0.80549777,0.37180395,0.37354315,-0.64423539,-21.343317
glucose_gL,all_known,fusion_full,pcr,"n_components=2,alpha=1.0,max_features=24,y_transform=none",10,0.8056085,0.30555021,0.46887129,-1.1973215,-35.348436
glucose_gL,all_known,raman_full,pcr,"n_components=5,alpha=1.0,max_features=12,y_transform=none",10,0.80566532,0.32527517,0.45318262,-0.8748825,-29.412451
glucose_gL,all_known,eem_interpretable,pls,"n_components=5,alpha=1.0,max_features=12,y_transform=none",10,0.80593332,0.28689499,0.48668342,-0.84914234,-27.789023
glucose_gL,all_known,eem_interpretable,pls,"n_components=5,alpha=1.0,max_features=24,y_transform=none",10,0.80593332,0.28689499,0.48668342,-0.84914234,-27.789023
glucose_gL,all_known,eem_interpretable,pls,"n_components=5,alpha=1.0,max_features=48,y_transform=none",10,0.80593332,0.28689499,0.48668342,-0.84914234,-27.789023
glucose_gL,all_known,eem_interpretable,pls,"n_components=5,alpha=1.0,max_features=96,y_transform=none",10,0.80593332,0.28689499,0.48668342,-0.84914234,-27.789023
glucose_gL,all_known,eem_full,ridge,"alpha=0.1,max_features=24,y_transform=log1p",10,0.80602921,0.32733803,0.43217308,-0.60100377,-22.271775
glucose_gL,all_known,eem_full,pcr,"n_components=8,alpha=1.0,max_features=48,y_transform=none",10,0.8060318,0.28403866,0.49051474,-0.82714435,-27.598129
glucose_gL,all_known,raman_full,pls,"n_components=2,alpha=1.0,max_features=48,y_transform=none",10,0.80607519,0.32567042,0.45143206,-0.88529927,-29.598238
glucose_gL,all_known,fusion_full,pls,"n_components=5,alpha=1.0,max_features=24,y_transform=log1p",10,0.80608703,0.34994712,0.38365504,-0.89995949,-27.841869
glucose_gL,all_known,raman_full,pcr,"n_components=8,alpha=1.0,max_features=48,y_transform=log1p",10,0.80628282,0.36515554,0.3740558,-0.69104423,-22.747679
glucose_gL,all_known,raman_full,pls,"n_components=2,alpha=1.0,max_features=24,y_transform=none",10,0.80662152,0.32666074,0.45381562,-0.86331068,-29.270103
glucose_gL,all_known,raman_full,pcr,"n_components=3,alpha=1.0,max_features=96,y_transform=none",10,0.80676639,0.32253916,0.45092788,-0.92870944,-30.584321
glucose_gL,all_known,raman_full,pcr,"n_components=8,alpha=1.0,max_features=192,y_transform=none",10,0.80680058,0.31617931,0.45354688,-0.94176821,-31.088494
glucose_gL,all_known,raman_interpretable,ridge,"alpha=10.0,max_features=24,y_transform=none",10,0.80689918,0.32870829,0.45273208,-0.86219218,-29.246258
glucose_gL,all_known,raman_interpretable,ridge,"alpha=10.0,max_features=48,y_transform=none",10,0.80689918,0.32870829,0.45273208,-0.86219218,-29.246258
glucose_gL,all_known,raman_interpretable,ridge,"alpha=10.0,max_features=96,y_transform=none",10,0.80689918,0.32870829,0.45273208,-0.86219218,-29.246258
glucose_gL,all_known,raman_interpretable,ridge,"alpha=0.1,max_features=12,y_transform=none",10,0.80737596,0.32999506,0.45622931,-0.8513836,-29.075217
glucose_gL,all_known,fusion_interpretable,pls,"n_components=3,alpha=1.0,max_features=12,y_transform=none",10,0.80756935,0.29387555,0.46230453,-1.3278116,-37.867617
glucose_gL,all_known,raman_full,pls,"n_components=3,alpha=1.0,max_features=12,y_transform=none",10,0.80757225,0.32563347,0.45318379,-0.88110287,-29.699385
glucose_gL,all_known,fusion_full,ridge,"alpha=0.1,max_features=24,y_transform=log1p",10,0.80759686,0.33907866,0.39918875,-0.89185221,-29.446273
glucose_gL,all_known,raman_interpretable,pls,"n_components=3,alpha=1.0,max_features=24,y_transform=none",10,0.80787173,0.32850587,0.45481326,-0.87158859,-29.530488
glucose_gL,all_known,raman_interpretable,pls,"n_components=3,alpha=1.0,max_features=48,y_transform=none",10,0.80787173,0.32850587,0.45481326,-0.87158859,-29.530488
glucose_gL,all_known,raman_interpretable,pls,"n_components=3,alpha=1.0,max_features=96,y_transform=none",10,0.80787173,0.32850587,0.45481326,-0.87158859,-29.530488
glucose_gL,all_known,fusion_full,pls,"n_components=8,alpha=1.0,max_features=24,y_transform=log1p",10,0.80800476,0.34081119,0.39376865,-0.8752811,-28.875423
glucose_gL,all_known,eem_full,pls,"n_components=3,alpha=1.0,max_features=12,y_transform=none",10,0.80803755,0.28972567,0.4882834,-0.78832093,-26.941628
glucose_gL,all_known,fusion_full,pcr,"n_components=5,alpha=1.0,max_features=384,y_transform=none",10,0.80813448,0.29378986,0.46289781,-1.3799573,-38.865211
glucose_gL,all_known,raman_full,pls,"n_components=2,alpha=1.0,max_features=96,y_transform=none",10,0.80823562,0.32368735,0.45050695,-0.91792593,-30.504009
glucose_gL,all_known,raman_full,pls,"n_components=2,alpha=1.0,max_features=12,y_transform=none",10,0.8083817,0.32434441,0.45324539,-0.8882694,-29.911075
glucose_gL,all_known,eem_full,pcr,"n_components=8,alpha=1.0,max_features=12,y_transform=none",10,0.80846696,0.29422558,0.49483508,-0.7887066,-26.867034
glucose_gL,all_known,eem_full,pls,"n_components=8,alpha=1.0,max_features=48,y_transform=log1p",10,0.80853803,0.33963891,0.42854213,-0.53934933,-20.818934
glucose_gL,all_known,raman_full,pcr,"n_components=8,alpha=1.0,max_features=384,y_transform=log1p",10,0.80857642,0.37233255,0.36510396,-0.75311818,-23.24838
glucose_gL,all_known,fusion_interpretable,ridge,"alpha=10.0,max_features=24,y_transform=none",10,0.80881638,0.29400009,0.46274699,-1.2838688,-37.418695
glucose_gL,all_known,fusion_full,ridge,"alpha=10.0,max_features=24,y_transform=none",10,0.80886986,0.30019298,0.47295058,-1.4219431,-38.77584
glucose_gL,all_known,fusion_full,pcr,"n_components=3,alpha=1.0,max_features=192,y_transform=none",10,0.80945921,0.31292825,0.46113503,-1.0834872,-33.833043
glucose_gL,all_known,eem_full,pcr,"n_components=8,alpha=1.0,max_features=24,y_transform=none",10,0.80952927,0.28711319,0.49798293,-0.82375192,-27.774751
glucose_gL,all_known,raman_full,knn,"k=5,weighted=True,max_features=96,y_transform=log1p",10,0.80957471,0.3580205,0.37825607,-0.66097504,-24.238969
glucose_gL,all_known,raman_full,pcr,"n_components=5,alpha=1.0,max_features=48,y_transform=none",10,0.80966676,0.31927332,0.45870596,-0.94199115,-31.148228
glucose_gL,all_known,eem_full,pcr,"n_components=12,alpha=1.0,max_features=192,y_transform=none",10,0.80969614,0.28174555,0.49538751,-0.8423215,-28.240066
glucose_gL,all_known,eem_full,pcr,"n_components=12,alpha=1.0,max_features=384,y_transform=none",10,0.80969614,0.28174555,0.49538751,-0.8423215,-28.240066
glucose_gL,all_known,raman_full,ridge,"alpha=10.0,max_features=12,y_transform=none",10,0.81008298,0.32581657,0.45479787,-0.89149577,-30.098844
glucose_gL,all_known,fusion_full,knn,"k=3,weighted=True,max_features=24,y_transform=none",10,0.81030908,0.357808,0.37774593,-0.84834882,-26.595515
glucose_gL,all_known,fusion_full,pcr,"n_components=2,alpha=1.0,max_features=48,y_transform=none",10,0.81032098,0.30052413,0.46610709,-1.3055253,-37.508328
glucose_gL,all_known,eem_interpretable,pls,"n_components=8,alpha=1.0,max_features=12,y_transform=none",10,0.81036135,0.28279842,0.49922989,-0.87760476,-28.825803
glucose_gL,all_known,eem_interpretable,pls,"n_components=8,alpha=1.0,max_features=24,y_transform=none",10,0.81036135,0.28279842,0.49922989,-0.87760476,-28.825803
glucose_gL,all_known,eem_interpretable,pls,"n_components=8,alpha=1.0,max_features=48,y_transform=none",10,0.81036135,0.28279842,0.49922989,-0.87760476,-28.825803
glucose_gL,all_known,eem_interpretable,pls,"n_components=8,alpha=1.0,max_features=96,y_transform=none",10,0.81036135,0.28279842,0.49922989,-0.87760476,-28.825803
glucose_gL,all_known,eem_full,pcr,"n_components=12,alpha=1.0,max_features=96,y_transform=none",10,0.81060558,0.27390535,0.49429542,-0.87526755,-29.118006
glucose_gL,all_known,fusion_interpretable,pcr,"n_components=5,alpha=1.0,max_features=12,y_transform=none",10,0.81097647,0.29346009,0.46440576,-1.3684685,-38.757578
glucose_gL,all_known,raman_full,pcr,"n_components=12,alpha=1.0,max_features=48,y_transform=none",10,0.81117602,0.31768828,0.46300484,-0.96050562,-31.675323
glucose_gL,all_known,fusion_full,pls,"n_components=8,alpha=1.0,max_features=192,y_transform=log1p",10,0.81120211,0.3682298,0.4248718,-0.79392633,-26.84341
glucose_gL,all_known,raman_full,pcr,"n_components=2,alpha=1.0,max_features=12,y_transform=none",10,0.81138061,0.32490967,0.4547562,-0.90424482,-30.361128
glucose_gL,all_known,fusion_full,knn,"k=9,weighted=True,max_features=12,y_transform=none",10,0.81153519,0.34150164,0.41548161,-0.84183284,-28.849726
glucose_gL,all_known,raman_full,pcr,"n_components=3,alpha=1.0,max_features=48,y_transform=none",10,0.81155047,0.32167151,0.45476952,-0.95365965,-31.374553
glucose_gL,all_known,fusion_full,pcr,"n_components=12,alpha=1.0,max_features=24,y_transform=none",10,0.81175791,0.29292105,0.47782413,-1.4990002,-40.477051
glucose_gL,all_known,eem_interpretable,pls,"n_components=12,alpha=1.0,max_features=12,y_transform=none",10,0.81183647,0.28126583,0.49930926,-0.89224709,-29.266935
glucose_gL,all_known,eem_interpretable,pls,"n_components=12,alpha=1.0,max_features=24,y_transform=none",10,0.81183647,0.28126583,0.49930926,-0.89224709,-29.266935
glucose_gL,all_known,eem_interpretable,pls,"n_components=12,alpha=1.0,max_features=48,y_transform=none",10,0.81183647,0.28126583,0.49930926,-0.89224709,-29.266935
glucose_gL,all_known,eem_interpretable,pls,"n_components=12,alpha=1.0,max_features=96,y_transform=none",10,0.81183647,0.28126583,0.49930926,-0.89224709,-29.266935
glucose_gL,all_known,raman_full,knn,"k=9,weighted=True,max_features=24,y_transform=none",10,0.81226961,0.35578941,0.40885184,-0.75045735,-26.312011
glucose_gL,all_known,raman_full,knn,"k=9,weighted=True,max_features=384,y_transform=none",10,0.81235601,0.30500598,0.42486073,-1.2121692,-35.337251
glucose_gL,all_known,raman_interpretable,pls,"n_components=5,alpha=1.0,max_features=12,y_transform=log1p",10,0.81239445,0.37319314,0.37416076,-0.70744598,-22.899733
glucose_gL,all_known,raman_full,pcr,"n_components=8,alpha=1.0,max_features=12,y_transform=none",10,0.81246635,0.32554686,0.45474788,-0.91270875,-30.706351
glucose_gL,all_known,fusion_full,pls,"n_components=3,alpha=1.0,max_features=384,y_transform=none",10,0.81306055,0.28164442,0.49340414,-1.5789001,-42.47168
glucose_gL,all_known,fusion_full,knn,"k=3,weighted=True,max_features=192,y_transform=none",10,0.81334508,0.33675622,0.39691236,-0.97887232,-31.052871
glucose_gL,all_known,raman_interpretable,pls,"n_components=5,alpha=1.0,max_features=24,y_transform=none",10,0.81336666,0.32608525,0.45554527,-0.9173682,-30.886845
glucose_gL,all_known,raman_interpretable,pls,"n_components=5,alpha=1.0,max_features=48,y_transform=none",10,0.81336666,0.32608525,0.45554527,-0.9173682,-30.886845
glucose_gL,all_known,raman_interpretable,pls,"n_components=5,alpha=1.0,max_features=96,y_transform=none",10,0.81336666,0.32608525,0.45554527,-0.9173682,-30.886845
glucose_gL,all_known,eem_interpretable,ridge,"alpha=0.1,max_features=12,y_transform=none",10,0.81389003,0.27945745,0.50176095,-0.90955112,-29.815086
glucose_gL,all_known,eem_interpretable,ridge,"alpha=0.1,max_features=24,y_transform=none",10,0.81389003,0.27945745,0.50176095,-0.90955112,-29.815086
glucose_gL,all_known,eem_interpretable,ridge,"alpha=0.1,max_features=48,y_transform=none",10,0.81389003,0.27945745,0.50176095,-0.90955112,-29.815086
glucose_gL,all_known,eem_interpretable,ridge,"alpha=0.1,max_features=96,y_transform=none",10,0.81389003,0.27945745,0.50176095,-0.90955112,-29.815086
glucose_gL,all_known,raman_full,pcr,"n_components=3,alpha=1.0,max_features=12,y_transform=none",10,0.8140561,0.32177046,0.45742204,-0.94130367,-31.426921
glucose_gL,all_known,raman_full,pls,"n_components=3,alpha=1.0,max_features=192,y_transform=none",10,0.81426126,0.30600288,0.47259935,-1.056885,-34.006138
glucose_gL,all_known,raman_full,pcr,"n_components=8,alpha=1.0,max_features=48,y_transform=none",10,0.8144194,0.31844917,0.46427641,-0.98680249,-32.36756
glucose_gL,all_known,eem_full,knn,"k=5,weighted=True,max_features=12,y_transform=none",10,0.81449904,0.31812387,0.43537296,-0.63887456,-23.94889
glucose_gL,all_known,raman_full,pcr,"n_components=8,alpha=1.0,max_features=24,y_transform=none",10,0.81504461,0.31980233,0.45955032,-0.96251449,-31.949589
glucose_gL,all_known,fusion_full,pls,"n_components=12,alpha=1.0,max_features=48,y_transform=log1p",10,0.81518956,0.32854164,0.42316457,-0.95993621,-31.271603
glucose_gL,all_known,fusion_full,ridge,"alpha=10.0,max_features=384,y_transform=log1p",10,0.8152875,0.33306305,0.41442381,-0.98868918,-31.836924
glucose_gL,all_known,raman_full,knn,"k=5,weighted=True,max_features=384,y_transform=log1p",10,0.815644,0.34624944,0.38609715,-0.82515909,-28.154042
glucose_gL,all_known,eem_full,pls,"n_components=3,alpha=1.0,max_features=192,y_transform=none",10,0.81572167,0.27397673,0.51758109,-0.98103357,-30.991301
glucose_gL,all_known,eem_full,pls,"n_components=3,alpha=1.0,max_features=384,y_transform=none",10,0.81572167,0.27397673,0.51758109,-0.98103357,-30.991301
glucose_gL,all_known,fusion_full,pls,"n_components=8,alpha=1.0,max_features=384,y_transform=log1p",10,0.81586412,0.34020692,0.41361455,-1.1511361,-33.868107
glucose_gL,all_known,eem_full,ridge,"alpha=10.0,max_features=24,y_transform=none",10,0.81593869,0.2902831,0.49525338,-0.85999899,-28.873624
glucose_gL,all_known,fusion_interpretable,pcr,"n_components=8,alpha=1.0,max_features=12,y_transform=none",10,0.81637088,0.28763166,0.47641572,-1.5169657,-41.622703
glucose_gL,all_known,raman_full,knn,"k=3,weighted=True,max_features=24,y_transform=log1p",10,0.81638568,0.37103065,0.3717466,-0.61588106,-23.381512
glucose_gL,all_known,raman_full,pcr,"n_components=5,alpha=1.0,max_features=96,y_transform=none",10,0.81719032,0.31424837,0.45994878,-1.0348984,-33.529926
glucose_gL,all_known,fusion_interpretable,pcr,"n_components=8,alpha=1.0,max_features=24,y_transform=none",10,0.81766829,0.28878853,0.4646123,-1.4101482,-40.332998
glucose_gL,all_known,raman_full,ridge,"alpha=10.0,max_features=384,y_transform=log1p",10,0.81772919,0.35773352,0.39850203,-0.79952606,-27.256258
glucose_gL,all_known,raman_interpretable,knn,"k=5,weighted=True,max_features=12,y_transform=none",10,0.81786119,0.28550654,0.41175887,-1.6155966,-42.465353
glucose_gL,all_known,eem_full,pls,"n_components=3,alpha=1.0,max_features=48,y_transform=none",10,0.81788603,0.27542517,0.50871957,-0.90219804,-30.171618
glucose_gL,all_known,raman_full,pcr,"n_components=8,alpha=1.0,max_features=96,y_transform=none",10,0.81842922,0.31421627,0.46247637,-1.0605989,-34.150421
glucose_gL,all_known,fusion_interpretable,ridge,"alpha=10.0,max_features=48,y_transform=log1p",10,0.81858293,0.3647369,0.37610572,-0.93991393,-27.834236
glucose_gL,all_known,fusion_interpretable,ridge,"alpha=10.0,max_features=96,y_transform=log1p",10,0.81858293,0.3647369,0.37610572,-0.93991393,-27.834236
glucose_gL,all_known,fusion_full,pls,"n_components=12,alpha=1.0,max_features=24,y_transform=log1p",10,0.81860878,0.33652179,0.40138998,-1.0110899,-32.439662
glucose_gL,all_known,eem_full,knn,"k=3,weighted=True,max_features=96,y_transform=none",10,0.81861547,0.2915311,0.42296728,-1.1870257,-34.867361
glucose_gL,all_known,fusion_full,pcr,"n_components=2,alpha=1.0,max_features=96,y_transform=none",10,0.81900162,0.30671637,0.4695326,-1.3194393,-38.339818
glucose_gL,all_known,raman_full,pcr,"n_components=8,alpha=1.0,max_features=192,y_transform=log1p",10,0.81929961,0.37079581,0.37120146,-0.893463,-26.520572
glucose_gL,all_known,raman_interpretable,pls,"n_components=3,alpha=1.0,max_features=24,y_transform=log1p",10,0.81954844,0.37417958,0.37457865,-0.80158746,-24.975661
glucose_gL,all_known,raman_interpretable,pls,"n_components=3,alpha=1.0,max_features=48,y_transform=log1p",10,0.81954844,0.37417958,0.37457865,-0.80158746,-24.975661
glucose_gL,all_known,raman_interpretable,pls,"n_components=3,alpha=1.0,max_features=96,y_transform=log1p",10,0.81954844,0.37417958,0.37457865,-0.80158746,-24.975661
glucose_gL,all_known,raman_full,ridge,"alpha=1.0,max_features=12,y_transform=none",10,0.82003566,0.32325466,0.46692344,-0.96461949,-32.345608
glucose_gL,all_known,raman_full,pcr,"n_components=12,alpha=1.0,max_features=12,y_transform=none",10,0.82003566,0.32325466,0.46692344,-0.96461949,-32.345608
glucose_gL,all_known,eem_full,knn,"k=5,weighted=True,max_features=24,y_transform=none",10,0.82044507,0.3431264,0.42486706,-0.61249053,-22.820638
glucose_gL,all_known,raman_full,pls,"n_components=3,alpha=1.0,max_features=384,y_transform=none",10,0.82046112,0.32177727,0.46716134,-1.0152545,-33.352901
glucose_gL,all_known,fusion_interpretable,ridge,"alpha=10.0,max_features=48,y_transform=none",10,0.82054367,0.28910295,0.46779496,-1.4007447,-40.526284
glucose_gL,all_known,fusion_interpretable,ridge,"alpha=10.0,max_features=96,y_transform=none",10,0.82054367,0.28910295,0.46779496,-1.4007447,-40.526284
glucose_gL,all_known,fusion_interpretable,ridge,"alpha=1.0,max_features=12,y_transform=none",10,0.82065493,0.28574296,0.48039491,-1.5661858,-42.83701
glucose_gL,all_known,fusion_interpretable,pcr,"n_components=12,alpha=1.0,max_features=12,y_transform=none",10,0.82065493,0.28574296,0.48039491,-1.5661858,-42.83701
glucose_gL,all_known,fusion_interpretable,pls,"n_components=5,alpha=1.0,max_features=12,y_transform=none",10,0.8207036,0.28203545,0.47929714,-1.5868775,-43.24389
glucose_gL,all_known,raman_interpretable,knn,"k=9,weighted=True,max_features=12,y_transform=none",10,0.82090545,0.29767791,0.43658292,-1.3267574,-38.470155
glucose_gL,all_known,eem_full,pcr,"n_components=12,alpha=1.0,max_features=24,y_transform=none",10,0.82103655,0.28407171,0.51024532,-0.90317579,-30.238934
glucose_gL,all_known,raman_full,knn,"k=9,weighted=True,max_features=12,y_transform=none",10,0.82118382,0.33934368,0.4111451,-0.9575968,-31.522965
glucose_gL,all_known,raman_full,pls,"n_components=5,alpha=1.0,max_features=12,y_transform=none",10,0.82119648,0.32389204,0.46718209,-0.96108149,-32.395168
glucose_gL,all_known,eem_full,pcr,"n_components=12,alpha=1.0,max_features=48,y_transform=none",10,0.82161243,0.28279081,0.50067624,-0.8937205,-30.112157
glucose_gL,all_known,raman_full,knn,"k=3,weighted=True,max_features=12,y_transform=log1p",10,0.82226902,0.37993331,0.37492472,-0.5738169,-22.570339
glucose_gL,all_known,raman_full,pls,"n_components=2,alpha=1.0,max_features=192,y_transform=none",10,0.82247822,0.32531462,0.44973277,-1.0738833,-34.059108
glucose_gL,all_known,raman_full,pcr,"n_components=3,alpha=1.0,max_features=192,y_transform=none",10,0.82274095,0.3263953,0.45996831,-1.0510617,-33.658785
glucose_gL,all_known,raman_full,pls,"n_components=8,alpha=1.0,max_features=96,y_transform=log1p",10,0.82276889,0.37706655,0.41604428,-0.64891751,-24.864661
glucose_gL,all_known,eem_full,pls,"n_components=3,alpha=1.0,max_features=24,y_transform=none",10,0.82284404,0.27555537,0.50482349,-0.96947086,-31.668932
glucose_gL,all_known,raman_full,pcr,"n_components=3,alpha=1.0,max_features=384,y_transform=none",10,0.82292658,0.32633809,0.45709238,-1.0604354,-33.849552
glucose_gL,all_known,raman_full,pcr,"n_components=12,alpha=1.0,max_features=192,y_transform=none",10,0.82329117,0.31202921,0.46087916,-1.1314886,-35.767483
glucose_gL,all_known,eem_full,knn,"k=5,weighted=True,max_features=48,y_transform=none",10,0.82347906,0.32804911,0.42935643,-0.69597434,-25.524146
glucose_gL,all_known,raman_full,pls,"n_components=8,alpha=1.0,max_features=48,y_transform=log1p",10,0.82364604,0.34163607,0.3926588,-0.84060948,-28.957325
glucose_gL,all_known,fusion_full,pcr,"n_components=3,alpha=1.0,max_features=384,y_transform=none",10,0.8236686,0.3215083,0.46692465,-1.0690969,-34.468314
glucose_gL,all_known,raman_full,knn,"k=9,weighted=True,max_features=96,y_transform=none",10,0.82367911,0.31667987,0.43181473,-1.2222157,-36.406
glucose_gL,all_known,raman_interpretable,knn,"k=9,weighted=True,max_features=24,y_transform=none",10,0.82369394,0.29954409,0.4324785,-1.4198678,-40.08872
glucose_gL,all_known,raman_interpretable,knn,"k=9,weighted=True,max_features=48,y_transform=none",10,0.82369394,0.29954409,0.4324785,-1.4198678,-40.08872
glucose_gL,all_known,raman_interpretable,knn,"k=9,weighted=True,max_features=96,y_transform=none",10,0.82369394,0.29954409,0.4324785,-1.4198678,-40.08872
glucose_gL,all_known,raman_full,ridge,"alpha=0.1,max_features=12,y_transform=none",10,0.82467392,0.32158204,0.47424691,-1.0134724,-33.61613
glucose_gL,all_known,fusion_interpretable,pls,"n_components=8,alpha=1.0,max_features=12,y_transform=none",10,0.824764,0.28433109,0.48578762,-1.6296338,-44.166178
glucose_gL,all_known,eem_full,ridge,"alpha=10.0,max_features=192,y_transform=log1p",10,0.82480467,0.32004609,0.44195365,-0.70482914,-26.032132
glucose_gL,all_known,eem_full,ridge,"alpha=10.0,max_features=384,y_transform=log1p",10,0.82480467,0.32004609,0.44195365,-0.70482914,-26.032132
glucose_gL,all_known,fusion_full,ridge,"alpha=10.0,max_features=48,y_transform=none",10,0.82537209,0.29330332,0.50722,-1.6519655,-43.676507
glucose_gL,all_known,fusion_interpretable,pls,"n_components=12,alpha=1.0,max_features=12,y_transform=none",10,0.82560362,0.28397801,0.48645868,-1.6353016,-44.329424
glucose_gL,all_known,fusion_interpretable,pls,"n_components=5,alpha=1.0,max_features=24,y_transform=none",10,0.82597337,0.28254721,0.47830099,-1.5105627,-42.794527
glucose_gL,all_known,fusion_full,pls,"n_components=5,alpha=1.0,max_features=24,y_transform=none",10,0.82613554,0.2920317,0.49457071,-1.7184355,-44.638094
glucose_gL,all_known,raman_full,pls,"n_components=12,alpha=1.0,max_features=12,y_transform=none",10,0.82622804,0.32060442,0.47469919,-1.0478233,-34.315311
glucose_gL,all_known,eem_full,pcr,"n_components=12,alpha=1.0,max_features=12,y_transform=none",10,0.82638954,0.2833478,0.5101711,-0.88547892,-30.386174
glucose_gL,all_known,eem_full,ridge,"alpha=1.0,max_features=12,y_transform=none",10,0.82638954,0.2833478,0.5101711,-0.88547892,-30.386174
glucose_gL,all_known,fusion_interpretable,pls,"n_components=5,alpha=1.0,max_features=48,y_transform=none",10,0.82698153,0.27963455,0.47966843,-1.5923139,-43.932597
glucose_gL,all_known,fusion_interpretable,pls,"n_components=5,alpha=1.0,max_features=96,y_transform=none",10,0.82698153,0.27963455,0.47966843,-1.5923139,-43.932597
glucose_gL,all_known,fusion_interpretable,ridge,"alpha=0.1,max_features=12,y_transform=none",10,0.82701579,0.28315107,0.48818444,-1.6591179,-44.822991
glucose_gL,target_focused,fusion_interpretable,knn,"k=3,weighted=True,max_features=48,y_transform=log1p",10,0.82756132,0.3588052,0.47049158,-0.13130342,-1.9188845
glucose_gL,target_focused,fusion_interpretable,knn,"k=3,weighted=True,max_features=96,y_transform=log1p",10,0.82756132,0.3588052,0.47049158,-0.13130342,-1.9188845
glucose_gL,all_known,raman_interpretable,pls,"n_components=5,alpha=1.0,max_features=24,y_transform=log1p",10,0.82771196,0.37664033,0.3763035,-0.91659512,-27.259584
glucose_gL,all_known,raman_interpretable,pls,"n_components=5,alpha=1.0,max_features=48,y_transform=log1p",10,0.82771196,0.37664033,0.3763035,-0.91659512,-27.259584
glucose_gL,all_known,raman_interpretable,pls,"n_components=5,alpha=1.0,max_features=96,y_transform=log1p",10,0.82771196,0.37664033,0.3763035,-0.91659512,-27.259584
glucose_gL,all_known,fusion_interpretable,ridge,"alpha=1.0,max_features=24,y_transform=none",10,0.82838395,0.28096881,0.49349943,-1.5998806,-44.18674
glucose_gL,all_known,fusion_interpretable,pcr,"n_components=12,alpha=1.0,max_features=48,y_transform=none",10,0.82841697,0.28073633,0.4763827,-1.5567753,-43.672417
glucose_gL,all_known,fusion_interpretable,pcr,"n_components=12,alpha=1.0,max_features=96,y_transform=none",10,0.82841697,0.28073633,0.4763827,-1.5567753,-43.672417
glucose_gL,all_known,raman_full,pls,"n_components=8,alpha=1.0,max_features=12,y_transform=none",10,0.82851766,0.32006367,0.47584037,-1.0535372,-34.660523
glucose_gL,all_known,fusion_interpretable,pcr,"n_components=12,alpha=1.0,max_features=24,y_transform=none",10,0.82854754,0.28058209,0.48160082,-1.6102882,-44.416032
glucose_gL,all_known,eem_full,pls,"n_components=5,alpha=1.0,max_features=12,y_transform=none",10,0.82876243,0.28275974,0.51434703,-0.91899511,-31.119118
glucose_gL,all_known,raman_full,knn,"k=3,weighted=True,max_features=48,y_transform=log1p",10,0.828921,0.37216097,0.38218989,-0.66315244,-24.748338
glucose_gL,all_known,fusion_full,pcr,"n_components=3,alpha=1.0,max_features=12,y_transform=none",10,0.82932327,0.29886718,0.47867034,-1.4049956,-41.073022
glucose_gL,all_known,eem_full,ridge,"alpha=0.1,max_features=48,y_transform=log1p",10,0.82981603,0.31713312,0.45271098,-0.78235761,-28.024082
glucose_gL,all_known,raman_interpretable,knn,"k=5,weighted=True,max_features=24,y_transform=none",10,0.83059977,0.29163035,0.41208104,-1.9199471,-47.375436
glucose_gL,all_known,raman_interpretable,knn,"k=5,weighted=True,max_features=48,y_transform=none",10,0.83059977,0.29163035,0.41208104,-1.9199471,-47.375436
glucose_gL,all_known,raman_interpretable,knn,"k=5,weighted=True,max_features=96,y_transform=none",10,0.83059977,0.29163035,0.41208104,-1.9199471,-47.375436
glucose_gL,all_known,raman_full,ridge,"alpha=10.0,max_features=48,y_transform=none",10,0.83157993,0.31511249,0.47843653,-1.1141297,-36.088811
glucose_gL,all_known,raman_full,pls,"n_components=3,alpha=1.0,max_features=48,y_transform=none",10,0.83177242,0.31062412,0.47541976,-1.2125178,-37.726008
glucose_gL,all_known,raman_full,pcr,"n_components=5,alpha=1.0,max_features=48,y_transform=log1p",10,0.83188178,0.38216493,0.37711461,-1.0737475,-29.297977
glucose_gL,all_known,fusion_full,pls,"n_components=2,alpha=1.0,max_features=12,y_transform=none",10,0.83218112,0.29388931,0.48458475,-1.5439593,-43.418427
glucose_gL,all_known,raman_full,pcr,"n_components=12,alpha=1.0,max_features=384,y_transform=none",10,0.83219189,0.31396901,0.45963005,-1.233745,-37.94242
glucose_gL,all_known,eem_full,pls,"n_components=8,alpha=1.0,max_features=96,y_transform=log1p",10,0.83226088,0.32043778,0.45933125,-0.60760853,-24.567363
glucose_gL,all_known,raman_interpretable,ridge,"alpha=0.1,max_features=12,y_transform=log1p",10,0.83243183,0.38479584,0.37727948,-1.023944,-28.462249
glucose_gL,all_known,raman_interpretable,pcr,"n_components=12,alpha=1.0,max_features=24,y_transform=none",10,0.83353627,0.32373164,0.4585405,-1.1470028,-36.235771
glucose_gL,all_known,raman_interpretable,pcr,"n_components=12,alpha=1.0,max_features=48,y_transform=none",10,0.83353627,0.32373164,0.4585405,-1.1470028,-36.235771
glucose_gL,all_known,raman_interpretable,pcr,"n_components=12,alpha=1.0,max_features=96,y_transform=none",10,0.83353627,0.32373164,0.4585405,-1.1470028,-36.235771
glucose_gL,all_known,fusion_full,pcr,"n_components=5,alpha=1.0,max_features=12,y_transform=none",10,0.83445878,0.29518219,0.48488761,-1.5398388,-43.600842
glucose_gL,all_known,fusion_interpretable,pls,"n_components=8,alpha=1.0,max_features=24,y_transform=none",10,0.83454425,0.27839976,0.49971429,-1.6636163,-45.749964
glucose_gL,all_known,raman_full,ridge,"alpha=10.0,max_features=48,y_transform=log1p",10,0.83517059,0.37853676,0.38044166,-1.1061078,-30.449948
glucose_gL,all_known,raman_interpretable,ridge,"alpha=1.0,max_features=24,y_transform=none",10,0.83574148,0.32375759,0.45940746,-1.1688235,-36.785276
glucose_gL,all_known,raman_interpretable,ridge,"alpha=1.0,max_features=48,y_transform=none",10,0.83574148,0.32375759,0.45940746,-1.1688235,-36.785276
glucose_gL,all_known,raman_interpretable,ridge,"alpha=1.0,max_features=96,y_transform=none",10,0.83574148,0.32375759,0.45940746,-1.1688235,-36.785276
glucose_gL,all_known,eem_full,ridge,"alpha=10.0,max_features=48,y_transform=none",10,0.83616719,0.28048769,0.51712103,-1.0390278,-33.845749
glucose_gL,all_known,raman_full,pls,"n_components=2,alpha=1.0,max_features=384,y_transform=none",10,0.83664865,0.34257081,0.45372337,-1.2818887,-37.076663
glucose_gL,all_known,raman_interpretable,pcr,"n_components=8,alpha=1.0,max_features=24,y_transform=none",10,0.83717774,0.32336711,0.46269931,-1.1772356,-37.173692
glucose_gL,all_known,raman_interpretable,pcr,"n_components=8,alpha=1.0,max_features=48,y_transform=none",10,0.83717774,0.32336711,0.46269931,-1.1772356,-37.173692
glucose_gL,all_known,raman_interpretable,pcr,"n_components=8,alpha=1.0,max_features=96,y_transform=none",10,0.83717774,0.32336711,0.46269931,-1.1772356,-37.173692
glucose_gL,all_known,fusion_full,ridge,"alpha=10.0,max_features=12,y_transform=none",10,0.83722423,0.2953834,0.48674063,-1.5748113,-44.318758
glucose_gL,all_known,raman_full,knn,"k=3,weighted=True,max_features=384,y_transform=log1p",10,0.83879879,0.33301929,0.40065007,-1.3521481,-38.181635
glucose_gL,all_known,eem_full,pls,"n_components=12,alpha=1.0,max_features=12,y_transform=none",10,0.83941793,0.27785393,0.52322476,-0.9661162,-33.025995
glucose_gL,all_known,raman_interpretable,ridge,"alpha=10.0,max_features=24,y_transform=log1p",10,0.83951083,0.38744054,0.3784268,-1.1307108,-30.538019
glucose_gL,all_known,raman_interpretable,ridge,"alpha=10.0,max_features=48,y_transform=log1p",10,0.83951083,0.38744054,0.3784268,-1.1307108,-30.538019
glucose_gL,all_known,raman_interpretable,ridge,"alpha=10.0,max_features=96,y_transform=log1p",10,0.83951083,0.38744054,0.3784268,-1.1307108,-30.538019
glucose_gL,all_known,fusion_full,knn,"k=3,weighted=True,max_features=12,y_transform=log1p",10,0.83954387,0.3547856,0.39102316,-0.79385369,-29.385019
glucose_gL,all_known,raman_full,ridge,"alpha=10.0,max_features=24,y_transform=none",10,0.83956606,0.31922269,0.47591842,-1.2395778,-38.43716
glucose_gL,all_known,eem_full,pls,"n_components=8,alpha=1.0,max_features=12,y_transform=none",10,0.83957171,0.27810047,0.52255463,-0.96547932,-33.005703
glucose_gL,all_known,fusion_full,pcr,"n_components=5,alpha=1.0,max_features=384,y_transform=log1p",10,0.84003645,0.3839918,0.38115432,-1.4847378,-36.644665
glucose_gL,all_known,fusion_full,pls,"n_components=3,alpha=1.0,max_features=48,y_transform=log1p",10,0.84143598,0.39832885,0.38346389,-1.6168672,-37.475155
glucose_gL,all_known,raman_full,pls,"n_components=3,alpha=1.0,max_features=24,y_transform=none",10,0.84149667,0.31412163,0.46963362,-1.3096666,-39.803892
glucose_gL,all_known,eem_full,ridge,"alpha=0.1,max_features=12,y_transform=none",10,0.84186608,0.27628223,0.52528494,-0.98187567,-33.547722
glucose_gL,all_known,raman_full,knn,"k=5,weighted=True,max_features=24,y_transform=none",10,0.84216324,0.34506202,0.41780146,-0.97714151,-33.313686
glucose_gL,all_known,eem_full,pls,"n_components=12,alpha=1.0,max_features=48,y_transform=log1p",10,0.84285549,0.32574927,0.45958565,-0.76860677,-28.613042
glucose_gL,all_known,eem_interpretable,knn,"k=5,weighted=True,max_features=12,y_transform=none",10,0.84315647,0.29675841,0.4571391,-1.9951979,-45.773192
glucose_gL,all_known,eem_interpretable,knn,"k=5,weighted=True,max_features=24,y_transform=none",10,0.84315647,0.29675841,0.4571391,-1.9951979,-45.773192
glucose_gL,all_known,eem_interpretable,knn,"k=5,weighted=True,max_features=48,y_transform=none",10,0.84315647,0.29675841,0.4571391,-1.9951979,-45.773192
glucose_gL,all_known,eem_interpretable,knn,"k=5,weighted=True,max_features=96,y_transform=none",10,0.84315647,0.29675841,0.4571391,-1.9951979,-45.773192
glucose_gL,all_known,fusion_interpretable,ridge,"alpha=0.1,max_features=24,y_transform=none",10,0.84317636,0.2728883,0.51779098,-1.7781301,-48.317991
glucose_gL,all_known,fusion_interpretable,pls,"n_components=12,alpha=1.0,max_features=24,y_transform=none",10,0.84333607,0.27590746,0.5159828,-1.7520167,-47.848971
glucose_gL,all_known,raman_full,pls,"n_components=3,alpha=1.0,max_features=96,y_transform=none",10,0.8437232,0.30599756,0.48362141,-1.3751566,-41.435169
glucose_gL,all_known,fusion_interpretable,knn,"k=3,weighted=True,max_features=12,y_transform=none",10,0.8439154,0.30167692,0.42483481,-2.2957975,-51.467007
glucose_gL,all_known,fusion_full,ridge,"alpha=0.1,max_features=48,y_transform=log1p",10,0.84404423,0.3217313,0.438512,-1.3043079,-39.735074
glucose_gL,all_known,raman_full,pls,"n_components=2,alpha=1.0,max_features=192,y_transform=log1p",10,0.84502131,0.40379803,0.37518135,-1.2770238,-31.440878
glucose_gL,all_known,eem_full,knn,"k=3,weighted=True,max_features=24,y_transform=none",10,0.84502415,0.32617852,0.42809441,-0.9174121,-31.017988
glucose_gL,all_known,fusion_full,pls,"n_components=3,alpha=1.0,max_features=12,y_transform=none",10,0.8451271,0.2887669,0.49053242,-1.7967556,-48.329573
glucose_gL,all_known,raman_full,knn,"k=5,weighted=True,max_features=48,y_transform=none",10,0.84578295,0.33719013,0.42496967,-1.1820152,-37.411581
glucose_gL,all_known,raman_full,knn,"k=3,weighted=True,max_features=96,y_transform=log1p",10,0.8487857,0.35275745,0.39598237,-0.94284775,-33.091502
glucose_gL,target_focused,eem_interpretable,knn,"k=5,weighted=True,max_features=12,y_transform=none",10,0.84878728,0.21580256,0.56089327,-1.2107642,-27.43156
glucose_gL,target_focused,eem_interpretable,knn,"k=5,weighted=True,max_features=24,y_transform=none",10,0.84878728,0.21580256,0.56089327,-1.2107642,-27.43156
glucose_gL,target_focused,eem_interpretable,knn,"k=5,weighted=True,max_features=48,y_transform=none",10,0.84878728,0.21580256,0.56089327,-1.2107642,-27.43156
glucose_gL,target_focused,eem_interpretable,knn,"k=5,weighted=True,max_features=96,y_transform=none",10,0.84878728,0.21580256,0.56089327,-1.2107642,-27.43156
glucose_gL,all_known,fusion_full,ridge,"alpha=1.0,max_features=24,y_transform=none",10,0.84904424,0.2849035,0.52113923,-2.1005445,-51.891258
glucose_gL,all_known,fusion_full,pcr,"n_components=8,alpha=1.0,max_features=12,y_transform=none",10,0.8491903,0.29236213,0.49395832,-1.826873,-48.978584
glucose_gL,all_known,raman_interpretable,knn,"k=3,weighted=True,max_features=12,y_transform=none",10,0.84972497,0.25838513,0.41438703,-2.440574,-56.081005
glucose_gL,all_known,eem_interpretable,knn,"k=3,weighted=True,max_features=12,y_transform=none",10,0.8498336,0.31332715,0.45074234,-2.3303505,-50.318447
glucose_gL,all_known,eem_interpretable,knn,"k=3,weighted=True,max_features=24,y_transform=none",10,0.8498336,0.31332715,0.45074234,-2.3303505,-50.318447
glucose_gL,all_known,eem_interpretable,knn,"k=3,weighted=True,max_features=48,y_transform=none",10,0.8498336,0.31332715,0.45074234,-2.3303505,-50.318447
glucose_gL,all_known,eem_interpretable,knn,"k=3,weighted=True,max_features=96,y_transform=none",10,0.8498336,0.31332715,0.45074234,-2.3303505,-50.318447
glucose_gL,all_known,raman_full,pcr,"n_components=12,alpha=1.0,max_features=24,y_transform=none",10,0.85205332,0.31663812,0.47782923,-1.4352758,-42.475508
glucose_gL,all_known,raman_interpretable,knn,"k=3,weighted=True,max_features=24,y_transform=none",10,0.85211228,0.27302505,0.40030996,-2.9666113,-61.276584
glucose_gL,all_known,raman_interpretable,knn,"k=3,weighted=True,max_features=48,y_transform=none",10,0.85211228,0.27302505,0.40030996,-2.9666113,-61.276584
glucose_gL,all_known,raman_interpretable,knn,"k=3,weighted=True,max_features=96,y_transform=none",10,0.85211228,0.27302505,0.40030996,-2.9666113,-61.276584
glucose_gL,all_known,fusion_full,pls,"n_components=5,alpha=1.0,max_features=48,y_transform=none",10,0.85236848,0.27961555,0.53622059,-2.0639909,-52.170889
glucose_gL,all_known,eem_full,pls,"n_components=5,alpha=1.0,max_features=24,y_transform=none",10,0.85391333,0.27720403,0.54471947,-1.1938776,-37.811568
glucose_gL,all_known,eem_full,knn,"k=3,weighted=True,max_features=12,y_transform=none",10,0.85435852,0.33018914,0.44772597,-0.85640914,-30.431939
glucose_gL,target_focused,fusion_interpretable,knn,"k=5,weighted=True,max_features=48,y_transform=log1p",10,0.85445855,0.33985108,0.51608009,-0.25523528,-7.6226779
glucose_gL,target_focused,fusion_interpretable,knn,"k=5,weighted=True,max_features=96,y_transform=log1p",10,0.85445855,0.33985108,0.51608009,-0.25523528,-7.6226779
glucose_gL,all_known,fusion_full,pls,"n_components=8,alpha=1.0,max_features=24,y_transform=none",10,0.85625488,0.28181629,0.53036858,-2.1958935,-53.933205
glucose_gL,all_known,fusion_full,ridge,"alpha=10.0,max_features=96,y_transform=none",10,0.85634572,0.28686432,0.54612547,-1.9704242,-51.249397
glucose_gL,all_known,eem_interpretable,knn,"k=1,weighted=True,max_features=12,y_transform=none",10,0.85675041,0.33823723,0.38505556,-2.6858177,-56.347921
glucose_gL,all_known,eem_interpretable,knn,"k=1,weighted=True,max_features=12,y_transform=log1p",10,0.85675041,0.33823723,0.38505556,-2.6858177,-56.347921
glucose_gL,all_known,eem_interpretable,knn,"k=1,weighted=True,max_features=24,y_transform=none",10,0.85675041,0.33823723,0.38505556,-2.6858177,-56.347921
glucose_gL,all_known,eem_interpretable,knn,"k=1,weighted=True,max_features=24,y_transform=log1p",10,0.85675041,0.33823723,0.38505556,-2.6858177,-56.347921
glucose_gL,all_known,eem_interpretable,knn,"k=1,weighted=True,max_features=48,y_transform=none",10,0.85675041,0.33823723,0.38505556,-2.6858177,-56.347921
glucose_gL,all_known,eem_interpretable,knn,"k=1,weighted=True,max_features=48,y_transform=log1p",10,0.85675041,0.33823723,0.38505556,-2.6858177,-56.347921
glucose_gL,all_known,eem_interpretable,knn,"k=1,weighted=True,max_features=96,y_transform=none",10,0.85675041,0.33823723,0.38505556,-2.6858177,-56.347921
glucose_gL,all_known,eem_interpretable,knn,"k=1,weighted=True,max_features=96,y_transform=log1p",10,0.85675041,0.33823723,0.38505556,-2.6858177,-56.347921
glucose_gL,all_known,fusion_full,knn,"k=3,weighted=True,max_features=384,y_transform=none",10,0.85727593,0.35361746,0.43482175,-1.5069085,-42.115939
glucose_gL,all_known,raman_full,knn,"k=3,weighted=True,max_features=192,y_transform=log1p",10,0.85806352,0.34317595,0.39644188,-1.1013077,-37.044306
glucose_gL,target_focused,fusion_interpretable,knn,"k=3,weighted=True,max_features=48,y_transform=none",10,0.85822979,0.29253709,0.49924443,-0.54967737,-14.282605
glucose_gL,target_focused,fusion_interpretable,knn,"k=3,weighted=True,max_features=96,y_transform=none",10,0.85822979,0.29253709,0.49924443,-0.54967737,-14.282605
glucose_gL,all_known,eem_full,knn,"k=3,weighted=True,max_features=48,y_transform=none",10,0.8583754,0.3294785,0.42687755,-0.92493011,-32.041053
glucose_gL,all_known,raman_full,ridge,"alpha=1.0,max_features=24,y_transform=none",10,0.85872427,0.31999798,0.4996929,-1.3924795,-42.559279
glucose_gL,all_known,raman_full,ridge,"alpha=1.0,max_features=96,y_transform=log1p",10,0.85873545,0.38232317,0.42864275,-0.89515133,-31.849649
glucose_gL,all_known,raman_full,pls,"n_components=8,alpha=1.0,max_features=384,y_transform=log1p",10,0.85896241,0.34345805,0.43235624,-1.541586,-42.254008
glucose_gL,all_known,fusion_full,pcr,"n_components=12,alpha=1.0,max_features=12,y_transform=none",10,0.8592692,0.28529383,0.51180233,-1.9403131,-51.558674
glucose_gL,all_known,fusion_full,ridge,"alpha=1.0,max_features=12,y_transform=none",10,0.8592692,0.28529383,0.51180233,-1.9403131,-51.558674
glucose_gL,all_known,raman_full,knn,"k=5,weighted=True,max_features=192,y_transform=none",10,0.85939479,0.33030609,0.42822942,-1.210836,-39.249541
glucose_gL,all_known,raman_full,pls,"n_components=5,alpha=1.0,max_features=48,y_transform=none",10,0.85943092,0.30847407,0.50351233,-1.3106987,-41.974175
glucose_gL,all_known,fusion_full,pls,"n_components=5,alpha=1.0,max_features=96,y_transform=none",10,0.86028671,0.27303178,0.55591751,-2.0070714,-52.386056
glucose_gL,target_focused,fusion_interpretable,knn,"k=3,weighted=True,max_features=12,y_transform=log1p",10,0.86058145,0.34977063,0.51288733,-0.23200402,-7.0211731
glucose_gL,all_known,fusion_full,knn,"k=5,weighted=True,max_features=12,y_transform=none",10,0.86225731,0.32629095,0.43101671,-1.2102772,-39.983182
glucose_gL,all_known,raman_full,pls,"n_components=8,alpha=1.0,max_features=192,y_transform=log1p",10,0.86250954,0.35128801,0.43569407,-1.4710595,-42.422803
glucose_gL,all_known,raman_full,ridge,"alpha=10.0,max_features=96,y_transform=none",10,0.86297061,0.3306807,0.50482502,-1.1935449,-39.822614
glucose_gL,all_known,fusion_full,pls,"n_components=8,alpha=1.0,max_features=12,y_transform=none",10,0.86554894,0.28155685,0.51846913,-2.0468508,-53.614554
glucose_gL,all_known,raman_interpretable,pls,"n_components=12,alpha=1.0,max_features=24,y_transform=none",10,0.86562038,0.31790856,0.4736967,-1.4616571,-44.180362
glucose_gL,all_known,raman_interpretable,pls,"n_components=12,alpha=1.0,max_features=48,y_transform=none",10,0.86562038,0.31790856,0.4736967,-1.4616571,-44.180362
glucose_gL,all_known,raman_interpretable,pls,"n_components=12,alpha=1.0,max_features=96,y_transform=none",10,0.86562038,0.31790856,0.4736967,-1.4616571,-44.180362
glucose_gL,all_known,fusion_full,pls,"n_components=5,alpha=1.0,max_features=12,y_transform=none",10,0.86604586,0.28508348,0.51481176,-2.1104631,-54.370931
glucose_gL,all_known,fusion_full,pls,"n_components=12,alpha=1.0,max_features=12,y_transform=none",10,0.86608339,0.28120598,0.52063683,-2.0527511,-53.762397
glucose_gL,all_known,raman_full,ridge,"alpha=0.1,max_features=24,y_transform=none",10,0.8661248,0.31926523,0.51431986,-1.3827275,-43.357188
glucose_gL,all_known,fusion_full,ridge,"alpha=0.1,max_features=12,y_transform=none",10,0.86717195,0.28061511,0.52204529,-2.0753871,-54.175428
glucose_gL,all_known,raman_full,knn,"k=5,weighted=True,max_features=12,y_transform=none",10,0.86760994,0.33391349,0.42714874,-1.2607343,-40.563685
glucose_gL,all_known,eem_full,knn,"k=1,weighted=True,max_features=48,y_transform=none",10,0.86903178,0.40558952,0.379375,-0.71278758,-26.260899
glucose_gL,all_known,eem_full,knn,"k=1,weighted=True,max_features=48,y_transform=log1p",10,0.86903178,0.40558952,0.379375,-0.71278758,-26.260899
glucose_gL,all_known,eem_full,knn,"k=1,weighted=True,max_features=24,y_transform=none",10,0.86988263,0.34325268,0.37777778,-0.98764392,-33.447354
glucose_gL,all_known,eem_full,knn,"k=1,weighted=True,max_features=24,y_transform=log1p",10,0.86988263,0.34325268,0.37777778,-0.98764392,-33.447354
glucose_gL,all_known,raman_full,ridge,"alpha=1.0,max_features=48,y_transform=none",10,0.87164041,0.30074983,0.51846446,-1.5102082,-46.275741
glucose_gL,all_known,eem_full,pls,"n_components=5,alpha=1.0,max_features=48,y_transform=none",10,0.87251627,0.26191972,0.559209,-1.2914089,-41.602355
glucose_gL,all_known,eem_full,ridge,"alpha=10.0,max_features=96,y_transform=none",10,0.87273057,0.25149802,0.56984934,-1.3154478,-42.14497
glucose_gL,all_known,fusion_full,pls,"n_components=3,alpha=1.0,max_features=96,y_transform=log1p",10,0.87302966,0.45296157,0.3861514,-2.4151069,-46.796987
glucose_gL,all_known,fusion_full,pls,"n_components=8,alpha=1.0,max_features=48,y_transform=log1p",10,0.87353157,0.38954131,0.42031344,-2.0413545,-47.511432
glucose_gL,all_known,fusion_full,ridge,"alpha=1.0,max_features=96,y_transform=log1p",10,0.87470045,0.35472586,0.46269017,-1.4216913,-43.956895
glucose_gL,all_known,fusion_full,pls,"n_components=12,alpha=1.0,max_features=24,y_transform=none",10,0.87574387,0.27671087,0.54853143,-2.5740847,-60.273734
glucose_gL,all_known,raman_full,pls,"n_components=8,alpha=1.0,max_features=24,y_transform=none",10,0.87655923,0.31584536,0.51543163,-1.5824603,-47.226135
glucose_gL,all_known,fusion_full,ridge,"alpha=0.1,max_features=24,y_transform=none",10,0.87711155,0.27712371,0.55044981,-2.5999859,-60.664509
glucose_gL,all_known,fusion_interpretable,ridge,"alpha=1.0,max_features=48,y_transform=none",10,0.87817081,0.29180032,0.511718,-2.1838419,-56.518708
glucose_gL,all_known,fusion_interpretable,ridge,"alpha=1.0,max_features=96,y_transform=none",10,0.87817081,0.29180032,0.511718,-2.1838419,-56.518708
glucose_gL,all_known,raman_interpretable,ridge,"alpha=0.1,max_features=24,y_transform=none",10,0.87895255,0.32680423,0.47926697,-1.6670824,-47.70352
glucose_gL,all_known,raman_interpretable,ridge,"alpha=0.1,max_features=48,y_transform=none",10,0.87895255,0.32680423,0.47926697,-1.6670824,-47.70352
glucose_gL,all_known,raman_interpretable,ridge,"alpha=0.1,max_features=96,y_transform=none",10,0.87895255,0.32680423,0.47926697,-1.6670824,-47.70352
glucose_gL,target_focused,fusion_interpretable,knn,"k=3,weighted=True,max_features=24,y_transform=log1p",10,0.87904531,0.37354081,0.50872266,-0.22928002,-7.1143505
glucose_gL,all_known,raman_full,pls,"n_components=12,alpha=1.0,max_features=24,y_transform=none",10,0.87943261,0.32326591,0.52224005,-1.5296244,-46.423377
glucose_gL,target_focused,fusion_interpretable,knn,"k=5,weighted=True,max_features=48,y_transform=none",10,0.88140938,0.20775028,0.56555498,-0.87065422,-24.572807
glucose_gL,target_focused,fusion_interpretable,knn,"k=5,weighted=True,max_features=96,y_transform=none",10,0.88140938,0.20775028,0.56555498,-0.87065422,-24.572807
glucose_gL,all_known,raman_full,ridge,"alpha=0.1,max_features=48,y_transform=log1p",10,0.88442323,0.40587103,0.40832191,-1.9459811,-45.290303
glucose_gL,all_known,raman_full,pcr,"n_components=5,alpha=1.0,max_features=96,y_transform=log1p",10,0.88530881,0.45083894,0.38715847,-2.1680213,-43.898601
glucose_gL,all_known,raman_full,ridge,"alpha=1.0,max_features=48,y_transform=log1p",10,0.88557112,0.42368002,0.3933054,-2.0629386,-45.238871
glucose_gL,all_known,eem_full,ridge,"alpha=1.0,max_features=24,y_transform=none",10,0.88778627,0.26061982,0.57529531,-1.4699395,-45.546653
glucose_gL,all_known,raman_interpretable,knn,"k=1,weighted=True,max_features=12,y_transform=log1p",10,0.89040659,0.31425849,0.35106944,-2.9594615,-60.642877
glucose_gL,all_known,raman_interpretable,knn,"k=1,weighted=True,max_features=12,y_transform=none",10,0.89040659,0.31425849,0.35106944,-2.9594615,-60.642877
glucose_gL,all_known,eem_full,pls,"n_components=5,alpha=1.0,max_features=96,y_transform=none",10,0.89043196,0.24159645,0.59318368,-1.4228953,-45.498257
glucose_gL,all_known,raman_full,pls,"n_components=5,alpha=1.0,max_features=24,y_transform=none",10,0.89067393,0.33555913,0.50115882,-2.0048317,-52.814572
glucose_gL,all_known,fusion_interpretable,pls,"n_components=12,alpha=1.0,max_features=48,y_transform=none",10,0.8912697,0.28802771,0.53974,-2.2984845,-59.444304
glucose_gL,all_known,fusion_interpretable,pls,"n_components=12,alpha=1.0,max_features=96,y_transform=none",10,0.8912697,0.28802771,0.53974,-2.2984845,-59.444304
glucose_gL,all_known,fusion_full,pls,"n_components=12,alpha=1.0,max_features=96,y_transform=log1p",10,0.89167984,0.34362782,0.4752234,-1.5949157,-48.436105
glucose_gL,target_focused,fusion_interpretable,knn,"k=1,weighted=True,max_features=48,y_transform=none",10,0.89222147,0.4563277,0.40658824,-0.96300735,-16.050719
glucose_gL,target_focused,fusion_interpretable,knn,"k=1,weighted=True,max_features=48,y_transform=log1p",10,0.89222147,0.4563277,0.40658824,-0.96300735,-16.050719
glucose_gL,target_focused,fusion_interpretable,knn,"k=1,weighted=True,max_features=96,y_transform=none",10,0.89222147,0.4563277,0.40658824,-0.96300735,-16.050719
glucose_gL,target_focused,fusion_interpretable,knn,"k=1,weighted=True,max_features=96,y_transform=log1p",10,0.89222147,0.4563277,0.40658824,-0.96300735,-16.050719
glucose_gL,target_focused,eem_interpretable,knn,"k=5,weighted=True,max_features=12,y_transform=log1p",10,0.89306547,0.31445655,0.54416889,-0.71351329,-19.395064
glucose_gL,target_focused,eem_interpretable,knn,"k=5,weighted=True,max_features=24,y_transform=log1p",10,0.89306547,0.31445655,0.54416889,-0.71351329,-19.395064
glucose_gL,target_focused,eem_interpretable,knn,"k=5,weighted=True,max_features=48,y_transform=log1p",10,0.89306547,0.31445655,0.54416889,-0.71351329,-19.395064
glucose_gL,target_focused,eem_interpretable,knn,"k=5,weighted=True,max_features=96,y_transform=log1p",10,0.89306547,0.31445655,0.54416889,-0.71351329,-19.395064
glucose_gL,all_known,raman_interpretable,pls,"n_components=8,alpha=1.0,max_features=24,y_transform=none",10,0.89460503,0.35968987,0.47733796,-2.0325809,-51.958666
glucose_gL,all_known,raman_interpretable,pls,"n_components=8,alpha=1.0,max_features=48,y_transform=none",10,0.89460503,0.35968987,0.47733796,-2.0325809,-51.958666
glucose_gL,all_known,raman_interpretable,pls,"n_components=8,alpha=1.0,max_features=96,y_transform=none",10,0.89460503,0.35968987,0.47733796,-2.0325809,-51.958666
glucose_gL,all_known,raman_full,knn,"k=5,weighted=True,max_features=96,y_transform=none",10,0.89663766,0.31047461,0.45448691,-1.807299,-51.629441
glucose_gL,all_known,raman_full,pls,"n_components=5,alpha=1.0,max_features=384,y_transform=none",10,0.89702076,0.32170587,0.54974958,-1.8283218,-52.527341
glucose_gL,all_known,raman_full,ridge,"alpha=0.1,max_features=24,y_transform=log1p",10,0.89728119,0.46538943,0.39723611,-2.3393715,-45.893514
glucose_gL,all_known,eem_full,pls,"n_components=8,alpha=1.0,max_features=192,y_transform=log1p",10,0.89751208,0.32137833,0.47560414,-1.2133618,-40.945131
glucose_gL,all_known,eem_full,pls,"n_components=8,alpha=1.0,max_features=384,y_transform=log1p",10,0.89751208,0.32137833,0.47560414,-1.2133618,-40.945131
glucose_gL,all_known,fusion_full,pls,"n_components=12,alpha=1.0,max_features=192,y_transform=log1p",10,0.89768987,0.35357845,0.49374309,-1.5486757,-47.6882
glucose_gL,all_known,raman_full,pls,"n_components=8,alpha=1.0,max_features=48,y_transform=none",10,0.89781432,0.2935922,0.54895956,-1.6878922,-51.470423
glucose_gL,all_known,raman_full,pls,"n_components=5,alpha=1.0,max_features=96,y_transform=none",10,0.89793462,0.29896305,0.54715341,-1.7087517,-51.863026
glucose_gL,all_known,raman_full,pcr,"n_components=3,alpha=1.0,max_features=384,y_transform=log1p",10,0.89793786,0.47654488,0.38896479,-2.4442112,-46.467733
glucose_gL,all_known,fusion_full,pls,"n_components=12,alpha=1.0,max_features=384,y_transform=log1p",10,0.89816384,0.30283764,0.48052632,-2.2067872,-57.08742
glucose_gL,target_focused,fusion_interpretable,knn,"k=5,weighted=True,max_features=12,y_transform=log1p",10,0.8998068,0.38854145,0.54569304,-0.33878741,-11.145056
glucose_gL,all_known,eem_full,pls,"n_components=5,alpha=1.0,max_features=192,y_transform=none",10,0.90098812,0.22939154,0.59566319,-1.8031433,-51.852038
glucose_gL,all_known,eem_full,pls,"n_components=5,alpha=1.0,max_features=384,y_transform=none",10,0.90098812,0.22939154,0.59566319,-1.8031433,-51.852038
glucose_gL,all_known,fusion_full,pls,"n_components=8,alpha=1.0,max_features=48,y_transform=none",10,0.90311786,0.25463213,0.60095416,-2.7912201,-65.800238
glucose_gL,target_focused,fusion_interpretable,knn,"k=9,weighted=True,max_features=48,y_transform=log1p",10,0.90350037,0.39309806,0.55526807,-0.36085571,-11.315178
glucose_gL,target_focused,fusion_interpretable,knn,"k=9,weighted=True,max_features=96,y_transform=log1p",10,0.90350037,0.39309806,0.55526807,-0.36085571,-11.315178
glucose_gL,all_known,raman_full,knn,"k=3,weighted=True,max_features=24,y_transform=none",10,0.90488234,0.33607507,0.43276902,-1.6054958,-48.430519
glucose_gL,target_focused,fusion_interpretable,knn,"k=9,weighted=True,max_features=24,y_transform=log1p",10,0.90584475,0.43010086,0.551291,-0.22715168,-7.4822145
glucose_gL,all_known,raman_interpretable,knn,"k=1,weighted=True,max_features=24,y_transform=none",10,0.90625478,0.28882444,0.35056944,-4.6419178,-80.284473
glucose_gL,all_known,raman_interpretable,knn,"k=1,weighted=True,max_features=24,y_transform=log1p",10,0.90625478,0.28882444,0.35056944,-4.6419178,-80.284473
glucose_gL,all_known,raman_interpretable,knn,"k=1,weighted=True,max_features=48,y_transform=none",10,0.90625478,0.28882444,0.35056944,-4.6419178,-80.284473
glucose_gL,all_known,raman_interpretable,knn,"k=1,weighted=True,max_features=48,y_transform=log1p",10,0.90625478,0.28882444,0.35056944,-4.6419178,-80.284473
glucose_gL,all_known,raman_interpretable,knn,"k=1,weighted=True,max_features=96,y_transform=none",10,0.90625478,0.28882444,0.35056944,-4.6419178,-80.284473
glucose_gL,all_known,raman_interpretable,knn,"k=1,weighted=True,max_features=96,y_transform=log1p",10,0.90625478,0.28882444,0.35056944,-4.6419178,-80.284473
glucose_gL,all_known,eem_full,ridge,"alpha=1.0,max_features=96,y_transform=log1p",10,0.90636564,0.35253537,0.48568095,-1.0627196,-38.626077
glucose_gL,all_known,raman_full,knn,"k=5,weighted=True,max_features=384,y_transform=none",10,0.90670869,0.29639029,0.46741916,-2.1508317,-57.285375
glucose_gL,all_known,raman_full,knn,"k=3,weighted=True,max_features=12,y_transform=none",10,0.90680442,0.33525976,0.42877317,-1.5745907,-48.013628
glucose_gL,all_known,fusion_full,knn,"k=1,weighted=True,max_features=48,y_transform=none",10,0.90685749,0.35588795,0.37909722,-1.7575518,-50.24551
glucose_gL,all_known,fusion_full,knn,"k=1,weighted=True,max_features=48,y_transform=log1p",10,0.90685749,0.35588795,0.37909722,-1.7575518,-50.24551
glucose_gL,all_known,eem_full,pls,"n_components=8,alpha=1.0,max_features=24,y_transform=none",10,0.90849631,0.25965546,0.59620847,-1.6295461,-49.649912
glucose_gL,all_known,fusion_interpretable,pls,"n_components=8,alpha=1.0,max_features=48,y_transform=none",10,0.91148635,0.31868516,0.51918268,-2.814565,-66.380881
glucose_gL,all_known,fusion_interpretable,pls,"n_components=8,alpha=1.0,max_features=96,y_transform=none",10,0.91148635,0.31868516,0.51918268,-2.814565,-66.380881
glucose_gL,all_known,raman_full,knn,"k=3,weighted=True,max_features=48,y_transform=none",10,0.91162107,0.33968972,0.44220917,-1.5182631,-47.214399
glucose_gL,target_focused,fusion_interpretable,knn,"k=5,weighted=True,max_features=24,y_transform=log1p",10,0.91285004,0.38743384,0.54744319,-0.35119114,-12.337953
glucose_gL,all_known,raman_full,ridge,"alpha=0.1,max_features=48,y_transform=none",10,0.91390123,0.29512606,0.57963349,-1.9025185,-55.931424
glucose_gL,all_known,fusion_full,pls,"n_components=5,alpha=1.0,max_features=48,y_transform=log1p",10,0.91438498,0.4926744,0.41557517,-3.2282267,-58.592998
glucose_gL,all_known,fusion_full,knn,"k=1,weighted=True,max_features=24,y_transform=none",10,0.91551288,0.36827619,0.37334722,-3.6654121,-64.267951
glucose_gL,all_known,fusion_full,knn,"k=1,weighted=True,max_features=24,y_transform=log1p",10,0.91551288,0.36827619,0.37334722,-3.6654121,-64.267951
glucose_gL,all_known,fusion_full,knn,"k=3,weighted=True,max_features=12,y_transform=none",10,0.91583625,0.30439352,0.43742061,-2.0073465,-56.623155
glucose_gL,all_known,raman_full,pls,"n_components=12,alpha=1.0,max_features=48,y_transform=none",10,0.91777777,0.28708092,0.56565702,-2.09085,-58.958845
glucose_gL,all_known,raman_full,pcr,"n_components=8,alpha=1.0,max_features=96,y_transform=log1p",10,0.92063647,0.52026838,0.39422286,-3.1309797,-53.690954
glucose_gL,target_focused,eem_interpretable,knn,"k=9,weighted=True,max_features=12,y_transform=log1p",10,0.92153397,0.34747801,0.56045541,-0.54685313,-18.043384
glucose_gL,target_focused,eem_interpretable,knn,"k=9,weighted=True,max_features=24,y_transform=log1p",10,0.92153397,0.34747801,0.56045541,-0.54685313,-18.043384
glucose_gL,target_focused,eem_interpretable,knn,"k=9,weighted=True,max_features=48,y_transform=log1p",10,0.92153397,0.34747801,0.56045541,-0.54685313,-18.043384
glucose_gL,target_focused,eem_interpretable,knn,"k=9,weighted=True,max_features=96,y_transform=log1p",10,0.92153397,0.34747801,0.56045541,-0.54685313,-18.043384
glucose_gL,all_known,fusion_full,pls,"n_components=5,alpha=1.0,max_features=384,y_transform=none",10,0.92253873,0.29610069,0.57030351,-2.7304682,-67.543729
glucose_gL,all_known,raman_full,pls,"n_components=5,alpha=1.0,max_features=192,y_transform=none",10,0.92400797,0.29853924,0.57680763,-2.0642264,-58.707674
glucose_gL,target_focused,fusion_interpretable,knn,"k=9,weighted=True,max_features=12,y_transform=log1p",10,0.92452959,0.40079691,0.56487618,-0.40870445,-13.839659
glucose_gL,all_known,raman_full,pls,"n_components=3,alpha=1.0,max_features=192,y_transform=log1p",10,0.92838628,0.53965027,0.39080107,-3.4399422,-56.44176
glucose_gL,target_focused,fusion_interpretable,knn,"k=3,weighted=True,max_features=24,y_transform=none",10,0.93018172,0.30200189,0.55015207,-0.76999318,-22.916067
glucose_gL,target_focused,fusion_interpretable,knn,"k=3,weighted=True,max_features=12,y_transform=none",10,0.93059662,0.23754765,0.5671853,-0.90959011,-27.858812
glucose_gL,all_known,eem_full,pls,"n_components=12,alpha=1.0,max_features=24,y_transform=none",10,0.93341917,0.24090929,0.62137406,-1.9045789,-56.06432
glucose_gL,all_known,raman_full,pcr,"n_components=12,alpha=1.0,max_features=192,y_transform=log1p",10,0.93464226,0.55927133,0.38943286,-3.6754266,-58.181891
glucose_gL,all_known,eem_full,ridge,"alpha=0.1,max_features=24,y_transform=none",10,0.93573671,0.23819123,0.62414067,-1.9352647,-56.745195
glucose_gL,all_known,raman_interpretable,pcr,"n_components=12,alpha=1.0,max_features=24,y_transform=log1p",10,0.93728107,0.5646414,0.39293083,-3.6448739,-57.096362
glucose_gL,all_known,raman_interpretable,pcr,"n_components=12,alpha=1.0,max_features=48,y_transform=log1p",10,0.93728107,0.5646414,0.39293083,-3.6448739,-57.096362
glucose_gL,all_known,raman_interpretable,pcr,"n_components=12,alpha=1.0,max_features=96,y_transform=log1p",10,0.93728107,0.5646414,0.39293083,-3.6448739,-57.096362
glucose_gL,all_known,fusion_interpretable,ridge,"alpha=0.1,max_features=48,y_transform=none",10,0.93794304,0.33046252,0.55524521,-2.9982458,-70.340398
glucose_gL,all_known,fusion_interpretable,ridge,"alpha=0.1,max_features=96,y_transform=none",10,0.93794304,0.33046252,0.55524521,-2.9982458,-70.340398
glucose_gL,all_known,eem_full,ridge,"alpha=1.0,max_features=48,y_transform=none",10,0.93862722,0.24864985,0.63169699,-2.1016406,-58.539874
glucose_gL,all_known,eem_full,knn,"k=1,weighted=True,max_features=192,y_transform=none",10,0.94001657,0.31929125,0.37916667,-3.0753696,-69.044775
glucose_gL,all_known,eem_full,knn,"k=1,weighted=True,max_features=192,y_transform=log1p",10,0.94001657,0.31929125,0.37916667,-3.0753696,-69.044775
glucose_gL,all_known,eem_full,knn,"k=1,weighted=True,max_features=384,y_transform=none",10,0.94001657,0.31929125,0.37916667,-3.0753696,-69.044775
glucose_gL,all_known,eem_full,knn,"k=1,weighted=True,max_features=384,y_transform=log1p",10,0.94001657,0.31929125,0.37916667,-3.0753696,-69.044775
glucose_gL,target_focused,eem_interpretable,knn,"k=9,weighted=True,max_features=12,y_transform=none",10,0.94269292,0.19331381,0.61092774,-1.4958195,-38.800818
glucose_gL,target_focused,eem_interpretable,knn,"k=9,weighted=True,max_features=24,y_transform=none",10,0.94269292,0.19331381,0.61092774,-1.4958195,-38.800818
glucose_gL,target_focused,eem_interpretable,knn,"k=9,weighted=True,max_features=48,y_transform=none",10,0.94269292,0.19331381,0.61092774,-1.4958195,-38.800818
glucose_gL,target_focused,eem_interpretable,knn,"k=9,weighted=True,max_features=96,y_transform=none",10,0.94269292,0.19331381,0.61092774,-1.4958195,-38.800818
glucose_gL,all_known,eem_full,pls,"n_components=8,alpha=1.0,max_features=48,y_transform=none",10,0.94289901,0.2557919,0.63343814,-2.1243186,-58.900968
glucose_gL,all_known,fusion_full,pls,"n_components=5,alpha=1.0,max_features=192,y_transform=none",10,0.94398256,0.31504238,0.57992356,-3.2731769,-74.758998
glucose_gL,target_focused,fusion_full,knn,"k=5,weighted=True,max_features=48,y_transform=log1p",10,0.94462447,0.47420737,0.56631996,-0.19095174,-8.1605021
glucose_gL,all_known,fusion_full,ridge,"alpha=1.0,max_features=48,y_transform=none",10,0.94564087,0.26438289,0.62244494,-3.2992245,-76.285936
glucose_gL,all_known,raman_full,knn,"k=3,weighted=True,max_features=384,y_transform=none",10,0.94630871,0.2972542,0.47933096,-3.313161,-73.003433
glucose_gL,all_known,raman_interpretable,pcr,"n_components=8,alpha=1.0,max_features=24,y_transform=log1p",10,0.94673966,0.57125081,0.39886576,-3.8022094,-59.462155
glucose_gL,all_known,raman_interpretable,pcr,"n_components=8,alpha=1.0,max_features=48,y_transform=log1p",10,0.94673966,0.57125081,0.39886576,-3.8022094,-59.462155
glucose_gL,all_known,raman_interpretable,pcr,"n_components=8,alpha=1.0,max_features=96,y_transform=log1p",10,0.94673966,0.57125081,0.39886576,-3.8022094,-59.462155
glucose_gL,target_focused,fusion_full,knn,"k=3,weighted=True,max_features=96,y_transform=log1p",10,0.94751988,0.47094989,0.557576,-0.21187383,-8.8369061
glucose_gL,all_known,raman_full,ridge,"alpha=10.0,max_features=192,y_transform=none",10,0.94809816,0.30505734,0.58634782,-2.2073747,-62.78298
glucose_gL,target_focused,raman_interpretable,knn,"k=9,weighted=True,max_features=12,y_transform=log1p",10,0.9490187,0.49042368,0.5829545,-0.14558947,-6.6011565
glucose_gL,target_focused,fusion_full,knn,"k=3,weighted=True,max_features=192,y_transform=log1p",10,0.94949195,0.44158715,0.54858899,-0.36743572,-13.533587
glucose_gL,all_known,fusion_interpretable,knn,"k=1,weighted=True,max_features=48,y_transform=none",10,0.95259789,0.34068084,0.38931944,-4.7671155,-86.441805
glucose_gL,all_known,fusion_interpretable,knn,"k=1,weighted=True,max_features=48,y_transform=log1p",10,0.95259789,0.34068084,0.38931944,-4.7671155,-86.441805
glucose_gL,all_known,fusion_interpretable,knn,"k=1,weighted=True,max_features=96,y_transform=none",10,0.95259789,0.34068084,0.38931944,-4.7671155,-86.441805
glucose_gL,all_known,fusion_interpretable,knn,"k=1,weighted=True,max_features=96,y_transform=log1p",10,0.95259789,0.34068084,0.38931944,-4.7671155,-86.441805
glucose_gL,all_known,raman_interpretable,ridge,"alpha=1.0,max_features=24,y_transform=log1p",10,0.95288975,0.59876641,0.39568188,-4.14946,-61.366115
glucose_gL,all_known,raman_interpretable,ridge,"alpha=1.0,max_features=48,y_transform=log1p",10,0.95288975,0.59876641,0.39568188,-4.14946,-61.366115
glucose_gL,all_known,raman_interpretable,ridge,"alpha=1.0,max_features=96,y_transform=log1p",10,0.95288975,0.59876641,0.39568188,-4.14946,-61.366115
glucose_gL,target_focused,fusion_full,knn,"k=3,weighted=True,max_features=96,y_transform=none",10,0.95366627,0.40443352,0.58876375,-0.4152127,-15.455167
glucose_gL,target_focused,eem_full,pcr,"n_components=5,alpha=1.0,max_features=192,y_transform=log1p",10,0.95437185,0.42209629,0.57373884,-0.44784679,-16.155291
glucose_gL,target_focused,eem_full,pcr,"n_components=5,alpha=1.0,max_features=384,y_transform=log1p",10,0.95437185,0.42209629,0.57373884,-0.44784679,-16.155291
glucose_gL,all_known,eem_full,ridge,"alpha=10.0,max_features=192,y_transform=none",10,0.95452191,0.21402354,0.63391865,-2.3268735,-63.847128
glucose_gL,all_known,eem_full,ridge,"alpha=10.0,max_features=384,y_transform=none",10,0.95452191,0.21402354,0.63391865,-2.3268735,-63.847128
glucose_gL,target_focused,raman_interpretable,pls,"n_components=2,alpha=1.0,max_features=12,y_transform=log1p",10,0.95574547,0.52413133,0.57803243,-0.10800308,-4.9475075
glucose_gL,target_focused,eem_full,pls,"n_components=3,alpha=1.0,max_features=48,y_transform=log1p",10,0.95579937,0.43059357,0.57324166,-0.41324235,-15.250197
glucose_gL,target_focused,fusion_interpretable,knn,"k=5,weighted=True,max_features=12,y_transform=none",10,0.95611338,0.25763325,0.60645665,-1.113753,-32.622292
glucose_gL,target_focused,fusion_interpretable,knn,"k=9,weighted=True,max_features=48,y_transform=none",10,0.9561182,0.2465771,0.63629434,-1.2612882,-34.404156
glucose_gL,target_focused,fusion_interpretable,knn,"k=9,weighted=True,max_features=96,y_transform=none",10,0.9561182,0.2465771,0.63629434,-1.2612882,-34.404156
glucose_gL,target_focused,eem_full,pcr,"n_components=5,alpha=1.0,max_features=96,y_transform=log1p",10,0.956212,0.41678079,0.57303953,-0.47417585,-16.949575
glucose_gL,target_focused,raman_interpretable,pcr,"n_components=2,alpha=1.0,max_features=12,y_transform=log1p",10,0.95650038,0.51939839,0.58328595,-0.12048408,-5.5317707
glucose_gL,target_focused,raman_interpretable,pcr,"n_components=3,alpha=1.0,max_features=12,y_transform=log1p",10,0.95696377,0.52609671,0.57807722,-0.1052165,-4.8573089
glucose_gL,all_known,raman_full,knn,"k=3,weighted=True,max_features=96,y_transform=none",10,0.95723367,0.30368331,0.46951331,-2.2957003,-64.048959
glucose_gL,all_known,eem_full,pls,"n_components=12,alpha=1.0,max_features=96,y_transform=log1p",10,0.95791977,0.29129663,0.52967919,-1.6518999,-53.886696
glucose_gL,target_focused,fusion_full,knn,"k=3,weighted=True,max_features=384,y_transform=log1p",10,0.95810391,0.39574306,0.57470499,-0.46365335,-17.721205
glucose_gL,target_focused,raman_interpretable,ridge,"alpha=10.0,max_features=12,y_transform=log1p",10,0.95848308,0.52703938,0.57867768,-0.10713887,-4.9765617
glucose_gL,target_focused,eem_full,pcr,"n_components=2,alpha=1.0,max_features=12,y_transform=log1p",10,0.95899449,0.43195222,0.5888476,-0.40283308,-15.311782
glucose_gL,target_focused,fusion_full,knn,"k=9,weighted=True,max_features=12,y_transform=log1p",10,0.95962492,0.43584689,0.58367102,-0.3837757,-14.663339
glucose_gL,target_focused,fusion_interpretable,pcr,"n_components=2,alpha=1.0,max_features=24,y_transform=log1p",10,0.95978855,0.4998044,0.58693373,-0.18790005,-8.1475067
glucose_gL,target_focused,eem_full,pcr,"n_components=5,alpha=1.0,max_features=48,y_transform=log1p",10,0.95991035,0.4217992,0.57768138,-0.46580689,-16.891154
glucose_gL,target_focused,fusion_interpretable,pls,"n_components=2,alpha=1.0,max_features=12,y_transform=log1p",10,0.96023458,0.45283568,0.59313874,-0.34372178,-13.414158
glucose_gL,target_focused,fusion_full,knn,"k=5,weighted=True,max_features=96,y_transform=log1p",10,0.96040193,0.47040178,0.57608622,-0.29308275,-11.831202
glucose_gL,target_focused,eem_full,pls,"n_components=2,alpha=1.0,max_features=192,y_transform=log1p",10,0.96127678,0.40383429,0.57932652,-0.55631678,-19.309517
glucose_gL,target_focused,eem_full,pls,"n_components=2,alpha=1.0,max_features=384,y_transform=log1p",10,0.96127678,0.40383429,0.57932652,-0.55631678,-19.309517
glucose_gL,target_focused,fusion_interpretable,pcr,"n_components=5,alpha=1.0,max_features=48,y_transform=log1p",10,0.96136892,0.47143156,0.57767756,-0.31260268,-12.082131
glucose_gL,target_focused,fusion_interpretable,pcr,"n_components=5,alpha=1.0,max_features=96,y_transform=log1p",10,0.96136892,0.47143156,0.57767756,-0.31260268,-12.082131
glucose_gL,target_focused,fusion_interpretable,knn,"k=9,weighted=True,max_features=24,y_transform=none",10,0.96140873,0.29293648,0.62517069,-0.99596322,-29.545892
glucose_gL,target_focused,eem_full,pcr,"n_components=8,alpha=1.0,max_features=96,y_transform=log1p",10,0.96150111,0.41302039,0.58214519,-0.48375535,-17.667813
glucose_gL,target_focused,fusion_full,knn,"k=9,weighted=True,max_features=48,y_transform=log1p",10,0.9616697,0.4709773,0.57593333,-0.30662255,-12.093931
glucose_gL,target_focused,fusion_interpretable,pcr,"n_components=2,alpha=1.0,max_features=48,y_transform=log1p",10,0.96211582,0.50385741,0.58755688,-0.17949511,-8.0304766
glucose_gL,target_focused,fusion_interpretable,pcr,"n_components=2,alpha=1.0,max_features=96,y_transform=log1p",10,0.96211582,0.50385741,0.58755688,-0.17949511,-8.0304766
glucose_gL,target_focused,eem_full,knn,"k=9,weighted=True,max_features=12,y_transform=log1p",10,0.96256751,0.43328411,0.59053473,-0.41451375,-15.544378
glucose_gL,target_focused,eem_full,pls,"n_components=3,alpha=1.0,max_features=96,y_transform=log1p",10,0.96285144,0.407999,0.58947358,-0.53317525,-18.847592
glucose_gL,target_focused,eem_full,pcr,"n_components=3,alpha=1.0,max_features=192,y_transform=log1p",10,0.96287344,0.43674214,0.57921379,-0.42935904,-15.926508
glucose_gL,target_focused,eem_full,pcr,"n_components=3,alpha=1.0,max_features=384,y_transform=log1p",10,0.96287344,0.43674214,0.57921379,-0.42935904,-15.926508
glucose_gL,all_known,raman_full,ridge,"alpha=1.0,max_features=192,y_transform=log1p",10,0.96296507,0.35474767,0.49363945,-3.7989624,-75.412053
glucose_gL,target_focused,fusion_interpretable,pcr,"n_components=3,alpha=1.0,max_features=12,y_transform=log1p",10,0.96301722,0.45683363,0.59317672,-0.34507469,-13.485132
glucose_gL,all_known,fusion_interpretable,knn,"k=1,weighted=True,max_features=24,y_transform=none",10,0.96346612,0.32890209,0.39490278,-4.9011704,-85.426258
glucose_gL,all_known,fusion_interpretable,knn,"k=1,weighted=True,max_features=24,y_transform=log1p",10,0.96346612,0.32890209,0.39490278,-4.9011704,-85.426258
glucose_gL,target_focused,raman_interpretable,pls,"n_components=3,alpha=1.0,max_features=12,y_transform=log1p",10,0.96369883,0.5243896,0.58146129,-0.13354749,-6.1536412
glucose_gL,target_focused,fusion_interpretable,pcr,"n_components=5,alpha=1.0,max_features=12,y_transform=log1p",10,0.96469006,0.44754275,0.59905153,-0.39542004,-14.937941
glucose_gL,target_focused,fusion_interpretable,pcr,"n_components=2,alpha=1.0,max_features=12,y_transform=log1p",10,0.96482286,0.49178007,0.5946176,-0.22598877,-9.7382354
glucose_gL,target_focused,eem_full,pcr,"n_components=3,alpha=1.0,max_features=12,y_transform=log1p",10,0.96522531,0.43094796,0.59557374,-0.43523807,-16.491064
glucose_gL,target_focused,fusion_full,pcr,"n_components=5,alpha=1.0,max_features=96,y_transform=log1p",10,0.96557493,0.41543969,0.56894562,-0.53261181,-18.974424
glucose_gL,target_focused,raman_interpretable,pcr,"n_components=2,alpha=1.0,max_features=24,y_transform=log1p",10,0.96586537,0.51043035,0.58425692,-0.18263974,-8.1358644
glucose_gL,target_focused,raman_interpretable,pcr,"n_components=2,alpha=1.0,max_features=48,y_transform=log1p",10,0.96586537,0.51043035,0.58425692,-0.18263974,-8.1358644
glucose_gL,target_focused,raman_interpretable,pcr,"n_components=2,alpha=1.0,max_features=96,y_transform=log1p",10,0.96586537,0.51043035,0.58425692,-0.18263974,-8.1358644
glucose_gL,target_focused,eem_full,pcr,"n_components=3,alpha=1.0,max_features=24,y_transform=log1p",10,0.96615535,0.41634524,0.58620754,-0.49845305,-18.19836
glucose_gL,target_focused,fusion_full,pcr,"n_components=8,alpha=1.0,max_features=192,y_transform=log1p",10,0.96626295,0.41239227,0.56787478,-0.53799333,-19.111687
glucose_gL,target_focused,raman_interpretable,knn,"k=9,weighted=True,max_features=24,y_transform=log1p",10,0.9665626,0.45975488,0.60810696,-0.31175171,-12.89731
glucose_gL,target_focused,raman_interpretable,knn,"k=9,weighted=True,max_features=48,y_transform=log1p",10,0.9665626,0.45975488,0.60810696,-0.31175171,-12.89731
glucose_gL,target_focused,raman_interpretable,knn,"k=9,weighted=True,max_features=96,y_transform=log1p",10,0.9665626,0.45975488,0.60810696,-0.31175171,-12.89731
glucose_gL,target_focused,eem_full,pls,"n_components=2,alpha=1.0,max_features=48,y_transform=log1p",10,0.96663479,0.40885488,0.58504671,-0.54511257,-19.349522
glucose_gL,target_focused,fusion_interpretable,ridge,"alpha=10.0,max_features=12,y_transform=log1p",10,0.96681553,0.45108847,0.60212421,-0.38210411,-14.796431
glucose_gL,target_focused,fusion_full,pcr,"n_components=8,alpha=1.0,max_features=384,y_transform=log1p",10,0.96686838,0.41987191,0.56726654,-0.51738634,-18.612232
glucose_gL,target_focused,fusion_full,pls,"n_components=2,alpha=1.0,max_features=192,y_transform=log1p",10,0.96698698,0.40802457,0.58376302,-0.53286425,-19.30394
glucose_gL,target_focused,eem_full,pcr,"n_components=2,alpha=1.0,max_features=24,y_transform=log1p",10,0.96713817,0.41562721,0.59064687,-0.50780033,-18.469294
glucose_gL,target_focused,eem_full,pls,"n_components=2,alpha=1.0,max_features=96,y_transform=log1p",10,0.96715089,0.40450419,0.58483193,-0.57494329,-20.098684
glucose_gL,target_focused,raman_interpretable,ridge,"alpha=1.0,max_features=12,y_transform=log1p",10,0.9673065,0.52791717,0.58033065,-0.13827498,-6.3855626
glucose_gL,target_focused,raman_interpretable,pcr,"n_components=12,alpha=1.0,max_features=12,y_transform=log1p",10,0.9673065,0.52791717,0.58033065,-0.13827498,-6.3855626
glucose_gL,target_focused,raman_interpretable,pcr,"n_components=8,alpha=1.0,max_features=12,y_transform=log1p",10,0.96731346,0.5279204,0.58031482,-0.13828264,-6.3859685
glucose_gL,all_known,fusion_full,ridge,"alpha=1.0,max_features=384,y_transform=log1p",10,0.96734655,0.28733106,0.5189798,-3.4548005,-76.972191
glucose_gL,target_focused,fusion_full,pls,"n_components=2,alpha=1.0,max_features=96,y_transform=log1p",10,0.96748939,0.40633802,0.57930178,-0.54893703,-19.68625
glucose_gL,target_focused,fusion_full,knn,"k=3,weighted=True,max_features=48,y_transform=log1p",10,0.96786943,0.50003733,0.55943069,-0.25515902,-10.349956
glucose_gL,target_focused,fusion_interpretable,pcr,"n_components=3,alpha=1.0,max_features=48,y_transform=log1p",10,0.96860175,0.4932507,0.59473462,-0.24127707,-10.31154
glucose_gL,target_focused,fusion_interpretable,pcr,"n_components=3,alpha=1.0,max_features=96,y_transform=log1p",10,0.96860175,0.4932507,0.59473462,-0.24127707,-10.31154
glucose_gL,target_focused,fusion_full,pcr,"n_components=2,alpha=1.0,max_features=96,y_transform=log1p",10,0.96867551,0.4261369,0.58892911,-0.46258142,-17.42434
glucose_gL,target_focused,raman_full,pcr,"n_components=2,alpha=1.0,max_features=192,y_transform=log1p",10,0.96874636,0.50729996,0.59038646,-0.19141327,-8.6691532
glucose_gL,target_focused,eem_full,pls,"n_components=2,alpha=1.0,max_features=24,y_transform=log1p",10,0.96913647,0.41330643,0.58873529,-0.5410738,-19.313088
glucose_gL,target_focused,fusion_full,pcr,"n_components=5,alpha=1.0,max_features=192,y_transform=log1p",10,0.96960715,0.40998776,0.57579729,-0.5626309,-19.923554
glucose_gL,target_focused,eem_full,knn,"k=5,weighted=True,max_features=192,y_transform=log1p",10,0.97019077,0.33077692,0.60706797,-0.8582419,-27.245601
glucose_gL,target_focused,eem_full,knn,"k=5,weighted=True,max_features=384,y_transform=log1p",10,0.97019077,0.33077692,0.60706797,-0.8582419,-27.245601
glucose_gL,all_known,fusion_full,ridge,"alpha=1.0,max_features=192,y_transform=log1p",10,0.97035444,0.32450417,0.52841066,-2.8067637,-71.916805
glucose_gL,target_focused,fusion_full,pcr,"n_components=2,alpha=1.0,max_features=12,y_transform=log1p",10,0.970364,0.42268045,0.59691795,-0.52844424,-18.715921
glucose_gL,target_focused,raman_full,pcr,"n_components=2,alpha=1.0,max_features=96,y_transform=log1p",10,0.97072923,0.50438689,0.58397289,-0.2042835,-9.205409
glucose_gL,target_focused,fusion_full,pcr,"n_components=8,alpha=1.0,max_features=96,y_transform=log1p",10,0.97077494,0.40555131,0.58201989,-0.62444072,-21.223466
glucose_gL,target_focused,fusion_interpretable,pcr,"n_components=3,alpha=1.0,max_features=24,y_transform=log1p",10,0.97078824,0.4902802,0.60009384,-0.25562783,-10.915737
glucose_gL,target_focused,raman_interpretable,pcr,"n_components=5,alpha=1.0,max_features=12,y_transform=log1p",10,0.97110159,0.52436941,0.58440433,-0.17409069,-7.6306007
glucose_gL,target_focused,eem_full,pls,"n_components=2,alpha=1.0,max_features=12,y_transform=log1p",10,0.97122793,0.42402943,0.6002116,-0.4573547,-17.548743
glucose_gL,all_known,raman_full,knn,"k=3,weighted=True,max_features=192,y_transform=none",10,0.9719722,0.30243406,0.47767292,-2.6115967,-69.17113
glucose_gL,target_focused,fusion_full,pls,"n_components=2,alpha=1.0,max_features=384,y_transform=log1p",10,0.97260212,0.41044605,0.58821985,-0.54500021,-19.877304
glucose_gL,target_focused,raman_full,pcr,"n_components=2,alpha=1.0,max_features=384,y_transform=log1p",10,0.97337276,0.5034373,0.59440185,-0.2295732,-10.034853
glucose_gL,target_focused,eem_full,pls,"n_components=3,alpha=1.0,max_features=192,y_transform=log1p",10,0.97386604,0.38386615,0.59870153,-0.74277736,-24.112383
glucose_gL,target_focused,eem_full,pls,"n_components=3,alpha=1.0,max_features=384,y_transform=log1p",10,0.97386604,0.38386615,0.59870153,-0.74277736,-24.112383
glucose_gL,target_focused,eem_interpretable,pcr,"n_components=2,alpha=1.0,max_features=12,y_transform=log1p",10,0.97482557,0.45275007,0.60105792,-0.42001299,-16.096211
glucose_gL,target_focused,eem_interpretable,pcr,"n_components=2,alpha=1.0,max_features=24,y_transform=log1p",10,0.97482557,0.45275007,0.60105792,-0.42001299,-16.096211
glucose_gL,target_focused,eem_interpretable,pcr,"n_components=2,alpha=1.0,max_features=48,y_transform=log1p",10,0.97482557,0.45275007,0.60105792,-0.42001299,-16.096211
glucose_gL,target_focused,eem_interpretable,pcr,"n_components=2,alpha=1.0,max_features=96,y_transform=log1p",10,0.97482557,0.45275007,0.60105792,-0.42001299,-16.096211
glucose_gL,target_focused,fusion_interpretable,pls,"n_components=2,alpha=1.0,max_features=24,y_transform=log1p",10,0.97492022,0.44222461,0.59969655,-0.44620586,-16.988934
glucose_gL,target_focused,raman_interpretable,pls,"n_components=5,alpha=1.0,max_features=12,y_transform=log1p",10,0.97503913,0.52682263,0.58961976,-0.16925789,-7.7988549
glucose_gL,target_focused,raman_interpretable,pls,"n_components=8,alpha=1.0,max_features=12,y_transform=log1p",10,0.97520591,0.52692217,0.59039089,-0.17101138,-7.8564108
glucose_gL,target_focused,raman_interpretable,pls,"n_components=12,alpha=1.0,max_features=12,y_transform=log1p",10,0.97521709,0.52693967,0.5903227,-0.17104241,-7.8578327
glucose_gL,all_known,raman_full,pls,"n_components=12,alpha=1.0,max_features=384,y_transform=log1p",10,0.97545716,0.33662508,0.51401413,-3.1114116,-72.095534
glucose_gL,all_known,fusion_full,knn,"k=1,weighted=True,max_features=96,y_transform=none",10,0.97615453,0.42392221,0.40248611,-1.8298923,-53.34538
glucose_gL,all_known,fusion_full,knn,"k=1,weighted=True,max_features=96,y_transform=log1p",10,0.97615453,0.42392221,0.40248611,-1.8298923,-53.34538
glucose_gL,target_focused,eem_full,pcr,"n_components=3,alpha=1.0,max_features=48,y_transform=log1p",10,0.97617212,0.41294339,0.59470327,-0.56008296,-20.237211
glucose_gL,target_focused,eem_full,pcr,"n_components=12,alpha=1.0,max_features=96,y_transform=log1p",10,0.97630144,0.41007342,0.59841642,-0.58392911,-20.790614
glucose_gL,target_focused,eem_full,pcr,"n_components=8,alpha=1.0,max_features=48,y_transform=log1p",10,0.97636587,0.42513633,0.59022933,-0.49277507,-18.507702
glucose_gL,target_focused,fusion_full,pcr,"n_components=5,alpha=1.0,max_features=384,y_transform=log1p",10,0.9764718,0.41212759,0.58238955,-0.57222087,-20.530954
glucose_gL,target_focused,fusion_full,pls,"n_components=3,alpha=1.0,max_features=384,y_transform=log1p",10,0.97652703,0.39300466,0.5822529,-0.68979998,-23.094186
glucose_gL,target_focused,fusion_full,knn,"k=9,weighted=True,max_features=96,y_transform=log1p",10,0.97668798,0.44995333,0.59094083,-0.45934999,-16.999642
glucose_gL,target_focused,fusion_interpretable,pls,"n_components=3,alpha=1.0,max_features=12,y_transform=log1p",10,0.97674343,0.43530012,0.61130583,-0.47682966,-17.986926
glucose_gL,target_focused,fusion_interpretable,knn,"k=5,weighted=True,max_features=24,y_transform=none",10,0.97688019,0.2777226,0.60870437,-1.0394283,-32.343556
glucose_gL,target_focused,fusion_full,pcr,"n_components=2,alpha=1.0,max_features=24,y_transform=log1p",10,0.97718127,0.40510883,0.59389847,-0.59789692,-21.229251
glucose_gL,target_focused,fusion_interpretable,pcr,"n_components=5,alpha=1.0,max_features=24,y_transform=log1p",10,0.97746492,0.44146194,0.59278988,-0.46108236,-17.442821
glucose_gL,all_known,fusion_full,ridge,"alpha=10.0,max_features=192,y_transform=none",10,0.97811539,0.31857927,0.6333297,-3.3236966,-78.311105
glucose_gL,target_focused,fusion_full,knn,"k=9,weighted=True,max_features=24,y_transform=log1p",10,0.97824832,0.45103024,0.58975712,-0.41803723,-16.316823
glucose_gL,target_focused,fusion_interpretable,knn,"k=9,weighted=True,max_features=12,y_transform=none",10,0.97837274,0.24182385,0.6410805,-1.3507069,-37.938622
glucose_gL,all_known,fusion_full,knn,"k=1,weighted=True,max_features=384,y_transform=none",10,0.97856195,0.43446014,0.43034722,-1.800298,-55.85548
glucose_gL,all_known,fusion_full,knn,"k=1,weighted=True,max_features=384,y_transform=log1p",10,0.97856195,0.43446014,0.43034722,-1.800298,-55.85548
glucose_gL,target_focused,eem_interpretable,pls,"n_components=12,alpha=1.0,max_features=12,y_transform=log1p",10,0.97890928,0.42714184,0.61200832,-0.53584376,-19.485456
glucose_gL,target_focused,eem_interpretable,pls,"n_components=12,alpha=1.0,max_features=24,y_transform=log1p",10,0.97890928,0.42714184,0.61200832,-0.53584376,-19.485456
glucose_gL,target_focused,eem_interpretable,pls,"n_components=12,alpha=1.0,max_features=48,y_transform=log1p",10,0.97890928,0.42714184,0.61200832,-0.53584376,-19.485456
glucose_gL,target_focused,eem_interpretable,pls,"n_components=12,alpha=1.0,max_features=96,y_transform=log1p",10,0.97890928,0.42714184,0.61200832,-0.53584376,-19.485456
glucose_gL,target_focused,fusion_full,pcr,"n_components=3,alpha=1.0,max_features=24,y_transform=log1p",10,0.9790034,0.4010754,0.60145504,-0.61646318,-21.851161
glucose_gL,target_focused,eem_full,pcr,"n_components=5,alpha=1.0,max_features=12,y_transform=log1p",10,0.97929858,0.4361063,0.60353194,-0.4641059,-17.919448
glucose_gL,target_focused,fusion_full,pcr,"n_components=3,alpha=1.0,max_features=12,y_transform=log1p",10,0.97941888,0.41957286,0.60718182,-0.59594343,-20.740749
glucose_gL,target_focused,eem_interpretable,pls,"n_components=8,alpha=1.0,max_features=12,y_transform=log1p",10,0.97973648,0.42705528,0.6125689,-0.53322264,-19.492185
glucose_gL,target_focused,eem_interpretable,pls,"n_components=8,alpha=1.0,max_features=24,y_transform=log1p",10,0.97973648,0.42705528,0.6125689,-0.53322264,-19.492185
glucose_gL,target_focused,eem_interpretable,pls,"n_components=8,alpha=1.0,max_features=48,y_transform=log1p",10,0.97973648,0.42705528,0.6125689,-0.53322264,-19.492185
glucose_gL,target_focused,eem_interpretable,pls,"n_components=8,alpha=1.0,max_features=96,y_transform=log1p",10,0.97973648,0.42705528,0.6125689,-0.53322264,-19.492185
glucose_gL,all_known,raman_full,ridge,"alpha=1.0,max_features=384,y_transform=log1p",10,0.97982288,0.34436275,0.50019477,-3.8420752,-77.695743
glucose_gL,target_focused,eem_full,pcr,"n_components=2,alpha=1.0,max_features=96,y_transform=log1p",10,0.98027625,0.42392261,0.59625071,-0.53935405,-19.839793
glucose_gL,target_focused,eem_full,pcr,"n_components=2,alpha=1.0,max_features=48,y_transform=log1p",10,0.98029907,0.41252424,0.60088074,-0.59151999,-21.136476
glucose_gL,target_focused,eem_full,pcr,"n_components=5,alpha=1.0,max_features=24,y_transform=log1p",10,0.98066083,0.41791153,0.59332463,-0.56613605,-20.575814
glucose_gL,target_focused,fusion_full,pcr,"n_components=2,alpha=1.0,max_features=48,y_transform=log1p",10,0.98079774,0.40632318,0.59234282,-0.61081687,-21.722342
glucose_gL,target_focused,fusion_full,pcr,"n_components=3,alpha=1.0,max_features=96,y_transform=log1p",10,0.98090436,0.40877848,0.58951187,-0.6001512,-21.444831
glucose_gL,all_known,raman_full,pls,"n_components=12,alpha=1.0,max_features=96,y_transform=log1p",10,0.98114508,0.42521001,0.47873052,-2.8868944,-67.488964
glucose_gL,target_focused,fusion_interpretable,pls,"n_components=3,alpha=1.0,max_features=24,y_transform=log1p",10,0.98118314,0.43718641,0.59968329,-0.49934431,-18.672081
glucose_gL,all_known,eem_full,knn,"k=1,weighted=True,max_features=12,y_transform=none",10,0.9812633,0.32054637,0.45183333,-2.3541575,-61.528899
glucose_gL,all_known,eem_full,knn,"k=1,weighted=True,max_features=12,y_transform=log1p",10,0.9812633,0.32054637,0.45183333,-2.3541575,-61.528899
glucose_gL,target_focused,fusion_full,knn,"k=5,weighted=True,max_features=48,y_transform=none",10,0.98151562,0.37867429,0.6307885,-0.61329983,-22.593758
glucose_gL,all_known,raman_interpretable,pls,"n_components=12,alpha=1.0,max_features=24,y_transform=log1p",10,0.98183927,0.66855198,0.3982881,-5.2451047,-70.003344
glucose_gL,all_known,raman_interpretable,pls,"n_components=12,alpha=1.0,max_features=48,y_transform=log1p",10,0.98183927,0.66855198,0.3982881,-5.2451047,-70.003344
glucose_gL,all_known,raman_interpretable,pls,"n_components=12,alpha=1.0,max_features=96,y_transform=log1p",10,0.98183927,0.66855198,0.3982881,-5.2451047,-70.003344
glucose_gL,target_focused,fusion_interpretable,ridge,"alpha=10.0,max_features=24,y_transform=log1p",10,0.98188553,0.45475685,0.60355581,-0.452978,-17.270503
glucose_gL,target_focused,fusion_interpretable,pcr,"n_components=8,alpha=1.0,max_features=12,y_transform=log1p",10,0.98207427,0.43299586,0.61582187,-0.5357042,-19.533974
glucose_gL,target_focused,eem_interpretable,ridge,"alpha=0.1,max_features=12,y_transform=log1p",10,0.98210096,0.42193393,0.61678586,-0.57735695,-20.643541
glucose_gL,target_focused,eem_interpretable,ridge,"alpha=0.1,max_features=24,y_transform=log1p",10,0.98210096,0.42193393,0.61678586,-0.57735695,-20.643541
glucose_gL,target_focused,eem_interpretable,ridge,"alpha=0.1,max_features=48,y_transform=log1p",10,0.98210096,0.42193393,0.61678586,-0.57735695,-20.643541
glucose_gL,target_focused,eem_interpretable,ridge,"alpha=0.1,max_features=96,y_transform=log1p",10,0.98210096,0.42193393,0.61678586,-0.57735695,-20.643541
glucose_gL,target_focused,eem_full,ridge,"alpha=10.0,max_features=12,y_transform=log1p",10,0.98243485,0.43273731,0.60655254,-0.48076348,-18.558635
glucose_gL,target_focused,eem_full,pcr,"n_components=3,alpha=1.0,max_features=96,y_transform=log1p",10,0.98246899,0.4154102,0.59843846,-0.59153194,-21.144266
glucose_gL,target_focused,fusion_full,pcr,"n_components=3,alpha=1.0,max_features=384,y_transform=log1p",10,0.98262291,0.42579007,0.59694766,-0.51998432,-19.553718
glucose_gL,target_focused,eem_interpretable,pls,"n_components=2,alpha=1.0,max_features=12,y_transform=log1p",10,0.98281786,0.44922094,0.60643265,-0.46993442,-17.834418
glucose_gL,target_focused,eem_interpretable,pls,"n_components=2,alpha=1.0,max_features=24,y_transform=log1p",10,0.98281786,0.44922094,0.60643265,-0.46993442,-17.834418
glucose_gL,target_focused,eem_interpretable,pls,"n_components=2,alpha=1.0,max_features=48,y_transform=log1p",10,0.98281786,0.44922094,0.60643265,-0.46993442,-17.834418
glucose_gL,target_focused,eem_interpretable,pls,"n_components=2,alpha=1.0,max_features=96,y_transform=log1p",10,0.98281786,0.44922094,0.60643265,-0.46993442,-17.834418
glucose_gL,target_focused,fusion_full,pcr,"n_components=3,alpha=1.0,max_features=192,y_transform=log1p",10,0.98359139,0.41214439,0.59300306,-0.60272529,-21.65257
glucose_gL,target_focused,fusion_full,pls,"n_components=2,alpha=1.0,max_features=12,y_transform=log1p",10,0.98454137,0.41305569,0.61088303,-0.60842661,-21.534912
glucose_gL,target_focused,fusion_full,knn,"k=3,weighted=True,max_features=192,y_transform=none",10,0.98509654,0.39986711,0.59267488,-0.72823541,-23.980656
glucose_gL,target_focused,eem_interpretable,ridge,"alpha=1.0,max_features=12,y_transform=log1p",10,0.98512715,0.43565207,0.61474459,-0.54280692,-19.812805
glucose_gL,target_focused,eem_interpretable,pcr,"n_components=12,alpha=1.0,max_features=12,y_transform=log1p",10,0.98512715,0.43565207,0.61474459,-0.54280692,-19.812805
glucose_gL,target_focused,eem_interpretable,ridge,"alpha=1.0,max_features=24,y_transform=log1p",10,0.98512715,0.43565207,0.61474459,-0.54280692,-19.812805
glucose_gL,target_focused,eem_interpretable,pcr,"n_components=12,alpha=1.0,max_features=24,y_transform=log1p",10,0.98512715,0.43565207,0.61474459,-0.54280692,-19.812805
glucose_gL,target_focused,eem_interpretable,ridge,"alpha=1.0,max_features=48,y_transform=log1p",10,0.98512715,0.43565207,0.61474459,-0.54280692,-19.812805
glucose_gL,target_focused,eem_interpretable,pcr,"n_components=12,alpha=1.0,max_features=48,y_transform=log1p",10,0.98512715,0.43565207,0.61474459,-0.54280692,-19.812805
glucose_gL,target_focused,eem_interpretable,ridge,"alpha=1.0,max_features=96,y_transform=log1p",10,0.98512715,0.43565207,0.61474459,-0.54280692,-19.812805
glucose_gL,target_focused,eem_interpretable,pcr,"n_components=12,alpha=1.0,max_features=96,y_transform=log1p",10,0.98512715,0.43565207,0.61474459,-0.54280692,-19.812805
glucose_gL,target_focused,eem_interpretable,pcr,"n_components=3,alpha=1.0,max_features=12,y_transform=log1p",10,0.98530576,0.45501516,0.60755514,-0.46331636,-17.685937
glucose_gL,target_focused,eem_interpretable,pcr,"n_components=3,alpha=1.0,max_features=24,y_transform=log1p",10,0.98530576,0.45501516,0.60755514,-0.46331636,-17.685937
glucose_gL,target_focused,eem_interpretable,pcr,"n_components=3,alpha=1.0,max_features=48,y_transform=log1p",10,0.98530576,0.45501516,0.60755514,-0.46331636,-17.685937
glucose_gL,target_focused,eem_interpretable,pcr,"n_components=3,alpha=1.0,max_features=96,y_transform=log1p",10,0.98530576,0.45501516,0.60755514,-0.46331636,-17.685937
glucose_gL,target_focused,fusion_full,pcr,"n_components=3,alpha=1.0,max_features=48,y_transform=log1p",10,0.98536207,0.41659891,0.59925015,-0.61198748,-21.807006
glucose_gL,target_focused,eem_full,pcr,"n_components=2,alpha=1.0,max_features=192,y_transform=log1p",10,0.9858421,0.45263806,0.60088757,-0.44449684,-17.529086
glucose_gL,target_focused,eem_full,pcr,"n_components=2,alpha=1.0,max_features=384,y_transform=log1p",10,0.9858421,0.45263806,0.60088757,-0.44449684,-17.529086
glucose_gL,target_focused,fusion_full,knn,"k=1,weighted=True,max_features=96,y_transform=none",10,0.98642009,0.50426487,0.53864706,-0.4422,-16.350596
glucose_gL,target_focused,fusion_full,knn,"k=1,weighted=True,max_features=96,y_transform=log1p",10,0.98642009,0.50426487,0.53864706,-0.4422,-16.350596
glucose_gL,target_focused,eem_interpretable,ridge,"alpha=10.0,max_features=12,y_transform=log1p",10,0.98660346,0.45258206,0.61277092,-0.47445527,-18.09583
glucose_gL,target_focused,eem_interpretable,ridge,"alpha=10.0,max_features=24,y_transform=log1p",10,0.98660346,0.45258206,0.61277092,-0.47445527,-18.09583
glucose_gL,target_focused,eem_interpretable,ridge,"alpha=10.0,max_features=48,y_transform=log1p",10,0.98660346,0.45258206,0.61277092,-0.47445527,-18.09583
glucose_gL,target_focused,eem_interpretable,ridge,"alpha=10.0,max_features=96,y_transform=log1p",10,0.98660346,0.45258206,0.61277092,-0.47445527,-18.09583
glucose_gL,all_known,raman_full,ridge,"alpha=10.0,max_features=384,y_transform=none",10,0.98684699,0.316296,0.64023198,-2.6449702,-71.007969
glucose_gL,target_focused,fusion_full,knn,"k=5,weighted=True,max_features=384,y_transform=log1p",10,0.98694406,0.46040461,0.58075422,-0.40724155,-16.42802
glucose_gL,all_known,fusion_full,pls,"n_components=8,alpha=1.0,max_features=96,y_transform=none",10,0.98757672,0.25499648,0.68371163,-3.5768922,-83.212001
glucose_gL,all_known,eem_full,knn,"k=1,weighted=True,max_features=96,y_transform=none",10,0.98803809,0.3374023,0.39847222,-1.4854899,-51.336011
glucose_gL,all_known,eem_full,knn,"k=1,weighted=True,max_features=96,y_transform=log1p",10,0.98803809,0.3374023,0.39847222,-1.4854899,-51.336011
glucose_gL,target_focused,fusion_interpretable,ridge,"alpha=1.0,max_features=12,y_transform=log1p",10,0.98807149,0.43047157,0.62051978,-0.58072593,-20.93643
glucose_gL,target_focused,fusion_interpretable,pcr,"n_components=12,alpha=1.0,max_features=12,y_transform=log1p",10,0.98807149,0.43047157,0.62051978,-0.58072593,-20.93643
glucose_gL,target_focused,fusion_full,pcr,"n_components=2,alpha=1.0,max_features=192,y_transform=log1p",10,0.9881705,0.45040655,0.6009584,-0.45852926,-17.945657
glucose_gL,target_focused,eem_interpretable,pcr,"n_components=8,alpha=1.0,max_features=12,y_transform=log1p",10,0.98843318,0.43700519,0.61566366,-0.55654441,-20.250186
glucose_gL,target_focused,eem_interpretable,pcr,"n_components=8,alpha=1.0,max_features=24,y_transform=log1p",10,0.98843318,0.43700519,0.61566366,-0.55654441,-20.250186
glucose_gL,target_focused,eem_interpretable,pcr,"n_components=8,alpha=1.0,max_features=48,y_transform=log1p",10,0.98843318,0.43700519,0.61566366,-0.55654441,-20.250186
glucose_gL,target_focused,eem_interpretable,pcr,"n_components=8,alpha=1.0,max_features=96,y_transform=log1p",10,0.98843318,0.43700519,0.61566366,-0.55654441,-20.250186
glucose_gL,target_focused,raman_interpretable,knn,"k=5,weighted=True,max_features=12,y_transform=log1p",10,0.9897383,0.45807273,0.60705614,-0.39017571,-16.119693
glucose_gL,target_focused,fusion_full,knn,"k=9,weighted=True,max_features=192,y_transform=log1p",10,0.98992147,0.43831722,0.60666051,-0.5562948,-20.329198
glucose_gL,target_focused,fusion_full,knn,"k=9,weighted=True,max_features=384,y_transform=log1p",10,0.99004134,0.45683773,0.61646124,-0.45959205,-17.998913
glucose_gL,target_focused,fusion_full,pls,"n_components=2,alpha=1.0,max_features=24,y_transform=log1p",10,0.99100125,0.4032099,0.60875377,-0.70362463,-24.263966
glucose_gL,target_focused,fusion_full,knn,"k=5,weighted=True,max_features=192,y_transform=log1p",10,0.99138188,0.43785523,0.59488183,-0.46786084,-18.429523
glucose_gL,target_focused,eem_full,pcr,"n_components=8,alpha=1.0,max_features=24,y_transform=log1p",10,0.99228227,0.42702434,0.60280363,-0.58977028,-21.571381
glucose_gL,target_focused,fusion_interpretable,pls,"n_components=5,alpha=1.0,max_features=12,y_transform=log1p",10,0.99284614,0.42313661,0.62569978,-0.65686454,-22.879297
glucose_gL,target_focused,raman_full,knn,"k=9,weighted=True,max_features=48,y_transform=log1p",10,0.99321303,0.51255063,0.61187139,-0.27840291,-12.365606
glucose_gL,target_focused,eem_full,knn,"k=3,weighted=True,max_features=192,y_transform=log1p",10,0.9940903,0.29410998,0.59343485,-1.7177842,-41.296311
glucose_gL,target_focused,eem_full,knn,"k=3,weighted=True,max_features=384,y_transform=log1p",10,0.9940903,0.29410998,0.59343485,-1.7177842,-41.296311
glucose_gL,target_focused,eem_interpretable,pls,"n_components=5,alpha=1.0,max_features=12,y_transform=log1p",10,0.99482771,0.42591381,0.62338594,-0.63357651,-22.461951
glucose_gL,target_focused,eem_interpretable,pls,"n_components=5,alpha=1.0,max_features=24,y_transform=log1p",10,0.99482771,0.42591381,0.62338594,-0.63357651,-22.461951
glucose_gL,target_focused,eem_interpretable,pls,"n_components=5,alpha=1.0,max_features=48,y_transform=log1p",10,0.99482771,0.42591381,0.62338594,-0.63357651,-22.461951
glucose_gL,target_focused,eem_interpretable,pls,"n_components=5,alpha=1.0,max_features=96,y_transform=log1p",10,0.99482771,0.42591381,0.62338594,-0.63357651,-22.461951
glucose_gL,target_focused,raman_full,knn,"k=9,weighted=True,max_features=12,y_transform=log1p",10,0.99518152,0.52580901,0.60155192,-0.245057,-11.037388
glucose_gL,target_focused,raman_interpretable,ridge,"alpha=0.1,max_features=12,y_transform=log1p",10,0.99527691,0.53269551,0.6067927,-0.23428929,-10.729704
glucose_gL,target_focused,raman_full,pcr,"n_components=2,alpha=1.0,max_features=48,y_transform=log1p",10,0.99532395,0.48754879,0.60372693,-0.36860262,-15.349291
glucose_gL,target_focused,raman_full,knn,"k=9,weighted=True,max_features=384,y_transform=log1p",10,0.99556534,0.4836704,0.61112443,-0.35110801,-15.091055
glucose_gL,target_focused,fusion_full,ridge,"alpha=10.0,max_features=12,y_transform=log1p",10,0.99651498,0.42145505,0.61765234,-0.64415793,-22.774356
glucose_gL,target_focused,fusion_interpretable,pls,"n_components=8,alpha=1.0,max_features=12,y_transform=log1p",10,0.99698596,0.42708334,0.62878304,-0.65819796,-23.107128
glucose_gL,target_focused,raman_interpretable,knn,"k=3,weighted=True,max_features=24,y_transform=log1p",10,0.99753523,0.42688021,0.60025004,-0.56749061,-20.584057
glucose_gL,target_focused,raman_interpretable,knn,"k=3,weighted=True,max_features=48,y_transform=log1p",10,0.99753523,0.42688021,0.60025004,-0.56749061,-20.584057
glucose_gL,target_focused,raman_interpretable,knn,"k=3,weighted=True,max_features=96,y_transform=log1p",10,0.99753523,0.42688021,0.60025004,-0.56749061,-20.584057
glucose_gL,target_focused,fusion_interpretable,pcr,"n_components=8,alpha=1.0,max_features=24,y_transform=log1p",10,0.99800962,0.44724321,0.61439641,-0.55920581,-20.887398
glucose_gL,target_focused,eem_full,ridge,"alpha=10.0,max_features=24,y_transform=log1p",10,0.99815315,0.41931692,0.61300295,-0.6371784,-23.121143
glucose_gL,all_known,raman_full,ridge,"alpha=10.0,max_features=24,y_transform=log1p",10,0.9991449,0.71381797,0.40973416,-5.9305732,-74.020359
glucose_gL,target_focused,raman_full,knn,"k=9,weighted=True,max_features=24,y_transform=log1p",10,0.99922443,0.51467203,0.60860105,-0.29224918,-12.990898
glucose_gL,target_focused,fusion_full,knn,"k=1,weighted=True,max_features=192,y_transform=log1p",10,0.99922482,0.39748999,0.50876471,-1.3762232,-35.227435
glucose_gL,target_focused,fusion_full,knn,"k=1,weighted=True,max_features=192,y_transform=none",10,0.99922482,0.39748999,0.50876471,-1.3762232,-35.227435
glucose_gL,target_focused,raman_full,knn,"k=9,weighted=True,max_features=96,y_transform=log1p",10,0.99952858,0.49507126,0.62410038,-0.34545187,-14.881125
glucose_gL,target_focused,eem_full,pcr,"n_components=8,alpha=1.0,max_features=192,y_transform=log1p",10,0.99962378,0.38051163,0.60550805,-1.0117193,-29.978982
glucose_gL,target_focused,eem_full,pcr,"n_components=8,alpha=1.0,max_features=384,y_transform=log1p",10,0.99962378,0.38051163,0.60550805,-1.0117193,-29.978982
glucose_gL,target_focused,fusion_full,pcr,"n_components=5,alpha=1.0,max_features=12,y_transform=log1p",10,1.0004273,0.41951767,0.61886272,-0.71184684,-24.24559
glucose_gL,target_focused,eem_full,knn,"k=9,weighted=True,max_features=192,y_transform=log1p",10,1.0007826,0.38957137,0.63066589,-0.78247033,-26.738262
glucose_gL,target_focused,eem_full,knn,"k=9,weighted=True,max_features=384,y_transform=log1p",10,1.0007826,0.38957137,0.63066589,-0.78247033,-26.738262
glucose_gL,target_focused,fusion_full,knn,"k=9,weighted=True,max_features=12,y_transform=none",10,1.0015872,0.3214111,0.65093687,-1.0138487,-32.559359
glucose_gL,target_focused,eem_interpretable,pcr,"n_components=5,alpha=1.0,max_features=12,y_transform=log1p",10,1.0020109,0.4452048,0.62462683,-0.57895393,-21.473614
glucose_gL,target_focused,eem_interpretable,pcr,"n_components=5,alpha=1.0,max_features=24,y_transform=log1p",10,1.0020109,0.4452048,0.62462683,-0.57895393,-21.473614
glucose_gL,target_focused,eem_interpretable,pcr,"n_components=5,alpha=1.0,max_features=48,y_transform=log1p",10,1.0020109,0.4452048,0.62462683,-0.57895393,-21.473614
glucose_gL,target_focused,eem_interpretable,pcr,"n_components=5,alpha=1.0,max_features=96,y_transform=log1p",10,1.0020109,0.4452048,0.62462683,-0.57895393,-21.473614
glucose_gL,target_focused,raman_interpretable,knn,"k=9,weighted=True,max_features=12,y_transform=none",10,1.0021041,0.4044308,0.65519929,-0.63606488,-24.086449
glucose_gL,target_focused,fusion_full,pcr,"n_components=2,alpha=1.0,max_features=384,y_transform=log1p",10,1.0030185,0.47772673,0.6141566,-0.49189929,-18.615546
glucose_gL,target_focused,eem_full,pls,"n_components=3,alpha=1.0,max_features=24,y_transform=log1p",10,1.003163,0.42702776,0.61419701,-0.64010893,-23.333656
glucose_gL,target_focused,fusion_interpretable,pls,"n_components=12,alpha=1.0,max_features=12,y_transform=log1p",10,1.0032288,0.4240019,0.62725346,-0.68988399,-24.272373
glucose_gL,target_focused,raman_full,knn,"k=9,weighted=True,max_features=192,y_transform=log1p",10,1.0034058,0.47958195,0.61683032,-0.39242912,-16.629871
glucose_gL,target_focused,fusion_full,pls,"n_components=3,alpha=1.0,max_features=96,y_transform=log1p",10,1.0035551,0.44238727,0.61098506,-0.71294107,-24.447129
glucose_gL,target_focused,fusion_full,pcr,"n_components=8,alpha=1.0,max_features=48,y_transform=log1p",10,1.0041413,0.46544404,0.60808449,-0.69461457,-23.653989
glucose_gL,target_focused,fusion_full,knn,"k=3,weighted=True,max_features=48,y_transform=none",10,1.0047746,0.42095391,0.60242919,-0.70180364,-24.226699
glucose_gL,all_known,raman_full,pcr,"n_components=12,alpha=1.0,max_features=384,y_transform=log1p",10,1.0050097,0.73200873,0.40161943,-6.2702776,-76.734622
glucose_gL,target_focused,fusion_full,pcr,"n_components=5,alpha=1.0,max_features=24,y_transform=log1p",10,1.0051715,0.43606519,0.61617107,-0.68377763,-24.12946
glucose_gL,target_focused,eem_full,knn,"k=9,weighted=True,max_features=24,y_transform=log1p",10,1.0055032,0.41932867,0.61831183,-0.76537852,-25.677432
glucose_gL,target_focused,eem_full,ridge,"alpha=10.0,max_features=48,y_transform=log1p",10,1.0056172,0.4007274,0.62750279,-0.77457397,-26.612199
glucose_gL,target_focused,eem_full,pcr,"n_components=12,alpha=1.0,max_features=192,y_transform=log1p",10,1.0068341,0.38468596,0.60596124,-1.0699288,-31.130073
glucose_gL,target_focused,eem_full,pcr,"n_components=12,alpha=1.0,max_features=384,y_transform=log1p",10,1.0068341,0.38468596,0.60596124,-1.0699288,-31.130073
glucose_gL,target_focused,raman_interpretable,pcr,"n_components=2,alpha=1.0,max_features=12,y_transform=none",10,1.0073924,0.43391428,0.66477135,-0.60765595,-22.587394
glucose_gL,target_focused,fusion_interpretable,ridge,"alpha=0.1,max_features=12,y_transform=log1p",10,1.0075359,0.42462332,0.63462283,-0.71133722,-24.955355
glucose_gL,all_known,fusion_full,pls,"n_components=12,alpha=1.0,max_features=48,y_transform=none",10,1.0076204,0.25410092,0.67916066,-4.0815256,-90.557731
glucose_gL,target_focused,eem_full,pcr,"n_components=12,alpha=1.0,max_features=48,y_transform=log1p",10,1.0079784,0.40588473,0.61961354,-0.77551397,-26.505237
glucose_gL,all_known,raman_full,pls,"n_components=12,alpha=1.0,max_features=24,y_transform=log1p",10,1.0088372,0.71962731,0.41853252,-6.0772483,-75.964335
glucose_gL,target_focused,fusion_full,knn,"k=3,weighted=True,max_features=384,y_transform=none",10,1.008972,0.32954806,0.62194087,-0.92717032,-31.842019
glucose_gL,target_focused,raman_interpretable,pcr,"n_components=2,alpha=1.0,max_features=24,y_transform=none",10,1.0093342,0.43167473,0.6646967,-0.62904486,-23.286012
glucose_gL,target_focused,raman_interpretable,pcr,"n_components=2,alpha=1.0,max_features=48,y_transform=none",10,1.0093342,0.43167473,0.6646967,-0.62904486,-23.286012
glucose_gL,target_focused,raman_interpretable,pcr,"n_components=2,alpha=1.0,max_features=96,y_transform=none",10,1.0093342,0.43167473,0.6646967,-0.62904486,-23.286012
glucose_gL,target_focused,eem_full,pls,"n_components=3,alpha=1.0,max_features=12,y_transform=log1p",10,1.0096457,0.41883741,0.62989813,-0.66170348,-24.402498
glucose_gL,target_focused,eem_full,knn,"k=9,weighted=True,max_features=12,y_transform=none",10,1.010642,0.31645303,0.66569824,-1.1488344,-35.270434
glucose_gL,target_focused,eem_full,knn,"k=9,weighted=True,max_features=48,y_transform=log1p",10,1.010798,0.40814477,0.62416239,-0.74491013,-26.378809
glucose_gL,target_focused,eem_full,pcr,"n_components=8,alpha=1.0,max_features=12,y_transform=log1p",10,1.010862,0.42985848,0.62481028,-0.62157086,-23.454297
glucose_gL,target_focused,fusion_interpretable,knn,"k=1,weighted=True,max_features=24,y_transform=none",10,1.0109724,0.41645594,0.46491176,-1.4508984,-35.363161
glucose_gL,target_focused,fusion_interpretable,knn,"k=1,weighted=True,max_features=24,y_transform=log1p",10,1.0109724,0.41645594,0.46491176,-1.4508984,-35.363161
glucose_gL,all_known,eem_full,pls,"n_components=8,alpha=1.0,max_features=96,y_transform=none",10,1.0115212,0.20042522,0.69799626,-2.5839609,-72.457111
glucose_gL,target_focused,eem_full,ridge,"alpha=1.0,max_features=12,y_transform=log1p",10,1.0118985,0.42294182,0.63568029,-0.63742195,-23.920111
glucose_gL,target_focused,eem_full,pcr,"n_components=12,alpha=1.0,max_features=12,y_transform=log1p",10,1.0118985,0.42294182,0.63568029,-0.63742195,-23.920111
glucose_gL,target_focused,raman_full,pcr,"n_components=5,alpha=1.0,max_features=384,y_transform=log1p",10,1.0130387,0.45651786,0.60298208,-0.55617873,-21.583063
glucose_gL,target_focused,eem_interpretable,pls,"n_components=3,alpha=1.0,max_features=12,y_transform=log1p",10,1.0138706,0.43964727,0.63899143,-0.6647819,-24.166466
glucose_gL,target_focused,eem_interpretable,pls,"n_components=3,alpha=1.0,max_features=24,y_transform=log1p",10,1.0138706,0.43964727,0.63899143,-0.6647819,-24.166466
glucose_gL,target_focused,eem_interpretable,pls,"n_components=3,alpha=1.0,max_features=48,y_transform=log1p",10,1.0138706,0.43964727,0.63899143,-0.6647819,-24.166466
glucose_gL,target_focused,eem_interpretable,pls,"n_components=3,alpha=1.0,max_features=96,y_transform=log1p",10,1.0138706,0.43964727,0.63899143,-0.6647819,-24.166466
glucose_gL,target_focused,fusion_full,pcr,"n_components=5,alpha=1.0,max_features=48,y_transform=log1p",10,1.0142157,0.49282717,0.60251528,-0.6063186,-22.238117
glucose_gL,all_known,fusion_full,knn,"k=1,weighted=True,max_features=192,y_transform=none",10,1.0144934,0.43923688,0.421875,-1.8683819,-57.869433
glucose_gL,all_known,fusion_full,knn,"k=1,weighted=True,max_features=192,y_transform=log1p",10,1.0144934,0.43923688,0.421875,-1.8683819,-57.869433
glucose_gL,target_focused,raman_interpretable,knn,"k=5,weighted=True,max_features=24,y_transform=log1p",10,1.014617,0.41179799,0.63918123,-0.61709145,-24.059747
glucose_gL,target_focused,raman_interpretable,knn,"k=5,weighted=True,max_features=48,y_transform=log1p",10,1.014617,0.41179799,0.63918123,-0.61709145,-24.059747
glucose_gL,target_focused,raman_interpretable,knn,"k=5,weighted=True,max_features=96,y_transform=log1p",10,1.014617,0.41179799,0.63918123,-0.61709145,-24.059747
glucose_gL,target_focused,raman_full,pcr,"n_components=3,alpha=1.0,max_features=384,y_transform=log1p",10,1.0147403,0.47007789,0.61542633,-0.50753145,-20.147297
glucose_gL,target_focused,raman_full,pcr,"n_components=3,alpha=1.0,max_features=96,y_transform=log1p",10,1.0153999,0.46040151,0.62066911,-0.54552074,-21.322659
glucose_gL,target_focused,fusion_interpretable,pcr,"n_components=2,alpha=1.0,max_features=48,y_transform=none",10,1.0165089,0.4080217,0.68215689,-0.75037276,-26.685415
glucose_gL,target_focused,fusion_interpretable,pcr,"n_components=2,alpha=1.0,max_features=96,y_transform=none",10,1.0165089,0.4080217,0.68215689,-0.75037276,-26.685415
glucose_gL,target_focused,raman_full,knn,"k=5,weighted=True,max_features=24,y_transform=log1p",10,1.0165109,0.52482541,0.60804841,-0.37242919,-15.643748
glucose_gL,target_focused,fusion_full,knn,"k=5,weighted=True,max_features=24,y_transform=log1p",10,1.0172371,0.44295324,0.61166051,-0.70156992,-24.709209
glucose_gL,all_known,raman_full,pls,"n_components=12,alpha=1.0,max_features=192,y_transform=log1p",10,1.0174731,0.36189301,0.52197306,-5.9534034,-98.894581
glucose_gL,target_focused,raman_interpretable,pcr,"n_components=3,alpha=1.0,max_features=24,y_transform=log1p",10,1.0176141,0.47305695,0.60429971,-0.58350069,-21.584696
glucose_gL,target_focused,raman_interpretable,pcr,"n_components=3,alpha=1.0,max_features=48,y_transform=log1p",10,1.0176141,0.47305695,0.60429971,-0.58350069,-21.584696
glucose_gL,target_focused,raman_interpretable,pcr,"n_components=3,alpha=1.0,max_features=96,y_transform=log1p",10,1.0176141,0.47305695,0.60429971,-0.58350069,-21.584696
glucose_gL,target_focused,raman_full,pcr,"n_components=2,alpha=1.0,max_features=384,y_transform=none",10,1.0179221,0.42453922,0.67377,-0.68086849,-25.214136
glucose_gL,target_focused,fusion_full,knn,"k=5,weighted=True,max_features=96,y_transform=none",10,1.0186558,0.38569618,0.64316204,-0.81938277,-28.722453
glucose_gL,target_focused,eem_full,knn,"k=5,weighted=True,max_features=96,y_transform=log1p",10,1.0187847,0.37747128,0.63696744,-1.3219433,-35.643603
glucose_gL,target_focused,raman_interpretable,ridge,"alpha=10.0,max_features=12,y_transform=none",10,1.0188713,0.42980112,0.67077845,-0.71912395,-25.473004
glucose_gL,target_focused,raman_full,pcr,"n_components=2,alpha=1.0,max_features=192,y_transform=none",10,1.0191841,0.42056965,0.66966235,-0.68670153,-25.571887
glucose_gL,target_focused,raman_full,pcr,"n_components=3,alpha=1.0,max_features=192,y_transform=log1p",10,1.0196531,0.45927964,0.62189082,-0.5648977,-22.068851
glucose_gL,target_focused,fusion_full,knn,"k=9,weighted=True,max_features=48,y_transform=none",10,1.0198808,0.36843862,0.65254832,-0.96838746,-31.714303
glucose_gL,target_focused,fusion_full,pls,"n_components=3,alpha=1.0,max_features=12,y_transform=log1p",10,1.0201883,0.4109666,0.63884137,-0.79499268,-27.559036
glucose_gL,target_focused,fusion_full,ridge,"alpha=10.0,max_features=24,y_transform=log1p",10,1.0216278,0.40191133,0.63041671,-0.87468852,-29.427376
glucose_gL,target_focused,raman_full,pcr,"n_components=5,alpha=1.0,max_features=192,y_transform=log1p",10,1.0218936,0.4548947,0.61964727,-0.60334289,-23.219988
glucose_gL,target_focused,raman_full,pcr,"n_components=2,alpha=1.0,max_features=24,y_transform=log1p",10,1.022187,0.50680734,0.62192635,-0.47386276,-18.828465
glucose_gL,target_focused,fusion_full,pcr,"n_components=8,alpha=1.0,max_features=12,y_transform=log1p",10,1.0225977,0.42090137,0.6326678,-0.76718929,-26.968076
glucose_gL,target_focused,fusion_full,pls,"n_components=2,alpha=1.0,max_features=48,y_transform=log1p",10,1.0228464,0.50081254,0.61630277,-0.70049851,-24.653283
glucose_gL,target_focused,raman_full,knn,"k=5,weighted=True,max_features=96,y_transform=log1p",10,1.0232584,0.49190011,0.63816282,-0.46003846,-19.13421
glucose_gL,all_known,raman_full,pls,"n_components=12,alpha=1.0,max_features=48,y_transform=log1p",10,1.0233844,0.72399774,0.4205281,-6.5664268,-83.838012
glucose_gL,target_focused,fusion_full,knn,"k=1,weighted=True,max_features=384,y_transform=none",10,1.0238571,0.380107,0.51023529,-1.4301188,-38.003379
glucose_gL,target_focused,fusion_full,knn,"k=1,weighted=True,max_features=384,y_transform=log1p",10,1.0238571,0.380107,0.51023529,-1.4301188,-38.003379
glucose_gL,target_focused,fusion_full,pls,"n_components=3,alpha=1.0,max_features=24,y_transform=log1p",10,1.0242888,0.42878564,0.6353053,-0.8104542,-27.958477
glucose_gL,target_focused,raman_full,pcr,"n_components=3,alpha=1.0,max_features=48,y_transform=log1p",10,1.0249367,0.45954787,0.62610643,-0.60973648,-23.318822
glucose_gL,target_focused,raman_full,knn,"k=5,weighted=True,max_features=12,y_transform=log1p",10,1.0254795,0.52449394,0.62775986,-0.39221391,-16.909167
glucose_gL,target_focused,eem_full,pcr,"n_components=5,alpha=1.0,max_features=192,y_transform=none",10,1.0255776,0.29749342,0.70665049,-1.3645287,-40.426985
glucose_gL,target_focused,eem_full,pcr,"n_components=5,alpha=1.0,max_features=384,y_transform=none",10,1.0255776,0.29749342,0.70665049,-1.3645287,-40.426985
glucose_gL,all_known,raman_full,pls,"n_components=3,alpha=1.0,max_features=48,y_transform=log1p",10,1.0256467,0.78174544,0.4122081,-7.161612,-82.732767
glucose_gL,target_focused,eem_full,pls,"n_components=12,alpha=1.0,max_features=12,y_transform=log1p",10,1.0264572,0.41755087,0.65208577,-0.73200934,-26.804597
glucose_gL,target_focused,fusion_full,ridge,"alpha=1.0,max_features=12,y_transform=log1p",10,1.0267223,0.41239986,0.64485991,-0.82939054,-28.358513
glucose_gL,target_focused,fusion_full,pcr,"n_components=12,alpha=1.0,max_features=12,y_transform=log1p",10,1.0267223,0.41239986,0.64485991,-0.82939054,-28.358513
glucose_gL,target_focused,eem_full,pcr,"n_components=2,alpha=1.0,max_features=12,y_transform=none",10,1.0267236,0.3164978,0.71543091,-1.2246154,-38.098317
glucose_gL,target_focused,eem_full,knn,"k=9,weighted=True,max_features=96,y_transform=log1p",10,1.026874,0.37372303,0.63989645,-1.0406655,-33.644532
glucose_gL,all_known,eem_full,pls,"n_components=12,alpha=1.0,max_features=48,y_transform=none",10,1.0269073,0.22273281,0.72224948,-3.0347873,-78.123195
glucose_gL,target_focused,eem_full,pcr,"n_components=3,alpha=1.0,max_features=192,y_transform=none",10,1.0271732,0.32739485,0.70054535,-1.2873199,-38.524331
glucose_gL,target_focused,eem_full,pcr,"n_components=3,alpha=1.0,max_features=384,y_transform=none",10,1.0271732,0.32739485,0.70054535,-1.2873199,-38.524331
glucose_gL,all_known,raman_full,pls,"n_components=2,alpha=1.0,max_features=384,y_transform=log1p",10,1.027568,0.78506791,0.40871378,-7.0586922,-80.712683
glucose_gL,target_focused,eem_full,pls,"n_components=5,alpha=1.0,max_features=12,y_transform=log1p",10,1.0278049,0.41678264,0.6460369,-0.7547258,-27.315535
glucose_gL,target_focused,raman_full,pcr,"n_components=2,alpha=1.0,max_features=96,y_transform=none",10,1.0282275,0.41300442,0.6709199,-0.76850815,-27.894673
glucose_gL,target_focused,raman_full,knn,"k=9,weighted=True,max_features=12,y_transform=none",10,1.0288064,0.50642991,0.68308677,-0.43967269,-18.409672
glucose_gL,target_focused,eem_full,pls,"n_components=8,alpha=1.0,max_features=12,y_transform=log1p",10,1.028832,0.41849094,0.65316995,-0.73283678,-26.964851
glucose_gL,target_focused,raman_full,knn,"k=5,weighted=True,max_features=48,y_transform=log1p",10,1.0294208,0.5003856,0.64785756,-0.44682041,-19.036876
glucose_gL,target_focused,eem_full,ridge,"alpha=0.1,max_features=12,y_transform=log1p",10,1.0294891,0.41341518,0.65572503,-0.77309573,-27.834145
glucose_gL,target_focused,fusion_full,pcr,"n_components=8,alpha=1.0,max_features=24,y_transform=log1p",10,1.0296112,0.44008447,0.62665594,-0.77959949,-27.426201
glucose_gL,all_known,raman_full,ridge,"alpha=1.0,max_features=24,y_transform=log1p",10,1.0298418,0.78309308,0.41856506,-7.1035619,-81.872748
glucose_gL,target_focused,eem_full,knn,"k=3,weighted=True,max_features=192,y_transform=none",10,1.0300317,0.24575714,0.64626896,-2.9119426,-60.539709
glucose_gL,target_focused,eem_full,knn,"k=3,weighted=True,max_features=384,y_transform=none",10,1.0300317,0.24575714,0.64626896,-2.9119426,-60.539709
glucose_gL,target_focused,raman_interpretable,pcr,"n_components=3,alpha=1.0,max_features=24,y_transform=none",10,1.0316202,0.41092113,0.68235707,-0.83403743,-29.210371
glucose_gL,target_focused,raman_interpretable,pcr,"n_components=3,alpha=1.0,max_features=48,y_transform=none",10,1.0316202,0.41092113,0.68235707,-0.83403743,-29.210371
glucose_gL,target_focused,raman_interpretable,pcr,"n_components=3,alpha=1.0,max_features=96,y_transform=none",10,1.0316202,0.41092113,0.68235707,-0.83403743,-29.210371
glucose_gL,target_focused,fusion_full,pls,"n_components=3,alpha=1.0,max_features=192,y_transform=log1p",10,1.0325348,0.49001179,0.61401175,-0.76838694,-26.63375
glucose_gL,target_focused,raman_interpretable,pls,"n_components=5,alpha=1.0,max_features=12,y_transform=none",10,1.0326433,0.43585374,0.67484208,-0.71034979,-26.464088
glucose_gL,all_known,fusion_full,ridge,"alpha=10.0,max_features=384,y_transform=none",10,1.0328521,0.24867853,0.69758738,-4.0057677,-93.171344
glucose_gL,target_focused,eem_full,pcr,"n_components=12,alpha=1.0,max_features=24,y_transform=log1p",10,1.0331068,0.39732527,0.65011709,-0.94735407,-31.617275
glucose_gL,target_focused,raman_interpretable,pcr,"n_components=8,alpha=1.0,max_features=12,y_transform=none",10,1.0337078,0.42144244,0.67374275,-0.80773485,-28.64991
glucose_gL,target_focused,eem_full,pcr,"n_components=5,alpha=1.0,max_features=96,y_transform=none",10,1.0337346,0.2925078,0.70458909,-1.433009,-42.153781
glucose_gL,target_focused,raman_interpretable,ridge,"alpha=1.0,max_features=12,y_transform=none",10,1.0339951,0.42112745,0.67420385,-0.80882757,-28.699773
glucose_gL,target_focused,raman_interpretable,pcr,"n_components=12,alpha=1.0,max_features=12,y_transform=none",10,1.0339951,0.42112745,0.67420385,-0.80882757,-28.699773
glucose_gL,target_focused,fusion_full,knn,"k=9,weighted=True,max_features=96,y_transform=none",10,1.0342782,0.35306385,0.67276147,-1.1451811,-35.963891
glucose_gL,target_focused,raman_full,knn,"k=5,weighted=True,max_features=192,y_transform=log1p",10,1.0360731,0.45979407,0.62780421,-0.60792706,-24.111189
glucose_gL,target_focused,raman_full,knn,"k=9,weighted=True,max_features=24,y_transform=none",10,1.0366826,0.48509436,0.68612151,-0.53395772,-21.907099
glucose_gL,target_focused,raman_full,knn,"k=9,weighted=True,max_features=48,y_transform=none",10,1.0366934,0.47596398,0.68655004,-0.57153263,-22.97436
glucose_gL,target_focused,fusion_full,pls,"n_components=5,alpha=1.0,max_features=12,y_transform=log1p",10,1.03671,0.41083077,0.64984793,-0.87537951,-29.981813
glucose_gL,target_focused,raman_full,pcr,"n_components=5,alpha=1.0,max_features=96,y_transform=log1p",10,1.0367785,0.46212117,0.62918564,-0.6487073,-25.069331
glucose_gL,target_focused,fusion_full,knn,"k=9,weighted=True,max_features=24,y_transform=none",10,1.0368044,0.33233839,0.66050697,-1.1333308,-36.957922
glucose_gL,target_focused,raman_interpretable,knn,"k=3,weighted=True,max_features=12,y_transform=log1p",10,1.0373571,0.44665652,0.62668475,-0.68694236,-25.381338
glucose_gL,all_known,eem_full,ridge,"alpha=0.1,max_features=48,y_transform=none",10,1.037464,0.20683862,0.74120106,-3.1953158,-81.002582
glucose_gL,target_focused,eem_full,knn,"k=5,weighted=True,max_features=192,y_transform=none",10,1.0376392,0.17849818,0.69550403,-2.0451878,-53.151819
glucose_gL,target_focused,eem_full,knn,"k=5,weighted=True,max_features=384,y_transform=none",10,1.0376392,0.17849818,0.69550403,-2.0451878,-53.151819
glucose_gL,target_focused,fusion_full,ridge,"alpha=10.0,max_features=48,y_transform=log1p",10,1.0379364,0.41009173,0.65254598,-1.3089053,-36.233954
glucose_gL,target_focused,fusion_interpretable,pcr,"n_components=2,alpha=1.0,max_features=12,y_transform=none",10,1.038167,0.36954533,0.72349065,-1.0203815,-34.08052
glucose_gL,all_known,eem_full,pls,"n_components=8,alpha=1.0,max_features=192,y_transform=none",10,1.0390878,0.19585375,0.70015641,-3.11748,-81.382989
glucose_gL,all_known,eem_full,pls,"n_components=8,alpha=1.0,max_features=384,y_transform=none",10,1.0390878,0.19585375,0.70015641,-3.11748,-81.382989
glucose_gL,target_focused,eem_full,ridge,"alpha=10.0,max_features=96,y_transform=log1p",10,1.0391488,0.37059594,0.64968757,-1.0407061,-34.606571
glucose_gL,target_focused,eem_full,knn,"k=5,weighted=True,max_features=12,y_transform=log1p",10,1.0395284,0.4016743,0.62802668,-0.86202247,-30.414624
glucose_gL,target_focused,eem_full,pcr,"n_components=5,alpha=1.0,max_features=48,y_transform=none",10,1.0395408,0.2941596,0.70465715,-1.4367877,-42.614309
glucose_gL,target_focused,fusion_interpretable,pcr,"n_components=2,alpha=1.0,max_features=24,y_transform=none",10,1.0397018,0.37515067,0.71518674,-1.0258116,-33.968116
glucose_gL,target_focused,raman_interpretable,pls,"n_components=8,alpha=1.0,max_features=12,y_transform=none",10,1.0398495,0.43207575,0.67980289,-0.7951957,-28.624908
glucose_gL,target_focused,fusion_full,knn,"k=3,weighted=True,max_features=24,y_transform=log1p",10,1.0399662,0.42289655,0.6272045,-0.87657828,-29.361813
glucose_gL,target_focused,fusion_full,pcr,"n_components=12,alpha=1.0,max_features=96,y_transform=log1p",10,1.0399994,0.42162401,0.62234596,-1.4328851,-36.795937
glucose_gL,target_focused,raman_interpretable,pls,"n_components=12,alpha=1.0,max_features=12,y_transform=none",10,1.040116,0.43187551,0.68038333,-0.79604948,-28.665704
glucose_gL,target_focused,fusion_full,pcr,"n_components=12,alpha=1.0,max_features=48,y_transform=log1p",10,1.040195,0.44775404,0.64141623,-0.96785993,-31.163149
glucose_gL,all_known,raman_full,pls,"n_components=8,alpha=1.0,max_features=24,y_transform=log1p",10,1.0405896,0.78985286,0.42451482,-7.3363564,-85.013816
glucose_gL,target_focused,eem_full,pcr,"n_components=2,alpha=1.0,max_features=24,y_transform=none",10,1.0413864,0.29304503,0.70867979,-1.4524865,-43.057467
glucose_gL,all_known,fusion_full,ridge,"alpha=0.1,max_features=48,y_transform=none",10,1.0418986,0.26482332,0.70821212,-4.8886119,-101.92803
glucose_gL,target_focused,raman_interpretable,knn,"k=9,weighted=True,max_features=24,y_transform=none",10,1.0425795,0.35497971,0.70318117,-1.0454729,-35.462977
glucose_gL,target_focused,raman_interpretable,knn,"k=9,weighted=True,max_features=48,y_transform=none",10,1.0425795,0.35497971,0.70318117,-1.0454729,-35.462977
glucose_gL,target_focused,raman_interpretable,knn,"k=9,weighted=True,max_features=96,y_transform=none",10,1.0425795,0.35497971,0.70318117,-1.0454729,-35.462977
glucose_gL,target_focused,fusion_full,pls,"n_components=12,alpha=1.0,max_features=12,y_transform=log1p",10,1.0429207,0.40718634,0.66069899,-0.96079738,-31.733939
glucose_gL,target_focused,fusion_full,knn,"k=5,weighted=True,max_features=384,y_transform=none",10,1.0430064,0.38565948,0.65416124,-0.90636724,-32.247957
glucose_gL,target_focused,fusion_full,knn,"k=5,weighted=True,max_features=12,y_transform=log1p",10,1.0432796,0.39876319,0.62076663,-0.91117383,-31.537764
glucose_gL,target_focused,eem_full,pcr,"n_components=3,alpha=1.0,max_features=24,y_transform=none",10,1.0434944,0.28887155,0.70885484,-1.4777411,-43.694715
glucose_gL,target_focused,fusion_interpretable,pls,"n_components=3,alpha=1.0,max_features=48,y_transform=log1p",10,1.0442303,0.44632638,0.61578165,-1.6247162,-36.946963
glucose_gL,target_focused,fusion_interpretable,pls,"n_components=3,alpha=1.0,max_features=96,y_transform=log1p",10,1.0442303,0.44632638,0.61578165,-1.6247162,-36.946963
glucose_gL,all_known,fusion_full,ridge,"alpha=0.1,max_features=384,y_transform=log1p",10,1.0447555,0.28938134,0.56439157,-5.2960864,-100.3895
glucose_gL,target_focused,eem_full,pls,"n_components=2,alpha=1.0,max_features=192,y_transform=none",10,1.0452827,0.27630743,0.72612061,-1.6073074,-45.845827
glucose_gL,target_focused,eem_full,pls,"n_components=2,alpha=1.0,max_features=384,y_transform=none",10,1.0452827,0.27630743,0.72612061,-1.6073074,-45.845827
glucose_gL,all_known,eem_full,ridge,"alpha=1.0,max_features=96,y_transform=none",10,1.045431,0.19334236,0.73305288,-3.0743806,-81.546122
glucose_gL,target_focused,fusion_full,ridge,"alpha=0.1,max_features=12,y_transform=log1p",10,1.0455895,0.40399376,0.66435889,-1.0035625,-32.654772
glucose_gL,target_focused,fusion_interpretable,ridge,"alpha=10.0,max_features=12,y_transform=none",10,1.0456678,0.31623834,0.71109132,-1.321944,-40.825905
glucose_gL,target_focused,eem_full,pcr,"n_components=3,alpha=1.0,max_features=12,y_transform=none",10,1.0457612,0.31485708,0.74075481,-1.3436623,-41.380414
glucose_gL,target_focused,fusion_full,pls,"n_components=8,alpha=1.0,max_features=12,y_transform=log1p",10,1.0459158,0.4076478,0.66257727,-0.97027801,-32.079888
glucose_gL,target_focused,raman_interpretable,pcr,"n_components=3,alpha=1.0,max_features=12,y_transform=none",10,1.0461012,0.40167915,0.68365862,-0.89805344,-31.573761
glucose_gL,target_focused,fusion_interpretable,pls,"n_components=2,alpha=1.0,max_features=12,y_transform=none",10,1.0470777,0.30727096,0.72130953,-1.3632124,-41.785971
glucose_gL,target_focused,fusion_full,pcr,"n_components=12,alpha=1.0,max_features=384,y_transform=log1p",10,1.0471127,0.41595418,0.60346062,-1.8497843,-41.523151
glucose_gL,target_focused,fusion_interpretable,pcr,"n_components=3,alpha=1.0,max_features=12,y_transform=none",10,1.0476006,0.31592048,0.72287935,-1.3411066,-41.215965
glucose_gL,target_focused,eem_full,pcr,"n_components=8,alpha=1.0,max_features=96,y_transform=none",10,1.0476935,0.29120123,0.71484059,-1.484985,-44.024289
glucose_gL,target_focused,fusion_interpretable,knn,"k=1,weighted=True,max_features=12,y_transform=none",10,1.0479108,0.37816538,0.47847059,-3.5340567,-67.25344
glucose_gL,target_focused,fusion_interpretable,knn,"k=1,weighted=True,max_features=12,y_transform=log1p",10,1.0479108,0.37816538,0.47847059,-3.5340567,-67.25344
glucose_gL,all_known,fusion_full,pls,"n_components=8,alpha=1.0,max_features=384,y_transform=none",10,1.0479489,0.23504826,0.71320989,-4.3662501,-98.1687
glucose_gL,target_focused,raman_interpretable,knn,"k=5,weighted=True,max_features=12,y_transform=none",10,1.0493995,0.3931228,0.67598934,-0.95916931,-33.488045
glucose_gL,target_focused,fusion_interpretable,pcr,"n_components=3,alpha=1.0,max_features=48,y_transform=none",10,1.0499446,0.36235363,0.72538668,-1.0848296,-36.261297
glucose_gL,target_focused,fusion_interpretable,pcr,"n_components=3,alpha=1.0,max_features=96,y_transform=none",10,1.0499446,0.36235363,0.72538668,-1.0848296,-36.261297
glucose_gL,target_focused,eem_full,pcr,"n_components=3,alpha=1.0,max_features=48,y_transform=none",10,1.0504423,0.28638435,0.71023565,-1.5300003,-44.961551
glucose_gL,target_focused,eem_full,pcr,"n_components=2,alpha=1.0,max_features=96,y_transform=none",10,1.0505651,0.30673109,0.70710321,-1.4660097,-43.615681
glucose_gL,target_focused,fusion_full,knn,"k=5,weighted=True,max_features=192,y_transform=none",10,1.0510232,0.35282646,0.66616631,-1.0431555,-35.540233
glucose_gL,target_focused,eem_full,pcr,"n_components=2,alpha=1.0,max_features=192,y_transform=none",10,1.0515649,0.34461597,0.71142136,-1.2470317,-39.609544
glucose_gL,target_focused,eem_full,pcr,"n_components=2,alpha=1.0,max_features=384,y_transform=none",10,1.0515649,0.34461597,0.71142136,-1.2470317,-39.609544
glucose_gL,target_focused,raman_full,knn,"k=9,weighted=True,max_features=96,y_transform=none",10,1.0522277,0.44525339,0.7046413,-0.7423424,-28.311664
glucose_gL,target_focused,fusion_interpretable,pcr,"n_components=3,alpha=1.0,max_features=24,y_transform=none",10,1.052553,0.36379559,0.73532528,-1.1449783,-37.185596
glucose_gL,target_focused,eem_full,ridge,"alpha=10.0,max_features=192,y_transform=log1p",10,1.0532247,0.30801524,0.66803941,-1.429858,-42.879655
glucose_gL,target_focused,eem_full,ridge,"alpha=10.0,max_features=384,y_transform=log1p",10,1.0532247,0.30801524,0.66803941,-1.429858,-42.879655
glucose_gL,target_focused,eem_full,knn,"k=3,weighted=True,max_features=96,y_transform=log1p",10,1.0532279,0.35867973,0.64433703,-2.0293838,-46.823116
glucose_gL,all_known,fusion_full,knn,"k=1,weighted=True,max_features=12,y_transform=none",10,1.0532311,0.27728849,0.45541667,-5.4620105,-106.55889
glucose_gL,all_known,fusion_full,knn,"k=1,weighted=True,max_features=12,y_transform=log1p",10,1.0532311,0.27728849,0.45541667,-5.4620105,-106.55889
glucose_gL,target_focused,raman_full,knn,"k=5,weighted=True,max_features=384,y_transform=log1p",10,1.0532482,0.44220894,0.64491858,-0.74297338,-28.568494
glucose_gL,target_focused,eem_full,pcr,"n_components=3,alpha=1.0,max_features=96,y_transform=none",10,1.0542085,0.28826714,0.70929292,-1.562729,-45.599116
glucose_gL,target_focused,raman_full,pcr,"n_components=3,alpha=1.0,max_features=24,y_transform=log1p",10,1.0552062,0.53114923,0.63403426,-0.59036883,-23.281378
glucose_gL,target_focused,eem_full,pls,"n_components=2,alpha=1.0,max_features=48,y_transform=none",10,1.055416,0.27656697,0.72269978,-1.6391583,-47.187604
glucose_gL,target_focused,eem_full,pcr,"n_components=2,alpha=1.0,max_features=48,y_transform=none",10,1.0555905,0.28964306,0.71315819,-1.5915501,-46.177958
glucose_gL,target_focused,eem_full,pls,"n_components=5,alpha=1.0,max_features=24,y_transform=log1p",10,1.0558726,0.39562253,0.66810315,-1.0255338,-34.8364
glucose_gL,target_focused,eem_full,pls,"n_components=2,alpha=1.0,max_features=12,y_transform=none",10,1.0559112,0.30087963,0.73850143,-1.3735606,-42.949986
glucose_gL,target_focused,raman_full,knn,"k=9,weighted=True,max_features=384,y_transform=none",10,1.0559715,0.40845318,0.69279625,-0.88625692,-32.173474
glucose_gL,target_focused,eem_full,pls,"n_components=2,alpha=1.0,max_features=96,y_transform=none",10,1.056226,0.27740907,0.73084715,-1.63446,-47.094413
glucose_gL,all_known,raman_full,pls,"n_components=8,alpha=1.0,max_features=96,y_transform=none",10,1.0564039,0.30259306,0.70164705,-3.1007193,-83.68902
glucose_gL,target_focused,eem_interpretable,pcr,"n_components=2,alpha=1.0,max_features=12,y_transform=none",10,1.0565432,0.31575313,0.7297287,-1.4368021,-43.27359
glucose_gL,target_focused,eem_interpretable,pcr,"n_components=2,alpha=1.0,max_features=24,y_transform=none",10,1.0565432,0.31575313,0.7297287,-1.4368021,-43.27359
glucose_gL,target_focused,eem_interpretable,pcr,"n_components=2,alpha=1.0,max_features=48,y_transform=none",10,1.0565432,0.31575313,0.7297287,-1.4368021,-43.27359
glucose_gL,target_focused,eem_interpretable,pcr,"n_components=2,alpha=1.0,max_features=96,y_transform=none",10,1.0565432,0.31575313,0.7297287,-1.4368021,-43.27359
glucose_gL,target_focused,fusion_interpretable,pls,"n_components=5,alpha=1.0,max_features=24,y_transform=log1p",10,1.0565632,0.55347746,0.63295402,-0.66964291,-25.120356
glucose_gL,target_focused,eem_full,knn,"k=5,weighted=True,max_features=24,y_transform=log1p",10,1.0565851,0.39538965,0.6479272,-1.0891262,-35.8075
glucose_gL,target_focused,raman_interpretable,knn,"k=3,weighted=True,max_features=24,y_transform=none",10,1.0575807,0.37313042,0.65202026,-1.1371159,-37.334482
glucose_gL,target_focused,raman_interpretable,knn,"k=3,weighted=True,max_features=48,y_transform=none",10,1.0575807,0.37313042,0.65202026,-1.1371159,-37.334482
glucose_gL,target_focused,raman_interpretable,knn,"k=3,weighted=True,max_features=96,y_transform=none",10,1.0575807,0.37313042,0.65202026,-1.1371159,-37.334482
glucose_gL,target_focused,eem_full,knn,"k=5,weighted=True,max_features=48,y_transform=log1p",10,1.0582956,0.38148259,0.65937734,-1.1024506,-36.515393
glucose_gL,target_focused,fusion_full,knn,"k=9,weighted=True,max_features=192,y_transform=none",10,1.0606979,0.33515083,0.69453273,-1.3600676,-41.886784
glucose_gL,target_focused,eem_full,ridge,"alpha=10.0,max_features=12,y_transform=none",10,1.0612129,0.3188907,0.74076831,-1.347718,-42.453377
glucose_gL,target_focused,eem_interpretable,ridge,"alpha=10.0,max_features=12,y_transform=none",10,1.0613132,0.31291416,0.73242074,-1.4765144,-44.33475
glucose_gL,target_focused,eem_interpretable,ridge,"alpha=10.0,max_features=24,y_transform=none",10,1.0613132,0.31291416,0.73242074,-1.4765144,-44.33475
glucose_gL,target_focused,eem_interpretable,ridge,"alpha=10.0,max_features=48,y_transform=none",10,1.0613132,0.31291416,0.73242074,-1.4765144,-44.33475
glucose_gL,target_focused,eem_interpretable,ridge,"alpha=10.0,max_features=96,y_transform=none",10,1.0613132,0.31291416,0.73242074,-1.4765144,-44.33475
glucose_gL,target_focused,fusion_full,pcr,"n_components=12,alpha=1.0,max_features=24,y_transform=log1p",10,1.061329,0.39906243,0.66309541,-1.0719484,-36.005036
glucose_gL,target_focused,raman_full,knn,"k=5,weighted=True,max_features=24,y_transform=none",10,1.061493,0.51598586,0.68282215,-0.58093675,-23.3322
glucose_gL,target_focused,fusion_interpretable,pls,"n_components=2,alpha=1.0,max_features=48,y_transform=log1p",10,1.0619332,0.41048033,0.63722089,-1.5352845,-40.37461
glucose_gL,target_focused,fusion_interpretable,pls,"n_components=2,alpha=1.0,max_features=96,y_transform=log1p",10,1.0619332,0.41048033,0.63722089,-1.5352845,-40.37461
glucose_gL,target_focused,fusion_interpretable,pcr,"n_components=5,alpha=1.0,max_features=12,y_transform=none",10,1.0620681,0.30299406,0.7204229,-1.4791286,-44.721624
glucose_gL,target_focused,raman_interpretable,pls,"n_components=2,alpha=1.0,max_features=12,y_transform=none",10,1.0627877,0.41872925,0.68644401,-1.512014,-39.226877
glucose_gL,all_known,raman_full,ridge,"alpha=1.0,max_features=96,y_transform=none",10,1.0630757,0.33063009,0.70218985,-3.0281801,-82.969092
glucose_gL,target_focused,raman_full,knn,"k=9,weighted=True,max_features=192,y_transform=none",10,1.0633225,0.40895612,0.70054392,-0.9312919,-33.382615
glucose_gL,target_focused,fusion_full,knn,"k=1,weighted=True,max_features=48,y_transform=none",10,1.0634126,0.48837072,0.57182353,-1.0493308,-31.654695
glucose_gL,target_focused,fusion_full,knn,"k=1,weighted=True,max_features=48,y_transform=log1p",10,1.0634126,0.48837072,0.57182353,-1.0493308,-31.654695
glucose_gL,target_focused,raman_interpretable,pcr,"n_components=5,alpha=1.0,max_features=12,y_transform=none",10,1.0635471,0.40178233,0.69124146,-1.0341774,-34.917136
glucose_gL,target_focused,eem_full,pls,"n_components=2,alpha=1.0,max_features=24,y_transform=none",10,1.0639508,0.27720794,0.724432,-1.6551341,-48.092242
glucose_gL,target_focused,eem_full,pls,"n_components=3,alpha=1.0,max_features=192,y_transform=none",10,1.0647239,0.26225609,0.77800592,-1.7344004,-49.405789
glucose_gL,target_focused,eem_full,pls,"n_components=3,alpha=1.0,max_features=384,y_transform=none",10,1.0647239,0.26225609,0.77800592,-1.7344004,-49.405789
glucose_gL,target_focused,fusion_interpretable,pls,"n_components=2,alpha=1.0,max_features=24,y_transform=none",10,1.0651108,0.30319079,0.73695127,-1.5366226,-45.651476
glucose_gL,target_focused,eem_interpretable,pcr,"n_components=3,alpha=1.0,max_features=12,y_transform=none",10,1.0652735,0.31047808,0.73784099,-1.5178004,-45.309831
glucose_gL,target_focused,eem_interpretable,pcr,"n_components=3,alpha=1.0,max_features=24,y_transform=none",10,1.0652735,0.31047808,0.73784099,-1.5178004,-45.309831
glucose_gL,target_focused,eem_interpretable,pcr,"n_components=3,alpha=1.0,max_features=48,y_transform=none",10,1.0652735,0.31047808,0.73784099,-1.5178004,-45.309831
glucose_gL,target_focused,eem_interpretable,pcr,"n_components=3,alpha=1.0,max_features=96,y_transform=none",10,1.0652735,0.31047808,0.73784099,-1.5178004,-45.309831
glucose_gL,target_focused,eem_interpretable,pls,"n_components=2,alpha=1.0,max_features=12,y_transform=none",10,1.0655627,0.30553679,0.73563125,-1.5389013,-45.758768
glucose_gL,target_focused,eem_interpretable,pls,"n_components=2,alpha=1.0,max_features=24,y_transform=none",10,1.0655627,0.30553679,0.73563125,-1.5389013,-45.758768
glucose_gL,target_focused,eem_interpretable,pls,"n_components=2,alpha=1.0,max_features=48,y_transform=none",10,1.0655627,0.30553679,0.73563125,-1.5389013,-45.758768
glucose_gL,target_focused,eem_interpretable,pls,"n_components=2,alpha=1.0,max_features=96,y_transform=none",10,1.0655627,0.30553679,0.73563125,-1.5389013,-45.758768
glucose_gL,target_focused,fusion_full,pcr,"n_components=5,alpha=1.0,max_features=192,y_transform=none",10,1.0670863,0.27270845,0.71292585,-1.7952042,-50.286788
glucose_gL,target_focused,eem_full,pcr,"n_components=8,alpha=1.0,max_features=48,y_transform=none",10,1.0673643,0.3009317,0.72477294,-1.510402,-45.621196
glucose_gL,target_focused,fusion_full,knn,"k=3,weighted=True,max_features=12,y_transform=log1p",10,1.0674664,0.40205729,0.62936662,-1.0820892,-35.967833
glucose_gL,target_focused,raman_full,knn,"k=3,weighted=True,max_features=96,y_transform=log1p",10,1.0679179,0.45597452,0.65142721,-0.76012792,-29.381968
glucose_gL,target_focused,raman_full,knn,"k=3,weighted=True,max_features=24,y_transform=log1p",10,1.0679512,0.49835784,0.64093321,-0.69008271,-26.548511
glucose_gL,target_focused,eem_full,pcr,"n_components=5,alpha=1.0,max_features=24,y_transform=none",10,1.0696994,0.28644795,0.72725374,-1.6556798,-48.344057
glucose_gL,target_focused,fusion_full,knn,"k=9,weighted=True,max_features=384,y_transform=none",10,1.0697678,0.35982433,0.72114957,-1.2245458,-40.114477
glucose_gL,target_focused,eem_full,pcr,"n_components=12,alpha=1.0,max_features=192,y_transform=none",10,1.0707408,0.28902385,0.73147866,-1.8437827,-50.052491
glucose_gL,target_focused,eem_full,pcr,"n_components=12,alpha=1.0,max_features=384,y_transform=none",10,1.0707408,0.28902385,0.73147866,-1.8437827,-50.052491
glucose_gL,target_focused,fusion_full,pcr,"n_components=2,alpha=1.0,max_features=96,y_transform=none",10,1.0709058,0.29042774,0.72332347,-1.6143091,-47.920682
glucose_gL,target_focused,fusion_interpretable,ridge,"alpha=10.0,max_features=24,y_transform=none",10,1.0711661,0.29462506,0.7252028,-1.6895884,-48.277815
glucose_gL,target_focused,fusion_interpretable,pcr,"n_components=8,alpha=1.0,max_features=12,y_transform=none",10,1.0712682,0.29712774,0.73410525,-1.6221093,-47.464329
glucose_gL,target_focused,eem_interpretable,ridge,"alpha=1.0,max_features=12,y_transform=none",10,1.0714557,0.29116359,0.73673451,-1.6580556,-48.094436
glucose_gL,target_focused,eem_interpretable,ridge,"alpha=1.0,max_features=24,y_transform=none",10,1.0714557,0.29116359,0.73673451,-1.6580556,-48.094436
glucose_gL,target_focused,eem_interpretable,ridge,"alpha=1.0,max_features=48,y_transform=none",10,1.0714557,0.29116359,0.73673451,-1.6580556,-48.094436
glucose_gL,target_focused,eem_interpretable,ridge,"alpha=1.0,max_features=96,y_transform=none",10,1.0714557,0.29116359,0.73673451,-1.6580556,-48.094436
glucose_gL,target_focused,eem_interpretable,pcr,"n_components=12,alpha=1.0,max_features=12,y_transform=none",10,1.0714557,0.29116359,0.73673451,-1.6580556,-48.094436
glucose_gL,target_focused,eem_interpretable,pcr,"n_components=12,alpha=1.0,max_features=24,y_transform=none",10,1.0714557,0.29116359,0.73673451,-1.6580556,-48.094436
glucose_gL,target_focused,eem_interpretable,pcr,"n_components=12,alpha=1.0,max_features=48,y_transform=none",10,1.0714557,0.29116359,0.73673451,-1.6580556,-48.094436
glucose_gL,target_focused,eem_interpretable,pcr,"n_components=12,alpha=1.0,max_features=96,y_transform=none",10,1.0714557,0.29116359,0.73673451,-1.6580556,-48.094436
glucose_gL,target_focused,eem_full,knn,"k=3,weighted=True,max_features=48,y_transform=log1p",10,1.0716303,0.38961569,0.65993161,-1.2300009,-38.837352
glucose_gL,target_focused,eem_full,pcr,"n_components=8,alpha=1.0,max_features=192,y_transform=none",10,1.0719214,0.27486577,0.73289797,-1.9337359,-51.792492
glucose_gL,target_focused,eem_full,pcr,"n_components=8,alpha=1.0,max_features=384,y_transform=none",10,1.0719214,0.27486577,0.73289797,-1.9337359,-51.792492
glucose_gL,target_focused,raman_full,knn,"k=3,weighted=True,max_features=384,y_transform=log1p",10,1.0722089,0.42941796,0.64531235,-0.90307664,-33.238914
glucose_gL,target_focused,eem_full,knn,"k=3,weighted=True,max_features=12,y_transform=log1p",10,1.07256,0.39980324,0.64462002,-1.1636028,-37.49288
glucose_gL,target_focused,fusion_interpretable,pcr,"n_components=5,alpha=1.0,max_features=48,y_transform=none",10,1.0727267,0.30865319,0.7481589,-1.6286282,-47.182085
glucose_gL,target_focused,fusion_interpretable,pcr,"n_components=5,alpha=1.0,max_features=96,y_transform=none",10,1.0727267,0.30865319,0.7481589,-1.6286282,-47.182085
glucose_gL,target_focused,fusion_interpretable,pls,"n_components=3,alpha=1.0,max_features=24,y_transform=none",10,1.0729977,0.28638533,0.73406474,-1.7112229,-49.082949
glucose_gL,target_focused,raman_interpretable,pls,"n_components=2,alpha=1.0,max_features=24,y_transform=none",10,1.0731247,0.39600011,0.71383792,-1.3525177,-40.056619
glucose_gL,target_focused,raman_interpretable,pls,"n_components=2,alpha=1.0,max_features=48,y_transform=none",10,1.0731247,0.39600011,0.71383792,-1.3525177,-40.056619
glucose_gL,target_focused,raman_interpretable,pls,"n_components=2,alpha=1.0,max_features=96,y_transform=none",10,1.0731247,0.39600011,0.71383792,-1.3525177,-40.056619
glucose_gL,all_known,fusion_full,pls,"n_components=8,alpha=1.0,max_features=192,y_transform=none",10,1.0731714,0.30854061,0.73248155,-4.5667427,-100.55187
glucose_gL,target_focused,eem_full,pcr,"n_components=5,alpha=1.0,max_features=12,y_transform=none",10,1.0738179,0.31496693,0.75132314,-1.4106496,-44.49077
glucose_gL,target_focused,raman_full,knn,"k=3,weighted=True,max_features=192,y_transform=log1p",10,1.0742841,0.44380088,0.65973252,-0.83923095,-31.781734
glucose_gL,target_focused,fusion_interpretable,pls,"n_components=3,alpha=1.0,max_features=12,y_transform=none",10,1.0746205,0.29722339,0.73503812,-1.6034612,-47.564652
glucose_gL,all_known,raman_interpretable,pls,"n_components=8,alpha=1.0,max_features=24,y_transform=log1p",10,1.0762143,0.91811947,0.41654216,-9.5058531,-94.854047
glucose_gL,all_known,raman_interpretable,pls,"n_components=8,alpha=1.0,max_features=48,y_transform=log1p",10,1.0762143,0.91811947,0.41654216,-9.5058531,-94.854047
glucose_gL,all_known,raman_interpretable,pls,"n_components=8,alpha=1.0,max_features=96,y_transform=log1p",10,1.0762143,0.91811947,0.41654216,-9.5058531,-94.854047
glucose_gL,target_focused,fusion_interpretable,ridge,"alpha=1.0,max_features=12,y_transform=none",10,1.0772239,0.29582923,0.74076309,-1.6470755,-48.348483
glucose_gL,target_focused,fusion_interpretable,pcr,"n_components=12,alpha=1.0,max_features=12,y_transform=none",10,1.0772239,0.29582923,0.74076309,-1.6470755,-48.348483
glucose_gL,target_focused,eem_full,pcr,"n_components=12,alpha=1.0,max_features=96,y_transform=none",10,1.0775918,0.29555572,0.74171842,-1.6566688,-48.519533
glucose_gL,target_focused,eem_interpretable,pcr,"n_components=8,alpha=1.0,max_features=12,y_transform=none",10,1.0777298,0.29329965,0.74498361,-1.7059991,-49.122924
glucose_gL,target_focused,eem_interpretable,pcr,"n_components=8,alpha=1.0,max_features=24,y_transform=none",10,1.0777298,0.29329965,0.74498361,-1.7059991,-49.122924
glucose_gL,target_focused,eem_interpretable,pcr,"n_components=8,alpha=1.0,max_features=48,y_transform=none",10,1.0777298,0.29329965,0.74498361,-1.7059991,-49.122924
glucose_gL,target_focused,eem_interpretable,pcr,"n_components=8,alpha=1.0,max_features=96,y_transform=none",10,1.0777298,0.29329965,0.74498361,-1.7059991,-49.122924
glucose_gL,target_focused,fusion_interpretable,pls,"n_components=3,alpha=1.0,max_features=48,y_transform=none",10,1.0780791,0.2937672,0.74848027,-1.7557516,-49.756802
glucose_gL,target_focused,fusion_interpretable,pls,"n_components=3,alpha=1.0,max_features=96,y_transform=none",10,1.0780791,0.2937672,0.74848027,-1.7557516,-49.756802
glucose_gL,target_focused,eem_interpretable,pls,"n_components=12,alpha=1.0,max_features=12,y_transform=none",10,1.0791328,0.2771444,0.75278335,-1.7365231,-50.111471
glucose_gL,target_focused,eem_interpretable,pls,"n_components=12,alpha=1.0,max_features=24,y_transform=none",10,1.0791328,0.2771444,0.75278335,-1.7365231,-50.111471
glucose_gL,target_focused,eem_interpretable,pls,"n_components=12,alpha=1.0,max_features=48,y_transform=none",10,1.0791328,0.2771444,0.75278335,-1.7365231,-50.111471
glucose_gL,target_focused,eem_interpretable,pls,"n_components=12,alpha=1.0,max_features=96,y_transform=none",10,1.0791328,0.2771444,0.75278335,-1.7365231,-50.111471
glucose_gL,target_focused,fusion_full,pcr,"n_components=2,alpha=1.0,max_features=48,y_transform=none",10,1.0795878,0.27276038,0.73712394,-1.8106849,-51.548727
glucose_gL,target_focused,eem_full,knn,"k=9,weighted=True,max_features=24,y_transform=none",10,1.0797357,0.29745947,0.70954084,-1.895897,-51.406647
glucose_gL,target_focused,eem_interpretable,pls,"n_components=8,alpha=1.0,max_features=12,y_transform=none",10,1.079892,0.27793527,0.75305704,-1.7395439,-50.167268
glucose_gL,target_focused,eem_interpretable,pls,"n_components=8,alpha=1.0,max_features=24,y_transform=none",10,1.079892,0.27793527,0.75305704,-1.7395439,-50.167268
glucose_gL,target_focused,eem_interpretable,pls,"n_components=8,alpha=1.0,max_features=48,y_transform=none",10,1.079892,0.27793527,0.75305704,-1.7395439,-50.167268
glucose_gL,target_focused,eem_interpretable,pls,"n_components=8,alpha=1.0,max_features=96,y_transform=none",10,1.079892,0.27793527,0.75305704,-1.7395439,-50.167268
glucose_gL,target_focused,fusion_full,pcr,"n_components=2,alpha=1.0,max_features=384,y_transform=none",10,1.0806871,0.38290981,0.71403569,-1.5069602,-43.480082
glucose_gL,target_focused,eem_full,pls,"n_components=3,alpha=1.0,max_features=48,y_transform=none",10,1.0815065,0.28258042,0.77776893,-1.6981024,-49.665081
glucose_gL,target_focused,fusion_full,pcr,"n_components=5,alpha=1.0,max_features=96,y_transform=none",10,1.0820803,0.26717084,0.72773041,-1.9825099,-54.173776
glucose_gL,target_focused,raman_full,knn,"k=5,weighted=True,max_features=192,y_transform=none",10,1.0823919,0.42211669,0.69557184,-1.0110525,-35.841858
glucose_gL,target_focused,eem_interpretable,ridge,"alpha=0.1,max_features=12,y_transform=none",10,1.0829392,0.27349347,0.76163885,-1.7895688,-51.172416
glucose_gL,target_focused,eem_interpretable,ridge,"alpha=0.1,max_features=24,y_transform=none",10,1.0829392,0.27349347,0.76163885,-1.7895688,-51.172416
glucose_gL,target_focused,eem_interpretable,ridge,"alpha=0.1,max_features=48,y_transform=none",10,1.0829392,0.27349347,0.76163885,-1.7895688,-51.172416
glucose_gL,target_focused,eem_interpretable,ridge,"alpha=0.1,max_features=96,y_transform=none",10,1.0829392,0.27349347,0.76163885,-1.7895688,-51.172416
glucose_gL,target_focused,eem_full,pls,"n_components=3,alpha=1.0,max_features=96,y_transform=none",10,1.0831477,0.2696338,0.77762209,-1.7478983,-50.908692
glucose_gL,target_focused,eem_interpretable,pls,"n_components=3,alpha=1.0,max_features=12,y_transform=none",10,1.0837332,0.29362861,0.76685735,-1.6987391,-49.708893
glucose_gL,target_focused,eem_interpretable,pls,"n_components=3,alpha=1.0,max_features=24,y_transform=none",10,1.0837332,0.29362861,0.76685735,-1.6987391,-49.708893
glucose_gL,target_focused,eem_interpretable,pls,"n_components=3,alpha=1.0,max_features=48,y_transform=none",10,1.0837332,0.29362861,0.76685735,-1.6987391,-49.708893
glucose_gL,target_focused,eem_interpretable,pls,"n_components=3,alpha=1.0,max_features=96,y_transform=none",10,1.0837332,0.29362861,0.76685735,-1.6987391,-49.708893
glucose_gL,all_known,eem_full,ridge,"alpha=1.0,max_features=192,y_transform=log1p",10,1.0839166,0.43657354,0.57304708,-2.9407952,-77.91176
glucose_gL,all_known,eem_full,ridge,"alpha=1.0,max_features=384,y_transform=log1p",10,1.0839166,0.43657354,0.57304708,-2.9407952,-77.91176
glucose_gL,target_focused,fusion_full,pls,"n_components=5,alpha=1.0,max_features=24,y_transform=log1p",10,1.0848368,0.36827379,0.68139243,-1.4383286,-43.635335
glucose_gL,target_focused,raman_full,knn,"k=5,weighted=True,max_features=12,y_transform=none",10,1.084943,0.50756956,0.71230751,-0.67559995,-27.440309
glucose_gL,target_focused,raman_full,knn,"k=5,weighted=True,max_features=96,y_transform=none",10,1.0856058,0.46021555,0.7122889,-0.8532476,-32.099038
glucose_gL,all_known,fusion_interpretable,knn,"k=1,weighted=True,max_features=12,y_transform=none",10,1.0865996,0.3783088,0.45929167,-9.8036824,-123.96782
glucose_gL,all_known,fusion_interpretable,knn,"k=1,weighted=True,max_features=12,y_transform=log1p",10,1.0865996,0.3783088,0.45929167,-9.8036824,-123.96782
glucose_gL,target_focused,fusion_full,pls,"n_components=3,alpha=1.0,max_features=48,y_transform=log1p",10,1.0876938,0.59907555,0.65004122,-1.0734895,-32.794525
glucose_gL,target_focused,eem_interpretable,pcr,"n_components=5,alpha=1.0,max_features=12,y_transform=none",10,1.0878115,0.29831116,0.76326693,-1.7006096,-49.899903
glucose_gL,target_focused,eem_interpretable,pcr,"n_components=5,alpha=1.0,max_features=24,y_transform=none",10,1.0878115,0.29831116,0.76326693,-1.7006096,-49.899903
glucose_gL,target_focused,eem_interpretable,pcr,"n_components=5,alpha=1.0,max_features=48,y_transform=none",10,1.0878115,0.29831116,0.76326693,-1.7006096,-49.899903
glucose_gL,target_focused,eem_interpretable,pcr,"n_components=5,alpha=1.0,max_features=96,y_transform=none",10,1.0878115,0.29831116,0.76326693,-1.7006096,-49.899903
glucose_gL,target_focused,raman_full,pcr,"n_components=2,alpha=1.0,max_features=48,y_transform=none",10,1.0880212,0.37395341,0.72113388,-1.3907887,-43.310001
glucose_gL,target_focused,eem_full,knn,"k=9,weighted=True,max_features=192,y_transform=none",10,1.0883549,0.25052269,0.74123238,-1.9708579,-54.549571
glucose_gL,target_focused,eem_full,knn,"k=9,weighted=True,max_features=384,y_transform=none",10,1.0883549,0.25052269,0.74123238,-1.9708579,-54.549571
glucose_gL,target_focused,eem_interpretable,pls,"n_components=5,alpha=1.0,max_features=12,y_transform=none",10,1.0886421,0.27524287,0.75665556,-1.8450802,-52.324511
glucose_gL,target_focused,eem_interpretable,pls,"n_components=5,alpha=1.0,max_features=24,y_transform=none",10,1.0886421,0.27524287,0.75665556,-1.8450802,-52.324511
glucose_gL,target_focused,eem_interpretable,pls,"n_components=5,alpha=1.0,max_features=48,y_transform=none",10,1.0886421,0.27524287,0.75665556,-1.8450802,-52.324511
glucose_gL,target_focused,eem_interpretable,pls,"n_components=5,alpha=1.0,max_features=96,y_transform=none",10,1.0886421,0.27524287,0.75665556,-1.8450802,-52.324511
glucose_gL,target_focused,fusion_interpretable,pls,"n_components=2,alpha=1.0,max_features=48,y_transform=none",10,1.0887931,0.29384891,0.7660081,-1.8059858,-51.246506
glucose_gL,target_focused,fusion_interpretable,pls,"n_components=2,alpha=1.0,max_features=96,y_transform=none",10,1.0887931,0.29384891,0.7660081,-1.8059858,-51.246506
glucose_gL,target_focused,eem_full,ridge,"alpha=10.0,max_features=24,y_transform=none",10,1.0899813,0.30211404,0.74673078,-1.70624,-50.087884
glucose_gL,target_focused,raman_full,knn,"k=5,weighted=True,max_features=48,y_transform=none",10,1.0900256,0.48371361,0.72703528,-0.76533612,-30.267912
glucose_gL,target_focused,raman_full,knn,"k=3,weighted=True,max_features=48,y_transform=log1p",10,1.091099,0.47689479,0.67925116,-0.83892954,-32.063479
glucose_gL,target_focused,fusion_full,pls,"n_components=2,alpha=1.0,max_features=96,y_transform=none",10,1.0914354,0.25626616,0.74930591,-2.017659,-55.854239
glucose_gL,target_focused,raman_interpretable,knn,"k=3,weighted=True,max_features=12,y_transform=none",10,1.0915272,0.41383152,0.6709682,-1.2630028,-40.507926
glucose_gL,target_focused,eem_full,knn,"k=3,weighted=True,max_features=24,y_transform=log1p",10,1.0918366,0.38453125,0.66174491,-1.3543871,-42.656123
glucose_gL,all_known,raman_full,pls,"n_components=8,alpha=1.0,max_features=384,y_transform=none",10,1.0921197,0.30693115,0.75337898,-4.3572296,-98.984391
glucose_gL,all_known,raman_full,knn,"k=1,weighted=True,max_features=48,y_transform=none",10,1.0924208,0.42985683,0.48122222,-2.1498156,-68.489882
glucose_gL,all_known,raman_full,knn,"k=1,weighted=True,max_features=48,y_transform=log1p",10,1.0924208,0.42985683,0.48122222,-2.1498156,-68.489882
glucose_gL,target_focused,eem_full,pls,"n_components=5,alpha=1.0,max_features=96,y_transform=log1p",10,1.0930682,0.35582615,0.69416279,-1.4363161,-45.017352
glucose_gL,target_focused,fusion_full,knn,"k=5,weighted=True,max_features=24,y_transform=none",10,1.0933595,0.35559811,0.68202533,-1.521938,-46.105924
glucose_gL,target_focused,eem_full,pls,"n_components=5,alpha=1.0,max_features=48,y_transform=log1p",10,1.0945493,0.35218273,0.70391497,-1.584197,-46.802355
glucose_gL,target_focused,fusion_full,pcr,"n_components=3,alpha=1.0,max_features=384,y_transform=none",10,1.0945701,0.28283121,0.74669042,-1.8041013,-52.537557
glucose_gL,target_focused,fusion_interpretable,pls,"n_components=8,alpha=1.0,max_features=12,y_transform=none",10,1.0946866,0.29408497,0.76406967,-1.7927267,-51.606348
glucose_gL,target_focused,fusion_full,pcr,"n_components=2,alpha=1.0,max_features=192,y_transform=none",10,1.0951658,0.34089868,0.74082887,-1.5631366,-47.714396
glucose_gL,target_focused,eem_full,ridge,"alpha=1.0,max_features=24,y_transform=log1p",10,1.0957955,0.39184314,0.69328999,-1.3316339,-42.34211
glucose_gL,target_focused,fusion_full,pcr,"n_components=3,alpha=1.0,max_features=96,y_transform=none",10,1.0973057,0.2634698,0.74459852,-2.0272357,-55.994593
glucose_gL,target_focused,raman_interpretable,pls,"n_components=3,alpha=1.0,max_features=12,y_transform=none",10,1.0973423,0.4086795,0.70170736,-1.8728331,-47.144233
glucose_gL,target_focused,eem_full,pcr,"n_components=8,alpha=1.0,max_features=24,y_transform=none",10,1.0974074,0.2964168,0.75157125,-1.763273,-51.591778
glucose_gL,target_focused,fusion_full,pls,"n_components=2,alpha=1.0,max_features=192,y_transform=none",10,1.097629,0.25106641,0.74845393,-2.0813422,-57.326329
glucose_gL,target_focused,fusion_interpretable,pls,"n_components=12,alpha=1.0,max_features=12,y_transform=none",10,1.1000861,0.29020531,0.76890734,-1.8208984,-52.509534
glucose_gL,target_focused,eem_full,knn,"k=9,weighted=True,max_features=48,y_transform=none",10,1.1004431,0.26940733,0.72916782,-2.0122831,-55.587614
glucose_gL,target_focused,fusion_full,pcr,"n_components=2,alpha=1.0,max_features=24,y_transform=none",10,1.1006118,0.27653204,0.74459024,-2.393282,-59.410669
glucose_gL,target_focused,raman_interpretable,knn,"k=5,weighted=True,max_features=24,y_transform=none",10,1.1007149,0.32448911,0.7281736,-1.4664966,-47.341256
glucose_gL,target_focused,raman_interpretable,knn,"k=5,weighted=True,max_features=48,y_transform=none",10,1.1007149,0.32448911,0.7281736,-1.4664966,-47.341256
glucose_gL,target_focused,raman_interpretable,knn,"k=5,weighted=True,max_features=96,y_transform=none",10,1.1007149,0.32448911,0.7281736,-1.4664966,-47.341256
glucose_gL,all_known,fusion_full,ridge,"alpha=1.0,max_features=96,y_transform=none",10,1.1007928,0.29143771,0.77404246,-5.0764559,-108.4952
glucose_gL,target_focused,fusion_full,pcr,"n_components=5,alpha=1.0,max_features=384,y_transform=none",10,1.1026472,0.26680516,0.73622765,-2.0532408,-56.825716
glucose_gL,target_focused,fusion_interpretable,pls,"n_components=5,alpha=1.0,max_features=12,y_transform=none",10,1.1027638,0.27621886,0.76345625,-1.978694,-55.244813
glucose_gL,all_known,raman_full,ridge,"alpha=0.1,max_features=384,y_transform=log1p",10,1.104534,0.38615798,0.56080611,-7.8594033,-119.52914
glucose_gL,target_focused,eem_full,ridge,"alpha=10.0,max_features=48,y_transform=none",10,1.1046839,0.2740071,0.78200045,-1.9200194,-54.72247
glucose_gL,target_focused,fusion_full,pcr,"n_components=3,alpha=1.0,max_features=192,y_transform=none",10,1.1062188,0.26274096,0.74715012,-2.1297353,-58.063063
glucose_gL,target_focused,fusion_interpretable,pcr,"n_components=8,alpha=1.0,max_features=24,y_transform=none",10,1.1072255,0.27411969,0.75842944,-1.9363988,-55.191692
glucose_gL,target_focused,fusion_interpretable,ridge,"alpha=0.1,max_features=12,y_transform=none",10,1.1073381,0.28810678,0.7780182,-1.8689079,-53.767629
glucose_gL,target_focused,raman_full,knn,"k=3,weighted=True,max_features=12,y_transform=log1p",10,1.1098586,0.50149313,0.68733256,-0.78879174,-31.431444
glucose_gL,target_focused,eem_full,pcr,"n_components=8,alpha=1.0,max_features=12,y_transform=none",10,1.1100571,0.31513074,0.76585722,-1.6525245,-50.659927
glucose_gL,target_focused,eem_full,ridge,"alpha=1.0,max_features=12,y_transform=none",10,1.1112834,0.31662132,0.78683481,-1.68058,-50.873598
glucose_gL,target_focused,eem_full,pcr,"n_components=12,alpha=1.0,max_features=12,y_transform=none",10,1.1112834,0.31662132,0.78683481,-1.68058,-50.873598
glucose_gL,target_focused,fusion_full,ridge,"alpha=1.0,max_features=24,y_transform=log1p",10,1.111661,0.35682491,0.69971839,-1.6824624,-49.130061
glucose_gL,target_focused,fusion_full,pcr,"n_components=3,alpha=1.0,max_features=48,y_transform=none",10,1.1122204,0.26107111,0.76119914,-2.2616431,-60.100178
glucose_gL,target_focused,raman_full,pcr,"n_components=2,alpha=1.0,max_features=12,y_transform=log1p",10,1.1130952,0.66908666,0.65679325,-0.6604064,-25.558136
glucose_gL,target_focused,eem_full,pcr,"n_components=12,alpha=1.0,max_features=48,y_transform=none",10,1.1155659,0.28626947,0.77987466,-2.0201391,-56.439148
glucose_gL,target_focused,fusion_full,knn,"k=3,weighted=True,max_features=24,y_transform=none",10,1.1185415,0.34846228,0.69527476,-1.73112,-50.371167
glucose_gL,target_focused,raman_full,knn,"k=5,weighted=True,max_features=384,y_transform=none",10,1.1187635,0.36966655,0.72361557,-1.4318168,-46.766207
glucose_gL,target_focused,raman_interpretable,pcr,"n_components=5,alpha=1.0,max_features=24,y_transform=none",10,1.1189503,0.37576735,0.73148593,-1.8398183,-50.225761
glucose_gL,target_focused,raman_interpretable,pcr,"n_components=5,alpha=1.0,max_features=48,y_transform=none",10,1.1189503,0.37576735,0.73148593,-1.8398183,-50.225761
glucose_gL,target_focused,raman_interpretable,pcr,"n_components=5,alpha=1.0,max_features=96,y_transform=none",10,1.1189503,0.37576735,0.73148593,-1.8398183,-50.225761
glucose_gL,target_focused,fusion_full,knn,"k=5,weighted=True,max_features=12,y_transform=none",10,1.1190438,0.29985526,0.69120763,-1.7797884,-53.058289
glucose_gL,target_focused,eem_full,knn,"k=5,weighted=True,max_features=96,y_transform=none",10,1.122145,0.26133457,0.74310455,-3.0934071,-69.380973
glucose_gL,target_focused,raman_full,pcr,"n_components=5,alpha=1.0,max_features=384,y_transform=none",10,1.1221824,0.33116671,0.73103773,-1.8463172,-53.827207
glucose_gL,target_focused,fusion_full,pls,"n_components=2,alpha=1.0,max_features=384,y_transform=none",10,1.1233946,0.24600611,0.76778825,-2.4232105,-63.70784
glucose_gL,target_focused,eem_full,knn,"k=5,weighted=True,max_features=12,y_transform=none",10,1.1239351,0.29796435,0.70847889,-1.8680049,-54.522775
glucose_gL,target_focused,eem_full,pls,"n_components=3,alpha=1.0,max_features=12,y_transform=none",10,1.125073,0.29521776,0.79465589,-1.8421904,-54.85554
glucose_gL,target_focused,eem_full,pls,"n_components=8,alpha=1.0,max_features=192,y_transform=log1p",10,1.1253645,0.26109438,0.74132572,-2.0545495,-58.168351
glucose_gL,target_focused,eem_full,pls,"n_components=8,alpha=1.0,max_features=384,y_transform=log1p",10,1.1253645,0.26109438,0.74132572,-2.0545495,-58.168351
glucose_gL,all_known,raman_full,ridge,"alpha=0.1,max_features=96,y_transform=log1p",10,1.1254167,0.83387311,0.55727843,-2.3308392,-68.182177
glucose_gL,target_focused,raman_interpretable,ridge,"alpha=0.1,max_features=12,y_transform=none",10,1.1277545,0.40922832,0.72131357,-1.2774909,-43.55711
glucose_gL,target_focused,fusion_full,pcr,"n_components=12,alpha=1.0,max_features=384,y_transform=none",10,1.1289048,0.24560444,0.7733311,-2.5574353,-65.525012
glucose_gL,all_known,fusion_full,pls,"n_components=12,alpha=1.0,max_features=96,y_transform=none",10,1.1292458,0.26032118,0.81605396,-5.2887957,-113.86604
glucose_gL,all_known,raman_full,knn,"k=1,weighted=True,max_features=24,y_transform=none",10,1.1297062,0.26676347,0.49252778,-6.3882199,-116.26037
glucose_gL,all_known,raman_full,knn,"k=1,weighted=True,max_features=24,y_transform=log1p",10,1.1297062,0.26676347,0.49252778,-6.3882199,-116.26037
glucose_gL,target_focused,raman_full,knn,"k=3,weighted=True,max_features=24,y_transform=none",10,1.1303713,0.49335443,0.71564833,-0.98734416,-36.451071
glucose_gL,all_known,fusion_interpretable,pls,"n_components=12,alpha=1.0,max_features=48,y_transform=log1p",10,1.131522,1.0673833,0.44359959,-12.786198,-113.71306
glucose_gL,all_known,fusion_interpretable,pls,"n_components=12,alpha=1.0,max_features=96,y_transform=log1p",10,1.131522,1.0673833,0.44359959,-12.786198,-113.71306
glucose_gL,target_focused,fusion_full,pcr,"n_components=2,alpha=1.0,max_features=12,y_transform=none",10,1.1319683,0.39127173,0.77131021,-3.7357187,-69.609552
glucose_gL,target_focused,raman_full,knn,"k=3,weighted=True,max_features=384,y_transform=none",10,1.1323629,0.36086736,0.70828847,-1.5981216,-50.481429
glucose_gL,target_focused,eem_full,knn,"k=9,weighted=True,max_features=96,y_transform=none",10,1.1342255,0.21908376,0.75631335,-2.63904,-67.300411
glucose_gL,target_focused,fusion_interpretable,pcr,"n_components=5,alpha=1.0,max_features=24,y_transform=none",10,1.1343464,0.29122218,0.75958379,-1.966362,-57.51094
glucose_gL,target_focused,fusion_full,pcr,"n_components=12,alpha=1.0,max_features=96,y_transform=none",10,1.1362628,0.27161801,0.78296871,-2.834964,-68.080627
glucose_gL,target_focused,fusion_full,knn,"k=3,weighted=True,max_features=12,y_transform=none",10,1.137406,0.31883256,0.68660508,-1.8332951,-54.708547
glucose_gL,target_focused,eem_full,pls,"n_components=3,alpha=1.0,max_features=24,y_transform=none",10,1.1375578,0.29189732,0.79995941,-2.0273249,-58.26227
glucose_gL,target_focused,fusion_full,pcr,"n_components=5,alpha=1.0,max_features=48,y_transform=none",10,1.1379,0.26493713,0.76947056,-2.6602794,-67.023564
glucose_gL,target_focused,fusion_interpretable,pcr,"n_components=12,alpha=1.0,max_features=24,y_transform=log1p",10,1.1383719,0.50805823,0.66058598,-3.477973,-60.718091
glucose_gL,target_focused,fusion_full,pcr,"n_components=8,alpha=1.0,max_features=384,y_transform=none",10,1.1386782,0.23475462,0.75862758,-2.848563,-69.603206
glucose_gL,target_focused,fusion_full,pls,"n_components=5,alpha=1.0,max_features=48,y_transform=log1p",10,1.1391875,0.36884325,0.7311486,-2.6194996,-61.847681
glucose_gL,target_focused,raman_full,knn,"k=3,weighted=True,max_features=96,y_transform=none",10,1.1403267,0.42718626,0.73418206,-1.1927932,-42.86727
glucose_gL,target_focused,raman_full,knn,"k=3,weighted=True,max_features=192,y_transform=none",10,1.14321,0.39762315,0.7241684,-1.40211,-47.386345
glucose_gL,target_focused,eem_full,pls,"n_components=12,alpha=1.0,max_features=12,y_transform=none",10,1.1479152,0.31940149,0.83062969,-1.9946108,-57.564559
glucose_gL,all_known,raman_full,pls,"n_components=3,alpha=1.0,max_features=24,y_transform=log1p",10,1.1490246,1.1252869,0.43082089,-13.846778,-115.38136
glucose_gL,target_focused,eem_full,pls,"n_components=5,alpha=1.0,max_features=192,y_transform=log1p",10,1.1494379,0.29238891,0.69711678,-2.800017,-66.694792
glucose_gL,target_focused,eem_full,pls,"n_components=5,alpha=1.0,max_features=384,y_transform=log1p",10,1.1494379,0.29238891,0.69711678,-2.800017,-66.694792
glucose_gL,target_focused,fusion_interpretable,pcr,"n_components=8,alpha=1.0,max_features=48,y_transform=none",10,1.1500556,0.2892178,0.77655752,-2.1340877,-60.824606
glucose_gL,target_focused,fusion_interpretable,pcr,"n_components=8,alpha=1.0,max_features=96,y_transform=none",10,1.1500556,0.2892178,0.77655752,-2.1340877,-60.824606
glucose_gL,target_focused,fusion_interpretable,ridge,"alpha=10.0,max_features=48,y_transform=none",10,1.1503332,0.35098911,0.77090776,-3.4358834,-70.695403
glucose_gL,target_focused,fusion_interpretable,ridge,"alpha=10.0,max_features=96,y_transform=none",10,1.1503332,0.35098911,0.77090776,-3.4358834,-70.695403
glucose_gL,target_focused,eem_full,pcr,"n_components=12,alpha=1.0,max_features=24,y_transform=none",10,1.1528606,0.29528682,0.82703247,-2.2568631,-62.115575
glucose_gL,target_focused,eem_full,pls,"n_components=8,alpha=1.0,max_features=12,y_transform=none",10,1.1531469,0.31545968,0.83203322,-2.0124976,-58.276345
glucose_gL,all_known,raman_full,knn,"k=1,weighted=True,max_features=12,y_transform=none",10,1.1547495,0.31888414,0.46920833,-5.2940034,-109.86422
glucose_gL,all_known,raman_full,knn,"k=1,weighted=True,max_features=12,y_transform=log1p",10,1.1547495,0.31888414,0.46920833,-5.2940034,-109.86422
glucose_gL,all_known,eem_full,pls,"n_components=12,alpha=1.0,max_features=96,y_transform=none",10,1.1558813,0.1636509,0.83195773,-4.6005516,-107.81886
glucose_gL,target_focused,eem_full,knn,"k=3,weighted=True,max_features=12,y_transform=none",10,1.1572688,0.31682219,0.7144699,-2.230435,-60.655678
glucose_gL,target_focused,eem_full,ridge,"alpha=0.1,max_features=12,y_transform=none",10,1.1587494,0.32054523,0.84130735,-2.101936,-59.706225
glucose_gL,target_focused,eem_full,pls,"n_components=5,alpha=1.0,max_features=12,y_transform=none",10,1.1603187,0.32144387,0.82331855,-2.0654259,-59.358818
glucose_gL,all_known,fusion_interpretable,ridge,"alpha=1.0,max_features=48,y_transform=log1p",10,1.1610359,1.1586774,0.44104432,-14.752168,-121.30316
glucose_gL,all_known,fusion_interpretable,ridge,"alpha=1.0,max_features=96,y_transform=log1p",10,1.1610359,1.1586774,0.44104432,-14.752168,-121.30316
glucose_gL,all_known,raman_full,pls,"n_components=3,alpha=1.0,max_features=96,y_transform=log1p",10,1.1625541,1.1586351,0.43489011,-14.660027,-119.5763
glucose_gL,target_focused,raman_full,pcr,"n_components=2,alpha=1.0,max_features=24,y_transform=none",10,1.1630638,0.34764659,0.76457679,-2.3792231,-62.486044
glucose_gL,target_focused,eem_full,knn,"k=5,weighted=True,max_features=24,y_transform=none",10,1.1631191,0.26974786,0.75461631,-2.6178272,-67.603014
glucose_gL,all_known,raman_interpretable,ridge,"alpha=0.1,max_features=24,y_transform=log1p",10,1.1631336,1.1638159,0.42889718,-14.698488,-119.06186
glucose_gL,all_known,raman_interpretable,ridge,"alpha=0.1,max_features=48,y_transform=log1p",10,1.1631336,1.1638159,0.42889718,-14.698488,-119.06186
glucose_gL,all_known,raman_interpretable,ridge,"alpha=0.1,max_features=96,y_transform=log1p",10,1.1631336,1.1638159,0.42889718,-14.698488,-119.06186
glucose_gL,target_focused,eem_full,knn,"k=3,weighted=True,max_features=96,y_transform=none",10,1.1635154,0.29990977,0.74232649,-4.1780011,-81.715882
glucose_gL,all_known,raman_full,pls,"n_components=8,alpha=1.0,max_features=192,y_transform=none",10,1.1642578,0.27670292,0.79140765,-5.1852817,-115.53536
glucose_gL,target_focused,fusion_full,pls,"n_components=2,alpha=1.0,max_features=48,y_transform=none",10,1.1651059,0.2646198,0.79805294,-3.334337,-76.180738
glucose_gL,target_focused,raman_interpretable,pls,"n_components=3,alpha=1.0,max_features=24,y_transform=none",10,1.1667683,0.39985432,0.76053402,-2.5567564,-61.623066
glucose_gL,target_focused,raman_interpretable,pls,"n_components=3,alpha=1.0,max_features=48,y_transform=none",10,1.1667683,0.39985432,0.76053402,-2.5567564,-61.623066
glucose_gL,target_focused,raman_interpretable,pls,"n_components=3,alpha=1.0,max_features=96,y_transform=none",10,1.1667683,0.39985432,0.76053402,-2.5567564,-61.623066
glucose_gL,target_focused,eem_full,ridge,"alpha=10.0,max_features=192,y_transform=none",10,1.1673192,0.17777374,0.85743139,-2.7427792,-71.970699
glucose_gL,target_focused,eem_full,ridge,"alpha=10.0,max_features=384,y_transform=none",10,1.1673192,0.17777374,0.85743139,-2.7427792,-71.970699
glucose_gL,target_focused,eem_full,ridge,"alpha=10.0,max_features=96,y_transform=none",10,1.1688247,0.22818727,0.82546985,-2.5401846,-68.747419
glucose_gL,target_focused,raman_full,knn,"k=3,weighted=True,max_features=48,y_transform=none",10,1.169095,0.45828541,0.75906285,-1.30377,-46.100695
glucose_gL,target_focused,raman_interpretable,knn,"k=1,weighted=True,max_features=12,y_transform=none",10,1.1695761,0.58570489,0.61905882,-1.3914887,-43.315916
glucose_gL,target_focused,raman_interpretable,knn,"k=1,weighted=True,max_features=12,y_transform=log1p",10,1.1695761,0.58570489,0.61905882,-1.3914887,-43.315916
glucose_gL,target_focused,eem_full,ridge,"alpha=1.0,max_features=192,y_transform=log1p",10,1.1709931,0.21841002,0.78512642,-2.5107976,-68.402648
glucose_gL,target_focused,eem_full,ridge,"alpha=1.0,max_features=384,y_transform=log1p",10,1.1709931,0.21841002,0.78512642,-2.5107976,-68.402648
glucose_gL,target_focused,raman_full,ridge,"alpha=10.0,max_features=12,y_transform=none",10,1.1777927,0.34439527,0.78156535,-2.1356869,-61.847473
glucose_gL,target_focused,fusion_interpretable,pcr,"n_components=12,alpha=1.0,max_features=24,y_transform=none",10,1.1791611,0.35974698,0.77744517,-4.1040649,-79.071766
glucose_gL,target_focused,fusion_interpretable,pls,"n_components=5,alpha=1.0,max_features=24,y_transform=none",10,1.1816289,0.24563642,0.78774249,-2.6210574,-70.286153
glucose_gL,target_focused,eem_full,knn,"k=3,weighted=True,max_features=24,y_transform=none",10,1.1838653,0.29944131,0.74036235,-2.7296653,-69.553279
glucose_gL,target_focused,raman_full,pls,"n_components=2,alpha=1.0,max_features=24,y_transform=none",10,1.184613,0.33005822,0.78136054,-2.358748,-65.382502
glucose_gL,target_focused,fusion_interpretable,ridge,"alpha=1.0,max_features=24,y_transform=log1p",10,1.1852512,0.67063781,0.68020931,-1.9844431,-49.387954
glucose_gL,target_focused,raman_full,pcr,"n_components=3,alpha=1.0,max_features=12,y_transform=none",10,1.1865009,0.3785983,0.78053756,-2.1270969,-61.50782
glucose_gL,target_focused,raman_full,pls,"n_components=2,alpha=1.0,max_features=12,y_transform=none",10,1.1868168,0.34627546,0.78449371,-2.2178186,-63.487747
glucose_gL,target_focused,raman_full,pcr,"n_components=3,alpha=1.0,max_features=24,y_transform=none",10,1.1877521,0.32089676,0.77406251,-2.4592133,-67.195352
glucose_gL,target_focused,eem_full,ridge,"alpha=1.0,max_features=48,y_transform=log1p",10,1.1878741,0.34275272,0.77408408,-2.2383626,-62.612414
glucose_gL,target_focused,fusion_full,pcr,"n_components=8,alpha=1.0,max_features=48,y_transform=none",10,1.1887937,0.27360524,0.80847923,-3.8296747,-83.352793
glucose_gL,target_focused,eem_full,knn,"k=5,weighted=True,max_features=48,y_transform=none",10,1.1892037,0.22685742,0.77952353,-2.831359,-73.152728
glucose_gL,target_focused,fusion_interpretable,ridge,"alpha=1.0,max_features=24,y_transform=none",10,1.190143,0.3444839,0.80762104,-3.9105552,-78.909817
glucose_gL,target_focused,raman_full,pcr,"n_components=3,alpha=1.0,max_features=384,y_transform=none",10,1.1907216,0.30113444,0.76906193,-2.9317481,-72.532746
glucose_gL,all_known,raman_full,knn,"k=1,weighted=True,max_features=96,y_transform=log1p",10,1.1933898,0.34987739,0.50277778,-4.2603815,-108.82244
glucose_gL,all_known,raman_full,knn,"k=1,weighted=True,max_features=96,y_transform=none",10,1.1933898,0.34987739,0.50277778,-4.2603815,-108.82244
glucose_gL,target_focused,raman_interpretable,ridge,"alpha=10.0,max_features=24,y_transform=none",10,1.1934722,0.47038352,0.76201281,-4.0285019,-73.298432
glucose_gL,target_focused,raman_interpretable,ridge,"alpha=10.0,max_features=48,y_transform=none",10,1.1934722,0.47038352,0.76201281,-4.0285019,-73.298432
glucose_gL,target_focused,raman_interpretable,ridge,"alpha=10.0,max_features=96,y_transform=none",10,1.1934722,0.47038352,0.76201281,-4.0285019,-73.298432
glucose_gL,target_focused,raman_full,knn,"k=3,weighted=True,max_features=12,y_transform=none",10,1.1939771,0.48808339,0.77301568,-1.2442533,-45.749798
glucose_gL,target_focused,eem_full,knn,"k=3,weighted=True,max_features=48,y_transform=none",10,1.1952842,0.27682029,0.76743557,-2.9172958,-72.944201
glucose_gL,target_focused,fusion_full,pls,"n_components=8,alpha=1.0,max_features=24,y_transform=log1p",10,1.197471,0.32184357,0.75589385,-2.6471109,-68.205408
glucose_gL,target_focused,fusion_full,pls,"n_components=2,alpha=1.0,max_features=12,y_transform=none",10,1.1984695,0.45201831,0.81199984,-5.2747059,-85.63327
glucose_gL,all_known,raman_full,pcr,"n_components=12,alpha=1.0,max_features=24,y_transform=log1p",10,1.1991558,1.2628313,0.44310842,-17.074874,-128.54381
glucose_gL,target_focused,fusion_interpretable,pls,"n_components=5,alpha=1.0,max_features=48,y_transform=none",10,1.2025063,0.28943778,0.82950741,-4.0791201,-84.632636
glucose_gL,target_focused,fusion_interpretable,pls,"n_components=5,alpha=1.0,max_features=96,y_transform=none",10,1.2025063,0.28943778,0.82950741,-4.0791201,-84.632636
glucose_gL,target_focused,eem_full,pls,"n_components=8,alpha=1.0,max_features=24,y_transform=log1p",10,1.2068133,0.37597189,0.76299107,-2.5546041,-65.934436
glucose_gL,target_focused,fusion_full,pcr,"n_components=3,alpha=1.0,max_features=24,y_transform=none",10,1.2118572,0.24735288,0.80547673,-4.2769233,-90.115778
glucose_gL,target_focused,fusion_full,pls,"n_components=3,alpha=1.0,max_features=384,y_transform=none",10,1.2123696,0.24113565,0.8265905,-4.3672745,-91.513307
glucose_gL,target_focused,raman_full,pcr,"n_components=8,alpha=1.0,max_features=12,y_transform=none",10,1.2137488,0.31845138,0.80853492,-2.6500629,-71.648928
glucose_gL,target_focused,eem_full,pls,"n_components=12,alpha=1.0,max_features=192,y_transform=log1p",10,1.2155607,0.20340221,0.82478112,-2.9187576,-76.943515
glucose_gL,target_focused,eem_full,pls,"n_components=12,alpha=1.0,max_features=384,y_transform=log1p",10,1.2155607,0.20340221,0.82478112,-2.9187576,-76.943515
glucose_gL,target_focused,raman_full,pcr,"n_components=2,alpha=1.0,max_features=12,y_transform=none",10,1.2164496,0.3805924,0.78831202,-3.2582575,-74.603532
glucose_gL,target_focused,eem_full,ridge,"alpha=1.0,max_features=24,y_transform=none",10,1.2181448,0.29170066,0.86811823,-2.6816554,-72.141959
glucose_gL,target_focused,fusion_full,pcr,"n_components=3,alpha=1.0,max_features=12,y_transform=none",10,1.2189875,0.53582872,0.82531547,-6.5457367,-93.245962
glucose_gL,target_focused,fusion_full,ridge,"alpha=10.0,max_features=12,y_transform=none",10,1.2191048,0.49773907,0.81876998,-5.8846657,-89.727662
glucose_gL,target_focused,eem_full,pls,"n_components=5,alpha=1.0,max_features=24,y_transform=none",10,1.2203353,0.29907214,0.87734233,-3.0069996,-75.383094
glucose_gL,all_known,fusion_full,pls,"n_components=12,alpha=1.0,max_features=384,y_transform=none",10,1.2217039,0.21019818,0.89223072,-7.048188,-138.88891
glucose_gL,target_focused,eem_full,pls,"n_components=12,alpha=1.0,max_features=24,y_transform=log1p",10,1.222806,0.35299656,0.77619477,-2.432013,-67.785512
glucose_gL,target_focused,raman_full,pcr,"n_components=5,alpha=1.0,max_features=192,y_transform=none",10,1.223578,0.29131299,0.78678687,-3.4708592,-81.550819
glucose_gL,all_known,raman_full,pls,"n_components=12,alpha=1.0,max_features=96,y_transform=none",10,1.2254528,0.25569174,0.83629487,-6.4269214,-132.02572
glucose_gL,target_focused,eem_full,ridge,"alpha=0.1,max_features=192,y_transform=log1p",10,1.2261939,0.19792912,0.82583495,-3.0335584,-79.245844
glucose_gL,target_focused,eem_full,ridge,"alpha=0.1,max_features=384,y_transform=log1p",10,1.2261939,0.19792912,0.82583495,-3.0335584,-79.245844
glucose_gL,target_focused,eem_full,knn,"k=1,weighted=True,max_features=48,y_transform=none",10,1.2262571,0.37281875,0.65276471,-2.9334691,-73.561371
glucose_gL,target_focused,eem_full,knn,"k=1,weighted=True,max_features=48,y_transform=log1p",10,1.2262571,0.37281875,0.65276471,-2.9334691,-73.561371
glucose_gL,all_known,raman_full,knn,"k=1,weighted=True,max_features=192,y_transform=none",10,1.226986,0.22703943,0.52155556,-9.7279685,-156.21842
glucose_gL,all_known,raman_full,knn,"k=1,weighted=True,max_features=192,y_transform=log1p",10,1.226986,0.22703943,0.52155556,-9.7279685,-156.21842
glucose_gL,target_focused,eem_full,knn,"k=1,weighted=True,max_features=192,y_transform=log1p",10,1.2281673,0.35115101,0.59585294,-3.9518874,-83.824224
glucose_gL,target_focused,eem_full,knn,"k=1,weighted=True,max_features=384,y_transform=log1p",10,1.2281673,0.35115101,0.59585294,-3.9518874,-83.824224
glucose_gL,target_focused,eem_full,knn,"k=1,weighted=True,max_features=192,y_transform=none",10,1.2281673,0.35115101,0.59585294,-3.9518874,-83.824224
glucose_gL,target_focused,eem_full,knn,"k=1,weighted=True,max_features=384,y_transform=none",10,1.2281673,0.35115101,0.59585294,-3.9518874,-83.824224
glucose_gL,target_focused,fusion_full,pcr,"n_components=8,alpha=1.0,max_features=96,y_transform=none",10,1.2287446,0.31279307,0.80469148,-5.04964,-96.476385
glucose_gL,target_focused,raman_interpretable,knn,"k=1,weighted=True,max_features=24,y_transform=none",10,1.2331213,0.42389056,0.62855882,-2.295673,-64.73492
glucose_gL,target_focused,raman_interpretable,knn,"k=1,weighted=True,max_features=24,y_transform=log1p",10,1.2331213,0.42389056,0.62855882,-2.295673,-64.73492
glucose_gL,target_focused,raman_interpretable,knn,"k=1,weighted=True,max_features=48,y_transform=none",10,1.2331213,0.42389056,0.62855882,-2.295673,-64.73492
glucose_gL,target_focused,raman_interpretable,knn,"k=1,weighted=True,max_features=48,y_transform=log1p",10,1.2331213,0.42389056,0.62855882,-2.295673,-64.73492
glucose_gL,target_focused,raman_interpretable,knn,"k=1,weighted=True,max_features=96,y_transform=none",10,1.2331213,0.42389056,0.62855882,-2.295673,-64.73492
glucose_gL,target_focused,raman_interpretable,knn,"k=1,weighted=True,max_features=96,y_transform=log1p",10,1.2331213,0.42389056,0.62855882,-2.295673,-64.73492
glucose_gL,target_focused,raman_full,ridge,"alpha=1.0,max_features=12,y_transform=none",10,1.2332508,0.32535833,0.82253875,-2.8284006,-75.212799
glucose_gL,target_focused,raman_full,pcr,"n_components=12,alpha=1.0,max_features=12,y_transform=none",10,1.2332508,0.32535833,0.82253875,-2.8284006,-75.212799
glucose_gL,target_focused,raman_full,pcr,"n_components=5,alpha=1.0,max_features=96,y_transform=none",10,1.2343546,0.30572912,0.79485606,-3.6056122,-83.140444
glucose_gL,target_focused,fusion_full,pls,"n_components=3,alpha=1.0,max_features=96,y_transform=none",10,1.2368505,0.35895242,0.84487659,-4.4927454,-91.608008
glucose_gL,target_focused,raman_full,pls,"n_components=2,alpha=1.0,max_features=24,y_transform=log1p",10,1.2388019,0.64180762,0.67697535,-6.557935,-85.969726
glucose_gL,target_focused,raman_full,pcr,"n_components=5,alpha=1.0,max_features=12,y_transform=none",10,1.2414466,0.31810285,0.82484551,-2.9616844,-77.548535
glucose_gL,target_focused,fusion_full,pls,"n_components=12,alpha=1.0,max_features=24,y_transform=log1p",10,1.242045,0.32717562,0.77652164,-3.1656648,-77.683926
glucose_gL,all_known,raman_full,knn,"k=1,weighted=True,max_features=384,y_transform=none",10,1.2442827,0.31154395,0.53647222,-10.205808,-156.79497
glucose_gL,all_known,raman_full,knn,"k=1,weighted=True,max_features=384,y_transform=log1p",10,1.2442827,0.31154395,0.53647222,-10.205808,-156.79497
glucose_gL,target_focused,raman_full,pcr,"n_components=3,alpha=1.0,max_features=12,y_transform=log1p",10,1.2450141,0.96081594,0.69713606,-1.1015663,-36.761329
glucose_gL,target_focused,eem_full,pls,"n_components=5,alpha=1.0,max_features=192,y_transform=none",10,1.2452496,0.18386133,0.9076369,-3.8810474,-89.385692
glucose_gL,target_focused,eem_full,pls,"n_components=5,alpha=1.0,max_features=384,y_transform=none",10,1.2452496,0.18386133,0.9076369,-3.8810474,-89.385692
glucose_gL,target_focused,eem_full,ridge,"alpha=0.1,max_features=24,y_transform=log1p",10,1.245402,0.32793709,0.78788809,-2.7805126,-74.64589
glucose_gL,target_focused,eem_full,ridge,"alpha=1.0,max_features=96,y_transform=log1p",10,1.2454917,0.28364288,0.79724696,-2.6493374,-74.786258
glucose_gL,all_known,eem_full,ridge,"alpha=1.0,max_features=192,y_transform=none",10,1.2466859,0.20634064,0.90281114,-5.4118498,-123.19637
glucose_gL,all_known,eem_full,ridge,"alpha=1.0,max_features=384,y_transform=none",10,1.2466859,0.20634064,0.90281114,-5.4118498,-123.19637
glucose_gL,target_focused,fusion_full,pls,"n_components=3,alpha=1.0,max_features=192,y_transform=none",10,1.2479851,0.34657778,0.83122061,-4.8551776,-97.356959
glucose_gL,target_focused,raman_full,pls,"n_components=5,alpha=1.0,max_features=12,y_transform=none",10,1.2508228,0.31835845,0.83749276,-3.051547,-79.248729
glucose_gL,target_focused,raman_full,pls,"n_components=3,alpha=1.0,max_features=12,y_transform=none",10,1.2530129,0.31922372,0.82211413,-3.3814368,-82.497913
glucose_gL,target_focused,raman_full,knn,"k=1,weighted=True,max_features=384,y_transform=none",10,1.2594047,0.34666232,0.72208824,-2.7509037,-74.988861
glucose_gL,target_focused,raman_full,knn,"k=1,weighted=True,max_features=384,y_transform=log1p",10,1.2594047,0.34666232,0.72208824,-2.7509037,-74.988861
glucose_gL,target_focused,fusion_full,ridge,"alpha=0.1,max_features=24,y_transform=log1p",10,1.2594356,0.33040394,0.77635487,-3.551668,-83.160284
glucose_gL,target_focused,fusion_full,pcr,"n_components=8,alpha=1.0,max_features=192,y_transform=none",10,1.2594583,0.32778025,0.79845027,-6.0218184,-106.61679
glucose_gL,target_focused,fusion_full,pcr,"n_components=12,alpha=1.0,max_features=192,y_transform=none",10,1.2599893,0.34763299,0.83188422,-5.9275117,-105.02439
glucose_gL,target_focused,fusion_full,pcr,"n_components=5,alpha=1.0,max_features=12,y_transform=none",10,1.2661743,0.56565449,0.84319742,-7.4247544,-102.08407
glucose_gL,target_focused,fusion_full,pls,"n_components=2,alpha=1.0,max_features=24,y_transform=none",10,1.2665555,0.30366788,0.83335679,-5.5417909,-104.34621
glucose_gL,target_focused,eem_full,pls,"n_components=5,alpha=1.0,max_features=48,y_transform=none",10,1.2671797,0.22375406,0.94090843,-3.4987779,-86.642042
glucose_gL,target_focused,raman_full,knn,"k=1,weighted=True,max_features=96,y_transform=none",10,1.2680518,0.43390565,0.73182353,-2.1827976,-66.3337
glucose_gL,target_focused,raman_full,knn,"k=1,weighted=True,max_features=96,y_transform=log1p",10,1.2680518,0.43390565,0.73182353,-2.1827976,-66.3337
glucose_gL,target_focused,raman_full,knn,"k=1,weighted=True,max_features=24,y_transform=none",10,1.2694787,0.54166251,0.74382353,-1.9116152,-59.315575
glucose_gL,target_focused,raman_full,knn,"k=1,weighted=True,max_features=24,y_transform=log1p",10,1.2694787,0.54166251,0.74382353,-1.9116152,-59.315575
glucose_gL,target_focused,raman_full,pls,"n_components=12,alpha=1.0,max_features=12,y_transform=none",10,1.2716684,0.33886733,0.85337111,-3.3760788,-84.091844
glucose_gL,target_focused,raman_full,ridge,"alpha=0.1,max_features=12,y_transform=none",10,1.272565,0.33652765,0.85828333,-3.3089357,-83.49459
glucose_gL,target_focused,eem_full,pls,"n_components=8,alpha=1.0,max_features=48,y_transform=log1p",10,1.2739859,0.34897294,0.8408181,-3.3821946,-81.107877
glucose_gL,target_focused,fusion_full,ridge,"alpha=10.0,max_features=48,y_transform=none",10,1.2803478,0.5063354,0.9012317,-7.2216303,-107.69432
glucose_gL,target_focused,raman_full,knn,"k=1,weighted=True,max_features=192,y_transform=none",10,1.2830603,0.37040378,0.73114706,-2.5425741,-73.620004
glucose_gL,target_focused,raman_full,knn,"k=1,weighted=True,max_features=192,y_transform=log1p",10,1.2830603,0.37040378,0.73114706,-2.5425741,-73.620004
glucose_gL,target_focused,eem_full,pls,"n_components=5,alpha=1.0,max_features=96,y_transform=none",10,1.2884462,0.20743601,0.93651546,-3.6520661,-90.543578
glucose_gL,target_focused,fusion_full,ridge,"alpha=1.0,max_features=12,y_transform=none",10,1.2895949,0.56849661,0.86829361,-7.516918,-104.26171
glucose_gL,target_focused,fusion_full,pcr,"n_components=12,alpha=1.0,max_features=12,y_transform=none",10,1.2895949,0.56849661,0.86829361,-7.516918,-104.26171
glucose_gL,target_focused,fusion_full,pcr,"n_components=8,alpha=1.0,max_features=12,y_transform=none",10,1.2900032,0.55548221,0.85309521,-7.4000326,-104.53745
glucose_gL,target_focused,raman_full,knn,"k=1,weighted=True,max_features=48,y_transform=none",10,1.292793,0.57382192,0.75470588,-1.8533664,-60.205738
glucose_gL,target_focused,raman_full,knn,"k=1,weighted=True,max_features=48,y_transform=log1p",10,1.292793,0.57382192,0.75470588,-1.8533664,-60.205738
glucose_gL,target_focused,raman_full,pls,"n_components=8,alpha=1.0,max_features=12,y_transform=none",10,1.2943616,0.35101995,0.86493965,-3.6528487,-88.412516
glucose_gL,all_known,fusion_full,pls,"n_components=12,alpha=1.0,max_features=192,y_transform=none",10,1.2945665,0.42196395,0.90436077,-8.1977049,-149.09427
glucose_gL,target_focused,eem_full,pls,"n_components=8,alpha=1.0,max_features=192,y_transform=none",10,1.2971705,0.13433059,1.0010568,-3.9618833,-96.380287
glucose_gL,target_focused,eem_full,pls,"n_components=8,alpha=1.0,max_features=384,y_transform=none",10,1.2971705,0.13433059,1.0010568,-3.9618833,-96.380287
glucose_gL,target_focused,raman_full,pcr,"n_components=5,alpha=1.0,max_features=24,y_transform=none",10,1.2977008,0.43193805,0.82462185,-4.4297623,-92.694089
glucose_gL,target_focused,eem_full,ridge,"alpha=1.0,max_features=48,y_transform=none",10,1.2983745,0.23195606,0.95495771,-3.5277283,-89.42723
glucose_gL,target_focused,raman_full,ridge,"alpha=10.0,max_features=12,y_transform=log1p",10,1.2998483,0.59320205,0.71303959,-6.2899673,-94.443966
glucose_gL,all_known,eem_full,pls,"n_components=12,alpha=1.0,max_features=192,y_transform=none",10,1.3037433,0.24642593,0.93169665,-5.936503,-133.18241
glucose_gL,all_known,eem_full,pls,"n_components=12,alpha=1.0,max_features=384,y_transform=none",10,1.3037433,0.24642593,0.93169665,-5.936503,-133.18241
glucose_gL,target_focused,raman_full,pcr,"n_components=3,alpha=1.0,max_features=48,y_transform=none",10,1.3162248,0.29113704,0.82448324,-5.2186931,-106.07412
glucose_gL,target_focused,fusion_full,pcr,"n_components=5,alpha=1.0,max_features=24,y_transform=none",10,1.3206967,0.35807494,0.84754673,-6.5530015,-116.11415
glucose_gL,target_focused,fusion_full,pls,"n_components=5,alpha=1.0,max_features=12,y_transform=none",10,1.3216549,0.55714612,0.88806892,-7.5115734,-107.66436
glucose_gL,target_focused,fusion_full,pls,"n_components=12,alpha=1.0,max_features=12,y_transform=none",10,1.3255533,0.59338348,0.90869026,-8.1754165,-110.75105
glucose_gL,all_known,raman_full,ridge,"alpha=1.0,max_features=192,y_transform=none",10,1.3257538,0.25757066,0.9629212,-8.6431389,-157.592
glucose_gL,target_focused,raman_full,pcr,"n_components=5,alpha=1.0,max_features=48,y_transform=none",10,1.3264352,0.45105563,0.82071742,-6.850124,-111.67634
glucose_gL,target_focused,fusion_full,pls,"n_components=3,alpha=1.0,max_features=12,y_transform=none",10,1.3272498,0.60144759,0.89399015,-8.7484061,-115.38913
glucose_gL,target_focused,fusion_full,pls,"n_components=8,alpha=1.0,max_features=12,y_transform=none",10,1.3293316,0.58691283,0.90835149,-8.1292763,-111.02768
glucose_gL,all_known,fusion_full,ridge,"alpha=0.1,max_features=96,y_transform=log1p",10,1.3355162,1.0643521,0.64868459,-5.5398809,-116.85009
glucose_gL,target_focused,fusion_full,ridge,"alpha=0.1,max_features=12,y_transform=none",10,1.3369124,0.60209605,0.92200981,-8.4166371,-113.04986
glucose_gL,target_focused,fusion_interpretable,pcr,"n_components=8,alpha=1.0,max_features=48,y_transform=log1p",10,1.3398894,0.77639219,0.70407035,-10.406334,-113.14854
glucose_gL,target_focused,fusion_interpretable,pcr,"n_components=8,alpha=1.0,max_features=96,y_transform=log1p",10,1.3398894,0.77639219,0.70407035,-10.406334,-113.14854
glucose_gL,all_known,raman_full,pls,"n_components=12,alpha=1.0,max_features=384,y_transform=none",10,1.3437043,0.27786752,0.97279308,-8.4182229,-158.11084
glucose_gL,target_focused,raman_full,pls,"n_components=2,alpha=1.0,max_features=48,y_transform=none",10,1.3442706,0.53156229,0.8573029,-3.3704908,-86.082362
glucose_gL,all_known,eem_full,ridge,"alpha=0.1,max_features=192,y_transform=log1p",10,1.345614,0.52195469,0.70922475,-7.5081612,-143.66707
glucose_gL,all_known,eem_full,ridge,"alpha=0.1,max_features=384,y_transform=log1p",10,1.345614,0.52195469,0.70922475,-7.5081612,-143.66707
glucose_gL,target_focused,fusion_full,pls,"n_components=5,alpha=1.0,max_features=48,y_transform=none",10,1.3484255,0.5194522,0.98560157,-8.3169137,-121.4298
glucose_gL,target_focused,eem_full,pls,"n_components=8,alpha=1.0,max_features=24,y_transform=none",10,1.3522339,0.28159509,0.99399026,-4.1366287,-97.622231
glucose_gL,target_focused,fusion_full,pcr,"n_components=12,alpha=1.0,max_features=48,y_transform=none",10,1.3539465,0.661088,0.91575417,-10.406043,-128.00253
glucose_gL,target_focused,eem_full,ridge,"alpha=0.1,max_features=96,y_transform=log1p",10,1.3540201,0.30626062,0.86996174,-3.2991652,-90.148761
glucose_gL,target_focused,eem_full,pls,"n_components=8,alpha=1.0,max_features=96,y_transform=log1p",10,1.3551482,0.26434826,0.87440892,-3.8760791,-97.069167
glucose_gL,target_focused,raman_full,knn,"k=1,weighted=True,max_features=12,y_transform=none",10,1.3569299,0.53511336,0.82005882,-1.9985898,-67.343309
glucose_gL,target_focused,raman_full,knn,"k=1,weighted=True,max_features=12,y_transform=log1p",10,1.3569299,0.53511336,0.82005882,-1.9985898,-67.343309
glucose_gL,target_focused,raman_full,pcr,"n_components=3,alpha=1.0,max_features=192,y_transform=none",10,1.3584442,0.31326342,0.83924765,-6.2848277,-118.60801
glucose_gL,target_focused,fusion_full,ridge,"alpha=10.0,max_features=96,y_transform=none",10,1.3589659,0.41740631,0.92311294,-6.5970267,-119.41785
glucose_gL,all_known,raman_full,ridge,"alpha=1.0,max_features=384,y_transform=none",10,1.3601474,0.29249401,0.96004223,-8.8273696,-163.3048
glucose_gL,target_focused,raman_full,pls,"n_components=2,alpha=1.0,max_features=96,y_transform=none",10,1.3633143,0.47050212,0.87835439,-4.490906,-99.110038
glucose_gL,target_focused,raman_full,ridge,"alpha=10.0,max_features=24,y_transform=none",10,1.3655609,0.5286101,0.843484,-7.4669432,-115.40298
glucose_gL,all_known,raman_full,ridge,"alpha=0.1,max_features=96,y_transform=none",10,1.3695749,0.31717041,0.99897034,-8.0962829,-156.16257
glucose_gL,target_focused,fusion_full,ridge,"alpha=10.0,max_features=24,y_transform=none",10,1.3698872,0.43767973,0.87975859,-8.211966,-129.51377
glucose_gL,all_known,fusion_full,ridge,"alpha=0.1,max_features=192,y_transform=log1p",10,1.3707023,0.40374065,0.73527436,-14.708091,-193.73628
glucose_gL,all_known,fusion_full,ridge,"alpha=1.0,max_features=384,y_transform=none",10,1.3756604,0.23222267,0.99809812,-10.396,-178.43349
glucose_gL,all_known,eem_full,ridge,"alpha=0.1,max_features=96,y_transform=none",10,1.3848934,0.28633118,0.98922598,-7.1413147,-150.02227
glucose_gL,target_focused,raman_full,pcr,"n_components=3,alpha=1.0,max_features=96,y_transform=none",10,1.3900247,0.35711511,0.84800939,-7.2023311,-127.4444
glucose_gL,target_focused,eem_full,pls,"n_components=12,alpha=1.0,max_features=24,y_transform=none",10,1.3911247,0.24946093,1.0303724,-4.4342394,-105.04618
glucose_gL,target_focused,raman_full,pls,"n_components=2,alpha=1.0,max_features=192,y_transform=none",10,1.391841,0.4854268,0.90105238,-5.3848362,-108.46709
glucose_gL,target_focused,raman_full,pcr,"n_components=8,alpha=1.0,max_features=24,y_transform=none",10,1.39507,0.50825352,0.8578788,-8.0887018,-124.77178
glucose_gL,target_focused,eem_full,ridge,"alpha=0.1,max_features=24,y_transform=none",10,1.3954179,0.24136372,1.03271,-4.5672577,-106.85291
glucose_gL,target_focused,fusion_full,knn,"k=1,weighted=True,max_features=24,y_transform=none",10,1.3988271,0.49620965,0.75114706,-3.667354,-89.455183
glucose_gL,target_focused,fusion_full,knn,"k=1,weighted=True,max_features=24,y_transform=log1p",10,1.3988271,0.49620965,0.75114706,-3.667354,-89.455183
glucose_gL,all_known,fusion_full,ridge,"alpha=1.0,max_features=192,y_transform=none",10,1.4000519,0.47727447,0.97254802,-11.63848,-182.55262
glucose_gL,target_focused,fusion_interpretable,ridge,"alpha=1.0,max_features=48,y_transform=none",10,1.4121432,0.58399899,0.92119801,-9.4495446,-131.73134
glucose_gL,target_focused,fusion_interpretable,ridge,"alpha=1.0,max_features=96,y_transform=none",10,1.4121432,0.58399899,0.92119801,-9.4495446,-131.73134
glucose_gL,target_focused,raman_full,pls,"n_components=2,alpha=1.0,max_features=12,y_transform=log1p",10,1.4126836,0.84777339,0.74303307,-11.206736,-121.77516
glucose_gL,target_focused,fusion_full,ridge,"alpha=1.0,max_features=24,y_transform=none",10,1.4133467,0.38214699,0.9788669,-7.8135222,-131.52827
glucose_gL,target_focused,eem_full,pls,"n_components=8,alpha=1.0,max_features=48,y_transform=none",10,1.4133511,0.21143089,1.0706804,-4.6897892,-110.70104
glucose_gL,all_known,eem_full,pls,"n_components=12,alpha=1.0,max_features=192,y_transform=log1p",10,1.414729,1.2606915,0.63632916,-9.1520782,-130.93352
glucose_gL,all_known,eem_full,pls,"n_components=12,alpha=1.0,max_features=384,y_transform=log1p",10,1.414729,1.2606915,0.63632916,-9.1520782,-130.93352
glucose_gL,target_focused,eem_full,knn,"k=1,weighted=True,max_features=24,y_transform=none",10,1.4163106,0.47129181,0.76508824,-4.6730435,-101.14929
glucose_gL,target_focused,eem_full,knn,"k=1,weighted=True,max_features=24,y_transform=log1p",10,1.4163106,0.47129181,0.76508824,-4.6730435,-101.14929
glucose_gL,target_focused,eem_full,pls,"n_components=12,alpha=1.0,max_features=48,y_transform=log1p",10,1.4204279,0.34751565,0.94812937,-4.0858632,-101.2737
glucose_gL,target_focused,fusion_interpretable,pls,"n_components=8,alpha=1.0,max_features=24,y_transform=none",10,1.4221913,0.83536446,0.89592637,-13.583463,-140.37458
glucose_gL,target_focused,raman_interpretable,ridge,"alpha=1.0,max_features=24,y_transform=none",10,1.426966,0.67682618,0.85858869,-9.9782286,-130.22589
glucose_gL,target_focused,raman_interpretable,ridge,"alpha=1.0,max_features=48,y_transform=none",10,1.426966,0.67682618,0.85858869,-9.9782286,-130.22589
glucose_gL,target_focused,raman_interpretable,ridge,"alpha=1.0,max_features=96,y_transform=none",10,1.426966,0.67682618,0.85858869,-9.9782286,-130.22589
glucose_gL,target_focused,raman_interpretable,pls,"n_components=2,alpha=1.0,max_features=24,y_transform=log1p",10,1.431353,0.96063987,0.72405606,-15.562617,-141.74444
glucose_gL,target_focused,raman_interpretable,pls,"n_components=2,alpha=1.0,max_features=48,y_transform=log1p",10,1.431353,0.96063987,0.72405606,-15.562617,-141.74444
glucose_gL,target_focused,raman_interpretable,pls,"n_components=2,alpha=1.0,max_features=96,y_transform=log1p",10,1.431353,0.96063987,0.72405606,-15.562617,-141.74444
glucose_gL,all_known,raman_full,pls,"n_components=12,alpha=1.0,max_features=192,y_transform=none",10,1.4348128,0.20242814,1.0406062,-12.234592,-192.00611
glucose_gL,all_known,raman_full,pls,"n_components=5,alpha=1.0,max_features=24,y_transform=log1p",10,1.4407263,1.9548829,0.48899949,-37.930362,-193.70714
glucose_gL,target_focused,raman_interpretable,pcr,"n_components=12,alpha=1.0,max_features=24,y_transform=none",10,1.4408992,0.73696474,0.8647449,-11.099506,-134.42002
glucose_gL,target_focused,raman_interpretable,pcr,"n_components=12,alpha=1.0,max_features=48,y_transform=none",10,1.4408992,0.73696474,0.8647449,-11.099506,-134.42002
glucose_gL,target_focused,raman_interpretable,pcr,"n_components=12,alpha=1.0,max_features=96,y_transform=none",10,1.4408992,0.73696474,0.8647449,-11.099506,-134.42002
glucose_gL,target_focused,eem_full,ridge,"alpha=1.0,max_features=192,y_transform=none",10,1.4429144,0.13323873,1.1235248,-5.606899,-123.87319
glucose_gL,target_focused,eem_full,ridge,"alpha=1.0,max_features=384,y_transform=none",10,1.4429144,0.13323873,1.1235248,-5.606899,-123.87319
glucose_gL,target_focused,fusion_full,pcr,"n_components=8,alpha=1.0,max_features=24,y_transform=none",10,1.4502381,0.51730644,0.9134378,-10.390991,-148.74356
glucose_gL,target_focused,fusion_full,pls,"n_components=8,alpha=1.0,max_features=24,y_transform=none",10,1.4561007,0.38370105,1.0691579,-7.9484275,-134.76058
glucose_gL,target_focused,eem_full,ridge,"alpha=1.0,max_features=96,y_transform=none",10,1.4575985,0.19197423,1.1059256,-5.5359785,-123.63327
glucose_gL,target_focused,raman_interpretable,pcr,"n_components=8,alpha=1.0,max_features=24,y_transform=none",10,1.4588649,0.74543385,0.85723016,-11.477664,-138.35448
glucose_gL,target_focused,raman_interpretable,pcr,"n_components=8,alpha=1.0,max_features=48,y_transform=none",10,1.4588649,0.74543385,0.85723016,-11.477664,-138.35448
glucose_gL,target_focused,raman_interpretable,pcr,"n_components=8,alpha=1.0,max_features=96,y_transform=none",10,1.4588649,0.74543385,0.85723016,-11.477664,-138.35448
glucose_gL,target_focused,eem_full,knn,"k=1,weighted=True,max_features=96,y_transform=none",10,1.4608675,0.26643052,0.73282353,-7.1075205,-134.09099
glucose_gL,target_focused,eem_full,knn,"k=1,weighted=True,max_features=96,y_transform=log1p",10,1.4608675,0.26643052,0.73282353,-7.1075205,-134.09099
glucose_gL,target_focused,raman_full,pcr,"n_components=8,alpha=1.0,max_features=384,y_transform=none",10,1.4672218,0.79557103,0.87440592,-13.867749,-150.98742
glucose_gL,target_focused,raman_full,pls,"n_components=3,alpha=1.0,max_features=24,y_transform=none",10,1.4680577,0.67422249,0.88322842,-11.115016,-142.07981
glucose_gL,target_focused,raman_full,pls,"n_components=2,alpha=1.0,max_features=384,y_transform=none",10,1.4686239,0.38260409,0.92869313,-8.084443,-141.37413
glucose_gL,all_known,fusion_full,ridge,"alpha=0.1,max_features=96,y_transform=none",10,1.469837,0.34602489,1.0844778,-11.149601,-188.43163
glucose_gL,target_focused,fusion_full,ridge,"alpha=0.1,max_features=24,y_transform=none",10,1.4723689,0.26202185,1.0804406,-6.9631838,-134.79088
glucose_gL,target_focused,fusion_full,knn,"k=1,weighted=True,max_features=12,y_transform=none",10,1.4723979,0.33233655,0.76938235,-5.1026956,-116.2306
glucose_gL,target_focused,fusion_full,knn,"k=1,weighted=True,max_features=12,y_transform=log1p",10,1.4723979,0.33233655,0.76938235,-5.1026956,-116.2306
glucose_gL,target_focused,raman_full,pcr,"n_components=5,alpha=1.0,max_features=12,y_transform=log1p",10,1.4760686,0.64287442,0.76770827,-8.2348481,-130.40615
glucose_gL,target_focused,fusion_full,pls,"n_components=3,alpha=1.0,max_features=48,y_transform=none",10,1.4762687,0.88216595,0.97814898,-16.041711,-159.97776
glucose_gL,target_focused,fusion_full,pls,"n_components=12,alpha=1.0,max_features=24,y_transform=none",10,1.4785634,0.28627307,1.080993,-7.2214308,-136.11197
glucose_gL,target_focused,raman_full,pcr,"n_components=12,alpha=1.0,max_features=384,y_transform=none",10,1.4794699,0.7399711,0.89387076,-12.918688,-149.84061
glucose_gL,target_focused,eem_full,pls,"n_components=12,alpha=1.0,max_features=96,y_transform=log1p",10,1.482571,0.41273594,0.93293707,-4.6639616,-113.46377
glucose_gL,target_focused,fusion_interpretable,pls,"n_components=12,alpha=1.0,max_features=48,y_transform=none",10,1.4902297,0.59025728,1.0517426,-5.0089763,-113.93295
glucose_gL,target_focused,fusion_interpretable,pls,"n_components=12,alpha=1.0,max_features=96,y_transform=none",10,1.4902297,0.59025728,1.0517426,-5.0089763,-113.93295
glucose_gL,target_focused,raman_full,pcr,"n_components=8,alpha=1.0,max_features=192,y_transform=none",10,1.5003917,0.69187132,0.87800141,-12.721359,-155.6211
glucose_gL,all_known,fusion_full,ridge,"alpha=0.1,max_features=384,y_transform=none",10,1.5039762,0.22475397,1.1058108,-13.959104,-213.37843
glucose_gL,target_focused,fusion_full,pcr,"n_components=12,alpha=1.0,max_features=24,y_transform=none",10,1.5052337,0.56451629,0.97687922,-11.943395,-161.77945
glucose_gL,target_focused,fusion_full,pls,"n_components=3,alpha=1.0,max_features=24,y_transform=none",10,1.5073085,0.57190476,0.94945956,-12.25894,-164.93823
glucose_gL,target_focused,eem_full,knn,"k=1,weighted=True,max_features=12,y_transform=none",10,1.5085527,0.34425661,0.79026471,-6.1411616,-127.0557
glucose_gL,target_focused,eem_full,knn,"k=1,weighted=True,max_features=12,y_transform=log1p",10,1.5085527,0.34425661,0.79026471,-6.1411616,-127.0557
glucose_gL,all_known,eem_full,ridge,"alpha=0.1,max_features=192,y_transform=none",10,1.5095736,0.24362913,1.1238118,-9.6244467,-180.18808
glucose_gL,all_known,eem_full,ridge,"alpha=0.1,max_features=384,y_transform=none",10,1.5095736,0.24362913,1.1238118,-9.6244467,-180.18808
glucose_gL,target_focused,fusion_interpretable,ridge,"alpha=0.1,max_features=24,y_transform=none",10,1.5141004,0.56732898,0.99297002,-9.4917147,-142.48375
glucose_gL,target_focused,fusion_full,pls,"n_components=5,alpha=1.0,max_features=384,y_transform=none",10,1.5178798,0.59931487,1.0087574,-10.08152,-152.29982
glucose_gL,target_focused,raman_full,ridge,"alpha=10.0,max_features=48,y_transform=none",10,1.5187491,0.74297519,0.91658037,-12.890602,-153.66661
glucose_gL,target_focused,fusion_full,pls,"n_components=8,alpha=1.0,max_features=48,y_transform=log1p",10,1.5195341,0.62274261,0.94128468,-13.098832,-164.75386
glucose_gL,target_focused,eem_full,pls,"n_components=8,alpha=1.0,max_features=96,y_transform=none",10,1.5224751,0.19567484,1.1669476,-6.4393822,-136.44483
glucose_gL,target_focused,raman_full,pcr,"n_components=12,alpha=1.0,max_features=24,y_transform=none",10,1.5264844,0.73810182,0.92080604,-13.560012,-159.65217
glucose_gL,target_focused,eem_full,pls,"n_components=12,alpha=1.0,max_features=192,y_transform=none",10,1.5275734,0.14593401,1.1987973,-6.5820487,-138.95714
glucose_gL,target_focused,eem_full,pls,"n_components=12,alpha=1.0,max_features=384,y_transform=none",10,1.5275734,0.14593401,1.1987973,-6.5820487,-138.95714
glucose_gL,target_focused,eem_full,pls,"n_components=12,alpha=1.0,max_features=48,y_transform=none",10,1.5276595,0.25355428,1.2004526,-5.4996802,-125.84882
glucose_gL,target_focused,fusion_full,pls,"n_components=5,alpha=1.0,max_features=96,y_transform=none",10,1.5300383,0.48420083,1.0236795,-10.428762,-159.02701
glucose_gL,target_focused,raman_full,pcr,"n_components=12,alpha=1.0,max_features=192,y_transform=none",10,1.532516,0.74919347,0.90289305,-14.265972,-165.33212
glucose_gL,target_focused,fusion_full,pls,"n_components=5,alpha=1.0,max_features=24,y_transform=none",10,1.5465375,0.58931506,1.0230912,-12.960634,-170.51243
glucose_gL,target_focused,eem_full,ridge,"alpha=0.1,max_features=192,y_transform=none",10,1.5475094,0.15487569,1.2183616,-6.8659631,-142.85195
glucose_gL,target_focused,eem_full,ridge,"alpha=0.1,max_features=384,y_transform=none",10,1.5475094,0.15487569,1.2183616,-6.8659631,-142.85195
glucose_gL,all_known,raman_full,ridge,"alpha=0.1,max_features=384,y_transform=none",10,1.5489936,0.26915713,1.1090088,-13.865281,-214.97019
glucose_gL,target_focused,fusion_full,ridge,"alpha=1.0,max_features=48,y_transform=none",10,1.5623465,0.53229515,1.1435206,-12.627971,-171.63046
glucose_gL,target_focused,raman_full,pcr,"n_components=8,alpha=1.0,max_features=48,y_transform=none",10,1.5775542,1.0109096,0.90558896,-19.040519,-174.67678
glucose_gL,target_focused,fusion_full,pls,"n_components=8,alpha=1.0,max_features=48,y_transform=none",10,1.5849382,0.5238419,1.1902783,-12.536138,-173.1343
glucose_gL,target_focused,raman_full,pcr,"n_components=8,alpha=1.0,max_features=96,y_transform=none",10,1.590529,1.0645355,0.91990414,-21.039404,-182.44631
glucose_gL,target_focused,raman_full,pls,"n_components=3,alpha=1.0,max_features=48,y_transform=none",10,1.6000162,1.0119241,0.9392805,-19.112171,-176.32663
glucose_gL,target_focused,raman_full,pls,"n_components=3,alpha=1.0,max_features=384,y_transform=none",10,1.6011889,0.98714347,0.95382902,-19.820853,-183.79543
glucose_gL,target_focused,raman_full,pls,"n_components=5,alpha=1.0,max_features=384,y_transform=none",10,1.6028846,0.70039909,1.0163919,-14.302779,-172.57512
glucose_gL,target_focused,eem_full,ridge,"alpha=0.1,max_features=48,y_transform=log1p",10,1.6045351,0.3469589,1.0225565,-5.8763676,-134.23895
glucose_gL,target_focused,fusion_interpretable,pls,"n_components=12,alpha=1.0,max_features=24,y_transform=none",10,1.6071324,0.83325266,1.0347765,-14.991424,-169.30361
glucose_gL,target_focused,raman_full,ridge,"alpha=1.0,max_features=24,y_transform=none",10,1.6394824,0.97985062,0.96103017,-19.753875,-188.30994
glucose_gL,target_focused,eem_full,pls,"n_components=12,alpha=1.0,max_features=96,y_transform=none",10,1.6497821,0.26506304,1.2856401,-7.806808,-157.31586
glucose_gL,target_focused,raman_full,ridge,"alpha=10.0,max_features=384,y_transform=none",10,1.6513668,0.75079404,0.99327147,-14.852028,-186.41582
glucose_gL,target_focused,raman_interpretable,pls,"n_components=5,alpha=1.0,max_features=24,y_transform=none",10,1.6607894,1.0597867,0.93297785,-20.241422,-186.48682
glucose_gL,target_focused,raman_interpretable,pls,"n_components=5,alpha=1.0,max_features=48,y_transform=none",10,1.6607894,1.0597867,0.93297785,-20.241422,-186.48682
glucose_gL,target_focused,raman_interpretable,pls,"n_components=5,alpha=1.0,max_features=96,y_transform=none",10,1.6607894,1.0597867,0.93297785,-20.241422,-186.48682
glucose_gL,target_focused,raman_full,pls,"n_components=5,alpha=1.0,max_features=24,y_transform=none",10,1.6618758,0.97906825,0.98389829,-20.249103,-193.87458
glucose_gL,target_focused,eem_full,ridge,"alpha=0.1,max_features=48,y_transform=none",10,1.6649539,0.19756919,1.3020716,-7.5899203,-155.55093
glucose_gL,target_focused,fusion_full,ridge,"alpha=1.0,max_features=48,y_transform=log1p",10,1.6660552,1.1289267,0.94333049,-26.648982,-215.29452
glucose_gL,target_focused,raman_full,pls,"n_components=2,alpha=1.0,max_features=192,y_transform=log1p",10,1.6710614,1.9788806,0.82107757,-3.5918369,-78.321089
glucose_gL,target_focused,fusion_interpretable,pls,"n_components=8,alpha=1.0,max_features=48,y_transform=none",10,1.6720084,1.0319605,1.0231911,-19.996981,-189.19396
glucose_gL,target_focused,fusion_interpretable,pls,"n_components=8,alpha=1.0,max_features=96,y_transform=none",10,1.6720084,1.0319605,1.0231911,-19.996981,-189.19396
glucose_gL,target_focused,raman_full,pcr,"n_components=12,alpha=1.0,max_features=96,y_transform=none",10,1.6742621,1.109657,0.96129858,-24.173766,-206.62471
glucose_gL,target_focused,fusion_full,ridge,"alpha=10.0,max_features=384,y_transform=none",10,1.6785914,0.93731283,1.037451,-17.712473,-204.68767
glucose_gL,target_focused,raman_interpretable,ridge,"alpha=0.1,max_features=24,y_transform=none",10,1.6790133,0.71213639,0.99123402,-15.713283,-189.36758
glucose_gL,target_focused,raman_interpretable,ridge,"alpha=0.1,max_features=48,y_transform=none",10,1.6790133,0.71213639,0.99123402,-15.713283,-189.36758
glucose_gL,target_focused,raman_interpretable,ridge,"alpha=0.1,max_features=96,y_transform=none",10,1.6790133,0.71213639,0.99123402,-15.713283,-189.36758
glucose_gL,target_focused,raman_full,pls,"n_components=3,alpha=1.0,max_features=192,y_transform=none",10,1.6901384,1.0422546,0.98640718,-23.252776,-209.36879
glucose_gL,target_focused,raman_full,pls,"n_components=3,alpha=1.0,max_features=96,y_transform=none",10,1.691766,1.1973527,0.97850624,-26.519182,-210.9751
glucose_gL,target_focused,raman_full,pcr,"n_components=12,alpha=1.0,max_features=48,y_transform=none",10,1.6935722,0.95062364,0.97068766,-20.677699,-203.91661
glucose_gL,target_focused,fusion_full,ridge,"alpha=10.0,max_features=192,y_transform=none",10,1.6967572,0.87269858,1.0505081,-18.102455,-212.29738
glucose_gL,target_focused,eem_full,ridge,"alpha=0.1,max_features=96,y_transform=none",10,1.7075385,0.1882476,1.3089223,-8.8163355,-170.12389
glucose_gL,target_focused,fusion_interpretable,pcr,"n_components=12,alpha=1.0,max_features=48,y_transform=none",10,1.7170365,1.0451601,1.005177,-25.774427,-230.27469
glucose_gL,target_focused,fusion_interpretable,pcr,"n_components=12,alpha=1.0,max_features=96,y_transform=none",10,1.7170365,1.0451601,1.005177,-25.774427,-230.27469
glucose_gL,target_focused,fusion_interpretable,ridge,"alpha=0.1,max_features=48,y_transform=none",10,1.7204851,0.65390306,1.1150292,-12.901781,-186.92395
glucose_gL,target_focused,fusion_interpretable,ridge,"alpha=0.1,max_features=96,y_transform=none",10,1.7204851,0.65390306,1.1150292,-12.901781,-186.92395
glucose_gL,target_focused,raman_full,pls,"n_components=8,alpha=1.0,max_features=24,y_transform=none",10,1.721427,1.0271375,1.0160931,-22.594039,-208.13101
glucose_gL,target_focused,raman_interpretable,pls,"n_components=8,alpha=1.0,max_features=24,y_transform=none",10,1.7226921,0.61282529,1.0119666,-14.015552,-188.51094
glucose_gL,target_focused,raman_interpretable,pls,"n_components=8,alpha=1.0,max_features=48,y_transform=none",10,1.7226921,0.61282529,1.0119666,-14.015552,-188.51094
glucose_gL,target_focused,raman_interpretable,pls,"n_components=8,alpha=1.0,max_features=96,y_transform=none",10,1.7226921,0.61282529,1.0119666,-14.015552,-188.51094
glucose_gL,target_focused,fusion_full,pls,"n_components=8,alpha=1.0,max_features=96,y_transform=none",10,1.7357153,0.58272482,1.2309973,-14.500075,-200.85347
glucose_gL,target_focused,raman_full,pcr,"n_components=8,alpha=1.0,max_features=12,y_transform=log1p",10,1.746258,1.5292837,0.8273414,-36.12878,-227.30641
glucose_gL,target_focused,raman_full,pcr,"n_components=12,alpha=1.0,max_features=12,y_transform=log1p",10,1.7576023,1.3141801,0.83275882,-30.003679,-225.53506
glucose_gL,target_focused,raman_full,ridge,"alpha=1.0,max_features=12,y_transform=log1p",10,1.7576023,1.3141801,0.83275882,-30.003679,-225.53506
glucose_gL,target_focused,raman_full,ridge,"alpha=10.0,max_features=192,y_transform=none",10,1.7686428,0.93285549,1.0193228,-21.275239,-221.48876
glucose_gL,target_focused,raman_full,pls,"n_components=2,alpha=1.0,max_features=384,y_transform=log1p",10,1.7845502,1.9787619,0.84224342,-50.708668,-235.03203
glucose_gL,target_focused,raman_full,ridge,"alpha=10.0,max_features=96,y_transform=none",10,1.785516,0.93336667,0.99272658,-21.649823,-227.65586
glucose_gL,target_focused,fusion_full,pls,"n_components=12,alpha=1.0,max_features=48,y_transform=none",10,1.7877912,0.59254079,1.3498187,-17.640974,-218.2444
glucose_gL,target_focused,raman_interpretable,pls,"n_components=3,alpha=1.0,max_features=24,y_transform=log1p",10,1.7977767,1.8232909,0.83376102,-47.000146,-245.68874
glucose_gL,target_focused,raman_interpretable,pls,"n_components=3,alpha=1.0,max_features=48,y_transform=log1p",10,1.7977767,1.8232909,0.83376102,-47.000146,-245.68874
glucose_gL,target_focused,raman_interpretable,pls,"n_components=3,alpha=1.0,max_features=96,y_transform=log1p",10,1.7977767,1.8232909,0.83376102,-47.000146,-245.68874
glucose_gL,target_focused,fusion_full,pls,"n_components=5,alpha=1.0,max_features=192,y_transform=none",10,1.8013044,0.81430197,1.1056285,-20.94335,-237.87815
glucose_gL,target_focused,raman_full,pls,"n_components=5,alpha=1.0,max_features=48,y_transform=none",10,1.8088313,1.163526,1.0545554,-27.593478,-230.61628
glucose_gL,target_focused,raman_interpretable,pls,"n_components=12,alpha=1.0,max_features=24,y_transform=none",10,1.8172742,0.69371932,1.0284525,-17.275844,-212.28164
glucose_gL,target_focused,raman_interpretable,pls,"n_components=12,alpha=1.0,max_features=48,y_transform=none",10,1.8172742,0.69371932,1.0284525,-17.275844,-212.28164
glucose_gL,target_focused,raman_interpretable,pls,"n_components=12,alpha=1.0,max_features=96,y_transform=none",10,1.8172742,0.69371932,1.0284525,-17.275844,-212.28164
glucose_gL,target_focused,raman_full,ridge,"alpha=0.1,max_features=24,y_transform=none",10,1.8342241,1.3572024,1.0609822,-32.649582,-238.18026
glucose_gL,target_focused,raman_full,pls,"n_components=5,alpha=1.0,max_features=12,y_transform=log1p",10,1.8349747,1.3843442,0.85366491,-34.39137,-250.54796
glucose_gL,target_focused,fusion_full,pls,"n_components=8,alpha=1.0,max_features=384,y_transform=none",10,1.8761655,1.085013,1.1699359,-24.657112,-250.86925
glucose_gL,all_known,raman_full,ridge,"alpha=0.1,max_features=192,y_transform=log1p",10,1.888272,1.4534345,0.83895538,-15.857308,-235.65291
glucose_gL,all_known,fusion_interpretable,pls,"n_components=8,alpha=1.0,max_features=48,y_transform=log1p",10,1.9008335,3.3265837,0.56641073,-102.06071,-320.53934
glucose_gL,all_known,fusion_interpretable,pls,"n_components=8,alpha=1.0,max_features=96,y_transform=log1p",10,1.9008335,3.3265837,0.56641073,-102.06071,-320.53934
glucose_gL,target_focused,fusion_interpretable,ridge,"alpha=10.0,max_features=48,y_transform=log1p",10,1.9037855,2.525788,0.85383486,-79.052306,-288.34416
glucose_gL,target_focused,fusion_interpretable,ridge,"alpha=10.0,max_features=96,y_transform=log1p",10,1.9037855,2.525788,0.85383486,-79.052306,-288.34416
glucose_gL,target_focused,raman_full,pls,"n_components=12,alpha=1.0,max_features=24,y_transform=none",10,1.9062857,1.4065948,1.0732343,-35.839974,-257.1362
glucose_gL,all_known,raman_full,ridge,"alpha=0.1,max_features=192,y_transform=none",10,1.9468425,0.21036766,1.5224705,-25.605126,-307.25362
glucose_gL,target_focused,fusion_full,ridge,"alpha=1.0,max_features=96,y_transform=none",10,1.9555923,1.1257443,1.2821566,-24.57073,-254.57372
glucose_gL,target_focused,raman_full,ridge,"alpha=1.0,max_features=48,y_transform=none",10,1.9677872,1.150203,1.1671968,-30.767781,-266.62564
glucose_gL,target_focused,raman_full,pls,"n_components=5,alpha=1.0,max_features=192,y_transform=none",10,1.9727491,1.0564751,1.1471005,-28.849892,-267.64483
glucose_gL,target_focused,raman_full,pls,"n_components=8,alpha=1.0,max_features=384,y_transform=none",10,1.9780193,0.99321437,1.2112032,-22.945532,-251.11783
glucose_gL,target_focused,raman_full,pls,"n_components=2,alpha=1.0,max_features=96,y_transform=log1p",10,1.9969087,3.1125608,0.89476283,-5.880975,-87.834049
glucose_gL,all_known,fusion_full,ridge,"alpha=0.1,max_features=192,y_transform=none",10,2.0131704,0.79001924,1.4122834,-32.226474,-337.8747
glucose_gL,target_focused,raman_full,pls,"n_components=5,alpha=1.0,max_features=96,y_transform=none",10,2.0179243,1.2276238,1.1084554,-35.837835,-292.90448
glucose_gL,target_focused,raman_full,ridge,"alpha=0.1,max_features=12,y_transform=log1p",10,2.0677578,1.6164547,0.91838984,-43.138466,-302.81861
glucose_gL,target_focused,fusion_full,pls,"n_components=8,alpha=1.0,max_features=192,y_transform=none",10,2.0805838,1.3057749,1.30273,-34.441695,-301.21907
glucose_gL,all_known,fusion_interpretable,ridge,"alpha=0.1,max_features=48,y_transform=log1p",10,2.0807286,3.8820103,0.59968196,-136.54995,-370.48941
glucose_gL,all_known,fusion_interpretable,ridge,"alpha=0.1,max_features=96,y_transform=log1p",10,2.0807286,3.8820103,0.59968196,-136.54995,-370.48941
glucose_gL,target_focused,fusion_full,pls,"n_components=12,alpha=1.0,max_features=384,y_transform=none",10,2.0871023,1.3527302,1.2719226,-32.971778,-297.99253
glucose_gL,target_focused,fusion_full,ridge,"alpha=0.1,max_features=48,y_transform=none",10,2.1050625,0.79185561,1.5977906,-27.692067,-286.36123
glucose_gL,target_focused,fusion_full,ridge,"alpha=1.0,max_features=384,y_transform=none",10,2.106145,1.3697918,1.2569232,-34.834895,-308.19854
glucose_gL,target_focused,fusion_full,pls,"n_components=5,alpha=1.0,max_features=384,y_transform=log1p",10,2.1380835,3.2098177,0.918485,-123.09851,-361.9114
glucose_gL,target_focused,raman_full,pls,"n_components=12,alpha=1.0,max_features=12,y_transform=log1p",10,2.1421956,1.7156723,0.93888781,-43.832421,-315.66684
glucose_gL,target_focused,raman_full,ridge,"alpha=1.0,max_features=384,y_transform=none",10,2.156711,1.2601294,1.309703,-31.118094,-293.92235
glucose_gL,target_focused,raman_full,pls,"n_components=8,alpha=1.0,max_features=48,y_transform=none",10,2.1795745,1.1641076,1.3147658,-36.73659,-313.99286
glucose_gL,target_focused,raman_full,pls,"n_components=8,alpha=1.0,max_features=12,y_transform=log1p",10,2.1953931,1.8212081,0.95180675,-47.018778,-330.36587
glucose_gL,target_focused,fusion_full,ridge,"alpha=0.1,max_features=384,y_transform=none",10,2.2112226,1.4448665,1.3129942,-39.368876,-333.20195
glucose_gL,target_focused,raman_interpretable,pcr,"n_components=5,alpha=1.0,max_features=24,y_transform=log1p",10,2.2159589,3.1077404,0.92971608,-118.83149,-368.25337
glucose_gL,target_focused,raman_interpretable,pcr,"n_components=5,alpha=1.0,max_features=48,y_transform=log1p",10,2.2159589,3.1077404,0.92971608,-118.83149,-368.25337
glucose_gL,target_focused,raman_interpretable,pcr,"n_components=5,alpha=1.0,max_features=96,y_transform=log1p",10,2.2159589,3.1077404,0.92971608,-118.83149,-368.25337
glucose_gL,target_focused,fusion_full,pls,"n_components=12,alpha=1.0,max_features=96,y_transform=none",10,2.2246864,1.1263253,1.484033,-32.592213,-316.87713
glucose_gL,target_focused,fusion_full,pls,"n_components=12,alpha=1.0,max_features=48,y_transform=log1p",10,2.2550545,2.0501015,1.2167333,-73.857182,-374.45992
glucose_gL,target_focused,raman_full,pls,"n_components=12,alpha=1.0,max_features=384,y_transform=none",10,2.2879971,1.336351,1.3998038,-35.578943,-323.17812
glucose_gL,target_focused,raman_full,ridge,"alpha=0.1,max_features=384,y_transform=none",10,2.3439189,1.4032019,1.4401202,-37.716276,-331.62718
glucose_gL,target_focused,raman_full,pcr,"n_components=5,alpha=1.0,max_features=24,y_transform=log1p",10,2.3634525,3.5952764,0.97235794,-98.332596,-341.59453
glucose_gL,target_focused,fusion_full,ridge,"alpha=1.0,max_features=192,y_transform=none",10,2.4656033,1.7133277,1.4404358,-53.145159,-393.71797
glucose_gL,target_focused,fusion_full,pls,"n_components=12,alpha=1.0,max_features=192,y_transform=none",10,2.5210862,1.709562,1.5132309,-54.96311,-404.79809
glucose_gL,target_focused,raman_full,ridge,"alpha=1.0,max_features=192,y_transform=none",10,2.5522832,1.4896638,1.5544096,-52.17316,-403.91667
glucose_gL,target_focused,fusion_full,pcr,"n_components=12,alpha=1.0,max_features=192,y_transform=log1p",10,2.5586792,4.6329351,0.98978832,-241.3258,-492.27219
glucose_gL,target_focused,raman_full,ridge,"alpha=0.1,max_features=48,y_transform=none",10,2.6303159,1.6513367,1.5846476,-64.340845,-422.86821
glucose_gL,target_focused,fusion_full,ridge,"alpha=0.1,max_features=96,y_transform=none",10,2.6600364,1.9279997,1.7202409,-56.143696,-399.14915
glucose_gL,target_focused,raman_full,pls,"n_components=3,alpha=1.0,max_features=12,y_transform=log1p",10,2.6628035,4.610595,1.0451732,-242.32529,-504.94767
glucose_gL,target_focused,raman_full,pls,"n_components=8,alpha=1.0,max_features=192,y_transform=none",10,2.6819149,1.6917036,1.6225788,-57.705057,-418.1217
glucose_gL,target_focused,raman_full,pls,"n_components=12,alpha=1.0,max_features=48,y_transform=none",10,2.6932912,1.6126134,1.616446,-65.448002,-443.53385
glucose_gL,target_focused,raman_full,ridge,"alpha=1.0,max_features=96,y_transform=none",10,2.8253056,2.0780243,1.4782085,-78.229355,-484.22441
glucose_gL,target_focused,fusion_full,ridge,"alpha=0.1,max_features=192,y_transform=none",10,2.8253577,1.9859152,1.6211612,-72.325413,-473.10954
glucose_gL,target_focused,raman_full,pls,"n_components=8,alpha=1.0,max_features=96,y_transform=none",10,2.9976915,2.1420909,1.6184961,-81.270613,-509.24332
glucose_gL,target_focused,raman_full,pls,"n_components=12,alpha=1.0,max_features=192,y_transform=none",10,3.0529797,1.6762202,1.9398063,-74.967772,-510.02917
glucose_gL,target_focused,fusion_full,pls,"n_components=8,alpha=1.0,max_features=192,y_transform=log1p",10,3.0875088,5.7361019,1.2258985,-369.91221,-640.17868
glucose_gL,target_focused,fusion_full,ridge,"alpha=10.0,max_features=96,y_transform=log1p",10,3.1552108,6.1002806,1.1856296,-410.58794,-652.94072
glucose_gL,target_focused,fusion_full,ridge,"alpha=10.0,max_features=384,y_transform=log1p",10,3.2616082,6.6017456,1.1967508,-476.43374,-702.82416
glucose_gL,target_focused,raman_full,ridge,"alpha=0.1,max_features=192,y_transform=none",10,3.2731726,1.6998976,2.0970067,-81.230144,-554.00882
glucose_gL,target_focused,raman_full,pcr,"n_components=5,alpha=1.0,max_features=48,y_transform=log1p",10,3.5292001,7.2258569,1.2398727,-568.69306,-770.31099
glucose_gL,target_focused,fusion_interpretable,pls,"n_components=5,alpha=1.0,max_features=48,y_transform=log1p",10,3.6672719,7.8400061,1.28988,-661.43642,-820.08457
glucose_gL,target_focused,fusion_interpretable,pls,"n_components=5,alpha=1.0,max_features=96,y_transform=log1p",10,3.6672719,7.8400061,1.28988,-661.43642,-820.08457
glucose_gL,target_focused,raman_interpretable,ridge,"alpha=10.0,max_features=24,y_transform=log1p",10,3.6881387,7.0843325,1.3092198,-557.22954,-794.73194
glucose_gL,target_focused,raman_interpretable,ridge,"alpha=10.0,max_features=48,y_transform=log1p",10,3.6881387,7.0843325,1.3092198,-557.22954,-794.73194
glucose_gL,target_focused,raman_interpretable,ridge,"alpha=10.0,max_features=96,y_transform=log1p",10,3.6881387,7.0843325,1.3092198,-557.22954,-794.73194
glucose_gL,target_focused,raman_full,pls,"n_components=12,alpha=1.0,max_features=96,y_transform=none",10,3.7427374,2.4263187,2.1197206,-131.11819,-675.88629
glucose_gL,target_focused,fusion_full,pls,"n_components=5,alpha=1.0,max_features=96,y_transform=log1p",10,3.8232972,7.8009357,1.3791728,-660.85848,-833.17432
glucose_gL,target_focused,fusion_full,ridge,"alpha=10.0,max_features=192,y_transform=log1p",10,3.8736229,8.4448528,1.3502946,-764.13696,-885.66093
glucose_gL,target_focused,raman_full,pls,"n_components=2,alpha=1.0,max_features=48,y_transform=log1p",10,4.1381987,9.3827704,1.4202247,-44.858706,-236.45258
glucose_gL,target_focused,raman_full,ridge,"alpha=0.1,max_features=96,y_transform=none",10,4.8341501,3.9149438,2.5482704,-265.12951,-952.23351
glucose_gL,target_focused,fusion_interpretable,pls,"n_components=8,alpha=1.0,max_features=24,y_transform=log1p",10,6.0782287,11.471507,1.8935104,-1357.9112,-1267.7626
glucose_gL,target_focused,fusion_full,pls,"n_components=8,alpha=1.0,max_features=384,y_transform=log1p",10,7.3386516,18.644302,2.2292141,-3588.969,-1919.0383
glucose_gL,all_known,eem_full,ridge,"alpha=0.1,max_features=96,y_transform=log1p",10,7.6491663,19.966713,1.6774548,-551.25016,-800.35505
glucose_gL,target_focused,fusion_interpretable,ridge,"alpha=0.1,max_features=24,y_transform=log1p",10,8.0187532,18.728181,2.3877327,-195.93858,-600.24808
glucose_gL,target_focused,fusion_interpretable,pls,"n_components=12,alpha=1.0,max_features=24,y_transform=log1p",10,9.539564,22.768539,2.7625102,-281.7663,-716.87201
glucose_gL,target_focused,fusion_interpretable,ridge,"alpha=1.0,max_features=48,y_transform=log1p",10,10.084131,22.187427,2.9251742,-5156.0251,-2454.6923
glucose_gL,target_focused,fusion_interpretable,ridge,"alpha=1.0,max_features=96,y_transform=log1p",10,10.084131,22.187427,2.9251742,-5156.0251,-2454.6923
glucose_gL,target_focused,fusion_full,pls,"n_components=12,alpha=1.0,max_features=384,y_transform=log1p",10,10.41477,27.725066,3.0063663,-7852.8211,-2835.6162
glucose_gL,target_focused,raman_full,pls,"n_components=8,alpha=1.0,max_features=384,y_transform=log1p",10,11.095337,29.571639,3.1583128,-8929.9953,-3016.4638
glucose_gL,target_focused,fusion_full,ridge,"alpha=1.0,max_features=384,y_transform=log1p",10,12.167365,33.065126,3.4147853,-11117.996,-3363.1929
glucose_gL,target_focused,raman_full,pcr,"n_components=8,alpha=1.0,max_features=24,y_transform=log1p",10,12.375061,33.09911,3.4352101,-11177.944,-3386.3748
glucose_gL,target_focused,fusion_full,ridge,"alpha=0.1,max_features=48,y_transform=log1p",10,15.622892,41.531404,4.5234655,-18726.654,-4471.3914
glucose_gL,target_focused,fusion_full,ridge,"alpha=0.1,max_features=384,y_transform=log1p",10,17.299247,48.374318,4.6820291,-23650.146,-4896.8469
glucose_gL,target_focused,fusion_full,pls,"n_components=12,alpha=1.0,max_features=192,y_transform=log1p",10,17.40638,48.353192,4.7853117,-23664.583,-4924.4235
glucose_gL,target_focused,fusion_full,ridge,"alpha=1.0,max_features=96,y_transform=log1p",10,19.172448,53.328811,5.1945182,-28771.024,-5413.3806
glucose_gL,target_focused,raman_interpretable,pcr,"n_components=12,alpha=1.0,max_features=24,y_transform=log1p",10,19.366093,48.962054,5.2604753,-24686.084,-5229.8197
glucose_gL,target_focused,raman_interpretable,pcr,"n_components=12,alpha=1.0,max_features=48,y_transform=log1p",10,19.366093,48.962054,5.2604753,-24686.084,-5229.8197
glucose_gL,target_focused,raman_interpretable,pcr,"n_components=12,alpha=1.0,max_features=96,y_transform=log1p",10,19.366093,48.962054,5.2604753,-24686.084,-5229.8197
glucose_gL,target_focused,raman_full,ridge,"alpha=10.0,max_features=24,y_transform=log1p",10,20.087976,56.737741,5.2839958,-32463.055,-5714.2936
glucose_gL,target_focused,fusion_full,pls,"n_components=8,alpha=1.0,max_features=96,y_transform=log1p",10,20.552282,57.440662,5.5077027,-33344.841,-5820.1125
glucose_gL,target_focused,raman_interpretable,pls,"n_components=8,alpha=1.0,max_features=24,y_transform=log1p",10,20.988544,41.810637,6.8724957,-17318.293,-4829.961
glucose_gL,target_focused,raman_interpretable,pls,"n_components=8,alpha=1.0,max_features=48,y_transform=log1p",10,20.988544,41.810637,6.8724957,-17318.293,-4829.961
glucose_gL,target_focused,raman_interpretable,pls,"n_components=8,alpha=1.0,max_features=96,y_transform=log1p",10,20.988544,41.810637,6.8724957,-17318.293,-4829.961
glucose_gL,target_focused,raman_interpretable,ridge,"alpha=1.0,max_features=24,y_transform=log1p",10,21.163671,53.826675,5.5952932,-29809.975,-5758.8551
glucose_gL,target_focused,raman_interpretable,ridge,"alpha=1.0,max_features=48,y_transform=log1p",10,21.163671,53.826675,5.5952932,-29809.975,-5758.8551
glucose_gL,target_focused,raman_interpretable,ridge,"alpha=1.0,max_features=96,y_transform=log1p",10,21.163671,53.826675,5.5952932,-29809.975,-5758.8551
glucose_gL,target_focused,fusion_interpretable,pls,"n_components=8,alpha=1.0,max_features=48,y_transform=log1p",10,21.223224,48.379708,5.6136781,-23753.661,-5211.8464
glucose_gL,target_focused,fusion_interpretable,pls,"n_components=8,alpha=1.0,max_features=96,y_transform=log1p",10,21.223224,48.379708,5.6136781,-23753.661,-5211.8464
glucose_gL,target_focused,raman_full,pls,"n_components=12,alpha=1.0,max_features=384,y_transform=log1p",10,25.287725,71.832219,6.6434401,-51975.04,-7260.7092
glucose_gL,target_focused,fusion_full,ridge,"alpha=1.0,max_features=192,y_transform=log1p",10,26.859419,76.869271,7.0353497,-59427.307,-7757.5371
glucose_gL,target_focused,fusion_full,pls,"n_components=5,alpha=1.0,max_features=192,y_transform=log1p",10,28.485593,82.036602,7.3479673,-67594.114,-8238.244
glucose_gL,target_focused,raman_full,ridge,"alpha=10.0,max_features=384,y_transform=log1p",10,31.622148,91.508284,8.0835563,-84020.19,-9177.7268
glucose_gL,target_focused,raman_full,pls,"n_components=3,alpha=1.0,max_features=192,y_transform=log1p",10,33.76934,97.503993,8.6184154,-95438.305,-9821.4713
glucose_gL,target_focused,fusion_full,ridge,"alpha=0.1,max_features=96,y_transform=log1p",10,33.779844,95.863286,8.8795463,-92587.128,-9748.6002
glucose_gL,target_focused,raman_full,pcr,"n_components=8,alpha=1.0,max_features=192,y_transform=log1p",10,35.483063,102.96117,9.0200162,-106307.43,-10323.495
glucose_gL,target_focused,raman_interpretable,pcr,"n_components=8,alpha=1.0,max_features=24,y_transform=log1p",10,38.831121,107.10824,9.8557605,-116219.09,-11078.119
glucose_gL,target_focused,raman_interpretable,pcr,"n_components=8,alpha=1.0,max_features=48,y_transform=log1p",10,38.831121,107.10824,9.8557605,-116219.09,-11078.119
glucose_gL,target_focused,raman_interpretable,pcr,"n_components=8,alpha=1.0,max_features=96,y_transform=log1p",10,38.831121,107.10824,9.8557605,-116219.09,-11078.119
glucose_gL,target_focused,fusion_interpretable,ridge,"alpha=0.1,max_features=48,y_transform=log1p",10,40.347366,82.058582,10.298437,-9698.2862,-5320.5157
glucose_gL,target_focused,fusion_interpretable,ridge,"alpha=0.1,max_features=96,y_transform=log1p",10,40.347366,82.058582,10.298437,-9698.2862,-5320.5157
glucose_gL,target_focused,raman_interpretable,ridge,"alpha=0.1,max_features=24,y_transform=log1p",10,41.512915,106.915,10.492873,-117409.58,-11616.851
glucose_gL,target_focused,raman_interpretable,ridge,"alpha=0.1,max_features=48,y_transform=log1p",10,41.512915,106.915,10.492873,-117409.58,-11616.851
glucose_gL,target_focused,raman_interpretable,ridge,"alpha=0.1,max_features=96,y_transform=log1p",10,41.512915,106.915,10.492873,-117409.58,-11616.851
glucose_gL,target_focused,raman_full,pcr,"n_components=8,alpha=1.0,max_features=384,y_transform=log1p",10,42.964647,124.899,10.839125,-156379.62,-12556.659
glucose_gL,target_focused,fusion_full,pls,"n_components=12,alpha=1.0,max_features=96,y_transform=log1p",10,47.923216,139.42382,12.230751,-194835.1,-14030.159
glucose_gL,target_focused,raman_full,ridge,"alpha=1.0,max_features=384,y_transform=log1p",10,52.095793,152.46527,13.129073,-232704.58,-15293.692
glucose_gL,target_focused,raman_interpretable,pls,"n_components=12,alpha=1.0,max_features=24,y_transform=log1p",10,54.304825,128.05285,13.638054,-172396.2,-15170.244
glucose_gL,target_focused,raman_interpretable,pls,"n_components=12,alpha=1.0,max_features=48,y_transform=log1p",10,54.304825,128.05285,13.638054,-172396.2,-15170.244
glucose_gL,target_focused,raman_interpretable,pls,"n_components=12,alpha=1.0,max_features=96,y_transform=log1p",10,54.304825,128.05285,13.638054,-172396.2,-15170.244
glucose_gL,target_focused,raman_full,pcr,"n_components=12,alpha=1.0,max_features=192,y_transform=log1p",10,59.944749,174.72895,14.938513,-305881.43,-17628.577
glucose_gL,target_focused,raman_full,ridge,"alpha=0.1,max_features=384,y_transform=log1p",10,62.747303,184.18582,15.752318,-339400.28,-18475.142
glucose_gL,target_focused,raman_full,pls,"n_components=3,alpha=1.0,max_features=384,y_transform=log1p",10,65.085606,190.95012,16.233346,-364815.74,-19133.33
glucose_gL,target_focused,raman_full,ridge,"alpha=10.0,max_features=48,y_transform=log1p",10,70.336628,207.10665,17.495826,-428850.36,-20729.628
glucose_gL,target_focused,raman_full,pcr,"n_components=12,alpha=1.0,max_features=384,y_transform=log1p",10,72.652404,213.79454,18.056862,-457060.87,-21458.039
glucose_gL,target_focused,fusion_full,ridge,"alpha=0.1,max_features=192,y_transform=log1p",10,86.712493,256.00497,21.609886,-654919.22,-25664.826
glucose_gL,target_focused,fusion_interpretable,pcr,"n_components=12,alpha=1.0,max_features=48,y_transform=log1p",10,102.24527,297.87035,25.22789,-889122.83,-30349.243
glucose_gL,target_focused,fusion_interpretable,pcr,"n_components=12,alpha=1.0,max_features=96,y_transform=log1p",10,102.24527,297.87035,25.22789,-889122.83,-30349.243
glucose_gL,target_focused,raman_full,ridge,"alpha=10.0,max_features=96,y_transform=log1p",10,121.38852,360.81671,29.854606,-1299171.8,-36056.285
glucose_gL,target_focused,raman_full,pls,"n_components=3,alpha=1.0,max_features=24,y_transform=log1p",10,123.71725,367.0751,30.455187,-1345119.1,-36715.891
glucose_gL,target_focused,raman_full,pls,"n_components=5,alpha=1.0,max_features=384,y_transform=log1p",10,128.42877,381.7677,31.587604,-1454407.4,-38153.98
glucose_gL,target_focused,fusion_interpretable,pls,"n_components=12,alpha=1.0,max_features=48,y_transform=log1p",10,130.39064,382.75171,32.131077,-68747.491,-8713.5952
glucose_gL,target_focused,fusion_interpretable,pls,"n_components=12,alpha=1.0,max_features=96,y_transform=log1p",10,130.39064,382.75171,32.131077,-68747.491,-8713.5952
glucose_gL,target_focused,raman_interpretable,pls,"n_components=5,alpha=1.0,max_features=24,y_transform=log1p",10,153.93245,433.25159,37.802876,-1894375.9,-45130.788
glucose_gL,target_focused,raman_interpretable,pls,"n_components=5,alpha=1.0,max_features=48,y_transform=log1p",10,153.93245,433.25159,37.802876,-1894375.9,-45130.788
glucose_gL,target_focused,raman_interpretable,pls,"n_components=5,alpha=1.0,max_features=96,y_transform=log1p",10,153.93245,433.25159,37.802876,-1894375.9,-45130.788
glucose_gL,target_focused,raman_full,pcr,"n_components=12,alpha=1.0,max_features=24,y_transform=log1p",10,182.00692,542.33448,44.578563,-2933677.8,-54192.578
glucose_gL,target_focused,raman_full,pcr,"n_components=8,alpha=1.0,max_features=96,y_transform=log1p",10,224.3764,668.77779,54.865986,-4460836.4,-66845.08
glucose_gL,target_focused,raman_full,ridge,"alpha=10.0,max_features=192,y_transform=log1p",10,245.29032,732.44369,59.927423,-5348631.3,-73151.049
glucose_gL,target_focused,raman_full,pcr,"n_components=8,alpha=1.0,max_features=48,y_transform=log1p",10,292.55091,872.94668,71.392289,-7598545.5,-87210.631
glucose_gL,target_focused,raman_full,pls,"n_components=8,alpha=1.0,max_features=48,y_transform=log1p",10,352.48963,1053.3363,86.053756,-11060191,-105212.9
glucose_gL,target_focused,raman_full,pcr,"n_components=12,alpha=1.0,max_features=48,y_transform=log1p",10,376.13659,1123.9979,91.668962,-12593874,-112255.82
glucose_gL,target_focused,raman_full,pls,"n_components=8,alpha=1.0,max_features=96,y_transform=log1p",10,381.76642,1141.1488,93.222876,-12980409,-113984.05
glucose_gL,target_focused,raman_full,pls,"n_components=3,alpha=1.0,max_features=48,y_transform=log1p",10,386.93904,1155.5612,94.293173,-13312748,-115429.55
glucose_gL,target_focused,raman_full,pls,"n_components=3,alpha=1.0,max_features=96,y_transform=log1p",10,519.82966,1555.8302,126.52024,-24122177,-155333.76
glucose_gL,target_focused,raman_full,pls,"n_components=5,alpha=1.0,max_features=24,y_transform=log1p",10,635.62826,1902.4368,154.62836,-36067118,-189986.47
glucose_gL,target_focused,raman_full,ridge,"alpha=1.0,max_features=24,y_transform=log1p",10,659.96347,1975.8682,160.51059,-38902782,-197279.87
glucose_gL,target_focused,raman_full,pcr,"n_components=12,alpha=1.0,max_features=96,y_transform=log1p",10,767.89345,2300.3203,186.67362,-52721943,-229624.38
glucose_gL,target_focused,raman_full,pls,"n_components=8,alpha=1.0,max_features=24,y_transform=log1p",10,939.1532,2813.4124,228.22915,-78864151,-280875.15
glucose_gL,target_focused,raman_full,ridge,"alpha=1.0,max_features=48,y_transform=log1p",10,1050.7126,3148.0641,255.38233,-98738703,-314259.35
glucose_gL,target_focused,raman_full,pls,"n_components=5,alpha=1.0,max_features=48,y_transform=log1p",10,1877.5506,5628.6854,455.85313,-3.1561894e+08,-561825.97
glucose_gL,target_focused,raman_full,pls,"n_components=5,alpha=1.0,max_features=192,y_transform=log1p",10,2267.216,6797.8751,550.34304,-4.60344e+08,-678523.89
glucose_gL,target_focused,raman_full,ridge,"alpha=1.0,max_features=192,y_transform=log1p",10,3126.5087,9375.256,758.98348,-8.755758e+08,-935792.25
glucose_gL,target_focused,raman_full,ridge,"alpha=1.0,max_features=96,y_transform=log1p",10,3421.3753,10260.403,830.42083,-1.0486927e+09,-1024088.4
glucose_gL,target_focused,raman_full,pls,"n_components=5,alpha=1.0,max_features=96,y_transform=log1p",10,3531.9818,10592.221,857.08884,-1.1176157e+09,-1057208
glucose_gL,target_focused,raman_full,pls,"n_components=12,alpha=1.0,max_features=48,y_transform=log1p",10,3640.0755,10915.686,883.68286,-1.1869328e+09,-1089524.6
glucose_gL,target_focused,raman_full,pls,"n_components=8,alpha=1.0,max_features=192,y_transform=log1p",10,3730.6853,11187.623,905.56197,-1.2468034e+09,-1116675
glucose_gL,target_focused,raman_full,pls,"n_components=12,alpha=1.0,max_features=24,y_transform=log1p",10,4857.278,14564.554,1178.5282,-2.1131275e+09,-1453927.5
glucose_gL,target_focused,raman_full,ridge,"alpha=0.1,max_features=24,y_transform=log1p",10,5347.9744,16038.935,1297.5547,-2.5625125e+09,-1600891.5
glucose_gL,target_focused,raman_full,ridge,"alpha=0.1,max_features=192,y_transform=log1p",10,7211.1054,21626.708,1750.0001,-4.6590275e+09,-2158703.1
glucose_gL,target_focused,raman_full,ridge,"alpha=0.1,max_features=48,y_transform=log1p",10,7295.5346,21880.561,1770.4212,-4.7690164e+09,-2183896.9
glucose_gL,target_focused,raman_full,pls,"n_components=12,alpha=1.0,max_features=96,y_transform=log1p",10,16500.256,49495.767,4003.0092,-2.4402415e+10,-4939968
glucose_gL,target_focused,raman_full,pls,"n_components=12,alpha=1.0,max_features=192,y_transform=log1p",10,17739.759,53213.772,4303.5164,-2.8206226e+10,-5311098.4
glucose_gL,target_focused,raman_full,ridge,"alpha=0.1,max_features=96,y_transform=log1p",10,18864485,56593448,4575314.4,-3.1902171e+16,-5.6482008e+09
rhamnose_gL,all_known,fusion_full,knn,"k=1,weighted=True,max_features=192,y_transform=none",10,0.72189956,0.35026368,0.30564474,0.24079042,16.601433
rhamnose_gL,all_known,fusion_full,knn,"k=1,weighted=True,max_features=192,y_transform=log1p",10,0.72189956,0.35026368,0.30564474,0.24079042,16.601433
rhamnose_gL,all_known,fusion_full,knn,"k=1,weighted=True,max_features=384,y_transform=none",10,0.73006961,0.36936015,0.31639474,0.23601438,16.318242
rhamnose_gL,all_known,fusion_full,knn,"k=1,weighted=True,max_features=384,y_transform=log1p",10,0.73006961,0.36936015,0.31639474,0.23601438,16.318242
rhamnose_gL,target_focused,fusion_full,knn,"k=3,weighted=True,max_features=192,y_transform=none",10,0.73210281,0.26726928,0.48461363,0.051478035,6.6104319
rhamnose_gL,target_focused,fusion_full,knn,"k=3,weighted=True,max_features=192,y_transform=log1p",10,0.74526355,0.25550026,0.46470242,0.070975092,6.2968577
rhamnose_gL,target_focused,fusion_interpretable,pcr,"n_components=5,alpha=1.0,max_features=12,y_transform=log1p",10,0.75488476,0.27402621,0.48082478,0.1074477,7.6958421
rhamnose_gL,target_focused,fusion_interpretable,knn,"k=5,weighted=True,max_features=24,y_transform=log1p",10,0.76803901,0.21141369,0.48416592,-0.059318448,1.3259512
rhamnose_gL,target_focused,fusion_interpretable,pls,"n_components=3,alpha=1.0,max_features=12,y_transform=log1p",10,0.76980779,0.26557476,0.48695558,0.049201483,5.051688
rhamnose_gL,target_focused,fusion_interpretable,knn,"k=5,weighted=True,max_features=48,y_transform=log1p",10,0.76991504,0.22730388,0.49762335,-0.0035426888,2.8193732
rhamnose_gL,target_focused,fusion_interpretable,knn,"k=5,weighted=True,max_features=96,y_transform=log1p",10,0.76991504,0.22730388,0.49762335,-0.0035426888,2.8193732
rhamnose_gL,target_focused,eem_full,ridge,"alpha=10.0,max_features=48,y_transform=log1p",10,0.77108987,0.27287128,0.4561229,0.10278257,6.593918
rhamnose_gL,target_focused,fusion_full,knn,"k=3,weighted=True,max_features=384,y_transform=none",10,0.77358481,0.26764366,0.48222361,-0.026139,2.5878469
rhamnose_gL,target_focused,eem_full,pcr,"n_components=8,alpha=1.0,max_features=12,y_transform=log1p",10,0.77548814,0.27552326,0.47837836,0.06996412,5.5964705
rhamnose_gL,target_focused,fusion_interpretable,pcr,"n_components=5,alpha=1.0,max_features=12,y_transform=none",10,0.77626945,0.22402793,0.56471837,-0.1048061,0.30131237
rhamnose_gL,target_focused,fusion_interpretable,pls,"n_components=12,alpha=1.0,max_features=12,y_transform=log1p",10,0.77846131,0.26201117,0.51543339,-0.02266639,3.0068617
rhamnose_gL,target_focused,fusion_interpretable,pls,"n_components=8,alpha=1.0,max_features=12,y_transform=log1p",10,0.77871932,0.26147676,0.5160105,-0.025078308,2.9259075
rhamnose_gL,target_focused,eem_full,pcr,"n_components=12,alpha=1.0,max_features=192,y_transform=log1p",10,0.77945992,0.27865655,0.46266584,0.076909144,5.5300297
rhamnose_gL,target_focused,eem_full,pcr,"n_components=12,alpha=1.0,max_features=384,y_transform=log1p",10,0.77945992,0.27865655,0.46266584,0.076909144,5.5300297
rhamnose_gL,target_focused,fusion_full,knn,"k=3,weighted=True,max_features=384,y_transform=log1p",10,0.77949408,0.25360617,0.46248652,0.032336031,3.5461295
rhamnose_gL,target_focused,fusion_interpretable,pcr,"n_components=12,alpha=1.0,max_features=12,y_transform=log1p",10,0.77952984,0.26469116,0.50866626,-0.019743041,3.009777
rhamnose_gL,target_focused,fusion_interpretable,ridge,"alpha=1.0,max_features=12,y_transform=log1p",10,0.77952984,0.26469116,0.50866626,-0.019743041,3.009777
rhamnose_gL,target_focused,fusion_interpretable,pls,"n_components=3,alpha=1.0,max_features=24,y_transform=log1p",10,0.77957729,0.25799645,0.48735366,-0.010276397,2.8442869
rhamnose_gL,target_focused,eem_full,pcr,"n_components=12,alpha=1.0,max_features=12,y_transform=log1p",10,0.77961372,0.27369784,0.4814998,0.029967788,4.357785
rhamnose_gL,target_focused,eem_full,ridge,"alpha=1.0,max_features=12,y_transform=log1p",10,0.77961372,0.27369784,0.4814998,0.029967788,4.357785
rhamnose_gL,target_focused,fusion_interpretable,pls,"n_components=5,alpha=1.0,max_features=24,y_transform=log1p",10,0.77999058,0.25622794,0.4842625,-0.036906545,2.3111086
rhamnose_gL,target_focused,eem_full,pcr,"n_components=12,alpha=1.0,max_features=48,y_transform=log1p",10,0.78017914,0.27703397,0.46627709,0.052027629,4.7489148
rhamnose_gL,target_focused,fusion_interpretable,pls,"n_components=3,alpha=1.0,max_features=48,y_transform=log1p",10,0.78019531,0.25727935,0.48594082,-0.025918632,2.5177055
rhamnose_gL,target_focused,fusion_interpretable,pls,"n_components=3,alpha=1.0,max_features=96,y_transform=log1p",10,0.78019531,0.25727935,0.48594082,-0.025918632,2.5177055
rhamnose_gL,target_focused,fusion_interpretable,pcr,"n_components=8,alpha=1.0,max_features=48,y_transform=log1p",10,0.78106677,0.25892515,0.48927056,0.0035193814,3.0211409
rhamnose_gL,target_focused,fusion_interpretable,pcr,"n_components=8,alpha=1.0,max_features=96,y_transform=log1p",10,0.78106677,0.25892515,0.48927056,0.0035193814,3.0211409
rhamnose_gL,target_focused,fusion_interpretable,ridge,"alpha=1.0,max_features=24,y_transform=log1p",10,0.78172458,0.25198417,0.48666384,-0.054964151,1.8465049
rhamnose_gL,target_focused,fusion_interpretable,ridge,"alpha=10.0,max_features=24,y_transform=log1p",10,0.78174732,0.26565986,0.49121591,0.017139703,3.543394
rhamnose_gL,target_focused,fusion_interpretable,ridge,"alpha=0.1,max_features=24,y_transform=log1p",10,0.7821193,0.23336097,0.49114399,-0.10174333,0.51076727
rhamnose_gL,target_focused,fusion_interpretable,ridge,"alpha=10.0,max_features=12,y_transform=log1p",10,0.78275345,0.26363593,0.50025562,0.016206537,3.3418546
rhamnose_gL,target_focused,fusion_interpretable,ridge,"alpha=0.1,max_features=12,y_transform=log1p",10,0.78333976,0.25923052,0.51946599,-0.036009941,2.3408812
rhamnose_gL,target_focused,fusion_interpretable,ridge,"alpha=10.0,max_features=48,y_transform=log1p",10,0.784244,0.26225859,0.49665963,0.021359109,3.4724505
rhamnose_gL,target_focused,fusion_interpretable,ridge,"alpha=10.0,max_features=96,y_transform=log1p",10,0.784244,0.26225859,0.49665963,0.021359109,3.4724505
rhamnose_gL,target_focused,fusion_interpretable,pls,"n_components=3,alpha=1.0,max_features=12,y_transform=none",10,0.784508,0.2150889,0.5742034,-0.18364167,-2.0318327
rhamnose_gL,target_focused,fusion_interpretable,pls,"n_components=8,alpha=1.0,max_features=24,y_transform=log1p",10,0.78570354,0.25639913,0.48624889,-0.13240901,0.28983756
rhamnose_gL,target_focused,fusion_interpretable,knn,"k=5,weighted=True,max_features=48,y_transform=none",10,0.78580742,0.20735068,0.55452592,-0.16285126,-2.1760306
rhamnose_gL,target_focused,fusion_interpretable,knn,"k=5,weighted=True,max_features=96,y_transform=none",10,0.78580742,0.20735068,0.55452592,-0.16285126,-2.1760306
rhamnose_gL,target_focused,eem_full,pls,"n_components=5,alpha=1.0,max_features=12,y_transform=log1p",10,0.78584435,0.27368394,0.48395188,0.028616454,3.8113576
rhamnose_gL,target_focused,eem_full,pls,"n_components=3,alpha=1.0,max_features=48,y_transform=log1p",10,0.78587357,0.27780851,0.47415303,0.022776056,3.7013825
rhamnose_gL,target_focused,eem_full,pls,"n_components=3,alpha=1.0,max_features=12,y_transform=log1p",10,0.78590973,0.27773974,0.48531572,0.05200391,4.439386
rhamnose_gL,target_focused,eem_full,pls,"n_components=2,alpha=1.0,max_features=96,y_transform=log1p",10,0.78705886,0.26976327,0.47979542,0.0010949941,2.9054138
rhamnose_gL,target_focused,fusion_interpretable,pls,"n_components=5,alpha=1.0,max_features=12,y_transform=log1p",10,0.78822159,0.27078505,0.50972162,-0.15301054,0.028356079
rhamnose_gL,target_focused,eem_full,pls,"n_components=8,alpha=1.0,max_features=12,y_transform=log1p",10,0.78831353,0.27337441,0.48855667,-0.04895495,2.0940803
rhamnose_gL,target_focused,eem_full,ridge,"alpha=10.0,max_features=12,y_transform=log1p",10,0.78897324,0.2796514,0.49465979,0.064160867,4.5642317
rhamnose_gL,target_focused,fusion_interpretable,ridge,"alpha=10.0,max_features=12,y_transform=none",10,0.78941309,0.21834029,0.56649948,-0.17915306,-2.193012
rhamnose_gL,target_focused,eem_full,pls,"n_components=3,alpha=1.0,max_features=96,y_transform=log1p",10,0.78954525,0.26099961,0.46706338,-0.01272186,2.3241682
rhamnose_gL,target_focused,eem_full,pcr,"n_components=12,alpha=1.0,max_features=192,y_transform=none",10,0.78985024,0.22917832,0.51708352,-0.11553026,-0.53481435
rhamnose_gL,target_focused,eem_full,pcr,"n_components=12,alpha=1.0,max_features=384,y_transform=none",10,0.78985024,0.22917832,0.51708352,-0.11553026,-0.53481435
rhamnose_gL,target_focused,fusion_interpretable,pcr,"n_components=8,alpha=1.0,max_features=12,y_transform=log1p",10,0.78999895,0.2674633,0.5119768,-0.051310588,1.5930491
rhamnose_gL,target_focused,fusion_interpretable,pcr,"n_components=12,alpha=1.0,max_features=24,y_transform=log1p",10,0.79047683,0.26124737,0.48869796,-0.0730073,1.0191504
rhamnose_gL,target_focused,eem_full,pcr,"n_components=8,alpha=1.0,max_features=24,y_transform=log1p",10,0.79055522,0.28583722,0.47953313,0.060414695,4.4889586
rhamnose_gL,target_focused,eem_full,pcr,"n_components=12,alpha=1.0,max_features=96,y_transform=log1p",10,0.79089946,0.27288435,0.47808482,0.026290133,3.5208251
rhamnose_gL,target_focused,fusion_interpretable,ridge,"alpha=10.0,max_features=24,y_transform=none",10,0.79154964,0.21652684,0.55971476,-0.17835628,-2.2468077
rhamnose_gL,target_focused,eem_full,pls,"n_components=2,alpha=1.0,max_features=192,y_transform=log1p",10,0.79165344,0.27070901,0.48565522,-0.026236315,1.994156
rhamnose_gL,target_focused,eem_full,pls,"n_components=2,alpha=1.0,max_features=384,y_transform=log1p",10,0.79165344,0.27070901,0.48565522,-0.026236315,1.994156
rhamnose_gL,target_focused,eem_full,pls,"n_components=12,alpha=1.0,max_features=12,y_transform=log1p",10,0.79177068,0.2711317,0.49222088,-0.069438306,1.3736862
rhamnose_gL,target_focused,fusion_interpretable,pcr,"n_components=8,alpha=1.0,max_features=24,y_transform=log1p",10,0.7918781,0.260974,0.49914358,-0.011496032,1.9455443
rhamnose_gL,target_focused,fusion_interpretable,knn,"k=5,weighted=True,max_features=24,y_transform=none",10,0.79212366,0.18223177,0.54707494,-0.25963696,-5.0732301
rhamnose_gL,target_focused,eem_full,ridge,"alpha=0.1,max_features=12,y_transform=log1p",10,0.79310575,0.27153496,0.49202278,-0.075523287,1.1416804
rhamnose_gL,target_focused,eem_full,pls,"n_components=3,alpha=1.0,max_features=192,y_transform=log1p",10,0.79328675,0.27073827,0.47742054,-0.043317502,1.6634084
rhamnose_gL,target_focused,eem_full,pls,"n_components=3,alpha=1.0,max_features=384,y_transform=log1p",10,0.79328675,0.27073827,0.47742054,-0.043317502,1.6634084
rhamnose_gL,target_focused,eem_full,pcr,"n_components=5,alpha=1.0,max_features=12,y_transform=log1p",10,0.79335688,0.27925936,0.49778963,0.039857926,3.5112274
rhamnose_gL,target_focused,eem_full,ridge,"alpha=10.0,max_features=24,y_transform=log1p",10,0.79441572,0.2839469,0.47848069,0.064807175,4.2800432
rhamnose_gL,target_focused,eem_full,pls,"n_components=5,alpha=1.0,max_features=192,y_transform=log1p",10,0.79502472,0.29465548,0.46965542,0.037273521,4.1896684
rhamnose_gL,target_focused,eem_full,pls,"n_components=5,alpha=1.0,max_features=384,y_transform=log1p",10,0.79502472,0.29465548,0.46965542,0.037273521,4.1896684
rhamnose_gL,target_focused,eem_full,pls,"n_components=5,alpha=1.0,max_features=96,y_transform=log1p",10,0.79557548,0.26815613,0.47636279,0.018036375,2.7665839
rhamnose_gL,target_focused,eem_full,knn,"k=5,weighted=True,max_features=192,y_transform=log1p",10,0.7955871,0.19079341,0.51108057,-0.20140107,-3.0985587
rhamnose_gL,target_focused,eem_full,knn,"k=5,weighted=True,max_features=384,y_transform=log1p",10,0.7955871,0.19079341,0.51108057,-0.20140107,-3.0985587
rhamnose_gL,target_focused,fusion_interpretable,knn,"k=9,weighted=True,max_features=12,y_transform=log1p",10,0.79569847,0.24642008,0.50159435,-0.020595095,1.1522794
rhamnose_gL,target_focused,fusion_interpretable,pls,"n_components=2,alpha=1.0,max_features=12,y_transform=log1p",10,0.79613367,0.2438312,0.50790078,-0.03476554,0.64857135
rhamnose_gL,target_focused,fusion_interpretable,knn,"k=9,weighted=True,max_features=48,y_transform=log1p",10,0.79724544,0.23641013,0.50572903,-0.033932949,0.43091793
rhamnose_gL,target_focused,fusion_interpretable,knn,"k=9,weighted=True,max_features=96,y_transform=log1p",10,0.79724544,0.23641013,0.50572903,-0.033932949,0.43091793
rhamnose_gL,target_focused,fusion_interpretable,pls,"n_components=12,alpha=1.0,max_features=24,y_transform=log1p",10,0.79733527,0.22851334,0.49797792,-0.14926363,-1.6776105
rhamnose_gL,target_focused,fusion_interpretable,ridge,"alpha=10.0,max_features=48,y_transform=none",10,0.79738255,0.20904806,0.56886117,-0.19230382,-3.2318985
rhamnose_gL,target_focused,fusion_interpretable,ridge,"alpha=10.0,max_features=96,y_transform=none",10,0.79738255,0.20904806,0.56886117,-0.19230382,-3.2318985
rhamnose_gL,target_focused,fusion_interpretable,knn,"k=9,weighted=True,max_features=48,y_transform=none",10,0.79811642,0.18925681,0.56078664,-0.23156737,-4.5940633
rhamnose_gL,target_focused,fusion_interpretable,knn,"k=9,weighted=True,max_features=96,y_transform=none",10,0.79811642,0.18925681,0.56078664,-0.23156737,-4.5940633
rhamnose_gL,target_focused,fusion_interpretable,knn,"k=9,weighted=True,max_features=12,y_transform=none",10,0.79837647,0.20384373,0.55272647,-0.1976769,-3.4874195
rhamnose_gL,target_focused,fusion_interpretable,knn,"k=9,weighted=True,max_features=24,y_transform=none",10,0.79852093,0.20494848,0.55387734,-0.21976549,-3.81273
rhamnose_gL,target_focused,eem_full,pcr,"n_components=5,alpha=1.0,max_features=12,y_transform=none",10,0.79949504,0.24798789,0.54835519,-0.14281118,-1.5557875
rhamnose_gL,target_focused,fusion_interpretable,pls,"n_components=5,alpha=1.0,max_features=48,y_transform=log1p",10,0.80014435,0.24753639,0.5044779,-0.032750626,0.76397273
rhamnose_gL,target_focused,fusion_interpretable,pls,"n_components=5,alpha=1.0,max_features=96,y_transform=log1p",10,0.80014435,0.24753639,0.5044779,-0.032750626,0.76397273
rhamnose_gL,target_focused,eem_full,pls,"n_components=2,alpha=1.0,max_features=48,y_transform=log1p",10,0.80057344,0.28848612,0.50388094,0.012321822,2.7020344
rhamnose_gL,target_focused,eem_full,pls,"n_components=3,alpha=1.0,max_features=24,y_transform=log1p",10,0.80082462,0.27313108,0.48332589,0.00059531191,2.0458714
rhamnose_gL,target_focused,fusion_interpretable,knn,"k=9,weighted=True,max_features=24,y_transform=log1p",10,0.80089041,0.24198902,0.50321753,-0.060789395,-0.1932487
rhamnose_gL,target_focused,eem_full,ridge,"alpha=10.0,max_features=48,y_transform=none",10,0.80329969,0.23512627,0.54014137,-0.16419822,-2.4505119
rhamnose_gL,target_focused,eem_full,pls,"n_components=3,alpha=1.0,max_features=12,y_transform=none",10,0.80344135,0.24656303,0.55176197,-0.16634546,-2.118749
rhamnose_gL,target_focused,eem_full,ridge,"alpha=10.0,max_features=12,y_transform=none",10,0.80380453,0.250051,0.54597764,-0.15906872,-1.9523574
rhamnose_gL,target_focused,eem_full,knn,"k=9,weighted=True,max_features=192,y_transform=log1p",10,0.80400154,0.23800317,0.50671051,-0.050324393,-0.0047400658
rhamnose_gL,target_focused,eem_full,knn,"k=9,weighted=True,max_features=384,y_transform=log1p",10,0.80400154,0.23800317,0.50671051,-0.050324393,-0.0047400658
rhamnose_gL,target_focused,eem_full,pls,"n_components=2,alpha=1.0,max_features=12,y_transform=log1p",10,0.80401062,0.28000637,0.51642644,0.019910507,2.3945343
rhamnose_gL,target_focused,eem_full,pcr,"n_components=8,alpha=1.0,max_features=96,y_transform=log1p",10,0.80412259,0.27260727,0.48440651,-0.042394601,0.83710523
rhamnose_gL,target_focused,eem_full,ridge,"alpha=10.0,max_features=24,y_transform=none",10,0.80420213,0.25603597,0.5316261,-0.12911684,-1.3139039
rhamnose_gL,target_focused,fusion_interpretable,pls,"n_components=2,alpha=1.0,max_features=48,y_transform=log1p",10,0.8053956,0.25215594,0.50994681,-0.095828344,-1.1632343
rhamnose_gL,target_focused,fusion_interpretable,pls,"n_components=2,alpha=1.0,max_features=96,y_transform=log1p",10,0.8053956,0.25215594,0.50994681,-0.095828344,-1.1632343
rhamnose_gL,target_focused,eem_full,pls,"n_components=2,alpha=1.0,max_features=192,y_transform=none",10,0.80569788,0.24063438,0.53033078,-0.23469128,-3.8529499
rhamnose_gL,target_focused,eem_full,pls,"n_components=2,alpha=1.0,max_features=384,y_transform=none",10,0.80569788,0.24063438,0.53033078,-0.23469128,-3.8529499
rhamnose_gL,target_focused,eem_full,pcr,"n_components=5,alpha=1.0,max_features=192,y_transform=log1p",10,0.80581408,0.26823073,0.49851285,-0.03419283,0.71073512
rhamnose_gL,target_focused,eem_full,pcr,"n_components=5,alpha=1.0,max_features=384,y_transform=log1p",10,0.80581408,0.26823073,0.49851285,-0.03419283,0.71073512
rhamnose_gL,target_focused,eem_full,ridge,"alpha=10.0,max_features=96,y_transform=log1p",10,0.80582609,0.25719539,0.48415759,-0.046540245,0.13967707
rhamnose_gL,target_focused,fusion_interpretable,ridge,"alpha=1.0,max_features=12,y_transform=none",10,0.80599318,0.21781966,0.60091188,-0.22769373,-4.2080103
rhamnose_gL,target_focused,fusion_interpretable,pcr,"n_components=12,alpha=1.0,max_features=12,y_transform=none",10,0.80599318,0.21781966,0.60091188,-0.22769373,-4.2080103
rhamnose_gL,target_focused,eem_full,pcr,"n_components=8,alpha=1.0,max_features=48,y_transform=log1p",10,0.80645069,0.27031526,0.4775817,0.014256231,1.9866173
rhamnose_gL,target_focused,fusion_interpretable,pls,"n_components=5,alpha=1.0,max_features=24,y_transform=none",10,0.80720416,0.20600087,0.57364205,-0.26184843,-5.208147
rhamnose_gL,target_focused,eem_full,pcr,"n_components=8,alpha=1.0,max_features=12,y_transform=none",10,0.8072441,0.25051361,0.54998544,-0.18053419,-2.6632501
rhamnose_gL,target_focused,eem_full,pls,"n_components=3,alpha=1.0,max_features=48,y_transform=none",10,0.80744572,0.24895804,0.54528497,-0.26559137,-4.3274744
rhamnose_gL,target_focused,fusion_interpretable,pls,"n_components=2,alpha=1.0,max_features=24,y_transform=log1p",10,0.80781915,0.25547251,0.50928071,-0.096369651,-1.3048188
rhamnose_gL,target_focused,eem_full,pcr,"n_components=8,alpha=1.0,max_features=192,y_transform=log1p",10,0.80895845,0.28475778,0.49116566,-0.032885332,0.88006235
rhamnose_gL,target_focused,eem_full,pcr,"n_components=8,alpha=1.0,max_features=384,y_transform=log1p",10,0.80895845,0.28475778,0.49116566,-0.032885332,0.88006235
rhamnose_gL,target_focused,eem_full,pls,"n_components=2,alpha=1.0,max_features=24,y_transform=log1p",10,0.80899592,0.28208186,0.51614224,0.016502026,2.0236307
rhamnose_gL,target_focused,fusion_interpretable,pcr,"n_components=5,alpha=1.0,max_features=24,y_transform=log1p",10,0.80918583,0.25502331,0.50952202,-0.10319704,-1.5687612
rhamnose_gL,target_focused,eem_full,pcr,"n_components=8,alpha=1.0,max_features=24,y_transform=none",10,0.80972592,0.25336049,0.55300407,-0.16681897,-2.5052793
rhamnose_gL,all_known,fusion_full,knn,"k=3,weighted=True,max_features=384,y_transform=none",10,0.81019745,0.27499524,0.37890711,0.04940594,4.3707625
rhamnose_gL,target_focused,fusion_interpretable,pls,"n_components=3,alpha=1.0,max_features=48,y_transform=none",10,0.81069747,0.19533739,0.57706061,-0.39273141,-8.213473
rhamnose_gL,target_focused,fusion_interpretable,pls,"n_components=3,alpha=1.0,max_features=96,y_transform=none",10,0.81069747,0.19533739,0.57706061,-0.39273141,-8.213473
rhamnose_gL,target_focused,eem_full,pcr,"n_components=12,alpha=1.0,max_features=24,y_transform=log1p",10,0.8114566,0.27079513,0.47982052,-0.026583821,0.54207052
rhamnose_gL,target_focused,eem_full,knn,"k=3,weighted=True,max_features=192,y_transform=log1p",10,0.81185306,0.18035059,0.51237127,-0.35034366,-7.2245306
rhamnose_gL,target_focused,eem_full,knn,"k=3,weighted=True,max_features=384,y_transform=log1p",10,0.81185306,0.18035059,0.51237127,-0.35034366,-7.2245306
rhamnose_gL,target_focused,fusion_interpretable,pls,"n_components=3,alpha=1.0,max_features=24,y_transform=none",10,0.81278355,0.19523703,0.58818076,-0.32940805,-7.2675469
rhamnose_gL,target_focused,fusion_full,knn,"k=5,weighted=True,max_features=96,y_transform=none",10,0.81280673,0.23327721,0.52776986,-0.088018103,-2.2525859
rhamnose_gL,target_focused,eem_full,pcr,"n_components=5,alpha=1.0,max_features=96,y_transform=log1p",10,0.81281385,0.2631262,0.50150081,-0.058124913,-0.40848564
rhamnose_gL,target_focused,eem_full,knn,"k=9,weighted=True,max_features=48,y_transform=log1p",10,0.81353646,0.24191188,0.53385056,-0.092967097,-1.5194767
rhamnose_gL,target_focused,fusion_interpretable,ridge,"alpha=1.0,max_features=24,y_transform=none",10,0.81365929,0.20029931,0.59063335,-0.29730033,-6.3969977
rhamnose_gL,target_focused,eem_full,pcr,"n_components=12,alpha=1.0,max_features=96,y_transform=none",10,0.8141407,0.22839547,0.54567342,-0.20222477,-4.1013563
rhamnose_gL,target_focused,eem_full,knn,"k=5,weighted=True,max_features=96,y_transform=log1p",10,0.81414468,0.1991748,0.53170799,-0.23163794,-4.9060352
rhamnose_gL,target_focused,fusion_interpretable,pcr,"n_components=8,alpha=1.0,max_features=12,y_transform=none",10,0.81439574,0.21623945,0.59999,-0.27009446,-5.7299443
rhamnose_gL,target_focused,eem_full,pcr,"n_components=12,alpha=1.0,max_features=48,y_transform=none",10,0.81457075,0.24012005,0.56215354,-0.26506779,-5.2162446
rhamnose_gL,target_focused,eem_full,pls,"n_components=5,alpha=1.0,max_features=24,y_transform=log1p",10,0.81497678,0.28282304,0.48532706,-0.028979924,0.46434489
rhamnose_gL,target_focused,fusion_interpretable,pcr,"n_components=3,alpha=1.0,max_features=24,y_transform=log1p",10,0.81512495,0.25491803,0.5105504,-0.091634861,-1.7652304
rhamnose_gL,target_focused,fusion_interpretable,knn,"k=3,weighted=True,max_features=24,y_transform=log1p",10,0.81554021,0.25542565,0.50789573,-0.2572752,-4.9035613
rhamnose_gL,target_focused,fusion_interpretable,pls,"n_components=2,alpha=1.0,max_features=12,y_transform=none",10,0.81577068,0.18540774,0.57820072,-0.33564706,-7.9052728
rhamnose_gL,target_focused,eem_full,pls,"n_components=2,alpha=1.0,max_features=96,y_transform=none",10,0.81656396,0.2294153,0.54017773,-0.28224989,-5.7074909
rhamnose_gL,target_focused,eem_full,pls,"n_components=3,alpha=1.0,max_features=24,y_transform=none",10,0.81701737,0.24739429,0.55086566,-0.24297378,-4.5934552
rhamnose_gL,target_focused,fusion_interpretable,knn,"k=5,weighted=True,max_features=12,y_transform=log1p",10,0.81716183,0.2393982,0.51809475,-0.17507835,-4.0213536
rhamnose_gL,target_focused,eem_full,ridge,"alpha=1.0,max_features=24,y_transform=log1p",10,0.81722461,0.27670033,0.48907135,-0.038167376,-0.05458061
rhamnose_gL,target_focused,eem_full,knn,"k=9,weighted=True,max_features=192,y_transform=none",10,0.81804944,0.19704609,0.55162417,-0.2693273,-5.9495876
rhamnose_gL,target_focused,eem_full,knn,"k=9,weighted=True,max_features=384,y_transform=none",10,0.81804944,0.19704609,0.55162417,-0.2693273,-5.9495876
rhamnose_gL,target_focused,fusion_interpretable,pcr,"n_components=12,alpha=1.0,max_features=24,y_transform=none",10,0.81825313,0.2109628,0.58396432,-0.31713966,-6.8322613
rhamnose_gL,target_focused,eem_full,pcr,"n_components=5,alpha=1.0,max_features=192,y_transform=none",10,0.8184692,0.23672691,0.54401478,-0.27857037,-5.6615733
rhamnose_gL,target_focused,eem_full,pcr,"n_components=5,alpha=1.0,max_features=384,y_transform=none",10,0.8184692,0.23672691,0.54401478,-0.27857037,-5.6615733
rhamnose_gL,target_focused,eem_full,pls,"n_components=3,alpha=1.0,max_features=96,y_transform=none",10,0.81862076,0.23092549,0.56436717,-0.33863539,-6.9358559
rhamnose_gL,all_known,fusion_full,knn,"k=3,weighted=True,max_features=192,y_transform=none",10,0.81908733,0.27413326,0.38633804,0.029895513,3.3934078
rhamnose_gL,target_focused,eem_full,knn,"k=9,weighted=True,max_features=96,y_transform=log1p",10,0.81910935,0.23272524,0.52596701,-0.11483559,-2.4964774
rhamnose_gL,target_focused,fusion_interpretable,pcr,"n_components=3,alpha=1.0,max_features=24,y_transform=none",10,0.81958705,0.21097749,0.55458321,-0.32867669,-7.6701904
rhamnose_gL,target_focused,fusion_full,knn,"k=5,weighted=True,max_features=192,y_transform=log1p",10,0.81985931,0.24416003,0.50569819,-0.062404849,-1.7551831
rhamnose_gL,target_focused,fusion_interpretable,pcr,"n_components=8,alpha=1.0,max_features=48,y_transform=none",10,0.82040715,0.1803104,0.57990416,-0.38745913,-9.3676168
rhamnose_gL,target_focused,fusion_interpretable,pcr,"n_components=8,alpha=1.0,max_features=96,y_transform=none",10,0.82040715,0.1803104,0.57990416,-0.38745913,-9.3676168
rhamnose_gL,target_focused,eem_full,pcr,"n_components=8,alpha=1.0,max_features=48,y_transform=none",10,0.8207482,0.20775097,0.54663553,-0.19825595,-5.0590389
rhamnose_gL,all_known,fusion_full,knn,"k=3,weighted=True,max_features=192,y_transform=log1p",10,0.8208108,0.29491429,0.37068448,0.11314626,6.1631353
rhamnose_gL,target_focused,eem_full,pcr,"n_components=12,alpha=1.0,max_features=12,y_transform=none",10,0.82099914,0.25160901,0.55613884,-0.34174741,-6.4045567
rhamnose_gL,target_focused,eem_full,ridge,"alpha=1.0,max_features=12,y_transform=none",10,0.82099914,0.25160901,0.55613884,-0.34174741,-6.4045567
rhamnose_gL,target_focused,fusion_interpretable,pcr,"n_components=3,alpha=1.0,max_features=12,y_transform=log1p",10,0.82181487,0.24119946,0.52333447,-0.091440226,-2.5303631
rhamnose_gL,target_focused,eem_full,pcr,"n_components=3,alpha=1.0,max_features=12,y_transform=log1p",10,0.82190331,0.27866207,0.52879355,-0.03176691,-0.15709249
rhamnose_gL,target_focused,fusion_full,knn,"k=5,weighted=True,max_features=384,y_transform=log1p",10,0.82200157,0.2468183,0.50659528,-0.058456648,-1.6322294
rhamnose_gL,target_focused,eem_full,pcr,"n_components=8,alpha=1.0,max_features=96,y_transform=none",10,0.8220786,0.23832238,0.54083509,-0.36319794,-7.2013068
rhamnose_gL,target_focused,fusion_interpretable,pcr,"n_components=5,alpha=1.0,max_features=24,y_transform=none",10,0.82233045,0.20896556,0.57221485,-0.39681686,-8.9903876
rhamnose_gL,target_focused,eem_full,pcr,"n_components=2,alpha=1.0,max_features=12,y_transform=log1p",10,0.82235603,0.27944126,0.53120387,-0.026488043,-0.036965264
rhamnose_gL,target_focused,fusion_full,knn,"k=5,weighted=True,max_features=96,y_transform=log1p",10,0.82241006,0.25823259,0.50822407,-0.033270327,-0.79806239
rhamnose_gL,target_focused,fusion_interpretable,pls,"n_components=5,alpha=1.0,max_features=48,y_transform=none",10,0.82253727,0.18183105,0.60051467,-0.31115547,-8.0940777
rhamnose_gL,target_focused,fusion_interpretable,pls,"n_components=5,alpha=1.0,max_features=96,y_transform=none",10,0.82253727,0.18183105,0.60051467,-0.31115547,-8.0940777
rhamnose_gL,target_focused,fusion_interpretable,pls,"n_components=2,alpha=1.0,max_features=48,y_transform=none",10,0.82254081,0.19752763,0.57591837,-0.39423986,-9.2465897
rhamnose_gL,target_focused,fusion_interpretable,pls,"n_components=2,alpha=1.0,max_features=96,y_transform=none",10,0.82254081,0.19752763,0.57591837,-0.39423986,-9.2465897
rhamnose_gL,target_focused,fusion_full,knn,"k=1,weighted=True,max_features=384,y_transform=log1p",10,0.82299274,0.28152061,0.46640909,-0.21227887,-5.3175108
rhamnose_gL,target_focused,fusion_full,knn,"k=1,weighted=True,max_features=384,y_transform=none",10,0.82299274,0.28152061,0.46640909,-0.21227887,-5.3175108
rhamnose_gL,target_focused,eem_full,pls,"n_components=2,alpha=1.0,max_features=48,y_transform=none",10,0.82319903,0.25476431,0.56185089,-0.26328074,-5.2862609
rhamnose_gL,target_focused,eem_full,knn,"k=5,weighted=True,max_features=12,y_transform=log1p",10,0.82340928,0.24663304,0.52885073,-0.24411039,-4.6279516
rhamnose_gL,target_focused,fusion_interpretable,pls,"n_components=5,alpha=1.0,max_features=12,y_transform=none",10,0.82341857,0.22490556,0.60882417,-0.40812096,-8.3896866
rhamnose_gL,target_focused,eem_full,pcr,"n_components=5,alpha=1.0,max_features=96,y_transform=none",10,0.8237326,0.23225607,0.54608311,-0.30897803,-6.6768025
rhamnose_gL,target_focused,fusion_interpretable,pls,"n_components=2,alpha=1.0,max_features=24,y_transform=none",10,0.82389416,0.20165223,0.57392706,-0.39371218,-9.2674248
rhamnose_gL,target_focused,fusion_full,knn,"k=5,weighted=True,max_features=192,y_transform=none",10,0.82497084,0.22308099,0.53718473,-0.15713253,-4.8834487
rhamnose_gL,target_focused,eem_full,pcr,"n_components=8,alpha=1.0,max_features=192,y_transform=none",10,0.8250148,0.25185841,0.54375953,-0.31821445,-6.5501963
rhamnose_gL,target_focused,eem_full,pcr,"n_components=8,alpha=1.0,max_features=384,y_transform=none",10,0.8250148,0.25185841,0.54375953,-0.31821445,-6.5501963
rhamnose_gL,target_focused,eem_full,pcr,"n_components=5,alpha=1.0,max_features=48,y_transform=log1p",10,0.82515298,0.27179144,0.504923,-0.080177101,-1.657641
rhamnose_gL,target_focused,eem_full,knn,"k=5,weighted=True,max_features=48,y_transform=log1p",10,0.82517225,0.22680724,0.53458918,-0.31646006,-6.4041711
rhamnose_gL,target_focused,fusion_interpretable,pcr,"n_components=2,alpha=1.0,max_features=12,y_transform=log1p",10,0.82533531,0.23810484,0.52895683,-0.09876746,-2.9744411
rhamnose_gL,target_focused,eem_full,pcr,"n_components=5,alpha=1.0,max_features=24,y_transform=log1p",10,0.82542235,0.26926807,0.51231835,-0.040387384,-0.67285694
rhamnose_gL,target_focused,fusion_interpretable,pls,"n_components=8,alpha=1.0,max_features=12,y_transform=none",10,0.82572899,0.21238299,0.626422,-0.27085314,-6.5984512
rhamnose_gL,target_focused,fusion_interpretable,pls,"n_components=8,alpha=1.0,max_features=24,y_transform=none",10,0.82590933,0.20815834,0.59746112,-0.39145219,-8.7307376
rhamnose_gL,target_focused,fusion_interpretable,pls,"n_components=12,alpha=1.0,max_features=12,y_transform=none",10,0.82626122,0.21333323,0.62655038,-0.27199605,-6.6358254
rhamnose_gL,target_focused,fusion_interpretable,pcr,"n_components=3,alpha=1.0,max_features=48,y_transform=log1p",10,0.82652013,0.2518594,0.51528461,-0.12602466,-3.4007165
rhamnose_gL,target_focused,fusion_interpretable,pcr,"n_components=3,alpha=1.0,max_features=96,y_transform=log1p",10,0.82652013,0.2518594,0.51528461,-0.12602466,-3.4007165
rhamnose_gL,target_focused,fusion_interpretable,pcr,"n_components=8,alpha=1.0,max_features=24,y_transform=none",10,0.82759454,0.20512887,0.58865994,-0.25220054,-6.8434582
rhamnose_gL,target_focused,fusion_interpretable,pcr,"n_components=12,alpha=1.0,max_features=48,y_transform=log1p",10,0.82827095,0.2457596,0.52138451,-0.07442413,-2.1856083
rhamnose_gL,target_focused,fusion_interpretable,pcr,"n_components=12,alpha=1.0,max_features=96,y_transform=log1p",10,0.82827095,0.2457596,0.52138451,-0.07442413,-2.1856083
rhamnose_gL,target_focused,eem_full,knn,"k=9,weighted=True,max_features=12,y_transform=log1p",10,0.82874557,0.25011062,0.53099156,-0.12303525,-3.0355479
rhamnose_gL,target_focused,eem_full,pcr,"n_components=2,alpha=1.0,max_features=24,y_transform=log1p",10,0.82876571,0.27932638,0.53508917,-0.026368035,-0.44949173
rhamnose_gL,target_focused,eem_full,pls,"n_components=2,alpha=1.0,max_features=12,y_transform=none",10,0.82889777,0.24077569,0.58084502,-0.25110675,-5.9383135
rhamnose_gL,target_focused,fusion_interpretable,pcr,"n_components=3,alpha=1.0,max_features=48,y_transform=none",10,0.82912721,0.21121465,0.55271966,-0.36869328,-9.0849538
rhamnose_gL,target_focused,fusion_interpretable,pcr,"n_components=3,alpha=1.0,max_features=96,y_transform=none",10,0.82912721,0.21121465,0.55271966,-0.36869328,-9.0849538
rhamnose_gL,target_focused,eem_interpretable,pcr,"n_components=2,alpha=1.0,max_features=12,y_transform=log1p",10,0.82929012,0.28539487,0.53100229,-0.0051924329,0.31782386
rhamnose_gL,target_focused,eem_interpretable,pcr,"n_components=2,alpha=1.0,max_features=24,y_transform=log1p",10,0.82929012,0.28539487,0.53100229,-0.0051924329,0.31782386
rhamnose_gL,target_focused,eem_interpretable,pcr,"n_components=2,alpha=1.0,max_features=48,y_transform=log1p",10,0.82929012,0.28539487,0.53100229,-0.0051924329,0.31782386
rhamnose_gL,target_focused,eem_interpretable,pcr,"n_components=2,alpha=1.0,max_features=96,y_transform=log1p",10,0.82929012,0.28539487,0.53100229,-0.0051924329,0.31782386
rhamnose_gL,all_known,fusion_full,knn,"k=5,weighted=True,max_features=192,y_transform=none",10,0.82952374,0.26467069,0.40897066,0.053139852,3.265087
rhamnose_gL,target_focused,eem_full,pcr,"n_components=3,alpha=1.0,max_features=96,y_transform=log1p",10,0.83074007,0.25634087,0.51450071,-0.074076706,-2.1898438
rhamnose_gL,target_focused,fusion_interpretable,pcr,"n_components=5,alpha=1.0,max_features=48,y_transform=log1p",10,0.83077763,0.24648182,0.52784927,-0.14696679,-4.2484069
rhamnose_gL,target_focused,fusion_interpretable,pcr,"n_components=5,alpha=1.0,max_features=96,y_transform=log1p",10,0.83077763,0.24648182,0.52784927,-0.14696679,-4.2484069
rhamnose_gL,target_focused,eem_full,pls,"n_components=2,alpha=1.0,max_features=24,y_transform=none",10,0.8308252,0.24691361,0.57578007,-0.24271548,-5.7830941
rhamnose_gL,all_known,fusion_full,knn,"k=3,weighted=True,max_features=384,y_transform=log1p",10,0.8313577,0.29482818,0.36698984,0.085923932,4.655008
rhamnose_gL,target_focused,eem_full,pcr,"n_components=3,alpha=1.0,max_features=192,y_transform=log1p",10,0.83146175,0.26471239,0.51858384,-0.042951006,-1.3820746
rhamnose_gL,target_focused,eem_full,pcr,"n_components=3,alpha=1.0,max_features=384,y_transform=log1p",10,0.83146175,0.26471239,0.51858384,-0.042951006,-1.3820746
rhamnose_gL,target_focused,fusion_interpretable,pcr,"n_components=12,alpha=1.0,max_features=48,y_transform=none",10,0.83240989,0.19549902,0.60302939,-0.25781731,-7.627549
rhamnose_gL,target_focused,fusion_interpretable,pcr,"n_components=12,alpha=1.0,max_features=96,y_transform=none",10,0.83240989,0.19549902,0.60302939,-0.25781731,-7.627549
rhamnose_gL,target_focused,fusion_full,knn,"k=5,weighted=True,max_features=384,y_transform=none",10,0.83249597,0.2229132,0.54088407,-0.19766254,-6.1357525
rhamnose_gL,target_focused,eem_full,pcr,"n_components=12,alpha=1.0,max_features=24,y_transform=none",10,0.83258753,0.24982886,0.5592904,-0.29869453,-6.8025745
rhamnose_gL,target_focused,fusion_full,knn,"k=9,weighted=True,max_features=96,y_transform=none",10,0.83305343,0.21128219,0.54617494,-0.15125909,-5.2777118
rhamnose_gL,target_focused,eem_full,pcr,"n_components=3,alpha=1.0,max_features=24,y_transform=log1p",10,0.83446209,0.27663072,0.5371669,-0.065419697,-1.8564914
rhamnose_gL,all_known,fusion_full,knn,"k=5,weighted=True,max_features=96,y_transform=none",10,0.83565533,0.28103326,0.41738176,0.041643087,2.8194389
rhamnose_gL,all_known,fusion_full,knn,"k=5,weighted=True,max_features=96,y_transform=log1p",10,0.8365744,0.31048921,0.38727356,0.08853923,4.7953208
rhamnose_gL,target_focused,eem_full,pls,"n_components=5,alpha=1.0,max_features=48,y_transform=log1p",10,0.83658301,0.31172265,0.48679967,-0.18740034,-3.7319965
rhamnose_gL,all_known,fusion_full,knn,"k=5,weighted=True,max_features=192,y_transform=log1p",10,0.83673168,0.29498464,0.38331379,0.084319831,4.418535
rhamnose_gL,target_focused,eem_full,pls,"n_components=8,alpha=1.0,max_features=24,y_transform=log1p",10,0.83699727,0.27536764,0.50817506,-0.1398747,-3.7959722
rhamnose_gL,target_focused,eem_full,pls,"n_components=5,alpha=1.0,max_features=12,y_transform=none",10,0.83765747,0.25845016,0.57271622,-0.36723063,-8.1025436
rhamnose_gL,target_focused,fusion_interpretable,pcr,"n_components=3,alpha=1.0,max_features=12,y_transform=none",10,0.83852197,0.17868161,0.58132175,-0.40667135,-11.116026
rhamnose_gL,target_focused,fusion_full,knn,"k=9,weighted=True,max_features=96,y_transform=log1p",10,0.83852325,0.25488307,0.51479895,-0.06502992,-2.6178083
rhamnose_gL,target_focused,fusion_interpretable,pcr,"n_components=2,alpha=1.0,max_features=12,y_transform=none",10,0.83894476,0.18000491,0.57651948,-0.40398472,-11.056345
rhamnose_gL,target_focused,eem_interpretable,pcr,"n_components=3,alpha=1.0,max_features=12,y_transform=log1p",10,0.83917133,0.2781497,0.5391091,-0.038344915,-1.3395694
rhamnose_gL,target_focused,eem_interpretable,pcr,"n_components=3,alpha=1.0,max_features=24,y_transform=log1p",10,0.83917133,0.2781497,0.5391091,-0.038344915,-1.3395694
rhamnose_gL,target_focused,eem_interpretable,pcr,"n_components=3,alpha=1.0,max_features=48,y_transform=log1p",10,0.83917133,0.2781497,0.5391091,-0.038344915,-1.3395694
rhamnose_gL,target_focused,eem_interpretable,pcr,"n_components=3,alpha=1.0,max_features=96,y_transform=log1p",10,0.83917133,0.2781497,0.5391091,-0.038344915,-1.3395694
rhamnose_gL,target_focused,eem_full,knn,"k=3,weighted=True,max_features=96,y_transform=log1p",10,0.83933779,0.17782946,0.53891896,-0.43360334,-10.664018
rhamnose_gL,target_focused,fusion_interpretable,knn,"k=3,weighted=True,max_features=48,y_transform=log1p",10,0.83958176,0.23793539,0.53612141,-0.23031686,-7.0281372
rhamnose_gL,target_focused,fusion_interpretable,knn,"k=3,weighted=True,max_features=96,y_transform=log1p",10,0.83958176,0.23793539,0.53612141,-0.23031686,-7.0281372
rhamnose_gL,target_focused,eem_full,pcr,"n_components=2,alpha=1.0,max_features=48,y_transform=log1p",10,0.83960354,0.28176203,0.54336059,-0.0396312,-1.4503679
rhamnose_gL,all_known,fusion_full,knn,"k=3,weighted=True,max_features=96,y_transform=none",10,0.839761,0.2697978,0.40293116,-0.021083353,0.61057158
rhamnose_gL,target_focused,eem_full,knn,"k=9,weighted=True,max_features=24,y_transform=log1p",10,0.84034772,0.24666977,0.53937749,-0.17445257,-4.9726956
rhamnose_gL,target_focused,eem_full,knn,"k=3,weighted=True,max_features=12,y_transform=log1p",10,0.84061484,0.26093571,0.53824201,-0.80129761,-13.410239
rhamnose_gL,all_known,fusion_full,knn,"k=3,weighted=True,max_features=96,y_transform=log1p",10,0.84070452,0.29187304,0.38401318,0.046423758,2.8628502
rhamnose_gL,target_focused,fusion_interpretable,knn,"k=3,weighted=True,max_features=24,y_transform=none",10,0.84071594,0.24087932,0.55527515,-0.46700281,-10.824844
rhamnose_gL,target_focused,eem_full,knn,"k=3,weighted=True,max_features=48,y_transform=log1p",10,0.84129247,0.22926745,0.53475142,-0.76842953,-14.146554
rhamnose_gL,all_known,fusion_full,knn,"k=1,weighted=True,max_features=96,y_transform=none",10,0.84226904,0.36458498,0.36607895,-0.065866281,1.4599061
rhamnose_gL,all_known,fusion_full,knn,"k=1,weighted=True,max_features=96,y_transform=log1p",10,0.84226904,0.36458498,0.36607895,-0.065866281,1.4599061
rhamnose_gL,all_known,eem_full,knn,"k=3,weighted=True,max_features=24,y_transform=log1p",10,0.84236693,0.29562308,0.37995005,0.029674917,3.0669773
rhamnose_gL,target_focused,fusion_full,pls,"n_components=5,alpha=1.0,max_features=24,y_transform=log1p",10,0.8434117,0.21933255,0.52514919,-0.35777872,-9.73635
rhamnose_gL,target_focused,fusion_full,knn,"k=9,weighted=True,max_features=48,y_transform=log1p",10,0.8437823,0.25744132,0.51286499,-0.094022606,-3.713717
rhamnose_gL,target_focused,eem_full,pcr,"n_components=3,alpha=1.0,max_features=192,y_transform=none",10,0.84396507,0.21441297,0.56846026,-0.24558992,-7.5956897
rhamnose_gL,target_focused,eem_full,pcr,"n_components=3,alpha=1.0,max_features=384,y_transform=none",10,0.84396507,0.21441297,0.56846026,-0.24558992,-7.5956897
rhamnose_gL,target_focused,eem_full,pcr,"n_components=3,alpha=1.0,max_features=96,y_transform=none",10,0.84452595,0.20965912,0.56007895,-0.30312666,-8.6958178
rhamnose_gL,target_focused,eem_full,pcr,"n_components=5,alpha=1.0,max_features=48,y_transform=none",10,0.84484393,0.25035225,0.56793413,-0.35737647,-8.9148933
rhamnose_gL,target_focused,fusion_interpretable,pcr,"n_components=5,alpha=1.0,max_features=48,y_transform=none",10,0.84487168,0.19022876,0.59093864,-0.45344503,-12.124477
rhamnose_gL,target_focused,fusion_interpretable,pcr,"n_components=5,alpha=1.0,max_features=96,y_transform=none",10,0.84487168,0.19022876,0.59093864,-0.45344503,-12.124477
rhamnose_gL,target_focused,fusion_interpretable,ridge,"alpha=0.1,max_features=12,y_transform=none",10,0.84490378,0.20717415,0.64272512,-0.33664968,-9.3174099
rhamnose_gL,target_focused,fusion_interpretable,knn,"k=5,weighted=True,max_features=12,y_transform=none",10,0.84529831,0.21608232,0.5738785,-0.4168452,-11.047046
rhamnose_gL,target_focused,fusion_full,ridge,"alpha=10.0,max_features=24,y_transform=log1p",10,0.84614945,0.21247024,0.51960327,-0.31950764,-9.510805
rhamnose_gL,target_focused,fusion_interpretable,ridge,"alpha=1.0,max_features=48,y_transform=log1p",10,0.8462336,0.257763,0.53620779,-0.15977756,-4.8258609
rhamnose_gL,target_focused,fusion_interpretable,ridge,"alpha=1.0,max_features=96,y_transform=log1p",10,0.8462336,0.257763,0.53620779,-0.15977756,-4.8258609
rhamnose_gL,target_focused,eem_full,knn,"k=9,weighted=True,max_features=96,y_transform=none",10,0.84674782,0.19625072,0.57898296,-0.39829206,-10.340248
rhamnose_gL,target_focused,eem_full,pcr,"n_components=5,alpha=1.0,max_features=24,y_transform=none",10,0.84690961,0.2325284,0.58081661,-0.29000501,-8.0977864
rhamnose_gL,target_focused,eem_full,pcr,"n_components=3,alpha=1.0,max_features=48,y_transform=log1p",10,0.84720762,0.26947511,0.53899273,-0.12492486,-4.1472525
rhamnose_gL,target_focused,fusion_interpretable,knn,"k=3,weighted=True,max_features=12,y_transform=log1p",10,0.84741214,0.23274701,0.53437331,-0.35656418,-10.044444
rhamnose_gL,target_focused,fusion_full,knn,"k=5,weighted=True,max_features=48,y_transform=log1p",10,0.84788037,0.26097871,0.51625874,-0.11985315,-4.6190342
rhamnose_gL,target_focused,eem_full,pcr,"n_components=3,alpha=1.0,max_features=12,y_transform=none",10,0.84835442,0.24452901,0.58597539,-0.31460648,-8.6052636
rhamnose_gL,all_known,eem_full,knn,"k=1,weighted=True,max_features=48,y_transform=none",10,0.84847504,0.35278587,0.33497368,-0.23654797,-1.8075875
rhamnose_gL,all_known,eem_full,knn,"k=1,weighted=True,max_features=48,y_transform=log1p",10,0.84847504,0.35278587,0.33497368,-0.23654797,-1.8075875
rhamnose_gL,target_focused,eem_full,pls,"n_components=8,alpha=1.0,max_features=12,y_transform=none",10,0.84877207,0.25812757,0.57573134,-0.52264546,-11.428241
rhamnose_gL,target_focused,fusion_interpretable,ridge,"alpha=0.1,max_features=48,y_transform=log1p",10,0.84887412,0.2540465,0.55761864,-0.18078543,-5.9605667
rhamnose_gL,target_focused,fusion_interpretable,ridge,"alpha=0.1,max_features=96,y_transform=log1p",10,0.84887412,0.2540465,0.55761864,-0.18078543,-5.9605667
rhamnose_gL,target_focused,fusion_full,pcr,"n_components=12,alpha=1.0,max_features=24,y_transform=log1p",10,0.84963341,0.21899817,0.52160542,-0.39399237,-11.111296
rhamnose_gL,target_focused,eem_full,knn,"k=5,weighted=True,max_features=192,y_transform=none",10,0.84981376,0.1641806,0.58048253,-0.58202885,-14.136527
rhamnose_gL,target_focused,eem_full,knn,"k=5,weighted=True,max_features=384,y_transform=none",10,0.84981376,0.1641806,0.58048253,-0.58202885,-14.136527
rhamnose_gL,target_focused,eem_interpretable,pls,"n_components=2,alpha=1.0,max_features=12,y_transform=log1p",10,0.84999876,0.27571565,0.55498897,-0.082126574,-3.1615065
rhamnose_gL,target_focused,eem_interpretable,pls,"n_components=2,alpha=1.0,max_features=24,y_transform=log1p",10,0.84999876,0.27571565,0.55498897,-0.082126574,-3.1615065
rhamnose_gL,target_focused,eem_interpretable,pls,"n_components=2,alpha=1.0,max_features=48,y_transform=log1p",10,0.84999876,0.27571565,0.55498897,-0.082126574,-3.1615065
rhamnose_gL,target_focused,eem_interpretable,pls,"n_components=2,alpha=1.0,max_features=96,y_transform=log1p",10,0.84999876,0.27571565,0.55498897,-0.082126574,-3.1615065
rhamnose_gL,target_focused,fusion_full,knn,"k=9,weighted=True,max_features=48,y_transform=none",10,0.84999939,0.21532306,0.54172103,-0.24790111,-8.5695368
rhamnose_gL,target_focused,eem_full,knn,"k=9,weighted=True,max_features=12,y_transform=none",10,0.85018001,0.21281493,0.58463241,-0.44640115,-10.926971
rhamnose_gL,target_focused,fusion_full,knn,"k=9,weighted=True,max_features=192,y_transform=log1p",10,0.85035869,0.27114133,0.52117945,-0.070995997,-3.1565311
rhamnose_gL,all_known,eem_full,knn,"k=3,weighted=True,max_features=48,y_transform=log1p",10,0.85103847,0.29817018,0.37531909,0.052374891,3.2312784
rhamnose_gL,target_focused,fusion_full,knn,"k=1,weighted=True,max_features=192,y_transform=none",10,0.85123823,0.22457779,0.49638636,-0.26426426,-9.0613431
rhamnose_gL,target_focused,fusion_full,knn,"k=1,weighted=True,max_features=192,y_transform=log1p",10,0.85123823,0.22457779,0.49638636,-0.26426426,-9.0613431
rhamnose_gL,target_focused,eem_full,pcr,"n_components=2,alpha=1.0,max_features=24,y_transform=none",10,0.85217159,0.24686918,0.58955658,-0.26983203,-7.9984917
rhamnose_gL,target_focused,eem_full,pcr,"n_components=2,alpha=1.0,max_features=12,y_transform=none",10,0.85257075,0.24910494,0.59537979,-0.30531467,-8.6451335
rhamnose_gL,target_focused,eem_full,pcr,"n_components=3,alpha=1.0,max_features=24,y_transform=none",10,0.85264195,0.24605468,0.58697779,-0.32683262,-9.0327335
rhamnose_gL,all_known,eem_full,ridge,"alpha=1.0,max_features=48,y_transform=log1p",10,0.8528894,0.28154031,0.3894792,0.07429058,3.9121552
rhamnose_gL,all_known,fusion_full,knn,"k=5,weighted=True,max_features=384,y_transform=none",10,0.8529403,0.27593767,0.41888857,-0.0058177085,0.36356
rhamnose_gL,target_focused,eem_full,knn,"k=5,weighted=True,max_features=24,y_transform=log1p",10,0.854268,0.23734468,0.5537046,-0.41803538,-10.204803
rhamnose_gL,target_focused,fusion_full,knn,"k=9,weighted=True,max_features=192,y_transform=none",10,0.85430344,0.22674257,0.56332193,-0.18253962,-7.0802056
rhamnose_gL,target_focused,fusion_full,knn,"k=3,weighted=True,max_features=96,y_transform=log1p",10,0.85456372,0.27405097,0.51361446,-0.11445409,-4.5744258
rhamnose_gL,target_focused,eem_full,pls,"n_components=12,alpha=1.0,max_features=12,y_transform=none",10,0.85479708,0.26065085,0.58393615,-0.55696832,-12.381811
rhamnose_gL,all_known,eem_full,knn,"k=5,weighted=True,max_features=12,y_transform=log1p",10,0.85528792,0.28080552,0.38899914,0.0087103581,1.4266335
rhamnose_gL,target_focused,eem_full,knn,"k=9,weighted=True,max_features=48,y_transform=none",10,0.85563402,0.19227995,0.5972592,-0.44048931,-11.740459
rhamnose_gL,all_known,eem_full,ridge,"alpha=10.0,max_features=48,y_transform=log1p",10,0.85602128,0.29291129,0.37973329,0.076614496,4.0793984
rhamnose_gL,target_focused,fusion_full,knn,"k=5,weighted=True,max_features=48,y_transform=none",10,0.85611081,0.24662054,0.53890399,-0.22683983,-8.138732
rhamnose_gL,all_known,eem_full,knn,"k=3,weighted=True,max_features=12,y_transform=log1p",10,0.85687176,0.29785032,0.39607413,0.0055897544,1.580143
rhamnose_gL,all_known,fusion_full,knn,"k=5,weighted=True,max_features=384,y_transform=log1p",10,0.85807803,0.30638601,0.39126923,0.036710059,1.9878268
rhamnose_gL,target_focused,eem_full,ridge,"alpha=0.1,max_features=12,y_transform=none",10,0.85818066,0.26341139,0.58801266,-0.57221116,-12.855772
rhamnose_gL,target_focused,eem_interpretable,ridge,"alpha=10.0,max_features=12,y_transform=log1p",10,0.85835518,0.26783686,0.55255951,-0.14477643,-5.2550843
rhamnose_gL,target_focused,eem_interpretable,ridge,"alpha=10.0,max_features=24,y_transform=log1p",10,0.85835518,0.26783686,0.55255951,-0.14477643,-5.2550843
rhamnose_gL,target_focused,eem_interpretable,ridge,"alpha=10.0,max_features=48,y_transform=log1p",10,0.85835518,0.26783686,0.55255951,-0.14477643,-5.2550843
rhamnose_gL,target_focused,eem_interpretable,ridge,"alpha=10.0,max_features=96,y_transform=log1p",10,0.85835518,0.26783686,0.55255951,-0.14477643,-5.2550843
rhamnose_gL,all_known,eem_full,knn,"k=5,weighted=True,max_features=96,y_transform=log1p",10,0.85846399,0.28712948,0.39705712,0.054489798,2.890938
rhamnose_gL,all_known,eem_full,pls,"n_components=12,alpha=1.0,max_features=48,y_transform=log1p",10,0.85874604,0.27208828,0.39996989,0.047743662,2.5425388
rhamnose_gL,all_known,eem_full,knn,"k=5,weighted=True,max_features=192,y_transform=log1p",10,0.85957801,0.26774002,0.4024516,0.031080858,1.7664147
rhamnose_gL,all_known,eem_full,knn,"k=5,weighted=True,max_features=384,y_transform=log1p",10,0.85957801,0.26774002,0.4024516,0.031080858,1.7664147
rhamnose_gL,target_focused,eem_full,pcr,"n_components=2,alpha=1.0,max_features=48,y_transform=none",10,0.85962673,0.24862695,0.59510382,-0.25271823,-8.2495854
rhamnose_gL,all_known,eem_full,pls,"n_components=3,alpha=1.0,max_features=96,y_transform=log1p",10,0.85988277,0.30914377,0.38342561,0.080441663,4.4009914
rhamnose_gL,target_focused,eem_full,knn,"k=5,weighted=True,max_features=12,y_transform=none",10,0.85994946,0.22375009,0.59097263,-0.66460727,-14.34514
rhamnose_gL,target_focused,fusion_interpretable,ridge,"alpha=1.0,max_features=48,y_transform=none",10,0.85995752,0.2099185,0.64296229,-0.36509095,-10.951868
rhamnose_gL,target_focused,fusion_interpretable,ridge,"alpha=1.0,max_features=96,y_transform=none",10,0.85995752,0.2099185,0.64296229,-0.36509095,-10.951868
rhamnose_gL,target_focused,fusion_full,pls,"n_components=8,alpha=1.0,max_features=24,y_transform=log1p",10,0.86014417,0.21610243,0.54374948,-0.42213935,-12.340155
rhamnose_gL,all_known,eem_full,knn,"k=1,weighted=True,max_features=192,y_transform=none",10,0.86047533,0.36873955,0.33827632,-0.034343216,1.9316943
rhamnose_gL,all_known,eem_full,knn,"k=1,weighted=True,max_features=192,y_transform=log1p",10,0.86047533,0.36873955,0.33827632,-0.034343216,1.9316943
rhamnose_gL,all_known,eem_full,knn,"k=1,weighted=True,max_features=384,y_transform=none",10,0.86047533,0.36873955,0.33827632,-0.034343216,1.9316943
rhamnose_gL,all_known,eem_full,knn,"k=1,weighted=True,max_features=384,y_transform=log1p",10,0.86047533,0.36873955,0.33827632,-0.034343216,1.9316943
rhamnose_gL,target_focused,eem_full,pcr,"n_components=3,alpha=1.0,max_features=48,y_transform=none",10,0.86077403,0.24060532,0.58962193,-0.35452788,-10.165818
rhamnose_gL,all_known,fusion_full,knn,"k=5,weighted=True,max_features=12,y_transform=log1p",10,0.8610302,0.27154339,0.40776269,-0.012346229,-0.1491015
rhamnose_gL,all_known,fusion_full,knn,"k=9,weighted=True,max_features=192,y_transform=log1p",10,0.86132013,0.29983923,0.39884817,0.029411942,1.5367574
rhamnose_gL,target_focused,fusion_full,knn,"k=9,weighted=True,max_features=384,y_transform=log1p",10,0.86145468,0.26977854,0.53276861,-0.11918999,-5.1755318
rhamnose_gL,target_focused,fusion_full,knn,"k=3,weighted=True,max_features=96,y_transform=none",10,0.86158671,0.27005866,0.53934069,-0.16209108,-6.3566676
rhamnose_gL,all_known,fusion_full,knn,"k=9,weighted=True,max_features=192,y_transform=none",10,0.86173679,0.27266164,0.43590509,-0.014821103,-0.27053001
rhamnose_gL,all_known,eem_full,pcr,"n_components=12,alpha=1.0,max_features=96,y_transform=log1p",10,0.8618585,0.31478787,0.38142907,0.07743668,4.2433243
rhamnose_gL,all_known,fusion_full,knn,"k=9,weighted=True,max_features=24,y_transform=log1p",10,0.86206526,0.29633008,0.39928729,0.013382303,0.83623657
rhamnose_gL,target_focused,eem_interpretable,pcr,"n_components=2,alpha=1.0,max_features=12,y_transform=none",10,0.86232219,0.22355311,0.60705929,-0.26527036,-8.9805225
rhamnose_gL,target_focused,eem_interpretable,pcr,"n_components=2,alpha=1.0,max_features=24,y_transform=none",10,0.86232219,0.22355311,0.60705929,-0.26527036,-8.9805225
rhamnose_gL,target_focused,eem_interpretable,pcr,"n_components=2,alpha=1.0,max_features=48,y_transform=none",10,0.86232219,0.22355311,0.60705929,-0.26527036,-8.9805225
rhamnose_gL,target_focused,eem_interpretable,pcr,"n_components=2,alpha=1.0,max_features=96,y_transform=none",10,0.86232219,0.22355311,0.60705929,-0.26527036,-8.9805225
rhamnose_gL,all_known,fusion_full,knn,"k=9,weighted=True,max_features=96,y_transform=log1p",10,0.86246516,0.29671462,0.40139249,0.024211074,1.2636308
rhamnose_gL,all_known,eem_full,pls,"n_components=3,alpha=1.0,max_features=48,y_transform=log1p",10,0.8626875,0.30291415,0.38359601,0.067982407,3.6538362
rhamnose_gL,all_known,eem_full,knn,"k=1,weighted=True,max_features=96,y_transform=none",10,0.86300478,0.30893065,0.33652632,-0.040100094,0.33419891
rhamnose_gL,all_known,eem_full,knn,"k=1,weighted=True,max_features=96,y_transform=log1p",10,0.86300478,0.30893065,0.33652632,-0.040100094,0.33419891
rhamnose_gL,all_known,eem_full,knn,"k=5,weighted=True,max_features=24,y_transform=log1p",10,0.86304031,0.28596992,0.39120474,0.02541987,1.6342464
rhamnose_gL,all_known,fusion_full,knn,"k=5,weighted=True,max_features=48,y_transform=log1p",10,0.86307427,0.28002423,0.3928044,-0.01063295,-0.17130124
rhamnose_gL,target_focused,eem_full,pcr,"n_components=2,alpha=1.0,max_features=96,y_transform=log1p",10,0.86318097,0.26508957,0.55763978,-0.12650873,-5.5134996
rhamnose_gL,all_known,eem_full,pcr,"n_components=12,alpha=1.0,max_features=96,y_transform=none",10,0.86332155,0.28641281,0.43294131,0.044680514,2.3377244
rhamnose_gL,all_known,fusion_full,knn,"k=5,weighted=True,max_features=24,y_transform=log1p",10,0.86343768,0.27343416,0.3922466,-0.021062794,-0.5862762
rhamnose_gL,all_known,eem_full,knn,"k=9,weighted=True,max_features=192,y_transform=none",10,0.86390826,0.25662381,0.43539231,-0.018734602,-0.1049183
rhamnose_gL,all_known,eem_full,knn,"k=9,weighted=True,max_features=384,y_transform=none",10,0.86390826,0.25662381,0.43539231,-0.018734602,-0.1049183
rhamnose_gL,all_known,eem_full,knn,"k=9,weighted=True,max_features=96,y_transform=none",10,0.86392223,0.26926284,0.43716178,0.011749186,0.91756191
rhamnose_gL,target_focused,raman_interpretable,pcr,"n_components=3,alpha=1.0,max_features=24,y_transform=log1p",10,0.86426389,0.28963255,0.55038948,-0.083151145,-3.8649402
rhamnose_gL,target_focused,raman_interpretable,pcr,"n_components=3,alpha=1.0,max_features=48,y_transform=log1p",10,0.86426389,0.28963255,0.55038948,-0.083151145,-3.8649402
rhamnose_gL,target_focused,raman_interpretable,pcr,"n_components=3,alpha=1.0,max_features=96,y_transform=log1p",10,0.86426389,0.28963255,0.55038948,-0.083151145,-3.8649402
rhamnose_gL,target_focused,raman_interpretable,ridge,"alpha=10.0,max_features=12,y_transform=log1p",10,0.86454605,0.28962947,0.54762451,-0.082918917,-3.874751
rhamnose_gL,all_known,eem_full,knn,"k=9,weighted=True,max_features=24,y_transform=log1p",10,0.86475026,0.29431039,0.39559507,0.041788035,2.2690763
rhamnose_gL,all_known,fusion_full,knn,"k=9,weighted=True,max_features=96,y_transform=none",10,0.86493741,0.26530701,0.44012197,-0.027494366,-0.92763802
rhamnose_gL,target_focused,eem_full,knn,"k=5,weighted=True,max_features=96,y_transform=none",10,0.86494449,0.17129734,0.595824,-0.65107825,-16.26316
rhamnose_gL,all_known,eem_full,knn,"k=9,weighted=True,max_features=96,y_transform=log1p",10,0.86494949,0.29506625,0.39538581,0.046749983,2.4603438
rhamnose_gL,all_known,eem_full,knn,"k=3,weighted=True,max_features=96,y_transform=log1p",10,0.86505191,0.28174076,0.39341004,0.012691196,1.0938791
rhamnose_gL,all_known,eem_full,pls,"n_components=8,alpha=1.0,max_features=48,y_transform=log1p",10,0.8650598,0.28705332,0.39542656,0.04550196,2.410036
rhamnose_gL,all_known,fusion_full,knn,"k=9,weighted=True,max_features=12,y_transform=log1p",10,0.86525888,0.29033322,0.40782732,0.0011595079,0.23404852
rhamnose_gL,target_focused,fusion_full,ridge,"alpha=1.0,max_features=24,y_transform=log1p",10,0.86534843,0.21019867,0.53811626,-0.45798402,-13.373009
rhamnose_gL,all_known,eem_full,pls,"n_components=2,alpha=1.0,max_features=192,y_transform=none",10,0.86569546,0.28008385,0.44085345,0.036605414,1.9187588
rhamnose_gL,all_known,eem_full,pls,"n_components=2,alpha=1.0,max_features=384,y_transform=none",10,0.86569546,0.28008385,0.44085345,0.036605414,1.9187588
rhamnose_gL,all_known,eem_full,knn,"k=9,weighted=True,max_features=48,y_transform=log1p",10,0.86573198,0.2961435,0.39503016,0.037715061,2.122497
rhamnose_gL,all_known,eem_full,pls,"n_components=2,alpha=1.0,max_features=96,y_transform=log1p",10,0.86579069,0.30689577,0.39094644,0.064129464,3.4226255
rhamnose_gL,target_focused,raman_interpretable,pcr,"n_components=2,alpha=1.0,max_features=12,y_transform=log1p",10,0.86640744,0.2875386,0.54797475,-0.093541513,-4.3325387
rhamnose_gL,all_known,eem_full,knn,"k=9,weighted=True,max_features=192,y_transform=log1p",10,0.86641874,0.28430774,0.39193519,0.028476308,1.5880643
rhamnose_gL,all_known,eem_full,knn,"k=9,weighted=True,max_features=384,y_transform=log1p",10,0.86641874,0.28430774,0.39193519,0.028476308,1.5880643
rhamnose_gL,target_focused,raman_interpretable,pls,"n_components=3,alpha=1.0,max_features=12,y_transform=log1p",10,0.86644119,0.29144311,0.54579977,-0.080847206,-3.8558287
rhamnose_gL,all_known,fusion_interpretable,knn,"k=9,weighted=True,max_features=48,y_transform=none",10,0.86644571,0.25781821,0.45991572,-0.11744585,-3.500082
rhamnose_gL,all_known,fusion_interpretable,knn,"k=9,weighted=True,max_features=96,y_transform=none",10,0.86644571,0.25781821,0.45991572,-0.11744585,-3.500082
rhamnose_gL,target_focused,raman_interpretable,pcr,"n_components=3,alpha=1.0,max_features=12,y_transform=log1p",10,0.86650007,0.29112603,0.54691501,-0.083902688,-3.9691993
rhamnose_gL,all_known,fusion_full,knn,"k=9,weighted=True,max_features=48,y_transform=log1p",10,0.86650276,0.28452263,0.40127134,-0.0023099008,-0.026792859
rhamnose_gL,target_focused,raman_interpretable,pcr,"n_components=5,alpha=1.0,max_features=12,y_transform=log1p",10,0.866548,0.28871026,0.54854867,-0.085443113,-4.0405563
rhamnose_gL,all_known,eem_full,knn,"k=9,weighted=True,max_features=12,y_transform=log1p",10,0.86681262,0.29448734,0.39153567,0.028705045,1.7034965
rhamnose_gL,target_focused,fusion_full,knn,"k=9,weighted=True,max_features=24,y_transform=log1p",10,0.86712481,0.26063498,0.51842416,-0.17750643,-7.1879318
rhamnose_gL,target_focused,fusion_full,knn,"k=9,weighted=True,max_features=12,y_transform=log1p",10,0.86712851,0.25322905,0.51067706,-0.20390591,-7.9839615
rhamnose_gL,target_focused,eem_interpretable,pcr,"n_components=5,alpha=1.0,max_features=12,y_transform=log1p",10,0.86725427,0.26843527,0.56162917,-0.17570181,-6.5555402
rhamnose_gL,target_focused,eem_interpretable,pcr,"n_components=5,alpha=1.0,max_features=24,y_transform=log1p",10,0.86725427,0.26843527,0.56162917,-0.17570181,-6.5555402
rhamnose_gL,target_focused,eem_interpretable,pcr,"n_components=5,alpha=1.0,max_features=48,y_transform=log1p",10,0.86725427,0.26843527,0.56162917,-0.17570181,-6.5555402
rhamnose_gL,target_focused,eem_interpretable,pcr,"n_components=5,alpha=1.0,max_features=96,y_transform=log1p",10,0.86725427,0.26843527,0.56162917,-0.17570181,-6.5555402
rhamnose_gL,target_focused,raman_interpretable,pcr,"n_components=8,alpha=1.0,max_features=12,y_transform=log1p",10,0.86736971,0.28860149,0.54856512,-0.088297097,-4.1691063
rhamnose_gL,target_focused,raman_interpretable,pcr,"n_components=12,alpha=1.0,max_features=12,y_transform=log1p",10,0.86736971,0.28860149,0.54856512,-0.088297097,-4.1691063
rhamnose_gL,target_focused,raman_interpretable,ridge,"alpha=1.0,max_features=12,y_transform=log1p",10,0.86736971,0.28860149,0.54856512,-0.088297097,-4.1691063
rhamnose_gL,all_known,fusion_full,knn,"k=9,weighted=True,max_features=384,y_transform=log1p",10,0.86773688,0.30209999,0.39993524,0.013049196,0.71308383
rhamnose_gL,all_known,eem_full,pls,"n_components=2,alpha=1.0,max_features=192,y_transform=log1p",10,0.86776524,0.30537286,0.39081933,0.056318005,3.0595789
rhamnose_gL,all_known,eem_full,pls,"n_components=2,alpha=1.0,max_features=384,y_transform=log1p",10,0.86776524,0.30537286,0.39081933,0.056318005,3.0595789
rhamnose_gL,all_known,fusion_interpretable,knn,"k=5,weighted=True,max_features=48,y_transform=none",10,0.86778277,0.25376636,0.44510937,-0.1502465,-4.3265011
rhamnose_gL,all_known,fusion_interpretable,knn,"k=5,weighted=True,max_features=96,y_transform=none",10,0.86778277,0.25376636,0.44510937,-0.1502465,-4.3265011
rhamnose_gL,all_known,eem_full,knn,"k=3,weighted=True,max_features=96,y_transform=none",10,0.86778855,0.26019726,0.4230502,-0.074731702,-1.7672145
rhamnose_gL,all_known,fusion_full,knn,"k=3,weighted=True,max_features=24,y_transform=none",10,0.86789956,0.23809202,0.41309369,-0.28406091,-7.419616
rhamnose_gL,target_focused,raman_interpretable,pcr,"n_components=2,alpha=1.0,max_features=24,y_transform=log1p",10,0.86791023,0.28842403,0.55146982,-0.098999538,-4.5567082
rhamnose_gL,target_focused,raman_interpretable,pcr,"n_components=2,alpha=1.0,max_features=48,y_transform=log1p",10,0.86791023,0.28842403,0.55146982,-0.098999538,-4.5567082
rhamnose_gL,target_focused,raman_interpretable,pcr,"n_components=2,alpha=1.0,max_features=96,y_transform=log1p",10,0.86791023,0.28842403,0.55146982,-0.098999538,-4.5567082
rhamnose_gL,all_known,eem_full,knn,"k=5,weighted=True,max_features=192,y_transform=none",10,0.86804278,0.24059997,0.44483226,-0.04644629,-1.265197
rhamnose_gL,all_known,eem_full,knn,"k=5,weighted=True,max_features=384,y_transform=none",10,0.86804278,0.24059997,0.44483226,-0.04644629,-1.265197
rhamnose_gL,all_known,eem_full,pls,"n_components=2,alpha=1.0,max_features=48,y_transform=log1p",10,0.86808148,0.3021235,0.39266405,0.052787945,2.8608917
rhamnose_gL,all_known,eem_full,knn,"k=5,weighted=True,max_features=12,y_transform=none",10,0.86839095,0.2599327,0.42630217,-0.093231108,-2.3017109
rhamnose_gL,all_known,fusion_full,knn,"k=9,weighted=True,max_features=384,y_transform=none",10,0.86872305,0.27145045,0.43707097,-0.040309409,-1.4805827
rhamnose_gL,all_known,eem_full,pls,"n_components=8,alpha=1.0,max_features=24,y_transform=log1p",10,0.86878557,0.29823729,0.40199969,0.04974423,2.7811546
rhamnose_gL,all_known,eem_full,knn,"k=5,weighted=True,max_features=96,y_transform=none",10,0.8688356,0.25748567,0.43737335,-0.018962879,-0.39627416
rhamnose_gL,all_known,eem_full,knn,"k=3,weighted=True,max_features=48,y_transform=none",10,0.86889374,0.28084432,0.40446678,-0.061156408,-1.1141564
rhamnose_gL,all_known,eem_full,knn,"k=5,weighted=True,max_features=48,y_transform=log1p",10,0.86898216,0.28339936,0.39343532,0.016354129,1.0250151
rhamnose_gL,all_known,eem_full,ridge,"alpha=0.1,max_features=48,y_transform=log1p",10,0.86898307,0.28897966,0.41294987,0.036483599,1.9908654
rhamnose_gL,target_focused,raman_interpretable,pls,"n_components=3,alpha=1.0,max_features=24,y_transform=log1p",10,0.86899038,0.2794704,0.53344093,-0.11491815,-5.1562798
rhamnose_gL,target_focused,raman_interpretable,pls,"n_components=3,alpha=1.0,max_features=48,y_transform=log1p",10,0.86899038,0.2794704,0.53344093,-0.11491815,-5.1562798
rhamnose_gL,target_focused,raman_interpretable,pls,"n_components=3,alpha=1.0,max_features=96,y_transform=log1p",10,0.86899038,0.2794704,0.53344093,-0.11491815,-5.1562798
rhamnose_gL,all_known,eem_full,pcr,"n_components=8,alpha=1.0,max_features=48,y_transform=log1p",10,0.86919321,0.30814861,0.38971393,0.05537079,3.0252132
rhamnose_gL,target_focused,raman_interpretable,pls,"n_components=8,alpha=1.0,max_features=12,y_transform=log1p",10,0.86931541,0.2877028,0.54968639,-0.093793388,-4.4321399
rhamnose_gL,target_focused,raman_interpretable,pls,"n_components=12,alpha=1.0,max_features=12,y_transform=log1p",10,0.86931541,0.2877028,0.54968639,-0.093793388,-4.4321399
rhamnose_gL,all_known,eem_full,pcr,"n_components=5,alpha=1.0,max_features=96,y_transform=log1p",10,0.86947929,0.30723868,0.39349244,0.054928791,2.943559
rhamnose_gL,all_known,eem_full,ridge,"alpha=10.0,max_features=96,y_transform=log1p",10,0.86952124,0.33339038,0.39205958,0.066220351,3.8074766
rhamnose_gL,target_focused,eem_full,ridge,"alpha=1.0,max_features=24,y_transform=none",10,0.86961424,0.2479355,0.58476765,-0.39959623,-11.723984
rhamnose_gL,target_focused,raman_interpretable,pls,"n_components=5,alpha=1.0,max_features=12,y_transform=log1p",10,0.86965429,0.28785421,0.54966431,-0.094595683,-4.4730728
rhamnose_gL,target_focused,raman_interpretable,ridge,"alpha=10.0,max_features=24,y_transform=log1p",10,0.86968972,0.28486629,0.53701927,-0.11010914,-4.9226376
rhamnose_gL,target_focused,raman_interpretable,ridge,"alpha=10.0,max_features=48,y_transform=log1p",10,0.86968972,0.28486629,0.53701927,-0.11010914,-4.9226376
rhamnose_gL,target_focused,raman_interpretable,ridge,"alpha=10.0,max_features=96,y_transform=log1p",10,0.86968972,0.28486629,0.53701927,-0.11010914,-4.9226376
rhamnose_gL,all_known,eem_full,pcr,"n_components=12,alpha=1.0,max_features=48,y_transform=log1p",10,0.8697662,0.30155908,0.39163681,0.046859117,2.4936508
rhamnose_gL,all_known,eem_full,knn,"k=9,weighted=True,max_features=12,y_transform=none",10,0.86989733,0.27499371,0.43112988,-0.025258412,-0.39265488
rhamnose_gL,target_focused,fusion_full,knn,"k=9,weighted=True,max_features=384,y_transform=none",10,0.86993303,0.22738435,0.57496651,-0.26579824,-9.9217467
rhamnose_gL,all_known,eem_full,pls,"n_components=3,alpha=1.0,max_features=192,y_transform=log1p",10,0.87015385,0.30257032,0.39599896,0.049498808,2.6246113
rhamnose_gL,all_known,eem_full,pls,"n_components=3,alpha=1.0,max_features=384,y_transform=log1p",10,0.87015385,0.30257032,0.39599896,0.049498808,2.6246113
rhamnose_gL,target_focused,eem_full,pls,"n_components=12,alpha=1.0,max_features=24,y_transform=log1p",10,0.87037076,0.26990406,0.53092955,-0.24490761,-8.4576578
rhamnose_gL,all_known,eem_full,ridge,"alpha=1.0,max_features=24,y_transform=log1p",10,0.87063871,0.30298406,0.40161863,0.048602793,2.7574732
rhamnose_gL,all_known,eem_full,knn,"k=3,weighted=True,max_features=192,y_transform=log1p",10,0.87064174,0.27516296,0.41071365,-0.0078492222,0.069217061
rhamnose_gL,all_known,eem_full,knn,"k=3,weighted=True,max_features=384,y_transform=log1p",10,0.87064174,0.27516296,0.41071365,-0.0078492222,0.069217061
rhamnose_gL,all_known,eem_full,pcr,"n_components=8,alpha=1.0,max_features=96,y_transform=log1p",10,0.87069114,0.31372589,0.39103677,0.057334883,3.1742127
rhamnose_gL,all_known,fusion_interpretable,knn,"k=9,weighted=True,max_features=24,y_transform=none",10,0.87078752,0.26528822,0.45439031,-0.10769884,-3.5086021
rhamnose_gL,target_focused,fusion_interpretable,pcr,"n_components=2,alpha=1.0,max_features=24,y_transform=log1p",10,0.87096069,0.27581538,0.55601834,-0.13390218,-5.9802042
rhamnose_gL,all_known,fusion_full,pcr,"n_components=12,alpha=1.0,max_features=384,y_transform=log1p",10,0.87117128,0.2933851,0.41259044,-0.019343051,-0.25546294
rhamnose_gL,all_known,eem_full,pcr,"n_components=5,alpha=1.0,max_features=96,y_transform=none",10,0.87144306,0.28281199,0.44664782,0.025306317,1.3394272
rhamnose_gL,all_known,eem_full,knn,"k=9,weighted=True,max_features=24,y_transform=none",10,0.87161172,0.26314752,0.43957421,-0.032330716,-0.86493884
rhamnose_gL,target_focused,eem_interpretable,knn,"k=9,weighted=True,max_features=12,y_transform=log1p",10,0.87188503,0.2599417,0.56038447,-0.21291472,-7.9083186
rhamnose_gL,target_focused,eem_interpretable,knn,"k=9,weighted=True,max_features=24,y_transform=log1p",10,0.87188503,0.2599417,0.56038447,-0.21291472,-7.9083186
rhamnose_gL,target_focused,eem_interpretable,knn,"k=9,weighted=True,max_features=48,y_transform=log1p",10,0.87188503,0.2599417,0.56038447,-0.21291472,-7.9083186
rhamnose_gL,target_focused,eem_interpretable,knn,"k=9,weighted=True,max_features=96,y_transform=log1p",10,0.87188503,0.2599417,0.56038447,-0.21291472,-7.9083186
rhamnose_gL,all_known,fusion_interpretable,knn,"k=9,weighted=True,max_features=48,y_transform=log1p",10,0.87190269,0.28968946,0.41620017,-0.029452772,-1.114083
rhamnose_gL,all_known,fusion_interpretable,knn,"k=9,weighted=True,max_features=96,y_transform=log1p",10,0.87190269,0.28968946,0.41620017,-0.029452772,-1.114083
rhamnose_gL,all_known,eem_full,pcr,"n_components=5,alpha=1.0,max_features=192,y_transform=log1p",10,0.87202504,0.3051265,0.39516011,0.047244794,2.5110955
rhamnose_gL,all_known,eem_full,pcr,"n_components=5,alpha=1.0,max_features=384,y_transform=log1p",10,0.87202504,0.3051265,0.39516011,0.047244794,2.5110955
rhamnose_gL,all_known,eem_full,pls,"n_components=2,alpha=1.0,max_features=96,y_transform=none",10,0.87216883,0.2793178,0.44769773,0.020078785,1.0703525
rhamnose_gL,target_focused,raman_full,knn,"k=9,weighted=True,max_features=384,y_transform=log1p",10,0.87224604,0.26210514,0.52035328,-0.15229249,-6.7063894
rhamnose_gL,all_known,eem_full,pcr,"n_components=12,alpha=1.0,max_features=192,y_transform=log1p",10,0.87231723,0.30985552,0.38980041,0.048539416,2.6531261
rhamnose_gL,all_known,eem_full,pcr,"n_components=12,alpha=1.0,max_features=384,y_transform=log1p",10,0.87231723,0.30985552,0.38980041,0.048539416,2.6531261
rhamnose_gL,all_known,fusion_full,knn,"k=3,weighted=True,max_features=24,y_transform=log1p",10,0.87275242,0.24955742,0.39394899,-0.17250184,-5.0387951
rhamnose_gL,all_known,fusion_full,knn,"k=9,weighted=True,max_features=24,y_transform=none",10,0.87277504,0.26132405,0.43934287,-0.078793531,-2.969725
rhamnose_gL,target_focused,raman_interpretable,pls,"n_components=2,alpha=1.0,max_features=12,y_transform=log1p",10,0.87294054,0.28829321,0.55385141,-0.11036109,-5.1475366
rhamnose_gL,all_known,eem_full,pls,"n_components=12,alpha=1.0,max_features=24,y_transform=log1p",10,0.87338295,0.30209778,0.40697344,0.041490899,2.3931076
rhamnose_gL,all_known,eem_full,ridge,"alpha=0.1,max_features=24,y_transform=log1p",10,0.87340906,0.30380714,0.40628159,0.042451965,2.4928953
rhamnose_gL,all_known,eem_full,pcr,"n_components=5,alpha=1.0,max_features=192,y_transform=none",10,0.87344599,0.28034166,0.44879534,0.017697703,0.94826848
rhamnose_gL,all_known,eem_full,pcr,"n_components=5,alpha=1.0,max_features=384,y_transform=none",10,0.87344599,0.28034166,0.44879534,0.017697703,0.94826848
rhamnose_gL,target_focused,eem_full,knn,"k=9,weighted=True,max_features=24,y_transform=none",10,0.8740775,0.21397606,0.59718734,-0.54360016,-14.349238
rhamnose_gL,all_known,eem_full,pls,"n_components=5,alpha=1.0,max_features=48,y_transform=log1p",10,0.8741275,0.28150877,0.3896033,0.021297529,1.1109191
rhamnose_gL,all_known,eem_full,pcr,"n_components=5,alpha=1.0,max_features=48,y_transform=log1p",10,0.87417129,0.30284001,0.3938405,0.039820749,2.1274663
rhamnose_gL,all_known,fusion_full,pls,"n_components=3,alpha=1.0,max_features=384,y_transform=log1p",10,0.87420441,0.30392834,0.41306495,-0.029967952,-0.38344613
rhamnose_gL,target_focused,eem_full,pcr,"n_components=2,alpha=1.0,max_features=192,y_transform=log1p",10,0.87465768,0.28968008,0.56248305,-0.10641129,-5.0951967
rhamnose_gL,target_focused,eem_full,pcr,"n_components=2,alpha=1.0,max_features=384,y_transform=log1p",10,0.87465768,0.28968008,0.56248305,-0.10641129,-5.0951967
rhamnose_gL,all_known,eem_full,pls,"n_components=5,alpha=1.0,max_features=96,y_transform=log1p",10,0.87470103,0.29572631,0.39186037,0.034439392,1.8423071
rhamnose_gL,all_known,eem_full,ridge,"alpha=10.0,max_features=24,y_transform=log1p",10,0.87470225,0.30488774,0.3978139,0.039216968,2.1902056
rhamnose_gL,all_known,fusion_interpretable,knn,"k=5,weighted=True,max_features=48,y_transform=log1p",10,0.87473712,0.27881723,0.41141998,-0.063635723,-2.3785714
rhamnose_gL,all_known,fusion_interpretable,knn,"k=5,weighted=True,max_features=96,y_transform=log1p",10,0.87473712,0.27881723,0.41141998,-0.063635723,-2.3785714
rhamnose_gL,target_focused,raman_interpretable,pcr,"n_components=5,alpha=1.0,max_features=24,y_transform=log1p",10,0.87475102,0.28263386,0.55026793,-0.1267655,-5.7805328
rhamnose_gL,target_focused,raman_interpretable,pcr,"n_components=5,alpha=1.0,max_features=48,y_transform=log1p",10,0.87475102,0.28263386,0.55026793,-0.1267655,-5.7805328
rhamnose_gL,target_focused,raman_interpretable,pcr,"n_components=5,alpha=1.0,max_features=96,y_transform=log1p",10,0.87475102,0.28263386,0.55026793,-0.1267655,-5.7805328
rhamnose_gL,all_known,fusion_full,knn,"k=5,weighted=True,max_features=48,y_transform=none",10,0.87489815,0.2476317,0.4256655,-0.13157011,-4.4708104
rhamnose_gL,target_focused,raman_interpretable,knn,"k=9,weighted=True,max_features=12,y_transform=log1p",10,0.87500217,0.22014064,0.53163337,-0.27195022,-10.400521
rhamnose_gL,all_known,eem_full,pcr,"n_components=8,alpha=1.0,max_features=96,y_transform=none",10,0.87519904,0.28481203,0.44453655,0.019017397,0.99699803
rhamnose_gL,all_known,eem_full,knn,"k=3,weighted=True,max_features=24,y_transform=none",10,0.87524342,0.28360616,0.41323087,-0.14478896,-3.4127491
rhamnose_gL,target_focused,raman_interpretable,pls,"n_components=2,alpha=1.0,max_features=24,y_transform=log1p",10,0.87536474,0.28078201,0.55495965,-0.13786047,-6.1763061
rhamnose_gL,target_focused,raman_interpretable,pls,"n_components=2,alpha=1.0,max_features=48,y_transform=log1p",10,0.87536474,0.28078201,0.55495965,-0.13786047,-6.1763061
rhamnose_gL,target_focused,raman_interpretable,pls,"n_components=2,alpha=1.0,max_features=96,y_transform=log1p",10,0.87536474,0.28078201,0.55495965,-0.13786047,-6.1763061
rhamnose_gL,target_focused,fusion_interpretable,pcr,"n_components=2,alpha=1.0,max_features=48,y_transform=log1p",10,0.87552345,0.29415427,0.56126835,-0.10977237,-5.1637698
rhamnose_gL,target_focused,fusion_interpretable,pcr,"n_components=2,alpha=1.0,max_features=96,y_transform=log1p",10,0.87552345,0.29415427,0.56126835,-0.10977237,-5.1637698
rhamnose_gL,target_focused,eem_interpretable,pcr,"n_components=8,alpha=1.0,max_features=12,y_transform=log1p",10,0.8756392,0.24557928,0.55813788,-0.26435181,-9.4794769
rhamnose_gL,target_focused,eem_interpretable,pcr,"n_components=8,alpha=1.0,max_features=24,y_transform=log1p",10,0.8756392,0.24557928,0.55813788,-0.26435181,-9.4794769
rhamnose_gL,target_focused,eem_interpretable,pcr,"n_components=8,alpha=1.0,max_features=48,y_transform=log1p",10,0.8756392,0.24557928,0.55813788,-0.26435181,-9.4794769
rhamnose_gL,target_focused,eem_interpretable,pcr,"n_components=8,alpha=1.0,max_features=96,y_transform=log1p",10,0.8756392,0.24557928,0.55813788,-0.26435181,-9.4794769
rhamnose_gL,all_known,eem_full,pls,"n_components=3,alpha=1.0,max_features=48,y_transform=none",10,0.87581377,0.27992588,0.44942628,0.0092348134,0.60982622
rhamnose_gL,target_focused,eem_full,pls,"n_components=5,alpha=1.0,max_features=96,y_transform=none",10,0.87585868,0.20061669,0.60370733,-0.3868785,-12.991172
rhamnose_gL,target_focused,raman_full,pcr,"n_components=2,alpha=1.0,max_features=384,y_transform=log1p",10,0.87590939,0.27613829,0.5594317,-0.14698401,-6.5162294
rhamnose_gL,target_focused,fusion_full,pcr,"n_components=2,alpha=1.0,max_features=384,y_transform=log1p",10,0.87595893,0.27756127,0.55964387,-0.15371539,-6.7961497
rhamnose_gL,all_known,eem_full,pcr,"n_components=8,alpha=1.0,max_features=48,y_transform=none",10,0.87606187,0.27806082,0.44908295,0.0068089333,0.41357518
rhamnose_gL,target_focused,eem_full,ridge,"alpha=10.0,max_features=96,y_transform=none",10,0.87608671,0.20997514,0.59309864,-0.40647932,-13.254938
rhamnose_gL,all_known,eem_full,knn,"k=5,weighted=True,max_features=24,y_transform=none",10,0.87612656,0.25589186,0.43359595,-0.084362261,-2.5717346
rhamnose_gL,target_focused,fusion_full,ridge,"alpha=10.0,max_features=12,y_transform=log1p",10,0.87628383,0.20595838,0.54463346,-0.43484894,-14.102576
rhamnose_gL,target_focused,raman_interpretable,ridge,"alpha=0.1,max_features=12,y_transform=log1p",10,0.87635915,0.28562006,0.55511436,-0.11736508,-5.497969
rhamnose_gL,target_focused,fusion_full,pcr,"n_components=8,alpha=1.0,max_features=12,y_transform=log1p",10,0.87638001,0.20670118,0.54926963,-0.45634803,-14.57312
rhamnose_gL,target_focused,fusion_full,pcr,"n_components=2,alpha=1.0,max_features=192,y_transform=log1p",10,0.87675205,0.26475953,0.55767892,-0.18946265,-8.0140236
rhamnose_gL,all_known,fusion_full,knn,"k=9,weighted=True,max_features=48,y_transform=none",10,0.87687091,0.24141971,0.43949899,-0.10248463,-4.0985652
rhamnose_gL,all_known,eem_full,pls,"n_components=2,alpha=1.0,max_features=48,y_transform=none",10,0.87704289,0.27625329,0.45864423,0.0018374025,0.19254432
rhamnose_gL,all_known,eem_full,pcr,"n_components=12,alpha=1.0,max_features=192,y_transform=none",10,0.87730611,0.28067524,0.44969235,0.0024313074,0.21508058
rhamnose_gL,all_known,eem_full,pcr,"n_components=12,alpha=1.0,max_features=384,y_transform=none",10,0.87730611,0.28067524,0.44969235,0.0024313074,0.21508058
rhamnose_gL,all_known,fusion_full,knn,"k=5,weighted=True,max_features=24,y_transform=none",10,0.8777139,0.24235221,0.42679514,-0.14219736,-5.0039888
rhamnose_gL,target_focused,eem_full,pls,"n_components=3,alpha=1.0,max_features=192,y_transform=none",10,0.87771818,0.20340857,0.61881574,-0.55694112,-15.676944
rhamnose_gL,target_focused,eem_full,pls,"n_components=3,alpha=1.0,max_features=384,y_transform=none",10,0.87771818,0.20340857,0.61881574,-0.55694112,-15.676944
rhamnose_gL,target_focused,eem_full,ridge,"alpha=0.1,max_features=24,y_transform=log1p",10,0.87774765,0.26450293,0.53609574,-0.27886038,-9.7883514
rhamnose_gL,target_focused,fusion_interpretable,knn,"k=3,weighted=True,max_features=48,y_transform=none",10,0.87776135,0.22480627,0.58964641,-0.42726804,-14.004656
rhamnose_gL,target_focused,fusion_interpretable,knn,"k=3,weighted=True,max_features=96,y_transform=none",10,0.87776135,0.22480627,0.58964641,-0.42726804,-14.004656
rhamnose_gL,all_known,eem_full,pcr,"n_components=12,alpha=1.0,max_features=24,y_transform=log1p",10,0.87781149,0.30913351,0.40031317,0.034748476,1.9206827
rhamnose_gL,target_focused,raman_full,pcr,"n_components=2,alpha=1.0,max_features=24,y_transform=log1p",10,0.87798003,0.24198077,0.54236375,-0.2155745,-9.0955193
rhamnose_gL,all_known,eem_full,pcr,"n_components=8,alpha=1.0,max_features=192,y_transform=log1p",10,0.87804732,0.30622013,0.39691567,0.034000035,1.8130186
rhamnose_gL,all_known,eem_full,pcr,"n_components=8,alpha=1.0,max_features=384,y_transform=log1p",10,0.87804732,0.30622013,0.39691567,0.034000035,1.8130186
rhamnose_gL,all_known,eem_full,pls,"n_components=3,alpha=1.0,max_features=96,y_transform=none",10,0.87809807,0.28416864,0.45357692,0.0090797004,0.62846793
rhamnose_gL,all_known,eem_full,knn,"k=9,weighted=True,max_features=48,y_transform=none",10,0.87816419,0.25622853,0.44053645,-0.074341452,-2.4380436
rhamnose_gL,all_known,eem_full,pls,"n_components=3,alpha=1.0,max_features=24,y_transform=log1p",10,0.87817321,0.30639994,0.39691355,0.031996987,1.7590624
rhamnose_gL,all_known,eem_full,pcr,"n_components=8,alpha=1.0,max_features=192,y_transform=none",10,0.87819066,0.2833857,0.45293712,0.009802995,0.53417768
rhamnose_gL,all_known,eem_full,pcr,"n_components=8,alpha=1.0,max_features=384,y_transform=none",10,0.87819066,0.2833857,0.45293712,0.009802995,0.53417768
rhamnose_gL,all_known,eem_full,pls,"n_components=2,alpha=1.0,max_features=24,y_transform=log1p",10,0.87825671,0.3081576,0.39848,0.029954948,1.7234426
rhamnose_gL,all_known,fusion_full,knn,"k=9,weighted=True,max_features=12,y_transform=none",10,0.87826199,0.26509139,0.45462769,-0.083909716,-3.2803975
rhamnose_gL,all_known,eem_full,pcr,"n_components=8,alpha=1.0,max_features=24,y_transform=log1p",10,0.87847222,0.30712449,0.39830043,0.030737952,1.6980293
rhamnose_gL,all_known,fusion_full,knn,"k=5,weighted=True,max_features=12,y_transform=none",10,0.87857977,0.24978157,0.45332479,-0.13440168,-4.630839
rhamnose_gL,all_known,fusion_interpretable,knn,"k=9,weighted=True,max_features=24,y_transform=log1p",10,0.87873198,0.29422877,0.41396021,-0.039825629,-1.7037366
rhamnose_gL,target_focused,raman_full,knn,"k=5,weighted=True,max_features=384,y_transform=log1p",10,0.87877895,0.26597877,0.52339627,-0.18257782,-7.771793
rhamnose_gL,all_known,eem_full,pcr,"n_components=5,alpha=1.0,max_features=48,y_transform=none",10,0.87899957,0.27900515,0.4547339,0.0014515532,0.15334623
rhamnose_gL,all_known,eem_full,pls,"n_components=5,alpha=1.0,max_features=24,y_transform=log1p",10,0.87907192,0.30501242,0.40491877,0.028254574,1.6540801
rhamnose_gL,target_focused,eem_full,knn,"k=5,weighted=True,max_features=48,y_transform=none",10,0.87972179,0.19686757,0.58494076,-0.79650399,-18.588287
rhamnose_gL,all_known,eem_full,pcr,"n_components=3,alpha=1.0,max_features=96,y_transform=log1p",10,0.88021932,0.31126499,0.403,0.030169966,1.6494844
rhamnose_gL,all_known,fusion_interpretable,knn,"k=3,weighted=True,max_features=48,y_transform=log1p",10,0.8803107,0.26928544,0.4062394,-0.16094468,-5.1801605
rhamnose_gL,all_known,fusion_interpretable,knn,"k=3,weighted=True,max_features=96,y_transform=log1p",10,0.8803107,0.26928544,0.4062394,-0.16094468,-5.1801605
rhamnose_gL,target_focused,fusion_full,pls,"n_components=5,alpha=1.0,max_features=12,y_transform=log1p",10,0.88038889,0.20050546,0.54597669,-0.54628657,-16.391731
rhamnose_gL,target_focused,fusion_interpretable,ridge,"alpha=0.1,max_features=24,y_transform=none",10,0.88040009,0.15995788,0.65587863,-0.57319566,-17.373478
rhamnose_gL,all_known,eem_full,pcr,"n_components=3,alpha=1.0,max_features=192,y_transform=none",10,0.88102459,0.28443704,0.45476506,0.00085525836,0.091016976
rhamnose_gL,all_known,eem_full,pcr,"n_components=3,alpha=1.0,max_features=384,y_transform=none",10,0.88102459,0.28443704,0.45476506,0.00085525836,0.091016976
rhamnose_gL,all_known,raman_interpretable,knn,"k=5,weighted=True,max_features=12,y_transform=log1p",10,0.88136435,0.28256807,0.43007853,-0.068480608,-2.6522573
rhamnose_gL,target_focused,eem_full,pls,"n_components=5,alpha=1.0,max_features=24,y_transform=none",10,0.88147052,0.24381664,0.59433625,-0.44357089,-13.418094
rhamnose_gL,target_focused,raman_interpretable,knn,"k=9,weighted=True,max_features=24,y_transform=log1p",10,0.88149141,0.2817249,0.53702089,-0.14466965,-6.7016725
rhamnose_gL,target_focused,raman_interpretable,knn,"k=9,weighted=True,max_features=48,y_transform=log1p",10,0.88149141,0.2817249,0.53702089,-0.14466965,-6.7016725
rhamnose_gL,target_focused,raman_interpretable,knn,"k=9,weighted=True,max_features=96,y_transform=log1p",10,0.88149141,0.2817249,0.53702089,-0.14466965,-6.7016725
rhamnose_gL,all_known,eem_full,pcr,"n_components=12,alpha=1.0,max_features=48,y_transform=none",10,0.88154599,0.27118857,0.45705812,-0.02329915,-0.93794173
rhamnose_gL,target_focused,fusion_interpretable,pls,"n_components=8,alpha=1.0,max_features=48,y_transform=none",10,0.88162787,0.197254,0.64115728,-0.4695829,-14.90415
rhamnose_gL,target_focused,fusion_interpretable,pls,"n_components=8,alpha=1.0,max_features=96,y_transform=none",10,0.88162787,0.197254,0.64115728,-0.4695829,-14.90415
rhamnose_gL,all_known,eem_full,knn,"k=3,weighted=True,max_features=12,y_transform=none",10,0.88180167,0.28872886,0.42509908,-0.11628622,-3.1921953
rhamnose_gL,target_focused,raman_full,pcr,"n_components=2,alpha=1.0,max_features=192,y_transform=log1p",10,0.88192857,0.26936361,0.55860907,-0.17744347,-7.7510632
rhamnose_gL,all_known,eem_full,pcr,"n_components=5,alpha=1.0,max_features=24,y_transform=log1p",10,0.88200218,0.30542236,0.39923872,0.019755458,1.1155561
rhamnose_gL,all_known,eem_full,pcr,"n_components=3,alpha=1.0,max_features=192,y_transform=log1p",10,0.88224833,0.3055551,0.40202092,0.021476385,1.1539201
rhamnose_gL,all_known,eem_full,pcr,"n_components=3,alpha=1.0,max_features=384,y_transform=log1p",10,0.88224833,0.3055551,0.40202092,0.021476385,1.1539201
rhamnose_gL,target_focused,eem_full,ridge,"alpha=1.0,max_features=48,y_transform=log1p",10,0.88266173,0.25436039,0.53831357,-0.3235276,-11.227509
rhamnose_gL,target_focused,eem_full,pls,"n_components=5,alpha=1.0,max_features=48,y_transform=none",10,0.88268774,0.20494349,0.61345303,-0.49400747,-15.581253
rhamnose_gL,all_known,raman_interpretable,knn,"k=3,weighted=True,max_features=12,y_transform=log1p",10,0.88270255,0.27817602,0.43400957,-0.11437297,-3.7779955
rhamnose_gL,target_focused,raman_full,pcr,"n_components=2,alpha=1.0,max_features=48,y_transform=log1p",10,0.88298163,0.24626797,0.54819586,-0.24077306,-9.7973783
rhamnose_gL,target_focused,eem_full,pcr,"n_components=2,alpha=1.0,max_features=96,y_transform=none",10,0.88300459,0.21868172,0.62150099,-0.35481224,-12.584416
rhamnose_gL,target_focused,raman_interpretable,pcr,"n_components=3,alpha=1.0,max_features=24,y_transform=none",10,0.88307969,0.22232179,0.60594034,-0.32255981,-12.12539
rhamnose_gL,target_focused,raman_interpretable,pcr,"n_components=3,alpha=1.0,max_features=48,y_transform=none",10,0.88307969,0.22232179,0.60594034,-0.32255981,-12.12539
rhamnose_gL,target_focused,raman_interpretable,pcr,"n_components=3,alpha=1.0,max_features=96,y_transform=none",10,0.88307969,0.22232179,0.60594034,-0.32255981,-12.12539
rhamnose_gL,all_known,fusion_full,knn,"k=3,weighted=True,max_features=48,y_transform=log1p",10,0.88314907,0.25726481,0.39189313,-0.17916272,-5.7962165
rhamnose_gL,target_focused,raman_interpretable,ridge,"alpha=10.0,max_features=12,y_transform=none",10,0.88316424,0.2239776,0.61075749,-0.30514178,-11.735523
rhamnose_gL,all_known,fusion_full,knn,"k=3,weighted=True,max_features=48,y_transform=none",10,0.88344313,0.2498025,0.41443746,-0.298776,-8.5664886
rhamnose_gL,target_focused,eem_interpretable,ridge,"alpha=1.0,max_features=12,y_transform=log1p",10,0.88377352,0.23896613,0.56425443,-0.33499989,-11.47008
rhamnose_gL,target_focused,eem_interpretable,ridge,"alpha=1.0,max_features=24,y_transform=log1p",10,0.88377352,0.23896613,0.56425443,-0.33499989,-11.47008
rhamnose_gL,target_focused,eem_interpretable,ridge,"alpha=1.0,max_features=48,y_transform=log1p",10,0.88377352,0.23896613,0.56425443,-0.33499989,-11.47008
rhamnose_gL,target_focused,eem_interpretable,ridge,"alpha=1.0,max_features=96,y_transform=log1p",10,0.88377352,0.23896613,0.56425443,-0.33499989,-11.47008
rhamnose_gL,target_focused,eem_interpretable,pcr,"n_components=12,alpha=1.0,max_features=12,y_transform=log1p",10,0.88377352,0.23896613,0.56425443,-0.33499989,-11.47008
rhamnose_gL,target_focused,eem_interpretable,pcr,"n_components=12,alpha=1.0,max_features=24,y_transform=log1p",10,0.88377352,0.23896613,0.56425443,-0.33499989,-11.47008
rhamnose_gL,target_focused,eem_interpretable,pcr,"n_components=12,alpha=1.0,max_features=48,y_transform=log1p",10,0.88377352,0.23896613,0.56425443,-0.33499989,-11.47008
rhamnose_gL,target_focused,eem_interpretable,pcr,"n_components=12,alpha=1.0,max_features=96,y_transform=log1p",10,0.88377352,0.23896613,0.56425443,-0.33499989,-11.47008
rhamnose_gL,all_known,eem_full,pcr,"n_components=3,alpha=1.0,max_features=48,y_transform=log1p",10,0.88397285,0.31219876,0.40370005,0.018676999,1.1181209
rhamnose_gL,all_known,eem_full,pcr,"n_components=5,alpha=1.0,max_features=12,y_transform=log1p",10,0.88405941,0.31171464,0.4033205,0.020324746,1.2049978
rhamnose_gL,target_focused,raman_full,knn,"k=9,weighted=True,max_features=192,y_transform=log1p",10,0.88426723,0.26360919,0.52345475,-0.19377749,-8.5284761
rhamnose_gL,all_known,fusion_interpretable,knn,"k=3,weighted=True,max_features=48,y_transform=none",10,0.88432437,0.2551108,0.42979591,-0.29011959,-8.2515475
rhamnose_gL,all_known,fusion_interpretable,knn,"k=3,weighted=True,max_features=96,y_transform=none",10,0.88432437,0.2551108,0.42979591,-0.29011959,-8.2515475
rhamnose_gL,target_focused,fusion_interpretable,pls,"n_components=12,alpha=1.0,max_features=24,y_transform=none",10,0.88440187,0.15263862,0.65683643,-0.56900217,-17.781448
rhamnose_gL,target_focused,fusion_full,knn,"k=5,weighted=True,max_features=12,y_transform=log1p",10,0.88457926,0.23211716,0.53788619,-0.36331319,-13.14884
rhamnose_gL,all_known,eem_full,pls,"n_components=3,alpha=1.0,max_features=12,y_transform=log1p",10,0.88466791,0.30950634,0.40326783,0.017033706,0.99990364
rhamnose_gL,target_focused,raman_interpretable,pcr,"n_components=2,alpha=1.0,max_features=24,y_transform=none",10,0.88479417,0.22576349,0.61460279,-0.32950438,-12.292918
rhamnose_gL,target_focused,raman_interpretable,pcr,"n_components=2,alpha=1.0,max_features=48,y_transform=none",10,0.88479417,0.22576349,0.61460279,-0.32950438,-12.292918
rhamnose_gL,target_focused,raman_interpretable,pcr,"n_components=2,alpha=1.0,max_features=96,y_transform=none",10,0.88479417,0.22576349,0.61460279,-0.32950438,-12.292918
rhamnose_gL,target_focused,fusion_full,pls,"n_components=2,alpha=1.0,max_features=12,y_transform=log1p",10,0.88499326,0.20576149,0.5498361,-0.55613666,-16.728079
rhamnose_gL,target_focused,raman_interpretable,pcr,"n_components=2,alpha=1.0,max_features=12,y_transform=none",10,0.88502823,0.22135019,0.6090031,-0.32918848,-12.404349
rhamnose_gL,all_known,eem_full,pls,"n_components=3,alpha=1.0,max_features=192,y_transform=none",10,0.88506986,0.26627437,0.47378217,-0.036076198,-1.4995212
rhamnose_gL,all_known,eem_full,pls,"n_components=3,alpha=1.0,max_features=384,y_transform=none",10,0.88506986,0.26627437,0.47378217,-0.036076198,-1.4995212
rhamnose_gL,all_known,fusion_full,pcr,"n_components=8,alpha=1.0,max_features=384,y_transform=log1p",10,0.88536499,0.30335333,0.41249463,-0.088155391,-2.2180377
rhamnose_gL,all_known,eem_full,pcr,"n_components=3,alpha=1.0,max_features=96,y_transform=none",10,0.88571169,0.28392204,0.45758899,-0.015167957,-0.67476896
rhamnose_gL,all_known,fusion_interpretable,pcr,"n_components=3,alpha=1.0,max_features=48,y_transform=none",10,0.8858431,0.2887078,0.49111271,-0.056329554,-2.5995782
rhamnose_gL,all_known,fusion_interpretable,pcr,"n_components=3,alpha=1.0,max_features=96,y_transform=none",10,0.8858431,0.2887078,0.49111271,-0.056329554,-2.5995782
rhamnose_gL,all_known,fusion_full,pcr,"n_components=8,alpha=1.0,max_features=384,y_transform=none",10,0.88593783,0.26950542,0.48051987,-0.12465107,-4.2179792
rhamnose_gL,all_known,eem_full,pls,"n_components=2,alpha=1.0,max_features=12,y_transform=log1p",10,0.88598614,0.30977005,0.4053221,0.012268112,0.83811129
rhamnose_gL,target_focused,fusion_interpretable,knn,"k=3,weighted=True,max_features=12,y_transform=none",10,0.88608577,0.22042326,0.57429076,-0.61323117,-17.692027
rhamnose_gL,all_known,raman_full,pcr,"n_components=5,alpha=1.0,max_features=384,y_transform=log1p",10,0.88611847,0.29949309,0.4361681,-0.036806558,-1.7763824
rhamnose_gL,target_focused,raman_full,pcr,"n_components=2,alpha=1.0,max_features=96,y_transform=log1p",10,0.88619146,0.25977905,0.55070125,-0.21992975,-9.2030213
rhamnose_gL,target_focused,fusion_full,knn,"k=9,weighted=True,max_features=24,y_transform=none",10,0.88654745,0.2132782,0.55980644,-0.43031237,-14.685141
rhamnose_gL,target_focused,eem_interpretable,pcr,"n_components=3,alpha=1.0,max_features=12,y_transform=none",10,0.88677281,0.20798774,0.62745216,-0.37987901,-13.324857
rhamnose_gL,target_focused,eem_interpretable,pcr,"n_components=3,alpha=1.0,max_features=24,y_transform=none",10,0.88677281,0.20798774,0.62745216,-0.37987901,-13.324857
rhamnose_gL,target_focused,eem_interpretable,pcr,"n_components=3,alpha=1.0,max_features=48,y_transform=none",10,0.88677281,0.20798774,0.62745216,-0.37987901,-13.324857
rhamnose_gL,target_focused,eem_interpretable,pcr,"n_components=3,alpha=1.0,max_features=96,y_transform=none",10,0.88677281,0.20798774,0.62745216,-0.37987901,-13.324857
rhamnose_gL,all_known,eem_full,ridge,"alpha=10.0,max_features=12,y_transform=log1p",10,0.88691864,0.30865134,0.40469782,0.010549572,0.67332733
rhamnose_gL,all_known,fusion_interpretable,knn,"k=9,weighted=True,max_features=12,y_transform=none",10,0.88692811,0.27273928,0.45720243,-0.16550498,-5.7150729
rhamnose_gL,all_known,eem_full,knn,"k=5,weighted=True,max_features=48,y_transform=none",10,0.88704873,0.24747395,0.43576072,-0.11548077,-4.1242419
rhamnose_gL,all_known,eem_full,pcr,"n_components=8,alpha=1.0,max_features=12,y_transform=log1p",10,0.88712628,0.30827515,0.40523897,0.0099494753,0.62704592
rhamnose_gL,all_known,raman_interpretable,knn,"k=9,weighted=True,max_features=24,y_transform=log1p",10,0.88765514,0.28866639,0.43913186,-0.059765673,-2.7739928
rhamnose_gL,all_known,raman_interpretable,knn,"k=9,weighted=True,max_features=48,y_transform=log1p",10,0.88765514,0.28866639,0.43913186,-0.059765673,-2.7739928
rhamnose_gL,all_known,raman_interpretable,knn,"k=9,weighted=True,max_features=96,y_transform=log1p",10,0.88765514,0.28866639,0.43913186,-0.059765673,-2.7739928
rhamnose_gL,all_known,fusion_interpretable,knn,"k=3,weighted=True,max_features=24,y_transform=log1p",10,0.88774709,0.29597875,0.40764771,-0.086651195,-3.4867909
rhamnose_gL,all_known,eem_full,pcr,"n_components=3,alpha=1.0,max_features=24,y_transform=log1p",10,0.8878496,0.31271366,0.40490703,0.009829168,0.7017227
rhamnose_gL,all_known,fusion_interpretable,pcr,"n_components=2,alpha=1.0,max_features=12,y_transform=none",10,0.88793883,0.2882993,0.49749209,-0.064712158,-2.9856282
rhamnose_gL,target_focused,fusion_full,pcr,"n_components=2,alpha=1.0,max_features=96,y_transform=log1p",10,0.88809743,0.2476184,0.56194781,-0.27354696,-10.916569
rhamnose_gL,target_focused,fusion_full,knn,"k=5,weighted=True,max_features=24,y_transform=log1p",10,0.88811276,0.23052097,0.53817379,-0.37954203,-13.659622
rhamnose_gL,all_known,eem_full,ridge,"alpha=0.1,max_features=12,y_transform=log1p",10,0.88853213,0.30521604,0.40681014,0.0039370355,0.32065059
rhamnose_gL,all_known,eem_full,pcr,"n_components=12,alpha=1.0,max_features=12,y_transform=log1p",10,0.88854055,0.30669736,0.40653478,0.0049763226,0.37808962
rhamnose_gL,all_known,eem_full,ridge,"alpha=1.0,max_features=12,y_transform=log1p",10,0.88854055,0.30669736,0.40653478,0.0049763226,0.37808962
rhamnose_gL,all_known,raman_interpretable,knn,"k=9,weighted=True,max_features=12,y_transform=log1p",10,0.88859503,0.28710652,0.43051651,-0.066840716,-2.9767618
rhamnose_gL,target_focused,raman_interpretable,pcr,"n_components=3,alpha=1.0,max_features=12,y_transform=none",10,0.88871303,0.22589171,0.61719435,-0.30819937,-12.180165
rhamnose_gL,all_known,eem_full,pls,"n_components=12,alpha=1.0,max_features=12,y_transform=log1p",10,0.88874649,0.30531232,0.40742084,0.003359219,0.29274447
rhamnose_gL,target_focused,raman_interpretable,pls,"n_components=2,alpha=1.0,max_features=12,y_transform=none",10,0.88887255,0.21927025,0.61440065,-0.34311121,-13.007523
rhamnose_gL,target_focused,raman_full,knn,"k=9,weighted=True,max_features=384,y_transform=none",10,0.88887455,0.19472244,0.56432148,-0.41482445,-14.773095
rhamnose_gL,all_known,fusion_interpretable,pcr,"n_components=3,alpha=1.0,max_features=24,y_transform=none",10,0.88912678,0.28637066,0.49365778,-0.067498502,-3.1367794
rhamnose_gL,all_known,eem_full,knn,"k=3,weighted=True,max_features=192,y_transform=none",10,0.88934218,0.24655218,0.44787188,-0.13253839,-4.6861938
rhamnose_gL,all_known,eem_full,knn,"k=3,weighted=True,max_features=384,y_transform=none",10,0.88934218,0.24655218,0.44787188,-0.13253839,-4.6861938
rhamnose_gL,all_known,fusion_full,pcr,"n_components=3,alpha=1.0,max_features=96,y_transform=log1p",10,0.8894858,0.29949029,0.4291915,-0.045175874,-2.1022701
rhamnose_gL,all_known,eem_full,pls,"n_components=8,alpha=1.0,max_features=12,y_transform=log1p",10,0.88952061,0.30583919,0.40909073,0.0014086137,0.20215003
rhamnose_gL,all_known,fusion_full,pcr,"n_components=2,alpha=1.0,max_features=12,y_transform=log1p",10,0.889686,0.3039642,0.42810734,-0.04212674,-1.9980494
rhamnose_gL,all_known,fusion_interpretable,pcr,"n_components=3,alpha=1.0,max_features=48,y_transform=log1p",10,0.88992557,0.30649179,0.43100893,-0.037703925,-1.8532533
rhamnose_gL,all_known,fusion_interpretable,pcr,"n_components=3,alpha=1.0,max_features=96,y_transform=log1p",10,0.88992557,0.30649179,0.43100893,-0.037703925,-1.8532533
rhamnose_gL,all_known,eem_full,pls,"n_components=5,alpha=1.0,max_features=12,y_transform=log1p",10,0.89009316,0.30609837,0.40689995,0.0005296499,0.11984159
rhamnose_gL,all_known,fusion_interpretable,knn,"k=5,weighted=True,max_features=24,y_transform=none",10,0.89029948,0.24899143,0.44982192,-0.22064183,-7.4837913
rhamnose_gL,all_known,raman_full,knn,"k=3,weighted=True,max_features=384,y_transform=log1p",10,0.89041257,0.32242069,0.3984802,-0.02584418,-1.2062839
rhamnose_gL,all_known,fusion_interpretable,knn,"k=5,weighted=True,max_features=24,y_transform=log1p",10,0.8904797,0.27795237,0.41437525,-0.10758118,-4.4690338
rhamnose_gL,all_known,fusion_interpretable,knn,"k=9,weighted=True,max_features=12,y_transform=log1p",10,0.89052183,0.29539256,0.41689498,-0.076989256,-3.3807415
rhamnose_gL,target_focused,fusion_full,knn,"k=9,weighted=True,max_features=12,y_transform=none",10,0.89058695,0.21029702,0.55747975,-0.46627154,-15.791244
rhamnose_gL,all_known,fusion_full,knn,"k=3,weighted=True,max_features=12,y_transform=log1p",10,0.89067886,0.25417991,0.42874979,-0.19565495,-6.6021108
rhamnose_gL,all_known,fusion_interpretable,pcr,"n_components=3,alpha=1.0,max_features=24,y_transform=log1p",10,0.8908632,0.30636649,0.43309586,-0.04042744,-1.9851726
rhamnose_gL,all_known,eem_full,ridge,"alpha=10.0,max_features=192,y_transform=log1p",10,0.89086361,0.25176356,0.40256776,-0.096624597,-3.4176266
rhamnose_gL,all_known,eem_full,ridge,"alpha=10.0,max_features=384,y_transform=log1p",10,0.89086361,0.25176356,0.40256776,-0.096624597,-3.4176266
rhamnose_gL,all_known,fusion_interpretable,pcr,"n_components=2,alpha=1.0,max_features=12,y_transform=log1p",10,0.89095206,0.31079379,0.43600481,-0.037901906,-1.8517368
rhamnose_gL,target_focused,fusion_full,pls,"n_components=3,alpha=1.0,max_features=12,y_transform=log1p",10,0.89095242,0.20923543,0.55260759,-0.58490229,-17.751474
rhamnose_gL,all_known,eem_full,pcr,"n_components=2,alpha=1.0,max_features=24,y_transform=log1p",10,0.89116207,0.31035085,0.4113172,-0.00017967687,0.15983013
rhamnose_gL,target_focused,raman_interpretable,pls,"n_components=3,alpha=1.0,max_features=12,y_transform=none",10,0.89124145,0.22481308,0.61813163,-0.30727014,-12.34587
rhamnose_gL,all_known,eem_full,pls,"n_components=5,alpha=1.0,max_features=192,y_transform=log1p",10,0.89176152,0.27460557,0.39727783,-0.04340684,-1.8361496
rhamnose_gL,all_known,eem_full,pls,"n_components=5,alpha=1.0,max_features=384,y_transform=log1p",10,0.89176152,0.27460557,0.39727783,-0.04340684,-1.8361496
rhamnose_gL,target_focused,fusion_full,pcr,"n_components=12,alpha=1.0,max_features=12,y_transform=log1p",10,0.89200525,0.19871254,0.55266511,-0.69727278,-19.559336
rhamnose_gL,target_focused,fusion_full,ridge,"alpha=1.0,max_features=12,y_transform=log1p",10,0.89200525,0.19871254,0.55266511,-0.69727278,-19.559336
rhamnose_gL,all_known,fusion_interpretable,pcr,"n_components=3,alpha=1.0,max_features=12,y_transform=none",10,0.89216171,0.27738663,0.50484969,-0.10234705,-4.4696646
rhamnose_gL,all_known,eem_full,pls,"n_components=2,alpha=1.0,max_features=24,y_transform=none",10,0.89229588,0.28284613,0.4697984,-0.033240519,-1.5467639
rhamnose_gL,target_focused,eem_full,knn,"k=3,weighted=True,max_features=12,y_transform=none",10,0.89297597,0.25981101,0.59319822,-1.2488936,-23.748999
rhamnose_gL,target_focused,raman_interpretable,pcr,"n_components=5,alpha=1.0,max_features=12,y_transform=none",10,0.89309662,0.21941062,0.62074657,-0.32497159,-12.893007
rhamnose_gL,target_focused,fusion_full,pls,"n_components=8,alpha=1.0,max_features=12,y_transform=log1p",10,0.8932346,0.19669869,0.556515,-0.74131715,-20.372685
rhamnose_gL,all_known,eem_full,pcr,"n_components=2,alpha=1.0,max_features=48,y_transform=log1p",10,0.89334176,0.30481452,0.4139227,-0.0097862532,-0.44566149
rhamnose_gL,target_focused,raman_interpretable,pcr,"n_components=8,alpha=1.0,max_features=24,y_transform=log1p",10,0.89341002,0.28504886,0.54859738,-0.17826133,-8.0013865
rhamnose_gL,target_focused,raman_interpretable,pcr,"n_components=8,alpha=1.0,max_features=48,y_transform=log1p",10,0.89341002,0.28504886,0.54859738,-0.17826133,-8.0013865
rhamnose_gL,target_focused,raman_interpretable,pcr,"n_components=8,alpha=1.0,max_features=96,y_transform=log1p",10,0.89341002,0.28504886,0.54859738,-0.17826133,-8.0013865
rhamnose_gL,target_focused,eem_full,pcr,"n_components=2,alpha=1.0,max_features=192,y_transform=none",10,0.89364011,0.24413242,0.63606899,-0.254867,-10.86594
rhamnose_gL,target_focused,eem_full,pcr,"n_components=2,alpha=1.0,max_features=384,y_transform=none",10,0.89364011,0.24413242,0.63606899,-0.254867,-10.86594
rhamnose_gL,all_known,fusion_interpretable,pcr,"n_components=3,alpha=1.0,max_features=12,y_transform=log1p",10,0.8937267,0.30790961,0.43888034,-0.050788202,-2.4707382
rhamnose_gL,all_known,eem_full,pcr,"n_components=5,alpha=1.0,max_features=24,y_transform=none",10,0.8937685,0.28119405,0.46704892,-0.04058714,-1.8847666
rhamnose_gL,all_known,eem_full,pcr,"n_components=2,alpha=1.0,max_features=96,y_transform=log1p",10,0.89380498,0.30520854,0.40827932,-0.010174675,-0.45669801
rhamnose_gL,all_known,fusion_interpretable,pcr,"n_components=2,alpha=1.0,max_features=48,y_transform=none",10,0.89389663,0.29409836,0.49979669,-0.063833802,-3.0876102
rhamnose_gL,all_known,fusion_interpretable,pcr,"n_components=2,alpha=1.0,max_features=96,y_transform=none",10,0.89389663,0.29409836,0.49979669,-0.063833802,-3.0876102
rhamnose_gL,target_focused,raman_interpretable,pcr,"n_components=8,alpha=1.0,max_features=12,y_transform=none",10,0.89392956,0.21979088,0.62067616,-0.32651491,-12.977982
rhamnose_gL,target_focused,raman_interpretable,pcr,"n_components=12,alpha=1.0,max_features=12,y_transform=none",10,0.89392956,0.21979088,0.62067616,-0.32651491,-12.977982
rhamnose_gL,target_focused,raman_interpretable,ridge,"alpha=1.0,max_features=12,y_transform=none",10,0.89392956,0.21979088,0.62067616,-0.32651491,-12.977982
rhamnose_gL,all_known,eem_full,ridge,"alpha=10.0,max_features=48,y_transform=none",10,0.89400295,0.28363399,0.47552775,-0.041107688,-1.6906266
rhamnose_gL,target_focused,eem_interpretable,pls,"n_components=2,alpha=1.0,max_features=12,y_transform=none",10,0.89405273,0.2100135,0.64179335,-0.40960832,-14.283799
rhamnose_gL,target_focused,eem_interpretable,pls,"n_components=2,alpha=1.0,max_features=24,y_transform=none",10,0.89405273,0.2100135,0.64179335,-0.40960832,-14.283799
rhamnose_gL,target_focused,eem_interpretable,pls,"n_components=2,alpha=1.0,max_features=48,y_transform=none",10,0.89405273,0.2100135,0.64179335,-0.40960832,-14.283799
rhamnose_gL,target_focused,eem_interpretable,pls,"n_components=2,alpha=1.0,max_features=96,y_transform=none",10,0.89405273,0.2100135,0.64179335,-0.40960832,-14.283799
rhamnose_gL,all_known,raman_interpretable,pcr,"n_components=2,alpha=1.0,max_features=24,y_transform=none",10,0.89416918,0.29124173,0.50062111,-0.068202196,-3.2848888
rhamnose_gL,all_known,raman_interpretable,pcr,"n_components=2,alpha=1.0,max_features=48,y_transform=none",10,0.89416918,0.29124173,0.50062111,-0.068202196,-3.2848888
rhamnose_gL,all_known,raman_interpretable,pcr,"n_components=2,alpha=1.0,max_features=96,y_transform=none",10,0.89416918,0.29124173,0.50062111,-0.068202196,-3.2848888
rhamnose_gL,all_known,eem_full,pcr,"n_components=8,alpha=1.0,max_features=24,y_transform=none",10,0.89447648,0.27760529,0.47264481,-0.045685972,-2.128288
rhamnose_gL,all_known,fusion_interpretable,pcr,"n_components=2,alpha=1.0,max_features=24,y_transform=none",10,0.89448174,0.29163485,0.50112899,-0.07122732,-3.3965869
rhamnose_gL,all_known,fusion_full,pcr,"n_components=12,alpha=1.0,max_features=384,y_transform=none",10,0.89450375,0.25944102,0.49392032,-0.15568058,-5.7884242
rhamnose_gL,all_known,fusion_interpretable,pcr,"n_components=5,alpha=1.0,max_features=24,y_transform=log1p",10,0.8945767,0.30595583,0.44415174,-0.054322554,-2.645606
rhamnose_gL,all_known,eem_full,pcr,"n_components=3,alpha=1.0,max_features=48,y_transform=none",10,0.89458676,0.28914223,0.46461994,-0.036041582,-1.6727267
rhamnose_gL,target_focused,fusion_full,pcr,"n_components=2,alpha=1.0,max_features=48,y_transform=log1p",10,0.8945955,0.23283359,0.56188675,-0.33363676,-13.02778
rhamnose_gL,target_focused,raman_full,knn,"k=3,weighted=True,max_features=384,y_transform=log1p",10,0.89461701,0.24450478,0.53348005,-0.307088,-12.127642
rhamnose_gL,all_known,fusion_interpretable,pcr,"n_components=2,alpha=1.0,max_features=24,y_transform=log1p",10,0.89472006,0.30659667,0.4350364,-0.049179769,-2.4161568
rhamnose_gL,all_known,eem_full,pcr,"n_components=2,alpha=1.0,max_features=12,y_transform=log1p",10,0.89494644,0.29982863,0.41079303,-0.01844674,-0.83787141
rhamnose_gL,target_focused,fusion_full,knn,"k=3,weighted=True,max_features=48,y_transform=log1p",10,0.89531256,0.26979405,0.5368838,-0.33462215,-12.663502
rhamnose_gL,all_known,eem_full,pcr,"n_components=3,alpha=1.0,max_features=12,y_transform=log1p",10,0.8953893,0.29901108,0.41127439,-0.020104304,-0.95656061
rhamnose_gL,target_focused,fusion_full,pcr,"n_components=3,alpha=1.0,max_features=384,y_transform=log1p",10,0.8955019,0.2428797,0.56999016,-0.32548571,-12.593183
rhamnose_gL,all_known,fusion_interpretable,pcr,"n_components=2,alpha=1.0,max_features=48,y_transform=log1p",10,0.89550625,0.30739488,0.43463516,-0.049759318,-2.4445252
rhamnose_gL,all_known,fusion_interpretable,pcr,"n_components=2,alpha=1.0,max_features=96,y_transform=log1p",10,0.89550625,0.30739488,0.43463516,-0.049759318,-2.4445252
rhamnose_gL,target_focused,fusion_interpretable,pcr,"n_components=2,alpha=1.0,max_features=24,y_transform=none",10,0.89550795,0.21411731,0.62267311,-0.38875752,-14.579022
rhamnose_gL,all_known,fusion_interpretable,pls,"n_components=2,alpha=1.0,max_features=12,y_transform=none",10,0.89559918,0.28670648,0.51236759,-0.10804476,-4.7097167
rhamnose_gL,all_known,raman_interpretable,pcr,"n_components=2,alpha=1.0,max_features=24,y_transform=log1p",10,0.89583084,0.30639899,0.43555553,-0.052081155,-2.555113
rhamnose_gL,all_known,raman_interpretable,pcr,"n_components=2,alpha=1.0,max_features=48,y_transform=log1p",10,0.89583084,0.30639899,0.43555553,-0.052081155,-2.555113
rhamnose_gL,all_known,raman_interpretable,pcr,"n_components=2,alpha=1.0,max_features=96,y_transform=log1p",10,0.89583084,0.30639899,0.43555553,-0.052081155,-2.555113
rhamnose_gL,target_focused,fusion_interpretable,pcr,"n_components=2,alpha=1.0,max_features=48,y_transform=none",10,0.89583248,0.23808323,0.63342246,-0.32427671,-12.728527
rhamnose_gL,target_focused,fusion_interpretable,pcr,"n_components=2,alpha=1.0,max_features=96,y_transform=none",10,0.89583248,0.23808323,0.63342246,-0.32427671,-12.728527
rhamnose_gL,target_focused,raman_full,knn,"k=5,weighted=True,max_features=192,y_transform=log1p",10,0.89640414,0.26033594,0.5376873,-0.25282048,-10.712218
rhamnose_gL,all_known,fusion_full,pcr,"n_components=2,alpha=1.0,max_features=96,y_transform=log1p",10,0.89667656,0.30268192,0.43690706,-0.061864365,-2.9824024
rhamnose_gL,target_focused,raman_full,knn,"k=9,weighted=True,max_features=96,y_transform=log1p",10,0.89678537,0.25478649,0.53745452,-0.24895821,-10.800834
rhamnose_gL,all_known,fusion_interpretable,knn,"k=1,weighted=True,max_features=48,y_transform=none",10,0.89732324,0.29742616,0.37218421,-0.63211654,-14.089492
rhamnose_gL,all_known,fusion_interpretable,knn,"k=1,weighted=True,max_features=48,y_transform=log1p",10,0.89732324,0.29742616,0.37218421,-0.63211654,-14.089492
rhamnose_gL,all_known,fusion_interpretable,knn,"k=1,weighted=True,max_features=96,y_transform=none",10,0.89732324,0.29742616,0.37218421,-0.63211654,-14.089492
rhamnose_gL,all_known,fusion_interpretable,knn,"k=1,weighted=True,max_features=96,y_transform=log1p",10,0.89732324,0.29742616,0.37218421,-0.63211654,-14.089492
rhamnose_gL,target_focused,fusion_full,pcr,"n_components=3,alpha=1.0,max_features=48,y_transform=log1p",10,0.89732833,0.22761708,0.54834914,-0.33954829,-13.453811
rhamnose_gL,all_known,raman_full,pcr,"n_components=5,alpha=1.0,max_features=384,y_transform=none",10,0.89733649,0.27455571,0.50986846,-0.1070413,-4.7842073
rhamnose_gL,all_known,eem_full,pcr,"n_components=12,alpha=1.0,max_features=24,y_transform=none",10,0.89749077,0.28346478,0.48172638,-0.04507182,-2.1206465
rhamnose_gL,target_focused,raman_interpretable,pls,"n_components=3,alpha=1.0,max_features=24,y_transform=none",10,0.89752386,0.20853251,0.59930559,-0.39039007,-14.760725
rhamnose_gL,target_focused,raman_interpretable,pls,"n_components=3,alpha=1.0,max_features=48,y_transform=none",10,0.89752386,0.20853251,0.59930559,-0.39039007,-14.760725
rhamnose_gL,target_focused,raman_interpretable,pls,"n_components=3,alpha=1.0,max_features=96,y_transform=none",10,0.89752386,0.20853251,0.59930559,-0.39039007,-14.760725
rhamnose_gL,all_known,eem_full,pls,"n_components=3,alpha=1.0,max_features=24,y_transform=none",10,0.89752645,0.27799129,0.47424258,-0.050774868,-2.3504136
rhamnose_gL,target_focused,eem_interpretable,pls,"n_components=5,alpha=1.0,max_features=12,y_transform=log1p",10,0.89785854,0.22519667,0.57392924,-0.38930607,-13.964183
rhamnose_gL,target_focused,eem_interpretable,pls,"n_components=5,alpha=1.0,max_features=24,y_transform=log1p",10,0.89785854,0.22519667,0.57392924,-0.38930607,-13.964183
rhamnose_gL,target_focused,eem_interpretable,pls,"n_components=5,alpha=1.0,max_features=48,y_transform=log1p",10,0.89785854,0.22519667,0.57392924,-0.38930607,-13.964183
rhamnose_gL,target_focused,eem_interpretable,pls,"n_components=5,alpha=1.0,max_features=96,y_transform=log1p",10,0.89785854,0.22519667,0.57392924,-0.38930607,-13.964183
rhamnose_gL,all_known,fusion_interpretable,pcr,"n_components=5,alpha=1.0,max_features=48,y_transform=log1p",10,0.89786878,0.30048111,0.44121533,-0.067678378,-3.2715169
rhamnose_gL,all_known,fusion_interpretable,pcr,"n_components=5,alpha=1.0,max_features=96,y_transform=log1p",10,0.89786878,0.30048111,0.44121533,-0.067678378,-3.2715169
rhamnose_gL,target_focused,fusion_full,pls,"n_components=2,alpha=1.0,max_features=24,y_transform=log1p",10,0.89791412,0.18505316,0.55687415,-0.55564546,-18.238844
rhamnose_gL,target_focused,raman_interpretable,pls,"n_components=2,alpha=1.0,max_features=24,y_transform=none",10,0.89796834,0.21201853,0.62044777,-0.40227201,-14.954901
rhamnose_gL,target_focused,raman_interpretable,pls,"n_components=2,alpha=1.0,max_features=48,y_transform=none",10,0.89796834,0.21201853,0.62044777,-0.40227201,-14.954901
rhamnose_gL,target_focused,raman_interpretable,pls,"n_components=2,alpha=1.0,max_features=96,y_transform=none",10,0.89796834,0.21201853,0.62044777,-0.40227201,-14.954901
rhamnose_gL,all_known,raman_interpretable,pcr,"n_components=3,alpha=1.0,max_features=12,y_transform=log1p",10,0.89830418,0.30525351,0.43997111,-0.061659682,-3.0185142
rhamnose_gL,all_known,raman_interpretable,pcr,"n_components=2,alpha=1.0,max_features=12,y_transform=log1p",10,0.89837231,0.30717688,0.43975774,-0.058566289,-2.8640178
rhamnose_gL,target_focused,raman_full,pcr,"n_components=3,alpha=1.0,max_features=384,y_transform=log1p",10,0.89859248,0.24397278,0.55236942,-0.32125243,-12.669252
rhamnose_gL,all_known,eem_interpretable,pcr,"n_components=2,alpha=1.0,max_features=12,y_transform=log1p",10,0.89867675,0.29896459,0.42664827,-0.029108493,-1.4313949
rhamnose_gL,all_known,eem_interpretable,pcr,"n_components=2,alpha=1.0,max_features=24,y_transform=log1p",10,0.89867675,0.29896459,0.42664827,-0.029108493,-1.4313949
rhamnose_gL,all_known,eem_interpretable,pcr,"n_components=2,alpha=1.0,max_features=48,y_transform=log1p",10,0.89867675,0.29896459,0.42664827,-0.029108493,-1.4313949
rhamnose_gL,all_known,eem_interpretable,pcr,"n_components=2,alpha=1.0,max_features=96,y_transform=log1p",10,0.89867675,0.29896459,0.42664827,-0.029108493,-1.4313949
rhamnose_gL,all_known,eem_interpretable,pcr,"n_components=2,alpha=1.0,max_features=12,y_transform=none",10,0.89868918,0.27310512,0.49342703,-0.068807892,-3.1374096
rhamnose_gL,all_known,eem_interpretable,pcr,"n_components=2,alpha=1.0,max_features=24,y_transform=none",10,0.89868918,0.27310512,0.49342703,-0.068807892,-3.1374096
rhamnose_gL,all_known,eem_interpretable,pcr,"n_components=2,alpha=1.0,max_features=48,y_transform=none",10,0.89868918,0.27310512,0.49342703,-0.068807892,-3.1374096
rhamnose_gL,all_known,eem_interpretable,pcr,"n_components=2,alpha=1.0,max_features=96,y_transform=none",10,0.89868918,0.27310512,0.49342703,-0.068807892,-3.1374096
rhamnose_gL,target_focused,raman_interpretable,ridge,"alpha=10.0,max_features=24,y_transform=none",10,0.89874192,0.21407662,0.60532085,-0.37526354,-14.39491
rhamnose_gL,target_focused,raman_interpretable,ridge,"alpha=10.0,max_features=48,y_transform=none",10,0.89874192,0.21407662,0.60532085,-0.37526354,-14.39491
rhamnose_gL,target_focused,raman_interpretable,ridge,"alpha=10.0,max_features=96,y_transform=none",10,0.89874192,0.21407662,0.60532085,-0.37526354,-14.39491
rhamnose_gL,target_focused,fusion_full,pcr,"n_components=12,alpha=1.0,max_features=192,y_transform=log1p",10,0.89877185,0.18489858,0.53903294,-0.64981717,-19.689458
rhamnose_gL,all_known,fusion_interpretable,pcr,"n_components=5,alpha=1.0,max_features=24,y_transform=none",10,0.89891441,0.27186392,0.51625355,-0.12464764,-5.5123665
rhamnose_gL,target_focused,fusion_full,pcr,"n_components=3,alpha=1.0,max_features=12,y_transform=log1p",10,0.89900726,0.20660014,0.56399685,-0.51964712,-17.092265
rhamnose_gL,target_focused,fusion_full,pcr,"n_components=2,alpha=1.0,max_features=384,y_transform=none",10,0.89905509,0.21481132,0.62003423,-0.44934914,-15.924523
rhamnose_gL,all_known,raman_interpretable,pcr,"n_components=2,alpha=1.0,max_features=12,y_transform=none",10,0.89938168,0.28974631,0.50563467,-0.084394511,-4.030497
rhamnose_gL,all_known,raman_full,knn,"k=5,weighted=True,max_features=384,y_transform=log1p",10,0.89947601,0.31184121,0.4159516,-0.058344252,-2.8060398
rhamnose_gL,all_known,fusion_full,pls,"n_components=3,alpha=1.0,max_features=384,y_transform=none",10,0.8995036,0.26895864,0.5009881,-0.17073317,-6.195031
rhamnose_gL,all_known,raman_interpretable,pcr,"n_components=5,alpha=1.0,max_features=24,y_transform=log1p",10,0.89974652,0.30631023,0.44260698,-0.062846026,-3.0741013
rhamnose_gL,all_known,raman_interpretable,pcr,"n_components=5,alpha=1.0,max_features=48,y_transform=log1p",10,0.89974652,0.30631023,0.44260698,-0.062846026,-3.0741013
rhamnose_gL,all_known,raman_interpretable,pcr,"n_components=5,alpha=1.0,max_features=96,y_transform=log1p",10,0.89974652,0.30631023,0.44260698,-0.062846026,-3.0741013
rhamnose_gL,all_known,raman_interpretable,knn,"k=5,weighted=True,max_features=12,y_transform=none",10,0.89979782,0.25796525,0.48851936,-0.21058371,-7.6389176
rhamnose_gL,target_focused,fusion_full,pls,"n_components=12,alpha=1.0,max_features=12,y_transform=log1p",10,0.8998419,0.20314664,0.55906141,-0.82843761,-21.863314
rhamnose_gL,all_known,fusion_full,pcr,"n_components=2,alpha=1.0,max_features=12,y_transform=none",10,0.8999623,0.28426266,0.49083472,-0.10011452,-4.6209412
rhamnose_gL,target_focused,eem_full,ridge,"alpha=10.0,max_features=192,y_transform=log1p",10,0.90009553,0.25236837,0.51295012,-0.31795382,-12.205084
rhamnose_gL,target_focused,eem_full,ridge,"alpha=10.0,max_features=384,y_transform=log1p",10,0.90009553,0.25236837,0.51295012,-0.31795382,-12.205084
rhamnose_gL,target_focused,raman_interpretable,pls,"n_components=8,alpha=1.0,max_features=12,y_transform=none",10,0.9001159,0.21831068,0.62614762,-0.34515301,-13.807865
rhamnose_gL,target_focused,raman_interpretable,pls,"n_components=12,alpha=1.0,max_features=12,y_transform=none",10,0.9001159,0.21831068,0.62614762,-0.34515301,-13.807865
rhamnose_gL,all_known,eem_full,pls,"n_components=5,alpha=1.0,max_features=192,y_transform=none",10,0.90015034,0.25569009,0.48335288,-0.10117451,-4.1954013
rhamnose_gL,all_known,eem_full,pls,"n_components=5,alpha=1.0,max_features=384,y_transform=none",10,0.90015034,0.25569009,0.48335288,-0.10117451,-4.1954013
rhamnose_gL,all_known,fusion_full,pcr,"n_components=2,alpha=1.0,max_features=48,y_transform=log1p",10,0.9001842,0.29802617,0.42952669,-0.0791813,-3.6119436
rhamnose_gL,all_known,raman_interpretable,pcr,"n_components=3,alpha=1.0,max_features=12,y_transform=none",10,0.90031382,0.28669583,0.50719494,-0.092796071,-4.3940478
rhamnose_gL,all_known,eem_interpretable,pcr,"n_components=3,alpha=1.0,max_features=12,y_transform=log1p",10,0.90034187,0.29839665,0.42751703,-0.034903762,-1.7110963
rhamnose_gL,all_known,eem_interpretable,pcr,"n_components=3,alpha=1.0,max_features=24,y_transform=log1p",10,0.90034187,0.29839665,0.42751703,-0.034903762,-1.7110963
rhamnose_gL,all_known,eem_interpretable,pcr,"n_components=3,alpha=1.0,max_features=48,y_transform=log1p",10,0.90034187,0.29839665,0.42751703,-0.034903762,-1.7110963
rhamnose_gL,all_known,eem_interpretable,pcr,"n_components=3,alpha=1.0,max_features=96,y_transform=log1p",10,0.90034187,0.29839665,0.42751703,-0.034903762,-1.7110963
rhamnose_gL,all_known,raman_interpretable,pcr,"n_components=3,alpha=1.0,max_features=24,y_transform=log1p",10,0.90042601,0.30593932,0.44117317,-0.06531018,-3.1818554
rhamnose_gL,all_known,raman_interpretable,pcr,"n_components=3,alpha=1.0,max_features=48,y_transform=log1p",10,0.90042601,0.30593932,0.44117317,-0.06531018,-3.1818554
rhamnose_gL,all_known,raman_interpretable,pcr,"n_components=3,alpha=1.0,max_features=96,y_transform=log1p",10,0.90042601,0.30593932,0.44117317,-0.06531018,-3.1818554
rhamnose_gL,target_focused,raman_interpretable,pls,"n_components=5,alpha=1.0,max_features=12,y_transform=none",10,0.90044831,0.21836962,0.62573013,-0.34579954,-13.84476
rhamnose_gL,all_known,eem_full,pcr,"n_components=3,alpha=1.0,max_features=24,y_transform=none",10,0.90048644,0.29086393,0.46966514,-0.04730852,-2.2414927
rhamnose_gL,target_focused,fusion_full,pcr,"n_components=8,alpha=1.0,max_features=384,y_transform=log1p",10,0.90054166,0.19365398,0.54730441,-0.4568689,-16.644153
rhamnose_gL,target_focused,fusion_full,pls,"n_components=12,alpha=1.0,max_features=24,y_transform=log1p",10,0.90084573,0.20058955,0.56478583,-0.599068,-18.691682
rhamnose_gL,all_known,fusion_full,pcr,"n_components=2,alpha=1.0,max_features=192,y_transform=log1p",10,0.90101809,0.30425334,0.43698308,-0.069273326,-3.373012
rhamnose_gL,all_known,eem_full,pcr,"n_components=2,alpha=1.0,max_features=96,y_transform=none",10,0.90107383,0.28884712,0.46939966,-0.051564069,-2.4135047
rhamnose_gL,target_focused,eem_full,pls,"n_components=5,alpha=1.0,max_features=192,y_transform=none",10,0.901289,0.17647211,0.62229454,-0.53815789,-17.801707
rhamnose_gL,target_focused,eem_full,pls,"n_components=5,alpha=1.0,max_features=384,y_transform=none",10,0.901289,0.17647211,0.62229454,-0.53815789,-17.801707
rhamnose_gL,all_known,fusion_interpretable,pls,"n_components=2,alpha=1.0,max_features=24,y_transform=log1p",10,0.90133702,0.31026377,0.4485902,-0.073268766,-3.5186784
rhamnose_gL,all_known,raman_interpretable,knn,"k=9,weighted=True,max_features=12,y_transform=none",10,0.90148852,0.25499129,0.4906979,-0.17862356,-7.146506
rhamnose_gL,all_known,fusion_interpretable,pls,"n_components=2,alpha=1.0,max_features=24,y_transform=none",10,0.90164208,0.2707565,0.51643758,-0.13737207,-5.9978722
rhamnose_gL,all_known,raman_full,knn,"k=3,weighted=True,max_features=192,y_transform=log1p",10,0.90186639,0.31824521,0.40827586,-0.060791394,-2.9153056
rhamnose_gL,all_known,fusion_full,pcr,"n_components=3,alpha=1.0,max_features=96,y_transform=none",10,0.90191608,0.27323104,0.49467005,-0.121842,-5.377824
rhamnose_gL,target_focused,eem_interpretable,pls,"n_components=8,alpha=1.0,max_features=12,y_transform=log1p",10,0.90195228,0.21359202,0.57950804,-0.44928638,-15.613357
rhamnose_gL,target_focused,eem_interpretable,pls,"n_components=8,alpha=1.0,max_features=24,y_transform=log1p",10,0.90195228,0.21359202,0.57950804,-0.44928638,-15.613357
rhamnose_gL,target_focused,eem_interpretable,pls,"n_components=8,alpha=1.0,max_features=48,y_transform=log1p",10,0.90195228,0.21359202,0.57950804,-0.44928638,-15.613357
rhamnose_gL,target_focused,eem_interpretable,pls,"n_components=8,alpha=1.0,max_features=96,y_transform=log1p",10,0.90195228,0.21359202,0.57950804,-0.44928638,-15.613357
rhamnose_gL,all_known,eem_interpretable,pcr,"n_components=5,alpha=1.0,max_features=12,y_transform=log1p",10,0.90198386,0.29633727,0.42680256,-0.041739684,-2.0423455
rhamnose_gL,all_known,eem_interpretable,pcr,"n_components=5,alpha=1.0,max_features=24,y_transform=log1p",10,0.90198386,0.29633727,0.42680256,-0.041739684,-2.0423455
rhamnose_gL,all_known,eem_interpretable,pcr,"n_components=5,alpha=1.0,max_features=48,y_transform=log1p",10,0.90198386,0.29633727,0.42680256,-0.041739684,-2.0423455
rhamnose_gL,all_known,eem_interpretable,pcr,"n_components=5,alpha=1.0,max_features=96,y_transform=log1p",10,0.90198386,0.29633727,0.42680256,-0.041739684,-2.0423455
rhamnose_gL,all_known,raman_full,knn,"k=9,weighted=True,max_features=384,y_transform=log1p",10,0.90211642,0.30644536,0.41693644,-0.070628325,-3.4422164
rhamnose_gL,target_focused,fusion_full,ridge,"alpha=0.1,max_features=12,y_transform=log1p",10,0.90218632,0.20431128,0.56057196,-0.85929383,-22.452492
rhamnose_gL,all_known,eem_interpretable,pcr,"n_components=3,alpha=1.0,max_features=12,y_transform=none",10,0.90235582,0.27150784,0.49141798,-0.084940033,-3.8056801
rhamnose_gL,all_known,eem_interpretable,pcr,"n_components=3,alpha=1.0,max_features=24,y_transform=none",10,0.90235582,0.27150784,0.49141798,-0.084940033,-3.8056801
rhamnose_gL,all_known,eem_interpretable,pcr,"n_components=3,alpha=1.0,max_features=48,y_transform=none",10,0.90235582,0.27150784,0.49141798,-0.084940033,-3.8056801
rhamnose_gL,all_known,eem_interpretable,pcr,"n_components=3,alpha=1.0,max_features=96,y_transform=none",10,0.90235582,0.27150784,0.49141798,-0.084940033,-3.8056801
rhamnose_gL,all_known,eem_full,pcr,"n_components=2,alpha=1.0,max_features=192,y_transform=log1p",10,0.90237249,0.30574361,0.41907866,-0.029185723,-1.4117367
rhamnose_gL,all_known,eem_full,pcr,"n_components=2,alpha=1.0,max_features=384,y_transform=log1p",10,0.90237249,0.30574361,0.41907866,-0.029185723,-1.4117367
rhamnose_gL,all_known,fusion_interpretable,pcr,"n_components=8,alpha=1.0,max_features=48,y_transform=log1p",10,0.90238359,0.30293284,0.45308903,-0.077127361,-3.7301572
rhamnose_gL,all_known,fusion_interpretable,pcr,"n_components=8,alpha=1.0,max_features=96,y_transform=log1p",10,0.90238359,0.30293284,0.45308903,-0.077127361,-3.7301572
rhamnose_gL,all_known,eem_interpretable,pls,"n_components=2,alpha=1.0,max_features=12,y_transform=log1p",10,0.9023877,0.29726164,0.43031478,-0.042237902,-2.0664256
rhamnose_gL,all_known,eem_interpretable,pls,"n_components=2,alpha=1.0,max_features=24,y_transform=log1p",10,0.9023877,0.29726164,0.43031478,-0.042237902,-2.0664256
rhamnose_gL,all_known,eem_interpretable,pls,"n_components=2,alpha=1.0,max_features=48,y_transform=log1p",10,0.9023877,0.29726164,0.43031478,-0.042237902,-2.0664256
rhamnose_gL,all_known,eem_interpretable,pls,"n_components=2,alpha=1.0,max_features=96,y_transform=log1p",10,0.9023877,0.29726164,0.43031478,-0.042237902,-2.0664256
rhamnose_gL,target_focused,fusion_full,ridge,"alpha=10.0,max_features=48,y_transform=log1p",10,0.90241141,0.21071895,0.55453824,-0.59872251,-18.969256
rhamnose_gL,all_known,eem_interpretable,pls,"n_components=2,alpha=1.0,max_features=12,y_transform=none",10,0.90264428,0.27061979,0.4934784,-0.087772522,-3.9285165
rhamnose_gL,all_known,eem_interpretable,pls,"n_components=2,alpha=1.0,max_features=24,y_transform=none",10,0.90264428,0.27061979,0.4934784,-0.087772522,-3.9285165
rhamnose_gL,all_known,eem_interpretable,pls,"n_components=2,alpha=1.0,max_features=48,y_transform=none",10,0.90264428,0.27061979,0.4934784,-0.087772522,-3.9285165
rhamnose_gL,all_known,eem_interpretable,pls,"n_components=2,alpha=1.0,max_features=96,y_transform=none",10,0.90264428,0.27061979,0.4934784,-0.087772522,-3.9285165
rhamnose_gL,all_known,eem_full,pcr,"n_components=5,alpha=1.0,max_features=12,y_transform=none",10,0.90270818,0.2870768,0.47540513,-0.055829941,-2.6358354
rhamnose_gL,all_known,raman_interpretable,pcr,"n_components=3,alpha=1.0,max_features=24,y_transform=none",10,0.90283733,0.28741204,0.50870463,-0.097050381,-4.5923413
rhamnose_gL,all_known,raman_interpretable,pcr,"n_components=3,alpha=1.0,max_features=48,y_transform=none",10,0.90283733,0.28741204,0.50870463,-0.097050381,-4.5923413
rhamnose_gL,all_known,raman_interpretable,pcr,"n_components=3,alpha=1.0,max_features=96,y_transform=none",10,0.90283733,0.28741204,0.50870463,-0.097050381,-4.5923413
rhamnose_gL,all_known,raman_interpretable,pcr,"n_components=5,alpha=1.0,max_features=24,y_transform=none",10,0.90292105,0.28732012,0.51269417,-0.096895652,-4.6062296
rhamnose_gL,all_known,raman_interpretable,pcr,"n_components=5,alpha=1.0,max_features=48,y_transform=none",10,0.90292105,0.28732012,0.51269417,-0.096895652,-4.6062296
rhamnose_gL,all_known,raman_interpretable,pcr,"n_components=5,alpha=1.0,max_features=96,y_transform=none",10,0.90292105,0.28732012,0.51269417,-0.096895652,-4.6062296
rhamnose_gL,target_focused,fusion_full,pcr,"n_components=2,alpha=1.0,max_features=192,y_transform=none",10,0.90301613,0.20366261,0.616197,-0.52839386,-17.869076
rhamnose_gL,all_known,fusion_interpretable,knn,"k=3,weighted=True,max_features=24,y_transform=none",10,0.9031148,0.27095647,0.43407214,-0.23315697,-8.355126
rhamnose_gL,all_known,eem_full,ridge,"alpha=10.0,max_features=24,y_transform=none",10,0.90360184,0.28307564,0.48983171,-0.061114929,-2.789942
rhamnose_gL,target_focused,raman_full,knn,"k=9,weighted=True,max_features=48,y_transform=log1p",10,0.90393624,0.23889401,0.54885624,-0.30876743,-12.933141
rhamnose_gL,all_known,fusion_interpretable,pls,"n_components=2,alpha=1.0,max_features=12,y_transform=log1p",10,0.9040767,0.33170247,0.44878776,-0.066607636,-3.1671763
rhamnose_gL,all_known,fusion_interpretable,pcr,"n_components=5,alpha=1.0,max_features=48,y_transform=none",10,0.90412019,0.26568936,0.51495496,-0.14775299,-6.4690819
rhamnose_gL,all_known,fusion_interpretable,pcr,"n_components=5,alpha=1.0,max_features=96,y_transform=none",10,0.90412019,0.26568936,0.51495496,-0.14775299,-6.4690819
rhamnose_gL,target_focused,raman_interpretable,ridge,"alpha=0.1,max_features=24,y_transform=log1p",10,0.90435683,0.27880688,0.56223592,-0.24061838,-10.363635
rhamnose_gL,target_focused,raman_interpretable,ridge,"alpha=0.1,max_features=48,y_transform=log1p",10,0.90435683,0.27880688,0.56223592,-0.24061838,-10.363635
rhamnose_gL,target_focused,raman_interpretable,ridge,"alpha=0.1,max_features=96,y_transform=log1p",10,0.90435683,0.27880688,0.56223592,-0.24061838,-10.363635
rhamnose_gL,all_known,fusion_full,pcr,"n_components=8,alpha=1.0,max_features=192,y_transform=none",10,0.90443148,0.28435542,0.48562297,-0.21347232,-6.9153552
rhamnose_gL,all_known,raman_full,pcr,"n_components=8,alpha=1.0,max_features=384,y_transform=log1p",10,0.9045395,0.29000457,0.4416032,-0.10490113,-4.6816436
rhamnose_gL,all_known,eem_full,pcr,"n_components=2,alpha=1.0,max_features=48,y_transform=none",10,0.90457828,0.28698114,0.47858768,-0.064208144,-3.0212213
rhamnose_gL,all_known,eem_interpretable,pcr,"n_components=5,alpha=1.0,max_features=12,y_transform=none",10,0.90475963,0.26986319,0.49127783,-0.0929678,-4.1818235
rhamnose_gL,all_known,eem_interpretable,pcr,"n_components=5,alpha=1.0,max_features=24,y_transform=none",10,0.90475963,0.26986319,0.49127783,-0.0929678,-4.1818235
rhamnose_gL,all_known,eem_interpretable,pcr,"n_components=5,alpha=1.0,max_features=48,y_transform=none",10,0.90475963,0.26986319,0.49127783,-0.0929678,-4.1818235
rhamnose_gL,all_known,eem_interpretable,pcr,"n_components=5,alpha=1.0,max_features=96,y_transform=none",10,0.90475963,0.26986319,0.49127783,-0.0929678,-4.1818235
rhamnose_gL,all_known,eem_full,pls,"n_components=2,alpha=1.0,max_features=12,y_transform=none",10,0.90477176,0.28552046,0.47683005,-0.063318228,-3.0025189
rhamnose_gL,target_focused,eem_full,knn,"k=3,weighted=True,max_features=48,y_transform=none",10,0.90481993,0.2251388,0.58689466,-1.1825717,-25.157394
rhamnose_gL,target_focused,eem_full,knn,"k=3,weighted=True,max_features=24,y_transform=log1p",10,0.90482149,0.27171921,0.57007293,-0.93012221,-20.878054
rhamnose_gL,target_focused,fusion_full,pcr,"n_components=3,alpha=1.0,max_features=192,y_transform=log1p",10,0.90520443,0.2361715,0.56420932,-0.35747481,-14.07165
rhamnose_gL,target_focused,eem_interpretable,ridge,"alpha=10.0,max_features=12,y_transform=none",10,0.90530772,0.20877683,0.64477665,-0.5152616,-16.858294
rhamnose_gL,target_focused,eem_interpretable,ridge,"alpha=10.0,max_features=24,y_transform=none",10,0.90530772,0.20877683,0.64477665,-0.5152616,-16.858294
rhamnose_gL,target_focused,eem_interpretable,ridge,"alpha=10.0,max_features=48,y_transform=none",10,0.90530772,0.20877683,0.64477665,-0.5152616,-16.858294
rhamnose_gL,target_focused,eem_interpretable,ridge,"alpha=10.0,max_features=96,y_transform=none",10,0.90530772,0.20877683,0.64477665,-0.5152616,-16.858294
rhamnose_gL,all_known,fusion_interpretable,pcr,"n_components=5,alpha=1.0,max_features=12,y_transform=log1p",10,0.90556853,0.31372359,0.45134352,-0.083234298,-3.9915787
rhamnose_gL,all_known,eem_interpretable,pls,"n_components=3,alpha=1.0,max_features=12,y_transform=log1p",10,0.90568896,0.29693187,0.42949572,-0.050478304,-2.471107
rhamnose_gL,all_known,eem_interpretable,pls,"n_components=3,alpha=1.0,max_features=24,y_transform=log1p",10,0.90568896,0.29693187,0.42949572,-0.050478304,-2.471107
rhamnose_gL,all_known,eem_interpretable,pls,"n_components=3,alpha=1.0,max_features=48,y_transform=log1p",10,0.90568896,0.29693187,0.42949572,-0.050478304,-2.471107
rhamnose_gL,all_known,eem_interpretable,pls,"n_components=3,alpha=1.0,max_features=96,y_transform=log1p",10,0.90568896,0.29693187,0.42949572,-0.050478304,-2.471107
rhamnose_gL,all_known,eem_full,pcr,"n_components=2,alpha=1.0,max_features=24,y_transform=none",10,0.90607024,0.28935726,0.47474408,-0.064202074,-3.026257
rhamnose_gL,all_known,eem_full,pls,"n_components=3,alpha=1.0,max_features=12,y_transform=none",10,0.90620809,0.28725087,0.48418785,-0.065613825,-3.0825407
rhamnose_gL,all_known,eem_interpretable,ridge,"alpha=10.0,max_features=12,y_transform=log1p",10,0.90629767,0.29618519,0.42916527,-0.053020035,-2.593979
rhamnose_gL,all_known,eem_interpretable,ridge,"alpha=10.0,max_features=24,y_transform=log1p",10,0.90629767,0.29618519,0.42916527,-0.053020035,-2.593979
rhamnose_gL,all_known,eem_interpretable,ridge,"alpha=10.0,max_features=48,y_transform=log1p",10,0.90629767,0.29618519,0.42916527,-0.053020035,-2.593979
rhamnose_gL,all_known,eem_interpretable,ridge,"alpha=10.0,max_features=96,y_transform=log1p",10,0.90629767,0.29618519,0.42916527,-0.053020035,-2.593979
rhamnose_gL,target_focused,eem_full,knn,"k=3,weighted=True,max_features=192,y_transform=none",10,0.90638003,0.18622975,0.58733403,-0.97303893,-24.135522
rhamnose_gL,target_focused,eem_full,knn,"k=3,weighted=True,max_features=384,y_transform=none",10,0.90638003,0.18622975,0.58733403,-0.97303893,-24.135522
rhamnose_gL,target_focused,raman_interpretable,ridge,"alpha=1.0,max_features=24,y_transform=log1p",10,0.90658526,0.28290203,0.56221957,-0.22711834,-10.038497
rhamnose_gL,target_focused,raman_interpretable,ridge,"alpha=1.0,max_features=48,y_transform=log1p",10,0.90658526,0.28290203,0.56221957,-0.22711834,-10.038497
rhamnose_gL,target_focused,raman_interpretable,ridge,"alpha=1.0,max_features=96,y_transform=log1p",10,0.90658526,0.28290203,0.56221957,-0.22711834,-10.038497
rhamnose_gL,all_known,eem_full,pcr,"n_components=2,alpha=1.0,max_features=192,y_transform=none",10,0.90665395,0.28844788,0.48534786,-0.061483982,-2.9440649
rhamnose_gL,all_known,eem_full,pcr,"n_components=2,alpha=1.0,max_features=384,y_transform=none",10,0.90665395,0.28844788,0.48534786,-0.061483982,-2.9440649
rhamnose_gL,all_known,eem_full,pcr,"n_components=8,alpha=1.0,max_features=12,y_transform=none",10,0.90681715,0.2831513,0.48380278,-0.072609102,-3.4117936
rhamnose_gL,all_known,eem_full,ridge,"alpha=10.0,max_features=96,y_transform=none",10,0.90719207,0.27856045,0.49686222,-0.087523231,-3.733781
rhamnose_gL,all_known,eem_full,ridge,"alpha=10.0,max_features=12,y_transform=none",10,0.90728992,0.28580928,0.48341122,-0.069885699,-3.2997843
rhamnose_gL,all_known,fusion_interpretable,pcr,"n_components=5,alpha=1.0,max_features=12,y_transform=none",10,0.90730573,0.27254711,0.5193223,-0.15675999,-6.8191483
rhamnose_gL,all_known,fusion_full,pcr,"n_components=2,alpha=1.0,max_features=384,y_transform=log1p",10,0.90740755,0.30046814,0.44163637,-0.091436901,-4.3338304
rhamnose_gL,all_known,fusion_interpretable,ridge,"alpha=10.0,max_features=12,y_transform=none",10,0.90741758,0.2819477,0.5196289,-0.14508785,-6.4087638
rhamnose_gL,target_focused,raman_full,knn,"k=5,weighted=True,max_features=384,y_transform=none",10,0.90769781,0.20941161,0.56408335,-0.50478257,-17.489446
rhamnose_gL,target_focused,raman_full,pcr,"n_components=2,alpha=1.0,max_features=384,y_transform=none",10,0.90789518,0.20407874,0.63195267,-0.45698497,-16.794151
rhamnose_gL,target_focused,fusion_interpretable,pls,"n_components=8,alpha=1.0,max_features=48,y_transform=log1p",10,0.90790124,0.26208834,0.54959734,-0.3515336,-13.086781
rhamnose_gL,target_focused,fusion_interpretable,pls,"n_components=8,alpha=1.0,max_features=96,y_transform=log1p",10,0.90790124,0.26208834,0.54959734,-0.3515336,-13.086781
rhamnose_gL,target_focused,fusion_full,pls,"n_components=3,alpha=1.0,max_features=24,y_transform=log1p",10,0.9079339,0.22578546,0.54888292,-0.72299014,-20.957383
rhamnose_gL,target_focused,raman_interpretable,knn,"k=9,weighted=True,max_features=12,y_transform=none",10,0.90796396,0.1266906,0.59929402,-0.76377771,-23.208946
rhamnose_gL,target_focused,eem_interpretable,pls,"n_components=12,alpha=1.0,max_features=12,y_transform=log1p",10,0.90805988,0.20809313,0.58217335,-0.50987678,-17.154326
rhamnose_gL,target_focused,eem_interpretable,pls,"n_components=12,alpha=1.0,max_features=24,y_transform=log1p",10,0.90805988,0.20809313,0.58217335,-0.50987678,-17.154326
rhamnose_gL,target_focused,eem_interpretable,pls,"n_components=12,alpha=1.0,max_features=48,y_transform=log1p",10,0.90805988,0.20809313,0.58217335,-0.50987678,-17.154326
rhamnose_gL,target_focused,eem_interpretable,pls,"n_components=12,alpha=1.0,max_features=96,y_transform=log1p",10,0.90805988,0.20809313,0.58217335,-0.50987678,-17.154326
rhamnose_gL,all_known,raman_interpretable,pls,"n_components=2,alpha=1.0,max_features=12,y_transform=none",10,0.90807583,0.29697737,0.51444992,-0.10690458,-5.0139227
rhamnose_gL,target_focused,fusion_full,pcr,"n_components=8,alpha=1.0,max_features=24,y_transform=log1p",10,0.90829599,0.2105122,0.56395432,-0.59526773,-19.542658
rhamnose_gL,all_known,raman_full,knn,"k=9,weighted=True,max_features=96,y_transform=log1p",10,0.90839026,0.30566068,0.419693,-0.089547436,-4.3131193
rhamnose_gL,all_known,eem_full,pcr,"n_components=2,alpha=1.0,max_features=12,y_transform=none",10,0.90847556,0.28139272,0.47410908,-0.078829749,-3.7080385
rhamnose_gL,all_known,fusion_interpretable,knn,"k=5,weighted=True,max_features=12,y_transform=log1p",10,0.90900981,0.27974915,0.4281897,-0.17063615,-7.1152081
rhamnose_gL,all_known,eem_interpretable,pls,"n_components=3,alpha=1.0,max_features=12,y_transform=none",10,0.90923772,0.26796408,0.49567266,-0.10831634,-4.8688151
rhamnose_gL,all_known,eem_interpretable,pls,"n_components=3,alpha=1.0,max_features=24,y_transform=none",10,0.90923772,0.26796408,0.49567266,-0.10831634,-4.8688151
rhamnose_gL,all_known,eem_interpretable,pls,"n_components=3,alpha=1.0,max_features=48,y_transform=none",10,0.90923772,0.26796408,0.49567266,-0.10831634,-4.8688151
rhamnose_gL,all_known,eem_interpretable,pls,"n_components=3,alpha=1.0,max_features=96,y_transform=none",10,0.90923772,0.26796408,0.49567266,-0.10831634,-4.8688151
rhamnose_gL,target_focused,fusion_full,ridge,"alpha=0.1,max_features=24,y_transform=log1p",10,0.90935482,0.20438426,0.57135445,-0.63931191,-19.904024
rhamnose_gL,all_known,raman_full,knn,"k=9,weighted=True,max_features=192,y_transform=log1p",10,0.9093647,0.30639726,0.41862014,-0.092384184,-4.4408835
rhamnose_gL,target_focused,fusion_full,pcr,"n_components=3,alpha=1.0,max_features=96,y_transform=log1p",10,0.90939733,0.24482119,0.56475609,-0.33370084,-13.717786
rhamnose_gL,all_known,fusion_interpretable,pls,"n_components=2,alpha=1.0,max_features=48,y_transform=none",10,0.90948364,0.26760991,0.51724225,-0.1685529,-7.2246001
rhamnose_gL,all_known,fusion_interpretable,pls,"n_components=2,alpha=1.0,max_features=96,y_transform=none",10,0.90948364,0.26760991,0.51724225,-0.1685529,-7.2246001
rhamnose_gL,all_known,eem_full,knn,"k=1,weighted=True,max_features=24,y_transform=none",10,0.9098552,0.41036693,0.40434211,-0.21314387,-4.825013
rhamnose_gL,all_known,eem_full,knn,"k=1,weighted=True,max_features=24,y_transform=log1p",10,0.9098552,0.41036693,0.40434211,-0.21314387,-4.825013
rhamnose_gL,all_known,eem_full,pcr,"n_components=3,alpha=1.0,max_features=12,y_transform=none",10,0.90997293,0.28051412,0.47808022,-0.084439319,-3.974369
rhamnose_gL,all_known,raman_full,pcr,"n_components=5,alpha=1.0,max_features=192,y_transform=log1p",10,0.91012042,0.29289859,0.44331913,-0.13437663,-5.5175062
rhamnose_gL,target_focused,fusion_full,pcr,"n_components=3,alpha=1.0,max_features=24,y_transform=log1p",10,0.91036238,0.21061703,0.55876676,-0.54179098,-18.186072
rhamnose_gL,all_known,raman_interpretable,knn,"k=5,weighted=True,max_features=24,y_transform=log1p",10,0.91054809,0.28984739,0.4381784,-0.11484512,-5.4501171
rhamnose_gL,all_known,raman_interpretable,knn,"k=5,weighted=True,max_features=48,y_transform=log1p",10,0.91054809,0.28984739,0.4381784,-0.11484512,-5.4501171
rhamnose_gL,all_known,raman_interpretable,knn,"k=5,weighted=True,max_features=96,y_transform=log1p",10,0.91054809,0.28984739,0.4381784,-0.11484512,-5.4501171
rhamnose_gL,all_known,raman_full,knn,"k=5,weighted=True,max_features=96,y_transform=log1p",10,0.91089194,0.30568879,0.41677948,-0.09683741,-4.5509316
rhamnose_gL,target_focused,fusion_full,pcr,"n_components=12,alpha=1.0,max_features=384,y_transform=log1p",10,0.91091065,0.19624902,0.54931004,-0.70829265,-21.337037
rhamnose_gL,all_known,raman_full,knn,"k=5,weighted=True,max_features=192,y_transform=log1p",10,0.91096251,0.3114503,0.41681709,-0.095339296,-4.4823891
rhamnose_gL,target_focused,eem_full,knn,"k=5,weighted=True,max_features=24,y_transform=none",10,0.91105637,0.21485084,0.6182886,-0.94239988,-23.018651
rhamnose_gL,target_focused,raman_interpretable,pcr,"n_components=5,alpha=1.0,max_features=24,y_transform=none",10,0.91128248,0.20169365,0.61916329,-0.44471859,-16.913151
rhamnose_gL,target_focused,raman_interpretable,pcr,"n_components=5,alpha=1.0,max_features=48,y_transform=none",10,0.91128248,0.20169365,0.61916329,-0.44471859,-16.913151
rhamnose_gL,target_focused,raman_interpretable,pcr,"n_components=5,alpha=1.0,max_features=96,y_transform=none",10,0.91128248,0.20169365,0.61916329,-0.44471859,-16.913151
rhamnose_gL,target_focused,raman_interpretable,pcr,"n_components=8,alpha=1.0,max_features=24,y_transform=none",10,0.91139078,0.21702217,0.61263687,-0.39664985,-15.653786
rhamnose_gL,target_focused,raman_interpretable,pcr,"n_components=8,alpha=1.0,max_features=48,y_transform=none",10,0.91139078,0.21702217,0.61263687,-0.39664985,-15.653786
rhamnose_gL,target_focused,raman_interpretable,pcr,"n_components=8,alpha=1.0,max_features=96,y_transform=none",10,0.91139078,0.21702217,0.61263687,-0.39664985,-15.653786
rhamnose_gL,all_known,raman_full,pcr,"n_components=8,alpha=1.0,max_features=192,y_transform=log1p",10,0.9114575,0.29124,0.44654605,-0.13249887,-5.6345707
rhamnose_gL,all_known,eem_interpretable,ridge,"alpha=10.0,max_features=12,y_transform=none",10,0.91165036,0.26793885,0.49562978,-0.11489161,-5.180974
rhamnose_gL,all_known,eem_interpretable,ridge,"alpha=10.0,max_features=24,y_transform=none",10,0.91165036,0.26793885,0.49562978,-0.11489161,-5.180974
rhamnose_gL,all_known,eem_interpretable,ridge,"alpha=10.0,max_features=48,y_transform=none",10,0.91165036,0.26793885,0.49562978,-0.11489161,-5.180974
rhamnose_gL,all_known,eem_interpretable,ridge,"alpha=10.0,max_features=96,y_transform=none",10,0.91165036,0.26793885,0.49562978,-0.11489161,-5.180974
rhamnose_gL,all_known,eem_full,pls,"n_components=5,alpha=1.0,max_features=96,y_transform=none",10,0.91214563,0.26552624,0.48690134,-0.11530332,-5.0607551
rhamnose_gL,all_known,raman_interpretable,pls,"n_components=2,alpha=1.0,max_features=24,y_transform=none",10,0.91244714,0.29572884,0.51999501,-0.12009306,-5.6227017
rhamnose_gL,all_known,raman_interpretable,pls,"n_components=2,alpha=1.0,max_features=48,y_transform=none",10,0.91244714,0.29572884,0.51999501,-0.12009306,-5.6227017
rhamnose_gL,all_known,raman_interpretable,pls,"n_components=2,alpha=1.0,max_features=96,y_transform=none",10,0.91244714,0.29572884,0.51999501,-0.12009306,-5.6227017
rhamnose_gL,all_known,raman_full,knn,"k=3,weighted=True,max_features=384,y_transform=none",10,0.91247092,0.31510712,0.42766588,-0.093326476,-4.3882531
rhamnose_gL,all_known,raman_interpretable,knn,"k=9,weighted=True,max_features=24,y_transform=none",10,0.91247942,0.25018646,0.50938624,-0.2063835,-8.6010403
rhamnose_gL,all_known,raman_interpretable,knn,"k=9,weighted=True,max_features=48,y_transform=none",10,0.91247942,0.25018646,0.50938624,-0.2063835,-8.6010403
rhamnose_gL,all_known,raman_interpretable,knn,"k=9,weighted=True,max_features=96,y_transform=none",10,0.91247942,0.25018646,0.50938624,-0.2063835,-8.6010403
rhamnose_gL,target_focused,raman_full,knn,"k=9,weighted=True,max_features=192,y_transform=none",10,0.91259765,0.2034122,0.56639618,-0.47659801,-17.607685
rhamnose_gL,all_known,fusion_full,pcr,"n_components=2,alpha=1.0,max_features=192,y_transform=none",10,0.91287839,0.27791829,0.50888265,-0.14209669,-6.562191
rhamnose_gL,all_known,raman_full,pls,"n_components=3,alpha=1.0,max_features=192,y_transform=log1p",10,0.91304898,0.28512714,0.44895613,-0.1467243,-6.2063973
rhamnose_gL,all_known,eem_interpretable,pls,"n_components=5,alpha=1.0,max_features=12,y_transform=log1p",10,0.91325536,0.29514607,0.42924335,-0.073339068,-3.5692587
rhamnose_gL,all_known,eem_interpretable,pls,"n_components=5,alpha=1.0,max_features=24,y_transform=log1p",10,0.91325536,0.29514607,0.42924335,-0.073339068,-3.5692587
rhamnose_gL,all_known,eem_interpretable,pls,"n_components=5,alpha=1.0,max_features=48,y_transform=log1p",10,0.91325536,0.29514607,0.42924335,-0.073339068,-3.5692587
rhamnose_gL,all_known,eem_interpretable,pls,"n_components=5,alpha=1.0,max_features=96,y_transform=log1p",10,0.91325536,0.29514607,0.42924335,-0.073339068,-3.5692587
rhamnose_gL,all_known,fusion_interpretable,pls,"n_components=3,alpha=1.0,max_features=12,y_transform=none",10,0.91326954,0.27252874,0.5257028,-0.17687066,-7.6741737
rhamnose_gL,all_known,fusion_full,knn,"k=3,weighted=True,max_features=12,y_transform=none",10,0.91331837,0.25031743,0.46341032,-0.3956326,-12.411564
rhamnose_gL,target_focused,fusion_full,pcr,"n_components=8,alpha=1.0,max_features=192,y_transform=log1p",10,0.9133384,0.18951668,0.53906315,-0.5477224,-19.331281
rhamnose_gL,all_known,eem_interpretable,pcr,"n_components=12,alpha=1.0,max_features=12,y_transform=log1p",10,0.91363414,0.29438898,0.43289874,-0.074860076,-3.6418275
rhamnose_gL,all_known,eem_interpretable,pcr,"n_components=12,alpha=1.0,max_features=24,y_transform=log1p",10,0.91363414,0.29438898,0.43289874,-0.074860076,-3.6418275
rhamnose_gL,all_known,eem_interpretable,pcr,"n_components=12,alpha=1.0,max_features=48,y_transform=log1p",10,0.91363414,0.29438898,0.43289874,-0.074860076,-3.6418275
rhamnose_gL,all_known,eem_interpretable,pcr,"n_components=12,alpha=1.0,max_features=96,y_transform=log1p",10,0.91363414,0.29438898,0.43289874,-0.074860076,-3.6418275
rhamnose_gL,all_known,eem_interpretable,ridge,"alpha=1.0,max_features=12,y_transform=log1p",10,0.91363414,0.29438898,0.43289874,-0.074860076,-3.6418275
rhamnose_gL,all_known,eem_interpretable,ridge,"alpha=1.0,max_features=24,y_transform=log1p",10,0.91363414,0.29438898,0.43289874,-0.074860076,-3.6418275
rhamnose_gL,all_known,eem_interpretable,ridge,"alpha=1.0,max_features=48,y_transform=log1p",10,0.91363414,0.29438898,0.43289874,-0.074860076,-3.6418275
rhamnose_gL,all_known,eem_interpretable,ridge,"alpha=1.0,max_features=96,y_transform=log1p",10,0.91363414,0.29438898,0.43289874,-0.074860076,-3.6418275
rhamnose_gL,target_focused,raman_interpretable,knn,"k=5,weighted=True,max_features=12,y_transform=log1p",10,0.91365631,0.22846656,0.5379272,-0.42705783,-15.978694
rhamnose_gL,all_known,fusion_interpretable,ridge,"alpha=10.0,max_features=12,y_transform=log1p",10,0.91374254,0.33721684,0.45274859,-0.090773628,-4.3010854
rhamnose_gL,target_focused,raman_full,knn,"k=5,weighted=True,max_features=96,y_transform=log1p",10,0.91374319,0.25435326,0.54064561,-0.32814834,-13.656754
rhamnose_gL,all_known,raman_full,pcr,"n_components=5,alpha=1.0,max_features=192,y_transform=none",10,0.91428169,0.27417203,0.51418154,-0.18085247,-7.3629238
rhamnose_gL,all_known,fusion_interpretable,pcr,"n_components=8,alpha=1.0,max_features=48,y_transform=none",10,0.91433975,0.2636839,0.5292247,-0.17899197,-7.8854494
rhamnose_gL,all_known,fusion_interpretable,pcr,"n_components=8,alpha=1.0,max_features=96,y_transform=none",10,0.91433975,0.2636839,0.5292247,-0.17899197,-7.8854494
rhamnose_gL,all_known,eem_interpretable,pcr,"n_components=8,alpha=1.0,max_features=12,y_transform=log1p",10,0.9145519,0.29452124,0.4326167,-0.077408605,-3.7623182
rhamnose_gL,all_known,eem_interpretable,pcr,"n_components=8,alpha=1.0,max_features=24,y_transform=log1p",10,0.9145519,0.29452124,0.4326167,-0.077408605,-3.7623182
rhamnose_gL,all_known,eem_interpretable,pcr,"n_components=8,alpha=1.0,max_features=48,y_transform=log1p",10,0.9145519,0.29452124,0.4326167,-0.077408605,-3.7623182
rhamnose_gL,all_known,eem_interpretable,pcr,"n_components=8,alpha=1.0,max_features=96,y_transform=log1p",10,0.9145519,0.29452124,0.4326167,-0.077408605,-3.7623182
rhamnose_gL,all_known,fusion_interpretable,pcr,"n_components=8,alpha=1.0,max_features=24,y_transform=none",10,0.91492356,0.26843643,0.53054607,-0.18605707,-8.0640805
rhamnose_gL,target_focused,raman_full,pcr,"n_components=3,alpha=1.0,max_features=192,y_transform=log1p",10,0.91494012,0.22922281,0.55476465,-0.397144,-15.74103
rhamnose_gL,all_known,fusion_interpretable,pls,"n_components=3,alpha=1.0,max_features=12,y_transform=log1p",10,0.91516145,0.32993691,0.45693331,-0.10078655,-4.7828398
rhamnose_gL,all_known,fusion_interpretable,knn,"k=5,weighted=True,max_features=12,y_transform=none",10,0.91518456,0.2596157,0.46405619,-0.321821,-10.954666
rhamnose_gL,target_focused,fusion_full,pcr,"n_components=5,alpha=1.0,max_features=384,y_transform=log1p",10,0.915306,0.19177824,0.56134396,-0.50191627,-18.519076
rhamnose_gL,all_known,raman_full,pcr,"n_components=8,alpha=1.0,max_features=384,y_transform=none",10,0.91546021,0.26908212,0.51319483,-0.17822783,-7.5725832
rhamnose_gL,target_focused,fusion_full,pcr,"n_components=5,alpha=1.0,max_features=12,y_transform=log1p",10,0.91561151,0.20523239,0.56816986,-0.61154152,-20.132976
rhamnose_gL,target_focused,raman_interpretable,pcr,"n_components=12,alpha=1.0,max_features=24,y_transform=log1p",10,0.91579918,0.28276312,0.56800866,-0.25745737,-11.320212
rhamnose_gL,target_focused,raman_interpretable,pcr,"n_components=12,alpha=1.0,max_features=48,y_transform=log1p",10,0.91579918,0.28276312,0.56800866,-0.25745737,-11.320212
rhamnose_gL,target_focused,raman_interpretable,pcr,"n_components=12,alpha=1.0,max_features=96,y_transform=log1p",10,0.91579918,0.28276312,0.56800866,-0.25745737,-11.320212
rhamnose_gL,all_known,eem_full,ridge,"alpha=1.0,max_features=12,y_transform=none",10,0.91584458,0.28023713,0.49560431,-0.10061582,-4.7140875
rhamnose_gL,all_known,eem_full,pcr,"n_components=12,alpha=1.0,max_features=12,y_transform=none",10,0.91584458,0.28023713,0.49560431,-0.10061582,-4.7140875
rhamnose_gL,target_focused,raman_interpretable,knn,"k=9,weighted=True,max_features=24,y_transform=none",10,0.91588975,0.22279064,0.60401902,-0.40893668,-16.251121
rhamnose_gL,target_focused,raman_interpretable,knn,"k=9,weighted=True,max_features=48,y_transform=none",10,0.91588975,0.22279064,0.60401902,-0.40893668,-16.251121
rhamnose_gL,target_focused,raman_interpretable,knn,"k=9,weighted=True,max_features=96,y_transform=none",10,0.91588975,0.22279064,0.60401902,-0.40893668,-16.251121
rhamnose_gL,all_known,eem_interpretable,ridge,"alpha=0.1,max_features=12,y_transform=log1p",10,0.91590302,0.29354025,0.43664687,-0.081697508,-3.9682076
rhamnose_gL,all_known,eem_interpretable,ridge,"alpha=0.1,max_features=24,y_transform=log1p",10,0.91590302,0.29354025,0.43664687,-0.081697508,-3.9682076
rhamnose_gL,all_known,eem_interpretable,ridge,"alpha=0.1,max_features=48,y_transform=log1p",10,0.91590302,0.29354025,0.43664687,-0.081697508,-3.9682076
rhamnose_gL,all_known,eem_interpretable,ridge,"alpha=0.1,max_features=96,y_transform=log1p",10,0.91590302,0.29354025,0.43664687,-0.081697508,-3.9682076
rhamnose_gL,all_known,eem_interpretable,pls,"n_components=12,alpha=1.0,max_features=12,y_transform=log1p",10,0.91601221,0.29365355,0.43634847,-0.081913297,-3.978651
rhamnose_gL,all_known,eem_interpretable,pls,"n_components=12,alpha=1.0,max_features=24,y_transform=log1p",10,0.91601221,0.29365355,0.43634847,-0.081913297,-3.978651
rhamnose_gL,all_known,eem_interpretable,pls,"n_components=12,alpha=1.0,max_features=48,y_transform=log1p",10,0.91601221,0.29365355,0.43634847,-0.081913297,-3.978651
rhamnose_gL,all_known,eem_interpretable,pls,"n_components=12,alpha=1.0,max_features=96,y_transform=log1p",10,0.91601221,0.29365355,0.43634847,-0.081913297,-3.978651
rhamnose_gL,all_known,raman_interpretable,knn,"k=3,weighted=True,max_features=12,y_transform=none",10,0.91622551,0.26914434,0.48437348,-0.30225252,-10.387025
rhamnose_gL,all_known,fusion_full,pcr,"n_components=12,alpha=1.0,max_features=192,y_transform=log1p",10,0.91623032,0.31724138,0.42257262,-0.225881,-6.7346528
rhamnose_gL,all_known,fusion_full,pcr,"n_components=2,alpha=1.0,max_features=96,y_transform=none",10,0.91623238,0.27639349,0.50767197,-0.15788498,-7.1829947
rhamnose_gL,all_known,eem_full,pls,"n_components=5,alpha=1.0,max_features=12,y_transform=none",10,0.9162413,0.28094776,0.49598827,-0.10259938,-4.7899925
rhamnose_gL,all_known,raman_full,knn,"k=9,weighted=True,max_features=48,y_transform=log1p",10,0.9162455,0.3013772,0.42218271,-0.11640796,-5.5473893
rhamnose_gL,all_known,eem_full,pls,"n_components=5,alpha=1.0,max_features=48,y_transform=none",10,0.91626372,0.27199614,0.49417139,-0.12308576,-5.4215963
rhamnose_gL,all_known,eem_interpretable,pls,"n_components=8,alpha=1.0,max_features=12,y_transform=log1p",10,0.91632493,0.29368212,0.43599925,-0.082731547,-4.0177992
rhamnose_gL,all_known,eem_interpretable,pls,"n_components=8,alpha=1.0,max_features=24,y_transform=log1p",10,0.91632493,0.29368212,0.43599925,-0.082731547,-4.0177992
rhamnose_gL,all_known,eem_interpretable,pls,"n_components=8,alpha=1.0,max_features=48,y_transform=log1p",10,0.91632493,0.29368212,0.43599925,-0.082731547,-4.0177992
rhamnose_gL,all_known,eem_interpretable,pls,"n_components=8,alpha=1.0,max_features=96,y_transform=log1p",10,0.91632493,0.29368212,0.43599925,-0.082731547,-4.0177992
rhamnose_gL,target_focused,raman_interpretable,pls,"n_components=12,alpha=1.0,max_features=24,y_transform=log1p",10,0.91672,0.27841506,0.56934244,-0.29823129,-12.498308
rhamnose_gL,target_focused,raman_interpretable,pls,"n_components=12,alpha=1.0,max_features=48,y_transform=log1p",10,0.91672,0.27841506,0.56934244,-0.29823129,-12.498308
rhamnose_gL,target_focused,raman_interpretable,pls,"n_components=12,alpha=1.0,max_features=96,y_transform=log1p",10,0.91672,0.27841506,0.56934244,-0.29823129,-12.498308
rhamnose_gL,target_focused,fusion_full,ridge,"alpha=10.0,max_features=24,y_transform=none",10,0.91673784,0.19780556,0.65040579,-0.89449436,-24.581105
rhamnose_gL,target_focused,raman_interpretable,pls,"n_components=8,alpha=1.0,max_features=24,y_transform=log1p",10,0.91752262,0.29132436,0.57079794,-0.24271511,-10.925564
rhamnose_gL,target_focused,raman_interpretable,pls,"n_components=8,alpha=1.0,max_features=48,y_transform=log1p",10,0.91752262,0.29132436,0.57079794,-0.24271511,-10.925564
rhamnose_gL,target_focused,raman_interpretable,pls,"n_components=8,alpha=1.0,max_features=96,y_transform=log1p",10,0.91752262,0.29132436,0.57079794,-0.24271511,-10.925564
rhamnose_gL,all_known,fusion_full,pcr,"n_components=2,alpha=1.0,max_features=384,y_transform=none",10,0.91773626,0.27913331,0.51339835,-0.15902872,-7.1027215
rhamnose_gL,all_known,fusion_interpretable,pcr,"n_components=8,alpha=1.0,max_features=24,y_transform=log1p",10,0.91801644,0.3230057,0.45804713,-0.1137511,-5.3670628
rhamnose_gL,all_known,eem_full,pls,"n_components=12,alpha=1.0,max_features=12,y_transform=none",10,0.91813813,0.2774998,0.49883535,-0.11043824,-5.1524904
rhamnose_gL,all_known,fusion_full,pls,"n_components=2,alpha=1.0,max_features=192,y_transform=none",10,0.91840499,0.27750741,0.49922335,-0.24678709,-8.9202773
rhamnose_gL,all_known,eem_full,ridge,"alpha=0.1,max_features=12,y_transform=none",10,0.91849,0.27694773,0.50007022,-0.11231653,-5.2333951
rhamnose_gL,all_known,fusion_full,pcr,"n_components=2,alpha=1.0,max_features=48,y_transform=none",10,0.91849449,0.27672367,0.49422446,-0.17518281,-7.5606399
rhamnose_gL,all_known,eem_interpretable,knn,"k=9,weighted=True,max_features=12,y_transform=log1p",10,0.91877535,0.30118049,0.42921585,-0.081399351,-3.9624445
rhamnose_gL,all_known,eem_interpretable,knn,"k=9,weighted=True,max_features=24,y_transform=log1p",10,0.91877535,0.30118049,0.42921585,-0.081399351,-3.9624445
rhamnose_gL,all_known,eem_interpretable,knn,"k=9,weighted=True,max_features=48,y_transform=log1p",10,0.91877535,0.30118049,0.42921585,-0.081399351,-3.9624445
rhamnose_gL,all_known,eem_interpretable,knn,"k=9,weighted=True,max_features=96,y_transform=log1p",10,0.91877535,0.30118049,0.42921585,-0.081399351,-3.9624445
rhamnose_gL,target_focused,fusion_full,pls,"n_components=5,alpha=1.0,max_features=48,y_transform=log1p",10,0.91923045,0.22817363,0.56723362,-0.80338556,-23.086979
rhamnose_gL,target_focused,raman_full,knn,"k=9,weighted=True,max_features=96,y_transform=none",10,0.91933444,0.20217355,0.57669798,-0.48795557,-18.255833
rhamnose_gL,target_focused,fusion_full,pcr,"n_components=5,alpha=1.0,max_features=96,y_transform=log1p",10,0.91963027,0.18488196,0.54989833,-0.55511707,-19.892899
rhamnose_gL,all_known,raman_full,pcr,"n_components=12,alpha=1.0,max_features=192,y_transform=log1p",10,0.91966854,0.28760353,0.44558338,-0.17325653,-7.1209278
rhamnose_gL,all_known,eem_full,pls,"n_components=8,alpha=1.0,max_features=12,y_transform=none",10,0.9198543,0.27976165,0.50175161,-0.1121904,-5.2521308
rhamnose_gL,target_focused,eem_interpretable,ridge,"alpha=0.1,max_features=12,y_transform=log1p",10,0.91988834,0.20330178,0.58823763,-0.62652226,-19.934052
rhamnose_gL,target_focused,eem_interpretable,ridge,"alpha=0.1,max_features=24,y_transform=log1p",10,0.91988834,0.20330178,0.58823763,-0.62652226,-19.934052
rhamnose_gL,target_focused,eem_interpretable,ridge,"alpha=0.1,max_features=48,y_transform=log1p",10,0.91988834,0.20330178,0.58823763,-0.62652226,-19.934052
rhamnose_gL,target_focused,eem_interpretable,ridge,"alpha=0.1,max_features=96,y_transform=log1p",10,0.91988834,0.20330178,0.58823763,-0.62652226,-19.934052
rhamnose_gL,target_focused,raman_full,pcr,"n_components=3,alpha=1.0,max_features=24,y_transform=log1p",10,0.92004476,0.20947066,0.5566221,-0.47891176,-18.133459
rhamnose_gL,all_known,fusion_interpretable,pls,"n_components=5,alpha=1.0,max_features=12,y_transform=none",10,0.92018967,0.28214033,0.53291028,-0.19227114,-8.3259415
rhamnose_gL,target_focused,fusion_full,knn,"k=5,weighted=True,max_features=24,y_transform=none",10,0.9206013,0.19922286,0.57952131,-0.69987831,-22.670437
rhamnose_gL,target_focused,fusion_full,knn,"k=3,weighted=True,max_features=24,y_transform=log1p",10,0.9206822,0.20467708,0.54888025,-0.81362516,-24.757184
rhamnose_gL,all_known,fusion_interpretable,pls,"n_components=3,alpha=1.0,max_features=24,y_transform=none",10,0.92068853,0.28997806,0.53669448,-0.19442798,-8.3752691
rhamnose_gL,target_focused,raman_interpretable,ridge,"alpha=0.1,max_features=12,y_transform=none",10,0.9208188,0.21798063,0.64205661,-0.41543812,-16.651134
rhamnose_gL,all_known,raman_interpretable,knn,"k=3,weighted=True,max_features=24,y_transform=log1p",10,0.92152594,0.27982898,0.43566705,-0.15663405,-7.3181217
rhamnose_gL,all_known,raman_interpretable,knn,"k=3,weighted=True,max_features=48,y_transform=log1p",10,0.92152594,0.27982898,0.43566705,-0.15663405,-7.3181217
rhamnose_gL,all_known,raman_interpretable,knn,"k=3,weighted=True,max_features=96,y_transform=log1p",10,0.92152594,0.27982898,0.43566705,-0.15663405,-7.3181217
rhamnose_gL,target_focused,fusion_full,pcr,"n_components=12,alpha=1.0,max_features=24,y_transform=none",10,0.92159789,0.19319011,0.65863974,-0.95621374,-26.045924
rhamnose_gL,all_known,raman_full,knn,"k=3,weighted=True,max_features=96,y_transform=log1p",10,0.9220832,0.29160027,0.41924609,-0.1487254,-6.8106696
rhamnose_gL,all_known,fusion_interpretable,pls,"n_components=2,alpha=1.0,max_features=48,y_transform=log1p",10,0.92214872,0.30265869,0.45189297,-0.15662681,-6.7618661
rhamnose_gL,all_known,fusion_interpretable,pls,"n_components=2,alpha=1.0,max_features=96,y_transform=log1p",10,0.92214872,0.30265869,0.45189297,-0.15662681,-6.7618661
rhamnose_gL,all_known,raman_interpretable,pls,"n_components=2,alpha=1.0,max_features=12,y_transform=log1p",10,0.92220462,0.3411947,0.45465254,-0.10862426,-5.1390069
rhamnose_gL,target_focused,eem_interpretable,pls,"n_components=3,alpha=1.0,max_features=12,y_transform=log1p",10,0.92224638,0.24922437,0.59024762,-0.72920136,-20.023564
rhamnose_gL,target_focused,eem_interpretable,pls,"n_components=3,alpha=1.0,max_features=24,y_transform=log1p",10,0.92224638,0.24922437,0.59024762,-0.72920136,-20.023564
rhamnose_gL,target_focused,eem_interpretable,pls,"n_components=3,alpha=1.0,max_features=48,y_transform=log1p",10,0.92224638,0.24922437,0.59024762,-0.72920136,-20.023564
rhamnose_gL,target_focused,eem_interpretable,pls,"n_components=3,alpha=1.0,max_features=96,y_transform=log1p",10,0.92224638,0.24922437,0.59024762,-0.72920136,-20.023564
rhamnose_gL,target_focused,raman_full,pcr,"n_components=2,alpha=1.0,max_features=192,y_transform=none",10,0.92306626,0.19512253,0.64170198,-0.52957066,-19.374661
rhamnose_gL,target_focused,raman_full,knn,"k=5,weighted=True,max_features=48,y_transform=log1p",10,0.9230718,0.23456173,0.55811006,-0.42588769,-16.742732
rhamnose_gL,target_focused,fusion_full,pcr,"n_components=5,alpha=1.0,max_features=48,y_transform=log1p",10,0.92312783,0.20995536,0.54987527,-0.51050166,-19.012724
rhamnose_gL,all_known,raman_full,knn,"k=9,weighted=True,max_features=24,y_transform=log1p",10,0.92324145,0.29888904,0.42630594,-0.13722745,-6.4470188
rhamnose_gL,all_known,raman_interpretable,pls,"n_components=2,alpha=1.0,max_features=24,y_transform=log1p",10,0.92347095,0.31553477,0.45630941,-0.13191596,-6.1362062
rhamnose_gL,all_known,raman_interpretable,pls,"n_components=2,alpha=1.0,max_features=48,y_transform=log1p",10,0.92347095,0.31553477,0.45630941,-0.13191596,-6.1362062
rhamnose_gL,all_known,raman_interpretable,pls,"n_components=2,alpha=1.0,max_features=96,y_transform=log1p",10,0.92347095,0.31553477,0.45630941,-0.13191596,-6.1362062
rhamnose_gL,all_known,raman_full,knn,"k=9,weighted=True,max_features=384,y_transform=none",10,0.92355581,0.28398547,0.46104879,-0.16385342,-7.5650163
rhamnose_gL,all_known,fusion_interpretable,knn,"k=3,weighted=True,max_features=12,y_transform=log1p",10,0.92376636,0.29053497,0.43041202,-0.20867311,-8.7562008
rhamnose_gL,target_focused,fusion_interpretable,pls,"n_components=12,alpha=1.0,max_features=48,y_transform=log1p",10,0.92428564,0.25627038,0.59225163,-0.40932969,-15.789541
rhamnose_gL,target_focused,fusion_interpretable,pls,"n_components=12,alpha=1.0,max_features=96,y_transform=log1p",10,0.92428564,0.25627038,0.59225163,-0.40932969,-15.789541
rhamnose_gL,target_focused,fusion_full,pcr,"n_components=2,alpha=1.0,max_features=24,y_transform=log1p",10,0.92430475,0.20489867,0.57613478,-0.52880611,-19.473809
rhamnose_gL,target_focused,raman_interpretable,pls,"n_components=5,alpha=1.0,max_features=24,y_transform=log1p",10,0.9248715,0.29031968,0.57143427,-0.27742009,-12.139993
rhamnose_gL,target_focused,raman_interpretable,pls,"n_components=5,alpha=1.0,max_features=48,y_transform=log1p",10,0.9248715,0.29031968,0.57143427,-0.27742009,-12.139993
rhamnose_gL,target_focused,raman_interpretable,pls,"n_components=5,alpha=1.0,max_features=96,y_transform=log1p",10,0.9248715,0.29031968,0.57143427,-0.27742009,-12.139993
rhamnose_gL,target_focused,fusion_full,pls,"n_components=3,alpha=1.0,max_features=48,y_transform=log1p",10,0.92489823,0.21998326,0.55257257,-0.78096853,-23.05497
rhamnose_gL,all_known,raman_full,knn,"k=5,weighted=True,max_features=48,y_transform=log1p",10,0.9250098,0.2986406,0.42529228,-0.14806593,-6.9129584
rhamnose_gL,all_known,raman_full,pcr,"n_components=8,alpha=1.0,max_features=192,y_transform=none",10,0.92536787,0.2725513,0.51970397,-0.21833083,-8.9290085
rhamnose_gL,all_known,eem_interpretable,ridge,"alpha=1.0,max_features=12,y_transform=none",10,0.92553384,0.26225037,0.50401098,-0.16402794,-7.3178244
rhamnose_gL,all_known,eem_interpretable,pcr,"n_components=12,alpha=1.0,max_features=12,y_transform=none",10,0.92553384,0.26225037,0.50401098,-0.16402794,-7.3178244
rhamnose_gL,all_known,eem_interpretable,ridge,"alpha=1.0,max_features=24,y_transform=none",10,0.92553384,0.26225037,0.50401098,-0.16402794,-7.3178244
rhamnose_gL,all_known,eem_interpretable,pcr,"n_components=12,alpha=1.0,max_features=24,y_transform=none",10,0.92553384,0.26225037,0.50401098,-0.16402794,-7.3178244
rhamnose_gL,all_known,eem_interpretable,ridge,"alpha=1.0,max_features=48,y_transform=none",10,0.92553384,0.26225037,0.50401098,-0.16402794,-7.3178244
rhamnose_gL,all_known,eem_interpretable,pcr,"n_components=12,alpha=1.0,max_features=48,y_transform=none",10,0.92553384,0.26225037,0.50401098,-0.16402794,-7.3178244
rhamnose_gL,all_known,eem_interpretable,ridge,"alpha=1.0,max_features=96,y_transform=none",10,0.92553384,0.26225037,0.50401098,-0.16402794,-7.3178244
rhamnose_gL,all_known,eem_interpretable,pcr,"n_components=12,alpha=1.0,max_features=96,y_transform=none",10,0.92553384,0.26225037,0.50401098,-0.16402794,-7.3178244
rhamnose_gL,target_focused,raman_full,knn,"k=3,weighted=True,max_features=192,y_transform=log1p",10,0.92572879,0.22627724,0.54529444,-0.52972085,-19.186783
rhamnose_gL,all_known,fusion_interpretable,pcr,"n_components=8,alpha=1.0,max_features=12,y_transform=none",10,0.9258914,0.27590865,0.53275949,-0.21742531,-9.3606122
rhamnose_gL,target_focused,fusion_full,pcr,"n_components=5,alpha=1.0,max_features=192,y_transform=log1p",10,0.92601204,0.20164411,0.56206607,-0.50481216,-19.155106
rhamnose_gL,all_known,eem_interpretable,pcr,"n_components=8,alpha=1.0,max_features=12,y_transform=none",10,0.926377,0.26296832,0.50196949,-0.16666958,-7.4228453
rhamnose_gL,all_known,eem_interpretable,pcr,"n_components=8,alpha=1.0,max_features=24,y_transform=none",10,0.926377,0.26296832,0.50196949,-0.16666958,-7.4228453
rhamnose_gL,all_known,eem_interpretable,pcr,"n_components=8,alpha=1.0,max_features=48,y_transform=none",10,0.926377,0.26296832,0.50196949,-0.16666958,-7.4228453
rhamnose_gL,all_known,eem_interpretable,pcr,"n_components=8,alpha=1.0,max_features=96,y_transform=none",10,0.926377,0.26296832,0.50196949,-0.16666958,-7.4228453
rhamnose_gL,all_known,fusion_full,pcr,"n_components=12,alpha=1.0,max_features=192,y_transform=none",10,0.92643175,0.27619986,0.4978222,-0.27060464,-9.8377241
rhamnose_gL,target_focused,eem_interpretable,pcr,"n_components=5,alpha=1.0,max_features=12,y_transform=none",10,0.92654532,0.21003642,0.66502877,-0.61432763,-20.049927
rhamnose_gL,target_focused,eem_interpretable,pcr,"n_components=5,alpha=1.0,max_features=24,y_transform=none",10,0.92654532,0.21003642,0.66502877,-0.61432763,-20.049927
rhamnose_gL,target_focused,eem_interpretable,pcr,"n_components=5,alpha=1.0,max_features=48,y_transform=none",10,0.92654532,0.21003642,0.66502877,-0.61432763,-20.049927
rhamnose_gL,target_focused,eem_interpretable,pcr,"n_components=5,alpha=1.0,max_features=96,y_transform=none",10,0.92654532,0.21003642,0.66502877,-0.61432763,-20.049927
rhamnose_gL,all_known,eem_full,ridge,"alpha=1.0,max_features=24,y_transform=none",10,0.92668658,0.28139435,0.52959514,-0.12593776,-5.691294
rhamnose_gL,all_known,raman_full,knn,"k=3,weighted=True,max_features=192,y_transform=none",10,0.92697595,0.31616325,0.43793027,-0.14418235,-6.3684666
rhamnose_gL,all_known,fusion_full,pcr,"n_components=5,alpha=1.0,max_features=192,y_transform=none",10,0.927682,0.28691219,0.49607657,-0.26449906,-9.5044421
rhamnose_gL,all_known,eem_full,ridge,"alpha=10.0,max_features=192,y_transform=none",10,0.9277168,0.23085218,0.53988884,-0.21591134,-9.0678987
rhamnose_gL,all_known,eem_full,ridge,"alpha=10.0,max_features=384,y_transform=none",10,0.9277168,0.23085218,0.53988884,-0.21591134,-9.0678987
rhamnose_gL,all_known,eem_interpretable,pls,"n_components=5,alpha=1.0,max_features=12,y_transform=none",10,0.92786523,0.26254572,0.49999885,-0.16987115,-7.5935046
rhamnose_gL,all_known,eem_interpretable,pls,"n_components=5,alpha=1.0,max_features=24,y_transform=none",10,0.92786523,0.26254572,0.49999885,-0.16987115,-7.5935046
rhamnose_gL,all_known,eem_interpretable,pls,"n_components=5,alpha=1.0,max_features=48,y_transform=none",10,0.92786523,0.26254572,0.49999885,-0.16987115,-7.5935046
rhamnose_gL,all_known,eem_interpretable,pls,"n_components=5,alpha=1.0,max_features=96,y_transform=none",10,0.92786523,0.26254572,0.49999885,-0.16987115,-7.5935046
rhamnose_gL,all_known,fusion_interpretable,pcr,"n_components=12,alpha=1.0,max_features=12,y_transform=none",10,0.92797194,0.27793626,0.53520363,-0.21661579,-9.4087254
rhamnose_gL,all_known,fusion_interpretable,ridge,"alpha=1.0,max_features=12,y_transform=none",10,0.92797194,0.27793626,0.53520363,-0.21661579,-9.4087254
rhamnose_gL,all_known,raman_full,knn,"k=9,weighted=True,max_features=96,y_transform=none",10,0.928062,0.28869548,0.46432998,-0.17057293,-7.8131252
rhamnose_gL,all_known,fusion_interpretable,pcr,"n_components=12,alpha=1.0,max_features=12,y_transform=log1p",10,0.92841809,0.34308435,0.45954443,-0.13154432,-6.1426867
rhamnose_gL,all_known,fusion_interpretable,ridge,"alpha=1.0,max_features=12,y_transform=log1p",10,0.92841809,0.34308435,0.45954443,-0.13154432,-6.1426867
rhamnose_gL,all_known,eem_full,pls,"n_components=5,alpha=1.0,max_features=24,y_transform=none",10,0.92842328,0.28806373,0.52205222,-0.128169,-5.802549
rhamnose_gL,target_focused,eem_full,knn,"k=3,weighted=True,max_features=96,y_transform=none",10,0.92880451,0.19020324,0.61186476,-1.0871387,-27.439293
rhamnose_gL,all_known,raman_interpretable,pcr,"n_components=5,alpha=1.0,max_features=12,y_transform=none",10,0.92888389,0.28140928,0.51490535,-0.21579115,-9.1365177
rhamnose_gL,all_known,raman_full,knn,"k=9,weighted=True,max_features=192,y_transform=none",10,0.92903196,0.29085419,0.46193045,-0.17904441,-8.0749431
rhamnose_gL,target_focused,fusion_full,pcr,"n_components=8,alpha=1.0,max_features=48,y_transform=log1p",10,0.92938823,0.20563537,0.54920998,-0.73411627,-23.341229
rhamnose_gL,target_focused,raman_full,pcr,"n_components=5,alpha=1.0,max_features=384,y_transform=log1p",10,0.92943783,0.22242412,0.56389942,-0.51194489,-18.993271
rhamnose_gL,all_known,fusion_full,knn,"k=1,weighted=True,max_features=48,y_transform=none",10,0.92969349,0.28732914,0.37984211,-0.85911677,-20.867521
rhamnose_gL,all_known,fusion_full,knn,"k=1,weighted=True,max_features=48,y_transform=log1p",10,0.92969349,0.28732914,0.37984211,-0.85911677,-20.867521
rhamnose_gL,target_focused,raman_full,knn,"k=9,weighted=True,max_features=12,y_transform=log1p",10,0.93024086,0.22589649,0.54806736,-0.45020011,-17.986034
rhamnose_gL,all_known,raman_full,pls,"n_components=3,alpha=1.0,max_features=192,y_transform=none",10,0.93031106,0.26084888,0.53478634,-0.24858047,-10.205774
rhamnose_gL,target_focused,raman_full,pcr,"n_components=2,alpha=1.0,max_features=96,y_transform=none",10,0.93045887,0.18772296,0.64041381,-0.60575197,-21.351889
rhamnose_gL,all_known,raman_full,knn,"k=5,weighted=True,max_features=384,y_transform=none",10,0.93061444,0.29096904,0.45615086,-0.1829287,-8.1584309
rhamnose_gL,target_focused,fusion_full,pcr,"n_components=2,alpha=1.0,max_features=96,y_transform=none",10,0.93075874,0.18167712,0.63991835,-0.70292268,-23.241291
rhamnose_gL,all_known,eem_interpretable,pls,"n_components=12,alpha=1.0,max_features=12,y_transform=none",10,0.9308078,0.26013066,0.51030463,-0.1815136,-8.0854735
rhamnose_gL,all_known,eem_interpretable,pls,"n_components=12,alpha=1.0,max_features=24,y_transform=none",10,0.9308078,0.26013066,0.51030463,-0.1815136,-8.0854735
rhamnose_gL,all_known,eem_interpretable,pls,"n_components=12,alpha=1.0,max_features=48,y_transform=none",10,0.9308078,0.26013066,0.51030463,-0.1815136,-8.0854735
rhamnose_gL,all_known,eem_interpretable,pls,"n_components=12,alpha=1.0,max_features=96,y_transform=none",10,0.9308078,0.26013066,0.51030463,-0.1815136,-8.0854735
rhamnose_gL,target_focused,raman_full,pcr,"n_components=2,alpha=1.0,max_features=48,y_transform=none",10,0.9309151,0.16727312,0.64430466,-0.66885262,-22.823978
rhamnose_gL,target_focused,fusion_full,pcr,"n_components=5,alpha=1.0,max_features=24,y_transform=log1p",10,0.93092068,0.1893071,0.56541857,-0.6618982,-22.527926
rhamnose_gL,all_known,eem_interpretable,ridge,"alpha=0.1,max_features=12,y_transform=none",10,0.93101667,0.25980088,0.51088478,-0.1824481,-8.1244569
rhamnose_gL,all_known,eem_interpretable,ridge,"alpha=0.1,max_features=24,y_transform=none",10,0.93101667,0.25980088,0.51088478,-0.1824481,-8.1244569
rhamnose_gL,all_known,eem_interpretable,ridge,"alpha=0.1,max_features=48,y_transform=none",10,0.93101667,0.25980088,0.51088478,-0.1824481,-8.1244569
rhamnose_gL,all_known,eem_interpretable,ridge,"alpha=0.1,max_features=96,y_transform=none",10,0.93101667,0.25980088,0.51088478,-0.1824481,-8.1244569
rhamnose_gL,all_known,eem_interpretable,pls,"n_components=8,alpha=1.0,max_features=12,y_transform=none",10,0.93122639,0.25995812,0.51018038,-0.18300091,-8.1488481
rhamnose_gL,all_known,eem_interpretable,pls,"n_components=8,alpha=1.0,max_features=24,y_transform=none",10,0.93122639,0.25995812,0.51018038,-0.18300091,-8.1488481
rhamnose_gL,all_known,eem_interpretable,pls,"n_components=8,alpha=1.0,max_features=48,y_transform=none",10,0.93122639,0.25995812,0.51018038,-0.18300091,-8.1488481
rhamnose_gL,all_known,eem_interpretable,pls,"n_components=8,alpha=1.0,max_features=96,y_transform=none",10,0.93122639,0.25995812,0.51018038,-0.18300091,-8.1488481
rhamnose_gL,all_known,raman_full,knn,"k=9,weighted=True,max_features=12,y_transform=log1p",10,0.9313225,0.29333278,0.42808029,-0.16991612,-7.8328471
rhamnose_gL,all_known,raman_interpretable,pcr,"n_components=5,alpha=1.0,max_features=12,y_transform=log1p",10,0.93149428,0.31291338,0.45443816,-0.17139126,-7.6332655
rhamnose_gL,all_known,eem_full,pls,"n_components=8,alpha=1.0,max_features=24,y_transform=none",10,0.9315583,0.28179288,0.54154821,-0.14155925,-6.3215438
rhamnose_gL,all_known,raman_full,pcr,"n_components=2,alpha=1.0,max_features=384,y_transform=none",10,0.9315799,0.28155578,0.51492449,-0.23000856,-9.3340985
rhamnose_gL,target_focused,fusion_full,pcr,"n_components=3,alpha=1.0,max_features=384,y_transform=none",10,0.93237838,0.17585418,0.63468678,-0.69051943,-23.268451
rhamnose_gL,target_focused,raman_full,pcr,"n_components=2,alpha=1.0,max_features=12,y_transform=log1p",10,0.9324326,0.20032362,0.56536295,-0.56512498,-20.72219
rhamnose_gL,all_known,fusion_interpretable,pcr,"n_components=8,alpha=1.0,max_features=12,y_transform=log1p",10,0.93253655,0.35259752,0.46170302,-0.14124166,-6.5322538
rhamnose_gL,target_focused,raman_full,pcr,"n_components=3,alpha=1.0,max_features=12,y_transform=log1p",10,0.93257793,0.20210732,0.56530232,-0.55621826,-20.519713
rhamnose_gL,target_focused,fusion_full,pcr,"n_components=2,alpha=1.0,max_features=12,y_transform=log1p",10,0.93261894,0.2021965,0.58590695,-0.58543926,-21.112795
rhamnose_gL,all_known,fusion_interpretable,ridge,"alpha=0.1,max_features=12,y_transform=log1p",10,0.9326456,0.33857089,0.4624434,-0.14799895,-6.8664637
rhamnose_gL,all_known,fusion_interpretable,pls,"n_components=12,alpha=1.0,max_features=12,y_transform=log1p",10,0.93298188,0.33899909,0.46224843,-0.14878198,-6.8994875
rhamnose_gL,all_known,eem_full,knn,"k=1,weighted=True,max_features=12,y_transform=none",10,0.93317744,0.37215376,0.4265,-0.42009441,-11.393706
rhamnose_gL,all_known,eem_full,knn,"k=1,weighted=True,max_features=12,y_transform=log1p",10,0.93317744,0.37215376,0.4265,-0.42009441,-11.393706
rhamnose_gL,target_focused,raman_full,knn,"k=9,weighted=True,max_features=24,y_transform=log1p",10,0.93320408,0.23081625,0.55262449,-0.45024727,-18.107089
rhamnose_gL,all_known,fusion_full,pcr,"n_components=5,alpha=1.0,max_features=48,y_transform=none",10,0.93351514,0.2795971,0.50163532,-0.27511475,-10.592597
rhamnose_gL,all_known,fusion_full,pcr,"n_components=5,alpha=1.0,max_features=384,y_transform=none",10,0.93375181,0.27609731,0.51094,-0.26919166,-10.439179
rhamnose_gL,target_focused,fusion_full,knn,"k=3,weighted=True,max_features=48,y_transform=none",10,0.93377392,0.26463783,0.57672953,-0.56917371,-20.292112
rhamnose_gL,target_focused,raman_interpretable,knn,"k=3,weighted=True,max_features=12,y_transform=log1p",10,0.93472567,0.2274682,0.55815758,-0.53391312,-19.753675
rhamnose_gL,target_focused,eem_interpretable,pcr,"n_components=8,alpha=1.0,max_features=12,y_transform=none",10,0.93523746,0.18096801,0.66278154,-0.71534015,-23.103233
rhamnose_gL,target_focused,eem_interpretable,pcr,"n_components=8,alpha=1.0,max_features=24,y_transform=none",10,0.93523746,0.18096801,0.66278154,-0.71534015,-23.103233
rhamnose_gL,target_focused,eem_interpretable,pcr,"n_components=8,alpha=1.0,max_features=48,y_transform=none",10,0.93523746,0.18096801,0.66278154,-0.71534015,-23.103233
rhamnose_gL,target_focused,eem_interpretable,pcr,"n_components=8,alpha=1.0,max_features=96,y_transform=none",10,0.93523746,0.18096801,0.66278154,-0.71534015,-23.103233
rhamnose_gL,target_focused,fusion_full,pcr,"n_components=12,alpha=1.0,max_features=48,y_transform=log1p",10,0.93527922,0.22654505,0.55912678,-0.86060068,-25.347878
rhamnose_gL,all_known,fusion_full,pls,"n_components=2,alpha=1.0,max_features=384,y_transform=none",10,0.93544723,0.28441832,0.50932289,-0.35872124,-12.054701
rhamnose_gL,all_known,fusion_full,pcr,"n_components=3,alpha=1.0,max_features=24,y_transform=none",10,0.9355393,0.28820423,0.49174185,-0.27189003,-10.276465
rhamnose_gL,all_known,raman_full,knn,"k=5,weighted=True,max_features=96,y_transform=none",10,0.93568972,0.29821305,0.4571595,-0.19821842,-8.5001987
rhamnose_gL,all_known,fusion_interpretable,pls,"n_components=12,alpha=1.0,max_features=12,y_transform=none",10,0.9357259,0.27565882,0.54049914,-0.2440449,-10.540412
rhamnose_gL,target_focused,eem_full,pls,"n_components=8,alpha=1.0,max_features=48,y_transform=log1p",10,0.93574949,0.21855938,0.56396412,-0.50948584,-19.225548
rhamnose_gL,all_known,raman_interpretable,ridge,"alpha=10.0,max_features=12,y_transform=none",10,0.93626117,0.3402131,0.52125008,-0.17324408,-7.7811801
rhamnose_gL,target_focused,fusion_full,ridge,"alpha=10.0,max_features=12,y_transform=none",10,0.93654454,0.1798033,0.65628176,-0.93746837,-27.499804
rhamnose_gL,all_known,fusion_interpretable,pls,"n_components=8,alpha=1.0,max_features=12,y_transform=none",10,0.93660107,0.27696769,0.54003634,-0.24498776,-10.596055
rhamnose_gL,target_focused,raman_interpretable,knn,"k=5,weighted=True,max_features=24,y_transform=log1p",10,0.93713364,0.27325347,0.55795016,-0.34959325,-15.280722
rhamnose_gL,target_focused,raman_interpretable,knn,"k=5,weighted=True,max_features=48,y_transform=log1p",10,0.93713364,0.27325347,0.55795016,-0.34959325,-15.280722
rhamnose_gL,target_focused,raman_interpretable,knn,"k=5,weighted=True,max_features=96,y_transform=log1p",10,0.93713364,0.27325347,0.55795016,-0.34959325,-15.280722
rhamnose_gL,all_known,raman_full,pcr,"n_components=3,alpha=1.0,max_features=384,y_transform=none",10,0.93713807,0.28214623,0.52055156,-0.24848141,-10.126387
rhamnose_gL,all_known,fusion_full,pcr,"n_components=5,alpha=1.0,max_features=24,y_transform=none",10,0.93731294,0.28080049,0.50031222,-0.27373381,-10.941077
rhamnose_gL,all_known,fusion_interpretable,pls,"n_components=8,alpha=1.0,max_features=12,y_transform=log1p",10,0.93782985,0.3481495,0.46289392,-0.15752106,-7.2690155
rhamnose_gL,all_known,raman_full,pcr,"n_components=12,alpha=1.0,max_features=384,y_transform=none",10,0.93786512,0.26315614,0.52210876,-0.29394761,-11.63411
rhamnose_gL,all_known,raman_interpretable,pls,"n_components=3,alpha=1.0,max_features=12,y_transform=none",10,0.93789574,0.31652553,0.52659853,-0.20269092,-8.8369529
rhamnose_gL,all_known,fusion_interpretable,ridge,"alpha=0.1,max_features=12,y_transform=none",10,0.93817245,0.27500251,0.54365033,-0.25436538,-10.924045
rhamnose_gL,all_known,fusion_full,pcr,"n_components=2,alpha=1.0,max_features=24,y_transform=none",10,0.93819649,0.2907351,0.49158878,-0.29129197,-10.770009
rhamnose_gL,all_known,fusion_full,pcr,"n_components=8,alpha=1.0,max_features=96,y_transform=none",10,0.93844793,0.30663282,0.5070493,-0.33964277,-11.118648
rhamnose_gL,target_focused,fusion_full,pcr,"n_components=8,alpha=1.0,max_features=96,y_transform=log1p",10,0.93851475,0.17927269,0.54800032,-0.85207545,-26.062158
rhamnose_gL,target_focused,raman_full,pcr,"n_components=3,alpha=1.0,max_features=384,y_transform=none",10,0.93858574,0.16590213,0.62459455,-0.6976807,-24.028222
rhamnose_gL,target_focused,fusion_full,pcr,"n_components=8,alpha=1.0,max_features=384,y_transform=none",10,0.93881372,0.13312845,0.64445748,-0.89425675,-27.732987
rhamnose_gL,all_known,fusion_interpretable,pls,"n_components=3,alpha=1.0,max_features=48,y_transform=none",10,0.93906469,0.28385301,0.54378509,-0.27691882,-11.409537
rhamnose_gL,all_known,fusion_interpretable,pls,"n_components=3,alpha=1.0,max_features=96,y_transform=none",10,0.93906469,0.28385301,0.54378509,-0.27691882,-11.409537
rhamnose_gL,all_known,raman_full,knn,"k=5,weighted=True,max_features=192,y_transform=none",10,0.93916552,0.30421417,0.45731216,-0.21649182,-9.0809318
rhamnose_gL,target_focused,raman_full,pcr,"n_components=2,alpha=1.0,max_features=24,y_transform=none",10,0.9392007,0.1530539,0.64942836,-0.72874857,-24.841574
rhamnose_gL,target_focused,fusion_full,knn,"k=5,weighted=True,max_features=12,y_transform=none",10,0.94006282,0.19523801,0.59267595,-0.77822179,-25.453772
rhamnose_gL,all_known,fusion_full,pcr,"n_components=8,alpha=1.0,max_features=192,y_transform=log1p",10,0.94025747,0.36248151,0.42498214,-0.43923246,-10.987316
rhamnose_gL,all_known,eem_full,pls,"n_components=8,alpha=1.0,max_features=192,y_transform=log1p",10,0.94042815,0.26148582,0.4156563,-0.53962687,-14.1451
rhamnose_gL,all_known,eem_full,pls,"n_components=8,alpha=1.0,max_features=384,y_transform=log1p",10,0.94042815,0.26148582,0.4156563,-0.53962687,-14.1451
rhamnose_gL,all_known,fusion_interpretable,pls,"n_components=5,alpha=1.0,max_features=12,y_transform=log1p",10,0.94052569,0.3887953,0.46322813,-0.1463965,-6.5792884
rhamnose_gL,target_focused,fusion_full,knn,"k=1,weighted=True,max_features=96,y_transform=none",10,0.94093534,0.30619493,0.53929545,-0.67314935,-22.086592
rhamnose_gL,target_focused,fusion_full,knn,"k=1,weighted=True,max_features=96,y_transform=log1p",10,0.94093534,0.30619493,0.53929545,-0.67314935,-22.086592
rhamnose_gL,all_known,raman_full,knn,"k=5,weighted=True,max_features=24,y_transform=log1p",10,0.94116757,0.29161008,0.43121939,-0.22095876,-9.70201
rhamnose_gL,all_known,raman_full,pcr,"n_components=12,alpha=1.0,max_features=384,y_transform=log1p",10,0.94135475,0.29842266,0.44715544,-0.29733586,-10.763058
rhamnose_gL,target_focused,raman_full,knn,"k=5,weighted=True,max_features=192,y_transform=none",10,0.94158069,0.21500693,0.58302218,-0.6624199,-22.688132
rhamnose_gL,target_focused,raman_interpretable,pls,"n_components=5,alpha=1.0,max_features=24,y_transform=none",10,0.94170345,0.21213807,0.63580784,-0.50978624,-20.046016
rhamnose_gL,target_focused,raman_interpretable,pls,"n_components=5,alpha=1.0,max_features=48,y_transform=none",10,0.94170345,0.21213807,0.63580784,-0.50978624,-20.046016
rhamnose_gL,target_focused,raman_interpretable,pls,"n_components=5,alpha=1.0,max_features=96,y_transform=none",10,0.94170345,0.21213807,0.63580784,-0.50978624,-20.046016
rhamnose_gL,all_known,eem_full,pls,"n_components=12,alpha=1.0,max_features=24,y_transform=none",10,0.94172743,0.27761227,0.55093771,-0.16974828,-7.6973892
rhamnose_gL,all_known,raman_full,pcr,"n_components=12,alpha=1.0,max_features=192,y_transform=none",10,0.94182965,0.25801293,0.53316415,-0.29865918,-12.087718
rhamnose_gL,all_known,fusion_full,pcr,"n_components=5,alpha=1.0,max_features=96,y_transform=none",10,0.94205641,0.31233735,0.5007342,-0.33956402,-11.282863
rhamnose_gL,all_known,raman_full,knn,"k=3,weighted=True,max_features=48,y_transform=log1p",10,0.94270307,0.2833316,0.43699509,-0.234802,-10.306171
rhamnose_gL,target_focused,raman_full,pcr,"n_components=3,alpha=1.0,max_features=96,y_transform=log1p",10,0.94279106,0.21055883,0.56958595,-0.5775598,-21.58122
rhamnose_gL,target_focused,fusion_full,pls,"n_components=5,alpha=1.0,max_features=24,y_transform=none",10,0.94299618,0.211147,0.68909671,-1.0626759,-28.694386
rhamnose_gL,all_known,fusion_full,pcr,"n_components=5,alpha=1.0,max_features=48,y_transform=log1p",10,0.94319111,0.32391823,0.44249978,-0.29393605,-10.178865
rhamnose_gL,all_known,eem_interpretable,knn,"k=9,weighted=True,max_features=12,y_transform=none",10,0.94338994,0.2764576,0.49562294,-0.1951379,-8.8646669
rhamnose_gL,all_known,eem_interpretable,knn,"k=9,weighted=True,max_features=24,y_transform=none",10,0.94338994,0.2764576,0.49562294,-0.1951379,-8.8646669
rhamnose_gL,all_known,eem_interpretable,knn,"k=9,weighted=True,max_features=48,y_transform=none",10,0.94338994,0.2764576,0.49562294,-0.1951379,-8.8646669
rhamnose_gL,all_known,eem_interpretable,knn,"k=9,weighted=True,max_features=96,y_transform=none",10,0.94338994,0.2764576,0.49562294,-0.1951379,-8.8646669
rhamnose_gL,all_known,raman_full,pcr,"n_components=5,alpha=1.0,max_features=96,y_transform=none",10,0.94344611,0.28683425,0.53018155,-0.32149888,-11.808511
rhamnose_gL,all_known,raman_full,pls,"n_components=3,alpha=1.0,max_features=384,y_transform=none",10,0.94377238,0.28928872,0.54753939,-0.25824474,-10.988384
rhamnose_gL,all_known,fusion_interpretable,ridge,"alpha=10.0,max_features=24,y_transform=none",10,0.94401105,0.33492977,0.53837302,-0.24801065,-10.452639
rhamnose_gL,all_known,eem_full,ridge,"alpha=0.1,max_features=24,y_transform=none",10,0.94401647,0.27759933,0.55119782,-0.17712134,-8.0095296
rhamnose_gL,all_known,fusion_interpretable,knn,"k=3,weighted=True,max_features=12,y_transform=none",10,0.94429536,0.28276613,0.46320138,-0.38218636,-13.853319
rhamnose_gL,all_known,raman_full,knn,"k=9,weighted=True,max_features=48,y_transform=none",10,0.94479077,0.27998546,0.47069581,-0.23442457,-10.525135
rhamnose_gL,target_focused,fusion_full,pcr,"n_components=2,alpha=1.0,max_features=48,y_transform=none",10,0.94492862,0.16799036,0.65139201,-0.80851446,-26.319363
rhamnose_gL,all_known,eem_full,ridge,"alpha=1.0,max_features=48,y_transform=none",10,0.94534045,0.26740067,0.55625851,-0.2253826,-9.6951678
rhamnose_gL,all_known,fusion_full,pcr,"n_components=3,alpha=1.0,max_features=384,y_transform=none",10,0.94538784,0.27397206,0.51944153,-0.29863336,-11.917459
rhamnose_gL,target_focused,raman_full,knn,"k=9,weighted=True,max_features=48,y_transform=none",10,0.94556579,0.17376696,0.6024053,-0.6757197,-24.05161
rhamnose_gL,target_focused,fusion_full,pcr,"n_components=3,alpha=1.0,max_features=192,y_transform=none",10,0.94605076,0.16894952,0.63357555,-0.72543674,-25.071841
rhamnose_gL,target_focused,eem_interpretable,ridge,"alpha=1.0,max_features=12,y_transform=none",10,0.94611693,0.17735173,0.6729211,-0.80847524,-25.363943
rhamnose_gL,target_focused,eem_interpretable,ridge,"alpha=1.0,max_features=24,y_transform=none",10,0.94611693,0.17735173,0.6729211,-0.80847524,-25.363943
rhamnose_gL,target_focused,eem_interpretable,ridge,"alpha=1.0,max_features=48,y_transform=none",10,0.94611693,0.17735173,0.6729211,-0.80847524,-25.363943
rhamnose_gL,target_focused,eem_interpretable,ridge,"alpha=1.0,max_features=96,y_transform=none",10,0.94611693,0.17735173,0.6729211,-0.80847524,-25.363943
rhamnose_gL,target_focused,eem_interpretable,pcr,"n_components=12,alpha=1.0,max_features=12,y_transform=none",10,0.94611693,0.17735173,0.6729211,-0.80847524,-25.363943
rhamnose_gL,target_focused,eem_interpretable,pcr,"n_components=12,alpha=1.0,max_features=24,y_transform=none",10,0.94611693,0.17735173,0.6729211,-0.80847524,-25.363943
rhamnose_gL,target_focused,eem_interpretable,pcr,"n_components=12,alpha=1.0,max_features=48,y_transform=none",10,0.94611693,0.17735173,0.6729211,-0.80847524,-25.363943
rhamnose_gL,target_focused,eem_interpretable,pcr,"n_components=12,alpha=1.0,max_features=96,y_transform=none",10,0.94611693,0.17735173,0.6729211,-0.80847524,-25.363943
rhamnose_gL,all_known,eem_interpretable,knn,"k=5,weighted=True,max_features=12,y_transform=log1p",10,0.94622838,0.28573861,0.44152026,-0.17833142,-8.3646009
rhamnose_gL,all_known,eem_interpretable,knn,"k=5,weighted=True,max_features=24,y_transform=log1p",10,0.94622838,0.28573861,0.44152026,-0.17833142,-8.3646009
rhamnose_gL,all_known,eem_interpretable,knn,"k=5,weighted=True,max_features=48,y_transform=log1p",10,0.94622838,0.28573861,0.44152026,-0.17833142,-8.3646009
rhamnose_gL,all_known,eem_interpretable,knn,"k=5,weighted=True,max_features=96,y_transform=log1p",10,0.94622838,0.28573861,0.44152026,-0.17833142,-8.3646009
rhamnose_gL,all_known,raman_full,pcr,"n_components=3,alpha=1.0,max_features=96,y_transform=none",10,0.9463835,0.2916431,0.52159373,-0.30599662,-11.664856
rhamnose_gL,all_known,fusion_full,pcr,"n_components=3,alpha=1.0,max_features=48,y_transform=none",10,0.946462,0.30779594,0.49850498,-0.37951324,-12.445255
rhamnose_gL,all_known,raman_interpretable,pls,"n_components=3,alpha=1.0,max_features=24,y_transform=none",10,0.94704523,0.30934434,0.53221243,-0.24094119,-10.266754
rhamnose_gL,all_known,raman_interpretable,pls,"n_components=3,alpha=1.0,max_features=48,y_transform=none",10,0.94704523,0.30934434,0.53221243,-0.24094119,-10.266754
rhamnose_gL,all_known,raman_interpretable,pls,"n_components=3,alpha=1.0,max_features=96,y_transform=none",10,0.94704523,0.30934434,0.53221243,-0.24094119,-10.266754
rhamnose_gL,target_focused,eem_interpretable,knn,"k=5,weighted=True,max_features=12,y_transform=log1p",10,0.94705798,0.26458707,0.60371257,-0.4965761,-18.718642
rhamnose_gL,target_focused,eem_interpretable,knn,"k=5,weighted=True,max_features=24,y_transform=log1p",10,0.94705798,0.26458707,0.60371257,-0.4965761,-18.718642
rhamnose_gL,target_focused,eem_interpretable,knn,"k=5,weighted=True,max_features=48,y_transform=log1p",10,0.94705798,0.26458707,0.60371257,-0.4965761,-18.718642
rhamnose_gL,target_focused,eem_interpretable,knn,"k=5,weighted=True,max_features=96,y_transform=log1p",10,0.94705798,0.26458707,0.60371257,-0.4965761,-18.718642
rhamnose_gL,target_focused,raman_full,ridge,"alpha=10.0,max_features=12,y_transform=log1p",10,0.94736292,0.21032661,0.57765383,-0.59515039,-21.994845
rhamnose_gL,target_focused,eem_full,pls,"n_components=8,alpha=1.0,max_features=24,y_transform=none",10,0.94761655,0.21856531,0.65494162,-0.72623877,-23.878809
rhamnose_gL,all_known,raman_full,pcr,"n_components=2,alpha=1.0,max_features=12,y_transform=none",10,0.948298,0.29598324,0.5191688,-0.33800117,-12.154724
rhamnose_gL,target_focused,fusion_full,pcr,"n_components=8,alpha=1.0,max_features=48,y_transform=none",10,0.94835691,0.17509064,0.64741061,-1.051259,-30.303159
rhamnose_gL,all_known,raman_full,pcr,"n_components=2,alpha=1.0,max_features=192,y_transform=none",10,0.94840966,0.28995155,0.51811138,-0.32399888,-12.054953
rhamnose_gL,target_focused,raman_interpretable,ridge,"alpha=1.0,max_features=24,y_transform=none",10,0.94883813,0.21246414,0.64847018,-0.54303727,-21.114908
rhamnose_gL,target_focused,raman_interpretable,ridge,"alpha=1.0,max_features=48,y_transform=none",10,0.94883813,0.21246414,0.64847018,-0.54303727,-21.114908
rhamnose_gL,target_focused,raman_interpretable,ridge,"alpha=1.0,max_features=96,y_transform=none",10,0.94883813,0.21246414,0.64847018,-0.54303727,-21.114908
rhamnose_gL,target_focused,fusion_full,pcr,"n_components=8,alpha=1.0,max_features=192,y_transform=none",10,0.94990438,0.13067777,0.64120541,-0.99135735,-30.221062
rhamnose_gL,all_known,raman_full,pcr,"n_components=3,alpha=1.0,max_features=192,y_transform=none",10,0.95004041,0.29089184,0.52273328,-0.32411485,-12.261876
rhamnose_gL,target_focused,fusion_full,pls,"n_components=3,alpha=1.0,max_features=12,y_transform=none",10,0.95098558,0.19052525,0.67308682,-1.0615921,-30.245685
rhamnose_gL,target_focused,fusion_full,pls,"n_components=5,alpha=1.0,max_features=12,y_transform=none",10,0.95101786,0.17533786,0.67581952,-1.0305729,-30.055141
rhamnose_gL,target_focused,raman_full,knn,"k=3,weighted=True,max_features=384,y_transform=none",10,0.95137927,0.18717467,0.58069337,-0.80254343,-26.150845
rhamnose_gL,all_known,raman_full,knn,"k=9,weighted=True,max_features=24,y_transform=none",10,0.95158427,0.27873034,0.47249648,-0.25686789,-11.332172
rhamnose_gL,all_known,raman_full,knn,"k=1,weighted=True,max_features=384,y_transform=none",10,0.95174412,0.29953875,0.40082895,-0.21985503,-10.312489
rhamnose_gL,all_known,raman_full,knn,"k=1,weighted=True,max_features=384,y_transform=log1p",10,0.95174412,0.29953875,0.40082895,-0.21985503,-10.312489
rhamnose_gL,all_known,fusion_full,pls,"n_components=3,alpha=1.0,max_features=192,y_transform=none",10,0.95210502,0.3340127,0.51694235,-0.4846136,-13.923163
rhamnose_gL,target_focused,raman_full,pls,"n_components=5,alpha=1.0,max_features=12,y_transform=log1p",10,0.95259341,0.21645889,0.58545535,-0.61440687,-22.394581
rhamnose_gL,target_focused,eem_full,knn,"k=3,weighted=True,max_features=24,y_transform=none",10,0.95269658,0.27230308,0.62854807,-1.3681802,-30.889082
rhamnose_gL,all_known,raman_full,pcr,"n_components=2,alpha=1.0,max_features=384,y_transform=log1p",10,0.95270882,0.30811602,0.45181377,-0.32259668,-11.646141
rhamnose_gL,all_known,fusion_full,ridge,"alpha=10.0,max_features=12,y_transform=none",10,0.95271778,0.30305751,0.51371629,-0.36281166,-12.783549
rhamnose_gL,target_focused,raman_full,pcr,"n_components=8,alpha=1.0,max_features=12,y_transform=log1p",10,0.95395487,0.21194801,0.58152028,-0.58676363,-22.399367
rhamnose_gL,all_known,raman_full,pcr,"n_components=3,alpha=1.0,max_features=24,y_transform=none",10,0.95449321,0.29997565,0.52207025,-0.35210297,-12.939885
rhamnose_gL,all_known,raman_full,knn,"k=3,weighted=True,max_features=96,y_transform=none",10,0.95453566,0.28234918,0.45319108,-0.28847926,-12.046319
rhamnose_gL,all_known,fusion_full,pcr,"n_components=8,alpha=1.0,max_features=12,y_transform=none",10,0.95465506,0.30832236,0.5163529,-0.38807934,-13.285745
rhamnose_gL,target_focused,fusion_full,pcr,"n_components=12,alpha=1.0,max_features=96,y_transform=log1p",10,0.95465972,0.18132389,0.5597558,-1.0958212,-30.437887
rhamnose_gL,target_focused,eem_full,ridge,"alpha=10.0,max_features=192,y_transform=none",10,0.95477634,0.17889225,0.66087148,-0.66318154,-24.091782
rhamnose_gL,target_focused,eem_full,ridge,"alpha=10.0,max_features=384,y_transform=none",10,0.95477634,0.17889225,0.66087148,-0.66318154,-24.091782
rhamnose_gL,target_focused,eem_interpretable,knn,"k=9,weighted=True,max_features=12,y_transform=none",10,0.95505536,0.19930265,0.67553294,-0.81422483,-25.659359
rhamnose_gL,target_focused,eem_interpretable,knn,"k=9,weighted=True,max_features=24,y_transform=none",10,0.95505536,0.19930265,0.67553294,-0.81422483,-25.659359
rhamnose_gL,target_focused,eem_interpretable,knn,"k=9,weighted=True,max_features=48,y_transform=none",10,0.95505536,0.19930265,0.67553294,-0.81422483,-25.659359
rhamnose_gL,target_focused,eem_interpretable,knn,"k=9,weighted=True,max_features=96,y_transform=none",10,0.95505536,0.19930265,0.67553294,-0.81422483,-25.659359
rhamnose_gL,all_known,eem_full,pls,"n_components=8,alpha=1.0,max_features=48,y_transform=none",10,0.95507274,0.25855487,0.55860996,-0.26762198,-11.448722
rhamnose_gL,target_focused,fusion_full,pcr,"n_components=8,alpha=1.0,max_features=12,y_transform=none",10,0.95512072,0.17483886,0.67420989,-1.0735639,-30.9483
rhamnose_gL,all_known,raman_full,knn,"k=3,weighted=True,max_features=24,y_transform=log1p",10,0.95516049,0.28785902,0.43577626,-0.28152447,-11.924015
rhamnose_gL,target_focused,fusion_full,pls,"n_components=3,alpha=1.0,max_features=24,y_transform=none",10,0.95518411,0.20145998,0.68125424,-1.1678996,-31.358301
rhamnose_gL,target_focused,eem_full,ridge,"alpha=1.0,max_features=48,y_transform=none",10,0.95518484,0.21415259,0.69576715,-0.72045711,-24.665924
rhamnose_gL,all_known,fusion_full,pls,"n_components=8,alpha=1.0,max_features=12,y_transform=log1p",10,0.95520172,0.34378821,0.44224135,-0.41154354,-12.274018
rhamnose_gL,all_known,fusion_full,pcr,"n_components=8,alpha=1.0,max_features=48,y_transform=none",10,0.95525813,0.31872651,0.51477881,-0.33970451,-12.461865
rhamnose_gL,all_known,raman_full,pcr,"n_components=3,alpha=1.0,max_features=12,y_transform=none",10,0.95535547,0.28783477,0.52259795,-0.3703436,-13.620376
rhamnose_gL,target_focused,fusion_full,pls,"n_components=2,alpha=1.0,max_features=12,y_transform=none",10,0.95536979,0.18335127,0.67692368,-1.1759423,-32.205922
rhamnose_gL,target_focused,raman_interpretable,pcr,"n_components=12,alpha=1.0,max_features=24,y_transform=none",10,0.95552275,0.21190983,0.65128618,-0.5699811,-22.122777
rhamnose_gL,target_focused,raman_interpretable,pcr,"n_components=12,alpha=1.0,max_features=48,y_transform=none",10,0.95552275,0.21190983,0.65128618,-0.5699811,-22.122777
rhamnose_gL,target_focused,raman_interpretable,pcr,"n_components=12,alpha=1.0,max_features=96,y_transform=none",10,0.95552275,0.21190983,0.65128618,-0.5699811,-22.122777
rhamnose_gL,target_focused,raman_full,pcr,"n_components=3,alpha=1.0,max_features=48,y_transform=log1p",10,0.95561934,0.20970995,0.57665825,-0.67695469,-24.321919
rhamnose_gL,all_known,raman_full,knn,"k=5,weighted=True,max_features=48,y_transform=none",10,0.95606272,0.28163781,0.46753043,-0.27804848,-12.096406
rhamnose_gL,all_known,raman_full,knn,"k=5,weighted=True,max_features=12,y_transform=log1p",10,0.95638213,0.28840145,0.43968846,-0.27323311,-11.662666
rhamnose_gL,target_focused,fusion_full,pcr,"n_components=12,alpha=1.0,max_features=384,y_transform=none",10,0.95648366,0.16833991,0.65201875,-1.2950829,-34.055814
rhamnose_gL,all_known,raman_full,pls,"n_components=3,alpha=1.0,max_features=96,y_transform=none",10,0.95687306,0.28166167,0.54901762,-0.37379555,-13.821731
rhamnose_gL,target_focused,fusion_full,pcr,"n_components=12,alpha=1.0,max_features=12,y_transform=none",10,0.95725935,0.18059018,0.68630329,-1.086752,-31.212456
rhamnose_gL,target_focused,fusion_full,ridge,"alpha=1.0,max_features=12,y_transform=none",10,0.95725935,0.18059018,0.68630329,-1.086752,-31.212456
rhamnose_gL,target_focused,raman_full,pls,"n_components=2,alpha=1.0,max_features=12,y_transform=log1p",10,0.95769823,0.20269825,0.58105479,-0.68185021,-24.365151
rhamnose_gL,target_focused,raman_full,pcr,"n_components=3,alpha=1.0,max_features=192,y_transform=none",10,0.95799518,0.15209414,0.64089952,-0.80914866,-27.565305
rhamnose_gL,all_known,eem_full,pls,"n_components=8,alpha=1.0,max_features=192,y_transform=none",10,0.95843827,0.20842612,0.58037459,-0.36551759,-14.423176
rhamnose_gL,all_known,eem_full,pls,"n_components=8,alpha=1.0,max_features=384,y_transform=none",10,0.95843827,0.20842612,0.58037459,-0.36551759,-14.423176
rhamnose_gL,all_known,fusion_full,pcr,"n_components=5,alpha=1.0,max_features=12,y_transform=none",10,0.95881056,0.30550466,0.51265647,-0.4090134,-14.009161
rhamnose_gL,all_known,raman_full,pcr,"n_components=2,alpha=1.0,max_features=96,y_transform=none",10,0.95888775,0.30132952,0.52379215,-0.37016226,-13.405953
rhamnose_gL,all_known,fusion_full,pls,"n_components=2,alpha=1.0,max_features=48,y_transform=none",10,0.95896036,0.3325688,0.51131858,-0.40006754,-13.26951
rhamnose_gL,target_focused,fusion_full,pcr,"n_components=5,alpha=1.0,max_features=96,y_transform=none",10,0.95923746,0.13194427,0.65217211,-0.97775655,-30.627558
rhamnose_gL,target_focused,raman_full,pcr,"n_components=5,alpha=1.0,max_features=12,y_transform=log1p",10,0.95971635,0.19965387,0.58381175,-0.6959549,-24.957431
rhamnose_gL,target_focused,fusion_full,pcr,"n_components=3,alpha=1.0,max_features=48,y_transform=none",10,0.96039165,0.16392695,0.65861975,-0.86675619,-28.690861
rhamnose_gL,all_known,fusion_full,pcr,"n_components=3,alpha=1.0,max_features=192,y_transform=none",10,0.9605881,0.28720278,0.51825724,-0.40557185,-14.62088
rhamnose_gL,target_focused,fusion_full,pls,"n_components=3,alpha=1.0,max_features=96,y_transform=log1p",10,0.96059735,0.24807805,0.54469919,-1.3035228,-32.125846
rhamnose_gL,all_known,raman_full,pcr,"n_components=3,alpha=1.0,max_features=384,y_transform=log1p",10,0.96077305,0.31476165,0.45890671,-0.35234224,-12.672088
rhamnose_gL,target_focused,raman_interpretable,knn,"k=5,weighted=True,max_features=12,y_transform=none",10,0.96103933,0.18595453,0.59764373,-0.97078239,-29.281612
rhamnose_gL,target_focused,raman_full,pcr,"n_components=8,alpha=1.0,max_features=384,y_transform=log1p",10,0.96152155,0.17446026,0.57390723,-0.82096158,-27.626309
rhamnose_gL,target_focused,fusion_full,pcr,"n_components=3,alpha=1.0,max_features=96,y_transform=none",10,0.9615749,0.17797528,0.65483851,-0.76299985,-26.803938
rhamnose_gL,target_focused,raman_full,knn,"k=3,weighted=True,max_features=96,y_transform=log1p",10,0.96185305,0.24099848,0.57790028,-0.64019983,-23.560557
rhamnose_gL,all_known,raman_interpretable,knn,"k=5,weighted=True,max_features=24,y_transform=none",10,0.96186645,0.25269799,0.50535109,-0.33734593,-14.449467
rhamnose_gL,all_known,raman_interpretable,knn,"k=5,weighted=True,max_features=48,y_transform=none",10,0.96186645,0.25269799,0.50535109,-0.33734593,-14.449467
rhamnose_gL,all_known,raman_interpretable,knn,"k=5,weighted=True,max_features=96,y_transform=none",10,0.96186645,0.25269799,0.50535109,-0.33734593,-14.449467
rhamnose_gL,all_known,fusion_full,pls,"n_components=12,alpha=1.0,max_features=12,y_transform=log1p",10,0.96224044,0.35488579,0.44259207,-0.46498984,-13.378792
rhamnose_gL,target_focused,fusion_interpretable,ridge,"alpha=0.1,max_features=48,y_transform=none",10,0.96239769,0.18567972,0.75671408,-0.83361954,-27.924336
rhamnose_gL,target_focused,fusion_interpretable,ridge,"alpha=0.1,max_features=96,y_transform=none",10,0.96239769,0.18567972,0.75671408,-0.83361954,-27.924336
rhamnose_gL,target_focused,fusion_full,pcr,"n_components=8,alpha=1.0,max_features=24,y_transform=none",10,0.96249437,0.15888487,0.68723372,-1.0948938,-32.402087
rhamnose_gL,target_focused,raman_full,knn,"k=5,weighted=True,max_features=24,y_transform=log1p",10,0.96261226,0.1954929,0.5672851,-0.72085236,-25.78762
rhamnose_gL,target_focused,raman_full,knn,"k=5,weighted=True,max_features=96,y_transform=none",10,0.96292852,0.20833173,0.59243497,-0.68194789,-24.839049
rhamnose_gL,all_known,fusion_interpretable,pls,"n_components=5,alpha=1.0,max_features=24,y_transform=none",10,0.9633405,0.3663082,0.55385276,-0.29033439,-12.215618
rhamnose_gL,all_known,fusion_full,ridge,"alpha=0.1,max_features=12,y_transform=log1p",10,0.96363387,0.35711524,0.44320776,-0.47465491,-13.578122
rhamnose_gL,target_focused,fusion_full,ridge,"alpha=1.0,max_features=24,y_transform=none",10,0.96379148,0.21165598,0.7027872,-1.0620608,-30.416455
rhamnose_gL,all_known,raman_full,pcr,"n_components=8,alpha=1.0,max_features=96,y_transform=none",10,0.96383569,0.29131243,0.54218405,-0.40117553,-14.595648
rhamnose_gL,target_focused,fusion_full,pcr,"n_components=5,alpha=1.0,max_features=48,y_transform=none",10,0.96409125,0.16100823,0.65474071,-0.9501654,-30.329201
rhamnose_gL,target_focused,fusion_full,pls,"n_components=2,alpha=1.0,max_features=24,y_transform=none",10,0.9645071,0.15477596,0.69108393,-1.1637326,-33.145659
rhamnose_gL,all_known,raman_full,knn,"k=9,weighted=True,max_features=12,y_transform=none",10,0.96450921,0.27200915,0.47460042,-0.31903855,-13.65914
rhamnose_gL,all_known,fusion_full,ridge,"alpha=1.0,max_features=12,y_transform=none",10,0.96458094,0.30523677,0.52966248,-0.41312812,-14.503048
rhamnose_gL,all_known,fusion_full,pcr,"n_components=12,alpha=1.0,max_features=12,y_transform=none",10,0.96458094,0.30523677,0.52966248,-0.41312812,-14.503048
rhamnose_gL,target_focused,fusion_full,pcr,"n_components=5,alpha=1.0,max_features=384,y_transform=none",10,0.96483698,0.12053454,0.65258741,-1.0055372,-31.519719
rhamnose_gL,all_known,fusion_full,ridge,"alpha=10.0,max_features=48,y_transform=none",10,0.96505269,0.30244413,0.52896488,-0.39626834,-14.375585
rhamnose_gL,all_known,raman_full,pcr,"n_components=3,alpha=1.0,max_features=48,y_transform=none",10,0.96535301,0.31339993,0.52962846,-0.39953768,-14.231583
rhamnose_gL,all_known,fusion_full,pls,"n_components=2,alpha=1.0,max_features=24,y_transform=none",10,0.96580755,0.32391974,0.50734575,-0.43157543,-14.642156
rhamnose_gL,target_focused,raman_full,pcr,"n_components=3,alpha=1.0,max_features=24,y_transform=none",10,0.96593678,0.14152054,0.65894376,-0.93021842,-30.293051
rhamnose_gL,target_focused,fusion_full,pcr,"n_components=12,alpha=1.0,max_features=192,y_transform=none",10,0.96610899,0.1318997,0.66873479,-1.3044176,-35.40093
rhamnose_gL,all_known,fusion_full,pls,"n_components=2,alpha=1.0,max_features=12,y_transform=none",10,0.96631816,0.31517886,0.51407668,-0.45200085,-15.057237
rhamnose_gL,all_known,fusion_full,pls,"n_components=8,alpha=1.0,max_features=12,y_transform=none",10,0.96636949,0.30467125,0.53448691,-0.41156301,-14.618403
rhamnose_gL,all_known,fusion_full,pls,"n_components=12,alpha=1.0,max_features=12,y_transform=none",10,0.9666492,0.30444843,0.53400376,-0.41671546,-14.7387
rhamnose_gL,all_known,eem_full,pls,"n_components=8,alpha=1.0,max_features=96,y_transform=log1p",10,0.96681726,0.53167765,0.43387504,-0.15262862,-4.6581199
rhamnose_gL,target_focused,fusion_full,pls,"n_components=8,alpha=1.0,max_features=12,y_transform=none",10,0.96709548,0.18178978,0.70014586,-1.1507933,-32.894102
rhamnose_gL,target_focused,fusion_full,knn,"k=3,weighted=True,max_features=12,y_transform=log1p",10,0.96742202,0.24592576,0.58205084,-0.83748496,-27.583137
rhamnose_gL,all_known,fusion_full,ridge,"alpha=0.1,max_features=12,y_transform=none",10,0.96794156,0.30526705,0.53483486,-0.42366911,-14.933719
rhamnose_gL,all_known,raman_full,pcr,"n_components=5,alpha=1.0,max_features=48,y_transform=none",10,0.96820195,0.31567157,0.5328498,-0.43127762,-14.92488
rhamnose_gL,all_known,raman_full,pls,"n_components=3,alpha=1.0,max_features=96,y_transform=log1p",10,0.96836974,0.33856022,0.46069501,-0.48394992,-14.728321
rhamnose_gL,target_focused,raman_full,pcr,"n_components=5,alpha=1.0,max_features=384,y_transform=none",10,0.96848865,0.14709126,0.64941923,-0.9020142,-29.881404
rhamnose_gL,target_focused,fusion_full,knn,"k=1,weighted=True,max_features=48,y_transform=none",10,0.9690074,0.35259671,0.52490909,-1.030127,-29.970745
rhamnose_gL,target_focused,fusion_full,knn,"k=1,weighted=True,max_features=48,y_transform=log1p",10,0.9690074,0.35259671,0.52490909,-1.030127,-29.970745
rhamnose_gL,all_known,fusion_interpretable,ridge,"alpha=10.0,max_features=48,y_transform=none",10,0.96914927,0.33572456,0.54733821,-0.35458372,-14.238088
rhamnose_gL,all_known,fusion_interpretable,ridge,"alpha=10.0,max_features=96,y_transform=none",10,0.96914927,0.33572456,0.54733821,-0.35458372,-14.238088
rhamnose_gL,all_known,raman_full,pcr,"n_components=2,alpha=1.0,max_features=24,y_transform=none",10,0.96930441,0.30411132,0.52923407,-0.40194211,-14.748206
rhamnose_gL,all_known,fusion_full,ridge,"alpha=1.0,max_features=12,y_transform=log1p",10,0.96931059,0.36719847,0.44362549,-0.52249531,-14.502431
rhamnose_gL,all_known,fusion_full,pcr,"n_components=12,alpha=1.0,max_features=12,y_transform=log1p",10,0.96931059,0.36719847,0.44362549,-0.52249531,-14.502431
rhamnose_gL,target_focused,raman_full,pcr,"n_components=5,alpha=1.0,max_features=192,y_transform=log1p",10,0.96936573,0.17475416,0.58287516,-0.82795206,-28.375846
rhamnose_gL,target_focused,eem_interpretable,pls,"n_components=3,alpha=1.0,max_features=12,y_transform=none",10,0.96949316,0.1916769,0.69702273,-1.0080099,-29.544198
rhamnose_gL,target_focused,eem_interpretable,pls,"n_components=3,alpha=1.0,max_features=24,y_transform=none",10,0.96949316,0.1916769,0.69702273,-1.0080099,-29.544198
rhamnose_gL,target_focused,eem_interpretable,pls,"n_components=3,alpha=1.0,max_features=48,y_transform=none",10,0.96949316,0.1916769,0.69702273,-1.0080099,-29.544198
rhamnose_gL,target_focused,eem_interpretable,pls,"n_components=3,alpha=1.0,max_features=96,y_transform=none",10,0.96949316,0.1916769,0.69702273,-1.0080099,-29.544198
rhamnose_gL,target_focused,raman_full,knn,"k=3,weighted=True,max_features=192,y_transform=none",10,0.96961635,0.20811867,0.58325658,-1.0136505,-30.805892
rhamnose_gL,all_known,fusion_full,pls,"n_components=5,alpha=1.0,max_features=12,y_transform=none",10,0.96972987,0.31686491,0.527951,-0.46011053,-15.402937
rhamnose_gL,target_focused,fusion_full,pcr,"n_components=8,alpha=1.0,max_features=96,y_transform=none",10,0.96989546,0.13871946,0.65786349,-1.2350363,-34.937227
rhamnose_gL,target_focused,fusion_full,pls,"n_components=12,alpha=1.0,max_features=12,y_transform=none",10,0.9699718,0.18125909,0.70254265,-1.1494722,-33.007562
rhamnose_gL,all_known,raman_interpretable,ridge,"alpha=10.0,max_features=24,y_transform=none",10,0.96999603,0.34006344,0.53242544,-0.31824183,-12.925533
rhamnose_gL,all_known,raman_interpretable,ridge,"alpha=10.0,max_features=48,y_transform=none",10,0.96999603,0.34006344,0.53242544,-0.31824183,-12.925533
rhamnose_gL,all_known,raman_interpretable,ridge,"alpha=10.0,max_features=96,y_transform=none",10,0.96999603,0.34006344,0.53242544,-0.31824183,-12.925533
rhamnose_gL,target_focused,raman_interpretable,knn,"k=3,weighted=True,max_features=24,y_transform=log1p",10,0.97021285,0.27113384,0.57221119,-0.47185965,-20.215868
rhamnose_gL,target_focused,raman_interpretable,knn,"k=3,weighted=True,max_features=48,y_transform=log1p",10,0.97021285,0.27113384,0.57221119,-0.47185965,-20.215868
rhamnose_gL,target_focused,raman_interpretable,knn,"k=3,weighted=True,max_features=96,y_transform=log1p",10,0.97021285,0.27113384,0.57221119,-0.47185965,-20.215868
rhamnose_gL,all_known,raman_interpretable,knn,"k=3,weighted=True,max_features=24,y_transform=none",10,0.97042691,0.25224357,0.48685313,-0.37379914,-15.739109
rhamnose_gL,all_known,raman_interpretable,knn,"k=3,weighted=True,max_features=48,y_transform=none",10,0.97042691,0.25224357,0.48685313,-0.37379914,-15.739109
rhamnose_gL,all_known,raman_interpretable,knn,"k=3,weighted=True,max_features=96,y_transform=none",10,0.97042691,0.25224357,0.48685313,-0.37379914,-15.739109
rhamnose_gL,all_known,raman_full,pcr,"n_components=5,alpha=1.0,max_features=24,y_transform=none",10,0.97088206,0.32085289,0.53831588,-0.36506453,-14.062828
rhamnose_gL,all_known,fusion_full,pcr,"n_components=5,alpha=1.0,max_features=192,y_transform=log1p",10,0.97126274,0.36337747,0.44306401,-0.53725166,-15.012223
rhamnose_gL,all_known,fusion_full,pls,"n_components=3,alpha=1.0,max_features=12,y_transform=none",10,0.97163736,0.32314109,0.52024438,-0.49488164,-16.00527
rhamnose_gL,target_focused,raman_full,pls,"n_components=3,alpha=1.0,max_features=12,y_transform=log1p",10,0.97183601,0.20515522,0.59736659,-0.72819636,-26.172682
rhamnose_gL,target_focused,fusion_full,pcr,"n_components=5,alpha=1.0,max_features=192,y_transform=none",10,0.9718552,0.13655662,0.66436291,-0.98802711,-31.592746
rhamnose_gL,all_known,fusion_full,pcr,"n_components=3,alpha=1.0,max_features=12,y_transform=none",10,0.9718977,0.31566424,0.51292759,-0.48599565,-16.085427
rhamnose_gL,all_known,fusion_interpretable,pls,"n_components=5,alpha=1.0,max_features=48,y_transform=none",10,0.97212088,0.31111938,0.56174974,-0.38609653,-15.507056
rhamnose_gL,all_known,fusion_interpretable,pls,"n_components=5,alpha=1.0,max_features=96,y_transform=none",10,0.97212088,0.31111938,0.56174974,-0.38609653,-15.507056
rhamnose_gL,target_focused,fusion_full,ridge,"alpha=0.1,max_features=12,y_transform=none",10,0.9723391,0.18378269,0.70391464,-1.1638916,-33.351567
rhamnose_gL,all_known,fusion_full,pcr,"n_components=5,alpha=1.0,max_features=384,y_transform=log1p",10,0.97240118,0.34355693,0.45545014,-0.48977553,-15.025122
rhamnose_gL,all_known,raman_full,pcr,"n_components=5,alpha=1.0,max_features=12,y_transform=none",10,0.97241918,0.31500924,0.53346881,-0.38308977,-14.608396
rhamnose_gL,all_known,fusion_full,ridge,"alpha=10.0,max_features=12,y_transform=log1p",10,0.97254628,0.37358817,0.44168613,-0.55302315,-15.065157
rhamnose_gL,all_known,fusion_full,pls,"n_components=3,alpha=1.0,max_features=48,y_transform=none",10,0.97257558,0.33530423,0.52628423,-0.39869024,-14.576178
rhamnose_gL,all_known,raman_full,pls,"n_components=2,alpha=1.0,max_features=384,y_transform=none",10,0.97328425,0.31290696,0.54223495,-0.497239,-16.455386
rhamnose_gL,all_known,fusion_interpretable,pcr,"n_components=12,alpha=1.0,max_features=48,y_transform=none",10,0.97363856,0.38797032,0.55337023,-0.34136332,-13.757466
rhamnose_gL,all_known,fusion_interpretable,pcr,"n_components=12,alpha=1.0,max_features=96,y_transform=none",10,0.97363856,0.38797032,0.55337023,-0.34136332,-13.757466
rhamnose_gL,target_focused,raman_full,knn,"k=5,weighted=True,max_features=48,y_transform=none",10,0.97446201,0.18836847,0.61863395,-0.82348212,-28.384287
rhamnose_gL,all_known,fusion_full,pls,"n_components=2,alpha=1.0,max_features=96,y_transform=none",10,0.97498619,0.36849205,0.50989758,-0.59057885,-16.395037
rhamnose_gL,all_known,fusion_full,pcr,"n_components=3,alpha=1.0,max_features=384,y_transform=log1p",10,0.97521423,0.32717305,0.45699329,-0.46172627,-15.245131
rhamnose_gL,all_known,fusion_full,pcr,"n_components=12,alpha=1.0,max_features=48,y_transform=none",10,0.97533493,0.33067744,0.52546987,-0.41373168,-14.99172
rhamnose_gL,all_known,raman_full,knn,"k=5,weighted=True,max_features=24,y_transform=none",10,0.9754742,0.2769399,0.47086894,-0.38436007,-15.665756
rhamnose_gL,all_known,eem_interpretable,knn,"k=3,weighted=True,max_features=12,y_transform=log1p",10,0.97595749,0.29069083,0.4592374,-0.26404184,-11.982107
rhamnose_gL,all_known,eem_interpretable,knn,"k=3,weighted=True,max_features=24,y_transform=log1p",10,0.97595749,0.29069083,0.4592374,-0.26404184,-11.982107
rhamnose_gL,all_known,eem_interpretable,knn,"k=3,weighted=True,max_features=48,y_transform=log1p",10,0.97595749,0.29069083,0.4592374,-0.26404184,-11.982107
rhamnose_gL,all_known,eem_interpretable,knn,"k=3,weighted=True,max_features=96,y_transform=log1p",10,0.97595749,0.29069083,0.4592374,-0.26404184,-11.982107
rhamnose_gL,target_focused,eem_interpretable,pls,"n_components=5,alpha=1.0,max_features=12,y_transform=none",10,0.97709647,0.1587986,0.6856503,-0.96366081,-30.462744
rhamnose_gL,target_focused,eem_interpretable,pls,"n_components=5,alpha=1.0,max_features=24,y_transform=none",10,0.97709647,0.1587986,0.6856503,-0.96366081,-30.462744
rhamnose_gL,target_focused,eem_interpretable,pls,"n_components=5,alpha=1.0,max_features=48,y_transform=none",10,0.97709647,0.1587986,0.6856503,-0.96366081,-30.462744
rhamnose_gL,target_focused,eem_interpretable,pls,"n_components=5,alpha=1.0,max_features=96,y_transform=none",10,0.97709647,0.1587986,0.6856503,-0.96366081,-30.462744
rhamnose_gL,target_focused,raman_full,pcr,"n_components=5,alpha=1.0,max_features=24,y_transform=log1p",10,0.97718925,0.20704563,0.59228354,-0.762635,-27.492575
rhamnose_gL,target_focused,fusion_full,pcr,"n_components=3,alpha=1.0,max_features=12,y_transform=none",10,0.97762479,0.16929815,0.68424975,-1.2836495,-35.403493
rhamnose_gL,target_focused,fusion_full,pcr,"n_components=5,alpha=1.0,max_features=12,y_transform=none",10,0.97798522,0.18175742,0.68133253,-1.2735852,-35.501466
rhamnose_gL,target_focused,fusion_full,pls,"n_components=2,alpha=1.0,max_features=48,y_transform=log1p",10,0.97807089,0.20078367,0.58368468,-0.91958463,-30.416193
rhamnose_gL,target_focused,raman_full,pcr,"n_components=3,alpha=1.0,max_features=96,y_transform=none",10,0.97843491,0.14656217,0.66123235,-0.99081403,-32.14604
rhamnose_gL,target_focused,fusion_interpretable,knn,"k=1,weighted=True,max_features=48,y_transform=none",10,0.97845947,0.28718801,0.55861364,-1.1422717,-32.557159
rhamnose_gL,target_focused,fusion_interpretable,knn,"k=1,weighted=True,max_features=48,y_transform=log1p",10,0.97845947,0.28718801,0.55861364,-1.1422717,-32.557159
rhamnose_gL,target_focused,fusion_interpretable,knn,"k=1,weighted=True,max_features=96,y_transform=none",10,0.97845947,0.28718801,0.55861364,-1.1422717,-32.557159
rhamnose_gL,target_focused,fusion_interpretable,knn,"k=1,weighted=True,max_features=96,y_transform=log1p",10,0.97845947,0.28718801,0.55861364,-1.1422717,-32.557159
rhamnose_gL,target_focused,raman_full,ridge,"alpha=1.0,max_features=12,y_transform=log1p",10,0.97855753,0.20865411,0.5928713,-0.86741441,-28.318916
rhamnose_gL,target_focused,raman_full,pcr,"n_components=12,alpha=1.0,max_features=12,y_transform=log1p",10,0.97855753,0.20865411,0.5928713,-0.86741441,-28.318916
rhamnose_gL,target_focused,eem_interpretable,pls,"n_components=8,alpha=1.0,max_features=12,y_transform=none",10,0.97884489,0.15593455,0.69443325,-1.0274169,-31.688873
rhamnose_gL,target_focused,eem_interpretable,pls,"n_components=8,alpha=1.0,max_features=24,y_transform=none",10,0.97884489,0.15593455,0.69443325,-1.0274169,-31.688873
rhamnose_gL,target_focused,eem_interpretable,pls,"n_components=8,alpha=1.0,max_features=48,y_transform=none",10,0.97884489,0.15593455,0.69443325,-1.0274169,-31.688873
rhamnose_gL,target_focused,eem_interpretable,pls,"n_components=8,alpha=1.0,max_features=96,y_transform=none",10,0.97884489,0.15593455,0.69443325,-1.0274169,-31.688873
rhamnose_gL,all_known,raman_full,knn,"k=3,weighted=True,max_features=12,y_transform=log1p",10,0.97892631,0.28647593,0.44825054,-0.3621109,-15.168979
rhamnose_gL,target_focused,fusion_full,pls,"n_components=2,alpha=1.0,max_features=384,y_transform=log1p",10,0.97915686,0.18169913,0.60335776,-0.88150159,-29.860963
rhamnose_gL,target_focused,fusion_full,pls,"n_components=3,alpha=1.0,max_features=48,y_transform=none",10,0.98027807,0.19642401,0.69100525,-1.2552547,-34.814917
rhamnose_gL,all_known,raman_full,pcr,"n_components=8,alpha=1.0,max_features=24,y_transform=none",10,0.98106186,0.33135171,0.53930396,-0.4179179,-15.585815
rhamnose_gL,all_known,fusion_full,pls,"n_components=2,alpha=1.0,max_features=192,y_transform=log1p",10,0.98149571,0.39681204,0.44415963,-0.64301397,-16.752134
rhamnose_gL,target_focused,fusion_full,pcr,"n_components=3,alpha=1.0,max_features=24,y_transform=none",10,0.9821315,0.15480802,0.67911617,-1.1791013,-34.481925
rhamnose_gL,all_known,fusion_full,pcr,"n_components=5,alpha=1.0,max_features=24,y_transform=log1p",10,0.98239916,0.38159041,0.45063525,-0.40564195,-14.104517
rhamnose_gL,all_known,fusion_full,pls,"n_components=3,alpha=1.0,max_features=96,y_transform=none",10,0.98264043,0.35353747,0.53490834,-0.57131468,-17.392761
rhamnose_gL,target_focused,fusion_full,pcr,"n_components=12,alpha=1.0,max_features=48,y_transform=none",10,0.98295234,0.18330484,0.69959666,-1.2699306,-35.678516
rhamnose_gL,target_focused,fusion_full,knn,"k=3,weighted=True,max_features=24,y_transform=none",10,0.98362926,0.2083287,0.60000815,-1.3044964,-37.19555
rhamnose_gL,all_known,raman_full,knn,"k=3,weighted=True,max_features=48,y_transform=none",10,0.98413363,0.26451687,0.47719447,-0.42674211,-17.36122
rhamnose_gL,target_focused,eem_interpretable,pls,"n_components=12,alpha=1.0,max_features=12,y_transform=none",10,0.98437577,0.15322308,0.69960718,-1.087361,-32.978925
rhamnose_gL,target_focused,eem_interpretable,pls,"n_components=12,alpha=1.0,max_features=24,y_transform=none",10,0.98437577,0.15322308,0.69960718,-1.087361,-32.978925
rhamnose_gL,target_focused,eem_interpretable,pls,"n_components=12,alpha=1.0,max_features=48,y_transform=none",10,0.98437577,0.15322308,0.69960718,-1.087361,-32.978925
rhamnose_gL,target_focused,eem_interpretable,pls,"n_components=12,alpha=1.0,max_features=96,y_transform=none",10,0.98437577,0.15322308,0.69960718,-1.087361,-32.978925
rhamnose_gL,all_known,eem_full,pls,"n_components=12,alpha=1.0,max_features=48,y_transform=none",10,0.98454218,0.23648438,0.60481159,-0.42463145,-17.009846
rhamnose_gL,target_focused,raman_full,pcr,"n_components=5,alpha=1.0,max_features=96,y_transform=log1p",10,0.98475294,0.1540473,0.57801002,-1.0249151,-32.819186
rhamnose_gL,target_focused,fusion_full,pcr,"n_components=5,alpha=1.0,max_features=24,y_transform=none",10,0.98544041,0.15570748,0.68883707,-1.2520887,-36.165928
rhamnose_gL,target_focused,fusion_full,pcr,"n_components=12,alpha=1.0,max_features=96,y_transform=none",10,0.98555429,0.13547239,0.6781384,-1.4103298,-38.423428
rhamnose_gL,all_known,fusion_full,ridge,"alpha=10.0,max_features=24,y_transform=none",10,0.9857239,0.3582463,0.52673572,-0.4875655,-16.187828
rhamnose_gL,target_focused,fusion_full,pls,"n_components=8,alpha=1.0,max_features=24,y_transform=none",10,0.98580445,0.21410702,0.72020641,-1.1767753,-33.819412
rhamnose_gL,all_known,raman_full,pcr,"n_components=2,alpha=1.0,max_features=48,y_transform=none",10,0.98631923,0.33012899,0.53228567,-0.50943569,-17.121007
rhamnose_gL,all_known,fusion_full,pcr,"n_components=8,alpha=1.0,max_features=12,y_transform=log1p",10,0.98643246,0.40241828,0.44519344,-0.67662623,-17.238368
rhamnose_gL,all_known,raman_full,pls,"n_components=2,alpha=1.0,max_features=12,y_transform=none",10,0.9864823,0.33704571,0.53596202,-0.44138859,-16.341613
rhamnose_gL,all_known,eem_full,ridge,"alpha=1.0,max_features=192,y_transform=log1p",10,0.98683813,0.28172098,0.49088603,-0.74887262,-20.850953
rhamnose_gL,all_known,eem_full,ridge,"alpha=1.0,max_features=384,y_transform=log1p",10,0.98683813,0.28172098,0.49088603,-0.74887262,-20.850953
rhamnose_gL,all_known,raman_full,pcr,"n_components=12,alpha=1.0,max_features=96,y_transform=none",10,0.98715371,0.29131875,0.55804908,-0.55151299,-19.21237
rhamnose_gL,target_focused,raman_full,pcr,"n_components=3,alpha=1.0,max_features=48,y_transform=none",10,0.98731727,0.14761575,0.67367013,-1.0673883,-33.932588
rhamnose_gL,all_known,raman_full,pls,"n_components=3,alpha=1.0,max_features=48,y_transform=none",10,0.98793423,0.31326532,0.55067336,-0.52911947,-18.024933
rhamnose_gL,target_focused,raman_full,knn,"k=5,weighted=True,max_features=12,y_transform=log1p",10,0.9881069,0.18920956,0.59811438,-0.84819085,-29.995405
rhamnose_gL,all_known,raman_full,pls,"n_components=3,alpha=1.0,max_features=24,y_transform=none",10,0.98837026,0.31660447,0.55596464,-0.40617125,-16.145424
rhamnose_gL,target_focused,raman_full,knn,"k=3,weighted=True,max_features=48,y_transform=log1p",10,0.98841258,0.22045737,0.59100051,-0.81111086,-28.794338
rhamnose_gL,target_focused,fusion_interpretable,pls,"n_components=12,alpha=1.0,max_features=48,y_transform=none",10,0.98870068,0.22990812,0.76712699,-0.83105568,-28.774853
rhamnose_gL,target_focused,fusion_interpretable,pls,"n_components=12,alpha=1.0,max_features=96,y_transform=none",10,0.98870068,0.22990812,0.76712699,-0.83105568,-28.774853
rhamnose_gL,target_focused,raman_full,knn,"k=9,weighted=True,max_features=24,y_transform=none",10,0.98880744,0.16806225,0.6208017,-0.90514604,-31.217486
rhamnose_gL,target_focused,raman_full,pcr,"n_components=8,alpha=1.0,max_features=384,y_transform=none",10,0.98888289,0.12853317,0.6624336,-1.2226347,-36.205641
rhamnose_gL,all_known,raman_full,knn,"k=3,weighted=True,max_features=24,y_transform=none",10,0.98914616,0.27890635,0.46659344,-0.44498431,-17.609447
rhamnose_gL,target_focused,raman_full,pls,"n_components=8,alpha=1.0,max_features=12,y_transform=log1p",10,0.98969454,0.20829597,0.6003146,-0.99624488,-30.976794
rhamnose_gL,all_known,raman_full,ridge,"alpha=10.0,max_features=12,y_transform=none",10,0.99038897,0.33010516,0.53637873,-0.45201612,-16.991243
rhamnose_gL,all_known,raman_full,pcr,"n_components=5,alpha=1.0,max_features=96,y_transform=log1p",10,0.99075841,0.37549289,0.46349178,-0.64777645,-18.149441
rhamnose_gL,target_focused,fusion_full,pls,"n_components=3,alpha=1.0,max_features=384,y_transform=log1p",10,0.99084264,0.21058813,0.57435248,-1.0559077,-32.830916
rhamnose_gL,all_known,fusion_full,pcr,"n_components=8,alpha=1.0,max_features=24,y_transform=none",10,0.99095837,0.36729543,0.51639231,-0.58047219,-17.849033
rhamnose_gL,all_known,fusion_full,pcr,"n_components=12,alpha=1.0,max_features=24,y_transform=none",10,0.99103059,0.37272914,0.51998609,-0.53581281,-17.069575
rhamnose_gL,all_known,fusion_full,pcr,"n_components=12,alpha=1.0,max_features=96,y_transform=none",10,0.99136435,0.33079415,0.53107932,-0.62774345,-19.59006
rhamnose_gL,all_known,raman_full,pcr,"n_components=3,alpha=1.0,max_features=96,y_transform=log1p",10,0.99207748,0.36146313,0.46363453,-0.5716962,-17.469646
rhamnose_gL,target_focused,raman_interpretable,knn,"k=3,weighted=True,max_features=12,y_transform=none",10,0.99334879,0.20385757,0.62078475,-1.0774544,-33.503777
rhamnose_gL,all_known,raman_full,pls,"n_components=5,alpha=1.0,max_features=12,y_transform=none",10,0.99346654,0.33075106,0.54583443,-0.43128209,-17.124028
rhamnose_gL,all_known,eem_full,pls,"n_components=8,alpha=1.0,max_features=96,y_transform=none",10,0.99379745,0.24994935,0.60408702,-0.41248795,-17.147966
rhamnose_gL,target_focused,raman_full,knn,"k=9,weighted=True,max_features=12,y_transform=none",10,0.99381539,0.15193998,0.63661857,-0.9638903,-32.745998
rhamnose_gL,all_known,fusion_interpretable,pcr,"n_components=12,alpha=1.0,max_features=24,y_transform=none",10,0.99448597,0.43167647,0.56252434,-0.38786306,-15.388723
rhamnose_gL,target_focused,fusion_full,pls,"n_components=3,alpha=1.0,max_features=96,y_transform=none",10,0.99492209,0.17197623,0.68564306,-1.4551355,-39.016228
rhamnose_gL,all_known,raman_full,ridge,"alpha=10.0,max_features=24,y_transform=none",10,0.99547939,0.30000958,0.56393726,-0.48272832,-18.35446
rhamnose_gL,all_known,fusion_full,pls,"n_components=3,alpha=1.0,max_features=24,y_transform=none",10,0.9954818,0.36078355,0.52441258,-0.53410663,-17.914432
rhamnose_gL,all_known,raman_interpretable,ridge,"alpha=1.0,max_features=12,y_transform=none",10,0.99553716,0.4234815,0.54129242,-0.34838537,-14.298234
rhamnose_gL,all_known,raman_interpretable,pcr,"n_components=12,alpha=1.0,max_features=12,y_transform=none",10,0.99553716,0.4234815,0.54129242,-0.34838537,-14.298234
rhamnose_gL,target_focused,fusion_full,pls,"n_components=2,alpha=1.0,max_features=192,y_transform=log1p",10,0.99568017,0.16856117,0.60498698,-1.0423424,-33.842313
rhamnose_gL,target_focused,eem_interpretable,ridge,"alpha=0.1,max_features=12,y_transform=none",10,0.99574718,0.15274751,0.70968064,-1.1800351,-35.171813
rhamnose_gL,target_focused,eem_interpretable,ridge,"alpha=0.1,max_features=24,y_transform=none",10,0.99574718,0.15274751,0.70968064,-1.1800351,-35.171813
rhamnose_gL,target_focused,eem_interpretable,ridge,"alpha=0.1,max_features=48,y_transform=none",10,0.99574718,0.15274751,0.70968064,-1.1800351,-35.171813
rhamnose_gL,target_focused,eem_interpretable,ridge,"alpha=0.1,max_features=96,y_transform=none",10,0.99574718,0.15274751,0.70968064,-1.1800351,-35.171813
rhamnose_gL,all_known,raman_full,pls,"n_components=2,alpha=1.0,max_features=192,y_transform=none",10,0.9957488,0.34427648,0.54877494,-0.61166518,-19.315725
rhamnose_gL,all_known,raman_interpretable,pcr,"n_components=8,alpha=1.0,max_features=12,y_transform=none",10,0.99580662,0.42417783,0.54135882,-0.34897686,-14.317756
rhamnose_gL,target_focused,fusion_full,pcr,"n_components=2,alpha=1.0,max_features=24,y_transform=none",10,0.9960138,0.13499417,0.69367242,-1.1747424,-36.164383
rhamnose_gL,all_known,raman_full,pls,"n_components=3,alpha=1.0,max_features=12,y_transform=none",10,0.99631818,0.33785246,0.54332345,-0.4553185,-17.322911
rhamnose_gL,all_known,raman_full,knn,"k=1,weighted=True,max_features=192,y_transform=none",10,0.99677816,0.31349748,0.42160526,-0.48980206,-17.331793
rhamnose_gL,all_known,raman_full,knn,"k=1,weighted=True,max_features=192,y_transform=log1p",10,0.99677816,0.31349748,0.42160526,-0.48980206,-17.331793
rhamnose_gL,all_known,raman_full,pcr,"n_components=8,alpha=1.0,max_features=12,y_transform=none",10,0.99763477,0.3390152,0.5441399,-0.47439569,-17.784664
rhamnose_gL,all_known,raman_full,knn,"k=5,weighted=True,max_features=12,y_transform=none",10,0.99788892,0.27188849,0.4823182,-0.47673928,-18.830787
rhamnose_gL,all_known,raman_interpretable,pls,"n_components=5,alpha=1.0,max_features=12,y_transform=none",10,0.99830564,0.42513898,0.54168015,-0.36425217,-14.83007
rhamnose_gL,all_known,fusion_full,pcr,"n_components=3,alpha=1.0,max_features=24,y_transform=log1p",10,0.99955197,0.41064523,0.44472681,-0.74514686,-19.166757
rhamnose_gL,target_focused,fusion_full,pls,"n_components=5,alpha=1.0,max_features=96,y_transform=log1p",10,0.9998726,0.33577255,0.58037772,-1.9988887,-40.590254
rhamnose_gL,target_focused,raman_full,pcr,"n_components=5,alpha=1.0,max_features=48,y_transform=log1p",10,1.0002777,0.18947972,0.5868789,-1.0329796,-33.536672
rhamnose_gL,target_focused,eem_full,pls,"n_components=12,alpha=1.0,max_features=24,y_transform=none",10,1.0003916,0.20867461,0.69894644,-0.89703831,-30.798375
rhamnose_gL,target_focused,fusion_full,pls,"n_components=8,alpha=1.0,max_features=48,y_transform=log1p",10,1.0008584,0.26471892,0.62414393,-1.2151412,-35.278921
rhamnose_gL,target_focused,raman_full,pcr,"n_components=2,alpha=1.0,max_features=12,y_transform=none",10,1.002001,0.14341068,0.68584445,-1.2133293,-37.170219
rhamnose_gL,all_known,fusion_full,pls,"n_components=2,alpha=1.0,max_features=12,y_transform=log1p",10,1.002218,0.42826811,0.44708907,-0.81375048,-19.818538
rhamnose_gL,target_focused,raman_full,pcr,"n_components=5,alpha=1.0,max_features=192,y_transform=none",10,1.0022919,0.11204767,0.66972949,-1.2293615,-37.715099
rhamnose_gL,target_focused,fusion_interpretable,knn,"k=1,weighted=True,max_features=24,y_transform=none",10,1.0027469,0.32890112,0.53770455,-1.0297442,-30.130688
rhamnose_gL,target_focused,fusion_interpretable,knn,"k=1,weighted=True,max_features=24,y_transform=log1p",10,1.0027469,0.32890112,0.53770455,-1.0297442,-30.130688
rhamnose_gL,all_known,fusion_full,ridge,"alpha=10.0,max_features=48,y_transform=log1p",10,1.0029454,0.4398133,0.44945921,-0.56617319,-16.615432
rhamnose_gL,target_focused,fusion_full,ridge,"alpha=10.0,max_features=48,y_transform=none",10,1.0033883,0.19201431,0.72053264,-1.3217141,-37.651313
rhamnose_gL,all_known,eem_interpretable,knn,"k=5,weighted=True,max_features=12,y_transform=none",10,1.0038859,0.24729471,0.5087324,-0.417726,-17.947122
rhamnose_gL,all_known,eem_interpretable,knn,"k=5,weighted=True,max_features=24,y_transform=none",10,1.0038859,0.24729471,0.5087324,-0.417726,-17.947122
rhamnose_gL,all_known,eem_interpretable,knn,"k=5,weighted=True,max_features=48,y_transform=none",10,1.0038859,0.24729471,0.5087324,-0.417726,-17.947122
rhamnose_gL,all_known,eem_interpretable,knn,"k=5,weighted=True,max_features=96,y_transform=none",10,1.0038859,0.24729471,0.5087324,-0.417726,-17.947122
rhamnose_gL,target_focused,raman_full,ridge,"alpha=0.1,max_features=12,y_transform=log1p",10,1.0042412,0.2110305,0.60269445,-1.1445812,-33.932859
rhamnose_gL,target_focused,raman_full,pls,"n_components=12,alpha=1.0,max_features=12,y_transform=log1p",10,1.0054752,0.21116235,0.60407562,-1.1534074,-34.165025
rhamnose_gL,target_focused,fusion_full,pls,"n_components=2,alpha=1.0,max_features=96,y_transform=log1p",10,1.0070124,0.14770013,0.59777099,-1.279761,-38.665591
rhamnose_gL,all_known,raman_full,pcr,"n_components=8,alpha=1.0,max_features=96,y_transform=log1p",10,1.0070762,0.39913427,0.47099649,-0.76758085,-20.548504
rhamnose_gL,all_known,raman_full,pcr,"n_components=8,alpha=1.0,max_features=48,y_transform=none",10,1.0071838,0.35134401,0.54912925,-0.67392887,-20.909298
rhamnose_gL,all_known,raman_full,pcr,"n_components=12,alpha=1.0,max_features=24,y_transform=none",10,1.0073948,0.30587627,0.57184487,-0.54240688,-20.279202
rhamnose_gL,target_focused,eem_full,knn,"k=1,weighted=True,max_features=24,y_transform=none",10,1.0081442,0.42812193,0.53990909,-1.9419176,-39.667789
rhamnose_gL,target_focused,eem_full,knn,"k=1,weighted=True,max_features=24,y_transform=log1p",10,1.0081442,0.42812193,0.53990909,-1.9419176,-39.667789
rhamnose_gL,all_known,raman_interpretable,pls,"n_components=12,alpha=1.0,max_features=12,y_transform=none",10,1.0085805,0.44139418,0.54719287,-0.38618866,-15.711808
rhamnose_gL,all_known,raman_full,pls,"n_components=2,alpha=1.0,max_features=96,y_transform=none",10,1.0085953,0.36472518,0.54894737,-0.66632762,-20.670607
rhamnose_gL,all_known,fusion_full,pcr,"n_components=5,alpha=1.0,max_features=12,y_transform=log1p",10,1.0088133,0.4489739,0.44698578,-0.90176026,-21.001385
rhamnose_gL,all_known,raman_interpretable,pls,"n_components=8,alpha=1.0,max_features=12,y_transform=none",10,1.0089271,0.44230478,0.54727564,-0.38697808,-15.736917
rhamnose_gL,target_focused,eem_full,ridge,"alpha=0.1,max_features=24,y_transform=none",10,1.0091561,0.1999576,0.70711199,-0.97071685,-32.643058
rhamnose_gL,target_focused,raman_full,pcr,"n_components=3,alpha=1.0,max_features=12,y_transform=none",10,1.0100303,0.1397373,0.69087134,-1.2666692,-38.581101
rhamnose_gL,all_known,raman_full,pcr,"n_components=2,alpha=1.0,max_features=12,y_transform=log1p",10,1.0102099,0.40863281,0.46276847,-0.79919882,-20.96747
rhamnose_gL,target_focused,fusion_full,ridge,"alpha=10.0,max_features=96,y_transform=log1p",10,1.0106559,0.28291309,0.59183618,-1.4368439,-37.658331
rhamnose_gL,all_known,raman_full,pls,"n_components=5,alpha=1.0,max_features=24,y_transform=none",10,1.0107971,0.29354807,0.58412478,-0.56207094,-21.083974
rhamnose_gL,target_focused,fusion_full,pls,"n_components=2,alpha=1.0,max_features=48,y_transform=none",10,1.01118,0.14997053,0.70099894,-1.3265241,-39.643835
rhamnose_gL,all_known,raman_full,pls,"n_components=3,alpha=1.0,max_features=384,y_transform=log1p",10,1.0118399,0.54692885,0.47718508,-0.33118379,-12.663719
rhamnose_gL,all_known,raman_full,knn,"k=1,weighted=True,max_features=96,y_transform=none",10,1.0121837,0.2978425,0.42896053,-0.55432731,-20.471451
rhamnose_gL,all_known,raman_full,knn,"k=1,weighted=True,max_features=96,y_transform=log1p",10,1.0121837,0.2978425,0.42896053,-0.55432731,-20.471451
rhamnose_gL,all_known,fusion_interpretable,ridge,"alpha=1.0,max_features=24,y_transform=none",10,1.0127349,0.43413205,0.56959787,-0.45321352,-17.919465
rhamnose_gL,target_focused,raman_full,pcr,"n_components=5,alpha=1.0,max_features=96,y_transform=none",10,1.0127897,0.11176951,0.67564982,-1.3591698,-40.329273
rhamnose_gL,target_focused,fusion_full,pls,"n_components=12,alpha=1.0,max_features=24,y_transform=none",10,1.0130551,0.20570249,0.75253314,-1.2039513,-36.538656
rhamnose_gL,all_known,raman_interpretable,pcr,"n_components=8,alpha=1.0,max_features=24,y_transform=none",10,1.0133997,0.38288296,0.54189957,-0.48118161,-18.256808
rhamnose_gL,all_known,raman_interpretable,pcr,"n_components=8,alpha=1.0,max_features=48,y_transform=none",10,1.0133997,0.38288296,0.54189957,-0.48118161,-18.256808
rhamnose_gL,all_known,raman_interpretable,pcr,"n_components=8,alpha=1.0,max_features=96,y_transform=none",10,1.0133997,0.38288296,0.54189957,-0.48118161,-18.256808
rhamnose_gL,all_known,fusion_full,ridge,"alpha=10.0,max_features=192,y_transform=log1p",10,1.0146052,0.53314234,0.46032298,-1.204567,-23.155069
rhamnose_gL,all_known,eem_full,ridge,"alpha=0.1,max_features=48,y_transform=none",10,1.0146086,0.24486312,0.63535397,-0.49225878,-20.155557
rhamnose_gL,all_known,raman_full,ridge,"alpha=1.0,max_features=12,y_transform=none",10,1.014904,0.33201405,0.55287191,-0.56403109,-20.873835
rhamnose_gL,all_known,raman_full,pcr,"n_components=12,alpha=1.0,max_features=12,y_transform=none",10,1.014904,0.33201405,0.55287191,-0.56403109,-20.873835
rhamnose_gL,all_known,fusion_full,pcr,"n_components=2,alpha=1.0,max_features=24,y_transform=log1p",10,1.0149607,0.4478893,0.44643544,-0.92251579,-21.896839
rhamnose_gL,all_known,fusion_full,ridge,"alpha=10.0,max_features=192,y_transform=none",10,1.0151632,0.3292138,0.61727767,-0.74160414,-23.420927
rhamnose_gL,target_focused,fusion_full,pls,"n_components=2,alpha=1.0,max_features=384,y_transform=none",10,1.0151668,0.1291484,0.69739443,-1.2762224,-39.20011
rhamnose_gL,all_known,fusion_full,pls,"n_components=5,alpha=1.0,max_features=192,y_transform=none",10,1.01531,0.35041031,0.56453353,-0.83778678,-24.45628
rhamnose_gL,all_known,fusion_full,pls,"n_components=8,alpha=1.0,max_features=24,y_transform=none",10,1.0154281,0.3536408,0.57501918,-0.59477003,-20.365568
rhamnose_gL,target_focused,raman_full,knn,"k=3,weighted=True,max_features=96,y_transform=none",10,1.015786,0.22448746,0.62328963,-1.1302094,-36.050505
rhamnose_gL,all_known,fusion_full,pls,"n_components=5,alpha=1.0,max_features=24,y_transform=none",10,1.0159369,0.39095133,0.5441587,-0.647821,-20.269958
rhamnose_gL,all_known,raman_full,pls,"n_components=2,alpha=1.0,max_features=24,y_transform=none",10,1.0170856,0.37101134,0.54884417,-0.61565091,-20.623318
rhamnose_gL,target_focused,raman_interpretable,ridge,"alpha=0.1,max_features=24,y_transform=none",10,1.0176415,0.23365865,0.71635213,-0.82035097,-30.614211
rhamnose_gL,target_focused,raman_interpretable,ridge,"alpha=0.1,max_features=48,y_transform=none",10,1.0176415,0.23365865,0.71635213,-0.82035097,-30.614211
rhamnose_gL,target_focused,raman_interpretable,ridge,"alpha=0.1,max_features=96,y_transform=none",10,1.0176415,0.23365865,0.71635213,-0.82035097,-30.614211
rhamnose_gL,all_known,fusion_full,pcr,"n_components=8,alpha=1.0,max_features=96,y_transform=log1p",10,1.0195987,0.50273318,0.44595568,-1.0874402,-22.647565
rhamnose_gL,target_focused,fusion_full,pcr,"n_components=2,alpha=1.0,max_features=12,y_transform=none",10,1.0197875,0.14005984,0.71802148,-1.3273348,-40.151307
rhamnose_gL,target_focused,fusion_full,ridge,"alpha=1.0,max_features=48,y_transform=log1p",10,1.0198239,0.27585042,0.64415339,-1.1087729,-34.834263
rhamnose_gL,target_focused,raman_full,pcr,"n_components=5,alpha=1.0,max_features=48,y_transform=none",10,1.0201645,0.14277148,0.6870994,-1.3168064,-40.032508
rhamnose_gL,all_known,raman_full,pcr,"n_components=3,alpha=1.0,max_features=12,y_transform=log1p",10,1.0203049,0.42563591,0.46391815,-0.89488933,-22.78058
rhamnose_gL,target_focused,raman_full,pcr,"n_components=5,alpha=1.0,max_features=24,y_transform=none",10,1.0205541,0.15579396,0.69835538,-1.244787,-39.126953
rhamnose_gL,all_known,raman_full,pcr,"n_components=12,alpha=1.0,max_features=48,y_transform=none",10,1.0206506,0.34935213,0.55754979,-0.77692222,-23.805725
rhamnose_gL,all_known,fusion_full,pls,"n_components=5,alpha=1.0,max_features=384,y_transform=none",10,1.0207063,0.38021288,0.55861833,-0.96781306,-26.181669
rhamnose_gL,all_known,fusion_interpretable,pls,"n_components=8,alpha=1.0,max_features=24,y_transform=none",10,1.0209457,0.44190179,0.57682454,-0.48835002,-19.017229
rhamnose_gL,target_focused,fusion_full,pls,"n_components=2,alpha=1.0,max_features=192,y_transform=none",10,1.0210813,0.11633965,0.69892276,-1.3479679,-40.851953
rhamnose_gL,all_known,raman_full,pls,"n_components=2,alpha=1.0,max_features=48,y_transform=none",10,1.0215066,0.38590785,0.54947724,-0.72443514,-22.05541
rhamnose_gL,all_known,raman_full,pls,"n_components=8,alpha=1.0,max_features=12,y_transform=none",10,1.0215523,0.32957481,0.55916507,-0.59260755,-21.921362
rhamnose_gL,target_focused,raman_interpretable,pls,"n_components=8,alpha=1.0,max_features=24,y_transform=none",10,1.022367,0.21213571,0.71074651,-0.9246874,-32.742495
rhamnose_gL,target_focused,raman_interpretable,pls,"n_components=8,alpha=1.0,max_features=48,y_transform=none",10,1.022367,0.21213571,0.71074651,-0.9246874,-32.742495
rhamnose_gL,target_focused,raman_interpretable,pls,"n_components=8,alpha=1.0,max_features=96,y_transform=none",10,1.022367,0.21213571,0.71074651,-0.9246874,-32.742495
rhamnose_gL,all_known,raman_interpretable,ridge,"alpha=0.1,max_features=12,y_transform=none",10,1.0224573,0.43274449,0.55588521,-0.45245172,-18.185628
rhamnose_gL,all_known,fusion_full,pcr,"n_components=5,alpha=1.0,max_features=96,y_transform=log1p",10,1.0239409,0.49425014,0.45044117,-1.0400495,-22.608455
rhamnose_gL,all_known,raman_full,knn,"k=3,weighted=True,max_features=12,y_transform=none",10,1.0240541,0.27128157,0.48287162,-0.60217495,-23.170145
rhamnose_gL,all_known,raman_full,pls,"n_components=12,alpha=1.0,max_features=12,y_transform=none",10,1.0243745,0.32831927,0.56003183,-0.60819597,-22.450044
rhamnose_gL,target_focused,raman_interpretable,knn,"k=5,weighted=True,max_features=24,y_transform=none",10,1.0244047,0.22032673,0.65283127,-0.82165469,-31.500688
rhamnose_gL,target_focused,raman_interpretable,knn,"k=5,weighted=True,max_features=48,y_transform=none",10,1.0244047,0.22032673,0.65283127,-0.82165469,-31.500688
rhamnose_gL,target_focused,raman_interpretable,knn,"k=5,weighted=True,max_features=96,y_transform=none",10,1.0244047,0.22032673,0.65283127,-0.82165469,-31.500688
rhamnose_gL,all_known,raman_full,ridge,"alpha=0.1,max_features=12,y_transform=none",10,1.0246795,0.32918048,0.5604796,-0.61032315,-22.495131
rhamnose_gL,all_known,fusion_full,ridge,"alpha=1.0,max_features=24,y_transform=none",10,1.0251363,0.35850237,0.57113969,-0.6348927,-21.683001
rhamnose_gL,target_focused,raman_full,pcr,"n_components=12,alpha=1.0,max_features=24,y_transform=log1p",10,1.025537,0.20720073,0.61290462,-0.96857985,-34.224014
rhamnose_gL,all_known,fusion_full,pls,"n_components=12,alpha=1.0,max_features=48,y_transform=log1p",10,1.0255538,0.33994421,0.47133546,-0.89266846,-26.512448
rhamnose_gL,target_focused,fusion_full,ridge,"alpha=0.1,max_features=24,y_transform=none",10,1.0264706,0.20707002,0.76338003,-1.2608593,-38.345949
rhamnose_gL,all_known,fusion_full,pls,"n_components=8,alpha=1.0,max_features=48,y_transform=none",10,1.0271793,0.26558015,0.59705841,-0.67185501,-24.757413
rhamnose_gL,target_focused,raman_full,pcr,"n_components=8,alpha=1.0,max_features=192,y_transform=log1p",10,1.027201,0.17616638,0.59683874,-1.6624089,-43.672218
rhamnose_gL,target_focused,raman_full,pcr,"n_components=8,alpha=1.0,max_features=96,y_transform=log1p",10,1.0278933,0.16422895,0.59815539,-1.4292971,-41.418111
rhamnose_gL,target_focused,raman_full,ridge,"alpha=10.0,max_features=24,y_transform=log1p",10,1.028373,0.19943481,0.62116556,-1.0062755,-35.181208
rhamnose_gL,all_known,raman_full,pcr,"n_components=3,alpha=1.0,max_features=192,y_transform=log1p",10,1.0284626,0.42450115,0.47075951,-0.89411418,-23.406229
rhamnose_gL,all_known,fusion_full,ridge,"alpha=1.0,max_features=48,y_transform=none",10,1.0287928,0.26495317,0.61014135,-0.69892223,-25.322136
rhamnose_gL,all_known,fusion_full,pcr,"n_components=8,alpha=1.0,max_features=48,y_transform=log1p",10,1.0301089,0.547561,0.4584272,-0.48434624,-15.715385
rhamnose_gL,all_known,fusion_full,knn,"k=1,weighted=True,max_features=12,y_transform=none",10,1.0303018,0.26557285,0.46807895,-1.2541289,-34.402831
rhamnose_gL,all_known,fusion_full,knn,"k=1,weighted=True,max_features=12,y_transform=log1p",10,1.0303018,0.26557285,0.46807895,-1.2541289,-34.402831
rhamnose_gL,target_focused,raman_full,knn,"k=5,weighted=True,max_features=24,y_transform=none",10,1.030495,0.14713963,0.65029157,-1.2820789,-40.359
rhamnose_gL,target_focused,fusion_full,pls,"n_components=3,alpha=1.0,max_features=192,y_transform=log1p",10,1.0312397,0.21328392,0.58811538,-1.3117034,-39.478381
rhamnose_gL,target_focused,raman_interpretable,pls,"n_components=12,alpha=1.0,max_features=24,y_transform=none",10,1.0319769,0.23314183,0.72605382,-0.89808149,-32.901666
rhamnose_gL,target_focused,raman_interpretable,pls,"n_components=12,alpha=1.0,max_features=48,y_transform=none",10,1.0319769,0.23314183,0.72605382,-0.89808149,-32.901666
rhamnose_gL,target_focused,raman_interpretable,pls,"n_components=12,alpha=1.0,max_features=96,y_transform=none",10,1.0319769,0.23314183,0.72605382,-0.89808149,-32.901666
rhamnose_gL,all_known,fusion_full,pls,"n_components=5,alpha=1.0,max_features=48,y_transform=none",10,1.0324675,0.33613098,0.55489899,-0.73185224,-24.421471
rhamnose_gL,all_known,fusion_full,pls,"n_components=8,alpha=1.0,max_features=384,y_transform=log1p",10,1.0328479,0.50942974,0.46695173,-1.2469254,-26.251955
rhamnose_gL,all_known,fusion_full,pls,"n_components=5,alpha=1.0,max_features=12,y_transform=log1p",10,1.0335498,0.50002597,0.45602074,-1.1371128,-24.667152
rhamnose_gL,all_known,raman_full,pcr,"n_components=2,alpha=1.0,max_features=192,y_transform=log1p",10,1.0336548,0.44345537,0.46653806,-0.98890453,-24.550505
rhamnose_gL,target_focused,fusion_full,pls,"n_components=2,alpha=1.0,max_features=96,y_transform=none",10,1.03371,0.11732613,0.71393976,-1.5803312,-45.05067
rhamnose_gL,all_known,fusion_full,ridge,"alpha=10.0,max_features=96,y_transform=none",10,1.0339051,0.3896228,0.56542302,-0.86498764,-25.062465
rhamnose_gL,all_known,raman_full,knn,"k=1,weighted=True,max_features=48,y_transform=none",10,1.0339831,0.297335,0.45682895,-0.70351518,-25.110896
rhamnose_gL,all_known,raman_full,knn,"k=1,weighted=True,max_features=48,y_transform=log1p",10,1.0339831,0.297335,0.45682895,-0.70351518,-25.110896
rhamnose_gL,target_focused,raman_full,pls,"n_components=2,alpha=1.0,max_features=24,y_transform=log1p",10,1.034382,0.23890277,0.61051792,-1.1500679,-37.480958
rhamnose_gL,all_known,raman_interpretable,pls,"n_components=5,alpha=1.0,max_features=24,y_transform=none",10,1.0348379,0.41287798,0.54538854,-0.55688316,-20.586389
rhamnose_gL,all_known,raman_interpretable,pls,"n_components=5,alpha=1.0,max_features=48,y_transform=none",10,1.0348379,0.41287798,0.54538854,-0.55688316,-20.586389
rhamnose_gL,all_known,raman_interpretable,pls,"n_components=5,alpha=1.0,max_features=96,y_transform=none",10,1.0348379,0.41287798,0.54538854,-0.55688316,-20.586389
rhamnose_gL,all_known,fusion_full,pls,"n_components=8,alpha=1.0,max_features=192,y_transform=none",10,1.0360512,0.3097178,0.6258288,-0.88672553,-28.057653
rhamnose_gL,all_known,raman_full,pcr,"n_components=3,alpha=1.0,max_features=24,y_transform=log1p",10,1.0368373,0.44252412,0.47489233,-0.82365788,-22.786266
rhamnose_gL,target_focused,fusion_full,knn,"k=3,weighted=True,max_features=12,y_transform=none",10,1.0381301,0.23614692,0.6251167,-1.3106973,-40.591835
rhamnose_gL,target_focused,raman_full,pcr,"n_components=8,alpha=1.0,max_features=192,y_transform=none",10,1.0388711,0.12787385,0.69770064,-1.7909776,-47.381216
rhamnose_gL,all_known,raman_full,pls,"n_components=5,alpha=1.0,max_features=24,y_transform=log1p",10,1.0394872,0.42558327,0.48457209,-0.72225281,-22.194303
rhamnose_gL,target_focused,eem_full,pls,"n_components=8,alpha=1.0,max_features=48,y_transform=none",10,1.0407812,0.1766621,0.77529744,-1.189987,-38.823356
rhamnose_gL,all_known,raman_interpretable,pcr,"n_components=12,alpha=1.0,max_features=24,y_transform=none",10,1.0409276,0.4042091,0.55764623,-0.58112662,-21.633792
rhamnose_gL,all_known,raman_interpretable,pcr,"n_components=12,alpha=1.0,max_features=48,y_transform=none",10,1.0409276,0.4042091,0.55764623,-0.58112662,-21.633792
rhamnose_gL,all_known,raman_interpretable,pcr,"n_components=12,alpha=1.0,max_features=96,y_transform=none",10,1.0409276,0.4042091,0.55764623,-0.58112662,-21.633792
rhamnose_gL,all_known,fusion_full,ridge,"alpha=1.0,max_features=48,y_transform=log1p",10,1.0411196,0.44450684,0.46773795,-1.0546712,-26.7286
rhamnose_gL,all_known,fusion_interpretable,knn,"k=1,weighted=True,max_features=24,y_transform=none",10,1.0413167,0.2940821,0.42863158,-1.1565491,-33.355951
rhamnose_gL,all_known,fusion_interpretable,knn,"k=1,weighted=True,max_features=24,y_transform=log1p",10,1.0413167,0.2940821,0.42863158,-1.1565491,-33.355951
rhamnose_gL,all_known,raman_full,ridge,"alpha=1.0,max_features=24,y_transform=none",10,1.0417088,0.28289654,0.61447886,-0.68472156,-25.554579
rhamnose_gL,target_focused,fusion_full,pls,"n_components=5,alpha=1.0,max_features=48,y_transform=none",10,1.0430735,0.20125967,0.77026005,-1.5836866,-43.967363
rhamnose_gL,target_focused,eem_full,knn,"k=1,weighted=True,max_features=12,y_transform=none",10,1.0436423,0.4804582,0.54984091,-2.3944096,-43.891672
rhamnose_gL,target_focused,eem_full,knn,"k=1,weighted=True,max_features=12,y_transform=log1p",10,1.0436423,0.4804582,0.54984091,-2.3944096,-43.891672
rhamnose_gL,all_known,fusion_full,pls,"n_components=12,alpha=1.0,max_features=24,y_transform=none",10,1.0452546,0.34596378,0.59711089,-0.7172885,-24.902432
rhamnose_gL,all_known,eem_full,ridge,"alpha=1.0,max_features=96,y_transform=none",10,1.0452561,0.22298296,0.6853285,-0.70887199,-26.633523
rhamnose_gL,target_focused,eem_interpretable,knn,"k=3,weighted=True,max_features=12,y_transform=log1p",10,1.0457767,0.23928538,0.62844811,-1.0896909,-36.572188
rhamnose_gL,target_focused,eem_interpretable,knn,"k=3,weighted=True,max_features=24,y_transform=log1p",10,1.0457767,0.23928538,0.62844811,-1.0896909,-36.572188
rhamnose_gL,target_focused,eem_interpretable,knn,"k=3,weighted=True,max_features=48,y_transform=log1p",10,1.0457767,0.23928538,0.62844811,-1.0896909,-36.572188
rhamnose_gL,target_focused,eem_interpretable,knn,"k=3,weighted=True,max_features=96,y_transform=log1p",10,1.0457767,0.23928538,0.62844811,-1.0896909,-36.572188
rhamnose_gL,target_focused,fusion_full,pls,"n_components=5,alpha=1.0,max_features=384,y_transform=log1p",10,1.0470176,0.3523717,0.58647151,-2.3456809,-47.146908
rhamnose_gL,target_focused,raman_full,knn,"k=3,weighted=True,max_features=24,y_transform=log1p",10,1.0475603,0.18541353,0.61525548,-1.200113,-39.982645
rhamnose_gL,target_focused,raman_full,pcr,"n_components=5,alpha=1.0,max_features=12,y_transform=none",10,1.0481261,0.14697395,0.72811246,-1.5001269,-44.690002
rhamnose_gL,all_known,raman_full,pls,"n_components=8,alpha=1.0,max_features=24,y_transform=none",10,1.0483072,0.28014931,0.62157422,-0.68816827,-26.129057
rhamnose_gL,all_known,raman_full,ridge,"alpha=10.0,max_features=48,y_transform=none",10,1.0499604,0.35206071,0.59122726,-0.8512942,-26.978047
rhamnose_gL,all_known,raman_interpretable,knn,"k=1,weighted=True,max_features=12,y_transform=none",10,1.0508514,0.29153171,0.49936842,-0.93300482,-31.537605
rhamnose_gL,all_known,raman_interpretable,knn,"k=1,weighted=True,max_features=12,y_transform=log1p",10,1.0508514,0.29153171,0.49936842,-0.93300482,-31.537605
rhamnose_gL,all_known,fusion_full,ridge,"alpha=0.1,max_features=24,y_transform=none",10,1.0515261,0.34915328,0.59701061,-0.73494699,-25.662146
rhamnose_gL,all_known,raman_interpretable,ridge,"alpha=1.0,max_features=24,y_transform=none",10,1.0518515,0.40922214,0.56035188,-0.61558668,-22.915805
rhamnose_gL,all_known,raman_interpretable,ridge,"alpha=1.0,max_features=48,y_transform=none",10,1.0518515,0.40922214,0.56035188,-0.61558668,-22.915805
rhamnose_gL,all_known,raman_interpretable,ridge,"alpha=1.0,max_features=96,y_transform=none",10,1.0518515,0.40922214,0.56035188,-0.61558668,-22.915805
rhamnose_gL,all_known,raman_full,ridge,"alpha=10.0,max_features=24,y_transform=log1p",10,1.0524879,0.45786188,0.48377528,-0.72622741,-22.681861
rhamnose_gL,all_known,eem_full,pls,"n_components=12,alpha=1.0,max_features=192,y_transform=log1p",10,1.0528184,0.38017664,0.49965665,-1.6611212,-34.791524
rhamnose_gL,all_known,eem_full,pls,"n_components=12,alpha=1.0,max_features=384,y_transform=log1p",10,1.0528184,0.38017664,0.49965665,-1.6611212,-34.791524
rhamnose_gL,all_known,eem_interpretable,knn,"k=3,weighted=True,max_features=12,y_transform=none",10,1.0531564,0.2666841,0.52448105,-0.55377032,-23.303265
rhamnose_gL,all_known,eem_interpretable,knn,"k=3,weighted=True,max_features=24,y_transform=none",10,1.0531564,0.2666841,0.52448105,-0.55377032,-23.303265
rhamnose_gL,all_known,eem_interpretable,knn,"k=3,weighted=True,max_features=48,y_transform=none",10,1.0531564,0.2666841,0.52448105,-0.55377032,-23.303265
rhamnose_gL,all_known,eem_interpretable,knn,"k=3,weighted=True,max_features=96,y_transform=none",10,1.0531564,0.2666841,0.52448105,-0.55377032,-23.303265
rhamnose_gL,target_focused,raman_full,pcr,"n_components=12,alpha=1.0,max_features=384,y_transform=none",10,1.0533332,0.15788368,0.71162241,-1.975577,-50.181577
rhamnose_gL,all_known,eem_full,ridge,"alpha=1.0,max_features=96,y_transform=log1p",10,1.054013,0.66366964,0.46431399,-0.48978429,-15.719357
rhamnose_gL,target_focused,raman_full,pls,"n_components=2,alpha=1.0,max_features=12,y_transform=none",10,1.0552104,0.16055271,0.73255439,-1.4420312,-43.994007
rhamnose_gL,all_known,raman_full,pcr,"n_components=12,alpha=1.0,max_features=96,y_transform=log1p",10,1.0554644,0.50486334,0.47861278,-1.2591372,-28.312049
rhamnose_gL,target_focused,raman_full,pcr,"n_components=8,alpha=1.0,max_features=96,y_transform=none",10,1.0554828,0.13014101,0.71372665,-1.8208646,-49.189025
rhamnose_gL,target_focused,raman_full,ridge,"alpha=10.0,max_features=12,y_transform=none",10,1.0560427,0.16108644,0.72920988,-1.4445294,-44.230414
rhamnose_gL,all_known,fusion_interpretable,ridge,"alpha=1.0,max_features=48,y_transform=none",10,1.0561458,0.39930621,0.59106995,-0.65636051,-24.879457
rhamnose_gL,all_known,fusion_interpretable,ridge,"alpha=1.0,max_features=96,y_transform=none",10,1.0561458,0.39930621,0.59106995,-0.65636051,-24.879457
rhamnose_gL,target_focused,raman_full,knn,"k=3,weighted=True,max_features=48,y_transform=none",10,1.0571403,0.19231009,0.64932246,-1.4179124,-43.710755
rhamnose_gL,all_known,fusion_full,pls,"n_components=8,alpha=1.0,max_features=384,y_transform=none",10,1.0573187,0.26609814,0.63769699,-0.9843903,-32.279614
rhamnose_gL,target_focused,raman_full,knn,"k=1,weighted=True,max_features=192,y_transform=none",10,1.0579948,0.25462701,0.60879545,-1.6204025,-45.53972
rhamnose_gL,target_focused,raman_full,knn,"k=1,weighted=True,max_features=192,y_transform=log1p",10,1.0579948,0.25462701,0.60879545,-1.6204025,-45.53972
rhamnose_gL,all_known,fusion_interpretable,pls,"n_components=12,alpha=1.0,max_features=24,y_transform=none",10,1.0580855,0.47777088,0.59022511,-0.60593988,-23.287523
rhamnose_gL,all_known,fusion_full,knn,"k=1,weighted=True,max_features=24,y_transform=log1p",10,1.0588404,0.21902111,0.45560526,-1.3975836,-39.565873
rhamnose_gL,all_known,fusion_full,knn,"k=1,weighted=True,max_features=24,y_transform=none",10,1.0588404,0.21902111,0.45560526,-1.3975836,-39.565873
rhamnose_gL,all_known,raman_full,pls,"n_components=5,alpha=1.0,max_features=96,y_transform=none",10,1.0597864,0.31853594,0.61742393,-0.91868726,-29.869094
rhamnose_gL,target_focused,raman_full,pcr,"n_components=8,alpha=1.0,max_features=48,y_transform=log1p",10,1.0599977,0.21094741,0.61386799,-1.8482303,-47.964067
rhamnose_gL,target_focused,fusion_full,pls,"n_components=3,alpha=1.0,max_features=384,y_transform=none",10,1.0621646,0.16951939,0.74206788,-1.7139814,-48.032806
rhamnose_gL,all_known,raman_full,pcr,"n_components=2,alpha=1.0,max_features=24,y_transform=log1p",10,1.0627886,0.47335745,0.4807591,-1.0258203,-26.676183
rhamnose_gL,all_known,fusion_interpretable,ridge,"alpha=0.1,max_features=24,y_transform=none",10,1.0630705,0.4800738,0.59610978,-0.63428141,-24.156266
rhamnose_gL,target_focused,raman_full,pls,"n_components=2,alpha=1.0,max_features=384,y_transform=log1p",10,1.0631126,0.19573925,0.63844391,-1.3100958,-42.598247
rhamnose_gL,all_known,raman_full,pls,"n_components=8,alpha=1.0,max_features=24,y_transform=log1p",10,1.0635385,0.43661464,0.4962328,-0.89786016,-26.278597
rhamnose_gL,all_known,fusion_full,pls,"n_components=8,alpha=1.0,max_features=96,y_transform=none",10,1.0638331,0.37192166,0.61206027,-1.0081437,-30.267051
rhamnose_gL,all_known,raman_full,pls,"n_components=12,alpha=1.0,max_features=24,y_transform=none",10,1.0640872,0.27358967,0.63579102,-0.79304864,-29.183566
rhamnose_gL,all_known,raman_full,pls,"n_components=5,alpha=1.0,max_features=48,y_transform=none",10,1.0659766,0.36888277,0.6076156,-0.96717866,-29.629104
rhamnose_gL,target_focused,raman_full,pcr,"n_components=8,alpha=1.0,max_features=48,y_transform=none",10,1.0669261,0.14150651,0.72198314,-1.8526112,-50.442127
rhamnose_gL,all_known,fusion_full,pcr,"n_components=3,alpha=1.0,max_features=12,y_transform=log1p",10,1.0673349,0.56720689,0.46298554,-1.5056297,-30.275884
rhamnose_gL,target_focused,raman_full,pcr,"n_components=8,alpha=1.0,max_features=24,y_transform=log1p",10,1.0676989,0.24046256,0.62975352,-1.3621169,-43.131623
rhamnose_gL,target_focused,raman_interpretable,knn,"k=3,weighted=True,max_features=24,y_transform=none",10,1.0677381,0.23214125,0.66374935,-0.98232958,-37.095387
rhamnose_gL,target_focused,raman_interpretable,knn,"k=3,weighted=True,max_features=48,y_transform=none",10,1.0677381,0.23214125,0.66374935,-0.98232958,-37.095387
rhamnose_gL,target_focused,raman_interpretable,knn,"k=3,weighted=True,max_features=96,y_transform=none",10,1.0677381,0.23214125,0.66374935,-0.98232958,-37.095387
rhamnose_gL,all_known,raman_full,knn,"k=1,weighted=True,max_features=24,y_transform=none",10,1.0682408,0.24030592,0.44842105,-0.88670894,-32.043779
rhamnose_gL,all_known,raman_full,knn,"k=1,weighted=True,max_features=24,y_transform=log1p",10,1.0682408,0.24030592,0.44842105,-0.88670894,-32.043779
rhamnose_gL,all_known,raman_full,ridge,"alpha=0.1,max_features=24,y_transform=none",10,1.0691886,0.27367395,0.64067545,-0.80740709,-29.767152
rhamnose_gL,all_known,fusion_full,pls,"n_components=12,alpha=1.0,max_features=48,y_transform=none",10,1.069841,0.22834933,0.66358048,-0.95723097,-33.453092
rhamnose_gL,target_focused,raman_full,pcr,"n_components=8,alpha=1.0,max_features=12,y_transform=none",10,1.0701662,0.14173855,0.73717536,-1.5446277,-46.948726
rhamnose_gL,target_focused,raman_full,pls,"n_components=5,alpha=1.0,max_features=24,y_transform=log1p",10,1.0704871,0.20085225,0.65581656,-1.1669534,-40.759076
rhamnose_gL,all_known,raman_full,knn,"k=1,weighted=True,max_features=12,y_transform=none",10,1.0708106,0.28531922,0.46578947,-0.77695027,-28.826609
rhamnose_gL,all_known,raman_full,knn,"k=1,weighted=True,max_features=12,y_transform=log1p",10,1.0708106,0.28531922,0.46578947,-0.77695027,-28.826609
rhamnose_gL,target_focused,fusion_full,pls,"n_components=5,alpha=1.0,max_features=96,y_transform=none",10,1.0709052,0.23160693,0.7668453,-1.9850036,-50.061723
rhamnose_gL,all_known,fusion_full,pls,"n_components=5,alpha=1.0,max_features=96,y_transform=none",10,1.0714283,0.46815143,0.57344706,-1.2946077,-32.0546
rhamnose_gL,all_known,raman_full,ridge,"alpha=1.0,max_features=24,y_transform=log1p",10,1.0717551,0.45242134,0.4959405,-1.0111383,-28.089264
rhamnose_gL,target_focused,raman_full,pls,"n_components=3,alpha=1.0,max_features=384,y_transform=none",10,1.0720515,0.14041521,0.72556789,-1.6399538,-47.911694
rhamnose_gL,target_focused,fusion_full,knn,"k=1,weighted=True,max_features=24,y_transform=none",10,1.073085,0.38125273,0.57834091,-2.1251567,-51.672269
rhamnose_gL,target_focused,fusion_full,knn,"k=1,weighted=True,max_features=24,y_transform=log1p",10,1.073085,0.38125273,0.57834091,-2.1251567,-51.672269
rhamnose_gL,target_focused,fusion_full,pls,"n_components=5,alpha=1.0,max_features=192,y_transform=log1p",10,1.0734785,0.31016853,0.61883278,-2.2560721,-50.431498
rhamnose_gL,all_known,raman_full,pcr,"n_components=2,alpha=1.0,max_features=96,y_transform=log1p",10,1.0745602,0.52847468,0.47866076,-1.3720744,-30.411825
rhamnose_gL,target_focused,raman_full,knn,"k=5,weighted=True,max_features=12,y_transform=none",10,1.0747086,0.16007433,0.69165457,-1.5608046,-47.729522
rhamnose_gL,all_known,raman_full,ridge,"alpha=10.0,max_features=96,y_transform=none",10,1.0749829,0.34203318,0.62520103,-1.035524,-32.264431
rhamnose_gL,target_focused,raman_full,pls,"n_components=2,alpha=1.0,max_features=24,y_transform=none",10,1.0753715,0.15732268,0.74299404,-1.5229464,-47.014561
rhamnose_gL,target_focused,eem_full,knn,"k=1,weighted=True,max_features=48,y_transform=none",10,1.0758114,0.34455571,0.56168182,-2.6303049,-55.252207
rhamnose_gL,target_focused,eem_full,knn,"k=1,weighted=True,max_features=48,y_transform=log1p",10,1.0758114,0.34455571,0.56168182,-2.6303049,-55.252207
rhamnose_gL,all_known,fusion_interpretable,knn,"k=1,weighted=True,max_features=12,y_transform=none",10,1.0769868,0.21194713,0.45468421,-0.99472524,-34.604134
rhamnose_gL,all_known,fusion_interpretable,knn,"k=1,weighted=True,max_features=12,y_transform=log1p",10,1.0769868,0.21194713,0.45468421,-0.99472524,-34.604134
rhamnose_gL,target_focused,raman_full,pls,"n_components=2,alpha=1.0,max_features=48,y_transform=log1p",10,1.0775325,0.21129125,0.62644942,-1.706412,-49.054004
rhamnose_gL,all_known,raman_full,pls,"n_components=5,alpha=1.0,max_features=192,y_transform=none",10,1.0785736,0.31215234,0.6302733,-0.9822792,-32.480415
rhamnose_gL,target_focused,raman_full,pcr,"n_components=12,alpha=1.0,max_features=384,y_transform=log1p",10,1.0792196,0.31272508,0.61669072,-3.0233388,-58.334727
rhamnose_gL,target_focused,fusion_full,ridge,"alpha=10.0,max_features=96,y_transform=none",10,1.0794435,0.22681124,0.77348711,-1.8281819,-49.436661
rhamnose_gL,all_known,fusion_interpretable,pls,"n_components=8,alpha=1.0,max_features=48,y_transform=none",10,1.0801134,0.44900977,0.6002044,-0.67205677,-26.081591
rhamnose_gL,all_known,fusion_interpretable,pls,"n_components=8,alpha=1.0,max_features=96,y_transform=none",10,1.0801134,0.44900977,0.6002044,-0.67205677,-26.081591
rhamnose_gL,all_known,raman_full,pcr,"n_components=3,alpha=1.0,max_features=48,y_transform=log1p",10,1.0816792,0.52408668,0.48469672,-1.2238742,-29.357715
rhamnose_gL,all_known,raman_full,pls,"n_components=3,alpha=1.0,max_features=48,y_transform=log1p",10,1.0817719,0.56391574,0.48244733,-1.5516714,-32.212712
rhamnose_gL,all_known,fusion_interpretable,pls,"n_components=3,alpha=1.0,max_features=24,y_transform=log1p",10,1.0829106,0.76599206,0.49824242,-0.53804482,-17.305613
rhamnose_gL,all_known,fusion_full,pls,"n_components=8,alpha=1.0,max_features=48,y_transform=log1p",10,1.0833733,0.46324091,0.47697008,-1.2474893,-32.619728
rhamnose_gL,target_focused,fusion_full,pls,"n_components=3,alpha=1.0,max_features=192,y_transform=none",10,1.0844879,0.18110768,0.74804337,-1.870487,-51.908937
rhamnose_gL,all_known,raman_full,pls,"n_components=12,alpha=1.0,max_features=24,y_transform=log1p",10,1.0856652,0.46658093,0.50198033,-1.1961488,-31.371036
rhamnose_gL,all_known,raman_interpretable,pls,"n_components=3,alpha=1.0,max_features=12,y_transform=log1p",10,1.0878248,0.77478571,0.48804952,-0.53866996,-17.171158
rhamnose_gL,target_focused,raman_full,pls,"n_components=2,alpha=1.0,max_features=96,y_transform=log1p",10,1.0895168,0.20774438,0.63652444,-1.6505423,-49.442402
rhamnose_gL,target_focused,eem_interpretable,knn,"k=5,weighted=True,max_features=12,y_transform=none",10,1.0896367,0.22021568,0.73447609,-1.3947927,-43.936584
rhamnose_gL,target_focused,eem_interpretable,knn,"k=5,weighted=True,max_features=24,y_transform=none",10,1.0896367,0.22021568,0.73447609,-1.3947927,-43.936584
rhamnose_gL,target_focused,eem_interpretable,knn,"k=5,weighted=True,max_features=48,y_transform=none",10,1.0896367,0.22021568,0.73447609,-1.3947927,-43.936584
rhamnose_gL,target_focused,eem_interpretable,knn,"k=5,weighted=True,max_features=96,y_transform=none",10,1.0896367,0.22021568,0.73447609,-1.3947927,-43.936584
rhamnose_gL,target_focused,raman_full,pls,"n_components=2,alpha=1.0,max_features=48,y_transform=none",10,1.0922722,0.14512346,0.74377865,-1.8446169,-52.673027
rhamnose_gL,all_known,raman_interpretable,pls,"n_components=3,alpha=1.0,max_features=24,y_transform=log1p",10,1.0931168,0.57147673,0.49437535,-0.75202033,-24.469521
rhamnose_gL,all_known,raman_interpretable,pls,"n_components=3,alpha=1.0,max_features=48,y_transform=log1p",10,1.0931168,0.57147673,0.49437535,-0.75202033,-24.469521
rhamnose_gL,all_known,raman_interpretable,pls,"n_components=3,alpha=1.0,max_features=96,y_transform=log1p",10,1.0931168,0.57147673,0.49437535,-0.75202033,-24.469521
rhamnose_gL,all_known,raman_full,ridge,"alpha=0.1,max_features=24,y_transform=log1p",10,1.0933805,0.48014649,0.50580785,-1.2610893,-32.452294
rhamnose_gL,target_focused,raman_full,pls,"n_components=5,alpha=1.0,max_features=12,y_transform=none",10,1.0955747,0.18663329,0.7703388,-1.6242124,-49.21883
rhamnose_gL,target_focused,raman_full,knn,"k=3,weighted=True,max_features=12,y_transform=log1p",10,1.0956821,0.14632939,0.65141226,-1.5866068,-49.545991
rhamnose_gL,target_focused,raman_full,pcr,"n_components=8,alpha=1.0,max_features=24,y_transform=none",10,1.0968816,0.14537213,0.76448517,-1.7601229,-51.943269
rhamnose_gL,all_known,eem_full,pls,"n_components=12,alpha=1.0,max_features=96,y_transform=none",10,1.0969583,0.20701715,0.73299475,-0.99297554,-35.095295
rhamnose_gL,all_known,fusion_interpretable,pls,"n_components=3,alpha=1.0,max_features=48,y_transform=log1p",10,1.0971173,0.59168379,0.5009051,-0.75728535,-24.93255
rhamnose_gL,all_known,fusion_interpretable,pls,"n_components=3,alpha=1.0,max_features=96,y_transform=log1p",10,1.0971173,0.59168379,0.5009051,-0.75728535,-24.93255
rhamnose_gL,target_focused,raman_full,pls,"n_components=3,alpha=1.0,max_features=24,y_transform=log1p",10,1.0973421,0.23638377,0.64705657,-1.5605639,-47.507932
rhamnose_gL,all_known,raman_interpretable,pls,"n_components=8,alpha=1.0,max_features=24,y_transform=none",10,1.0974596,0.40983254,0.58491224,-0.86857211,-30.271739
rhamnose_gL,all_known,raman_interpretable,pls,"n_components=8,alpha=1.0,max_features=48,y_transform=none",10,1.0974596,0.40983254,0.58491224,-0.86857211,-30.271739
rhamnose_gL,all_known,raman_interpretable,pls,"n_components=8,alpha=1.0,max_features=96,y_transform=none",10,1.0974596,0.40983254,0.58491224,-0.86857211,-30.271739
rhamnose_gL,all_known,raman_full,pls,"n_components=5,alpha=1.0,max_features=384,y_transform=none",10,1.0976854,0.33169981,0.63061518,-1.1618465,-36.197366
rhamnose_gL,target_focused,raman_full,pcr,"n_components=12,alpha=1.0,max_features=192,y_transform=none",10,1.0996097,0.15260176,0.74247869,-2.3627475,-58.690428
rhamnose_gL,all_known,fusion_full,pls,"n_components=2,alpha=1.0,max_features=384,y_transform=log1p",10,1.1000204,0.68828877,0.46490136,-2.1235045,-36.418527
rhamnose_gL,target_focused,raman_full,pls,"n_components=2,alpha=1.0,max_features=384,y_transform=none",10,1.1003553,0.14748987,0.74636449,-1.7725419,-52.234613
rhamnose_gL,target_focused,raman_full,pls,"n_components=3,alpha=1.0,max_features=12,y_transform=none",10,1.1012956,0.1689337,0.76646824,-1.7125025,-51.189119
rhamnose_gL,target_focused,raman_full,pls,"n_components=2,alpha=1.0,max_features=96,y_transform=none",10,1.1034397,0.13767683,0.75089385,-1.8988437,-54.322323
rhamnose_gL,target_focused,raman_full,ridge,"alpha=1.0,max_features=12,y_transform=none",10,1.1035333,0.19035358,0.77313822,-1.7282376,-50.994555
rhamnose_gL,target_focused,raman_full,pcr,"n_components=12,alpha=1.0,max_features=12,y_transform=none",10,1.1035333,0.19035358,0.77313822,-1.7282376,-50.994555
rhamnose_gL,all_known,raman_full,pcr,"n_components=5,alpha=1.0,max_features=48,y_transform=log1p",10,1.1040841,0.59322537,0.48757052,-1.6186926,-33.897507
rhamnose_gL,all_known,fusion_full,pls,"n_components=3,alpha=1.0,max_features=12,y_transform=log1p",10,1.1056602,0.68781319,0.46422264,-2.1066056,-36.398008
rhamnose_gL,all_known,fusion_full,ridge,"alpha=10.0,max_features=384,y_transform=none",10,1.1058071,0.42849401,0.65763973,-1.548153,-40.188591
rhamnose_gL,target_focused,raman_full,pls,"n_components=2,alpha=1.0,max_features=192,y_transform=log1p",10,1.1065576,0.19844672,0.64892181,-1.7831523,-52.464508
rhamnose_gL,all_known,fusion_full,ridge,"alpha=0.1,max_features=48,y_transform=none",10,1.1104119,0.22883545,0.69934681,-1.1708598,-39.658806
rhamnose_gL,all_known,raman_full,pcr,"n_components=12,alpha=1.0,max_features=24,y_transform=log1p",10,1.1135266,0.58803649,0.49967425,-0.91621906,-27.806047
rhamnose_gL,target_focused,fusion_full,pls,"n_components=5,alpha=1.0,max_features=384,y_transform=none",10,1.1140149,0.22567084,0.77701569,-2.0988093,-54.103723
rhamnose_gL,target_focused,raman_full,pls,"n_components=8,alpha=1.0,max_features=12,y_transform=none",10,1.1141803,0.19937693,0.78440172,-1.7875327,-52.373241
rhamnose_gL,target_focused,raman_full,ridge,"alpha=10.0,max_features=24,y_transform=none",10,1.1180769,0.15551999,0.77935887,-1.7737841,-53.313686
rhamnose_gL,target_focused,raman_full,pls,"n_components=2,alpha=1.0,max_features=192,y_transform=none",10,1.1200604,0.144173,0.75597713,-2.0381667,-57.074891
rhamnose_gL,target_focused,eem_full,pls,"n_components=8,alpha=1.0,max_features=96,y_transform=log1p",10,1.1200878,0.40269142,0.61539827,-1.7683987,-50.305093
rhamnose_gL,all_known,fusion_full,pcr,"n_components=3,alpha=1.0,max_features=192,y_transform=log1p",10,1.1206632,0.66369579,0.47888226,-2.0930275,-38.647314
rhamnose_gL,all_known,fusion_full,pls,"n_components=2,alpha=1.0,max_features=24,y_transform=log1p",10,1.1216935,0.64254816,0.47070723,-1.6685587,-34.296768
rhamnose_gL,target_focused,raman_full,pcr,"n_components=12,alpha=1.0,max_features=24,y_transform=none",10,1.122489,0.15988558,0.78402082,-1.71905,-53.035522
rhamnose_gL,all_known,fusion_full,ridge,"alpha=0.1,max_features=48,y_transform=log1p",10,1.1225067,0.56948879,0.49835235,-1.9192535,-41.357452
rhamnose_gL,all_known,fusion_full,pcr,"n_components=3,alpha=1.0,max_features=48,y_transform=log1p",10,1.1265791,0.74219328,0.46881464,-2.4249801,-39.789397
rhamnose_gL,target_focused,raman_full,pls,"n_components=12,alpha=1.0,max_features=12,y_transform=none",10,1.126849,0.20014493,0.79425353,-1.8797835,-54.46751
rhamnose_gL,target_focused,raman_full,ridge,"alpha=0.1,max_features=12,y_transform=none",10,1.1278554,0.20038269,0.79434244,-1.8879539,-54.625168
rhamnose_gL,all_known,fusion_interpretable,pls,"n_components=12,alpha=1.0,max_features=48,y_transform=none",10,1.1293633,0.45063239,0.62009212,-1.1250736,-35.996062
rhamnose_gL,all_known,fusion_interpretable,pls,"n_components=12,alpha=1.0,max_features=96,y_transform=none",10,1.1293633,0.45063239,0.62009212,-1.1250736,-35.996062
rhamnose_gL,all_known,raman_interpretable,knn,"k=1,weighted=True,max_features=24,y_transform=none",10,1.130739,0.22941811,0.52675,-1.6589417,-46.105819
rhamnose_gL,all_known,raman_interpretable,knn,"k=1,weighted=True,max_features=24,y_transform=log1p",10,1.130739,0.22941811,0.52675,-1.6589417,-46.105819
rhamnose_gL,all_known,raman_interpretable,knn,"k=1,weighted=True,max_features=48,y_transform=none",10,1.130739,0.22941811,0.52675,-1.6589417,-46.105819
rhamnose_gL,all_known,raman_interpretable,knn,"k=1,weighted=True,max_features=48,y_transform=log1p",10,1.130739,0.22941811,0.52675,-1.6589417,-46.105819
rhamnose_gL,all_known,raman_interpretable,knn,"k=1,weighted=True,max_features=96,y_transform=none",10,1.130739,0.22941811,0.52675,-1.6589417,-46.105819
rhamnose_gL,all_known,raman_interpretable,knn,"k=1,weighted=True,max_features=96,y_transform=log1p",10,1.130739,0.22941811,0.52675,-1.6589417,-46.105819
rhamnose_gL,target_focused,raman_full,pcr,"n_components=12,alpha=1.0,max_features=192,y_transform=log1p",10,1.1326329,0.34658929,0.64411996,-3.7545098,-68.945303
rhamnose_gL,target_focused,fusion_full,pls,"n_components=5,alpha=1.0,max_features=192,y_transform=none",10,1.1326619,0.20228828,0.80809622,-2.2968484,-59.000003
rhamnose_gL,all_known,raman_full,pls,"n_components=3,alpha=1.0,max_features=24,y_transform=log1p",10,1.1331573,0.73961359,0.5012516,-0.77513406,-25.056996
rhamnose_gL,all_known,raman_full,pcr,"n_components=5,alpha=1.0,max_features=12,y_transform=log1p",10,1.1334969,0.70298679,0.49519456,-0.87113926,-26.938123
rhamnose_gL,all_known,raman_full,pcr,"n_components=5,alpha=1.0,max_features=24,y_transform=log1p",10,1.1350235,0.73173067,0.49955293,-0.82601042,-26.004316
rhamnose_gL,all_known,raman_full,pls,"n_components=8,alpha=1.0,max_features=48,y_transform=none",10,1.1350693,0.35987061,0.66694192,-1.2632756,-39.495345
rhamnose_gL,target_focused,fusion_full,ridge,"alpha=10.0,max_features=192,y_transform=log1p",10,1.1380114,0.30986512,0.66444686,-1.6135454,-49.97597
rhamnose_gL,target_focused,fusion_full,pls,"n_components=12,alpha=1.0,max_features=48,y_transform=log1p",10,1.1385644,0.30830767,0.7072235,-1.5755198,-50.257627
rhamnose_gL,target_focused,raman_full,knn,"k=3,weighted=True,max_features=24,y_transform=none",10,1.1388165,0.15335461,0.6944954,-1.9628345,-57.852469
rhamnose_gL,all_known,raman_full,ridge,"alpha=1.0,max_features=48,y_transform=none",10,1.1408347,0.35450347,0.67213398,-1.3207064,-40.979987
rhamnose_gL,all_known,raman_interpretable,pls,"n_components=12,alpha=1.0,max_features=24,y_transform=none",10,1.1418672,0.44897856,0.5959015,-0.9735196,-34.631561
rhamnose_gL,all_known,raman_interpretable,pls,"n_components=12,alpha=1.0,max_features=48,y_transform=none",10,1.1418672,0.44897856,0.5959015,-0.9735196,-34.631561
rhamnose_gL,all_known,raman_interpretable,pls,"n_components=12,alpha=1.0,max_features=96,y_transform=none",10,1.1418672,0.44897856,0.5959015,-0.9735196,-34.631561
rhamnose_gL,all_known,fusion_full,pcr,"n_components=12,alpha=1.0,max_features=48,y_transform=log1p",10,1.1476104,0.77611408,0.48371943,-0.95551521,-27.38219
rhamnose_gL,target_focused,raman_full,pcr,"n_components=12,alpha=1.0,max_features=96,y_transform=none",10,1.1491567,0.15710556,0.77863656,-2.6314511,-65.714336
rhamnose_gL,target_focused,raman_full,ridge,"alpha=1.0,max_features=24,y_transform=log1p",10,1.15004,0.19734592,0.7012245,-1.77493,-55.134389
rhamnose_gL,all_known,eem_full,ridge,"alpha=1.0,max_features=192,y_transform=none",10,1.1508137,0.16030688,0.79594595,-1.3433897,-44.26446
rhamnose_gL,all_known,eem_full,ridge,"alpha=1.0,max_features=384,y_transform=none",10,1.1508137,0.16030688,0.79594595,-1.3433897,-44.26446
rhamnose_gL,all_known,eem_full,pls,"n_components=12,alpha=1.0,max_features=192,y_transform=none",10,1.1526793,0.14728168,0.78220166,-1.4658053,-46.145989
rhamnose_gL,all_known,eem_full,pls,"n_components=12,alpha=1.0,max_features=384,y_transform=none",10,1.1526793,0.14728168,0.78220166,-1.4658053,-46.145989
rhamnose_gL,all_known,fusion_full,pls,"n_components=8,alpha=1.0,max_features=192,y_transform=log1p",10,1.1527943,0.84409225,0.48741669,-3.0880821,-45.943453
rhamnose_gL,target_focused,raman_full,pcr,"n_components=12,alpha=1.0,max_features=48,y_transform=none",10,1.1533389,0.16709493,0.80002082,-2.5334806,-64.577181
rhamnose_gL,all_known,raman_full,ridge,"alpha=10.0,max_features=192,y_transform=none",10,1.1542689,0.38618242,0.68795858,-1.498414,-43.789738
rhamnose_gL,target_focused,fusion_full,ridge,"alpha=10.0,max_features=384,y_transform=log1p",10,1.1588492,0.33219124,0.64559391,-1.5203885,-49.782605
rhamnose_gL,all_known,raman_interpretable,ridge,"alpha=0.1,max_features=24,y_transform=none",10,1.1592666,0.4629409,0.59930197,-1.0630554,-36.825007
rhamnose_gL,all_known,raman_interpretable,ridge,"alpha=0.1,max_features=48,y_transform=none",10,1.1592666,0.4629409,0.59930197,-1.0630554,-36.825007
rhamnose_gL,all_known,raman_interpretable,ridge,"alpha=0.1,max_features=96,y_transform=none",10,1.1592666,0.4629409,0.59930197,-1.0630554,-36.825007
rhamnose_gL,all_known,eem_full,pls,"n_components=12,alpha=1.0,max_features=96,y_transform=log1p",10,1.1602214,0.93622497,0.4972597,-0.9117427,-25.018993
rhamnose_gL,all_known,fusion_full,pls,"n_components=2,alpha=1.0,max_features=48,y_transform=log1p",10,1.1607343,0.71523217,0.48092061,-1.6912602,-36.140128
rhamnose_gL,target_focused,eem_full,pls,"n_components=8,alpha=1.0,max_features=96,y_transform=none",10,1.1608339,0.20588979,0.81005407,-1.8294312,-56.929697
rhamnose_gL,target_focused,fusion_interpretable,knn,"k=1,weighted=True,max_features=12,y_transform=none",10,1.1618618,0.32700486,0.63745455,-1.4323459,-49.174946
rhamnose_gL,target_focused,fusion_interpretable,knn,"k=1,weighted=True,max_features=12,y_transform=log1p",10,1.1618618,0.32700486,0.63745455,-1.4323459,-49.174946
rhamnose_gL,target_focused,eem_full,pls,"n_components=8,alpha=1.0,max_features=192,y_transform=none",10,1.1628001,0.20658651,0.82986313,-1.8722051,-57.872992
rhamnose_gL,target_focused,eem_full,pls,"n_components=8,alpha=1.0,max_features=384,y_transform=none",10,1.1628001,0.20658651,0.82986313,-1.8722051,-57.872992
rhamnose_gL,target_focused,raman_full,pls,"n_components=3,alpha=1.0,max_features=24,y_transform=none",10,1.1644041,0.18503362,0.81664497,-2.0836913,-60.383618
rhamnose_gL,target_focused,eem_full,pls,"n_components=8,alpha=1.0,max_features=192,y_transform=log1p",10,1.1658041,0.52256361,0.61326788,-2.0195756,-54.500864
rhamnose_gL,target_focused,eem_full,pls,"n_components=8,alpha=1.0,max_features=384,y_transform=log1p",10,1.1658041,0.52256361,0.61326788,-2.0195756,-54.500864
rhamnose_gL,target_focused,raman_full,pls,"n_components=3,alpha=1.0,max_features=192,y_transform=none",10,1.1717442,0.21744092,0.79786365,-2.6885464,-65.967317
rhamnose_gL,all_known,fusion_full,pls,"n_components=3,alpha=1.0,max_features=192,y_transform=log1p",10,1.1732353,0.95520519,0.466651,-3.6329394,-47.422078
rhamnose_gL,target_focused,raman_full,pls,"n_components=8,alpha=1.0,max_features=24,y_transform=log1p",10,1.1753038,0.18570404,0.72249713,-2.0098378,-60.043119
rhamnose_gL,all_known,fusion_full,ridge,"alpha=1.0,max_features=96,y_transform=none",10,1.1808637,0.39506563,0.71286084,-1.6184889,-47.481413
rhamnose_gL,target_focused,fusion_full,ridge,"alpha=10.0,max_features=192,y_transform=none",10,1.1822198,0.21716434,0.84220942,-2.1339936,-61.236966
rhamnose_gL,all_known,fusion_interpretable,ridge,"alpha=0.1,max_features=48,y_transform=none",10,1.1845341,0.46126459,0.64086615,-1.2060029,-41.574611
rhamnose_gL,all_known,fusion_interpretable,ridge,"alpha=0.1,max_features=96,y_transform=none",10,1.1845341,0.46126459,0.64086615,-1.2060029,-41.574611
rhamnose_gL,target_focused,raman_full,pcr,"n_components=12,alpha=1.0,max_features=48,y_transform=log1p",10,1.1851957,0.36777445,0.66701435,-4.1713843,-76.813035
rhamnose_gL,target_focused,raman_full,knn,"k=1,weighted=True,max_features=384,y_transform=none",10,1.1853547,0.21105544,0.64213636,-3.0089861,-71.35072
rhamnose_gL,target_focused,raman_full,knn,"k=1,weighted=True,max_features=384,y_transform=log1p",10,1.1853547,0.21105544,0.64213636,-3.0089861,-71.35072
rhamnose_gL,all_known,raman_full,pls,"n_components=12,alpha=1.0,max_features=48,y_transform=none",10,1.1857602,0.34279411,0.71282016,-1.6057236,-48.886266
rhamnose_gL,target_focused,raman_full,pcr,"n_components=12,alpha=1.0,max_features=96,y_transform=log1p",10,1.1873125,0.33727718,0.66987123,-3.9231224,-75.805451
rhamnose_gL,all_known,raman_full,pls,"n_components=8,alpha=1.0,max_features=96,y_transform=none",10,1.1891504,0.35105751,0.71917274,-1.7966956,-51.713618
rhamnose_gL,target_focused,eem_full,pls,"n_components=12,alpha=1.0,max_features=48,y_transform=none",10,1.1918071,0.17632426,0.90920509,-1.8804765,-59.631373
rhamnose_gL,target_focused,raman_full,ridge,"alpha=10.0,max_features=48,y_transform=log1p",10,1.1966862,0.25870072,0.70019383,-2.8725311,-69.031718
rhamnose_gL,all_known,fusion_full,pls,"n_components=12,alpha=1.0,max_features=96,y_transform=none",10,1.1967447,0.3423466,0.72386972,-1.5538244,-49.040651
rhamnose_gL,target_focused,eem_interpretable,knn,"k=3,weighted=True,max_features=12,y_transform=none",10,1.1972257,0.23279319,0.73469968,-2.1580869,-62.338721
rhamnose_gL,target_focused,eem_interpretable,knn,"k=3,weighted=True,max_features=24,y_transform=none",10,1.1972257,0.23279319,0.73469968,-2.1580869,-62.338721
rhamnose_gL,target_focused,eem_interpretable,knn,"k=3,weighted=True,max_features=48,y_transform=none",10,1.1972257,0.23279319,0.73469968,-2.1580869,-62.338721
rhamnose_gL,target_focused,eem_interpretable,knn,"k=3,weighted=True,max_features=96,y_transform=none",10,1.1972257,0.23279319,0.73469968,-2.1580869,-62.338721
rhamnose_gL,target_focused,raman_full,knn,"k=3,weighted=True,max_features=12,y_transform=none",10,1.1979838,0.14231443,0.73476408,-2.3893145,-67.651274
rhamnose_gL,target_focused,raman_full,pls,"n_components=3,alpha=1.0,max_features=96,y_transform=none",10,1.2002359,0.23569151,0.81318914,-2.8461358,-69.441251
rhamnose_gL,target_focused,raman_full,knn,"k=1,weighted=True,max_features=96,y_transform=none",10,1.2010286,0.32470517,0.65952273,-2.5423249,-67.368019
rhamnose_gL,target_focused,raman_full,knn,"k=1,weighted=True,max_features=96,y_transform=log1p",10,1.2010286,0.32470517,0.65952273,-2.5423249,-67.368019
rhamnose_gL,all_known,raman_full,ridge,"alpha=0.1,max_features=48,y_transform=none",10,1.2068205,0.32869587,0.73489607,-1.6854381,-51.754707
rhamnose_gL,all_known,fusion_full,pls,"n_components=12,alpha=1.0,max_features=192,y_transform=none",10,1.2069122,0.41746105,0.77366752,-1.937658,-53.27955
rhamnose_gL,target_focused,fusion_full,ridge,"alpha=10.0,max_features=384,y_transform=none",10,1.2086451,0.21393602,0.83974814,-2.0334411,-61.782669
rhamnose_gL,target_focused,fusion_full,ridge,"alpha=1.0,max_features=48,y_transform=none",10,1.2142063,0.23876185,0.92205207,-2.4835247,-67.453002
rhamnose_gL,target_focused,fusion_full,pls,"n_components=8,alpha=1.0,max_features=48,y_transform=none",10,1.2152217,0.21080661,0.91667144,-2.512698,-68.699929
rhamnose_gL,all_known,fusion_full,pls,"n_components=3,alpha=1.0,max_features=96,y_transform=log1p",10,1.2153824,0.89809394,0.48325671,-3.0134161,-47.152826
rhamnose_gL,target_focused,eem_full,knn,"k=1,weighted=True,max_features=96,y_transform=none",10,1.2170019,0.37478723,0.63120455,-2.9253377,-70.510913
rhamnose_gL,target_focused,eem_full,knn,"k=1,weighted=True,max_features=96,y_transform=log1p",10,1.2170019,0.37478723,0.63120455,-2.9253377,-70.510913
rhamnose_gL,target_focused,raman_full,pls,"n_components=3,alpha=1.0,max_features=384,y_transform=log1p",10,1.2208755,0.60145563,0.65721306,-7.104719,-92.057775
rhamnose_gL,target_focused,raman_full,pls,"n_components=3,alpha=1.0,max_features=48,y_transform=none",10,1.2209059,0.25718767,0.84421398,-2.8410038,-70.890781
rhamnose_gL,all_known,fusion_full,ridge,"alpha=1.0,max_features=192,y_transform=log1p",10,1.2213481,0.98621144,0.54953734,-4.1678209,-57.317379
rhamnose_gL,target_focused,raman_full,pls,"n_components=5,alpha=1.0,max_features=24,y_transform=none",10,1.2239076,0.15294997,0.88198228,-2.462454,-69.774928
rhamnose_gL,all_known,eem_full,ridge,"alpha=0.1,max_features=192,y_transform=log1p",10,1.2260934,0.54303634,0.62186087,-3.2081464,-60.241657
rhamnose_gL,all_known,eem_full,ridge,"alpha=0.1,max_features=384,y_transform=log1p",10,1.2260934,0.54303634,0.62186087,-3.2081464,-60.241657
rhamnose_gL,all_known,raman_full,ridge,"alpha=10.0,max_features=384,y_transform=none",10,1.228354,0.39526768,0.7426302,-1.9744257,-55.714352
rhamnose_gL,target_focused,raman_interpretable,knn,"k=1,weighted=True,max_features=12,y_transform=none",10,1.2283677,0.27239502,0.64677273,-2.953585,-73.043248
rhamnose_gL,target_focused,raman_interpretable,knn,"k=1,weighted=True,max_features=12,y_transform=log1p",10,1.2283677,0.27239502,0.64677273,-2.953585,-73.043248
rhamnose_gL,target_focused,fusion_full,knn,"k=1,weighted=True,max_features=12,y_transform=none",10,1.2309732,0.35657037,0.66859091,-2.4186918,-66.66743
rhamnose_gL,target_focused,fusion_full,knn,"k=1,weighted=True,max_features=12,y_transform=log1p",10,1.2309732,0.35657037,0.66859091,-2.4186918,-66.66743
rhamnose_gL,all_known,fusion_full,pcr,"n_components=12,alpha=1.0,max_features=96,y_transform=log1p",10,1.2356804,1.0706516,0.48369159,-4.5801459,-56.996633
rhamnose_gL,target_focused,raman_full,ridge,"alpha=10.0,max_features=48,y_transform=none",10,1.2366131,0.19920617,0.86461832,-2.5768708,-71.258587
rhamnose_gL,target_focused,fusion_full,ridge,"alpha=0.1,max_features=48,y_transform=log1p",10,1.2391204,0.3990632,0.7480289,-2.2609234,-64.371909
rhamnose_gL,target_focused,fusion_full,pls,"n_components=8,alpha=1.0,max_features=96,y_transform=log1p",10,1.2400094,0.50311742,0.68577064,-2.888309,-69.777953
rhamnose_gL,all_known,fusion_full,ridge,"alpha=1.0,max_features=192,y_transform=none",10,1.2530354,0.34601464,0.85984719,-2.1164246,-60.876224
rhamnose_gL,all_known,raman_full,pcr,"n_components=8,alpha=1.0,max_features=24,y_transform=log1p",10,1.253834,1.0173279,0.51888373,-1.3630723,-36.401624
rhamnose_gL,target_focused,raman_full,pls,"n_components=12,alpha=1.0,max_features=24,y_transform=log1p",10,1.2605669,0.23171153,0.75464204,-2.9866323,-76.817479
rhamnose_gL,target_focused,raman_full,pls,"n_components=3,alpha=1.0,max_features=96,y_transform=log1p",10,1.260766,0.50120831,0.69289287,-5.8586776,-90.728192
rhamnose_gL,target_focused,raman_full,ridge,"alpha=0.1,max_features=24,y_transform=log1p",10,1.2616653,0.24573703,0.76334768,-2.7231886,-74.241418
rhamnose_gL,target_focused,raman_full,ridge,"alpha=1.0,max_features=24,y_transform=none",10,1.2646441,0.15995634,0.90876428,-2.7866725,-76.318237
rhamnose_gL,all_known,raman_full,pcr,"n_components=2,alpha=1.0,max_features=48,y_transform=log1p",10,1.2666181,0.98805376,0.51456263,-4.1203332,-58.860428
rhamnose_gL,all_known,fusion_full,ridge,"alpha=10.0,max_features=24,y_transform=log1p",10,1.2706218,0.95184536,0.502562,-2.1668815,-45.001461
rhamnose_gL,all_known,eem_interpretable,knn,"k=1,weighted=True,max_features=12,y_transform=none",10,1.2739275,0.20836542,0.57035526,-1.6671288,-56.985532
rhamnose_gL,all_known,eem_interpretable,knn,"k=1,weighted=True,max_features=12,y_transform=log1p",10,1.2739275,0.20836542,0.57035526,-1.6671288,-56.985532
rhamnose_gL,all_known,eem_interpretable,knn,"k=1,weighted=True,max_features=24,y_transform=none",10,1.2739275,0.20836542,0.57035526,-1.6671288,-56.985532
rhamnose_gL,all_known,eem_interpretable,knn,"k=1,weighted=True,max_features=24,y_transform=log1p",10,1.2739275,0.20836542,0.57035526,-1.6671288,-56.985532
rhamnose_gL,all_known,eem_interpretable,knn,"k=1,weighted=True,max_features=48,y_transform=none",10,1.2739275,0.20836542,0.57035526,-1.6671288,-56.985532
rhamnose_gL,all_known,eem_interpretable,knn,"k=1,weighted=True,max_features=48,y_transform=log1p",10,1.2739275,0.20836542,0.57035526,-1.6671288,-56.985532
rhamnose_gL,all_known,eem_interpretable,knn,"k=1,weighted=True,max_features=96,y_transform=none",10,1.2739275,0.20836542,0.57035526,-1.6671288,-56.985532
rhamnose_gL,all_known,eem_interpretable,knn,"k=1,weighted=True,max_features=96,y_transform=log1p",10,1.2739275,0.20836542,0.57035526,-1.6671288,-56.985532
rhamnose_gL,target_focused,raman_full,pls,"n_components=3,alpha=1.0,max_features=48,y_transform=log1p",10,1.2748868,0.54704037,0.70473732,-6.4190856,-93.961722
rhamnose_gL,all_known,fusion_full,ridge,"alpha=1.0,max_features=384,y_transform=none",10,1.2770891,0.4665173,0.84337159,-2.9154612,-70.295762
rhamnose_gL,all_known,fusion_full,pls,"n_components=12,alpha=1.0,max_features=384,y_transform=none",10,1.2793713,0.5939161,0.77740284,-3.0992998,-68.688363
rhamnose_gL,target_focused,raman_full,pls,"n_components=3,alpha=1.0,max_features=192,y_transform=log1p",10,1.2808721,0.63261569,0.68829638,-7.7589251,-100.42223
rhamnose_gL,target_focused,eem_full,knn,"k=1,weighted=True,max_features=192,y_transform=none",10,1.2820862,0.3000449,0.65804545,-3.057522,-76.91567
rhamnose_gL,target_focused,eem_full,knn,"k=1,weighted=True,max_features=192,y_transform=log1p",10,1.2820862,0.3000449,0.65804545,-3.057522,-76.91567
rhamnose_gL,target_focused,eem_full,knn,"k=1,weighted=True,max_features=384,y_transform=none",10,1.2820862,0.3000449,0.65804545,-3.057522,-76.91567
rhamnose_gL,target_focused,eem_full,knn,"k=1,weighted=True,max_features=384,y_transform=log1p",10,1.2820862,0.3000449,0.65804545,-3.057522,-76.91567
rhamnose_gL,all_known,raman_full,ridge,"alpha=1.0,max_features=96,y_transform=none",10,1.285146,0.45254619,0.79222343,-2.5322511,-65.587362
rhamnose_gL,target_focused,fusion_full,pls,"n_components=8,alpha=1.0,max_features=96,y_transform=none",10,1.2878278,0.25147839,0.94749299,-3.197568,-81.86473
rhamnose_gL,target_focused,eem_full,ridge,"alpha=0.1,max_features=48,y_transform=none",10,1.287969,0.15334733,0.99646214,-2.6438661,-76.257802
rhamnose_gL,all_known,raman_full,pls,"n_components=2,alpha=1.0,max_features=384,y_transform=log1p",10,1.2928658,1.1614,0.51439062,-5.4448661,-65.974973
rhamnose_gL,all_known,raman_full,pcr,"n_components=8,alpha=1.0,max_features=48,y_transform=log1p",10,1.3023054,1.1379511,0.52328092,-5.2560835,-65.791582
rhamnose_gL,all_known,raman_full,pls,"n_components=5,alpha=1.0,max_features=96,y_transform=log1p",10,1.3066456,1.1682175,0.53292064,-5.5775048,-68.216069
rhamnose_gL,all_known,fusion_full,pcr,"n_components=8,alpha=1.0,max_features=24,y_transform=log1p",10,1.3070625,1.0307237,0.50515457,-3.7959494,-57.620363
rhamnose_gL,all_known,raman_full,pls,"n_components=8,alpha=1.0,max_features=192,y_transform=none",10,1.3083644,0.53163755,0.79462648,-2.8343208,-68.874288
rhamnose_gL,all_known,fusion_full,pls,"n_components=5,alpha=1.0,max_features=192,y_transform=log1p",10,1.3089262,1.3252935,0.49811096,-6.6610212,-69.772859
rhamnose_gL,all_known,raman_full,ridge,"alpha=10.0,max_features=12,y_transform=log1p",10,1.3138936,1.1570941,0.52361311,-1.6795612,-41.867087
rhamnose_gL,target_focused,eem_full,pls,"n_components=12,alpha=1.0,max_features=48,y_transform=log1p",10,1.3166089,0.64323546,0.71275241,-2.9872154,-74.249734
rhamnose_gL,target_focused,raman_full,pls,"n_components=8,alpha=1.0,max_features=24,y_transform=none",10,1.3186668,0.15855558,0.96043212,-3.2723422,-85.593577
rhamnose_gL,target_focused,raman_full,ridge,"alpha=10.0,max_features=96,y_transform=none",10,1.322606,0.2544776,0.92404702,-3.0457812,-81.966335
rhamnose_gL,all_known,fusion_full,pls,"n_components=8,alpha=1.0,max_features=24,y_transform=log1p",10,1.3270923,1.054114,0.52371549,-2.6259298,-51.529307
rhamnose_gL,all_known,raman_full,pls,"n_components=8,alpha=1.0,max_features=384,y_transform=none",10,1.3291595,0.4451222,0.80993392,-2.8863794,-73.598718
rhamnose_gL,target_focused,fusion_full,pls,"n_components=8,alpha=1.0,max_features=384,y_transform=none",10,1.3297262,0.22584582,0.9210956,-2.5811647,-77.900659
rhamnose_gL,all_known,raman_full,pls,"n_components=5,alpha=1.0,max_features=192,y_transform=log1p",10,1.3346499,1.2213453,0.54254879,-6.0660264,-72.408767
rhamnose_gL,target_focused,eem_full,ridge,"alpha=1.0,max_features=192,y_transform=none",10,1.334808,0.19282471,0.9768628,-2.4982537,-78.01595
rhamnose_gL,target_focused,eem_full,ridge,"alpha=1.0,max_features=384,y_transform=none",10,1.334808,0.19282471,0.9768628,-2.4982537,-78.01595
rhamnose_gL,all_known,fusion_full,ridge,"alpha=0.1,max_features=384,y_transform=none",10,1.335395,0.46116571,0.90274685,-3.4382347,-80.832095
rhamnose_gL,target_focused,fusion_full,pls,"n_components=8,alpha=1.0,max_features=192,y_transform=none",10,1.3372816,0.22263266,0.94966452,-2.8936005,-82.257986
rhamnose_gL,all_known,eem_full,ridge,"alpha=0.1,max_features=96,y_transform=none",10,1.3406786,0.21318392,0.96938843,-2.4717174,-71.633283
rhamnose_gL,all_known,fusion_full,pls,"n_components=5,alpha=1.0,max_features=48,y_transform=log1p",10,1.3421667,0.95151968,0.51829518,-3.0020251,-59.539813
rhamnose_gL,all_known,raman_full,pcr,"n_components=12,alpha=1.0,max_features=48,y_transform=log1p",10,1.3434197,1.2824221,0.5246712,-6.4873754,-73.400247
rhamnose_gL,target_focused,raman_full,pls,"n_components=12,alpha=1.0,max_features=24,y_transform=none",10,1.3482824,0.16900152,0.97318686,-3.580028,-90.918718
rhamnose_gL,target_focused,raman_full,ridge,"alpha=10.0,max_features=96,y_transform=log1p",10,1.3492275,0.36089982,0.76969785,-3.1808942,-83.315018
rhamnose_gL,all_known,fusion_full,pls,"n_components=12,alpha=1.0,max_features=24,y_transform=log1p",10,1.3492944,1.0784456,0.53302125,-2.7081274,-53.845589
rhamnose_gL,target_focused,fusion_full,pls,"n_components=8,alpha=1.0,max_features=384,y_transform=log1p",10,1.3518102,0.45913152,0.70613715,-2.4657639,-73.824628
rhamnose_gL,all_known,raman_full,pls,"n_components=12,alpha=1.0,max_features=96,y_transform=none",10,1.3568845,0.51272865,0.83781614,-3.3011832,-78.481723
rhamnose_gL,all_known,fusion_full,pls,"n_components=3,alpha=1.0,max_features=24,y_transform=log1p",10,1.3579657,1.203588,0.51618243,-2.2821094,-49.247401
rhamnose_gL,target_focused,fusion_full,ridge,"alpha=1.0,max_features=96,y_transform=log1p",10,1.3589598,0.69856108,0.76473243,-3.2545424,-81.034741
rhamnose_gL,target_focused,fusion_full,pls,"n_components=12,alpha=1.0,max_features=48,y_transform=none",10,1.3599414,0.26257424,1.0419031,-3.251135,-87.195383
rhamnose_gL,target_focused,raman_full,ridge,"alpha=0.1,max_features=24,y_transform=none",10,1.3602171,0.1820703,0.99548635,-3.5614957,-91.491555
rhamnose_gL,target_focused,raman_full,ridge,"alpha=10.0,max_features=192,y_transform=log1p",10,1.3616677,0.39941569,0.78022053,-2.8221698,-80.050439
rhamnose_gL,target_focused,fusion_full,ridge,"alpha=1.0,max_features=384,y_transform=log1p",10,1.3626708,0.43103361,0.73067943,-2.5299592,-76.688632
rhamnose_gL,target_focused,raman_full,ridge,"alpha=10.0,max_features=192,y_transform=none",10,1.3740257,0.28330164,0.95727488,-3.0993637,-86.337315
rhamnose_gL,all_known,fusion_full,pcr,"n_components=12,alpha=1.0,max_features=24,y_transform=log1p",10,1.3740315,1.1523895,0.51857419,-3.0486773,-56.401228
rhamnose_gL,target_focused,fusion_full,pls,"n_components=8,alpha=1.0,max_features=192,y_transform=log1p",10,1.3744416,0.47616969,0.7441696,-2.7747953,-79.465611
rhamnose_gL,target_focused,raman_interpretable,knn,"k=1,weighted=True,max_features=24,y_transform=none",10,1.3798994,0.34650659,0.77911364,-2.7380466,-82.31028
rhamnose_gL,target_focused,raman_interpretable,knn,"k=1,weighted=True,max_features=24,y_transform=log1p",10,1.3798994,0.34650659,0.77911364,-2.7380466,-82.31028
rhamnose_gL,target_focused,raman_interpretable,knn,"k=1,weighted=True,max_features=48,y_transform=none",10,1.3798994,0.34650659,0.77911364,-2.7380466,-82.31028
rhamnose_gL,target_focused,raman_interpretable,knn,"k=1,weighted=True,max_features=48,y_transform=log1p",10,1.3798994,0.34650659,0.77911364,-2.7380466,-82.31028
rhamnose_gL,target_focused,raman_interpretable,knn,"k=1,weighted=True,max_features=96,y_transform=none",10,1.3798994,0.34650659,0.77911364,-2.7380466,-82.31028
rhamnose_gL,target_focused,raman_interpretable,knn,"k=1,weighted=True,max_features=96,y_transform=log1p",10,1.3798994,0.34650659,0.77911364,-2.7380466,-82.31028
rhamnose_gL,all_known,fusion_full,ridge,"alpha=1.0,max_features=24,y_transform=log1p",10,1.380437,1.1758261,0.5316545,-2.8456786,-55.518258
rhamnose_gL,target_focused,raman_full,pls,"n_components=5,alpha=1.0,max_features=48,y_transform=none",10,1.3938091,0.25218567,0.98431163,-3.5393965,-93.35208
rhamnose_gL,target_focused,raman_full,pls,"n_components=5,alpha=1.0,max_features=384,y_transform=none",10,1.3954956,0.19684122,0.95202176,-3.5251377,-93.176146
rhamnose_gL,all_known,fusion_full,pls,"n_components=3,alpha=1.0,max_features=48,y_transform=log1p",10,1.4028135,1.5698413,0.52365696,-2.1829024,-44.305054
rhamnose_gL,target_focused,raman_full,knn,"k=1,weighted=True,max_features=48,y_transform=none",10,1.4053483,0.2354956,0.79552273,-3.6803615,-96.147054
rhamnose_gL,target_focused,raman_full,knn,"k=1,weighted=True,max_features=48,y_transform=log1p",10,1.4053483,0.2354956,0.79552273,-3.6803615,-96.147054
rhamnose_gL,all_known,fusion_full,pls,"n_components=12,alpha=1.0,max_features=192,y_transform=log1p",10,1.4078525,1.4833945,0.56506246,-8.4308601,-85.541468
rhamnose_gL,target_focused,fusion_full,ridge,"alpha=1.0,max_features=384,y_transform=none",10,1.4099158,0.18164724,0.99378233,-3.3232128,-92.837725
rhamnose_gL,target_focused,fusion_full,pls,"n_components=12,alpha=1.0,max_features=384,y_transform=log1p",10,1.4108607,0.48644308,0.74788421,-2.8891687,-83.828042
rhamnose_gL,target_focused,eem_full,pls,"n_components=12,alpha=1.0,max_features=192,y_transform=none",10,1.411453,0.18000446,1.043042,-3.1074534,-90.877026
rhamnose_gL,target_focused,eem_full,pls,"n_components=12,alpha=1.0,max_features=384,y_transform=none",10,1.411453,0.18000446,1.043042,-3.1074534,-90.877026
rhamnose_gL,target_focused,eem_full,ridge,"alpha=1.0,max_features=96,y_transform=none",10,1.4118507,0.2834292,0.98634078,-3.5633685,-95.302253
rhamnose_gL,target_focused,fusion_full,ridge,"alpha=0.1,max_features=384,y_transform=log1p",10,1.4135128,0.44603156,0.75134949,-2.8559916,-84.274817
rhamnose_gL,all_known,raman_full,ridge,"alpha=10.0,max_features=48,y_transform=log1p",10,1.4141218,1.4355531,0.5480158,-7.9779089,-83.823238
rhamnose_gL,all_known,raman_full,pls,"n_components=2,alpha=1.0,max_features=12,y_transform=log1p",10,1.4151492,1.3998869,0.54167611,-2.3104467,-51.031045
rhamnose_gL,target_focused,raman_full,ridge,"alpha=10.0,max_features=384,y_transform=none",10,1.4222638,0.25775401,0.97195869,-3.2838154,-92.370266
rhamnose_gL,all_known,fusion_full,ridge,"alpha=0.1,max_features=96,y_transform=none",10,1.4278552,0.38605708,0.95855297,-3.2875188,-86.729371
rhamnose_gL,all_known,raman_full,pcr,"n_components=8,alpha=1.0,max_features=12,y_transform=log1p",10,1.4309894,1.4875736,0.54634869,-2.328215,-50.587246
rhamnose_gL,target_focused,raman_full,pls,"n_components=5,alpha=1.0,max_features=96,y_transform=none",10,1.4316614,0.29306423,0.99722939,-3.7065019,-96.72703
rhamnose_gL,target_focused,raman_full,pls,"n_components=5,alpha=1.0,max_features=384,y_transform=log1p",10,1.435195,0.43513693,0.77032204,-5.0278411,-102.14824
rhamnose_gL,all_known,raman_full,pls,"n_components=3,alpha=1.0,max_features=12,y_transform=log1p",10,1.4353271,1.5244851,0.54678287,-2.3257113,-50.038052
rhamnose_gL,all_known,fusion_full,pls,"n_components=2,alpha=1.0,max_features=96,y_transform=log1p",10,1.4375361,1.6127519,0.5190606,-9.4911759,-87.014228
rhamnose_gL,all_known,fusion_full,ridge,"alpha=10.0,max_features=96,y_transform=log1p",10,1.4410432,1.501998,0.52028837,-8.1699724,-82.927582
rhamnose_gL,target_focused,fusion_full,pls,"n_components=12,alpha=1.0,max_features=384,y_transform=none",10,1.4421674,0.19051666,1.0222068,-3.5870628,-98.217877
rhamnose_gL,target_focused,raman_full,pls,"n_components=5,alpha=1.0,max_features=192,y_transform=none",10,1.4436102,0.24669928,0.9975265,-3.8474915,-99.753987
rhamnose_gL,all_known,fusion_full,ridge,"alpha=0.1,max_features=24,y_transform=log1p",10,1.44452,1.3116373,0.54780066,-3.1794491,-61.048022
rhamnose_gL,target_focused,raman_full,pls,"n_components=5,alpha=1.0,max_features=48,y_transform=log1p",10,1.4476196,0.40917093,0.80451873,-5.0526259,-108.19967
rhamnose_gL,all_known,eem_full,ridge,"alpha=0.1,max_features=192,y_transform=none",10,1.4484193,0.158655,1.0776703,-3.1327986,-86.654423
rhamnose_gL,all_known,eem_full,ridge,"alpha=0.1,max_features=384,y_transform=none",10,1.4484193,0.158655,1.0776703,-3.1327986,-86.654423
rhamnose_gL,target_focused,fusion_full,ridge,"alpha=0.1,max_features=48,y_transform=none",10,1.4502125,0.33794667,1.1305163,-4.1039522,-99.577255
rhamnose_gL,target_focused,fusion_full,ridge,"alpha=0.1,max_features=384,y_transform=none",10,1.4586153,0.16185961,1.0333169,-3.7549917,-101.32224
rhamnose_gL,target_focused,fusion_full,pls,"n_components=12,alpha=1.0,max_features=96,y_transform=log1p",10,1.4607954,0.61924072,0.82394811,-4.4212189,-103.32812
rhamnose_gL,target_focused,fusion_full,ridge,"alpha=1.0,max_features=96,y_transform=none",10,1.4647534,0.38858556,1.1227576,-4.3041128,-104.5194
rhamnose_gL,all_known,raman_full,pls,"n_components=5,alpha=1.0,max_features=12,y_transform=log1p",10,1.4741723,1.7842059,0.55066195,-2.5704263,-48.82026
rhamnose_gL,all_known,raman_full,pcr,"n_components=12,alpha=1.0,max_features=12,y_transform=log1p",10,1.4773812,1.5688487,0.55216495,-2.6471545,-55.745829
rhamnose_gL,all_known,raman_full,ridge,"alpha=1.0,max_features=12,y_transform=log1p",10,1.4773812,1.5688487,0.55216495,-2.6471545,-55.745829
rhamnose_gL,all_known,fusion_full,pls,"n_components=8,alpha=1.0,max_features=96,y_transform=log1p",10,1.4824195,1.6092561,0.5381342,-9.4437775,-90.949625
rhamnose_gL,all_known,raman_full,ridge,"alpha=1.0,max_features=192,y_transform=none",10,1.4852496,0.41781017,0.98453859,-3.5522052,-92.654448
rhamnose_gL,all_known,fusion_full,pls,"n_components=5,alpha=1.0,max_features=384,y_transform=log1p",10,1.4885057,1.8708307,0.51709079,-12.401943,-99.156066
rhamnose_gL,all_known,raman_full,pls,"n_components=8,alpha=1.0,max_features=12,y_transform=log1p",10,1.4894762,1.5847457,0.55438579,-2.7358213,-57.212475
rhamnose_gL,target_focused,eem_full,ridge,"alpha=0.1,max_features=192,y_transform=none",10,1.4902452,0.22007205,1.1141875,-3.4402922,-99.746775
rhamnose_gL,target_focused,eem_full,ridge,"alpha=0.1,max_features=384,y_transform=none",10,1.4902452,0.22007205,1.1141875,-3.4402922,-99.746775
rhamnose_gL,all_known,raman_full,pls,"n_components=12,alpha=1.0,max_features=12,y_transform=log1p",10,1.4931661,1.5917004,0.55592641,-2.7563102,-57.610771
rhamnose_gL,target_focused,raman_full,pls,"n_components=5,alpha=1.0,max_features=192,y_transform=log1p",10,1.499245,0.49988927,0.81248622,-5.9257633,-113.33271
rhamnose_gL,target_focused,raman_full,ridge,"alpha=1.0,max_features=48,y_transform=none",10,1.5016891,0.29458247,1.0988424,-3.9897261,-105.20944
rhamnose_gL,all_known,raman_full,ridge,"alpha=0.1,max_features=12,y_transform=log1p",10,1.5066167,1.6285342,0.55854853,-2.8470672,-58.68574
rhamnose_gL,all_known,raman_interpretable,ridge,"alpha=10.0,max_features=12,y_transform=log1p",10,1.5096694,2.0131989,0.55987887,-2.9292544,-47.81721
rhamnose_gL,target_focused,raman_full,pls,"n_components=8,alpha=1.0,max_features=48,y_transform=none",10,1.51331,0.28461055,1.1039258,-4.113402,-107.75574
rhamnose_gL,target_focused,fusion_full,ridge,"alpha=1.0,max_features=192,y_transform=log1p",10,1.5171873,0.59260065,0.85094771,-3.5663047,-96.351774
rhamnose_gL,all_known,raman_full,ridge,"alpha=1.0,max_features=384,y_transform=none",10,1.5182222,0.35108837,0.98958093,-3.8370904,-99.163008
rhamnose_gL,all_known,raman_full,pls,"n_components=12,alpha=1.0,max_features=192,y_transform=none",10,1.528589,0.51828392,1.0060447,-4.1072089,-99.311655
rhamnose_gL,all_known,raman_full,pls,"n_components=12,alpha=1.0,max_features=384,y_transform=none",10,1.5351848,0.43473678,0.98008308,-4.2285474,-103.19937
rhamnose_gL,all_known,raman_full,pls,"n_components=5,alpha=1.0,max_features=48,y_transform=log1p",10,1.5376119,1.7638845,0.57227199,-11.474423,-102.34326
rhamnose_gL,all_known,raman_full,ridge,"alpha=0.1,max_features=96,y_transform=none",10,1.5416517,0.53452555,0.99562009,-4.6132805,-104.7207
rhamnose_gL,target_focused,eem_interpretable,knn,"k=1,weighted=True,max_features=12,y_transform=none",10,1.547778,0.37432582,0.91827273,-4.8567402,-115.42668
rhamnose_gL,target_focused,eem_interpretable,knn,"k=1,weighted=True,max_features=12,y_transform=log1p",10,1.547778,0.37432582,0.91827273,-4.8567402,-115.42668
rhamnose_gL,target_focused,eem_interpretable,knn,"k=1,weighted=True,max_features=24,y_transform=none",10,1.547778,0.37432582,0.91827273,-4.8567402,-115.42668
rhamnose_gL,target_focused,eem_interpretable,knn,"k=1,weighted=True,max_features=24,y_transform=log1p",10,1.547778,0.37432582,0.91827273,-4.8567402,-115.42668
rhamnose_gL,target_focused,eem_interpretable,knn,"k=1,weighted=True,max_features=48,y_transform=none",10,1.547778,0.37432582,0.91827273,-4.8567402,-115.42668
rhamnose_gL,target_focused,eem_interpretable,knn,"k=1,weighted=True,max_features=48,y_transform=log1p",10,1.547778,0.37432582,0.91827273,-4.8567402,-115.42668
rhamnose_gL,target_focused,eem_interpretable,knn,"k=1,weighted=True,max_features=96,y_transform=none",10,1.547778,0.37432582,0.91827273,-4.8567402,-115.42668
rhamnose_gL,target_focused,eem_interpretable,knn,"k=1,weighted=True,max_features=96,y_transform=log1p",10,1.547778,0.37432582,0.91827273,-4.8567402,-115.42668
rhamnose_gL,all_known,raman_full,pls,"n_components=2,alpha=1.0,max_features=192,y_transform=log1p",10,1.5479966,1.7512238,0.56516452,-11.235757,-101.67042
rhamnose_gL,target_focused,fusion_full,ridge,"alpha=1.0,max_features=192,y_transform=none",10,1.5496841,0.28165427,1.1451833,-4.5510529,-114.82356
rhamnose_gL,target_focused,raman_full,ridge,"alpha=10.0,max_features=384,y_transform=log1p",10,1.5573896,0.64023046,0.80705235,-3.9381753,-102.70399
rhamnose_gL,all_known,raman_full,pls,"n_components=5,alpha=1.0,max_features=384,y_transform=log1p",10,1.5576954,1.8883897,0.57383285,-13.00421,-108.64327
rhamnose_gL,target_focused,raman_full,knn,"k=1,weighted=True,max_features=24,y_transform=none",10,1.5633632,0.19323216,0.85913636,-5.8588591,-128.4383
rhamnose_gL,target_focused,raman_full,knn,"k=1,weighted=True,max_features=24,y_transform=log1p",10,1.5633632,0.19323216,0.85913636,-5.8588591,-128.4383
rhamnose_gL,all_known,raman_full,ridge,"alpha=10.0,max_features=96,y_transform=log1p",10,1.5674775,1.9349899,0.57848923,-13.520575,-109.89878
rhamnose_gL,target_focused,fusion_full,pls,"n_components=12,alpha=1.0,max_features=96,y_transform=none",10,1.5959601,0.35361057,1.2294763,-5.4253087,-126.04649
rhamnose_gL,all_known,fusion_full,pls,"n_components=5,alpha=1.0,max_features=24,y_transform=log1p",10,1.604625,1.5892718,0.56257413,-5.865988,-83.97517
rhamnose_gL,all_known,fusion_full,ridge,"alpha=0.1,max_features=192,y_transform=none",10,1.6089136,0.5198954,1.1422137,-5.2787382,-117.62908
rhamnose_gL,target_focused,raman_full,ridge,"alpha=1.0,max_features=48,y_transform=log1p",10,1.6098228,0.67525682,0.8728754,-5.1867266,-118.3115
rhamnose_gL,all_known,fusion_full,pls,"n_components=12,alpha=1.0,max_features=96,y_transform=log1p",10,1.6124755,1.4826069,0.58143409,-6.6752449,-94.380636
rhamnose_gL,target_focused,raman_full,pls,"n_components=5,alpha=1.0,max_features=96,y_transform=log1p",10,1.6177571,0.61916506,0.85075368,-5.7561223,-122.01581
rhamnose_gL,target_focused,eem_full,ridge,"alpha=1.0,max_features=192,y_transform=log1p",10,1.6225617,1.2293343,0.76068008,-6.7707907,-117.23953
rhamnose_gL,target_focused,eem_full,ridge,"alpha=1.0,max_features=384,y_transform=log1p",10,1.6225617,1.2293343,0.76068008,-6.7707907,-117.23953
rhamnose_gL,target_focused,fusion_full,pls,"n_components=12,alpha=1.0,max_features=192,y_transform=none",10,1.6230756,0.26698415,1.1956259,-5.3771895,-128.59852
rhamnose_gL,all_known,raman_full,pls,"n_components=2,alpha=1.0,max_features=96,y_transform=log1p",10,1.6369502,1.8004693,0.58175111,-11.538286,-108.3585
rhamnose_gL,target_focused,raman_full,knn,"k=1,weighted=True,max_features=12,y_transform=none",10,1.6405282,0.22333669,0.90552273,-5.9015849,-133.27674
rhamnose_gL,target_focused,raman_full,knn,"k=1,weighted=True,max_features=12,y_transform=log1p",10,1.6405282,0.22333669,0.90552273,-5.9015849,-133.27674
rhamnose_gL,target_focused,fusion_full,pls,"n_components=12,alpha=1.0,max_features=192,y_transform=log1p",10,1.6465196,0.69051348,0.88875191,-4.7188385,-116.54161
rhamnose_gL,all_known,raman_full,ridge,"alpha=0.1,max_features=384,y_transform=none",10,1.6512456,0.32079106,1.1106814,-4.9820671,-120.19914
rhamnose_gL,target_focused,raman_full,pls,"n_components=12,alpha=1.0,max_features=48,y_transform=none",10,1.6646544,0.37318045,1.2372775,-5.0519961,-126.78892
rhamnose_gL,target_focused,raman_full,pls,"n_components=8,alpha=1.0,max_features=48,y_transform=log1p",10,1.6690226,0.80977021,0.88664558,-5.4976965,-124.83322
rhamnose_gL,target_focused,raman_full,pls,"n_components=8,alpha=1.0,max_features=384,y_transform=none",10,1.6781048,0.29186549,1.1684372,-4.9988598,-128.56397
rhamnose_gL,target_focused,eem_full,pls,"n_components=12,alpha=1.0,max_features=192,y_transform=log1p",10,1.6842145,1.2531887,0.78939712,-7.4947158,-128.85205
rhamnose_gL,target_focused,eem_full,pls,"n_components=12,alpha=1.0,max_features=384,y_transform=log1p",10,1.6842145,1.2531887,0.78939712,-7.4947158,-128.85205
rhamnose_gL,target_focused,raman_full,pls,"n_components=8,alpha=1.0,max_features=192,y_transform=none",10,1.6959803,0.34689044,1.2309477,-5.0649092,-129.70316
rhamnose_gL,target_focused,eem_full,pls,"n_components=12,alpha=1.0,max_features=96,y_transform=none",10,1.7060719,0.44999933,1.183064,-6.9101945,-144.06566
rhamnose_gL,target_focused,raman_full,ridge,"alpha=1.0,max_features=384,y_transform=none",10,1.7115365,0.30154107,1.1954484,-5.5786448,-135.95419
rhamnose_gL,all_known,raman_interpretable,ridge,"alpha=10.0,max_features=24,y_transform=log1p",10,1.7238528,2.1806184,0.59767719,-4.5889,-76.778076
rhamnose_gL,all_known,raman_interpretable,ridge,"alpha=10.0,max_features=48,y_transform=log1p",10,1.7238528,2.1806184,0.59767719,-4.5889,-76.778076
rhamnose_gL,all_known,raman_interpretable,ridge,"alpha=10.0,max_features=96,y_transform=log1p",10,1.7238528,2.1806184,0.59767719,-4.5889,-76.778076
rhamnose_gL,target_focused,fusion_full,ridge,"alpha=0.1,max_features=192,y_transform=log1p",10,1.7276602,0.80613535,0.96246147,-5.5668878,-126.81961
rhamnose_gL,target_focused,raman_full,pls,"n_components=8,alpha=1.0,max_features=96,y_transform=none",10,1.7285213,0.3546588,1.2300052,-5.890168,-138.90168
rhamnose_gL,all_known,fusion_full,ridge,"alpha=1.0,max_features=96,y_transform=log1p",10,1.729532,2.1886682,0.59566119,-16.767437,-128.4904
rhamnose_gL,all_known,fusion_interpretable,pls,"n_components=5,alpha=1.0,max_features=24,y_transform=log1p",10,1.7407478,2.6658545,0.60666108,-4.9761301,-66.158924
rhamnose_gL,target_focused,raman_full,ridge,"alpha=1.0,max_features=192,y_transform=none",10,1.7430998,0.34574257,1.270353,-5.3112156,-134.80586
rhamnose_gL,all_known,raman_full,pls,"n_components=8,alpha=1.0,max_features=48,y_transform=log1p",10,1.745134,2.3308263,0.62468961,-19.14527,-136.03666
rhamnose_gL,all_known,fusion_interpretable,ridge,"alpha=10.0,max_features=24,y_transform=log1p",10,1.75812,2.742588,0.60695142,-5.2050108,-66.780856
rhamnose_gL,all_known,eem_full,ridge,"alpha=0.1,max_features=96,y_transform=log1p",10,1.7611375,1.6427831,0.67643023,-9.715655,-119.62562
rhamnose_gL,target_focused,raman_full,ridge,"alpha=0.1,max_features=48,y_transform=none",10,1.7612152,0.41136676,1.3436087,-5.522569,-136.65352
rhamnose_gL,target_focused,raman_full,pls,"n_components=12,alpha=1.0,max_features=384,y_transform=none",10,1.7639606,0.31505503,1.2400936,-5.9438277,-143.16179
rhamnose_gL,target_focused,raman_full,ridge,"alpha=1.0,max_features=96,y_transform=none",10,1.7640423,0.37411899,1.2784061,-6.2962556,-144.27931
rhamnose_gL,target_focused,fusion_full,ridge,"alpha=0.1,max_features=192,y_transform=none",10,1.7689504,0.34254647,1.3374578,-6.822877,-151.20738
rhamnose_gL,target_focused,raman_full,pls,"n_components=8,alpha=1.0,max_features=192,y_transform=log1p",10,1.7907189,0.81660295,0.95895635,-5.2311912,-126.68553
rhamnose_gL,target_focused,raman_full,ridge,"alpha=0.1,max_features=384,y_transform=none",10,1.7952849,0.29015432,1.2692425,-6.5087592,-150.32507
rhamnose_gL,target_focused,raman_full,ridge,"alpha=1.0,max_features=192,y_transform=log1p",10,1.8028052,0.73619877,0.99002091,-5.0091457,-128.49904
rhamnose_gL,all_known,raman_full,pls,"n_components=2,alpha=1.0,max_features=24,y_transform=log1p",10,1.8534635,2.1917631,0.61926927,-6.9461605,-100.57157
rhamnose_gL,all_known,fusion_interpretable,pls,"n_components=5,alpha=1.0,max_features=48,y_transform=log1p",10,1.8571799,2.6259325,0.63031743,-5.8058175,-85.643759
rhamnose_gL,all_known,fusion_interpretable,pls,"n_components=5,alpha=1.0,max_features=96,y_transform=log1p",10,1.8571799,2.6259325,0.63031743,-5.8058175,-85.643759
rhamnose_gL,target_focused,raman_full,pls,"n_components=12,alpha=1.0,max_features=192,y_transform=none",10,1.8640653,0.33579682,1.3782668,-6.5531489,-155.33398
rhamnose_gL,all_known,raman_full,pls,"n_components=2,alpha=1.0,max_features=48,y_transform=log1p",10,1.8646912,2.1270237,0.61966577,-14.23665,-129.88198
rhamnose_gL,all_known,raman_full,ridge,"alpha=1.0,max_features=48,y_transform=log1p",10,1.8755872,2.7553903,0.64169211,-25.939499,-158.65503
rhamnose_gL,target_focused,eem_full,ridge,"alpha=0.1,max_features=48,y_transform=log1p",10,1.885669,1.7557384,0.8896282,-11.719539,-155.83698
rhamnose_gL,all_known,raman_full,ridge,"alpha=0.1,max_features=192,y_transform=none",10,1.9272354,0.47637125,1.3441461,-7.6426452,-160.84297
rhamnose_gL,all_known,fusion_interpretable,ridge,"alpha=10.0,max_features=48,y_transform=log1p",10,1.9611774,2.9712226,0.64189509,-6.9499691,-91.912333
rhamnose_gL,all_known,fusion_interpretable,ridge,"alpha=10.0,max_features=96,y_transform=log1p",10,1.9611774,2.9712226,0.64189509,-6.9499691,-91.912333
rhamnose_gL,target_focused,raman_full,pls,"n_components=12,alpha=1.0,max_features=96,y_transform=none",10,1.9868507,0.43633482,1.4724772,-8.8860588,-180.57458
rhamnose_gL,target_focused,raman_full,ridge,"alpha=1.0,max_features=96,y_transform=log1p",10,1.9884164,0.69339556,1.0568964,-6.2484995,-155.64854
rhamnose_gL,all_known,raman_full,pls,"n_components=12,alpha=1.0,max_features=48,y_transform=log1p",10,2.0053644,3.0907386,0.67719463,-32.219502,-180.0284
rhamnose_gL,target_focused,fusion_full,ridge,"alpha=0.1,max_features=96,y_transform=none",10,2.0084476,0.52642102,1.5189959,-10.316046,-190.71786
rhamnose_gL,target_focused,raman_full,pls,"n_components=8,alpha=1.0,max_features=96,y_transform=log1p",10,2.0294806,0.92045014,1.0288563,-7.2070106,-163.4251
rhamnose_gL,all_known,fusion_full,ridge,"alpha=0.1,max_features=96,y_transform=log1p",10,2.032792,2.958802,0.70982914,-30.675209,-187.92325
rhamnose_gL,target_focused,raman_full,ridge,"alpha=0.1,max_features=192,y_transform=none",10,2.0459259,0.37437888,1.5218203,-8.1532274,-180.46627
rhamnose_gL,target_focused,eem_full,ridge,"alpha=0.1,max_features=192,y_transform=log1p",10,2.0948786,2.0245331,0.90361995,-15.103327,-184.15705
rhamnose_gL,target_focused,eem_full,ridge,"alpha=0.1,max_features=384,y_transform=log1p",10,2.0948786,2.0245331,0.90361995,-15.103327,-184.15705
rhamnose_gL,target_focused,raman_full,pls,"n_components=8,alpha=1.0,max_features=384,y_transform=log1p",10,2.1021617,1.3269003,0.9779508,-8.8322355,-166.19531
rhamnose_gL,target_focused,raman_full,ridge,"alpha=0.1,max_features=48,y_transform=log1p",10,2.1045667,1.2331178,1.0718541,-9.6067572,-175.69903
rhamnose_gL,target_focused,raman_full,pls,"n_components=12,alpha=1.0,max_features=48,y_transform=log1p",10,2.122109,1.3433795,1.0338999,-9.6158822,-178.09295
rhamnose_gL,target_focused,raman_full,pls,"n_components=12,alpha=1.0,max_features=192,y_transform=log1p",10,2.1430078,1.0658706,1.088695,-7.4880798,-166.42011
rhamnose_gL,target_focused,eem_full,ridge,"alpha=0.1,max_features=96,y_transform=none",10,2.1617142,0.66080002,1.5154428,-11.396796,-210.6154
rhamnose_gL,all_known,raman_full,ridge,"alpha=0.1,max_features=48,y_transform=log1p",10,2.1801235,3.6197814,0.70723628,-43.130941,-208.5259
rhamnose_gL,target_focused,raman_full,ridge,"alpha=1.0,max_features=384,y_transform=log1p",10,2.2276306,1.4689384,1.0258321,-10.677246,-187.49189
rhamnose_gL,all_known,fusion_full,ridge,"alpha=10.0,max_features=384,y_transform=log1p",10,2.3391308,4.4482799,0.67849725,-62.01722,-235.29103
rhamnose_gL,target_focused,raman_full,ridge,"alpha=0.1,max_features=192,y_transform=log1p",10,2.3391738,1.622446,1.2139525,-12.790018,-198.92949
rhamnose_gL,all_known,raman_full,pls,"n_components=8,alpha=1.0,max_features=96,y_transform=log1p",10,2.3556992,4.1888317,0.73601995,-56.413555,-236.2793
rhamnose_gL,target_focused,eem_full,ridge,"alpha=1.0,max_features=96,y_transform=log1p",10,2.3892686,3.0763784,0.94753961,-28.726517,-234.71457
rhamnose_gL,target_focused,raman_full,ridge,"alpha=0.1,max_features=384,y_transform=log1p",10,2.4214025,1.7021802,1.0973526,-13.458234,-214.03046
rhamnose_gL,target_focused,raman_full,ridge,"alpha=0.1,max_features=96,y_transform=none",10,2.4369933,0.41364853,1.8556749,-13.86805,-246.74556
rhamnose_gL,target_focused,raman_full,pls,"n_components=12,alpha=1.0,max_features=384,y_transform=log1p",10,2.4681619,1.8687455,1.0811223,-13.834024,-213.24369
rhamnose_gL,target_focused,raman_full,pls,"n_components=12,alpha=1.0,max_features=96,y_transform=log1p",10,2.5310368,1.0310722,1.2460887,-11.592056,-230.17771
rhamnose_gL,all_known,raman_full,ridge,"alpha=10.0,max_features=384,y_transform=log1p",10,2.6132799,4.9602173,0.78212145,-77.512659,-276.05562
rhamnose_gL,target_focused,fusion_full,ridge,"alpha=0.1,max_features=96,y_transform=log1p",10,2.6297225,3.4130917,1.1819812,-18.90611,-219.6234
rhamnose_gL,all_known,raman_full,ridge,"alpha=10.0,max_features=192,y_transform=log1p",10,2.6402129,5.0984663,0.77131105,-81.423094,-280.69093
rhamnose_gL,all_known,fusion_full,ridge,"alpha=0.1,max_features=192,y_transform=log1p",10,2.8411191,5.457916,0.90312043,-93.850287,-313.69752
rhamnose_gL,all_known,raman_full,ridge,"alpha=1.0,max_features=384,y_transform=log1p",10,3.0865653,5.8299898,0.94690703,-107.89697,-348.20763
rhamnose_gL,all_known,fusion_full,pls,"n_components=5,alpha=1.0,max_features=96,y_transform=log1p",10,3.2102823,6.821544,0.8100089,-141.71327,-367.90363
rhamnose_gL,all_known,raman_full,ridge,"alpha=0.1,max_features=384,y_transform=log1p",10,3.2412846,5.8334659,1.0214892,-110.22751,-371.06092
rhamnose_gL,target_focused,raman_full,ridge,"alpha=0.1,max_features=96,y_transform=log1p",10,3.451273,2.0669062,1.5755408,-21.725251,-335.67033
rhamnose_gL,all_known,fusion_full,ridge,"alpha=0.1,max_features=384,y_transform=log1p",10,3.6529818,8.1773327,0.96870423,-201.64026,-448.95472
rhamnose_gL,all_known,raman_interpretable,pcr,"n_components=8,alpha=1.0,max_features=24,y_transform=log1p",10,3.6550187,7.1732938,0.91326148,-38.159264,-238.94739
rhamnose_gL,all_known,raman_interpretable,pcr,"n_components=8,alpha=1.0,max_features=48,y_transform=log1p",10,3.6550187,7.1732938,0.91326148,-38.159264,-238.94739
rhamnose_gL,all_known,raman_interpretable,pcr,"n_components=8,alpha=1.0,max_features=96,y_transform=log1p",10,3.6550187,7.1732938,0.91326148,-38.159264,-238.94739
rhamnose_gL,all_known,fusion_full,ridge,"alpha=1.0,max_features=384,y_transform=log1p",10,3.7831629,8.6703803,0.96792431,-225.09324,-468.18687
rhamnose_gL,all_known,raman_full,ridge,"alpha=1.0,max_features=96,y_transform=log1p",10,4.1726333,9.5613668,1.053295,-273.94042,-525.77367
rhamnose_gL,all_known,fusion_interpretable,pcr,"n_components=12,alpha=1.0,max_features=48,y_transform=log1p",10,4.1737111,9.9409358,1.0050251,-60.701786,-243.26567
rhamnose_gL,all_known,fusion_interpretable,pcr,"n_components=12,alpha=1.0,max_features=96,y_transform=log1p",10,4.1737111,9.9409358,1.0050251,-60.701786,-243.26567
rhamnose_gL,all_known,raman_full,pls,"n_components=12,alpha=1.0,max_features=384,y_transform=log1p",10,4.2826599,9.46854,1.1329881,-271.57115,-539.59701
rhamnose_gL,all_known,raman_interpretable,pcr,"n_components=12,alpha=1.0,max_features=24,y_transform=log1p",10,5.1293015,11.079226,1.1548014,-85.948411,-359.72162
rhamnose_gL,all_known,raman_interpretable,pcr,"n_components=12,alpha=1.0,max_features=48,y_transform=log1p",10,5.1293015,11.079226,1.1548014,-85.948411,-359.72162
rhamnose_gL,all_known,raman_interpretable,pcr,"n_components=12,alpha=1.0,max_features=96,y_transform=log1p",10,5.1293015,11.079226,1.1548014,-85.948411,-359.72162
rhamnose_gL,all_known,raman_interpretable,pls,"n_components=5,alpha=1.0,max_features=24,y_transform=log1p",10,5.266514,11.942651,1.1735753,-93.721202,-356.51333
rhamnose_gL,all_known,raman_interpretable,pls,"n_components=5,alpha=1.0,max_features=48,y_transform=log1p",10,5.266514,11.942651,1.1735753,-93.721202,-356.51333
rhamnose_gL,all_known,raman_interpretable,pls,"n_components=5,alpha=1.0,max_features=96,y_transform=log1p",10,5.266514,11.942651,1.1735753,-93.721202,-356.51333
rhamnose_gL,all_known,raman_full,pls,"n_components=8,alpha=1.0,max_features=384,y_transform=log1p",10,5.6194015,13.915109,1.2905921,-569.14111,-754.62108
rhamnose_gL,all_known,raman_interpretable,ridge,"alpha=1.0,max_features=24,y_transform=log1p",10,5.7302582,12.78246,1.2510832,-111.47318,-405.81839
rhamnose_gL,all_known,raman_interpretable,ridge,"alpha=1.0,max_features=48,y_transform=log1p",10,5.7302582,12.78246,1.2510832,-111.47318,-405.81839
rhamnose_gL,all_known,raman_interpretable,ridge,"alpha=1.0,max_features=96,y_transform=log1p",10,5.7302582,12.78246,1.2510832,-111.47318,-405.81839
rhamnose_gL,all_known,raman_full,ridge,"alpha=1.0,max_features=192,y_transform=log1p",10,6.0802286,14.987872,1.4272688,-661.48352,-828.32832
rhamnose_gL,all_known,raman_full,pls,"n_components=12,alpha=1.0,max_features=96,y_transform=log1p",10,6.2235937,15.634267,1.3961122,-716.30333,-853.31783
rhamnose_gL,target_focused,eem_full,pls,"n_components=12,alpha=1.0,max_features=96,y_transform=log1p",10,6.3727441,13.41287,1.8668017,-425.63385,-819.85714
rhamnose_gL,all_known,raman_interpretable,pls,"n_components=8,alpha=1.0,max_features=24,y_transform=log1p",10,6.4601166,12.028942,1.3731384,-169.17279,-565.20697
rhamnose_gL,all_known,raman_interpretable,pls,"n_components=8,alpha=1.0,max_features=48,y_transform=log1p",10,6.4601166,12.028942,1.3731384,-169.17279,-565.20697
rhamnose_gL,all_known,raman_interpretable,pls,"n_components=8,alpha=1.0,max_features=96,y_transform=log1p",10,6.4601166,12.028942,1.3731384,-169.17279,-565.20697
rhamnose_gL,all_known,fusion_interpretable,ridge,"alpha=1.0,max_features=48,y_transform=log1p",10,6.6773881,15.944937,1.4105952,-162.64333,-465.41244
rhamnose_gL,all_known,fusion_interpretable,ridge,"alpha=1.0,max_features=96,y_transform=log1p",10,6.6773881,15.944937,1.4105952,-162.64333,-465.41244
rhamnose_gL,all_known,raman_interpretable,pls,"n_components=5,alpha=1.0,max_features=12,y_transform=log1p",10,7.268802,19.181207,1.5015235,-220.57176,-468.00324
rhamnose_gL,all_known,raman_interpretable,pcr,"n_components=12,alpha=1.0,max_features=12,y_transform=log1p",10,8.0606733,21.583884,1.6294349,-278.3218,-524.48967
rhamnose_gL,all_known,raman_interpretable,ridge,"alpha=1.0,max_features=12,y_transform=log1p",10,8.0606733,21.583884,1.6294349,-278.3218,-524.48967
rhamnose_gL,all_known,raman_interpretable,pcr,"n_components=8,alpha=1.0,max_features=12,y_transform=log1p",10,8.1821349,21.948248,1.6491476,-287.68334,-533.28968
rhamnose_gL,all_known,fusion_full,pls,"n_components=12,alpha=1.0,max_features=384,y_transform=log1p",10,8.7189056,23.502925,1.7384335,-1592.3625,-1252.3577
rhamnose_gL,all_known,fusion_interpretable,pcr,"n_components=12,alpha=1.0,max_features=24,y_transform=log1p",10,9.3886506,25.609238,1.8502999,-390.18264,-620.31928
rhamnose_gL,all_known,raman_full,pls,"n_components=12,alpha=1.0,max_features=192,y_transform=log1p",10,10.367425,27.830523,2.1271935,-2235.5774,-1510.8161
rhamnose_gL,all_known,fusion_interpretable,pls,"n_components=12,alpha=1.0,max_features=48,y_transform=log1p",10,10.422652,20.875034,2.0182628,-464.89986,-947.93988
rhamnose_gL,all_known,fusion_interpretable,pls,"n_components=12,alpha=1.0,max_features=96,y_transform=log1p",10,10.422652,20.875034,2.0182628,-464.89986,-947.93988
rhamnose_gL,all_known,raman_interpretable,ridge,"alpha=0.1,max_features=12,y_transform=log1p",10,11.021385,30.421187,2.1134091,-549.2722,-740.40272
rhamnose_gL,all_known,fusion_interpretable,ridge,"alpha=1.0,max_features=24,y_transform=log1p",10,11.213063,30.9959,2.1464914,-570.06077,-754.76868
rhamnose_gL,all_known,raman_interpretable,pls,"n_components=12,alpha=1.0,max_features=24,y_transform=log1p",10,11.329435,27.824393,2.1603286,-503.07465,-859.60918
rhamnose_gL,all_known,raman_interpretable,pls,"n_components=12,alpha=1.0,max_features=48,y_transform=log1p",10,11.329435,27.824393,2.1603286,-503.07465,-859.60918
rhamnose_gL,all_known,raman_interpretable,pls,"n_components=12,alpha=1.0,max_features=96,y_transform=log1p",10,11.329435,27.824393,2.1603286,-503.07465,-859.60918
rhamnose_gL,all_known,raman_interpretable,pls,"n_components=12,alpha=1.0,max_features=12,y_transform=log1p",10,11.888921,33.044572,2.2522332,-647.07552,-802.5645
rhamnose_gL,all_known,raman_interpretable,pls,"n_components=8,alpha=1.0,max_features=12,y_transform=log1p",10,12.091965,33.653687,2.2851792,-670.95706,-817.27518
rhamnose_gL,all_known,fusion_interpretable,pls,"n_components=8,alpha=1.0,max_features=48,y_transform=log1p",10,12.192071,33.341282,2.3054877,-662.73032,-841.54219
rhamnose_gL,all_known,fusion_interpretable,pls,"n_components=8,alpha=1.0,max_features=96,y_transform=log1p",10,12.192071,33.341282,2.3054877,-662.73032,-841.54219
rhamnose_gL,all_known,raman_interpretable,ridge,"alpha=0.1,max_features=24,y_transform=log1p",10,13.016852,31.316052,2.4345536,-664.45772,-1027.8284
rhamnose_gL,all_known,raman_interpretable,ridge,"alpha=0.1,max_features=48,y_transform=log1p",10,13.016852,31.316052,2.4345536,-664.45772,-1027.8284
rhamnose_gL,all_known,raman_interpretable,ridge,"alpha=0.1,max_features=96,y_transform=log1p",10,13.016852,31.316052,2.4345536,-664.45772,-1027.8284
rhamnose_gL,all_known,raman_full,pls,"n_components=8,alpha=1.0,max_features=192,y_transform=log1p",10,14.254936,39.859076,2.6818024,-4544.3331,-2130.9725
rhamnose_gL,all_known,fusion_interpretable,pls,"n_components=8,alpha=1.0,max_features=24,y_transform=log1p",10,14.329826,40.307843,2.6527775,-960.44052,-981.73168
rhamnose_gL,all_known,raman_full,ridge,"alpha=0.1,max_features=96,y_transform=log1p",10,14.851589,41.032892,2.8617021,-4829.517,-2228.5745
rhamnose_gL,all_known,fusion_interpretable,ridge,"alpha=0.1,max_features=48,y_transform=log1p",10,15.873011,39.881397,2.9032887,-1026.6089,-1233.4772
rhamnose_gL,all_known,fusion_interpretable,ridge,"alpha=0.1,max_features=96,y_transform=log1p",10,15.873011,39.881397,2.9032887,-1026.6089,-1233.4772
rhamnose_gL,all_known,fusion_interpretable,pls,"n_components=12,alpha=1.0,max_features=24,y_transform=log1p",10,25.625489,74.109638,4.4862673,-3227.572,-1802.1794
rhamnose_gL,all_known,fusion_interpretable,ridge,"alpha=0.1,max_features=24,y_transform=log1p",10,29.500414,85.707054,5.1166107,-4312.6646,-2083.829
rhamnose_gL,target_focused,eem_full,ridge,"alpha=0.1,max_features=96,y_transform=log1p",10,34.963934,92.850869,8.0914963,-18577.488,-4742.3048
rhamnose_gL,all_known,raman_full,ridge,"alpha=0.1,max_features=192,y_transform=log1p",10,42.19581,121.68597,7.4682865,-42085.877,-6588.245
xylose_gL,all_known,eem_full,knn,"k=3,weighted=True,max_features=192,y_transform=log1p",10,0.53806598,0.23280792,0.22046627,0.13306457,7.6087964
xylose_gL,all_known,eem_full,knn,"k=3,weighted=True,max_features=384,y_transform=log1p",10,0.53806598,0.23280792,0.22046627,0.13306457,7.6087964
xylose_gL,all_known,eem_full,knn,"k=5,weighted=True,max_features=192,y_transform=log1p",10,0.55762273,0.22990305,0.23540806,0.017656115,2.532823
xylose_gL,all_known,eem_full,knn,"k=5,weighted=True,max_features=384,y_transform=log1p",10,0.55762273,0.22990305,0.23540806,0.017656115,2.532823
xylose_gL,all_known,eem_full,knn,"k=9,weighted=True,max_features=192,y_transform=log1p",10,0.55873949,0.25345894,0.23278325,0.1053732,5.7473791
xylose_gL,all_known,eem_full,knn,"k=9,weighted=True,max_features=384,y_transform=log1p",10,0.55873949,0.25345894,0.23278325,0.1053732,5.7473791
xylose_gL,all_known,eem_full,pcr,"n_components=12,alpha=1.0,max_features=192,y_transform=log1p",10,0.57112457,0.26776929,0.25856086,0.097726762,5.0416638
xylose_gL,all_known,eem_full,pcr,"n_components=12,alpha=1.0,max_features=384,y_transform=log1p",10,0.57112457,0.26776929,0.25856086,0.097726762,5.0416638
xylose_gL,all_known,eem_full,pcr,"n_components=5,alpha=1.0,max_features=24,y_transform=log1p",10,0.57360145,0.27797735,0.26945641,0.11027485,5.7107705
xylose_gL,all_known,eem_full,pcr,"n_components=2,alpha=1.0,max_features=48,y_transform=log1p",10,0.57508941,0.2793362,0.26672857,0.10630622,5.5077012
xylose_gL,all_known,eem_full,pcr,"n_components=12,alpha=1.0,max_features=96,y_transform=log1p",10,0.57562318,0.27577552,0.26112394,0.094879822,4.9740451
xylose_gL,all_known,eem_full,pcr,"n_components=8,alpha=1.0,max_features=96,y_transform=log1p",10,0.57588787,0.27612789,0.26207609,0.098108702,5.050129
xylose_gL,all_known,eem_full,pcr,"n_components=8,alpha=1.0,max_features=24,y_transform=log1p",10,0.57629892,0.27276459,0.27280465,0.087085009,4.5008584
xylose_gL,all_known,eem_full,pls,"n_components=2,alpha=1.0,max_features=24,y_transform=log1p",10,0.57644858,0.27370992,0.26772922,0.088814693,4.5759255
xylose_gL,all_known,eem_full,pcr,"n_components=3,alpha=1.0,max_features=24,y_transform=log1p",10,0.57655853,0.277959,0.26267064,0.097691332,5.0414123
xylose_gL,all_known,eem_full,pcr,"n_components=3,alpha=1.0,max_features=48,y_transform=log1p",10,0.57667195,0.27958601,0.26402102,0.10004963,5.1811653
xylose_gL,all_known,eem_full,pcr,"n_components=2,alpha=1.0,max_features=96,y_transform=log1p",10,0.57722032,0.28116941,0.26289358,0.10096136,5.2330754
xylose_gL,all_known,eem_full,pls,"n_components=2,alpha=1.0,max_features=48,y_transform=log1p",10,0.57742129,0.27719567,0.26639945,0.090794655,4.71107
xylose_gL,all_known,eem_full,pcr,"n_components=8,alpha=1.0,max_features=192,y_transform=log1p",10,0.57756677,0.27984739,0.26389481,0.099460156,5.119777
xylose_gL,all_known,eem_full,pcr,"n_components=8,alpha=1.0,max_features=384,y_transform=log1p",10,0.57756677,0.27984739,0.26389481,0.099460156,5.119777
xylose_gL,all_known,eem_full,pcr,"n_components=8,alpha=1.0,max_features=48,y_transform=log1p",10,0.57757979,0.27805038,0.27246539,0.093621434,4.8665243
xylose_gL,all_known,eem_full,pcr,"n_components=2,alpha=1.0,max_features=24,y_transform=log1p",10,0.57784314,0.27588477,0.26982532,0.088110975,4.5521379
xylose_gL,all_known,eem_full,pcr,"n_components=5,alpha=1.0,max_features=48,y_transform=log1p",10,0.57790689,0.27677212,0.26920073,0.091551884,4.7030146
xylose_gL,all_known,eem_full,pcr,"n_components=3,alpha=1.0,max_features=96,y_transform=log1p",10,0.57818345,0.28159493,0.26236566,0.097513997,5.0544265
xylose_gL,all_known,eem_full,pcr,"n_components=3,alpha=1.0,max_features=192,y_transform=log1p",10,0.57821901,0.28179571,0.26163842,0.098732196,5.1107253
xylose_gL,all_known,eem_full,pcr,"n_components=3,alpha=1.0,max_features=384,y_transform=log1p",10,0.57821901,0.28179571,0.26163842,0.098732196,5.1107253
xylose_gL,all_known,eem_full,pcr,"n_components=12,alpha=1.0,max_features=48,y_transform=log1p",10,0.57892235,0.27134925,0.27006752,0.07167067,3.7252541
xylose_gL,all_known,eem_full,knn,"k=5,weighted=True,max_features=48,y_transform=log1p",10,0.57906928,0.25470621,0.24669779,-0.0086405616,1.0656557
xylose_gL,all_known,eem_full,pcr,"n_components=2,alpha=1.0,max_features=12,y_transform=log1p",10,0.57963766,0.27666501,0.26829572,0.081973971,4.2048343
xylose_gL,all_known,eem_full,pcr,"n_components=5,alpha=1.0,max_features=96,y_transform=log1p",10,0.57970836,0.28107178,0.26317625,0.089795224,4.6461163
xylose_gL,all_known,eem_full,pcr,"n_components=2,alpha=1.0,max_features=192,y_transform=log1p",10,0.57971963,0.28280089,0.26133008,0.094982487,4.9085985
xylose_gL,all_known,eem_full,pcr,"n_components=2,alpha=1.0,max_features=384,y_transform=log1p",10,0.57971963,0.28280089,0.26133008,0.094982487,4.9085985
xylose_gL,all_known,eem_full,pls,"n_components=2,alpha=1.0,max_features=192,y_transform=log1p",10,0.57992175,0.27629466,0.26187874,0.079742643,4.1021127
xylose_gL,all_known,eem_full,pls,"n_components=2,alpha=1.0,max_features=384,y_transform=log1p",10,0.57992175,0.27629466,0.26187874,0.079742643,4.1021127
xylose_gL,all_known,eem_full,pls,"n_components=2,alpha=1.0,max_features=96,y_transform=log1p",10,0.58056615,0.27592854,0.26464718,0.070893975,3.7871879
xylose_gL,all_known,eem_full,pcr,"n_components=5,alpha=1.0,max_features=192,y_transform=log1p",10,0.58132828,0.28362044,0.26372256,0.089196623,4.6037565
xylose_gL,all_known,eem_full,pcr,"n_components=5,alpha=1.0,max_features=384,y_transform=log1p",10,0.58132828,0.28362044,0.26372256,0.089196623,4.6037565
xylose_gL,all_known,eem_full,pcr,"n_components=5,alpha=1.0,max_features=12,y_transform=log1p",10,0.58154326,0.27086486,0.27067104,0.061855483,3.1801875
xylose_gL,all_known,eem_full,knn,"k=9,weighted=True,max_features=48,y_transform=log1p",10,0.58157871,0.24138171,0.25574788,-0.013570814,-0.20541338
xylose_gL,all_known,eem_full,knn,"k=9,weighted=True,max_features=96,y_transform=log1p",10,0.58188522,0.26097334,0.23944004,0.018062049,1.4082755
xylose_gL,all_known,eem_full,pls,"n_components=2,alpha=1.0,max_features=12,y_transform=log1p",10,0.58221044,0.27031949,0.27100802,0.056339508,2.9178242
xylose_gL,all_known,eem_full,pcr,"n_components=3,alpha=1.0,max_features=12,y_transform=log1p",10,0.58244685,0.27451831,0.26785057,0.064691955,3.3323685
xylose_gL,all_known,eem_full,knn,"k=9,weighted=True,max_features=12,y_transform=log1p",10,0.58460693,0.23230745,0.25702563,-0.074824275,-2.4146761
xylose_gL,all_known,eem_full,knn,"k=9,weighted=True,max_features=24,y_transform=log1p",10,0.58502645,0.23143668,0.26603373,-0.060619801,-2.0499145
xylose_gL,all_known,eem_full,pcr,"n_components=12,alpha=1.0,max_features=24,y_transform=log1p",10,0.58565069,0.26776347,0.28239946,0.037014087,1.9292891
xylose_gL,all_known,eem_full,pls,"n_components=3,alpha=1.0,max_features=192,y_transform=log1p",10,0.58569792,0.26874945,0.27049078,0.03748275,1.9704542
xylose_gL,all_known,eem_full,pls,"n_components=3,alpha=1.0,max_features=384,y_transform=log1p",10,0.58569792,0.26874945,0.27049078,0.03748275,1.9704542
xylose_gL,all_known,eem_full,ridge,"alpha=10.0,max_features=12,y_transform=log1p",10,0.58810556,0.26580731,0.27727605,0.020884895,1.1677678
xylose_gL,all_known,eem_full,pcr,"n_components=8,alpha=1.0,max_features=12,y_transform=log1p",10,0.58844648,0.26363339,0.27744945,0.012528172,0.79399687
xylose_gL,all_known,eem_full,knn,"k=3,weighted=True,max_features=192,y_transform=none",10,0.58962567,0.18576189,0.26210255,-0.34009268,-10.62223
xylose_gL,all_known,eem_full,knn,"k=3,weighted=True,max_features=384,y_transform=none",10,0.58962567,0.18576189,0.26210255,-0.34009268,-10.62223
xylose_gL,all_known,eem_full,ridge,"alpha=10.0,max_features=24,y_transform=log1p",10,0.59087223,0.25939708,0.28395618,-0.0071253792,-0.16074133
xylose_gL,all_known,eem_interpretable,pls,"n_components=5,alpha=1.0,max_features=12,y_transform=log1p",10,0.59091807,0.28510685,0.27395036,0.050224392,2.6561676
xylose_gL,all_known,eem_interpretable,pls,"n_components=5,alpha=1.0,max_features=24,y_transform=log1p",10,0.59091807,0.28510685,0.27395036,0.050224392,2.6561676
xylose_gL,all_known,eem_interpretable,pls,"n_components=5,alpha=1.0,max_features=48,y_transform=log1p",10,0.59091807,0.28510685,0.27395036,0.050224392,2.6561676
xylose_gL,all_known,eem_interpretable,pls,"n_components=5,alpha=1.0,max_features=96,y_transform=log1p",10,0.59091807,0.28510685,0.27395036,0.050224392,2.6561676
xylose_gL,all_known,eem_full,pls,"n_components=3,alpha=1.0,max_features=24,y_transform=log1p",10,0.59105433,0.26308063,0.28629441,0.00069161894,0.18248419
xylose_gL,all_known,eem_full,pls,"n_components=3,alpha=1.0,max_features=12,y_transform=log1p",10,0.59143587,0.26266432,0.27950134,-0.0010340443,0.10113653
xylose_gL,all_known,eem_full,pls,"n_components=5,alpha=1.0,max_features=192,y_transform=log1p",10,0.59143785,0.22035667,0.28104491,-0.12936118,-4.8145279
xylose_gL,all_known,eem_full,pls,"n_components=5,alpha=1.0,max_features=384,y_transform=log1p",10,0.59143785,0.22035667,0.28104491,-0.12936118,-4.8145279
xylose_gL,all_known,eem_full,pcr,"n_components=12,alpha=1.0,max_features=12,y_transform=log1p",10,0.59266788,0.26082876,0.2820867,-0.011955787,-0.37570988
xylose_gL,all_known,eem_full,ridge,"alpha=1.0,max_features=12,y_transform=log1p",10,0.59266788,0.26082876,0.2820867,-0.011955787,-0.37570988
xylose_gL,all_known,eem_full,pls,"n_components=8,alpha=1.0,max_features=12,y_transform=log1p",10,0.59312417,0.26043377,0.28260902,-0.015068226,-0.51879151
xylose_gL,all_known,eem_full,pls,"n_components=12,alpha=1.0,max_features=12,y_transform=log1p",10,0.59312674,0.26042984,0.28261206,-0.015089306,-0.51984008
xylose_gL,all_known,eem_full,ridge,"alpha=0.1,max_features=12,y_transform=log1p",10,0.59342777,0.26009466,0.28294173,-0.017294634,-0.62190022
xylose_gL,all_known,eem_full,pls,"n_components=5,alpha=1.0,max_features=12,y_transform=log1p",10,0.59349145,0.26033623,0.28262126,-0.017110783,-0.61516144
xylose_gL,all_known,eem_interpretable,pcr,"n_components=8,alpha=1.0,max_features=12,y_transform=log1p",10,0.59390908,0.28313573,0.27820331,0.032397504,1.7754422
xylose_gL,all_known,eem_interpretable,pcr,"n_components=8,alpha=1.0,max_features=24,y_transform=log1p",10,0.59390908,0.28313573,0.27820331,0.032397504,1.7754422
xylose_gL,all_known,eem_interpretable,pcr,"n_components=8,alpha=1.0,max_features=48,y_transform=log1p",10,0.59390908,0.28313573,0.27820331,0.032397504,1.7754422
xylose_gL,all_known,eem_interpretable,pcr,"n_components=8,alpha=1.0,max_features=96,y_transform=log1p",10,0.59390908,0.28313573,0.27820331,0.032397504,1.7754422
xylose_gL,all_known,eem_interpretable,pcr,"n_components=5,alpha=1.0,max_features=12,y_transform=log1p",10,0.59412329,0.28565849,0.28063654,0.036814205,2.0221085
xylose_gL,all_known,eem_interpretable,pcr,"n_components=5,alpha=1.0,max_features=24,y_transform=log1p",10,0.59412329,0.28565849,0.28063654,0.036814205,2.0221085
xylose_gL,all_known,eem_interpretable,pcr,"n_components=5,alpha=1.0,max_features=48,y_transform=log1p",10,0.59412329,0.28565849,0.28063654,0.036814205,2.0221085
xylose_gL,all_known,eem_interpretable,pcr,"n_components=5,alpha=1.0,max_features=96,y_transform=log1p",10,0.59412329,0.28565849,0.28063654,0.036814205,2.0221085
xylose_gL,all_known,eem_interpretable,ridge,"alpha=10.0,max_features=12,y_transform=log1p",10,0.59533636,0.28734624,0.28221012,0.036270399,1.9622293
xylose_gL,all_known,eem_interpretable,ridge,"alpha=10.0,max_features=24,y_transform=log1p",10,0.59533636,0.28734624,0.28221012,0.036270399,1.9622293
xylose_gL,all_known,eem_interpretable,ridge,"alpha=10.0,max_features=48,y_transform=log1p",10,0.59533636,0.28734624,0.28221012,0.036270399,1.9622293
xylose_gL,all_known,eem_interpretable,ridge,"alpha=10.0,max_features=96,y_transform=log1p",10,0.59533636,0.28734624,0.28221012,0.036270399,1.9622293
xylose_gL,all_known,eem_full,pls,"n_components=3,alpha=1.0,max_features=96,y_transform=log1p",10,0.5953742,0.26369452,0.27413494,-0.020971593,-0.7854937
xylose_gL,all_known,eem_interpretable,pcr,"n_components=12,alpha=1.0,max_features=12,y_transform=log1p",10,0.59637308,0.28344899,0.279773,0.021285915,1.2488132
xylose_gL,all_known,eem_interpretable,pcr,"n_components=12,alpha=1.0,max_features=24,y_transform=log1p",10,0.59637308,0.28344899,0.279773,0.021285915,1.2488132
xylose_gL,all_known,eem_interpretable,pcr,"n_components=12,alpha=1.0,max_features=48,y_transform=log1p",10,0.59637308,0.28344899,0.279773,0.021285915,1.2488132
xylose_gL,all_known,eem_interpretable,pcr,"n_components=12,alpha=1.0,max_features=96,y_transform=log1p",10,0.59637308,0.28344899,0.279773,0.021285915,1.2488132
xylose_gL,all_known,eem_interpretable,ridge,"alpha=1.0,max_features=12,y_transform=log1p",10,0.59637308,0.28344899,0.279773,0.021285915,1.2488132
xylose_gL,all_known,eem_interpretable,ridge,"alpha=1.0,max_features=24,y_transform=log1p",10,0.59637308,0.28344899,0.279773,0.021285915,1.2488132
xylose_gL,all_known,eem_interpretable,ridge,"alpha=1.0,max_features=48,y_transform=log1p",10,0.59637308,0.28344899,0.279773,0.021285915,1.2488132
xylose_gL,all_known,eem_interpretable,ridge,"alpha=1.0,max_features=96,y_transform=log1p",10,0.59637308,0.28344899,0.279773,0.021285915,1.2488132
xylose_gL,all_known,eem_interpretable,pls,"n_components=3,alpha=1.0,max_features=12,y_transform=log1p",10,0.59665767,0.28389135,0.28373582,0.01384447,1.1246119
xylose_gL,all_known,eem_interpretable,pls,"n_components=3,alpha=1.0,max_features=24,y_transform=log1p",10,0.59665767,0.28389135,0.28373582,0.01384447,1.1246119
xylose_gL,all_known,eem_interpretable,pls,"n_components=3,alpha=1.0,max_features=48,y_transform=log1p",10,0.59665767,0.28389135,0.28373582,0.01384447,1.1246119
xylose_gL,all_known,eem_interpretable,pls,"n_components=3,alpha=1.0,max_features=96,y_transform=log1p",10,0.59665767,0.28389135,0.28373582,0.01384447,1.1246119
xylose_gL,all_known,eem_full,ridge,"alpha=10.0,max_features=192,y_transform=log1p",10,0.59843155,0.21183961,0.29444346,-0.2081823,-7.7542786
xylose_gL,all_known,eem_full,ridge,"alpha=10.0,max_features=384,y_transform=log1p",10,0.59843155,0.21183961,0.29444346,-0.2081823,-7.7542786
xylose_gL,all_known,eem_interpretable,pls,"n_components=8,alpha=1.0,max_features=12,y_transform=log1p",10,0.59869089,0.28335222,0.28232034,0.01077775,0.72081592
xylose_gL,all_known,eem_interpretable,pls,"n_components=8,alpha=1.0,max_features=24,y_transform=log1p",10,0.59869089,0.28335222,0.28232034,0.01077775,0.72081592
xylose_gL,all_known,eem_interpretable,pls,"n_components=8,alpha=1.0,max_features=48,y_transform=log1p",10,0.59869089,0.28335222,0.28232034,0.01077775,0.72081592
xylose_gL,all_known,eem_interpretable,pls,"n_components=8,alpha=1.0,max_features=96,y_transform=log1p",10,0.59869089,0.28335222,0.28232034,0.01077775,0.72081592
xylose_gL,all_known,eem_interpretable,pls,"n_components=12,alpha=1.0,max_features=12,y_transform=log1p",10,0.59982678,0.28321336,0.28240135,0.0043949035,0.4330891
xylose_gL,all_known,eem_interpretable,pls,"n_components=12,alpha=1.0,max_features=24,y_transform=log1p",10,0.59982678,0.28321336,0.28240135,0.0043949035,0.4330891
xylose_gL,all_known,eem_interpretable,pls,"n_components=12,alpha=1.0,max_features=48,y_transform=log1p",10,0.59982678,0.28321336,0.28240135,0.0043949035,0.4330891
xylose_gL,all_known,eem_interpretable,pls,"n_components=12,alpha=1.0,max_features=96,y_transform=log1p",10,0.59982678,0.28321336,0.28240135,0.0043949035,0.4330891
xylose_gL,all_known,eem_full,knn,"k=5,weighted=True,max_features=12,y_transform=log1p",10,0.60032977,0.21547705,0.26530923,-0.29850174,-9.8107562
xylose_gL,all_known,eem_full,knn,"k=5,weighted=True,max_features=96,y_transform=log1p",10,0.60135557,0.23520711,0.24713818,-0.18031685,-6.4790855
xylose_gL,all_known,eem_interpretable,ridge,"alpha=0.1,max_features=12,y_transform=log1p",10,0.60174662,0.28212531,0.28334861,-0.0078860373,-0.13576308
xylose_gL,all_known,eem_interpretable,ridge,"alpha=0.1,max_features=24,y_transform=log1p",10,0.60174662,0.28212531,0.28334861,-0.0078860373,-0.13576308
xylose_gL,all_known,eem_interpretable,ridge,"alpha=0.1,max_features=48,y_transform=log1p",10,0.60174662,0.28212531,0.28334861,-0.0078860373,-0.13576308
xylose_gL,all_known,eem_interpretable,ridge,"alpha=0.1,max_features=96,y_transform=log1p",10,0.60174662,0.28212531,0.28334861,-0.0078860373,-0.13576308
xylose_gL,all_known,eem_full,ridge,"alpha=1.0,max_features=24,y_transform=log1p",10,0.60356671,0.2453524,0.29599236,-0.10662475,-4.5474279
xylose_gL,all_known,eem_interpretable,pcr,"n_components=2,alpha=1.0,max_features=12,y_transform=log1p",10,0.60499223,0.29171706,0.29480341,0.009184781,0.49238856
xylose_gL,all_known,eem_interpretable,pcr,"n_components=2,alpha=1.0,max_features=24,y_transform=log1p",10,0.60499223,0.29171706,0.29480341,0.009184781,0.49238856
xylose_gL,all_known,eem_interpretable,pcr,"n_components=2,alpha=1.0,max_features=48,y_transform=log1p",10,0.60499223,0.29171706,0.29480341,0.009184781,0.49238856
xylose_gL,all_known,eem_interpretable,pcr,"n_components=2,alpha=1.0,max_features=96,y_transform=log1p",10,0.60499223,0.29171706,0.29480341,0.009184781,0.49238856
xylose_gL,all_known,eem_full,pls,"n_components=5,alpha=1.0,max_features=24,y_transform=log1p",10,0.60531464,0.2461595,0.29486673,-0.11422636,-4.876624
xylose_gL,all_known,eem_full,pls,"n_components=12,alpha=1.0,max_features=24,y_transform=log1p",10,0.60573071,0.2431352,0.29808403,-0.12414899,-5.2800248
xylose_gL,all_known,eem_full,ridge,"alpha=0.1,max_features=24,y_transform=log1p",10,0.60587508,0.2423222,0.2984335,-0.12718368,-5.399454
xylose_gL,all_known,eem_interpretable,knn,"k=9,weighted=True,max_features=12,y_transform=log1p",10,0.60628419,0.24984761,0.28968739,-0.11307818,-4.6917074
xylose_gL,all_known,eem_interpretable,knn,"k=9,weighted=True,max_features=24,y_transform=log1p",10,0.60628419,0.24984761,0.28968739,-0.11307818,-4.6917074
xylose_gL,all_known,eem_interpretable,knn,"k=9,weighted=True,max_features=48,y_transform=log1p",10,0.60628419,0.24984761,0.28968739,-0.11307818,-4.6917074
xylose_gL,all_known,eem_interpretable,knn,"k=9,weighted=True,max_features=96,y_transform=log1p",10,0.60628419,0.24984761,0.28968739,-0.11307818,-4.6917074
xylose_gL,all_known,eem_full,pls,"n_components=8,alpha=1.0,max_features=24,y_transform=log1p",10,0.60635474,0.244025,0.29837589,-0.12474512,-5.3232148
xylose_gL,all_known,eem_interpretable,pcr,"n_components=3,alpha=1.0,max_features=12,y_transform=log1p",10,0.60645284,0.28544975,0.29574884,-0.016472646,-0.66859873
xylose_gL,all_known,eem_interpretable,pcr,"n_components=3,alpha=1.0,max_features=24,y_transform=log1p",10,0.60645284,0.28544975,0.29574884,-0.016472646,-0.66859873
xylose_gL,all_known,eem_interpretable,pcr,"n_components=3,alpha=1.0,max_features=48,y_transform=log1p",10,0.60645284,0.28544975,0.29574884,-0.016472646,-0.66859873
xylose_gL,all_known,eem_interpretable,pcr,"n_components=3,alpha=1.0,max_features=96,y_transform=log1p",10,0.60645284,0.28544975,0.29574884,-0.016472646,-0.66859873
xylose_gL,all_known,eem_full,pls,"n_components=3,alpha=1.0,max_features=48,y_transform=log1p",10,0.60682705,0.24965267,0.29333351,-0.11654593,-4.9424694
xylose_gL,all_known,eem_full,pls,"n_components=8,alpha=1.0,max_features=192,y_transform=log1p",10,0.6071521,0.20137688,0.30345454,-0.29169588,-10.793331
xylose_gL,all_known,eem_full,pls,"n_components=8,alpha=1.0,max_features=384,y_transform=log1p",10,0.6071521,0.20137688,0.30345454,-0.29169588,-10.793331
xylose_gL,all_known,eem_interpretable,pls,"n_components=2,alpha=1.0,max_features=12,y_transform=log1p",10,0.60826642,0.27975706,0.29248615,-0.045295462,-1.8290572
xylose_gL,all_known,eem_interpretable,pls,"n_components=2,alpha=1.0,max_features=24,y_transform=log1p",10,0.60826642,0.27975706,0.29248615,-0.045295462,-1.8290572
xylose_gL,all_known,eem_interpretable,pls,"n_components=2,alpha=1.0,max_features=48,y_transform=log1p",10,0.60826642,0.27975706,0.29248615,-0.045295462,-1.8290572
xylose_gL,all_known,eem_interpretable,pls,"n_components=2,alpha=1.0,max_features=96,y_transform=log1p",10,0.60826642,0.27975706,0.29248615,-0.045295462,-1.8290572
xylose_gL,all_known,eem_full,pcr,"n_components=2,alpha=1.0,max_features=192,y_transform=none",10,0.60908689,0.22792636,0.32286252,-0.19057629,-7.8240477
xylose_gL,all_known,eem_full,pcr,"n_components=2,alpha=1.0,max_features=384,y_transform=none",10,0.60908689,0.22792636,0.32286252,-0.19057629,-7.8240477
xylose_gL,all_known,eem_full,pcr,"n_components=2,alpha=1.0,max_features=48,y_transform=none",10,0.61135831,0.2173039,0.34547765,-0.23446782,-9.477942
xylose_gL,all_known,eem_full,pcr,"n_components=2,alpha=1.0,max_features=24,y_transform=none",10,0.61209269,0.21549686,0.34783543,-0.24105875,-9.7559135
xylose_gL,all_known,eem_full,pls,"n_components=5,alpha=1.0,max_features=96,y_transform=log1p",10,0.61272048,0.22601134,0.29792401,-0.22856564,-9.0205834
xylose_gL,all_known,eem_full,pcr,"n_components=3,alpha=1.0,max_features=192,y_transform=none",10,0.61307027,0.22127559,0.3336251,-0.22912453,-9.3572637
xylose_gL,all_known,eem_full,pcr,"n_components=3,alpha=1.0,max_features=384,y_transform=none",10,0.61307027,0.22127559,0.3336251,-0.22912453,-9.3572637
xylose_gL,all_known,eem_full,pcr,"n_components=2,alpha=1.0,max_features=96,y_transform=none",10,0.61322723,0.21892638,0.33426525,-0.24068179,-9.7403323
xylose_gL,all_known,eem_full,pcr,"n_components=3,alpha=1.0,max_features=48,y_transform=none",10,0.6143035,0.21694537,0.34194553,-0.25442194,-10.208717
xylose_gL,all_known,eem_full,pcr,"n_components=3,alpha=1.0,max_features=96,y_transform=none",10,0.61479726,0.21784805,0.33501216,-0.25355943,-10.216131
xylose_gL,all_known,eem_full,pcr,"n_components=3,alpha=1.0,max_features=24,y_transform=none",10,0.61614578,0.21611788,0.3455404,-0.26518928,-10.682087
xylose_gL,all_known,eem_full,knn,"k=3,weighted=True,max_features=96,y_transform=log1p",10,0.61765057,0.23025607,0.24604147,-0.38962826,-12.873391
xylose_gL,all_known,eem_full,pcr,"n_components=5,alpha=1.0,max_features=96,y_transform=none",10,0.61864655,0.2130669,0.34859643,-0.29037602,-11.59067
xylose_gL,all_known,eem_full,knn,"k=9,weighted=True,max_features=192,y_transform=none",10,0.61927437,0.17695281,0.28783104,-0.49816317,-17.130408
xylose_gL,all_known,eem_full,knn,"k=9,weighted=True,max_features=384,y_transform=none",10,0.61927437,0.17695281,0.28783104,-0.49816317,-17.130408
xylose_gL,all_known,eem_full,pcr,"n_components=2,alpha=1.0,max_features=12,y_transform=none",10,0.62037292,0.21176587,0.35363739,-0.30266283,-12.096516
xylose_gL,all_known,eem_full,pcr,"n_components=5,alpha=1.0,max_features=192,y_transform=none",10,0.62038842,0.21797997,0.34808585,-0.28117233,-11.359007
xylose_gL,all_known,eem_full,pcr,"n_components=5,alpha=1.0,max_features=384,y_transform=none",10,0.62038842,0.21797997,0.34808585,-0.28117233,-11.359007
xylose_gL,all_known,eem_interpretable,pcr,"n_components=5,alpha=1.0,max_features=12,y_transform=none",10,0.6206781,0.24129858,0.35110849,-0.2238262,-9.1502775
xylose_gL,all_known,eem_interpretable,pcr,"n_components=5,alpha=1.0,max_features=24,y_transform=none",10,0.6206781,0.24129858,0.35110849,-0.2238262,-9.1502775
xylose_gL,all_known,eem_interpretable,pcr,"n_components=5,alpha=1.0,max_features=48,y_transform=none",10,0.6206781,0.24129858,0.35110849,-0.2238262,-9.1502775
xylose_gL,all_known,eem_interpretable,pcr,"n_components=5,alpha=1.0,max_features=96,y_transform=none",10,0.6206781,0.24129858,0.35110849,-0.2238262,-9.1502775
xylose_gL,all_known,eem_interpretable,ridge,"alpha=10.0,max_features=12,y_transform=none",10,0.62219342,0.24151553,0.34987789,-0.22400683,-9.3392833
xylose_gL,all_known,eem_interpretable,ridge,"alpha=10.0,max_features=24,y_transform=none",10,0.62219342,0.24151553,0.34987789,-0.22400683,-9.3392833
xylose_gL,all_known,eem_interpretable,ridge,"alpha=10.0,max_features=48,y_transform=none",10,0.62219342,0.24151553,0.34987789,-0.22400683,-9.3392833
xylose_gL,all_known,eem_interpretable,ridge,"alpha=10.0,max_features=96,y_transform=none",10,0.62219342,0.24151553,0.34987789,-0.22400683,-9.3392833
xylose_gL,all_known,eem_full,pcr,"n_components=5,alpha=1.0,max_features=24,y_transform=none",10,0.62317213,0.20718195,0.38309998,-0.32996958,-13.107868
xylose_gL,all_known,eem_full,ridge,"alpha=10.0,max_features=96,y_transform=log1p",10,0.62372446,0.21352009,0.30762844,-0.32372664,-12.823624
xylose_gL,all_known,eem_full,pls,"n_components=2,alpha=1.0,max_features=96,y_transform=none",10,0.62421015,0.20778698,0.3555813,-0.34525709,-13.504661
xylose_gL,all_known,eem_full,knn,"k=5,weighted=True,max_features=192,y_transform=none",10,0.62431495,0.16866229,0.28820525,-0.77340495,-22.80827
xylose_gL,all_known,eem_full,knn,"k=5,weighted=True,max_features=384,y_transform=none",10,0.62431495,0.16866229,0.28820525,-0.77340495,-22.80827
xylose_gL,all_known,eem_full,pcr,"n_components=5,alpha=1.0,max_features=48,y_transform=none",10,0.62504642,0.20148035,0.37484169,-0.35426592,-13.976481
xylose_gL,all_known,eem_interpretable,pcr,"n_components=2,alpha=1.0,max_features=12,y_transform=none",10,0.62666646,0.25535615,0.369284,-0.18989132,-8.4442278
xylose_gL,all_known,eem_interpretable,pcr,"n_components=2,alpha=1.0,max_features=24,y_transform=none",10,0.62666646,0.25535615,0.369284,-0.18989132,-8.4442278
xylose_gL,all_known,eem_interpretable,pcr,"n_components=2,alpha=1.0,max_features=48,y_transform=none",10,0.62666646,0.25535615,0.369284,-0.18989132,-8.4442278
xylose_gL,all_known,eem_interpretable,pcr,"n_components=2,alpha=1.0,max_features=96,y_transform=none",10,0.62666646,0.25535615,0.369284,-0.18989132,-8.4442278
xylose_gL,all_known,eem_full,pcr,"n_components=8,alpha=1.0,max_features=96,y_transform=none",10,0.62819639,0.19590621,0.36440486,-0.40323768,-15.503478
xylose_gL,all_known,eem_interpretable,knn,"k=5,weighted=True,max_features=12,y_transform=log1p",10,0.62848037,0.23423564,0.304422,-0.30204036,-11.911713
xylose_gL,all_known,eem_interpretable,knn,"k=5,weighted=True,max_features=24,y_transform=log1p",10,0.62848037,0.23423564,0.304422,-0.30204036,-11.911713
xylose_gL,all_known,eem_interpretable,knn,"k=5,weighted=True,max_features=48,y_transform=log1p",10,0.62848037,0.23423564,0.304422,-0.30204036,-11.911713
xylose_gL,all_known,eem_interpretable,knn,"k=5,weighted=True,max_features=96,y_transform=log1p",10,0.62848037,0.23423564,0.304422,-0.30204036,-11.911713
xylose_gL,all_known,eem_full,ridge,"alpha=10.0,max_features=48,y_transform=log1p",10,0.62907958,0.23049909,0.30795663,-0.28712799,-11.893847
xylose_gL,all_known,eem_full,knn,"k=9,weighted=True,max_features=12,y_transform=none",10,0.62995069,0.17028464,0.30869923,-0.61621752,-20.691625
xylose_gL,all_known,eem_full,knn,"k=3,weighted=True,max_features=48,y_transform=log1p",10,0.63005159,0.21607537,0.25640163,-0.7628976,-19.941567
xylose_gL,all_known,eem_full,pcr,"n_components=8,alpha=1.0,max_features=48,y_transform=none",10,0.63042917,0.19748176,0.38164211,-0.4042842,-15.749494
xylose_gL,all_known,eem_interpretable,pcr,"n_components=3,alpha=1.0,max_features=12,y_transform=none",10,0.63062386,0.24421475,0.36387391,-0.26048617,-10.88951
xylose_gL,all_known,eem_interpretable,pcr,"n_components=3,alpha=1.0,max_features=24,y_transform=none",10,0.63062386,0.24421475,0.36387391,-0.26048617,-10.88951
xylose_gL,all_known,eem_interpretable,pcr,"n_components=3,alpha=1.0,max_features=48,y_transform=none",10,0.63062386,0.24421475,0.36387391,-0.26048617,-10.88951
xylose_gL,all_known,eem_interpretable,pcr,"n_components=3,alpha=1.0,max_features=96,y_transform=none",10,0.63062386,0.24421475,0.36387391,-0.26048617,-10.88951
xylose_gL,all_known,eem_full,pcr,"n_components=8,alpha=1.0,max_features=192,y_transform=none",10,0.63104111,0.20189056,0.36609295,-0.39079732,-15.334631
xylose_gL,all_known,eem_full,pcr,"n_components=8,alpha=1.0,max_features=384,y_transform=none",10,0.63104111,0.20189056,0.36609295,-0.39079732,-15.334631
xylose_gL,all_known,eem_full,pcr,"n_components=12,alpha=1.0,max_features=192,y_transform=none",10,0.63116733,0.1819737,0.36925379,-0.49023426,-18.020342
xylose_gL,all_known,eem_full,pcr,"n_components=12,alpha=1.0,max_features=384,y_transform=none",10,0.63116733,0.1819737,0.36925379,-0.49023426,-18.020342
xylose_gL,all_known,eem_full,pls,"n_components=2,alpha=1.0,max_features=48,y_transform=none",10,0.63137574,0.19672092,0.37341555,-0.42459371,-16.313701
xylose_gL,all_known,eem_full,pls,"n_components=2,alpha=1.0,max_features=24,y_transform=none",10,0.63167238,0.1981587,0.38692882,-0.41975454,-16.156826
xylose_gL,all_known,eem_full,pcr,"n_components=3,alpha=1.0,max_features=12,y_transform=none",10,0.63228514,0.20093769,0.36636632,-0.42063078,-16.145232
xylose_gL,all_known,eem_full,pcr,"n_components=8,alpha=1.0,max_features=24,y_transform=none",10,0.63256018,0.1932482,0.39468962,-0.44333258,-16.854812
xylose_gL,all_known,eem_interpretable,pls,"n_components=3,alpha=1.0,max_features=12,y_transform=none",10,0.63303098,0.23736623,0.36017871,-0.3087086,-12.318637
xylose_gL,all_known,eem_interpretable,pls,"n_components=3,alpha=1.0,max_features=24,y_transform=none",10,0.63303098,0.23736623,0.36017871,-0.3087086,-12.318637
xylose_gL,all_known,eem_interpretable,pls,"n_components=3,alpha=1.0,max_features=48,y_transform=none",10,0.63303098,0.23736623,0.36017871,-0.3087086,-12.318637
xylose_gL,all_known,eem_interpretable,pls,"n_components=3,alpha=1.0,max_features=96,y_transform=none",10,0.63303098,0.23736623,0.36017871,-0.3087086,-12.318637
xylose_gL,all_known,eem_full,pcr,"n_components=12,alpha=1.0,max_features=96,y_transform=none",10,0.63433498,0.19168289,0.3670119,-0.4577816,-17.40681
xylose_gL,all_known,eem_interpretable,pcr,"n_components=8,alpha=1.0,max_features=12,y_transform=none",10,0.6356001,0.22481876,0.35974517,-0.34938649,-14.120231
xylose_gL,all_known,eem_interpretable,pcr,"n_components=8,alpha=1.0,max_features=24,y_transform=none",10,0.6356001,0.22481876,0.35974517,-0.34938649,-14.120231
xylose_gL,all_known,eem_interpretable,pcr,"n_components=8,alpha=1.0,max_features=48,y_transform=none",10,0.6356001,0.22481876,0.35974517,-0.34938649,-14.120231
xylose_gL,all_known,eem_interpretable,pcr,"n_components=8,alpha=1.0,max_features=96,y_transform=none",10,0.6356001,0.22481876,0.35974517,-0.34938649,-14.120231
xylose_gL,all_known,eem_interpretable,pls,"n_components=5,alpha=1.0,max_features=12,y_transform=none",10,0.63620475,0.22182154,0.35825224,-0.36860545,-14.701072
xylose_gL,all_known,eem_interpretable,pls,"n_components=5,alpha=1.0,max_features=24,y_transform=none",10,0.63620475,0.22182154,0.35825224,-0.36860545,-14.701072
xylose_gL,all_known,eem_interpretable,pls,"n_components=5,alpha=1.0,max_features=48,y_transform=none",10,0.63620475,0.22182154,0.35825224,-0.36860545,-14.701072
xylose_gL,all_known,eem_interpretable,pls,"n_components=5,alpha=1.0,max_features=96,y_transform=none",10,0.63620475,0.22182154,0.35825224,-0.36860545,-14.701072
xylose_gL,all_known,eem_full,pcr,"n_components=5,alpha=1.0,max_features=12,y_transform=none",10,0.63637205,0.19115111,0.38164781,-0.46747789,-17.804427
xylose_gL,all_known,eem_full,pcr,"n_components=12,alpha=1.0,max_features=48,y_transform=none",10,0.63742575,0.18234256,0.38634564,-0.51424656,-19.143912
xylose_gL,all_known,eem_interpretable,pls,"n_components=2,alpha=1.0,max_features=12,y_transform=none",10,0.63870096,0.23248782,0.36777427,-0.35283004,-14.167457
xylose_gL,all_known,eem_interpretable,pls,"n_components=2,alpha=1.0,max_features=24,y_transform=none",10,0.63870096,0.23248782,0.36777427,-0.35283004,-14.167457
xylose_gL,all_known,eem_interpretable,pls,"n_components=2,alpha=1.0,max_features=48,y_transform=none",10,0.63870096,0.23248782,0.36777427,-0.35283004,-14.167457
xylose_gL,all_known,eem_interpretable,pls,"n_components=2,alpha=1.0,max_features=96,y_transform=none",10,0.63870096,0.23248782,0.36777427,-0.35283004,-14.167457
xylose_gL,all_known,eem_full,pls,"n_components=2,alpha=1.0,max_features=192,y_transform=none",10,0.63876042,0.19567376,0.38202294,-0.49759344,-18.273634
xylose_gL,all_known,eem_full,pls,"n_components=2,alpha=1.0,max_features=384,y_transform=none",10,0.63876042,0.19567376,0.38202294,-0.49759344,-18.273634
xylose_gL,all_known,eem_full,knn,"k=9,weighted=True,max_features=48,y_transform=none",10,0.63933737,0.16209921,0.31975152,-0.68176007,-23.011947
xylose_gL,all_known,eem_interpretable,pcr,"n_components=12,alpha=1.0,max_features=12,y_transform=none",10,0.64072437,0.2252493,0.36413519,-0.38043422,-15.259901
xylose_gL,all_known,eem_interpretable,pcr,"n_components=12,alpha=1.0,max_features=24,y_transform=none",10,0.64072437,0.2252493,0.36413519,-0.38043422,-15.259901
xylose_gL,all_known,eem_interpretable,pcr,"n_components=12,alpha=1.0,max_features=48,y_transform=none",10,0.64072437,0.2252493,0.36413519,-0.38043422,-15.259901
xylose_gL,all_known,eem_interpretable,pcr,"n_components=12,alpha=1.0,max_features=96,y_transform=none",10,0.64072437,0.2252493,0.36413519,-0.38043422,-15.259901
xylose_gL,all_known,eem_interpretable,ridge,"alpha=1.0,max_features=12,y_transform=none",10,0.64072437,0.2252493,0.36413519,-0.38043422,-15.259901
xylose_gL,all_known,eem_interpretable,ridge,"alpha=1.0,max_features=24,y_transform=none",10,0.64072437,0.2252493,0.36413519,-0.38043422,-15.259901
xylose_gL,all_known,eem_interpretable,ridge,"alpha=1.0,max_features=48,y_transform=none",10,0.64072437,0.2252493,0.36413519,-0.38043422,-15.259901
xylose_gL,all_known,eem_interpretable,ridge,"alpha=1.0,max_features=96,y_transform=none",10,0.64072437,0.2252493,0.36413519,-0.38043422,-15.259901
xylose_gL,all_known,eem_full,pls,"n_components=2,alpha=1.0,max_features=12,y_transform=none",10,0.64176013,0.18786687,0.38918387,-0.52329298,-19.585406
xylose_gL,all_known,eem_full,knn,"k=5,weighted=True,max_features=24,y_transform=log1p",10,0.64360779,0.1988819,0.29375944,-0.56418538,-19.879293
xylose_gL,all_known,eem_full,knn,"k=5,weighted=True,max_features=48,y_transform=none",10,0.644012,0.20416701,0.30055348,-0.64408262,-21.369722
xylose_gL,all_known,eem_full,pls,"n_components=5,alpha=1.0,max_features=48,y_transform=log1p",10,0.64562422,0.2145547,0.31672059,-0.45492945,-17.596518
xylose_gL,all_known,eem_full,knn,"k=9,weighted=True,max_features=96,y_transform=none",10,0.64573104,0.1866337,0.29795092,-0.67346318,-22.761933
xylose_gL,all_known,eem_full,knn,"k=9,weighted=True,max_features=24,y_transform=none",10,0.64795376,0.14899847,0.33387675,-0.7808623,-26.014617
xylose_gL,all_known,eem_full,ridge,"alpha=10.0,max_features=12,y_transform=none",10,0.64878509,0.18259582,0.39698455,-0.57654839,-21.513662
xylose_gL,all_known,eem_interpretable,pls,"n_components=8,alpha=1.0,max_features=12,y_transform=none",10,0.64938394,0.22272466,0.37547835,-0.43898555,-17.439939
xylose_gL,all_known,eem_interpretable,pls,"n_components=8,alpha=1.0,max_features=24,y_transform=none",10,0.64938394,0.22272466,0.37547835,-0.43898555,-17.439939
xylose_gL,all_known,eem_interpretable,pls,"n_components=8,alpha=1.0,max_features=48,y_transform=none",10,0.64938394,0.22272466,0.37547835,-0.43898555,-17.439939
xylose_gL,all_known,eem_interpretable,pls,"n_components=8,alpha=1.0,max_features=96,y_transform=none",10,0.64938394,0.22272466,0.37547835,-0.43898555,-17.439939
xylose_gL,all_known,eem_interpretable,pls,"n_components=12,alpha=1.0,max_features=12,y_transform=none",10,0.65127336,0.22172714,0.37535098,-0.45808938,-18.039388
xylose_gL,all_known,eem_interpretable,pls,"n_components=12,alpha=1.0,max_features=24,y_transform=none",10,0.65127336,0.22172714,0.37535098,-0.45808938,-18.039388
xylose_gL,all_known,eem_interpretable,pls,"n_components=12,alpha=1.0,max_features=48,y_transform=none",10,0.65127336,0.22172714,0.37535098,-0.45808938,-18.039388
xylose_gL,all_known,eem_interpretable,pls,"n_components=12,alpha=1.0,max_features=96,y_transform=none",10,0.65127336,0.22172714,0.37535098,-0.45808938,-18.039388
xylose_gL,all_known,eem_full,pcr,"n_components=12,alpha=1.0,max_features=24,y_transform=none",10,0.65179537,0.18613735,0.41025966,-0.58220434,-21.790703
xylose_gL,all_known,eem_full,pcr,"n_components=8,alpha=1.0,max_features=12,y_transform=none",10,0.65483461,0.17605696,0.40087975,-0.65274313,-23.72503
xylose_gL,all_known,eem_interpretable,knn,"k=9,weighted=True,max_features=12,y_transform=none",10,0.65790953,0.17720671,0.35073282,-0.75337768,-25.549733
xylose_gL,all_known,eem_interpretable,knn,"k=9,weighted=True,max_features=24,y_transform=none",10,0.65790953,0.17720671,0.35073282,-0.75337768,-25.549733
xylose_gL,all_known,eem_interpretable,knn,"k=9,weighted=True,max_features=48,y_transform=none",10,0.65790953,0.17720671,0.35073282,-0.75337768,-25.549733
xylose_gL,all_known,eem_interpretable,knn,"k=9,weighted=True,max_features=96,y_transform=none",10,0.65790953,0.17720671,0.35073282,-0.75337768,-25.549733
xylose_gL,all_known,eem_interpretable,ridge,"alpha=0.1,max_features=12,y_transform=none",10,0.65835087,0.21934861,0.38202452,-0.51354166,-19.950142
xylose_gL,all_known,eem_interpretable,ridge,"alpha=0.1,max_features=24,y_transform=none",10,0.65835087,0.21934861,0.38202452,-0.51354166,-19.950142
xylose_gL,all_known,eem_interpretable,ridge,"alpha=0.1,max_features=48,y_transform=none",10,0.65835087,0.21934861,0.38202452,-0.51354166,-19.950142
xylose_gL,all_known,eem_interpretable,ridge,"alpha=0.1,max_features=96,y_transform=none",10,0.65835087,0.21934861,0.38202452,-0.51354166,-19.950142
xylose_gL,all_known,eem_full,knn,"k=5,weighted=True,max_features=12,y_transform=none",10,0.65936359,0.16574307,0.31989322,-0.97774746,-30.131721
xylose_gL,all_known,eem_full,pls,"n_components=3,alpha=1.0,max_features=12,y_transform=none",10,0.66231977,0.17401302,0.41275083,-0.69840818,-25.44907
xylose_gL,all_known,eem_full,knn,"k=3,weighted=True,max_features=12,y_transform=log1p",10,0.66248245,0.19103999,0.29191282,-0.88923514,-27.818174
xylose_gL,all_known,eem_full,ridge,"alpha=10.0,max_features=24,y_transform=none",10,0.6653129,0.17197536,0.42456413,-0.72594087,-26.321702
xylose_gL,all_known,eem_full,ridge,"alpha=1.0,max_features=12,y_transform=none",10,0.66532486,0.17160649,0.41870618,-0.7271717,-26.35582
xylose_gL,all_known,eem_full,pcr,"n_components=12,alpha=1.0,max_features=12,y_transform=none",10,0.66532486,0.17160649,0.41870618,-0.7271717,-26.35582
xylose_gL,all_known,eem_full,pls,"n_components=5,alpha=1.0,max_features=12,y_transform=none",10,0.66658708,0.17119414,0.41943183,-0.73819209,-26.697724
xylose_gL,all_known,eem_full,pls,"n_components=8,alpha=1.0,max_features=12,y_transform=none",10,0.66685849,0.17082486,0.42093218,-0.74066273,-26.781045
xylose_gL,all_known,eem_full,pls,"n_components=12,alpha=1.0,max_features=12,y_transform=none",10,0.66686777,0.17081162,0.42093434,-0.74078447,-26.784641
xylose_gL,all_known,eem_full,pls,"n_components=8,alpha=1.0,max_features=96,y_transform=log1p",10,0.66730342,0.18038234,0.35125415,-0.75926029,-26.788031
xylose_gL,all_known,eem_full,ridge,"alpha=0.1,max_features=12,y_transform=none",10,0.66797559,0.1700464,0.4224107,-0.7512469,-27.110622
xylose_gL,all_known,eem_interpretable,knn,"k=3,weighted=True,max_features=12,y_transform=log1p",10,0.66946321,0.21398785,0.33389568,-0.6702048,-24.419853
xylose_gL,all_known,eem_interpretable,knn,"k=3,weighted=True,max_features=24,y_transform=log1p",10,0.66946321,0.21398785,0.33389568,-0.6702048,-24.419853
xylose_gL,all_known,eem_interpretable,knn,"k=3,weighted=True,max_features=48,y_transform=log1p",10,0.66946321,0.21398785,0.33389568,-0.6702048,-24.419853
xylose_gL,all_known,eem_interpretable,knn,"k=3,weighted=True,max_features=96,y_transform=log1p",10,0.66946321,0.21398785,0.33389568,-0.6702048,-24.419853
xylose_gL,all_known,eem_full,pls,"n_components=3,alpha=1.0,max_features=24,y_transform=none",10,0.6721188,0.17360464,0.43631752,-0.76503338,-27.673521
xylose_gL,all_known,eem_full,pls,"n_components=12,alpha=1.0,max_features=192,y_transform=log1p",10,0.68326275,0.15941572,0.37417522,-1.0642045,-34.576342
xylose_gL,all_known,eem_full,pls,"n_components=12,alpha=1.0,max_features=384,y_transform=log1p",10,0.68326275,0.15941572,0.37417522,-1.0642045,-34.576342
xylose_gL,all_known,eem_full,ridge,"alpha=1.0,max_features=48,y_transform=log1p",10,0.6882619,0.19532429,0.35377556,-0.79841066,-29.185447
xylose_gL,all_known,eem_full,knn,"k=5,weighted=True,max_features=96,y_transform=none",10,0.68925584,0.18084266,0.30564752,-1.17276,-35.90471
xylose_gL,all_known,fusion_interpretable,knn,"k=3,weighted=True,max_features=24,y_transform=log1p",10,0.69233819,0.27474352,0.31564268,-0.54168237,-13.201094
xylose_gL,all_known,eem_full,ridge,"alpha=1.0,max_features=192,y_transform=log1p",10,0.69292154,0.15594773,0.37037812,-1.1955271,-37.719244
xylose_gL,all_known,eem_full,ridge,"alpha=1.0,max_features=384,y_transform=log1p",10,0.69292154,0.15594773,0.37037812,-1.1955271,-37.719244
xylose_gL,all_known,fusion_interpretable,knn,"k=9,weighted=True,max_features=48,y_transform=log1p",10,0.69302373,0.2951978,0.32652557,-0.16845814,-5.3715043
xylose_gL,all_known,fusion_interpretable,knn,"k=9,weighted=True,max_features=96,y_transform=log1p",10,0.69302373,0.2951978,0.32652557,-0.16845814,-5.3715043
xylose_gL,all_known,eem_full,pls,"n_components=5,alpha=1.0,max_features=192,y_transform=none",10,0.69324066,0.110871,0.4576216,-1.2338605,-39.391932
xylose_gL,all_known,eem_full,pls,"n_components=5,alpha=1.0,max_features=384,y_transform=none",10,0.69324066,0.110871,0.4576216,-1.2338605,-39.391932
xylose_gL,all_known,eem_full,knn,"k=3,weighted=True,max_features=24,y_transform=log1p",10,0.69723617,0.16857348,0.31127374,-1.4209922,-40.564642
xylose_gL,all_known,eem_full,knn,"k=3,weighted=True,max_features=48,y_transform=none",10,0.69739633,0.16476267,0.30510625,-1.511814,-42.325381
xylose_gL,all_known,eem_interpretable,knn,"k=5,weighted=True,max_features=12,y_transform=none",10,0.69940835,0.18266349,0.35985713,-1.1420565,-36.218212
xylose_gL,all_known,eem_interpretable,knn,"k=5,weighted=True,max_features=24,y_transform=none",10,0.69940835,0.18266349,0.35985713,-1.1420565,-36.218212
xylose_gL,all_known,eem_interpretable,knn,"k=5,weighted=True,max_features=48,y_transform=none",10,0.69940835,0.18266349,0.35985713,-1.1420565,-36.218212
xylose_gL,all_known,eem_interpretable,knn,"k=5,weighted=True,max_features=96,y_transform=none",10,0.69940835,0.18266349,0.35985713,-1.1420565,-36.218212
xylose_gL,all_known,eem_full,knn,"k=3,weighted=True,max_features=96,y_transform=none",10,0.70093802,0.23732851,0.29333972,-1.3203179,-37.211238
xylose_gL,all_known,eem_full,pls,"n_components=3,alpha=1.0,max_features=192,y_transform=none",10,0.70119448,0.13958077,0.44916443,-1.1736056,-38.46795
xylose_gL,all_known,eem_full,pls,"n_components=3,alpha=1.0,max_features=384,y_transform=none",10,0.70119448,0.13958077,0.44916443,-1.1736056,-38.46795
xylose_gL,all_known,fusion_interpretable,knn,"k=5,weighted=True,max_features=24,y_transform=log1p",10,0.70203997,0.27105706,0.32095807,-0.50405307,-13.757007
xylose_gL,all_known,fusion_interpretable,knn,"k=9,weighted=True,max_features=24,y_transform=log1p",10,0.70326865,0.29689578,0.32396749,-0.21993096,-7.3039248
xylose_gL,all_known,eem_full,pls,"n_components=3,alpha=1.0,max_features=96,y_transform=none",10,0.70430927,0.13165508,0.45431412,-1.2334838,-39.942377
xylose_gL,all_known,fusion_full,knn,"k=9,weighted=True,max_features=384,y_transform=log1p",10,0.7055477,0.27930022,0.30589823,-0.22886464,-7.9553958
xylose_gL,all_known,eem_full,pls,"n_components=5,alpha=1.0,max_features=24,y_transform=none",10,0.70579016,0.1549368,0.46814259,-1.0988453,-37.383587
xylose_gL,all_known,fusion_full,knn,"k=9,weighted=True,max_features=96,y_transform=log1p",10,0.70636793,0.28828382,0.31807374,-0.19614784,-6.8089408
xylose_gL,all_known,eem_full,ridge,"alpha=0.1,max_features=48,y_transform=log1p",10,0.70713732,0.19464214,0.36837878,-0.94847003,-33.793841
xylose_gL,all_known,eem_full,ridge,"alpha=1.0,max_features=24,y_transform=none",10,0.70754136,0.14866436,0.47201431,-1.1368244,-38.359061
xylose_gL,all_known,eem_full,pls,"n_components=8,alpha=1.0,max_features=48,y_transform=log1p",10,0.7077358,0.19005613,0.37057592,-0.98723636,-34.547589
xylose_gL,all_known,eem_full,pls,"n_components=12,alpha=1.0,max_features=48,y_transform=log1p",10,0.70922005,0.18657974,0.37111492,-1.0011314,-35.139699
xylose_gL,all_known,fusion_full,knn,"k=9,weighted=True,max_features=12,y_transform=log1p",10,0.70948118,0.29672124,0.33056884,-0.22706832,-7.9592892
xylose_gL,all_known,fusion_full,pcr,"n_components=2,alpha=1.0,max_features=24,y_transform=log1p",10,0.71050116,0.34218602,0.33170883,-0.028015196,-1.0839942
xylose_gL,all_known,fusion_full,pcr,"n_components=3,alpha=1.0,max_features=48,y_transform=log1p",10,0.71078697,0.34558053,0.32477746,-0.025482194,-0.80234597
xylose_gL,all_known,fusion_full,knn,"k=9,weighted=True,max_features=192,y_transform=log1p",10,0.71168666,0.29801336,0.31221312,-0.2000605,-7.2470502
xylose_gL,all_known,eem_full,pls,"n_components=3,alpha=1.0,max_features=48,y_transform=none",10,0.71200617,0.1258885,0.46476038,-1.3224676,-42.304775
xylose_gL,all_known,fusion_full,pcr,"n_components=2,alpha=1.0,max_features=48,y_transform=log1p",10,0.71206333,0.34504659,0.32753643,-0.024242682,-0.92319308
xylose_gL,all_known,raman_full,knn,"k=9,weighted=True,max_features=24,y_transform=log1p",10,0.71225145,0.29056768,0.34281998,-0.25690131,-8.9556406
xylose_gL,all_known,fusion_full,pcr,"n_components=5,alpha=1.0,max_features=48,y_transform=log1p",10,0.71241506,0.34210372,0.32862995,-0.057872966,-1.9030307
xylose_gL,all_known,fusion_full,pcr,"n_components=8,alpha=1.0,max_features=96,y_transform=log1p",10,0.71250131,0.34365946,0.33275791,-0.045843983,-1.5978249
xylose_gL,all_known,fusion_full,pcr,"n_components=3,alpha=1.0,max_features=24,y_transform=log1p",10,0.71307425,0.339183,0.33079578,-0.062382215,-2.3223332
xylose_gL,all_known,fusion_full,pcr,"n_components=12,alpha=1.0,max_features=48,y_transform=log1p",10,0.71396168,0.33411194,0.34488773,-0.088061824,-3.3364765
xylose_gL,all_known,fusion_full,pcr,"n_components=12,alpha=1.0,max_features=24,y_transform=log1p",10,0.71407126,0.33603075,0.34263925,-0.092864099,-3.4976177
xylose_gL,all_known,fusion_full,pcr,"n_components=8,alpha=1.0,max_features=48,y_transform=log1p",10,0.71425691,0.33780018,0.33596831,-0.07622568,-2.8395921
xylose_gL,all_known,fusion_full,pcr,"n_components=2,alpha=1.0,max_features=12,y_transform=log1p",10,0.71433141,0.34140591,0.3344907,-0.046750619,-1.940378
xylose_gL,all_known,eem_full,pls,"n_components=12,alpha=1.0,max_features=24,y_transform=none",10,0.71448882,0.14550075,0.47990863,-1.2070529,-40.286781
xylose_gL,all_known,fusion_full,pcr,"n_components=5,alpha=1.0,max_features=24,y_transform=log1p",10,0.71474133,0.33827017,0.33208771,-0.077801483,-2.9220264
xylose_gL,all_known,fusion_full,knn,"k=9,weighted=True,max_features=24,y_transform=log1p",10,0.71487158,0.27552142,0.33937903,-0.31229555,-10.893554
xylose_gL,all_known,fusion_full,pls,"n_components=2,alpha=1.0,max_features=24,y_transform=log1p",10,0.71491627,0.33671649,0.33304233,-0.081051592,-3.1724445
xylose_gL,all_known,fusion_full,pcr,"n_components=3,alpha=1.0,max_features=12,y_transform=log1p",10,0.71511848,0.33961799,0.33413625,-0.065770212,-2.5847258
xylose_gL,all_known,eem_full,pls,"n_components=8,alpha=1.0,max_features=24,y_transform=none",10,0.71516532,0.14704777,0.48043386,-1.2053852,-40.295155
xylose_gL,all_known,fusion_full,pls,"n_components=2,alpha=1.0,max_features=48,y_transform=log1p",10,0.71525719,0.33877123,0.33251532,-0.075306398,-2.8492374
xylose_gL,all_known,raman_full,knn,"k=9,weighted=True,max_features=96,y_transform=log1p",10,0.71600457,0.29028349,0.32660239,-0.26005262,-9.2850805
xylose_gL,all_known,fusion_full,pcr,"n_components=8,alpha=1.0,max_features=24,y_transform=log1p",10,0.71602671,0.33499704,0.33882648,-0.093198094,-3.5843418
xylose_gL,all_known,eem_full,ridge,"alpha=0.1,max_features=24,y_transform=none",10,0.71621433,0.14511332,0.48152666,-1.2225447,-40.722564
xylose_gL,all_known,fusion_full,pcr,"n_components=5,alpha=1.0,max_features=96,y_transform=log1p",10,0.71655418,0.34231464,0.3310181,-0.070481647,-2.6116591
xylose_gL,all_known,fusion_full,pcr,"n_components=12,alpha=1.0,max_features=96,y_transform=log1p",10,0.71715311,0.3391446,0.34215177,-0.07452793,-2.9396817
xylose_gL,all_known,fusion_full,pls,"n_components=2,alpha=1.0,max_features=12,y_transform=log1p",10,0.7175646,0.33530625,0.33797194,-0.088681175,-3.5892173
xylose_gL,all_known,eem_full,ridge,"alpha=10.0,max_features=192,y_transform=none",10,0.71820761,0.10078563,0.47960235,-1.5514312,-47.183376
xylose_gL,all_known,eem_full,ridge,"alpha=10.0,max_features=384,y_transform=none",10,0.71820761,0.10078563,0.47960235,-1.5514312,-47.183376
xylose_gL,all_known,fusion_full,pcr,"n_components=5,alpha=1.0,max_features=12,y_transform=log1p",10,0.71902637,0.33633952,0.34094329,-0.090810805,-3.7531888
xylose_gL,all_known,fusion_full,ridge,"alpha=10.0,max_features=12,y_transform=log1p",10,0.71917334,0.32883871,0.34359728,-0.11208888,-4.5890957
xylose_gL,all_known,fusion_full,pls,"n_components=3,alpha=1.0,max_features=24,y_transform=log1p",10,0.71977952,0.32811079,0.34507518,-0.14020228,-5.5210664
xylose_gL,all_known,raman_full,knn,"k=9,weighted=True,max_features=12,y_transform=log1p",10,0.72000002,0.26879791,0.35469432,-0.45423027,-14.757382
xylose_gL,all_known,fusion_full,pcr,"n_components=8,alpha=1.0,max_features=12,y_transform=log1p",10,0.72004838,0.33342563,0.34463783,-0.10844926,-4.4139009
xylose_gL,all_known,fusion_interpretable,knn,"k=9,weighted=True,max_features=12,y_transform=log1p",10,0.72035948,0.32361822,0.33440674,-0.1805015,-6.7129608
xylose_gL,all_known,fusion_interpretable,knn,"k=5,weighted=True,max_features=48,y_transform=log1p",10,0.72048607,0.2793935,0.33473687,-0.42117017,-13.548438
xylose_gL,all_known,fusion_interpretable,knn,"k=5,weighted=True,max_features=96,y_transform=log1p",10,0.72048607,0.2793935,0.33473687,-0.42117017,-13.548438
xylose_gL,all_known,fusion_full,ridge,"alpha=10.0,max_features=24,y_transform=log1p",10,0.72175274,0.32273143,0.3489802,-0.15700375,-6.3647134
xylose_gL,all_known,fusion_full,pcr,"n_components=3,alpha=1.0,max_features=384,y_transform=log1p",10,0.72181175,0.34890072,0.33715246,-0.056655586,-2.3817427
xylose_gL,all_known,fusion_full,pls,"n_components=3,alpha=1.0,max_features=48,y_transform=log1p",10,0.72211084,0.32803095,0.35222525,-0.14461816,-5.6490493
xylose_gL,all_known,raman_full,ridge,"alpha=10.0,max_features=12,y_transform=log1p",10,0.72225166,0.35158801,0.34104501,-0.056201159,-2.4488822
xylose_gL,all_known,fusion_full,pcr,"n_components=12,alpha=1.0,max_features=12,y_transform=log1p",10,0.72234937,0.31938127,0.34757067,-0.15477334,-6.2934514
xylose_gL,all_known,fusion_full,ridge,"alpha=1.0,max_features=12,y_transform=log1p",10,0.72234937,0.31938127,0.34757067,-0.15477334,-6.2934514
xylose_gL,all_known,fusion_full,pls,"n_components=8,alpha=1.0,max_features=12,y_transform=log1p",10,0.7223605,0.31779547,0.34798727,-0.15905898,-6.4542619
xylose_gL,all_known,fusion_full,pcr,"n_components=3,alpha=1.0,max_features=96,y_transform=log1p",10,0.72248695,0.34876143,0.33371487,-0.059457174,-2.4890638
xylose_gL,all_known,raman_full,pcr,"n_components=3,alpha=1.0,max_features=12,y_transform=log1p",10,0.72255498,0.35221165,0.33651266,-0.054704659,-2.3832502
xylose_gL,all_known,fusion_full,pls,"n_components=12,alpha=1.0,max_features=12,y_transform=log1p",10,0.72257046,0.31798861,0.34795658,-0.159477,-6.4757981
xylose_gL,all_known,fusion_full,ridge,"alpha=0.1,max_features=12,y_transform=log1p",10,0.72279721,0.31746222,0.34823526,-0.16214096,-6.5797875
xylose_gL,all_known,fusion_full,pls,"n_components=3,alpha=1.0,max_features=12,y_transform=log1p",10,0.72296601,0.32622532,0.34704588,-0.14203808,-5.8098578
xylose_gL,all_known,fusion_full,pls,"n_components=5,alpha=1.0,max_features=12,y_transform=log1p",10,0.72387079,0.31954317,0.34888692,-0.16369709,-6.6549201
xylose_gL,all_known,fusion_full,knn,"k=9,weighted=True,max_features=48,y_transform=log1p",10,0.7239233,0.25113486,0.34479331,-0.47894329,-15.986938
xylose_gL,all_known,raman_full,pls,"n_components=5,alpha=1.0,max_features=12,y_transform=log1p",10,0.7240878,0.34929089,0.34417258,-0.079356149,-3.3322429
xylose_gL,all_known,raman_full,pcr,"n_components=5,alpha=1.0,max_features=48,y_transform=log1p",10,0.72421596,0.34894437,0.33602232,-0.063845364,-2.8509572
xylose_gL,all_known,raman_full,pls,"n_components=2,alpha=1.0,max_features=12,y_transform=log1p",10,0.72436567,0.34864945,0.34072891,-0.071611256,-3.1659531
xylose_gL,all_known,fusion_full,pcr,"n_components=2,alpha=1.0,max_features=192,y_transform=log1p",10,0.72444273,0.3547611,0.33415488,-0.047812573,-2.1748592
xylose_gL,all_known,raman_full,pcr,"n_components=5,alpha=1.0,max_features=12,y_transform=log1p",10,0.72457443,0.34990687,0.33808667,-0.06843944,-3.0309943
xylose_gL,all_known,raman_full,knn,"k=5,weighted=True,max_features=96,y_transform=log1p",10,0.72483703,0.27872434,0.32481098,-0.4549255,-14.971597
xylose_gL,all_known,raman_full,pcr,"n_components=3,alpha=1.0,max_features=24,y_transform=log1p",10,0.72487769,0.35501394,0.33894719,-0.050490697,-2.2535155
xylose_gL,all_known,raman_full,pcr,"n_components=8,alpha=1.0,max_features=12,y_transform=log1p",10,0.72489262,0.34911311,0.34208567,-0.070705928,-3.1706404
xylose_gL,all_known,raman_full,ridge,"alpha=1.0,max_features=12,y_transform=log1p",10,0.72511079,0.34676359,0.34530613,-0.091527037,-3.8608981
xylose_gL,all_known,raman_full,pcr,"n_components=12,alpha=1.0,max_features=12,y_transform=log1p",10,0.72511079,0.34676359,0.34530613,-0.091527037,-3.8608981
xylose_gL,all_known,raman_full,pcr,"n_components=5,alpha=1.0,max_features=24,y_transform=log1p",10,0.7256569,0.35221487,0.33924253,-0.065338693,-2.8528478
xylose_gL,all_known,raman_full,pcr,"n_components=2,alpha=1.0,max_features=96,y_transform=log1p",10,0.72607059,0.35356886,0.34295555,-0.059403084,-2.6772819
xylose_gL,all_known,raman_full,pcr,"n_components=8,alpha=1.0,max_features=48,y_transform=log1p",10,0.72614415,0.34469595,0.34288455,-0.098079528,-4.2305307
xylose_gL,all_known,raman_full,pcr,"n_components=3,alpha=1.0,max_features=48,y_transform=log1p",10,0.72621839,0.35223635,0.33991164,-0.060767669,-2.7666661
xylose_gL,all_known,raman_full,pls,"n_components=2,alpha=1.0,max_features=48,y_transform=log1p",10,0.72638133,0.34518617,0.34653244,-0.092501665,-4.0464336
xylose_gL,all_known,raman_full,pls,"n_components=12,alpha=1.0,max_features=12,y_transform=log1p",10,0.72711943,0.34163052,0.35090251,-0.1217957,-5.0157602
xylose_gL,all_known,fusion_full,pcr,"n_components=3,alpha=1.0,max_features=192,y_transform=log1p",10,0.72726,0.3491852,0.3382039,-0.075153416,-3.2518868
xylose_gL,all_known,raman_full,ridge,"alpha=0.1,max_features=12,y_transform=log1p",10,0.72736551,0.3417962,0.35049284,-0.12248406,-5.0515832
xylose_gL,all_known,raman_full,pls,"n_components=8,alpha=1.0,max_features=12,y_transform=log1p",10,0.72763744,0.34441099,0.34939802,-0.11731755,-4.8488762
xylose_gL,all_known,raman_full,knn,"k=9,weighted=True,max_features=48,y_transform=log1p",10,0.72810526,0.28052381,0.35280611,-0.37837954,-13.509407
xylose_gL,all_known,raman_full,pls,"n_components=2,alpha=1.0,max_features=24,y_transform=log1p",10,0.72819456,0.34504692,0.34412479,-0.105757,-4.5460034
xylose_gL,all_known,fusion_full,pls,"n_components=2,alpha=1.0,max_features=96,y_transform=log1p",10,0.72839189,0.34044945,0.34287476,-0.117271,-4.8314446
xylose_gL,all_known,raman_full,knn,"k=5,weighted=True,max_features=12,y_transform=log1p",10,0.72844398,0.23257459,0.36433462,-0.88801524,-23.985029
xylose_gL,all_known,raman_full,ridge,"alpha=10.0,max_features=24,y_transform=log1p",10,0.72870117,0.34125076,0.34819421,-0.13748814,-5.6191218
xylose_gL,all_known,raman_full,pls,"n_components=3,alpha=1.0,max_features=12,y_transform=log1p",10,0.7289123,0.34461207,0.34955199,-0.1048099,-4.6452445
xylose_gL,all_known,raman_full,pcr,"n_components=2,alpha=1.0,max_features=12,y_transform=log1p",10,0.72936462,0.35610465,0.34074009,-0.06640138,-2.9920316
xylose_gL,all_known,raman_full,pcr,"n_components=8,alpha=1.0,max_features=24,y_transform=log1p",10,0.72997599,0.34863031,0.34412817,-0.095267408,-4.2413118
xylose_gL,all_known,fusion_full,pcr,"n_components=5,alpha=1.0,max_features=192,y_transform=log1p",10,0.73085928,0.34985476,0.34011718,-0.10320527,-4.1699798
xylose_gL,all_known,fusion_full,pcr,"n_components=8,alpha=1.0,max_features=384,y_transform=log1p",10,0.73140614,0.3478871,0.33848907,-0.11110437,-4.5476527
xylose_gL,all_known,raman_full,pcr,"n_components=12,alpha=1.0,max_features=48,y_transform=log1p",10,0.73187227,0.34523474,0.34715792,-0.13913714,-5.698113
xylose_gL,all_known,fusion_full,pls,"n_components=3,alpha=1.0,max_features=96,y_transform=log1p",10,0.73219453,0.31708366,0.36174355,-0.21353043,-8.7079141
xylose_gL,all_known,fusion_full,ridge,"alpha=1.0,max_features=24,y_transform=log1p",10,0.73243788,0.30690253,0.36267743,-0.26206145,-10.378711
xylose_gL,all_known,fusion_interpretable,pcr,"n_components=3,alpha=1.0,max_features=24,y_transform=log1p",10,0.73311097,0.36740221,0.34645006,-0.062480624,-2.6977598
xylose_gL,all_known,fusion_interpretable,ridge,"alpha=10.0,max_features=24,y_transform=log1p",10,0.73311318,0.35489018,0.34641183,-0.096761071,-4.25511
xylose_gL,all_known,fusion_interpretable,pcr,"n_components=3,alpha=1.0,max_features=48,y_transform=log1p",10,0.73364128,0.36681476,0.34669913,-0.064679205,-2.8212135
xylose_gL,all_known,fusion_interpretable,pcr,"n_components=3,alpha=1.0,max_features=96,y_transform=log1p",10,0.73364128,0.36681476,0.34669913,-0.064679205,-2.8212135
xylose_gL,all_known,fusion_full,pls,"n_components=8,alpha=1.0,max_features=24,y_transform=log1p",10,0.73392027,0.30321146,0.36470687,-0.27928572,-11.005879
xylose_gL,all_known,fusion_full,pls,"n_components=12,alpha=1.0,max_features=24,y_transform=log1p",10,0.73395517,0.3038162,0.36492598,-0.27928565,-10.99955
xylose_gL,all_known,fusion_full,pls,"n_components=5,alpha=1.0,max_features=24,y_transform=log1p",10,0.73395734,0.31003152,0.36391413,-0.26461146,-10.490738
xylose_gL,all_known,fusion_interpretable,ridge,"alpha=10.0,max_features=12,y_transform=log1p",10,0.73406069,0.36022037,0.34310913,-0.081796709,-3.7098731
xylose_gL,all_known,raman_full,pcr,"n_components=8,alpha=1.0,max_features=384,y_transform=log1p",10,0.7341904,0.35231138,0.3415804,-0.12597923,-5.0441314
xylose_gL,all_known,fusion_full,ridge,"alpha=0.1,max_features=24,y_transform=log1p",10,0.73428624,0.30320334,0.36592274,-0.28318915,-11.136474
xylose_gL,all_known,eem_full,ridge,"alpha=1.0,max_features=96,y_transform=log1p",10,0.73450084,0.13460425,0.3995687,-1.5339408,-47.857263
xylose_gL,all_known,raman_full,pcr,"n_components=3,alpha=1.0,max_features=384,y_transform=log1p",10,0.73496183,0.36409302,0.34898483,-0.074420456,-3.3867937
xylose_gL,all_known,fusion_interpretable,pcr,"n_components=12,alpha=1.0,max_features=24,y_transform=log1p",10,0.73522257,0.35102789,0.34894048,-0.12044728,-5.2268248
xylose_gL,all_known,fusion_full,pcr,"n_components=12,alpha=1.0,max_features=384,y_transform=log1p",10,0.7354299,0.35114729,0.34130307,-0.12245175,-5.0238339
xylose_gL,all_known,raman_full,pls,"n_components=3,alpha=1.0,max_features=24,y_transform=log1p",10,0.73589824,0.33764642,0.35305658,-0.17285924,-7.2201416
xylose_gL,all_known,raman_full,knn,"k=9,weighted=True,max_features=192,y_transform=log1p",10,0.73692153,0.29533443,0.32873635,-0.34463895,-13.044142
xylose_gL,all_known,eem_full,pls,"n_components=8,alpha=1.0,max_features=192,y_transform=none",10,0.73692277,0.091924746,0.49899058,-1.7552598,-52.355802
xylose_gL,all_known,eem_full,pls,"n_components=8,alpha=1.0,max_features=384,y_transform=none",10,0.73692277,0.091924746,0.49899058,-1.7552598,-52.355802
xylose_gL,all_known,fusion_interpretable,pcr,"n_components=2,alpha=1.0,max_features=24,y_transform=log1p",10,0.73715943,0.36852285,0.35238985,-0.067394545,-3.1688037
xylose_gL,all_known,fusion_interpretable,pcr,"n_components=8,alpha=1.0,max_features=12,y_transform=log1p",10,0.73736961,0.35907556,0.34436807,-0.098562144,-4.4870585
xylose_gL,all_known,eem_full,knn,"k=5,weighted=True,max_features=24,y_transform=none",10,0.73749366,0.14314939,0.36382732,-1.74833,-50.417123
xylose_gL,all_known,fusion_full,knn,"k=5,weighted=True,max_features=384,y_transform=log1p",10,0.73783551,0.27186567,0.3099865,-0.45033042,-15.262296
xylose_gL,all_known,fusion_interpretable,pls,"n_components=8,alpha=1.0,max_features=24,y_transform=log1p",10,0.73785828,0.34718843,0.35012217,-0.14724918,-6.3244626
xylose_gL,all_known,fusion_interpretable,pcr,"n_components=3,alpha=1.0,max_features=12,y_transform=log1p",10,0.73786394,0.36887473,0.34838696,-0.076787677,-3.3495967
xylose_gL,all_known,fusion_interpretable,pcr,"n_components=2,alpha=1.0,max_features=12,y_transform=log1p",10,0.73788413,0.3684392,0.34935204,-0.077383291,-3.4039106
xylose_gL,all_known,fusion_interpretable,pls,"n_components=5,alpha=1.0,max_features=12,y_transform=log1p",10,0.73857713,0.35502558,0.34422269,-0.11654077,-5.2250865
xylose_gL,all_known,fusion_interpretable,ridge,"alpha=1.0,max_features=12,y_transform=log1p",10,0.73969271,0.35617713,0.3442872,-0.12236266,-5.450533
xylose_gL,all_known,fusion_interpretable,pcr,"n_components=12,alpha=1.0,max_features=12,y_transform=log1p",10,0.73969271,0.35617713,0.3442872,-0.12236266,-5.450533
xylose_gL,all_known,fusion_interpretable,pcr,"n_components=5,alpha=1.0,max_features=48,y_transform=log1p",10,0.74041747,0.36970126,0.35015147,-0.084623913,-3.7605012
xylose_gL,all_known,fusion_interpretable,pcr,"n_components=5,alpha=1.0,max_features=96,y_transform=log1p",10,0.74041747,0.36970126,0.35015147,-0.084623913,-3.7605012
xylose_gL,all_known,fusion_interpretable,pcr,"n_components=2,alpha=1.0,max_features=48,y_transform=log1p",10,0.74043556,0.36855623,0.35537753,-0.077456612,-3.6856691
xylose_gL,all_known,fusion_interpretable,pcr,"n_components=2,alpha=1.0,max_features=96,y_transform=log1p",10,0.74043556,0.36855623,0.35537753,-0.077456612,-3.6856691
xylose_gL,all_known,fusion_full,pcr,"n_components=2,alpha=1.0,max_features=96,y_transform=log1p",10,0.74052632,0.36650344,0.33672887,-0.090752021,-3.9090343
xylose_gL,all_known,fusion_full,ridge,"alpha=10.0,max_features=48,y_transform=log1p",10,0.74086698,0.30558241,0.36866082,-0.29728779,-11.820696
xylose_gL,all_known,fusion_interpretable,knn,"k=9,weighted=True,max_features=48,y_transform=none",10,0.74093261,0.21691682,0.3829492,-0.91203804,-26.702352
xylose_gL,all_known,fusion_interpretable,knn,"k=9,weighted=True,max_features=96,y_transform=none",10,0.74093261,0.21691682,0.3829492,-0.91203804,-26.702352
xylose_gL,all_known,fusion_full,pcr,"n_components=5,alpha=1.0,max_features=384,y_transform=log1p",10,0.74106146,0.36281699,0.34044115,-0.11397656,-4.6925375
xylose_gL,all_known,fusion_interpretable,pls,"n_components=5,alpha=1.0,max_features=24,y_transform=log1p",10,0.74122161,0.34518882,0.35181855,-0.15910052,-6.914681
xylose_gL,all_known,eem_full,knn,"k=3,weighted=True,max_features=12,y_transform=none",10,0.74152729,0.16239698,0.34021496,-1.9248539,-52.7826
xylose_gL,all_known,fusion_interpretable,pls,"n_components=3,alpha=1.0,max_features=12,y_transform=log1p",10,0.74159107,0.35046916,0.34669576,-0.14857016,-6.502007
xylose_gL,all_known,raman_full,pls,"n_components=5,alpha=1.0,max_features=24,y_transform=log1p",10,0.74185526,0.33247753,0.36223668,-0.27383573,-10.300039
xylose_gL,all_known,fusion_full,pls,"n_components=2,alpha=1.0,max_features=384,y_transform=log1p",10,0.74190193,0.35577669,0.34163226,-0.13733416,-5.749764
xylose_gL,all_known,raman_interpretable,pcr,"n_components=2,alpha=1.0,max_features=24,y_transform=log1p",10,0.74197314,0.3670514,0.35768055,-0.088774514,-4.2001914
xylose_gL,all_known,raman_interpretable,pcr,"n_components=2,alpha=1.0,max_features=48,y_transform=log1p",10,0.74197314,0.3670514,0.35768055,-0.088774514,-4.2001914
xylose_gL,all_known,raman_interpretable,pcr,"n_components=2,alpha=1.0,max_features=96,y_transform=log1p",10,0.74197314,0.3670514,0.35768055,-0.088774514,-4.2001914
xylose_gL,all_known,fusion_full,pcr,"n_components=8,alpha=1.0,max_features=192,y_transform=log1p",10,0.7426264,0.35821948,0.34351048,-0.13719755,-5.6584855
xylose_gL,all_known,raman_interpretable,pcr,"n_components=3,alpha=1.0,max_features=24,y_transform=log1p",10,0.74286491,0.36792861,0.35806858,-0.088626165,-4.2106796
xylose_gL,all_known,raman_interpretable,pcr,"n_components=3,alpha=1.0,max_features=48,y_transform=log1p",10,0.74286491,0.36792861,0.35806858,-0.088626165,-4.2106796
xylose_gL,all_known,raman_interpretable,pcr,"n_components=3,alpha=1.0,max_features=96,y_transform=log1p",10,0.74286491,0.36792861,0.35806858,-0.088626165,-4.2106796
xylose_gL,all_known,fusion_interpretable,pls,"n_components=8,alpha=1.0,max_features=12,y_transform=log1p",10,0.74292864,0.35587314,0.34559957,-0.13911846,-6.1782756
xylose_gL,all_known,raman_interpretable,ridge,"alpha=10.0,max_features=12,y_transform=log1p",10,0.74297984,0.36480195,0.35900816,-0.10013688,-4.7108654
xylose_gL,all_known,raman_interpretable,pcr,"n_components=2,alpha=1.0,max_features=12,y_transform=log1p",10,0.74343059,0.36756901,0.36014793,-0.091569223,-4.3505324
xylose_gL,all_known,raman_full,pcr,"n_components=2,alpha=1.0,max_features=384,y_transform=log1p",10,0.74360045,0.36544778,0.35858064,-0.10037109,-4.7301556
xylose_gL,all_known,raman_full,pcr,"n_components=12,alpha=1.0,max_features=384,y_transform=log1p",10,0.74381626,0.34982089,0.34964279,-0.18945119,-7.5305849
xylose_gL,all_known,fusion_full,pcr,"n_components=3,alpha=1.0,max_features=48,y_transform=none",10,0.74392874,0.28282926,0.39875956,-0.42514997,-15.67407
xylose_gL,all_known,raman_interpretable,pcr,"n_components=5,alpha=1.0,max_features=12,y_transform=log1p",10,0.7439852,0.36306617,0.35894215,-0.11203445,-5.2027085
xylose_gL,all_known,raman_interpretable,pcr,"n_components=5,alpha=1.0,max_features=24,y_transform=log1p",10,0.7442712,0.3690273,0.35766526,-0.090000039,-4.283954
xylose_gL,all_known,raman_interpretable,pcr,"n_components=5,alpha=1.0,max_features=48,y_transform=log1p",10,0.7442712,0.3690273,0.35766526,-0.090000039,-4.283954
xylose_gL,all_known,raman_interpretable,pcr,"n_components=5,alpha=1.0,max_features=96,y_transform=log1p",10,0.7442712,0.3690273,0.35766526,-0.090000039,-4.283954
xylose_gL,all_known,fusion_interpretable,knn,"k=9,weighted=True,max_features=24,y_transform=none",10,0.7444181,0.22064256,0.37545531,-0.923567,-27.064929
xylose_gL,all_known,raman_full,pcr,"n_components=5,alpha=1.0,max_features=192,y_transform=log1p",10,0.74450952,0.36647301,0.34682084,-0.1264959,-5.3021141
xylose_gL,all_known,fusion_interpretable,pls,"n_components=12,alpha=1.0,max_features=12,y_transform=log1p",10,0.74479221,0.35203397,0.34721425,-0.16470731,-7.1556476
xylose_gL,all_known,fusion_full,pcr,"n_components=2,alpha=1.0,max_features=48,y_transform=none",10,0.74508227,0.28220499,0.3998004,-0.42330962,-15.785323
xylose_gL,all_known,fusion_interpretable,pcr,"n_components=5,alpha=1.0,max_features=24,y_transform=log1p",10,0.74512331,0.37161646,0.35269825,-0.097118134,-4.2862868
xylose_gL,all_known,fusion_interpretable,knn,"k=5,weighted=True,max_features=12,y_transform=log1p",10,0.74548132,0.29322915,0.34201915,-0.49105697,-16.863637
xylose_gL,all_known,fusion_interpretable,pcr,"n_components=8,alpha=1.0,max_features=48,y_transform=log1p",10,0.74550658,0.35579703,0.35102347,-0.14785692,-6.5913732
xylose_gL,all_known,fusion_interpretable,pcr,"n_components=8,alpha=1.0,max_features=96,y_transform=log1p",10,0.74550658,0.35579703,0.35102347,-0.14785692,-6.5913732
xylose_gL,all_known,raman_full,pcr,"n_components=3,alpha=1.0,max_features=24,y_transform=none",10,0.74580132,0.3075955,0.40904333,-0.32108134,-12.753612
xylose_gL,all_known,eem_full,ridge,"alpha=10.0,max_features=48,y_transform=none",10,0.74588223,0.11693961,0.48703285,-1.6442474,-50.878537
xylose_gL,all_known,fusion_full,pcr,"n_components=5,alpha=1.0,max_features=48,y_transform=none",10,0.74593474,0.27855297,0.4027371,-0.49161874,-17.174427
xylose_gL,all_known,raman_full,pcr,"n_components=8,alpha=1.0,max_features=192,y_transform=log1p",10,0.74602913,0.3615118,0.34514395,-0.15965721,-6.4866697
xylose_gL,all_known,raman_interpretable,pls,"n_components=5,alpha=1.0,max_features=12,y_transform=log1p",10,0.74609006,0.36076666,0.36254626,-0.12694875,-5.9062672
xylose_gL,all_known,raman_interpretable,pcr,"n_components=12,alpha=1.0,max_features=12,y_transform=log1p",10,0.74629872,0.36298714,0.36336371,-0.1193522,-5.585205
xylose_gL,all_known,raman_interpretable,ridge,"alpha=1.0,max_features=12,y_transform=log1p",10,0.74629872,0.36298714,0.36336371,-0.1193522,-5.585205
xylose_gL,all_known,fusion_interpretable,pcr,"n_components=8,alpha=1.0,max_features=24,y_transform=log1p",10,0.74629968,0.35778083,0.34955052,-0.13019878,-5.9323029
xylose_gL,all_known,raman_interpretable,pcr,"n_components=8,alpha=1.0,max_features=12,y_transform=log1p",10,0.74635599,0.3629485,0.36340151,-0.11962329,-5.5983532
xylose_gL,all_known,raman_full,pls,"n_components=2,alpha=1.0,max_features=192,y_transform=log1p",10,0.74645108,0.35418817,0.35184455,-0.15422362,-6.7876184
xylose_gL,all_known,fusion_interpretable,pcr,"n_components=5,alpha=1.0,max_features=12,y_transform=log1p",10,0.74659615,0.35420035,0.35189279,-0.16721078,-7.1646251
xylose_gL,all_known,fusion_full,knn,"k=5,weighted=True,max_features=12,y_transform=log1p",10,0.74664156,0.25799314,0.34711185,-0.66194843,-21.553725
xylose_gL,all_known,raman_interpretable,pls,"n_components=2,alpha=1.0,max_features=12,y_transform=log1p",10,0.74672673,0.3684854,0.3592687,-0.10046866,-4.7589538
xylose_gL,all_known,raman_full,pcr,"n_components=5,alpha=1.0,max_features=24,y_transform=none",10,0.74673707,0.30301283,0.40833404,-0.34885323,-13.607448
xylose_gL,all_known,fusion_full,pcr,"n_components=2,alpha=1.0,max_features=24,y_transform=none",10,0.74687151,0.27655674,0.4111187,-0.46395814,-17.001815
xylose_gL,all_known,raman_full,pcr,"n_components=3,alpha=1.0,max_features=12,y_transform=none",10,0.74688968,0.30336119,0.4097446,-0.35425617,-13.759146
xylose_gL,all_known,fusion_interpretable,ridge,"alpha=0.1,max_features=12,y_transform=log1p",10,0.74720012,0.35010356,0.34795022,-0.18244551,-7.8899085
xylose_gL,all_known,fusion_interpretable,ridge,"alpha=1.0,max_features=24,y_transform=log1p",10,0.74759177,0.3457075,0.3543864,-0.19875544,-8.4432457
xylose_gL,all_known,raman_interpretable,pls,"n_components=3,alpha=1.0,max_features=12,y_transform=log1p",10,0.74795982,0.36492809,0.36225168,-0.11596274,-5.4835303
xylose_gL,all_known,raman_interpretable,pcr,"n_components=3,alpha=1.0,max_features=12,y_transform=log1p",10,0.74801533,0.36917961,0.3625908,-0.10387195,-4.9249288
xylose_gL,all_known,fusion_interpretable,knn,"k=3,weighted=True,max_features=48,y_transform=log1p",10,0.74826343,0.26344298,0.3362829,-1.3236941,-29.303612
xylose_gL,all_known,fusion_interpretable,knn,"k=3,weighted=True,max_features=96,y_transform=log1p",10,0.74826343,0.26344298,0.3362829,-1.3236941,-29.303612
xylose_gL,all_known,fusion_full,knn,"k=5,weighted=True,max_features=24,y_transform=log1p",10,0.74867982,0.23656183,0.35897824,-0.87797533,-25.604086
xylose_gL,all_known,raman_full,pcr,"n_components=2,alpha=1.0,max_features=96,y_transform=none",10,0.74982673,0.30681779,0.41907693,-0.35827818,-13.862727
xylose_gL,all_known,raman_full,knn,"k=9,weighted=True,max_features=384,y_transform=log1p",10,0.7499267,0.30267335,0.33351069,-0.40985756,-15.04071
xylose_gL,all_known,raman_full,ridge,"alpha=10.0,max_features=12,y_transform=none",10,0.75012069,0.30044385,0.41556914,-0.3746341,-14.616872
xylose_gL,all_known,fusion_full,pcr,"n_components=3,alpha=1.0,max_features=24,y_transform=none",10,0.75022174,0.27300604,0.40839017,-0.53273214,-18.657371
xylose_gL,all_known,raman_full,pcr,"n_components=5,alpha=1.0,max_features=12,y_transform=none",10,0.75037303,0.29877489,0.41221427,-0.39120199,-15.02197
xylose_gL,all_known,fusion_full,pcr,"n_components=8,alpha=1.0,max_features=96,y_transform=none",10,0.75053903,0.27501822,0.42016632,-0.51678489,-18.336995
xylose_gL,all_known,raman_full,pcr,"n_components=8,alpha=1.0,max_features=12,y_transform=none",10,0.75055898,0.29895749,0.41562378,-0.37782159,-14.75247
xylose_gL,all_known,fusion_interpretable,pls,"n_components=2,alpha=1.0,max_features=24,y_transform=log1p",10,0.75069219,0.36209777,0.3499586,-0.15048458,-6.6789677
xylose_gL,all_known,raman_full,ridge,"alpha=1.0,max_features=24,y_transform=log1p",10,0.75076772,0.31114205,0.36728915,-0.4355311,-15.192565
xylose_gL,all_known,raman_full,pcr,"n_components=2,alpha=1.0,max_features=24,y_transform=log1p",10,0.75087222,0.37334201,0.3486652,-0.11899472,-5.1915378
xylose_gL,all_known,raman_full,pcr,"n_components=12,alpha=1.0,max_features=24,y_transform=log1p",10,0.75110139,0.35547907,0.35444715,-0.17165861,-7.5595796
xylose_gL,all_known,eem_interpretable,knn,"k=3,weighted=True,max_features=12,y_transform=none",10,0.7518134,0.17483663,0.38325299,-1.7279156,-51.056787
xylose_gL,all_known,eem_interpretable,knn,"k=3,weighted=True,max_features=24,y_transform=none",10,0.7518134,0.17483663,0.38325299,-1.7279156,-51.056787
xylose_gL,all_known,eem_interpretable,knn,"k=3,weighted=True,max_features=48,y_transform=none",10,0.7518134,0.17483663,0.38325299,-1.7279156,-51.056787
xylose_gL,all_known,eem_interpretable,knn,"k=3,weighted=True,max_features=96,y_transform=none",10,0.7518134,0.17483663,0.38325299,-1.7279156,-51.056787
xylose_gL,all_known,fusion_full,pcr,"n_components=2,alpha=1.0,max_features=12,y_transform=none",10,0.75210307,0.27574155,0.41573904,-0.49939059,-18.186596
xylose_gL,all_known,fusion_interpretable,pcr,"n_components=3,alpha=1.0,max_features=24,y_transform=none",10,0.75260062,0.32915266,0.42090026,-0.31440849,-12.173737
xylose_gL,all_known,fusion_interpretable,pcr,"n_components=3,alpha=1.0,max_features=48,y_transform=none",10,0.75292922,0.32992164,0.42332317,-0.30936513,-12.041978
xylose_gL,all_known,fusion_interpretable,pcr,"n_components=3,alpha=1.0,max_features=96,y_transform=none",10,0.75292922,0.32992164,0.42332317,-0.30936513,-12.041978
xylose_gL,all_known,fusion_full,knn,"k=5,weighted=True,max_features=96,y_transform=log1p",10,0.75299997,0.2421653,0.34437833,-0.69402995,-22.532698
xylose_gL,all_known,fusion_full,pcr,"n_components=5,alpha=1.0,max_features=96,y_transform=none",10,0.75306593,0.27566398,0.40424038,-0.53494711,-18.808437
xylose_gL,all_known,raman_full,pcr,"n_components=3,alpha=1.0,max_features=48,y_transform=none",10,0.75318491,0.29879754,0.41462921,-0.40121214,-15.415625
xylose_gL,all_known,fusion_full,pcr,"n_components=8,alpha=1.0,max_features=48,y_transform=none",10,0.75325722,0.27220752,0.42869871,-0.56626823,-19.617467
xylose_gL,all_known,raman_full,pcr,"n_components=5,alpha=1.0,max_features=48,y_transform=none",10,0.7535381,0.29398892,0.4091105,-0.42921558,-16.174573
xylose_gL,all_known,fusion_full,pcr,"n_components=2,alpha=1.0,max_features=96,y_transform=none",10,0.75367738,0.29724337,0.39901037,-0.39879068,-15.453237
xylose_gL,all_known,raman_full,pcr,"n_components=2,alpha=1.0,max_features=48,y_transform=log1p",10,0.7544646,0.37297765,0.35121856,-0.13551078,-5.9877294
xylose_gL,all_known,fusion_full,knn,"k=9,weighted=True,max_features=384,y_transform=none",10,0.75470302,0.20322557,0.35648911,-1.0162627,-29.763303
xylose_gL,all_known,raman_full,pcr,"n_components=2,alpha=1.0,max_features=12,y_transform=none",10,0.75487591,0.30882946,0.41550434,-0.36594034,-14.463734
xylose_gL,all_known,fusion_full,pcr,"n_components=3,alpha=1.0,max_features=96,y_transform=none",10,0.75497231,0.28250355,0.40462651,-0.48858459,-17.89808
xylose_gL,all_known,fusion_interpretable,knn,"k=5,weighted=True,max_features=24,y_transform=none",10,0.7551551,0.21274384,0.36631154,-1.2606756,-33.539058
xylose_gL,all_known,fusion_full,pcr,"n_components=2,alpha=1.0,max_features=192,y_transform=none",10,0.75528552,0.29798619,0.40453026,-0.40691471,-15.812167
xylose_gL,all_known,fusion_full,pcr,"n_components=2,alpha=1.0,max_features=384,y_transform=log1p",10,0.75546343,0.37039779,0.3581407,-0.1303901,-6.1357598
xylose_gL,all_known,fusion_full,pcr,"n_components=3,alpha=1.0,max_features=384,y_transform=none",10,0.75598846,0.28772203,0.41375113,-0.47033741,-17.401654
xylose_gL,all_known,eem_full,ridge,"alpha=10.0,max_features=96,y_transform=none",10,0.75609191,0.12471437,0.49719405,-1.7110671,-53.028228
xylose_gL,all_known,raman_full,pls,"n_components=2,alpha=1.0,max_features=12,y_transform=none",10,0.75650935,0.29368122,0.42239072,-0.43633508,-16.706
xylose_gL,all_known,fusion_interpretable,pcr,"n_components=2,alpha=1.0,max_features=24,y_transform=none",10,0.75651523,0.33151797,0.43228669,-0.30236015,-12.312057
xylose_gL,all_known,fusion_full,pcr,"n_components=3,alpha=1.0,max_features=12,y_transform=none",10,0.75664162,0.27034278,0.41976049,-0.58631362,-20.366629
xylose_gL,all_known,raman_full,pcr,"n_components=8,alpha=1.0,max_features=24,y_transform=none",10,0.75706483,0.29768809,0.42154569,-0.43092745,-16.486756
xylose_gL,all_known,raman_full,pls,"n_components=5,alpha=1.0,max_features=192,y_transform=log1p",10,0.75708643,0.32517334,0.38438969,-0.38910963,-14.130461
xylose_gL,all_known,raman_interpretable,knn,"k=9,weighted=True,max_features=24,y_transform=log1p",10,0.75719577,0.32013415,0.36209932,-0.34580415,-13.650561
xylose_gL,all_known,raman_interpretable,knn,"k=9,weighted=True,max_features=48,y_transform=log1p",10,0.75719577,0.32013415,0.36209932,-0.34580415,-13.650561
xylose_gL,all_known,raman_interpretable,knn,"k=9,weighted=True,max_features=96,y_transform=log1p",10,0.75719577,0.32013415,0.36209932,-0.34580415,-13.650561
xylose_gL,all_known,fusion_interpretable,pcr,"n_components=3,alpha=1.0,max_features=12,y_transform=none",10,0.75726921,0.33059921,0.41927706,-0.31806408,-12.618674
xylose_gL,all_known,fusion_full,pcr,"n_components=3,alpha=1.0,max_features=192,y_transform=none",10,0.75763078,0.27989934,0.41099188,-0.51273897,-18.689667
xylose_gL,all_known,fusion_interpretable,pcr,"n_components=2,alpha=1.0,max_features=12,y_transform=none",10,0.75791583,0.33000841,0.4211662,-0.33253799,-12.999542
xylose_gL,all_known,fusion_full,pcr,"n_components=5,alpha=1.0,max_features=24,y_transform=none",10,0.75834244,0.26810845,0.42810016,-0.6135544,-21.070266
xylose_gL,all_known,fusion_interpretable,pcr,"n_components=2,alpha=1.0,max_features=48,y_transform=none",10,0.75880974,0.33139108,0.43501501,-0.30778624,-12.635632
xylose_gL,all_known,fusion_interpretable,pcr,"n_components=2,alpha=1.0,max_features=96,y_transform=none",10,0.75880974,0.33139108,0.43501501,-0.30778624,-12.635632
xylose_gL,all_known,raman_full,knn,"k=5,weighted=True,max_features=24,y_transform=log1p",10,0.75919201,0.26335494,0.37501591,-0.71480776,-22.339116
xylose_gL,all_known,fusion_interpretable,ridge,"alpha=10.0,max_features=12,y_transform=none",10,0.75931209,0.31460935,0.41102646,-0.39190476,-15.212782
xylose_gL,all_known,raman_full,pls,"n_components=8,alpha=1.0,max_features=24,y_transform=log1p",10,0.75948257,0.30805751,0.36750874,-0.50452686,-17.483725
xylose_gL,all_known,raman_full,knn,"k=3,weighted=True,max_features=12,y_transform=log1p",10,0.75953331,0.2136409,0.3839476,-1.6829502,-39.815257
xylose_gL,all_known,fusion_full,pls,"n_components=5,alpha=1.0,max_features=48,y_transform=log1p",10,0.75976383,0.29129922,0.38966102,-0.44577748,-17.160213
xylose_gL,all_known,raman_interpretable,pcr,"n_components=2,alpha=1.0,max_features=24,y_transform=none",10,0.76045227,0.32931302,0.43580619,-0.32689713,-13.281654
xylose_gL,all_known,raman_interpretable,pcr,"n_components=2,alpha=1.0,max_features=48,y_transform=none",10,0.76045227,0.32931302,0.43580619,-0.32689713,-13.281654
xylose_gL,all_known,raman_interpretable,pcr,"n_components=2,alpha=1.0,max_features=96,y_transform=none",10,0.76045227,0.32931302,0.43580619,-0.32689713,-13.281654
xylose_gL,all_known,fusion_full,pls,"n_components=3,alpha=1.0,max_features=192,y_transform=log1p",10,0.76051781,0.34849825,0.36208375,-0.26616762,-10.878451
xylose_gL,all_known,raman_full,pls,"n_components=2,alpha=1.0,max_features=24,y_transform=none",10,0.76060601,0.28750089,0.42447932,-0.51049071,-18.77663
xylose_gL,all_known,fusion_interpretable,pls,"n_components=2,alpha=1.0,max_features=48,y_transform=log1p",10,0.7607019,0.37583411,0.35320568,-0.16507119,-7.2075925
xylose_gL,all_known,fusion_interpretable,pls,"n_components=2,alpha=1.0,max_features=96,y_transform=log1p",10,0.7607019,0.37583411,0.35320568,-0.16507119,-7.2075925
xylose_gL,all_known,raman_full,pls,"n_components=3,alpha=1.0,max_features=192,y_transform=log1p",10,0.76081784,0.3666298,0.36425677,-0.23955944,-9.6690118
xylose_gL,all_known,raman_full,pcr,"n_components=2,alpha=1.0,max_features=24,y_transform=none",10,0.76095777,0.31591679,0.41561212,-0.36018881,-14.544853
xylose_gL,all_known,raman_interpretable,pls,"n_components=8,alpha=1.0,max_features=12,y_transform=log1p",10,0.76100843,0.36969536,0.36998698,-0.16123472,-7.4617382
xylose_gL,all_known,fusion_interpretable,knn,"k=9,weighted=True,max_features=12,y_transform=none",10,0.76111739,0.25168993,0.38859575,-0.80235286,-25.374906
xylose_gL,all_known,eem_full,pls,"n_components=5,alpha=1.0,max_features=96,y_transform=none",10,0.76114137,0.13795955,0.49661993,-1.7239229,-53.502813
xylose_gL,all_known,raman_interpretable,pls,"n_components=12,alpha=1.0,max_features=12,y_transform=log1p",10,0.76124474,0.36939839,0.37020528,-0.16295491,-7.542529
xylose_gL,all_known,raman_full,pcr,"n_components=3,alpha=1.0,max_features=192,y_transform=log1p",10,0.76186948,0.37960016,0.35495349,-0.16305293,-6.9950023
xylose_gL,all_known,fusion_full,pls,"n_components=2,alpha=1.0,max_features=48,y_transform=none",10,0.76227642,0.26770808,0.43284736,-0.65038988,-22.077518
xylose_gL,all_known,raman_full,pls,"n_components=5,alpha=1.0,max_features=12,y_transform=none",10,0.76230562,0.29413005,0.42855387,-0.48101078,-18.134511
xylose_gL,all_known,fusion_full,pcr,"n_components=12,alpha=1.0,max_features=48,y_transform=none",10,0.76232677,0.26166861,0.45361543,-0.66405655,-22.687354
xylose_gL,all_known,fusion_full,pcr,"n_components=12,alpha=1.0,max_features=96,y_transform=none",10,0.7624292,0.2668041,0.43952819,-0.61527281,-21.591339
xylose_gL,all_known,raman_full,pcr,"n_components=3,alpha=1.0,max_features=384,y_transform=none",10,0.76270699,0.31483418,0.42869977,-0.40092585,-15.693019
xylose_gL,all_known,raman_interpretable,knn,"k=9,weighted=True,max_features=12,y_transform=log1p",10,0.76299933,0.34556052,0.36650002,-0.30139097,-12.181964
xylose_gL,all_known,raman_full,pcr,"n_components=8,alpha=1.0,max_features=48,y_transform=none",10,0.76319344,0.28831631,0.42828137,-0.52959438,-19.343582
xylose_gL,all_known,fusion_interpretable,pcr,"n_components=5,alpha=1.0,max_features=48,y_transform=none",10,0.76329068,0.33485331,0.42667733,-0.33388004,-13.298719
xylose_gL,all_known,fusion_interpretable,pcr,"n_components=5,alpha=1.0,max_features=96,y_transform=none",10,0.76329068,0.33485331,0.42667733,-0.33388004,-13.298719
xylose_gL,all_known,raman_interpretable,pcr,"n_components=2,alpha=1.0,max_features=12,y_transform=none",10,0.76338777,0.32924714,0.43875792,-0.33797518,-13.777516
xylose_gL,all_known,raman_full,ridge,"alpha=1.0,max_features=12,y_transform=none",10,0.76350303,0.28924799,0.4302946,-0.51355192,-19.030424
xylose_gL,all_known,raman_full,pcr,"n_components=12,alpha=1.0,max_features=12,y_transform=none",10,0.76350303,0.28924799,0.4302946,-0.51355192,-19.030424
xylose_gL,all_known,fusion_full,pls,"n_components=2,alpha=1.0,max_features=24,y_transform=none",10,0.76360714,0.26624697,0.43514004,-0.64855702,-22.360892
xylose_gL,all_known,raman_full,pcr,"n_components=2,alpha=1.0,max_features=48,y_transform=none",10,0.76404717,0.31064005,0.42214126,-0.39809714,-15.849868
xylose_gL,all_known,fusion_full,pcr,"n_components=8,alpha=1.0,max_features=24,y_transform=none",10,0.76412891,0.26213776,0.44481852,-0.67911121,-23.052053
xylose_gL,all_known,raman_full,pls,"n_components=2,alpha=1.0,max_features=48,y_transform=none",10,0.76441924,0.28459905,0.43362698,-0.54051973,-19.752337
xylose_gL,all_known,fusion_interpretable,pcr,"n_components=5,alpha=1.0,max_features=24,y_transform=none",10,0.76462276,0.33463067,0.42620378,-0.34114961,-13.513178
xylose_gL,all_known,raman_full,pls,"n_components=3,alpha=1.0,max_features=12,y_transform=none",10,0.76480045,0.29033307,0.4308069,-0.49677235,-18.758071
xylose_gL,all_known,fusion_interpretable,ridge,"alpha=10.0,max_features=24,y_transform=none",10,0.7649403,0.30249734,0.42523592,-0.46890107,-17.777364
xylose_gL,all_known,raman_full,pcr,"n_components=8,alpha=1.0,max_features=384,y_transform=none",10,0.76500804,0.2858367,0.42025598,-0.57242998,-20.203595
xylose_gL,all_known,raman_interpretable,pcr,"n_components=3,alpha=1.0,max_features=24,y_transform=none",10,0.76508982,0.32987943,0.43934028,-0.34184384,-13.966804
xylose_gL,all_known,raman_interpretable,pcr,"n_components=3,alpha=1.0,max_features=48,y_transform=none",10,0.76508982,0.32987943,0.43934028,-0.34184384,-13.966804
xylose_gL,all_known,raman_interpretable,pcr,"n_components=3,alpha=1.0,max_features=96,y_transform=none",10,0.76508982,0.32987943,0.43934028,-0.34184384,-13.966804
xylose_gL,all_known,raman_full,knn,"k=5,weighted=True,max_features=48,y_transform=log1p",10,0.76531855,0.24915561,0.36258938,-0.72193084,-24.402812
xylose_gL,all_known,raman_interpretable,ridge,"alpha=10.0,max_features=12,y_transform=none",10,0.76653061,0.32238371,0.441401,-0.38535802,-15.381426
xylose_gL,all_known,raman_interpretable,pcr,"n_components=5,alpha=1.0,max_features=12,y_transform=none",10,0.76680037,0.32087316,0.44072949,-0.40374612,-15.82903
xylose_gL,all_known,raman_full,knn,"k=5,weighted=True,max_features=384,y_transform=log1p",10,0.766879,0.30310547,0.33243382,-0.54317084,-19.208554
xylose_gL,all_known,raman_full,pcr,"n_components=2,alpha=1.0,max_features=384,y_transform=none",10,0.76709977,0.32441983,0.43923532,-0.37831228,-15.181603
xylose_gL,all_known,fusion_full,pcr,"n_components=5,alpha=1.0,max_features=384,y_transform=none",10,0.76731058,0.29383994,0.41900515,-0.51352648,-19.036775
xylose_gL,all_known,fusion_full,pcr,"n_components=12,alpha=1.0,max_features=24,y_transform=none",10,0.76763714,0.26420348,0.45878794,-0.70783982,-23.91299
xylose_gL,all_known,fusion_interpretable,pls,"n_components=5,alpha=1.0,max_features=12,y_transform=none",10,0.76781077,0.30641123,0.41851678,-0.47073459,-17.867752
xylose_gL,all_known,fusion_full,knn,"k=5,weighted=True,max_features=192,y_transform=log1p",10,0.76786495,0.25245383,0.32918778,-0.74002518,-24.46954
xylose_gL,all_known,fusion_interpretable,pcr,"n_components=8,alpha=1.0,max_features=12,y_transform=none",10,0.76788527,0.30942502,0.41897768,-0.45378587,-17.479723
xylose_gL,all_known,fusion_full,pls,"n_components=2,alpha=1.0,max_features=12,y_transform=none",10,0.76808736,0.25932299,0.44098251,-0.7020907,-23.927577
xylose_gL,all_known,fusion_full,pcr,"n_components=5,alpha=1.0,max_features=192,y_transform=none",10,0.76813525,0.28026126,0.41792506,-0.58946646,-20.97061
xylose_gL,all_known,fusion_full,knn,"k=9,weighted=True,max_features=12,y_transform=none",10,0.76852899,0.22198625,0.40273896,-1.0630715,-31.556052
xylose_gL,all_known,fusion_interpretable,pls,"n_components=3,alpha=1.0,max_features=12,y_transform=none",10,0.76939612,0.30032777,0.42063059,-0.52308817,-19.260823
xylose_gL,all_known,raman_full,pcr,"n_components=12,alpha=1.0,max_features=192,y_transform=log1p",10,0.76979088,0.37788,0.35630929,-0.28482534,-10.912872
xylose_gL,all_known,fusion_full,knn,"k=9,weighted=True,max_features=192,y_transform=none",10,0.77031624,0.22874335,0.36878021,-0.99755615,-30.297206
xylose_gL,all_known,raman_interpretable,pcr,"n_components=5,alpha=1.0,max_features=24,y_transform=none",10,0.77039611,0.3319083,0.44043917,-0.35587539,-14.616793
xylose_gL,all_known,raman_interpretable,pcr,"n_components=5,alpha=1.0,max_features=48,y_transform=none",10,0.77039611,0.3319083,0.44043917,-0.35587539,-14.616793
xylose_gL,all_known,raman_interpretable,pcr,"n_components=5,alpha=1.0,max_features=96,y_transform=none",10,0.77039611,0.3319083,0.44043917,-0.35587539,-14.616793
xylose_gL,all_known,eem_full,pls,"n_components=12,alpha=1.0,max_features=96,y_transform=log1p",10,0.77064683,0.11487186,0.43098091,-2.0235608,-59.223008
xylose_gL,all_known,fusion_full,ridge,"alpha=10.0,max_features=12,y_transform=none",10,0.77101747,0.25404705,0.4497615,-0.72633399,-24.800389
xylose_gL,all_known,raman_full,pls,"n_components=8,alpha=1.0,max_features=12,y_transform=none",10,0.77106977,0.28468916,0.43918009,-0.5982426,-21.45583
xylose_gL,all_known,raman_full,ridge,"alpha=10.0,max_features=24,y_transform=none",10,0.77143535,0.28434495,0.44251316,-0.61726029,-21.89424
xylose_gL,all_known,raman_interpretable,pcr,"n_components=3,alpha=1.0,max_features=12,y_transform=none",10,0.77159862,0.33188473,0.44278185,-0.36506779,-14.909693
xylose_gL,all_known,raman_full,knn,"k=9,weighted=True,max_features=96,y_transform=none",10,0.77177903,0.21496835,0.38474978,-1.0246343,-31.128689
xylose_gL,all_known,raman_full,pls,"n_components=12,alpha=1.0,max_features=12,y_transform=none",10,0.77180391,0.28103023,0.44287419,-0.61299813,-21.906221
xylose_gL,all_known,raman_full,ridge,"alpha=0.1,max_features=12,y_transform=none",10,0.77223525,0.28122065,0.44229922,-0.615623,-21.9961
xylose_gL,all_known,raman_interpretable,knn,"k=5,weighted=True,max_features=24,y_transform=log1p",10,0.77224759,0.31563468,0.37091383,-0.45845167,-17.395466
xylose_gL,all_known,raman_interpretable,knn,"k=5,weighted=True,max_features=48,y_transform=log1p",10,0.77224759,0.31563468,0.37091383,-0.45845167,-17.395466
xylose_gL,all_known,raman_interpretable,knn,"k=5,weighted=True,max_features=96,y_transform=log1p",10,0.77224759,0.31563468,0.37091383,-0.45845167,-17.395466
xylose_gL,all_known,raman_full,ridge,"alpha=10.0,max_features=96,y_transform=log1p",10,0.77257609,0.31151936,0.40331064,-0.52736394,-18.481917
xylose_gL,all_known,raman_full,knn,"k=5,weighted=True,max_features=192,y_transform=log1p",10,0.77267112,0.27972981,0.33403349,-0.61607292,-22.162511
xylose_gL,all_known,fusion_interpretable,pls,"n_components=2,alpha=1.0,max_features=48,y_transform=none",10,0.77300271,0.31978368,0.41605822,-0.45309837,-17.444038
xylose_gL,all_known,fusion_interpretable,pls,"n_components=2,alpha=1.0,max_features=96,y_transform=none",10,0.77300271,0.31978368,0.41605822,-0.45309837,-17.444038
xylose_gL,all_known,raman_interpretable,pls,"n_components=5,alpha=1.0,max_features=12,y_transform=none",10,0.77311512,0.31435473,0.44851473,-0.45900823,-17.868776
xylose_gL,all_known,fusion_interpretable,pls,"n_components=2,alpha=1.0,max_features=24,y_transform=none",10,0.77313296,0.31113771,0.41575324,-0.5026506,-18.681482
xylose_gL,all_known,fusion_interpretable,pcr,"n_components=5,alpha=1.0,max_features=12,y_transform=none",10,0.77323775,0.30864001,0.42053793,-0.51777867,-19.084156
xylose_gL,all_known,fusion_interpretable,pcr,"n_components=12,alpha=1.0,max_features=12,y_transform=none",10,0.77339585,0.3069987,0.42287832,-0.50627889,-19.091655
xylose_gL,all_known,fusion_interpretable,ridge,"alpha=1.0,max_features=12,y_transform=none",10,0.77339585,0.3069987,0.42287832,-0.50627889,-19.091655
xylose_gL,all_known,fusion_full,pcr,"n_components=8,alpha=1.0,max_features=384,y_transform=none",10,0.77346198,0.28313973,0.4241351,-0.60908395,-21.757788
xylose_gL,all_known,fusion_interpretable,pls,"n_components=2,alpha=1.0,max_features=12,y_transform=log1p",10,0.77374206,0.37483488,0.35837702,-0.24309155,-10.303972
xylose_gL,all_known,fusion_interpretable,pcr,"n_components=12,alpha=1.0,max_features=24,y_transform=none",10,0.77380781,0.29188874,0.43944892,-0.56070567,-20.789268
xylose_gL,all_known,raman_full,pcr,"n_components=5,alpha=1.0,max_features=192,y_transform=none",10,0.77399611,0.30475618,0.42317571,-0.52088022,-19.5099
xylose_gL,all_known,fusion_full,pcr,"n_components=5,alpha=1.0,max_features=12,y_transform=none",10,0.77418076,0.25649388,0.45004176,-0.75333956,-25.52784
xylose_gL,all_known,raman_full,ridge,"alpha=0.1,max_features=24,y_transform=log1p",10,0.77433177,0.28380803,0.38822544,-0.8162821,-24.949822
xylose_gL,all_known,fusion_interpretable,pls,"n_components=12,alpha=1.0,max_features=24,y_transform=log1p",10,0.77479248,0.35209883,0.36597995,-0.33099183,-13.657098
xylose_gL,all_known,raman_interpretable,pls,"n_components=2,alpha=1.0,max_features=24,y_transform=log1p",10,0.7749174,0.3866596,0.36478675,-0.18561126,-8.3128242
xylose_gL,all_known,raman_interpretable,pls,"n_components=2,alpha=1.0,max_features=48,y_transform=log1p",10,0.7749174,0.3866596,0.36478675,-0.18561126,-8.3128242
xylose_gL,all_known,raman_interpretable,pls,"n_components=2,alpha=1.0,max_features=96,y_transform=log1p",10,0.7749174,0.3866596,0.36478675,-0.18561126,-8.3128242
xylose_gL,all_known,raman_interpretable,pls,"n_components=2,alpha=1.0,max_features=12,y_transform=none",10,0.7749805,0.32380575,0.44407603,-0.41005177,-16.544683
xylose_gL,all_known,raman_full,pcr,"n_components=3,alpha=1.0,max_features=192,y_transform=none",10,0.77503332,0.31331363,0.42800073,-0.4670727,-18.089226
xylose_gL,all_known,fusion_interpretable,pcr,"n_components=8,alpha=1.0,max_features=24,y_transform=none",10,0.77513698,0.31414433,0.41916276,-0.45570334,-17.825575
xylose_gL,all_known,raman_interpretable,pcr,"n_components=12,alpha=1.0,max_features=12,y_transform=none",10,0.77526035,0.31636703,0.44971679,-0.45521582,-17.869385
xylose_gL,all_known,raman_interpretable,ridge,"alpha=1.0,max_features=12,y_transform=none",10,0.77526035,0.31636703,0.44971679,-0.45521582,-17.869385
xylose_gL,all_known,raman_full,pls,"n_components=12,alpha=1.0,max_features=24,y_transform=log1p",10,0.77527903,0.28396992,0.38182028,-0.86108713,-25.6578
xylose_gL,all_known,raman_interpretable,pcr,"n_components=8,alpha=1.0,max_features=12,y_transform=none",10,0.77537699,0.31625697,0.44982613,-0.45594521,-17.899018
xylose_gL,all_known,fusion_full,pcr,"n_components=8,alpha=1.0,max_features=12,y_transform=none",10,0.77586859,0.25431806,0.45779429,-0.78928337,-26.356061
xylose_gL,all_known,raman_full,pcr,"n_components=5,alpha=1.0,max_features=384,y_transform=none",10,0.77587002,0.31728219,0.4217377,-0.49801812,-18.710957
xylose_gL,all_known,raman_full,pcr,"n_components=12,alpha=1.0,max_features=48,y_transform=none",10,0.77595136,0.28552144,0.44272824,-0.66092186,-22.91481
xylose_gL,all_known,fusion_full,knn,"k=9,weighted=True,max_features=96,y_transform=none",10,0.77596975,0.21009406,0.38491072,-1.149995,-33.669889
xylose_gL,all_known,fusion_full,pcr,"n_components=12,alpha=1.0,max_features=192,y_transform=log1p",10,0.77598227,0.39896099,0.35104328,-0.25505744,-9.7863855
xylose_gL,all_known,raman_interpretable,knn,"k=5,weighted=True,max_features=12,y_transform=log1p",10,0.77611543,0.34162281,0.36850257,-0.42388858,-16.201872
xylose_gL,all_known,eem_full,knn,"k=3,weighted=True,max_features=24,y_transform=none",10,0.77629225,0.1215776,0.36857168,-2.6484269,-67.886358
xylose_gL,all_known,fusion_interpretable,pcr,"n_components=8,alpha=1.0,max_features=48,y_transform=none",10,0.77676618,0.3117033,0.42430022,-0.49940841,-19.041134
xylose_gL,all_known,fusion_interpretable,pcr,"n_components=8,alpha=1.0,max_features=96,y_transform=none",10,0.77676618,0.3117033,0.42430022,-0.49940841,-19.041134
xylose_gL,all_known,raman_full,pcr,"n_components=8,alpha=1.0,max_features=192,y_transform=none",10,0.77680718,0.29392786,0.42299129,-0.60504972,-21.677331
xylose_gL,all_known,eem_full,pls,"n_components=5,alpha=1.0,max_features=48,y_transform=none",10,0.77759989,0.10395788,0.51500126,-2.0476154,-60.071602
xylose_gL,all_known,raman_interpretable,pls,"n_components=3,alpha=1.0,max_features=12,y_transform=none",10,0.77816364,0.32340215,0.44596997,-0.42589545,-17.203625
xylose_gL,all_known,fusion_interpretable,pls,"n_components=2,alpha=1.0,max_features=12,y_transform=none",10,0.77825925,0.31625928,0.42263744,-0.50506286,-18.95845
xylose_gL,all_known,fusion_full,pcr,"n_components=2,alpha=1.0,max_features=384,y_transform=none",10,0.77874542,0.32924642,0.4345099,-0.40673689,-16.542819
xylose_gL,all_known,fusion_interpretable,pls,"n_components=8,alpha=1.0,max_features=24,y_transform=none",10,0.77933914,0.28685595,0.44356714,-0.62313264,-22.664901
xylose_gL,all_known,fusion_full,pcr,"n_components=12,alpha=1.0,max_features=384,y_transform=none",10,0.77951508,0.28952857,0.42851666,-0.61936899,-22.35946
xylose_gL,all_known,fusion_full,pcr,"n_components=8,alpha=1.0,max_features=192,y_transform=none",10,0.78028837,0.28886611,0.42885644,-0.63330994,-22.681719
xylose_gL,all_known,raman_full,ridge,"alpha=10.0,max_features=48,y_transform=log1p",10,0.78063687,0.3276372,0.3827804,-0.48876575,-18.304063
xylose_gL,all_known,raman_full,knn,"k=5,weighted=True,max_features=96,y_transform=none",10,0.7807186,0.22631035,0.36984563,-1.3205161,-36.651382
xylose_gL,all_known,fusion_interpretable,pls,"n_components=8,alpha=1.0,max_features=12,y_transform=none",10,0.78084597,0.30418838,0.42946718,-0.5610454,-20.97126
xylose_gL,all_known,raman_full,pcr,"n_components=12,alpha=1.0,max_features=24,y_transform=none",10,0.78086409,0.29451333,0.43623048,-0.56650934,-21.426787
xylose_gL,all_known,raman_full,pcr,"n_components=3,alpha=1.0,max_features=96,y_transform=none",10,0.78214892,0.31693046,0.43322029,-0.50162847,-19.333361
xylose_gL,all_known,fusion_full,pls,"n_components=2,alpha=1.0,max_features=96,y_transform=none",10,0.78233962,0.26380854,0.44507955,-0.75354007,-25.864613
xylose_gL,all_known,fusion_interpretable,pls,"n_components=5,alpha=1.0,max_features=24,y_transform=none",10,0.78252628,0.28668949,0.44295297,-0.6377319,-23.140031
xylose_gL,all_known,raman_full,pcr,"n_components=5,alpha=1.0,max_features=384,y_transform=log1p",10,0.7826055,0.42324323,0.35347406,-0.25148468,-9.1451847
xylose_gL,all_known,fusion_full,pcr,"n_components=12,alpha=1.0,max_features=12,y_transform=none",10,0.78263104,0.24270481,0.46675691,-0.84725842,-28.295112
xylose_gL,all_known,fusion_full,ridge,"alpha=1.0,max_features=12,y_transform=none",10,0.78263104,0.24270481,0.46675691,-0.84725842,-28.295112
xylose_gL,all_known,fusion_full,pls,"n_components=3,alpha=1.0,max_features=12,y_transform=none",10,0.78291606,0.24519804,0.46727013,-0.8644818,-28.594526
xylose_gL,all_known,fusion_full,pls,"n_components=8,alpha=1.0,max_features=12,y_transform=none",10,0.78339127,0.2411169,0.46880297,-0.85871574,-28.601906
xylose_gL,all_known,fusion_full,ridge,"alpha=10.0,max_features=24,y_transform=none",10,0.78339358,0.24436096,0.46750079,-0.8772467,-28.944112
xylose_gL,all_known,fusion_full,pls,"n_components=5,alpha=1.0,max_features=12,y_transform=none",10,0.78340955,0.24299631,0.46837097,-0.85951395,-28.582824
xylose_gL,all_known,raman_full,knn,"k=9,weighted=True,max_features=192,y_transform=none",10,0.78383971,0.22547394,0.37534497,-1.0414837,-32.341955
xylose_gL,all_known,fusion_full,pls,"n_components=12,alpha=1.0,max_features=12,y_transform=none",10,0.78390121,0.24139058,0.46848263,-0.86000905,-28.661923
xylose_gL,all_known,raman_full,pls,"n_components=3,alpha=1.0,max_features=384,y_transform=none",10,0.78406974,0.28897621,0.44765096,-0.69094255,-24.223881
xylose_gL,all_known,raman_full,pls,"n_components=2,alpha=1.0,max_features=384,y_transform=log1p",10,0.78438325,0.41204279,0.35640592,-0.25748212,-9.9324186
xylose_gL,all_known,raman_full,pls,"n_components=2,alpha=1.0,max_features=192,y_transform=none",10,0.78440206,0.29592283,0.4367924,-0.60599649,-22.476285
xylose_gL,all_known,fusion_full,ridge,"alpha=1.0,max_features=48,y_transform=log1p",10,0.78458171,0.26045632,0.40814638,-0.74637915,-26.149363
xylose_gL,all_known,fusion_full,ridge,"alpha=0.1,max_features=12,y_transform=none",10,0.78466178,0.24070463,0.46953966,-0.86807172,-28.887505
xylose_gL,all_known,raman_full,pls,"n_components=3,alpha=1.0,max_features=48,y_transform=log1p",10,0.78508606,0.36878533,0.37208372,-0.36507701,-14.6251
xylose_gL,all_known,fusion_interpretable,knn,"k=3,weighted=True,max_features=24,y_transform=none",10,0.78518046,0.2037461,0.366166,-1.4071613,-38.237852
xylose_gL,all_known,raman_full,knn,"k=9,weighted=True,max_features=24,y_transform=none",10,0.78547485,0.22381851,0.41466396,-1.2197917,-35.135371
xylose_gL,all_known,fusion_interpretable,pls,"n_components=12,alpha=1.0,max_features=12,y_transform=none",10,0.78580156,0.29977864,0.43321574,-0.62621908,-22.804643
xylose_gL,all_known,raman_full,pls,"n_components=3,alpha=1.0,max_features=24,y_transform=none",10,0.78596446,0.27326404,0.45500547,-0.73247632,-25.695102
xylose_gL,all_known,fusion_full,pls,"n_components=3,alpha=1.0,max_features=24,y_transform=none",10,0.7861929,0.24949281,0.47557136,-0.88398862,-29.143377
xylose_gL,all_known,fusion_full,pls,"n_components=2,alpha=1.0,max_features=384,y_transform=none",10,0.78637145,0.29405743,0.42654118,-0.6538158,-23.582788
xylose_gL,all_known,raman_full,pcr,"n_components=12,alpha=1.0,max_features=384,y_transform=none",10,0.78803391,0.27516686,0.44432341,-0.7957762,-26.76618
xylose_gL,all_known,fusion_full,knn,"k=9,weighted=True,max_features=24,y_transform=none",10,0.78838663,0.19050218,0.41675628,-1.2766627,-37.388242
xylose_gL,all_known,raman_full,pls,"n_components=3,alpha=1.0,max_features=384,y_transform=log1p",10,0.78905996,0.41334943,0.36679969,-0.38800009,-13.713638
xylose_gL,all_known,fusion_interpretable,ridge,"alpha=0.1,max_features=12,y_transform=none",10,0.78924255,0.29797517,0.43514039,-0.65957237,-23.795801
xylose_gL,all_known,fusion_interpretable,pls,"n_components=3,alpha=1.0,max_features=24,y_transform=log1p",10,0.78967507,0.37238844,0.36690442,-0.3432019,-14.2691
xylose_gL,all_known,raman_full,pls,"n_components=2,alpha=1.0,max_features=384,y_transform=none",10,0.79093502,0.32507362,0.43660012,-0.56135317,-21.133752
xylose_gL,all_known,raman_full,pls,"n_components=5,alpha=1.0,max_features=96,y_transform=log1p",10,0.79094897,0.35421554,0.40193137,-0.49323021,-18.22292
xylose_gL,all_known,fusion_interpretable,ridge,"alpha=10.0,max_features=48,y_transform=none",10,0.79166902,0.32603142,0.43380908,-0.54683557,-20.950961
xylose_gL,all_known,fusion_interpretable,ridge,"alpha=10.0,max_features=96,y_transform=none",10,0.79166902,0.32603142,0.43380908,-0.54683557,-20.950961
xylose_gL,all_known,raman_interpretable,pls,"n_components=2,alpha=1.0,max_features=24,y_transform=none",10,0.79291868,0.33291668,0.44688231,-0.47948043,-19.17376
xylose_gL,all_known,raman_interpretable,pls,"n_components=2,alpha=1.0,max_features=48,y_transform=none",10,0.79291868,0.33291668,0.44688231,-0.47948043,-19.17376
xylose_gL,all_known,raman_interpretable,pls,"n_components=2,alpha=1.0,max_features=96,y_transform=none",10,0.79291868,0.33291668,0.44688231,-0.47948043,-19.17376
xylose_gL,all_known,fusion_full,pls,"n_components=8,alpha=1.0,max_features=48,y_transform=log1p",10,0.79306089,0.25738476,0.40966667,-0.78904955,-27.763278
xylose_gL,all_known,fusion_interpretable,ridge,"alpha=1.0,max_features=24,y_transform=none",10,0.79388879,0.28410839,0.45125058,-0.73423282,-26.08974
xylose_gL,all_known,raman_full,knn,"k=9,weighted=True,max_features=384,y_transform=none",10,0.79491445,0.23256948,0.37847537,-1.1354695,-34.462266
xylose_gL,all_known,raman_interpretable,ridge,"alpha=10.0,max_features=24,y_transform=none",10,0.79544887,0.34155024,0.44775427,-0.48031092,-19.099654
xylose_gL,all_known,raman_interpretable,ridge,"alpha=10.0,max_features=48,y_transform=none",10,0.79544887,0.34155024,0.44775427,-0.48031092,-19.099654
xylose_gL,all_known,raman_interpretable,ridge,"alpha=10.0,max_features=96,y_transform=none",10,0.79544887,0.34155024,0.44775427,-0.48031092,-19.099654
xylose_gL,all_known,raman_interpretable,knn,"k=3,weighted=True,max_features=24,y_transform=log1p",10,0.79598718,0.31238369,0.37663365,-0.63799639,-22.989645
xylose_gL,all_known,raman_interpretable,knn,"k=3,weighted=True,max_features=48,y_transform=log1p",10,0.79598718,0.31238369,0.37663365,-0.63799639,-22.989645
xylose_gL,all_known,raman_interpretable,knn,"k=3,weighted=True,max_features=96,y_transform=log1p",10,0.79598718,0.31238369,0.37663365,-0.63799639,-22.989645
xylose_gL,all_known,raman_interpretable,pls,"n_components=3,alpha=1.0,max_features=24,y_transform=none",10,0.79632641,0.33579283,0.44838306,-0.50066144,-19.821743
xylose_gL,all_known,raman_interpretable,pls,"n_components=3,alpha=1.0,max_features=48,y_transform=none",10,0.79632641,0.33579283,0.44838306,-0.50066144,-19.821743
xylose_gL,all_known,raman_interpretable,pls,"n_components=3,alpha=1.0,max_features=96,y_transform=none",10,0.79632641,0.33579283,0.44838306,-0.50066144,-19.821743
xylose_gL,all_known,raman_full,pcr,"n_components=5,alpha=1.0,max_features=96,y_transform=none",10,0.796636,0.32273009,0.43436213,-0.58927631,-22.308878
xylose_gL,all_known,raman_interpretable,pls,"n_components=12,alpha=1.0,max_features=12,y_transform=none",10,0.79667331,0.32701878,0.4592691,-0.52884669,-20.8266
xylose_gL,all_known,raman_interpretable,pls,"n_components=8,alpha=1.0,max_features=12,y_transform=none",10,0.79670599,0.32699587,0.45937486,-0.52891313,-20.831423
xylose_gL,all_known,fusion_full,pcr,"n_components=12,alpha=1.0,max_features=192,y_transform=none",10,0.79709538,0.30654133,0.43829075,-0.69392203,-24.999981
xylose_gL,all_known,raman_full,knn,"k=3,weighted=True,max_features=384,y_transform=log1p",10,0.79780262,0.28910806,0.3271987,-0.82252378,-27.635267
xylose_gL,all_known,fusion_interpretable,pls,"n_components=3,alpha=1.0,max_features=24,y_transform=none",10,0.7987231,0.30451803,0.44082312,-0.67874916,-24.764771
xylose_gL,all_known,raman_full,pcr,"n_components=8,alpha=1.0,max_features=96,y_transform=none",10,0.79875345,0.31479615,0.43041945,-0.68904687,-24.626101
xylose_gL,all_known,fusion_full,pls,"n_components=3,alpha=1.0,max_features=48,y_transform=none",10,0.79951894,0.24387277,0.50062516,-0.99199632,-32.177004
xylose_gL,all_known,raman_full,pcr,"n_components=12,alpha=1.0,max_features=192,y_transform=none",10,0.80023649,0.28578694,0.45194443,-0.83827226,-28.319713
xylose_gL,all_known,fusion_full,knn,"k=5,weighted=True,max_features=48,y_transform=log1p",10,0.8003822,0.22290183,0.38570945,-1.2269602,-35.822276
xylose_gL,all_known,fusion_interpretable,knn,"k=3,weighted=True,max_features=12,y_transform=log1p",10,0.80129153,0.28524513,0.36245427,-0.93276535,-29.701296
xylose_gL,all_known,fusion_full,ridge,"alpha=0.1,max_features=48,y_transform=log1p",10,0.80175256,0.23996777,0.43150311,-0.98812718,-32.403832
xylose_gL,all_known,fusion_interpretable,pls,"n_components=8,alpha=1.0,max_features=48,y_transform=none",10,0.8029672,0.31471963,0.45633617,-0.65374943,-24.501292
xylose_gL,all_known,fusion_interpretable,pls,"n_components=8,alpha=1.0,max_features=96,y_transform=none",10,0.8029672,0.31471963,0.45633617,-0.65374943,-24.501292
xylose_gL,all_known,fusion_interpretable,knn,"k=5,weighted=True,max_features=48,y_transform=none",10,0.80456485,0.19955888,0.38399679,-1.392928,-40.371919
xylose_gL,all_known,fusion_interpretable,knn,"k=5,weighted=True,max_features=96,y_transform=none",10,0.80456485,0.19955888,0.38399679,-1.392928,-40.371919
xylose_gL,all_known,raman_full,pls,"n_components=2,alpha=1.0,max_features=96,y_transform=none",10,0.80490851,0.33404418,0.45456947,-0.66762443,-24.334191
xylose_gL,all_known,raman_full,pcr,"n_components=2,alpha=1.0,max_features=192,y_transform=none",10,0.80524097,0.36222533,0.43626774,-0.51689515,-20.103764
xylose_gL,all_known,raman_full,pcr,"n_components=5,alpha=1.0,max_features=96,y_transform=log1p",10,0.80553382,0.44407748,0.36432776,-0.35115845,-12.780695
xylose_gL,all_known,fusion_interpretable,knn,"k=5,weighted=True,max_features=12,y_transform=none",10,0.8059865,0.22498312,0.38933592,-1.2944798,-38.125542
xylose_gL,all_known,raman_full,knn,"k=3,weighted=True,max_features=192,y_transform=log1p",10,0.80635378,0.27913902,0.33456632,-0.94565075,-31.275744
xylose_gL,all_known,raman_full,knn,"k=9,weighted=True,max_features=48,y_transform=none",10,0.80643394,0.20809238,0.42591654,-1.4255991,-40.723069
xylose_gL,all_known,raman_full,pcr,"n_components=8,alpha=1.0,max_features=96,y_transform=log1p",10,0.80676399,0.44926795,0.36033506,-0.3904495,-13.706989
xylose_gL,all_known,raman_full,pls,"n_components=8,alpha=1.0,max_features=96,y_transform=log1p",10,0.8080927,0.28766478,0.43663367,-1.0758152,-30.878209
xylose_gL,all_known,raman_interpretable,pls,"n_components=8,alpha=1.0,max_features=24,y_transform=none",10,0.80834783,0.32639457,0.4666605,-0.59850406,-23.116478
xylose_gL,all_known,raman_interpretable,pls,"n_components=8,alpha=1.0,max_features=48,y_transform=none",10,0.80834783,0.32639457,0.4666605,-0.59850406,-23.116478
xylose_gL,all_known,raman_interpretable,pls,"n_components=8,alpha=1.0,max_features=96,y_transform=none",10,0.80834783,0.32639457,0.4666605,-0.59850406,-23.116478
xylose_gL,all_known,raman_full,pls,"n_components=5,alpha=1.0,max_features=24,y_transform=none",10,0.80869943,0.26849206,0.48531525,-0.98432789,-32.166735
xylose_gL,all_known,raman_full,ridge,"alpha=1.0,max_features=48,y_transform=log1p",10,0.80940867,0.2728972,0.41868604,-1.1326741,-33.445322
xylose_gL,all_known,fusion_full,knn,"k=9,weighted=True,max_features=48,y_transform=none",10,0.8100036,0.1702936,0.42868001,-1.7615307,-47.068081
xylose_gL,all_known,fusion_full,knn,"k=5,weighted=True,max_features=12,y_transform=none",10,0.81002157,0.20608047,0.40821598,-1.7372231,-46.264337
xylose_gL,all_known,fusion_interpretable,pls,"n_components=5,alpha=1.0,max_features=48,y_transform=none",10,0.81006217,0.31580611,0.44832405,-0.73454226,-26.686633
xylose_gL,all_known,fusion_interpretable,pls,"n_components=5,alpha=1.0,max_features=96,y_transform=none",10,0.81006217,0.31580611,0.44832405,-0.73454226,-26.686633
xylose_gL,all_known,raman_interpretable,ridge,"alpha=0.1,max_features=12,y_transform=none",10,0.81015663,0.3392291,0.46313506,-0.58117065,-22.65886
xylose_gL,all_known,raman_interpretable,pls,"n_components=5,alpha=1.0,max_features=24,y_transform=none",10,0.81173874,0.34754408,0.45009242,-0.59034738,-22.655569
xylose_gL,all_known,raman_interpretable,pls,"n_components=5,alpha=1.0,max_features=48,y_transform=none",10,0.81173874,0.34754408,0.45009242,-0.59034738,-22.655569
xylose_gL,all_known,raman_interpretable,pls,"n_components=5,alpha=1.0,max_features=96,y_transform=none",10,0.81173874,0.34754408,0.45009242,-0.59034738,-22.655569
xylose_gL,all_known,raman_interpretable,pcr,"n_components=8,alpha=1.0,max_features=24,y_transform=none",10,0.8119794,0.34744098,0.45321893,-0.58218046,-22.557071
xylose_gL,all_known,raman_interpretable,pcr,"n_components=8,alpha=1.0,max_features=48,y_transform=none",10,0.8119794,0.34744098,0.45321893,-0.58218046,-22.557071
xylose_gL,all_known,raman_interpretable,pcr,"n_components=8,alpha=1.0,max_features=96,y_transform=none",10,0.8119794,0.34744098,0.45321893,-0.58218046,-22.557071
xylose_gL,all_known,fusion_full,pls,"n_components=12,alpha=1.0,max_features=48,y_transform=log1p",10,0.8121073,0.25371835,0.43016871,-0.9769045,-32.889153
xylose_gL,all_known,raman_full,knn,"k=9,weighted=True,max_features=12,y_transform=none",10,0.81231813,0.19359254,0.44501438,-1.7866048,-46.785547
xylose_gL,all_known,fusion_full,knn,"k=5,weighted=True,max_features=384,y_transform=none",10,0.81347084,0.20079566,0.36808169,-1.5510439,-42.943671
xylose_gL,all_known,raman_full,knn,"k=3,weighted=True,max_features=96,y_transform=log1p",10,0.81459302,0.24948707,0.3560694,-1.2773438,-38.019742
xylose_gL,all_known,fusion_full,ridge,"alpha=1.0,max_features=24,y_transform=none",10,0.81538667,0.2252368,0.50728802,-1.177645,-37.210188
xylose_gL,all_known,fusion_full,pls,"n_components=5,alpha=1.0,max_features=24,y_transform=none",10,0.81550465,0.22800425,0.50492396,-1.1961652,-37.497347
xylose_gL,all_known,raman_full,ridge,"alpha=1.0,max_features=24,y_transform=none",10,0.81596697,0.24528556,0.4947159,-1.2718918,-37.7079
xylose_gL,all_known,raman_interpretable,pcr,"n_components=12,alpha=1.0,max_features=24,y_transform=none",10,0.81780541,0.34930238,0.46035284,-0.61339268,-23.543092
xylose_gL,all_known,raman_interpretable,pcr,"n_components=12,alpha=1.0,max_features=48,y_transform=none",10,0.81780541,0.34930238,0.46035284,-0.61339268,-23.543092
xylose_gL,all_known,raman_interpretable,pcr,"n_components=12,alpha=1.0,max_features=96,y_transform=none",10,0.81780541,0.34930238,0.46035284,-0.61339268,-23.543092
xylose_gL,all_known,raman_interpretable,ridge,"alpha=1.0,max_features=24,y_transform=none",10,0.81792679,0.35419232,0.45836284,-0.60529944,-23.255077
xylose_gL,all_known,raman_interpretable,ridge,"alpha=1.0,max_features=48,y_transform=none",10,0.81792679,0.35419232,0.45836284,-0.60529944,-23.255077
xylose_gL,all_known,raman_interpretable,ridge,"alpha=1.0,max_features=96,y_transform=none",10,0.81792679,0.35419232,0.45836284,-0.60529944,-23.255077
xylose_gL,all_known,fusion_interpretable,pcr,"n_components=12,alpha=1.0,max_features=48,y_transform=none",10,0.81906411,0.35880092,0.44954206,-0.66742158,-24.917124
xylose_gL,all_known,fusion_interpretable,pcr,"n_components=12,alpha=1.0,max_features=96,y_transform=none",10,0.81906411,0.35880092,0.44954206,-0.66742158,-24.917124
xylose_gL,all_known,raman_full,knn,"k=5,weighted=True,max_features=384,y_transform=none",10,0.81930672,0.23919494,0.3746113,-1.2535718,-38.373253
xylose_gL,all_known,raman_full,knn,"k=3,weighted=True,max_features=24,y_transform=log1p",10,0.81973422,0.26297557,0.40401259,-1.7410125,-42.275057
xylose_gL,all_known,raman_full,pls,"n_components=12,alpha=1.0,max_features=48,y_transform=log1p",10,0.81991466,0.25235315,0.42861407,-1.4831455,-39.804044
xylose_gL,all_known,raman_full,pcr,"n_components=12,alpha=1.0,max_features=96,y_transform=none",10,0.82050079,0.31386994,0.46130013,-0.86936988,-29.986902
xylose_gL,all_known,fusion_full,pls,"n_components=8,alpha=1.0,max_features=24,y_transform=none",10,0.82065435,0.22143665,0.51485179,-1.2242201,-38.483293
xylose_gL,all_known,raman_interpretable,knn,"k=3,weighted=True,max_features=12,y_transform=log1p",10,0.82068635,0.33452742,0.38342178,-0.69683714,-25.866954
xylose_gL,all_known,fusion_full,pls,"n_components=12,alpha=1.0,max_features=24,y_transform=none",10,0.82073138,0.222458,0.51461871,-1.2258811,-38.502051
xylose_gL,all_known,fusion_full,ridge,"alpha=0.1,max_features=24,y_transform=none",10,0.82158102,0.22185173,0.51690645,-1.2355444,-38.742471
xylose_gL,all_known,raman_full,knn,"k=5,weighted=True,max_features=12,y_transform=none",10,0.82212629,0.19623907,0.44733617,-2.3843955,-55.675126
xylose_gL,all_known,fusion_interpretable,pls,"n_components=3,alpha=1.0,max_features=48,y_transform=none",10,0.8237241,0.33592287,0.44613021,-0.76434984,-27.798566
xylose_gL,all_known,fusion_interpretable,pls,"n_components=3,alpha=1.0,max_features=96,y_transform=none",10,0.8237241,0.33592287,0.44613021,-0.76434984,-27.798566
xylose_gL,all_known,raman_interpretable,knn,"k=9,weighted=True,max_features=24,y_transform=none",10,0.82412936,0.25688606,0.44426384,-1.1237063,-35.955269
xylose_gL,all_known,raman_interpretable,knn,"k=9,weighted=True,max_features=48,y_transform=none",10,0.82412936,0.25688606,0.44426384,-1.1237063,-35.955269
xylose_gL,all_known,raman_interpretable,knn,"k=9,weighted=True,max_features=96,y_transform=none",10,0.82412936,0.25688606,0.44426384,-1.1237063,-35.955269
xylose_gL,all_known,eem_full,knn,"k=1,weighted=True,max_features=96,y_transform=none",10,0.8241509,0.23571688,0.29120833,-2.6730692,-68.193321
xylose_gL,all_known,eem_full,knn,"k=1,weighted=True,max_features=96,y_transform=log1p",10,0.8241509,0.23571688,0.29120833,-2.6730692,-68.193321
xylose_gL,all_known,fusion_full,pls,"n_components=3,alpha=1.0,max_features=96,y_transform=none",10,0.82508583,0.23463954,0.51231697,-1.1824895,-37.902817
xylose_gL,all_known,raman_full,pcr,"n_components=3,alpha=1.0,max_features=96,y_transform=log1p",10,0.82704825,0.48719975,0.36900722,-0.4425284,-14.869688
xylose_gL,all_known,fusion_full,knn,"k=3,weighted=True,max_features=384,y_transform=log1p",10,0.82731914,0.21026393,0.32290251,-1.3729704,-41.546461
xylose_gL,all_known,raman_full,pcr,"n_components=12,alpha=1.0,max_features=96,y_transform=log1p",10,0.82760331,0.48266598,0.36977877,-0.5175902,-17.199969
xylose_gL,all_known,fusion_full,knn,"k=5,weighted=True,max_features=24,y_transform=none",10,0.82897491,0.17537457,0.42872633,-2.1008501,-53.357105
xylose_gL,all_known,fusion_interpretable,pls,"n_components=12,alpha=1.0,max_features=24,y_transform=none",10,0.82979557,0.27389343,0.47742467,-1.0819003,-35.736253
xylose_gL,all_known,raman_full,pls,"n_components=3,alpha=1.0,max_features=48,y_transform=none",10,0.83032796,0.26620825,0.48930047,-1.0640616,-35.614293
xylose_gL,all_known,raman_interpretable,knn,"k=9,weighted=True,max_features=12,y_transform=none",10,0.83039418,0.29108901,0.44786152,-1.0239916,-33.778735
xylose_gL,all_known,fusion_interpretable,ridge,"alpha=1.0,max_features=48,y_transform=none",10,0.83047237,0.30943382,0.47016335,-0.8828958,-31.346032
xylose_gL,all_known,fusion_interpretable,ridge,"alpha=1.0,max_features=96,y_transform=none",10,0.83047237,0.30943382,0.47016335,-0.8828958,-31.346032
xylose_gL,all_known,raman_full,pls,"n_components=8,alpha=1.0,max_features=24,y_transform=none",10,0.83119706,0.24301546,0.50800857,-1.4184075,-41.309464
xylose_gL,all_known,fusion_full,pls,"n_components=2,alpha=1.0,max_features=192,y_transform=none",10,0.83133268,0.36258145,0.45970169,-0.86701656,-29.856728
xylose_gL,all_known,fusion_full,ridge,"alpha=10.0,max_features=48,y_transform=none",10,0.83219917,0.21996341,0.51488659,-1.3213946,-41.056608
xylose_gL,all_known,fusion_full,pls,"n_components=5,alpha=1.0,max_features=96,y_transform=log1p",10,0.83238959,0.39144047,0.40989892,-0.68282996,-25.325702
xylose_gL,all_known,raman_full,knn,"k=5,weighted=True,max_features=192,y_transform=none",10,0.83244519,0.20895082,0.38272007,-1.5084126,-44.50373
xylose_gL,all_known,raman_interpretable,pls,"n_components=12,alpha=1.0,max_features=24,y_transform=none",10,0.83572566,0.35720338,0.47325603,-0.71858434,-27.01121
xylose_gL,all_known,raman_interpretable,pls,"n_components=12,alpha=1.0,max_features=48,y_transform=none",10,0.83572566,0.35720338,0.47325603,-0.71858434,-27.01121
xylose_gL,all_known,raman_interpretable,pls,"n_components=12,alpha=1.0,max_features=96,y_transform=none",10,0.83572566,0.35720338,0.47325603,-0.71858434,-27.01121
xylose_gL,all_known,raman_full,pls,"n_components=2,alpha=1.0,max_features=96,y_transform=log1p",10,0.83637107,0.51500817,0.3732814,-0.52622382,-16.655989
xylose_gL,all_known,fusion_full,knn,"k=3,weighted=True,max_features=12,y_transform=log1p",10,0.83659434,0.22590308,0.37896151,-1.5909988,-45.660202
xylose_gL,all_known,raman_full,ridge,"alpha=0.1,max_features=48,y_transform=log1p",10,0.83809836,0.25154887,0.44958397,-1.6191248,-43.550572
xylose_gL,all_known,raman_full,pls,"n_components=3,alpha=1.0,max_features=192,y_transform=none",10,0.83863862,0.33452018,0.49989942,-0.9630523,-33.24291
xylose_gL,all_known,raman_interpretable,ridge,"alpha=0.1,max_features=24,y_transform=none",10,0.83981309,0.36327505,0.4708223,-0.7396026,-27.698011
xylose_gL,all_known,raman_interpretable,ridge,"alpha=0.1,max_features=48,y_transform=none",10,0.83981309,0.36327505,0.4708223,-0.7396026,-27.698011
xylose_gL,all_known,raman_interpretable,ridge,"alpha=0.1,max_features=96,y_transform=none",10,0.83981309,0.36327505,0.4708223,-0.7396026,-27.698011
xylose_gL,all_known,eem_full,ridge,"alpha=0.1,max_features=192,y_transform=log1p",10,0.83981554,0.1791921,0.45451461,-2.70313,-73.627829
xylose_gL,all_known,eem_full,ridge,"alpha=0.1,max_features=384,y_transform=log1p",10,0.83981554,0.1791921,0.45451461,-2.70313,-73.627829
xylose_gL,all_known,raman_full,knn,"k=3,weighted=True,max_features=48,y_transform=log1p",10,0.83984292,0.22270331,0.37960922,-1.5668076,-44.868138
xylose_gL,all_known,fusion_full,knn,"k=3,weighted=True,max_features=96,y_transform=log1p",10,0.84224968,0.2762013,0.36858261,-1.6077422,-43.317739
xylose_gL,all_known,raman_full,pls,"n_components=5,alpha=1.0,max_features=384,y_transform=log1p",10,0.84246845,0.47449032,0.39045743,-0.73211224,-24.02642
xylose_gL,all_known,fusion_full,knn,"k=5,weighted=True,max_features=96,y_transform=none",10,0.84366919,0.19483211,0.42326917,-2.1822268,-55.484891
xylose_gL,all_known,fusion_interpretable,knn,"k=3,weighted=True,max_features=48,y_transform=none",10,0.84789627,0.21588964,0.38745073,-2.3005034,-54.323274
xylose_gL,all_known,fusion_interpretable,knn,"k=3,weighted=True,max_features=96,y_transform=none",10,0.84789627,0.21588964,0.38745073,-2.3005034,-54.323274
xylose_gL,all_known,fusion_full,knn,"k=5,weighted=True,max_features=192,y_transform=none",10,0.84972198,0.20077127,0.39099849,-1.9790561,-52.719215
xylose_gL,all_known,raman_full,knn,"k=3,weighted=True,max_features=384,y_transform=none",10,0.85018001,0.2374543,0.36000261,-1.5577888,-45.512518
xylose_gL,all_known,fusion_full,pls,"n_components=3,alpha=1.0,max_features=384,y_transform=none",10,0.85033965,0.34205365,0.48419255,-1.0816452,-36.085487
xylose_gL,all_known,raman_full,pls,"n_components=5,alpha=1.0,max_features=48,y_transform=log1p",10,0.85198879,0.39926541,0.41115307,-0.84456774,-29.473342
xylose_gL,all_known,raman_full,ridge,"alpha=10.0,max_features=48,y_transform=none",10,0.85219602,0.25094081,0.51904681,-1.3881228,-42.896544
xylose_gL,all_known,raman_full,pls,"n_components=8,alpha=1.0,max_features=48,y_transform=log1p",10,0.85327252,0.32983127,0.42226213,-1.2281852,-37.653859
xylose_gL,all_known,fusion_interpretable,ridge,"alpha=0.1,max_features=24,y_transform=none",10,0.85540446,0.2898919,0.48810883,-1.2407258,-40.245315
xylose_gL,all_known,raman_full,ridge,"alpha=0.1,max_features=24,y_transform=none",10,0.85664902,0.21539127,0.54241451,-1.9522088,-51.526376
xylose_gL,all_known,raman_full,knn,"k=3,weighted=True,max_features=192,y_transform=none",10,0.85769141,0.22876482,0.37508021,-1.7394634,-49.597779
xylose_gL,all_known,raman_full,pls,"n_components=12,alpha=1.0,max_features=24,y_transform=none",10,0.85812082,0.21894512,0.53394786,-2.022534,-52.236211
xylose_gL,all_known,raman_full,knn,"k=5,weighted=True,max_features=48,y_transform=none",10,0.85878109,0.17405689,0.43581898,-2.1008527,-55.73158
xylose_gL,all_known,raman_interpretable,knn,"k=5,weighted=True,max_features=12,y_transform=none",10,0.86303257,0.27540258,0.44665944,-1.4597196,-43.934758
xylose_gL,all_known,raman_interpretable,knn,"k=5,weighted=True,max_features=24,y_transform=none",10,0.86368448,0.24867274,0.45869756,-1.5134835,-45.500046
xylose_gL,all_known,raman_interpretable,knn,"k=5,weighted=True,max_features=48,y_transform=none",10,0.86368448,0.24867274,0.45869756,-1.5134835,-45.500046
xylose_gL,all_known,raman_interpretable,knn,"k=5,weighted=True,max_features=96,y_transform=none",10,0.86368448,0.24867274,0.45869756,-1.5134835,-45.500046
xylose_gL,all_known,fusion_full,knn,"k=3,weighted=True,max_features=192,y_transform=log1p",10,0.86382352,0.24130818,0.34628035,-1.7627617,-48.850654
xylose_gL,all_known,fusion_full,pls,"n_components=3,alpha=1.0,max_features=192,y_transform=none",10,0.86494717,0.32426056,0.51406962,-1.2530645,-40.797981
xylose_gL,all_known,fusion_full,knn,"k=3,weighted=True,max_features=24,y_transform=log1p",10,0.86581596,0.19463052,0.39554708,-2.3181151,-57.968731
xylose_gL,all_known,raman_full,pls,"n_components=3,alpha=1.0,max_features=96,y_transform=log1p",10,0.86703569,0.55667539,0.38760306,-0.75320044,-22.922498
xylose_gL,all_known,raman_full,pls,"n_components=3,alpha=1.0,max_features=96,y_transform=none",10,0.86782686,0.35608385,0.50596697,-1.1556688,-38.313258
xylose_gL,all_known,fusion_interpretable,pls,"n_components=12,alpha=1.0,max_features=48,y_transform=none",10,0.86801866,0.29676109,0.50144452,-1.2458846,-41.28194
xylose_gL,all_known,fusion_interpretable,pls,"n_components=12,alpha=1.0,max_features=96,y_transform=none",10,0.86801866,0.29676109,0.50144452,-1.2458846,-41.28194
xylose_gL,all_known,raman_full,knn,"k=5,weighted=True,max_features=24,y_transform=none",10,0.86918375,0.21705252,0.46324602,-2.1602009,-55.440358
xylose_gL,all_known,fusion_interpretable,knn,"k=3,weighted=True,max_features=12,y_transform=none",10,0.86957711,0.21470151,0.40172223,-1.6739427,-49.77094
xylose_gL,all_known,fusion_full,pls,"n_components=5,alpha=1.0,max_features=48,y_transform=none",10,0.86987304,0.20266149,0.54859934,-1.732415,-50.917204
xylose_gL,all_known,raman_interpretable,ridge,"alpha=0.1,max_features=12,y_transform=log1p",10,0.87241977,0.55208356,0.39283295,-0.65018095,-20.662556
xylose_gL,all_known,eem_full,pls,"n_components=8,alpha=1.0,max_features=96,y_transform=none",10,0.8732895,0.14655625,0.62078183,-2.8592948,-80.333394
xylose_gL,all_known,fusion_full,pls,"n_components=2,alpha=1.0,max_features=192,y_transform=log1p",10,0.87696933,0.62276218,0.37581284,-0.81340527,-21.834689
xylose_gL,all_known,fusion_interpretable,ridge,"alpha=0.1,max_features=24,y_transform=log1p",10,0.88108236,0.53086841,0.38826302,-0.84756439,-27.422877
xylose_gL,all_known,fusion_full,knn,"k=3,weighted=True,max_features=48,y_transform=log1p",10,0.88135396,0.22749349,0.41217057,-2.3687583,-59.938917
xylose_gL,all_known,raman_full,pls,"n_components=5,alpha=1.0,max_features=96,y_transform=none",10,0.88665237,0.26433756,0.60418999,-1.5157991,-47.462507
xylose_gL,all_known,raman_full,knn,"k=3,weighted=True,max_features=12,y_transform=none",10,0.88749933,0.19064402,0.46725455,-3.3766182,-74.470466
xylose_gL,all_known,raman_full,pls,"n_components=5,alpha=1.0,max_features=192,y_transform=none",10,0.89350591,0.26650099,0.59119501,-1.6005104,-49.599752
xylose_gL,all_known,eem_full,ridge,"alpha=1.0,max_features=48,y_transform=none",10,0.89538952,0.10250074,0.62951095,-3.415897,-89.472486
xylose_gL,all_known,eem_full,knn,"k=1,weighted=True,max_features=48,y_transform=none",10,0.89703977,0.34441889,0.33694444,-4.1776226,-87.553345
xylose_gL,all_known,eem_full,knn,"k=1,weighted=True,max_features=48,y_transform=log1p",10,0.89703977,0.34441889,0.33694444,-4.1776226,-87.553345
xylose_gL,all_known,eem_full,ridge,"alpha=0.1,max_features=96,y_transform=log1p",10,0.89714607,0.18056377,0.51066524,-3.638136,-90.966298
xylose_gL,all_known,eem_full,knn,"k=1,weighted=True,max_features=192,y_transform=none",10,0.89723443,0.2641353,0.29822222,-3.4761886,-84.192468
xylose_gL,all_known,eem_full,knn,"k=1,weighted=True,max_features=192,y_transform=log1p",10,0.89723443,0.2641353,0.29822222,-3.4761886,-84.192468
xylose_gL,all_known,eem_full,knn,"k=1,weighted=True,max_features=384,y_transform=none",10,0.89723443,0.2641353,0.29822222,-3.4761886,-84.192468
xylose_gL,all_known,eem_full,knn,"k=1,weighted=True,max_features=384,y_transform=log1p",10,0.89723443,0.2641353,0.29822222,-3.4761886,-84.192468
xylose_gL,all_known,raman_full,knn,"k=3,weighted=True,max_features=96,y_transform=none",10,0.89934389,0.21115727,0.41524727,-2.4356554,-62.800987
xylose_gL,all_known,fusion_interpretable,ridge,"alpha=0.1,max_features=48,y_transform=none",10,0.8995295,0.30185163,0.51836799,-1.5325034,-48.499719
xylose_gL,all_known,fusion_interpretable,ridge,"alpha=0.1,max_features=96,y_transform=none",10,0.8995295,0.30185163,0.51836799,-1.5325034,-48.499719
xylose_gL,all_known,fusion_interpretable,ridge,"alpha=10.0,max_features=48,y_transform=log1p",10,0.89971882,0.65152773,0.38267259,-0.88432956,-23.739472
xylose_gL,all_known,fusion_interpretable,ridge,"alpha=10.0,max_features=96,y_transform=log1p",10,0.89971882,0.65152773,0.38267259,-0.88432956,-23.739472
xylose_gL,all_known,raman_full,ridge,"alpha=10.0,max_features=96,y_transform=none",10,0.90587034,0.25628261,0.61249223,-1.669618,-51.545889
xylose_gL,all_known,fusion_full,knn,"k=3,weighted=True,max_features=384,y_transform=none",10,0.9075864,0.16821464,0.37055584,-2.6759262,-67.858492
xylose_gL,all_known,fusion_full,knn,"k=5,weighted=True,max_features=48,y_transform=none",10,0.90774351,0.20279133,0.47287286,-2.9038069,-69.386398
xylose_gL,all_known,fusion_full,knn,"k=3,weighted=True,max_features=12,y_transform=none",10,0.9091634,0.18698326,0.43631437,-2.8340184,-69.626795
xylose_gL,all_known,raman_full,pls,"n_components=5,alpha=1.0,max_features=48,y_transform=none",10,0.91051852,0.26042283,0.56992038,-1.8430595,-54.649167
xylose_gL,all_known,raman_full,ridge,"alpha=1.0,max_features=96,y_transform=log1p",10,0.91417607,0.30020354,0.49713025,-2.3308491,-55.97908
xylose_gL,all_known,raman_interpretable,knn,"k=3,weighted=True,max_features=24,y_transform=none",10,0.91641617,0.24841973,0.46898421,-2.0413781,-57.227304
xylose_gL,all_known,raman_interpretable,knn,"k=3,weighted=True,max_features=48,y_transform=none",10,0.91641617,0.24841973,0.46898421,-2.0413781,-57.227304
xylose_gL,all_known,raman_interpretable,knn,"k=3,weighted=True,max_features=96,y_transform=none",10,0.91641617,0.24841973,0.46898421,-2.0413781,-57.227304
xylose_gL,all_known,raman_full,pls,"n_components=12,alpha=1.0,max_features=96,y_transform=log1p",10,0.91661318,0.26737713,0.49718523,-3.1704778,-64.713776
xylose_gL,all_known,raman_interpretable,pls,"n_components=8,alpha=1.0,max_features=24,y_transform=log1p",10,0.91980966,0.66276589,0.40142875,-0.97407284,-26.807486
xylose_gL,all_known,raman_interpretable,pls,"n_components=8,alpha=1.0,max_features=48,y_transform=log1p",10,0.91980966,0.66276589,0.40142875,-0.97407284,-26.807486
xylose_gL,all_known,raman_interpretable,pls,"n_components=8,alpha=1.0,max_features=96,y_transform=log1p",10,0.91980966,0.66276589,0.40142875,-0.97407284,-26.807486
xylose_gL,all_known,raman_interpretable,ridge,"alpha=10.0,max_features=24,y_transform=log1p",10,0.92516833,0.69295806,0.3964122,-1.0094654,-26.281245
xylose_gL,all_known,raman_interpretable,ridge,"alpha=10.0,max_features=48,y_transform=log1p",10,0.92516833,0.69295806,0.3964122,-1.0094654,-26.281245
xylose_gL,all_known,raman_interpretable,ridge,"alpha=10.0,max_features=96,y_transform=log1p",10,0.92516833,0.69295806,0.3964122,-1.0094654,-26.281245
xylose_gL,all_known,raman_full,knn,"k=3,weighted=True,max_features=48,y_transform=none",10,0.92732302,0.16896782,0.44389184,-2.9824217,-72.732794
xylose_gL,all_known,eem_full,pls,"n_components=8,alpha=1.0,max_features=48,y_transform=none",10,0.92804002,0.099271972,0.65504588,-3.8634086,-97.679797
xylose_gL,all_known,fusion_full,pls,"n_components=5,alpha=1.0,max_features=96,y_transform=none",10,0.92946285,0.25259663,0.58439201,-2.110356,-60.640553
xylose_gL,all_known,raman_full,ridge,"alpha=1.0,max_features=48,y_transform=none",10,0.93189606,0.199767,0.61111145,-2.6606807,-67.622453
xylose_gL,all_known,fusion_interpretable,pls,"n_components=3,alpha=1.0,max_features=48,y_transform=log1p",10,0.9321808,0.67066177,0.39214949,-1.1082348,-30.921916
xylose_gL,all_known,fusion_interpretable,pls,"n_components=3,alpha=1.0,max_features=96,y_transform=log1p",10,0.9321808,0.67066177,0.39214949,-1.1082348,-30.921916
xylose_gL,all_known,raman_full,pls,"n_components=5,alpha=1.0,max_features=384,y_transform=none",10,0.93375695,0.37387472,0.56903767,-1.8514638,-55.201359
xylose_gL,target_focused,fusion_interpretable,knn,"k=3,weighted=True,max_features=48,y_transform=log1p",10,0.93686043,0.40649225,0.60890954,-0.28036481,-8.9574706
xylose_gL,target_focused,fusion_interpretable,knn,"k=3,weighted=True,max_features=96,y_transform=log1p",10,0.93686043,0.40649225,0.60890954,-0.28036481,-8.9574706
xylose_gL,all_known,fusion_full,knn,"k=3,weighted=True,max_features=24,y_transform=none",10,0.93692743,0.16369203,0.44930014,-3.6030432,-81.013276
xylose_gL,all_known,fusion_full,knn,"k=3,weighted=True,max_features=192,y_transform=none",10,0.93884022,0.21046371,0.40113295,-2.9447685,-72.547271
xylose_gL,all_known,raman_full,knn,"k=3,weighted=True,max_features=24,y_transform=none",10,0.94043377,0.23689432,0.48864993,-3.5261571,-77.218939
xylose_gL,all_known,raman_interpretable,knn,"k=3,weighted=True,max_features=12,y_transform=none",10,0.94355794,0.25689649,0.46379384,-2.1454013,-61.592015
xylose_gL,all_known,fusion_full,pls,"n_components=5,alpha=1.0,max_features=192,y_transform=none",10,0.94874891,0.31663577,0.6144283,-2.3166906,-64.6421
xylose_gL,all_known,eem_full,ridge,"alpha=0.1,max_features=48,y_transform=none",10,0.94895474,0.11921001,0.6811607,-4.0173068,-101.51159
xylose_gL,all_known,eem_full,pls,"n_components=12,alpha=1.0,max_features=48,y_transform=none",10,0.9503232,0.11255623,0.68652989,-4.1469245,-103.18235
xylose_gL,all_known,fusion_full,knn,"k=3,weighted=True,max_features=96,y_transform=none",10,0.95258732,0.24318381,0.44661056,-3.1597431,-75.883345
xylose_gL,all_known,raman_full,pls,"n_components=8,alpha=1.0,max_features=48,y_transform=none",10,0.95787846,0.21637609,0.61936824,-2.7155589,-70.618703
xylose_gL,all_known,fusion_full,ridge,"alpha=1.0,max_features=48,y_transform=none",10,0.95825706,0.1695672,0.645506,-2.7418515,-72.464981
xylose_gL,all_known,raman_full,pls,"n_components=12,alpha=1.0,max_features=48,y_transform=none",10,0.96073486,0.17634425,0.6457901,-3.2883095,-77.593219
xylose_gL,all_known,fusion_interpretable,knn,"k=1,weighted=True,max_features=48,y_transform=none",10,0.963669,0.33492367,0.38130556,-2.8812688,-66.183847
xylose_gL,all_known,fusion_interpretable,knn,"k=1,weighted=True,max_features=48,y_transform=log1p",10,0.963669,0.33492367,0.38130556,-2.8812688,-66.183847
xylose_gL,all_known,fusion_interpretable,knn,"k=1,weighted=True,max_features=96,y_transform=none",10,0.963669,0.33492367,0.38130556,-2.8812688,-66.183847
xylose_gL,all_known,fusion_interpretable,knn,"k=1,weighted=True,max_features=96,y_transform=log1p",10,0.963669,0.33492367,0.38130556,-2.8812688,-66.183847
xylose_gL,all_known,fusion_full,pls,"n_components=5,alpha=1.0,max_features=384,y_transform=none",10,0.96414054,0.32826807,0.62170431,-2.4662349,-67.377113
xylose_gL,all_known,fusion_full,pls,"n_components=8,alpha=1.0,max_features=48,y_transform=none",10,0.9644612,0.16580022,0.65160406,-2.8028794,-73.882607
xylose_gL,all_known,eem_full,knn,"k=1,weighted=True,max_features=12,y_transform=none",10,0.96576273,0.29799524,0.41304167,-5.7549084,-111.96334
xylose_gL,all_known,eem_full,knn,"k=1,weighted=True,max_features=12,y_transform=log1p",10,0.96576273,0.29799524,0.41304167,-5.7549084,-111.96334
xylose_gL,all_known,raman_interpretable,pls,"n_components=3,alpha=1.0,max_features=24,y_transform=log1p",10,0.96637053,0.79953044,0.40347574,-1.3431525,-31.261002
xylose_gL,all_known,raman_interpretable,pls,"n_components=3,alpha=1.0,max_features=48,y_transform=log1p",10,0.96637053,0.79953044,0.40347574,-1.3431525,-31.261002
xylose_gL,all_known,raman_interpretable,pls,"n_components=3,alpha=1.0,max_features=96,y_transform=log1p",10,0.96637053,0.79953044,0.40347574,-1.3431525,-31.261002
xylose_gL,target_focused,fusion_interpretable,knn,"k=5,weighted=True,max_features=48,y_transform=log1p",10,0.98012131,0.446656,0.63385335,-0.36764556,-12.158105
xylose_gL,target_focused,fusion_interpretable,knn,"k=5,weighted=True,max_features=96,y_transform=log1p",10,0.98012131,0.446656,0.63385335,-0.36764556,-12.158105
xylose_gL,all_known,raman_full,ridge,"alpha=0.1,max_features=48,y_transform=none",10,0.98346822,0.18561021,0.67152636,-3.3917987,-80.595386
xylose_gL,all_known,fusion_full,knn,"k=3,weighted=True,max_features=48,y_transform=none",10,0.98463159,0.22167407,0.48703587,-4.1430336,-91.092403
xylose_gL,all_known,fusion_full,ridge,"alpha=10.0,max_features=96,y_transform=none",10,0.98505568,0.26346271,0.61937799,-2.7333088,-73.368977
xylose_gL,target_focused,fusion_interpretable,knn,"k=3,weighted=True,max_features=48,y_transform=none",10,0.98769253,0.31904227,0.67622635,-0.93510904,-27.211027
xylose_gL,target_focused,fusion_interpretable,knn,"k=3,weighted=True,max_features=96,y_transform=none",10,0.98769253,0.31904227,0.67622635,-0.93510904,-27.211027
xylose_gL,target_focused,fusion_interpretable,knn,"k=3,weighted=True,max_features=24,y_transform=log1p",10,0.99229325,0.43986672,0.62696131,-0.64568334,-19.381358
xylose_gL,all_known,fusion_interpretable,pls,"n_components=5,alpha=1.0,max_features=48,y_transform=log1p",10,0.99413114,0.88538393,0.40041435,-1.6907863,-36.663275
xylose_gL,all_known,fusion_interpretable,pls,"n_components=5,alpha=1.0,max_features=96,y_transform=log1p",10,0.99413114,0.88538393,0.40041435,-1.6907863,-36.663275
xylose_gL,all_known,fusion_interpretable,knn,"k=1,weighted=True,max_features=12,y_transform=none",10,0.99429138,0.3127731,0.41783333,-2.7760072,-69.380832
xylose_gL,all_known,fusion_interpretable,knn,"k=1,weighted=True,max_features=12,y_transform=log1p",10,0.99429138,0.3127731,0.41783333,-2.7760072,-69.380832
xylose_gL,target_focused,eem_full,knn,"k=3,weighted=True,max_features=96,y_transform=log1p",10,0.99988493,0.40863493,0.63661204,0.009221495,2.4035686
xylose_gL,all_known,raman_full,pls,"n_components=8,alpha=1.0,max_features=96,y_transform=none",10,1.0027353,0.23783196,0.71668138,-2.6107322,-72.563453
xylose_gL,all_known,fusion_full,ridge,"alpha=0.1,max_features=48,y_transform=none",10,1.0041761,0.16023498,0.70287702,-3.3413464,-83.600559
xylose_gL,target_focused,fusion_interpretable,knn,"k=5,weighted=True,max_features=24,y_transform=log1p",10,1.0065228,0.4597062,0.6486123,-0.65648958,-18.625169
xylose_gL,all_known,raman_full,ridge,"alpha=10.0,max_features=192,y_transform=none",10,1.0065962,0.33517428,0.67278668,-2.5980491,-72.619766
xylose_gL,all_known,raman_interpretable,knn,"k=1,weighted=True,max_features=24,y_transform=none",10,1.0068151,0.30817795,0.41234722,-3.8610939,-84.043059
xylose_gL,all_known,raman_interpretable,knn,"k=1,weighted=True,max_features=24,y_transform=log1p",10,1.0068151,0.30817795,0.41234722,-3.8610939,-84.043059
xylose_gL,all_known,raman_interpretable,knn,"k=1,weighted=True,max_features=48,y_transform=none",10,1.0068151,0.30817795,0.41234722,-3.8610939,-84.043059
xylose_gL,all_known,raman_interpretable,knn,"k=1,weighted=True,max_features=48,y_transform=log1p",10,1.0068151,0.30817795,0.41234722,-3.8610939,-84.043059
xylose_gL,all_known,raman_interpretable,knn,"k=1,weighted=True,max_features=96,y_transform=none",10,1.0068151,0.30817795,0.41234722,-3.8610939,-84.043059
xylose_gL,all_known,raman_interpretable,knn,"k=1,weighted=True,max_features=96,y_transform=log1p",10,1.0068151,0.30817795,0.41234722,-3.8610939,-84.043059
xylose_gL,all_known,fusion_full,ridge,"alpha=10.0,max_features=96,y_transform=log1p",10,1.0077922,0.80461729,0.44641569,-1.9263139,-48.407091
xylose_gL,target_focused,fusion_full,knn,"k=5,weighted=True,max_features=24,y_transform=log1p",10,1.008872,0.50295464,0.64482401,-0.69368359,-16.747456
xylose_gL,all_known,eem_full,pls,"n_components=12,alpha=1.0,max_features=192,y_transform=none",10,1.0101411,0.055282531,0.74136942,-5.1593795,-120.1815
xylose_gL,all_known,eem_full,pls,"n_components=12,alpha=1.0,max_features=384,y_transform=none",10,1.0101411,0.055282531,0.74136942,-5.1593795,-120.1815
xylose_gL,target_focused,fusion_interpretable,knn,"k=9,weighted=True,max_features=24,y_transform=log1p",10,1.0105758,0.49368255,0.65987295,-0.36045926,-12.488321
xylose_gL,target_focused,eem_full,ridge,"alpha=10.0,max_features=96,y_transform=log1p",10,1.0118375,0.41653592,0.66661998,0.029020471,2.2528944
xylose_gL,target_focused,eem_full,pls,"n_components=2,alpha=1.0,max_features=24,y_transform=log1p",10,1.0127787,0.40725808,0.6502292,0.03032123,2.139518
xylose_gL,target_focused,raman_interpretable,pls,"n_components=3,alpha=1.0,max_features=24,y_transform=log1p",10,1.0134577,0.53028784,0.62046853,-0.17808344,-7.751151
xylose_gL,target_focused,raman_interpretable,pls,"n_components=3,alpha=1.0,max_features=48,y_transform=log1p",10,1.0134577,0.53028784,0.62046853,-0.17808344,-7.751151
xylose_gL,target_focused,raman_interpretable,pls,"n_components=3,alpha=1.0,max_features=96,y_transform=log1p",10,1.0134577,0.53028784,0.62046853,-0.17808344,-7.751151
xylose_gL,target_focused,fusion_full,knn,"k=9,weighted=True,max_features=48,y_transform=log1p",10,1.0137567,0.45765263,0.65833602,-0.48712975,-16.425408
xylose_gL,target_focused,fusion_interpretable,knn,"k=9,weighted=True,max_features=48,y_transform=log1p",10,1.0137828,0.4821937,0.65668809,-0.42519454,-14.317875
xylose_gL,target_focused,fusion_interpretable,knn,"k=9,weighted=True,max_features=96,y_transform=log1p",10,1.0137828,0.4821937,0.65668809,-0.42519454,-14.317875
xylose_gL,target_focused,eem_full,knn,"k=3,weighted=True,max_features=48,y_transform=log1p",10,1.0144976,0.3981648,0.62246956,-0.20819251,-2.5557941
xylose_gL,all_known,eem_interpretable,knn,"k=1,weighted=True,max_features=12,y_transform=none",10,1.0150464,0.32011462,0.41572222,-5.677641,-114.67417
xylose_gL,all_known,eem_interpretable,knn,"k=1,weighted=True,max_features=12,y_transform=log1p",10,1.0150464,0.32011462,0.41572222,-5.677641,-114.67417
xylose_gL,all_known,eem_interpretable,knn,"k=1,weighted=True,max_features=24,y_transform=none",10,1.0150464,0.32011462,0.41572222,-5.677641,-114.67417
xylose_gL,all_known,eem_interpretable,knn,"k=1,weighted=True,max_features=24,y_transform=log1p",10,1.0150464,0.32011462,0.41572222,-5.677641,-114.67417
xylose_gL,all_known,eem_interpretable,knn,"k=1,weighted=True,max_features=48,y_transform=none",10,1.0150464,0.32011462,0.41572222,-5.677641,-114.67417
xylose_gL,all_known,eem_interpretable,knn,"k=1,weighted=True,max_features=48,y_transform=log1p",10,1.0150464,0.32011462,0.41572222,-5.677641,-114.67417
xylose_gL,all_known,eem_interpretable,knn,"k=1,weighted=True,max_features=96,y_transform=none",10,1.0150464,0.32011462,0.41572222,-5.677641,-114.67417
xylose_gL,all_known,eem_interpretable,knn,"k=1,weighted=True,max_features=96,y_transform=log1p",10,1.0150464,0.32011462,0.41572222,-5.677641,-114.67417
xylose_gL,target_focused,raman_interpretable,pcr,"n_components=3,alpha=1.0,max_features=24,y_transform=log1p",10,1.0150846,0.53228424,0.62395069,-0.18611893,-7.9978596
xylose_gL,target_focused,raman_interpretable,pcr,"n_components=3,alpha=1.0,max_features=48,y_transform=log1p",10,1.0150846,0.53228424,0.62395069,-0.18611893,-7.9978596
xylose_gL,target_focused,raman_interpretable,pcr,"n_components=3,alpha=1.0,max_features=96,y_transform=log1p",10,1.0150846,0.53228424,0.62395069,-0.18611893,-7.9978596
xylose_gL,target_focused,fusion_full,pcr,"n_components=5,alpha=1.0,max_features=24,y_transform=log1p",10,1.0159605,0.47045809,0.64566979,-0.55633477,-17.357099
xylose_gL,target_focused,raman_interpretable,pcr,"n_components=5,alpha=1.0,max_features=24,y_transform=log1p",10,1.0166903,0.53196234,0.62736673,-0.18608741,-8.1103745
xylose_gL,target_focused,raman_interpretable,pcr,"n_components=5,alpha=1.0,max_features=48,y_transform=log1p",10,1.0166903,0.53196234,0.62736673,-0.18608741,-8.1103745
xylose_gL,target_focused,raman_interpretable,pcr,"n_components=5,alpha=1.0,max_features=96,y_transform=log1p",10,1.0166903,0.53196234,0.62736673,-0.18608741,-8.1103745
xylose_gL,target_focused,fusion_full,pcr,"n_components=3,alpha=1.0,max_features=24,y_transform=log1p",10,1.0181888,0.47347714,0.65083154,-0.41190745,-15.071336
xylose_gL,target_focused,fusion_full,knn,"k=5,weighted=True,max_features=48,y_transform=log1p",10,1.01852,0.47683257,0.67095417,-0.66933268,-18.553465
xylose_gL,target_focused,fusion_full,pcr,"n_components=3,alpha=1.0,max_features=192,y_transform=log1p",10,1.0191938,0.50051649,0.65661367,-0.28575345,-11.608696
xylose_gL,target_focused,eem_full,pls,"n_components=2,alpha=1.0,max_features=48,y_transform=log1p",10,1.020399,0.4145786,0.66275448,0.019706943,1.5352583
xylose_gL,target_focused,fusion_full,pcr,"n_components=3,alpha=1.0,max_features=96,y_transform=log1p",10,1.0210012,0.49021932,0.65957284,-0.32521551,-12.899855
xylose_gL,target_focused,fusion_full,pcr,"n_components=3,alpha=1.0,max_features=48,y_transform=log1p",10,1.0213751,0.47775824,0.661986,-0.35433351,-13.78848
xylose_gL,target_focused,eem_full,knn,"k=5,weighted=True,max_features=24,y_transform=log1p",10,1.0217799,0.39419344,0.62587785,-0.03163014,-0.027264417
xylose_gL,target_focused,fusion_full,knn,"k=3,weighted=True,max_features=12,y_transform=log1p",10,1.0218228,0.46929836,0.66352248,-0.96460411,-23.559106
xylose_gL,target_focused,fusion_full,pls,"n_components=2,alpha=1.0,max_features=48,y_transform=log1p",10,1.0218685,0.43993783,0.66959472,-0.52178986,-18.014556
xylose_gL,target_focused,fusion_full,pcr,"n_components=2,alpha=1.0,max_features=24,y_transform=log1p",10,1.0221868,0.48061153,0.66728576,-0.35714703,-13.858467
xylose_gL,target_focused,eem_full,pls,"n_components=2,alpha=1.0,max_features=12,y_transform=log1p",10,1.0223113,0.4058579,0.65626116,0.0070804219,0.99590251
xylose_gL,target_focused,fusion_full,pls,"n_components=2,alpha=1.0,max_features=24,y_transform=log1p",10,1.0226219,0.47341332,0.65947238,-0.49780167,-16.866725
xylose_gL,target_focused,fusion_interpretable,pcr,"n_components=12,alpha=1.0,max_features=48,y_transform=log1p",10,1.0229706,0.52013363,0.60565208,-0.206723,-9.2355617
xylose_gL,target_focused,fusion_interpretable,pcr,"n_components=12,alpha=1.0,max_features=96,y_transform=log1p",10,1.0229706,0.52013363,0.60565208,-0.206723,-9.2355617
xylose_gL,target_focused,fusion_full,pcr,"n_components=2,alpha=1.0,max_features=48,y_transform=log1p",10,1.0231345,0.49949532,0.66625674,-0.30903578,-12.380608
xylose_gL,target_focused,eem_full,knn,"k=5,weighted=True,max_features=48,y_transform=log1p",10,1.0238248,0.37165315,0.65241386,-0.036510323,-0.96146632
xylose_gL,target_focused,fusion_full,knn,"k=9,weighted=True,max_features=12,y_transform=log1p",10,1.0242072,0.47101375,0.65218183,-0.55845629,-18.08601
xylose_gL,target_focused,fusion_full,pcr,"n_components=3,alpha=1.0,max_features=384,y_transform=log1p",10,1.0242967,0.5093617,0.66257053,-0.2675072,-11.225025
xylose_gL,target_focused,raman_interpretable,pls,"n_components=2,alpha=1.0,max_features=24,y_transform=log1p",10,1.024721,0.52980523,0.63769061,-0.23473419,-9.9002359
xylose_gL,target_focused,raman_interpretable,pls,"n_components=2,alpha=1.0,max_features=48,y_transform=log1p",10,1.024721,0.52980523,0.63769061,-0.23473419,-9.9002359
xylose_gL,target_focused,raman_interpretable,pls,"n_components=2,alpha=1.0,max_features=96,y_transform=log1p",10,1.024721,0.52980523,0.63769061,-0.23473419,-9.9002359
xylose_gL,target_focused,eem_full,pcr,"n_components=5,alpha=1.0,max_features=24,y_transform=log1p",10,1.0250133,0.42052713,0.65178738,0.013910612,1.2852124
xylose_gL,target_focused,fusion_interpretable,pcr,"n_components=5,alpha=1.0,max_features=24,y_transform=log1p",10,1.0253848,0.53273097,0.6339501,-0.21181181,-9.0855768
xylose_gL,target_focused,raman_interpretable,pcr,"n_components=3,alpha=1.0,max_features=12,y_transform=log1p",10,1.025554,0.52448012,0.63625953,-0.2448415,-10.325782
xylose_gL,all_known,fusion_full,pls,"n_components=12,alpha=1.0,max_features=48,y_transform=none",10,1.0259971,0.16923114,0.71372254,-3.4446622,-86.595325
xylose_gL,target_focused,fusion_interpretable,pcr,"n_components=5,alpha=1.0,max_features=48,y_transform=log1p",10,1.0270251,0.53487515,0.63371949,-0.22148411,-9.3971026
xylose_gL,target_focused,fusion_interpretable,pcr,"n_components=5,alpha=1.0,max_features=96,y_transform=log1p",10,1.0270251,0.53487515,0.63371949,-0.22148411,-9.3971026
xylose_gL,target_focused,fusion_full,knn,"k=5,weighted=True,max_features=12,y_transform=log1p",10,1.0270682,0.47424951,0.66399038,-0.74629269,-20.227759
xylose_gL,target_focused,eem_full,pls,"n_components=3,alpha=1.0,max_features=96,y_transform=log1p",10,1.0279105,0.42064536,0.66980411,-0.0057870674,0.69033885
xylose_gL,target_focused,fusion_full,pcr,"n_components=5,alpha=1.0,max_features=48,y_transform=log1p",10,1.0281276,0.45873975,0.65257654,-0.64207136,-19.968151
xylose_gL,target_focused,fusion_interpretable,pcr,"n_components=2,alpha=1.0,max_features=48,y_transform=log1p",10,1.0289476,0.53600139,0.65678314,-0.23326414,-9.8578699
xylose_gL,target_focused,fusion_interpretable,pcr,"n_components=2,alpha=1.0,max_features=96,y_transform=log1p",10,1.0289476,0.53600139,0.65678314,-0.23326414,-9.8578699
xylose_gL,target_focused,raman_full,pcr,"n_components=2,alpha=1.0,max_features=96,y_transform=log1p",10,1.0290238,0.52531343,0.65252251,-0.26539306,-10.911819
xylose_gL,target_focused,raman_full,pcr,"n_components=2,alpha=1.0,max_features=48,y_transform=log1p",10,1.0290741,0.51841464,0.65354673,-0.27124145,-11.232412
xylose_gL,target_focused,eem_full,knn,"k=9,weighted=True,max_features=12,y_transform=log1p",10,1.029206,0.43771195,0.64852624,0.019597995,1.6068405
xylose_gL,target_focused,fusion_full,pcr,"n_components=3,alpha=1.0,max_features=12,y_transform=log1p",10,1.0292715,0.46082055,0.66518306,-0.55358295,-18.705718
xylose_gL,target_focused,fusion_full,knn,"k=5,weighted=True,max_features=192,y_transform=log1p",10,1.029652,0.50752334,0.67063257,-0.35996366,-13.507048
xylose_gL,target_focused,eem_full,knn,"k=9,weighted=True,max_features=24,y_transform=log1p",10,1.0296778,0.42449783,0.64585777,0.011553563,0.98081007
xylose_gL,target_focused,raman_interpretable,pcr,"n_components=2,alpha=1.0,max_features=12,y_transform=log1p",10,1.0298091,0.53168428,0.65431226,-0.2488352,-10.388884
xylose_gL,target_focused,fusion_interpretable,pcr,"n_components=2,alpha=1.0,max_features=24,y_transform=log1p",10,1.0298975,0.53416954,0.65640308,-0.24548575,-10.256236
xylose_gL,target_focused,fusion_full,knn,"k=9,weighted=True,max_features=384,y_transform=log1p",10,1.0306998,0.50761186,0.66115673,-0.36058893,-13.915573
xylose_gL,target_focused,raman_interpretable,pcr,"n_components=2,alpha=1.0,max_features=24,y_transform=log1p",10,1.0309127,0.53420262,0.6580936,-0.24907073,-10.399792
xylose_gL,target_focused,raman_interpretable,pcr,"n_components=2,alpha=1.0,max_features=48,y_transform=log1p",10,1.0309127,0.53420262,0.6580936,-0.24907073,-10.399792
xylose_gL,target_focused,raman_interpretable,pcr,"n_components=2,alpha=1.0,max_features=96,y_transform=log1p",10,1.0309127,0.53420262,0.6580936,-0.24907073,-10.399792
xylose_gL,target_focused,fusion_full,pcr,"n_components=12,alpha=1.0,max_features=384,y_transform=log1p",10,1.0309374,0.46696906,0.65088804,-0.56237576,-18.904361
xylose_gL,target_focused,raman_full,pcr,"n_components=2,alpha=1.0,max_features=192,y_transform=log1p",10,1.0309993,0.53303342,0.65398769,-0.26287252,-10.786452
xylose_gL,target_focused,fusion_full,pls,"n_components=3,alpha=1.0,max_features=48,y_transform=log1p",10,1.0312449,0.42329131,0.65603858,-0.71397472,-22.803572
xylose_gL,target_focused,fusion_full,knn,"k=9,weighted=True,max_features=24,y_transform=log1p",10,1.0312798,0.48080219,0.65991078,-0.54069673,-18.003357
xylose_gL,target_focused,raman_full,pcr,"n_components=2,alpha=1.0,max_features=384,y_transform=log1p",10,1.0312813,0.53400158,0.65641857,-0.25986535,-10.693443
xylose_gL,target_focused,eem_full,knn,"k=3,weighted=True,max_features=24,y_transform=log1p",10,1.0313698,0.42679133,0.62565268,-0.15467008,-1.7204488
xylose_gL,target_focused,fusion_full,pcr,"n_components=5,alpha=1.0,max_features=384,y_transform=log1p",10,1.0313702,0.51266439,0.64494486,-0.3104765,-12.6569
xylose_gL,target_focused,fusion_full,pcr,"n_components=8,alpha=1.0,max_features=192,y_transform=log1p",10,1.0321434,0.48038862,0.65716407,-0.54363102,-18.106018
xylose_gL,target_focused,fusion_interpretable,pls,"n_components=3,alpha=1.0,max_features=24,y_transform=log1p",10,1.0323636,0.5268216,0.64011416,-0.24168058,-10.45176
xylose_gL,target_focused,fusion_full,knn,"k=9,weighted=True,max_features=96,y_transform=log1p",10,1.0327287,0.49455907,0.66356509,-0.44286606,-16.063339
xylose_gL,target_focused,eem_full,knn,"k=9,weighted=True,max_features=12,y_transform=none",10,1.032773,0.39646367,0.70124587,-0.076405811,-1.4406357
xylose_gL,target_focused,fusion_full,pls,"n_components=2,alpha=1.0,max_features=12,y_transform=log1p",10,1.0333362,0.45465048,0.6686505,-0.5902274,-19.767342
xylose_gL,target_focused,fusion_full,pls,"n_components=2,alpha=1.0,max_features=96,y_transform=log1p",10,1.0336024,0.45315803,0.67287396,-0.53922809,-18.962789
xylose_gL,target_focused,raman_interpretable,pls,"n_components=2,alpha=1.0,max_features=12,y_transform=log1p",10,1.0336623,0.52283928,0.65039369,-0.28427784,-11.808165
xylose_gL,target_focused,eem_full,knn,"k=5,weighted=True,max_features=96,y_transform=log1p",10,1.0337383,0.3896443,0.66039369,-0.040214281,-1.2358938
xylose_gL,target_focused,fusion_full,knn,"k=9,weighted=True,max_features=192,y_transform=log1p",10,1.0339068,0.5079546,0.66100663,-0.36422249,-14.12201
xylose_gL,target_focused,fusion_full,pcr,"n_components=2,alpha=1.0,max_features=384,y_transform=log1p",10,1.0339949,0.53197606,0.6607987,-0.27076549,-11.195821
xylose_gL,target_focused,fusion_full,pcr,"n_components=2,alpha=1.0,max_features=12,y_transform=log1p",10,1.0339968,0.47000916,0.67820637,-0.45361677,-17.001107
xylose_gL,target_focused,raman_full,pcr,"n_components=3,alpha=1.0,max_features=384,y_transform=log1p",10,1.0341972,0.51576268,0.64410774,-0.29392899,-12.322164
xylose_gL,target_focused,eem_full,pcr,"n_components=8,alpha=1.0,max_features=48,y_transform=log1p",10,1.0342135,0.41250342,0.67028623,-0.01831577,-0.22271562
xylose_gL,target_focused,eem_full,pcr,"n_components=5,alpha=1.0,max_features=48,y_transform=log1p",10,1.034227,0.43132583,0.65741431,0.0019575118,0.66994274
xylose_gL,all_known,fusion_interpretable,pls,"n_components=8,alpha=1.0,max_features=48,y_transform=log1p",10,1.0343335,1.0122865,0.41063886,-2.0988227,-40.199555
xylose_gL,all_known,fusion_interpretable,pls,"n_components=8,alpha=1.0,max_features=96,y_transform=log1p",10,1.0343335,1.0122865,0.41063886,-2.0988227,-40.199555
xylose_gL,target_focused,fusion_interpretable,pcr,"n_components=3,alpha=1.0,max_features=48,y_transform=log1p",10,1.034501,0.53151383,0.65564406,-0.28136976,-11.424715
xylose_gL,target_focused,fusion_interpretable,pcr,"n_components=3,alpha=1.0,max_features=96,y_transform=log1p",10,1.034501,0.53151383,0.65564406,-0.28136976,-11.424715
xylose_gL,target_focused,fusion_interpretable,pls,"n_components=2,alpha=1.0,max_features=24,y_transform=log1p",10,1.034503,0.5272724,0.64724127,-0.26670477,-11.186607
xylose_gL,target_focused,fusion_interpretable,pls,"n_components=3,alpha=1.0,max_features=48,y_transform=log1p",10,1.0345111,0.52551089,0.62790653,-0.25196789,-10.980603
xylose_gL,target_focused,fusion_interpretable,pls,"n_components=3,alpha=1.0,max_features=96,y_transform=log1p",10,1.0345111,0.52551089,0.62790653,-0.25196789,-10.980603
xylose_gL,target_focused,raman_interpretable,ridge,"alpha=10.0,max_features=12,y_transform=log1p",10,1.0345148,0.52302513,0.65249166,-0.26682982,-11.385459
xylose_gL,target_focused,fusion_full,pcr,"n_components=5,alpha=1.0,max_features=12,y_transform=log1p",10,1.0348367,0.45359171,0.66548055,-0.60265052,-20.244226
xylose_gL,target_focused,fusion_full,pcr,"n_components=8,alpha=1.0,max_features=48,y_transform=log1p",10,1.0348502,0.44146298,0.65585664,-0.70219278,-22.274826
xylose_gL,target_focused,eem_full,pls,"n_components=12,alpha=1.0,max_features=12,y_transform=log1p",10,1.0351501,0.3884025,0.66987131,-0.045688443,-1.4245791
xylose_gL,target_focused,fusion_interpretable,pcr,"n_components=2,alpha=1.0,max_features=12,y_transform=log1p",10,1.0353787,0.5272003,0.66000063,-0.27156301,-11.36934
xylose_gL,target_focused,eem_full,ridge,"alpha=0.1,max_features=12,y_transform=log1p",10,1.0354411,0.38708564,0.67064106,-0.048343853,-1.5299378
xylose_gL,target_focused,fusion_full,pcr,"n_components=8,alpha=1.0,max_features=384,y_transform=log1p",10,1.035462,0.48758303,0.6484524,-0.52375736,-18.048295
xylose_gL,target_focused,eem_full,ridge,"alpha=1.0,max_features=12,y_transform=log1p",10,1.0354726,0.39067619,0.66794834,-0.04308779,-1.3353394
xylose_gL,target_focused,eem_full,pcr,"n_components=12,alpha=1.0,max_features=12,y_transform=log1p",10,1.0354726,0.39067619,0.66794834,-0.04308779,-1.3353394
xylose_gL,target_focused,eem_full,pls,"n_components=8,alpha=1.0,max_features=12,y_transform=log1p",10,1.035493,0.38853941,0.66918027,-0.046551218,-1.4582382
xylose_gL,target_focused,eem_full,knn,"k=3,weighted=True,max_features=48,y_transform=none",10,1.0355431,0.38826882,0.67200819,-0.37269793,-7.4707685
xylose_gL,target_focused,eem_full,pcr,"n_components=3,alpha=1.0,max_features=12,y_transform=log1p",10,1.035616,0.43029547,0.66732043,0.0061263083,0.69850316
xylose_gL,target_focused,fusion_full,pls,"n_components=3,alpha=1.0,max_features=24,y_transform=log1p",10,1.0356463,0.47692333,0.65833714,-0.62887713,-20.333797
xylose_gL,target_focused,eem_full,ridge,"alpha=10.0,max_features=192,y_transform=log1p",10,1.0357048,0.39807168,0.71172863,-0.090692826,-1.9497676
xylose_gL,target_focused,eem_full,ridge,"alpha=10.0,max_features=384,y_transform=log1p",10,1.0357048,0.39807168,0.71172863,-0.090692826,-1.9497676
xylose_gL,target_focused,fusion_full,ridge,"alpha=10.0,max_features=12,y_transform=log1p",10,1.0357081,0.45587175,0.6691697,-0.56022286,-19.594002
xylose_gL,target_focused,eem_full,pcr,"n_components=3,alpha=1.0,max_features=24,y_transform=log1p",10,1.0358456,0.43016411,0.66717248,0.0083957916,0.64463165
xylose_gL,target_focused,eem_full,ridge,"alpha=10.0,max_features=12,y_transform=log1p",10,1.03635,0.40800441,0.66256503,-0.021902849,-0.51636422
xylose_gL,target_focused,eem_full,pcr,"n_components=8,alpha=1.0,max_features=96,y_transform=log1p",10,1.0364552,0.42035766,0.67499446,-0.012867139,-0.13143076
xylose_gL,target_focused,eem_full,pcr,"n_components=8,alpha=1.0,max_features=12,y_transform=log1p",10,1.0364668,0.39202787,0.66716534,-0.041600311,-1.2893395
xylose_gL,target_focused,eem_full,pls,"n_components=3,alpha=1.0,max_features=24,y_transform=log1p",10,1.0368169,0.40252772,0.66618703,-0.038318617,-0.96350949
xylose_gL,target_focused,fusion_full,pcr,"n_components=5,alpha=1.0,max_features=96,y_transform=log1p",10,1.0368334,0.47403821,0.6626486,-0.57022678,-19.446417
xylose_gL,target_focused,eem_full,pls,"n_components=3,alpha=1.0,max_features=12,y_transform=log1p",10,1.0368484,0.39761983,0.66545604,-0.037248893,-1.1026262
xylose_gL,target_focused,fusion_full,pcr,"n_components=5,alpha=1.0,max_features=192,y_transform=log1p",10,1.0371323,0.50051309,0.65481411,-0.41430788,-15.804454
xylose_gL,target_focused,fusion_full,pcr,"n_components=8,alpha=1.0,max_features=24,y_transform=log1p",10,1.037213,0.46462555,0.66277252,-0.66578434,-21.23
xylose_gL,target_focused,eem_full,pcr,"n_components=5,alpha=1.0,max_features=12,y_transform=log1p",10,1.0373829,0.40936466,0.66527011,-0.024169,-0.5690785
xylose_gL,target_focused,fusion_full,pls,"n_components=3,alpha=1.0,max_features=384,y_transform=log1p",10,1.0374068,0.47787742,0.64731722,-0.47874017,-17.084994
xylose_gL,target_focused,fusion_interpretable,pcr,"n_components=8,alpha=1.0,max_features=48,y_transform=log1p",10,1.0374749,0.52169034,0.63730229,-0.29758408,-12.44812
xylose_gL,target_focused,fusion_interpretable,pcr,"n_components=8,alpha=1.0,max_features=96,y_transform=log1p",10,1.0374749,0.52169034,0.63730229,-0.29758408,-12.44812
xylose_gL,target_focused,raman_interpretable,ridge,"alpha=10.0,max_features=24,y_transform=log1p",10,1.0378364,0.51588605,0.64133941,-0.2691119,-11.839486
xylose_gL,target_focused,raman_interpretable,ridge,"alpha=10.0,max_features=48,y_transform=log1p",10,1.0378364,0.51588605,0.64133941,-0.2691119,-11.839486
xylose_gL,target_focused,raman_interpretable,ridge,"alpha=10.0,max_features=96,y_transform=log1p",10,1.0378364,0.51588605,0.64133941,-0.2691119,-11.839486
xylose_gL,target_focused,eem_full,pcr,"n_components=8,alpha=1.0,max_features=24,y_transform=log1p",10,1.0380308,0.40561028,0.66903155,-0.032765818,-0.88406414
xylose_gL,target_focused,eem_full,knn,"k=5,weighted=True,max_features=12,y_transform=log1p",10,1.0380565,0.41293267,0.63528869,-0.068768397,-1.3608191
xylose_gL,target_focused,fusion_full,pcr,"n_components=8,alpha=1.0,max_features=96,y_transform=log1p",10,1.038142,0.45560077,0.66374308,-0.69770312,-21.819382
xylose_gL,target_focused,fusion_interpretable,pcr,"n_components=3,alpha=1.0,max_features=24,y_transform=log1p",10,1.0382284,0.52882436,0.65760645,-0.27488037,-11.601753
xylose_gL,target_focused,fusion_full,pls,"n_components=3,alpha=1.0,max_features=96,y_transform=log1p",10,1.0382391,0.43701127,0.66623598,-0.68955599,-22.434847
xylose_gL,target_focused,eem_full,knn,"k=3,weighted=True,max_features=192,y_transform=log1p",10,1.0385676,0.38636092,0.66041599,-0.07461581,-2.4538059
xylose_gL,target_focused,eem_full,knn,"k=3,weighted=True,max_features=384,y_transform=log1p",10,1.0385676,0.38636092,0.66041599,-0.07461581,-2.4538059
xylose_gL,target_focused,fusion_interpretable,pcr,"n_components=3,alpha=1.0,max_features=12,y_transform=log1p",10,1.0388503,0.52050529,0.64854689,-0.3118424,-12.807986
xylose_gL,all_known,fusion_full,knn,"k=1,weighted=True,max_features=384,y_transform=none",10,1.0389464,0.17822414,0.36736111,-5.1597188,-106.66608
xylose_gL,all_known,fusion_full,knn,"k=1,weighted=True,max_features=384,y_transform=log1p",10,1.0389464,0.17822414,0.36736111,-5.1597188,-106.66608
xylose_gL,target_focused,raman_full,pcr,"n_components=2,alpha=1.0,max_features=12,y_transform=log1p",10,1.0401306,0.51260167,0.6573973,-0.3266242,-13.488602
xylose_gL,target_focused,raman_interpretable,pls,"n_components=3,alpha=1.0,max_features=12,y_transform=log1p",10,1.0403212,0.51401596,0.64236799,-0.29978374,-12.815287
xylose_gL,target_focused,raman_full,ridge,"alpha=10.0,max_features=12,y_transform=log1p",10,1.04045,0.50465148,0.65789846,-0.38227265,-14.873505
xylose_gL,target_focused,fusion_interpretable,pcr,"n_components=8,alpha=1.0,max_features=24,y_transform=log1p",10,1.0407747,0.52079235,0.64623923,-0.30456315,-12.789558
xylose_gL,target_focused,eem_full,pls,"n_components=5,alpha=1.0,max_features=12,y_transform=log1p",10,1.0408564,0.39050977,0.66821423,-0.058463274,-2.0010663
xylose_gL,target_focused,eem_full,knn,"k=5,weighted=True,max_features=24,y_transform=none",10,1.0408721,0.37827565,0.67785761,-0.20902919,-5.0158309
xylose_gL,target_focused,raman_full,pls,"n_components=2,alpha=1.0,max_features=12,y_transform=log1p",10,1.0410892,0.50238074,0.65700517,-0.3751213,-14.843728
xylose_gL,target_focused,fusion_interpretable,pls,"n_components=2,alpha=1.0,max_features=48,y_transform=log1p",10,1.0411012,0.52546451,0.64338543,-0.30174779,-12.557831
xylose_gL,target_focused,fusion_interpretable,pls,"n_components=2,alpha=1.0,max_features=96,y_transform=log1p",10,1.0411012,0.52546451,0.64338543,-0.30174779,-12.557831
xylose_gL,target_focused,raman_full,pcr,"n_components=3,alpha=1.0,max_features=12,y_transform=log1p",10,1.0413822,0.49820053,0.65354756,-0.43637835,-16.119191
xylose_gL,target_focused,eem_full,pcr,"n_components=12,alpha=1.0,max_features=24,y_transform=log1p",10,1.0415409,0.40091993,0.66403192,-0.052689547,-1.6230786
xylose_gL,target_focused,fusion_full,knn,"k=3,weighted=True,max_features=48,y_transform=log1p",10,1.041872,0.42388454,0.68440376,-1.0818788,-27.939076
xylose_gL,target_focused,eem_full,ridge,"alpha=10.0,max_features=48,y_transform=log1p",10,1.0421464,0.39797985,0.68192459,-0.058195271,-1.7856588
xylose_gL,all_known,raman_full,pcr,"n_components=2,alpha=1.0,max_features=192,y_transform=log1p",10,1.0422489,1.0276458,0.40803772,-2.13652,-40.222332
xylose_gL,target_focused,raman_full,pcr,"n_components=3,alpha=1.0,max_features=192,y_transform=log1p",10,1.0422606,0.51757168,0.65209501,-0.31705019,-13.197896
xylose_gL,target_focused,fusion_interpretable,pls,"n_components=2,alpha=1.0,max_features=12,y_transform=log1p",10,1.0423613,0.51758489,0.65647184,-0.3245602,-13.397815
xylose_gL,target_focused,fusion_full,pcr,"n_components=12,alpha=1.0,max_features=192,y_transform=log1p",10,1.042607,0.46418795,0.65751949,-0.56712876,-19.613322
xylose_gL,target_focused,eem_full,pcr,"n_components=12,alpha=1.0,max_features=192,y_transform=log1p",10,1.042612,0.42785072,0.68272896,-0.027089873,-0.61575661
xylose_gL,target_focused,eem_full,pcr,"n_components=12,alpha=1.0,max_features=384,y_transform=log1p",10,1.042612,0.42785072,0.68272896,-0.027089873,-0.61575661
xylose_gL,target_focused,eem_full,ridge,"alpha=10.0,max_features=24,y_transform=log1p",10,1.0427101,0.40254873,0.66445923,-0.051153231,-1.6122825
xylose_gL,target_focused,fusion_full,pls,"n_components=2,alpha=1.0,max_features=192,y_transform=log1p",10,1.0427132,0.47155881,0.67216028,-0.52790572,-18.951535
xylose_gL,all_known,fusion_full,pls,"n_components=5,alpha=1.0,max_features=192,y_transform=log1p",10,1.042764,0.9455808,0.44419525,-2.3285673,-51.363823
xylose_gL,target_focused,fusion_interpretable,ridge,"alpha=10.0,max_features=12,y_transform=log1p",10,1.0431626,0.51849093,0.65720667,-0.30722673,-12.970174
xylose_gL,target_focused,eem_full,pcr,"n_components=12,alpha=1.0,max_features=48,y_transform=log1p",10,1.0432639,0.40584393,0.6796348,-0.047853811,-1.5744518
xylose_gL,target_focused,eem_full,pcr,"n_components=12,alpha=1.0,max_features=96,y_transform=log1p",10,1.043333,0.4262613,0.68010593,-0.027754648,-0.75456045
xylose_gL,target_focused,raman_full,pcr,"n_components=8,alpha=1.0,max_features=384,y_transform=log1p",10,1.0434086,0.5212944,0.65428952,-0.30466049,-12.800992
xylose_gL,target_focused,fusion_full,pcr,"n_components=2,alpha=1.0,max_features=96,y_transform=log1p",10,1.0435361,0.50374355,0.68343639,-0.39068775,-15.491051
xylose_gL,target_focused,fusion_full,pls,"n_components=3,alpha=1.0,max_features=192,y_transform=log1p",10,1.0435393,0.46765267,0.65992506,-0.53036083,-18.818614
xylose_gL,all_known,fusion_interpretable,knn,"k=1,weighted=True,max_features=24,y_transform=log1p",10,1.0438332,0.37171529,0.43254167,-3.2524937,-78.538743
xylose_gL,all_known,fusion_interpretable,knn,"k=1,weighted=True,max_features=24,y_transform=none",10,1.0438332,0.37171529,0.43254167,-3.2524937,-78.538743
xylose_gL,target_focused,fusion_full,pcr,"n_components=2,alpha=1.0,max_features=192,y_transform=log1p",10,1.04387,0.51703967,0.68091964,-0.35038982,-14.250542
xylose_gL,target_focused,fusion_full,pls,"n_components=3,alpha=1.0,max_features=12,y_transform=log1p",10,1.0444515,0.44210668,0.676614,-0.66621543,-22.376919
xylose_gL,target_focused,eem_full,pls,"n_components=2,alpha=1.0,max_features=96,y_transform=log1p",10,1.0446016,0.43410587,0.67349241,-0.019317302,-0.47078307
xylose_gL,target_focused,raman_full,pcr,"n_components=5,alpha=1.0,max_features=384,y_transform=log1p",10,1.0446426,0.51731886,0.65407922,-0.34566051,-14.09169
xylose_gL,target_focused,fusion_full,ridge,"alpha=10.0,max_features=24,y_transform=log1p",10,1.0450643,0.47210076,0.66569406,-0.62645329,-21.051493
xylose_gL,target_focused,fusion_full,knn,"k=5,weighted=True,max_features=96,y_transform=log1p",10,1.0453443,0.46954776,0.68759249,-0.65536252,-21.31346
xylose_gL,target_focused,fusion_full,pcr,"n_components=12,alpha=1.0,max_features=48,y_transform=log1p",10,1.0455467,0.42988332,0.67007764,-0.73857718,-23.6147
xylose_gL,target_focused,eem_full,knn,"k=9,weighted=True,max_features=192,y_transform=log1p",10,1.0456121,0.43070187,0.67886124,-0.014107279,-0.5148221
xylose_gL,target_focused,eem_full,knn,"k=9,weighted=True,max_features=384,y_transform=log1p",10,1.0456121,0.43070187,0.67886124,-0.014107279,-0.5148221
xylose_gL,target_focused,raman_full,pcr,"n_components=2,alpha=1.0,max_features=24,y_transform=log1p",10,1.0472752,0.50900775,0.66503273,-0.33814721,-14.083634
xylose_gL,all_known,fusion_full,ridge,"alpha=10.0,max_features=192,y_transform=none",10,1.0476578,0.34661199,0.7141752,-3.8146508,-89.353621
xylose_gL,target_focused,fusion_interpretable,knn,"k=9,weighted=True,max_features=12,y_transform=log1p",10,1.0477681,0.4765761,0.66566879,-0.66543622,-20.602459
xylose_gL,target_focused,eem_full,pcr,"n_components=2,alpha=1.0,max_features=12,y_transform=log1p",10,1.0480765,0.42779038,0.680747,-0.024361382,-0.84880781
xylose_gL,target_focused,raman_full,pcr,"n_components=5,alpha=1.0,max_features=12,y_transform=log1p",10,1.0480957,0.49176668,0.65793147,-0.50913789,-18.097649
xylose_gL,target_focused,eem_full,knn,"k=5,weighted=True,max_features=192,y_transform=log1p",10,1.0483265,0.41257318,0.67831218,-0.064149754,-2.0240616
xylose_gL,target_focused,eem_full,knn,"k=5,weighted=True,max_features=384,y_transform=log1p",10,1.0483265,0.41257318,0.67831218,-0.064149754,-2.0240616
xylose_gL,target_focused,raman_interpretable,knn,"k=9,weighted=True,max_features=12,y_transform=log1p",10,1.0483767,0.51147642,0.6552969,-0.54759093,-17.913145
xylose_gL,target_focused,eem_full,pls,"n_components=3,alpha=1.0,max_features=48,y_transform=log1p",10,1.0485875,0.40755597,0.67498389,-0.082153002,-2.481695
xylose_gL,target_focused,raman_interpretable,knn,"k=9,weighted=True,max_features=24,y_transform=log1p",10,1.0499403,0.50388456,0.6712719,-0.5514345,-18.287498
xylose_gL,target_focused,raman_interpretable,knn,"k=9,weighted=True,max_features=48,y_transform=log1p",10,1.0499403,0.50388456,0.6712719,-0.5514345,-18.287498
xylose_gL,target_focused,raman_interpretable,knn,"k=9,weighted=True,max_features=96,y_transform=log1p",10,1.0499403,0.50388456,0.6712719,-0.5514345,-18.287498
xylose_gL,target_focused,eem_full,pcr,"n_components=5,alpha=1.0,max_features=96,y_transform=log1p",10,1.0500799,0.43543013,0.66462477,-0.029060602,-0.93918437
xylose_gL,target_focused,eem_full,knn,"k=9,weighted=True,max_features=48,y_transform=log1p",10,1.0504842,0.4012502,0.67164293,-0.050518182,-2.3159425
xylose_gL,target_focused,fusion_full,pcr,"n_components=8,alpha=1.0,max_features=12,y_transform=log1p",10,1.0509256,0.43895115,0.68391884,-0.74360288,-24.176456
xylose_gL,target_focused,fusion_full,pcr,"n_components=12,alpha=1.0,max_features=96,y_transform=log1p",10,1.0513422,0.44279909,0.67501297,-0.76140135,-23.879213
xylose_gL,target_focused,eem_full,pls,"n_components=8,alpha=1.0,max_features=96,y_transform=log1p",10,1.0520422,0.36925021,0.70999234,-0.14010492,-5.2466105
xylose_gL,target_focused,fusion_interpretable,pls,"n_components=3,alpha=1.0,max_features=12,y_transform=log1p",10,1.0527917,0.50916224,0.65006127,-0.3604396,-15.111919
xylose_gL,target_focused,raman_full,pls,"n_components=3,alpha=1.0,max_features=12,y_transform=log1p",10,1.0542701,0.4855849,0.6620126,-0.58979743,-20.051473
xylose_gL,target_focused,fusion_interpretable,knn,"k=5,weighted=True,max_features=48,y_transform=none",10,1.0544718,0.30845783,0.73379821,-1.2987149,-36.706022
xylose_gL,target_focused,fusion_interpretable,knn,"k=5,weighted=True,max_features=96,y_transform=none",10,1.0544718,0.30845783,0.73379821,-1.2987149,-36.706022
xylose_gL,target_focused,fusion_full,pls,"n_components=2,alpha=1.0,max_features=384,y_transform=log1p",10,1.0545404,0.48057213,0.67402906,-0.56646442,-20.468649
xylose_gL,target_focused,eem_full,knn,"k=9,weighted=True,max_features=24,y_transform=none",10,1.054852,0.36917904,0.71290376,-0.14360104,-5.081004
xylose_gL,target_focused,raman_full,pcr,"n_components=8,alpha=1.0,max_features=12,y_transform=log1p",10,1.0549939,0.49027455,0.66643011,-0.52027338,-18.927663
xylose_gL,target_focused,raman_full,pcr,"n_components=3,alpha=1.0,max_features=96,y_transform=log1p",10,1.0552959,0.50660664,0.65863462,-0.43311107,-16.779448
xylose_gL,target_focused,fusion_full,knn,"k=5,weighted=True,max_features=384,y_transform=log1p",10,1.0553271,0.50058497,0.68475953,-0.55502384,-19.557889
xylose_gL,target_focused,raman_full,pcr,"n_components=3,alpha=1.0,max_features=48,y_transform=log1p",10,1.055613,0.50111581,0.67095218,-0.43549718,-16.943884
xylose_gL,target_focused,eem_full,knn,"k=5,weighted=True,max_features=12,y_transform=none",10,1.0562678,0.39476713,0.69065899,-0.21230906,-5.7034877
xylose_gL,target_focused,fusion_interpretable,ridge,"alpha=10.0,max_features=24,y_transform=log1p",10,1.0565586,0.50947539,0.66183456,-0.34132211,-14.805259
xylose_gL,target_focused,raman_full,pcr,"n_components=5,alpha=1.0,max_features=96,y_transform=log1p",10,1.0566285,0.50395654,0.65954035,-0.49050241,-18.178397
xylose_gL,target_focused,fusion_full,ridge,"alpha=1.0,max_features=12,y_transform=log1p",10,1.0566865,0.43461383,0.6906548,-0.75177894,-24.988108
xylose_gL,target_focused,fusion_full,pcr,"n_components=12,alpha=1.0,max_features=12,y_transform=log1p",10,1.0566865,0.43461383,0.6906548,-0.75177894,-24.988108
xylose_gL,target_focused,eem_full,knn,"k=3,weighted=True,max_features=96,y_transform=none",10,1.0574724,0.37940788,0.70543421,-0.26600371,-7.5760904
xylose_gL,all_known,fusion_full,pls,"n_components=8,alpha=1.0,max_features=192,y_transform=none",10,1.0574788,0.28341433,0.73121843,-3.932306,-92.660042
xylose_gL,target_focused,eem_full,pls,"n_components=2,alpha=1.0,max_features=192,y_transform=log1p",10,1.0576089,0.42443483,0.67604601,-0.052887054,-2.1925909
xylose_gL,target_focused,eem_full,pls,"n_components=2,alpha=1.0,max_features=384,y_transform=log1p",10,1.0576089,0.42443483,0.67604601,-0.052887054,-2.1925909
xylose_gL,target_focused,raman_full,pcr,"n_components=3,alpha=1.0,max_features=24,y_transform=log1p",10,1.0577654,0.49489571,0.66777786,-0.47039739,-18.008506
xylose_gL,target_focused,raman_interpretable,knn,"k=5,weighted=True,max_features=24,y_transform=log1p",10,1.0580583,0.49484889,0.65755661,-0.75696334,-21.809883
xylose_gL,target_focused,raman_interpretable,knn,"k=5,weighted=True,max_features=48,y_transform=log1p",10,1.0580583,0.49484889,0.65755661,-0.75696334,-21.809883
xylose_gL,target_focused,raman_interpretable,knn,"k=5,weighted=True,max_features=96,y_transform=log1p",10,1.0580583,0.49484889,0.65755661,-0.75696334,-21.809883
xylose_gL,target_focused,eem_full,knn,"k=3,weighted=True,max_features=24,y_transform=none",10,1.0584643,0.4335731,0.66251962,-0.24833174,-5.1846091
xylose_gL,target_focused,raman_full,pcr,"n_components=12,alpha=1.0,max_features=384,y_transform=log1p",10,1.0599972,0.49865065,0.66187014,-0.44179904,-17.644156
xylose_gL,target_focused,fusion_interpretable,ridge,"alpha=10.0,max_features=48,y_transform=log1p",10,1.060262,0.50598046,0.646272,-0.35502882,-15.373714
xylose_gL,target_focused,fusion_interpretable,ridge,"alpha=10.0,max_features=96,y_transform=log1p",10,1.060262,0.50598046,0.646272,-0.35502882,-15.373714
xylose_gL,all_known,raman_full,knn,"k=1,weighted=True,max_features=384,y_transform=none",10,1.0606777,0.21071856,0.40675,-4.1289489,-96.793361
xylose_gL,all_known,raman_full,knn,"k=1,weighted=True,max_features=384,y_transform=log1p",10,1.0606777,0.21071856,0.40675,-4.1289489,-96.793361
xylose_gL,target_focused,raman_full,knn,"k=9,weighted=True,max_features=384,y_transform=log1p",10,1.0607371,0.50602254,0.67460079,-0.50233754,-18.875671
xylose_gL,target_focused,eem_full,ridge,"alpha=1.0,max_features=96,y_transform=log1p",10,1.0610733,0.35286041,0.74188149,-0.19393233,-7.1474588
xylose_gL,target_focused,raman_full,ridge,"alpha=1.0,max_features=12,y_transform=log1p",10,1.0610926,0.49001796,0.67182308,-0.59430157,-20.579669
xylose_gL,target_focused,raman_full,pcr,"n_components=12,alpha=1.0,max_features=12,y_transform=log1p",10,1.0610926,0.49001796,0.67182308,-0.59430157,-20.579669
xylose_gL,target_focused,eem_full,pls,"n_components=3,alpha=1.0,max_features=192,y_transform=log1p",10,1.0611102,0.41130235,0.68882291,-0.10728458,-3.7033641
xylose_gL,target_focused,eem_full,pls,"n_components=3,alpha=1.0,max_features=384,y_transform=log1p",10,1.0611102,0.41130235,0.68882291,-0.10728458,-3.7033641
xylose_gL,target_focused,fusion_full,ridge,"alpha=10.0,max_features=48,y_transform=log1p",10,1.0611506,0.41737801,0.67503191,-0.82143078,-26.643432
xylose_gL,target_focused,raman_full,pls,"n_components=2,alpha=1.0,max_features=24,y_transform=log1p",10,1.0611805,0.49156994,0.6708799,-0.45724497,-18.165362
xylose_gL,target_focused,eem_full,pcr,"n_components=5,alpha=1.0,max_features=24,y_transform=none",10,1.0614299,0.33549788,0.78374251,-0.1828338,-6.9825434
xylose_gL,all_known,fusion_full,knn,"k=1,weighted=True,max_features=12,y_transform=none",10,1.0617823,0.28660606,0.48120833,-6.0201438,-114.15168
xylose_gL,all_known,fusion_full,knn,"k=1,weighted=True,max_features=12,y_transform=log1p",10,1.0617823,0.28660606,0.48120833,-6.0201438,-114.15168
xylose_gL,target_focused,raman_interpretable,pls,"n_components=3,alpha=1.0,max_features=24,y_transform=none",10,1.0618117,0.44576597,0.69659017,-0.67912709,-23.81233
xylose_gL,target_focused,raman_interpretable,pls,"n_components=3,alpha=1.0,max_features=48,y_transform=none",10,1.0618117,0.44576597,0.69659017,-0.67912709,-23.81233
xylose_gL,target_focused,raman_interpretable,pls,"n_components=3,alpha=1.0,max_features=96,y_transform=none",10,1.0618117,0.44576597,0.69659017,-0.67912709,-23.81233
xylose_gL,target_focused,fusion_full,pls,"n_components=8,alpha=1.0,max_features=12,y_transform=log1p",10,1.0620023,0.43125131,0.69283337,-0.79954261,-26.188283
xylose_gL,target_focused,raman_full,pcr,"n_components=5,alpha=1.0,max_features=192,y_transform=log1p",10,1.0625163,0.50728245,0.6663057,-0.44134868,-17.531849
xylose_gL,target_focused,fusion_full,pls,"n_components=12,alpha=1.0,max_features=12,y_transform=log1p",10,1.0625922,0.42902547,0.69397322,-0.80771922,-26.474422
xylose_gL,target_focused,raman_interpretable,pcr,"n_components=3,alpha=1.0,max_features=24,y_transform=none",10,1.0626396,0.45149265,0.70978907,-0.6766906,-23.630858
xylose_gL,target_focused,raman_interpretable,pcr,"n_components=3,alpha=1.0,max_features=48,y_transform=none",10,1.0626396,0.45149265,0.70978907,-0.6766906,-23.630858
xylose_gL,target_focused,raman_interpretable,pcr,"n_components=3,alpha=1.0,max_features=96,y_transform=none",10,1.0626396,0.45149265,0.70978907,-0.6766906,-23.630858
xylose_gL,target_focused,fusion_full,knn,"k=3,weighted=True,max_features=24,y_transform=log1p",10,1.0628032,0.46483937,0.67958119,-1.1290714,-29.652776
xylose_gL,target_focused,raman_full,ridge,"alpha=10.0,max_features=24,y_transform=log1p",10,1.0634648,0.49573388,0.67591402,-0.50133853,-19.220764
xylose_gL,target_focused,raman_interpretable,pcr,"n_components=5,alpha=1.0,max_features=24,y_transform=none",10,1.0646114,0.448574,0.70492485,-0.69637233,-24.240791
xylose_gL,target_focused,raman_interpretable,pcr,"n_components=5,alpha=1.0,max_features=48,y_transform=none",10,1.0646114,0.448574,0.70492485,-0.69637233,-24.240791
xylose_gL,target_focused,raman_interpretable,pcr,"n_components=5,alpha=1.0,max_features=96,y_transform=none",10,1.0646114,0.448574,0.70492485,-0.69637233,-24.240791
xylose_gL,target_focused,raman_interpretable,knn,"k=5,weighted=True,max_features=12,y_transform=log1p",10,1.0647119,0.47556258,0.67867961,-0.86295156,-25.406028
xylose_gL,target_focused,fusion_interpretable,knn,"k=3,weighted=True,max_features=24,y_transform=none",10,1.0648975,0.35480839,0.68927428,-1.3818787,-38.552045
xylose_gL,target_focused,raman_full,knn,"k=9,weighted=True,max_features=48,y_transform=log1p",10,1.0654068,0.49586544,0.65932573,-0.49833377,-19.18722
xylose_gL,target_focused,fusion_full,ridge,"alpha=0.1,max_features=12,y_transform=log1p",10,1.0655235,0.42742042,0.69583605,-0.83563652,-27.145218
xylose_gL,target_focused,raman_full,pcr,"n_components=5,alpha=1.0,max_features=24,y_transform=log1p",10,1.0655751,0.48168898,0.67641958,-0.57943189,-21.278817
xylose_gL,target_focused,raman_full,knn,"k=9,weighted=True,max_features=96,y_transform=log1p",10,1.06596,0.50882585,0.67553875,-0.47827251,-18.619797
xylose_gL,target_focused,eem_full,knn,"k=9,weighted=True,max_features=96,y_transform=log1p",10,1.066061,0.40634913,0.68436114,-0.081579809,-3.745595
xylose_gL,target_focused,fusion_full,pcr,"n_components=12,alpha=1.0,max_features=24,y_transform=log1p",10,1.0662104,0.46426485,0.67999196,-0.90674889,-27.153547
xylose_gL,all_known,fusion_full,ridge,"alpha=10.0,max_features=192,y_transform=log1p",10,1.0669556,0.94213778,0.47477272,-2.7509597,-61.632585
xylose_gL,target_focused,fusion_full,pls,"n_components=5,alpha=1.0,max_features=12,y_transform=log1p",10,1.0685776,0.42731083,0.69816712,-0.86547163,-27.804448
xylose_gL,target_focused,raman_full,pcr,"n_components=8,alpha=1.0,max_features=192,y_transform=log1p",10,1.0685933,0.4985115,0.67416002,-0.43219834,-17.884304
xylose_gL,target_focused,eem_full,pcr,"n_components=3,alpha=1.0,max_features=24,y_transform=none",10,1.0687024,0.34941286,0.77866965,-0.16209326,-6.8404566
xylose_gL,target_focused,raman_full,pls,"n_components=5,alpha=1.0,max_features=12,y_transform=log1p",10,1.0691273,0.48432781,0.67549478,-0.66447417,-22.50348
xylose_gL,target_focused,eem_full,ridge,"alpha=1.0,max_features=24,y_transform=log1p",10,1.0694276,0.35668063,0.69758442,-0.20055074,-7.390239
xylose_gL,target_focused,fusion_full,ridge,"alpha=10.0,max_features=96,y_transform=log1p",10,1.0696248,0.41977409,0.68725238,-0.87143025,-27.442249
xylose_gL,target_focused,raman_full,knn,"k=9,weighted=True,max_features=12,y_transform=log1p",10,1.0706319,0.50653774,0.66263989,-0.46459025,-18.613955
xylose_gL,all_known,fusion_full,pls,"n_components=8,alpha=1.0,max_features=384,y_transform=none",10,1.0712562,0.48879593,0.69268642,-3.6942931,-89.594056
xylose_gL,target_focused,eem_full,pls,"n_components=2,alpha=1.0,max_features=24,y_transform=none",10,1.0713326,0.31082788,0.7944269,-0.23194068,-9.0987474
xylose_gL,all_known,fusion_full,pls,"n_components=8,alpha=1.0,max_features=192,y_transform=log1p",10,1.0727074,0.8897646,0.47783881,-2.7352069,-64.180539
xylose_gL,target_focused,eem_full,pcr,"n_components=8,alpha=1.0,max_features=192,y_transform=log1p",10,1.072878,0.43118992,0.69663492,-0.11115666,-4.1204717
xylose_gL,target_focused,eem_full,pcr,"n_components=8,alpha=1.0,max_features=384,y_transform=log1p",10,1.072878,0.43118992,0.69663492,-0.11115666,-4.1204717
xylose_gL,target_focused,fusion_interpretable,pcr,"n_components=5,alpha=1.0,max_features=48,y_transform=none",10,1.0731527,0.45169531,0.73116588,-0.71207466,-24.950635
xylose_gL,target_focused,fusion_interpretable,pcr,"n_components=5,alpha=1.0,max_features=96,y_transform=none",10,1.0731527,0.45169531,0.73116588,-0.71207466,-24.950635
xylose_gL,target_focused,fusion_interpretable,pcr,"n_components=2,alpha=1.0,max_features=48,y_transform=none",10,1.0735456,0.46263338,0.74941038,-0.73843389,-25.048255
xylose_gL,target_focused,fusion_interpretable,pcr,"n_components=2,alpha=1.0,max_features=96,y_transform=none",10,1.0735456,0.46263338,0.74941038,-0.73843389,-25.048255
xylose_gL,target_focused,raman_full,pls,"n_components=3,alpha=1.0,max_features=96,y_transform=log1p",10,1.0736159,0.47802557,0.67764522,-0.57980498,-21.992939
xylose_gL,target_focused,fusion_interpretable,knn,"k=5,weighted=True,max_features=12,y_transform=log1p",10,1.0744105,0.42294717,0.69401055,-1.2336582,-31.980312
xylose_gL,all_known,raman_full,ridge,"alpha=10.0,max_features=384,y_transform=none",10,1.0744423,0.40372442,0.70141121,-3.5921929,-90.063405
xylose_gL,target_focused,raman_full,knn,"k=9,weighted=True,max_features=24,y_transform=log1p",10,1.0748047,0.50937937,0.66546658,-0.51797603,-20.001828
xylose_gL,target_focused,raman_interpretable,pls,"n_components=2,alpha=1.0,max_features=24,y_transform=none",10,1.0751441,0.44766994,0.73111582,-0.78237452,-26.402338
xylose_gL,target_focused,raman_interpretable,pls,"n_components=2,alpha=1.0,max_features=48,y_transform=none",10,1.0751441,0.44766994,0.73111582,-0.78237452,-26.402338
xylose_gL,target_focused,raman_interpretable,pls,"n_components=2,alpha=1.0,max_features=96,y_transform=none",10,1.0751441,0.44766994,0.73111582,-0.78237452,-26.402338
xylose_gL,target_focused,fusion_interpretable,pcr,"n_components=2,alpha=1.0,max_features=24,y_transform=none",10,1.0753689,0.46022678,0.75103384,-0.77294746,-25.797554
xylose_gL,target_focused,raman_full,knn,"k=9,weighted=True,max_features=192,y_transform=log1p",10,1.0756404,0.49508358,0.6773,-0.52391685,-20.598364
xylose_gL,target_focused,raman_full,pls,"n_components=8,alpha=1.0,max_features=12,y_transform=log1p",10,1.0757385,0.48441706,0.68353784,-0.75183731,-24.238982
xylose_gL,target_focused,raman_full,pls,"n_components=12,alpha=1.0,max_features=12,y_transform=log1p",10,1.0757479,0.48234995,0.68443468,-0.78330727,-24.880063
xylose_gL,target_focused,eem_full,pcr,"n_components=5,alpha=1.0,max_features=48,y_transform=none",10,1.0766017,0.34448408,0.79214212,-0.2207929,-8.4986177
xylose_gL,target_focused,raman_interpretable,pcr,"n_components=2,alpha=1.0,max_features=24,y_transform=none",10,1.0770333,0.46076051,0.75199282,-0.77769601,-25.972952
xylose_gL,target_focused,raman_interpretable,pcr,"n_components=2,alpha=1.0,max_features=48,y_transform=none",10,1.0770333,0.46076051,0.75199282,-0.77769601,-25.972952
xylose_gL,target_focused,raman_interpretable,pcr,"n_components=2,alpha=1.0,max_features=96,y_transform=none",10,1.0770333,0.46076051,0.75199282,-0.77769601,-25.972952
xylose_gL,target_focused,eem_full,pcr,"n_components=3,alpha=1.0,max_features=48,y_transform=log1p",10,1.0770505,0.43505474,0.68676308,-0.079048913,-3.7674207
xylose_gL,target_focused,raman_full,ridge,"alpha=10.0,max_features=96,y_transform=log1p",10,1.0771638,0.47065807,0.68375784,-0.5620086,-22.023675
xylose_gL,target_focused,raman_interpretable,pcr,"n_components=2,alpha=1.0,max_features=12,y_transform=none",10,1.0771976,0.45605966,0.75125781,-0.7897092,-26.332866
xylose_gL,target_focused,raman_interpretable,ridge,"alpha=10.0,max_features=24,y_transform=none",10,1.0779066,0.43687721,0.71587248,-0.75573109,-26.602971
xylose_gL,target_focused,raman_interpretable,ridge,"alpha=10.0,max_features=48,y_transform=none",10,1.0779066,0.43687721,0.71587248,-0.75573109,-26.602971
xylose_gL,target_focused,raman_interpretable,ridge,"alpha=10.0,max_features=96,y_transform=none",10,1.0779066,0.43687721,0.71587248,-0.75573109,-26.602971
xylose_gL,target_focused,eem_full,pcr,"n_components=3,alpha=1.0,max_features=12,y_transform=none",10,1.0779573,0.34840764,0.79562921,-0.19320905,-7.9528671
xylose_gL,all_known,fusion_full,pls,"n_components=5,alpha=1.0,max_features=384,y_transform=log1p",10,1.0781462,1.0436812,0.44982539,-2.6908543,-55.13254
xylose_gL,target_focused,eem_full,pls,"n_components=5,alpha=1.0,max_features=24,y_transform=log1p",10,1.0782641,0.37471038,0.70647117,-0.20627505,-7.4972615
xylose_gL,target_focused,raman_full,pcr,"n_components=5,alpha=1.0,max_features=48,y_transform=log1p",10,1.07857,0.47623529,0.68514222,-0.63951567,-23.584249
xylose_gL,target_focused,eem_full,pls,"n_components=2,alpha=1.0,max_features=12,y_transform=none",10,1.0786709,0.31686603,0.80651567,-0.25036589,-9.7662458
xylose_gL,target_focused,raman_full,pcr,"n_components=8,alpha=1.0,max_features=24,y_transform=log1p",10,1.0788357,0.46337628,0.68253085,-0.70306435,-24.912525
xylose_gL,target_focused,fusion_interpretable,pcr,"n_components=3,alpha=1.0,max_features=48,y_transform=none",10,1.078903,0.45920694,0.75295204,-0.80639278,-26.571464
xylose_gL,target_focused,fusion_interpretable,pcr,"n_components=3,alpha=1.0,max_features=96,y_transform=none",10,1.078903,0.45920694,0.75295204,-0.80639278,-26.571464
xylose_gL,target_focused,eem_full,pls,"n_components=8,alpha=1.0,max_features=192,y_transform=log1p",10,1.0789932,0.39536383,0.74639539,-0.26444233,-8.1312041
xylose_gL,target_focused,eem_full,pls,"n_components=8,alpha=1.0,max_features=384,y_transform=log1p",10,1.0789932,0.39536383,0.74639539,-0.26444233,-8.1312041
xylose_gL,target_focused,eem_full,pcr,"n_components=8,alpha=1.0,max_features=96,y_transform=none",10,1.0797286,0.34539634,0.81595019,-0.23653909,-9.0741429
xylose_gL,target_focused,fusion_full,knn,"k=5,weighted=True,max_features=24,y_transform=none",10,1.0801144,0.47042808,0.72765916,-1.5722552,-35.003277
xylose_gL,target_focused,raman_full,pcr,"n_components=12,alpha=1.0,max_features=96,y_transform=log1p",10,1.0801454,0.46314676,0.68315417,-0.6108202,-23.318405
xylose_gL,target_focused,eem_full,pls,"n_components=2,alpha=1.0,max_features=48,y_transform=none",10,1.0807077,0.30913258,0.80819095,-0.25835679,-10.278335
xylose_gL,target_focused,raman_full,pcr,"n_components=2,alpha=1.0,max_features=384,y_transform=none",10,1.0809365,0.45716467,0.75058565,-0.83046771,-27.252438
xylose_gL,target_focused,fusion_interpretable,pcr,"n_components=5,alpha=1.0,max_features=24,y_transform=none",10,1.0810843,0.4477017,0.74535457,-0.7495014,-26.194303
xylose_gL,target_focused,eem_full,pcr,"n_components=8,alpha=1.0,max_features=48,y_transform=none",10,1.081128,0.33006033,0.81567266,-0.25390017,-9.7768251
xylose_gL,target_focused,eem_full,knn,"k=5,weighted=True,max_features=48,y_transform=none",10,1.0813881,0.306047,0.73135583,-0.33147143,-11.811393
xylose_gL,target_focused,raman_full,ridge,"alpha=10.0,max_features=48,y_transform=log1p",10,1.0818746,0.46182951,0.70022145,-0.66704962,-24.678496
xylose_gL,target_focused,raman_full,ridge,"alpha=0.1,max_features=12,y_transform=log1p",10,1.0820446,0.47695309,0.68651091,-0.86435162,-26.605559
xylose_gL,target_focused,raman_interpretable,ridge,"alpha=10.0,max_features=12,y_transform=none",10,1.0820927,0.44218237,0.73979219,-0.81280077,-27.592848
xylose_gL,target_focused,raman_full,pls,"n_components=3,alpha=1.0,max_features=384,y_transform=log1p",10,1.0822168,0.49345536,0.66771044,-0.52128694,-20.668469
xylose_gL,target_focused,fusion_full,pls,"n_components=5,alpha=1.0,max_features=24,y_transform=log1p",10,1.0825242,0.44590685,0.69332183,-0.90164818,-29.350272
xylose_gL,target_focused,eem_full,knn,"k=5,weighted=True,max_features=96,y_transform=none",10,1.0828512,0.32707569,0.75083508,-0.30794073,-10.992757
xylose_gL,target_focused,fusion_interpretable,knn,"k=9,weighted=True,max_features=48,y_transform=none",10,1.0828901,0.35726772,0.76700331,-1.3067162,-37.053639
xylose_gL,target_focused,fusion_interpretable,knn,"k=9,weighted=True,max_features=96,y_transform=none",10,1.0828901,0.35726772,0.76700331,-1.3067162,-37.053639
xylose_gL,all_known,eem_full,ridge,"alpha=1.0,max_features=96,y_transform=none",10,1.0836458,0.17569529,0.78932913,-5.7719582,-132.62233
xylose_gL,target_focused,raman_full,pcr,"n_components=12,alpha=1.0,max_features=192,y_transform=log1p",10,1.0836956,0.48325813,0.68767119,-0.52180259,-21.204672
xylose_gL,target_focused,raman_full,pcr,"n_components=2,alpha=1.0,max_features=192,y_transform=none",10,1.0837007,0.45405793,0.75079054,-0.85308137,-27.93489
xylose_gL,target_focused,raman_interpretable,pls,"n_components=2,alpha=1.0,max_features=12,y_transform=none",10,1.0837584,0.44536111,0.74717512,-0.8344255,-27.887272
xylose_gL,all_known,raman_full,pls,"n_components=8,alpha=1.0,max_features=192,y_transform=none",10,1.083994,0.30842361,0.75532978,-3.5658332,-91.657974
xylose_gL,target_focused,fusion_interpretable,pcr,"n_components=12,alpha=1.0,max_features=48,y_transform=none",10,1.0840175,0.4173989,0.7155923,-0.82167461,-28.677001
xylose_gL,target_focused,fusion_interpretable,pcr,"n_components=12,alpha=1.0,max_features=96,y_transform=none",10,1.0840175,0.4173989,0.7155923,-0.82167461,-28.677001
xylose_gL,target_focused,raman_full,pls,"n_components=2,alpha=1.0,max_features=384,y_transform=log1p",10,1.0841857,0.48146385,0.67936708,-0.72972713,-25.114347
xylose_gL,target_focused,raman_full,pcr,"n_components=2,alpha=1.0,max_features=96,y_transform=none",10,1.0847456,0.4435014,0.75305417,-0.86344546,-28.463835
xylose_gL,target_focused,raman_full,pls,"n_components=2,alpha=1.0,max_features=96,y_transform=log1p",10,1.0848356,0.47197767,0.67884545,-0.71903347,-25.073308
xylose_gL,target_focused,eem_full,pls,"n_components=5,alpha=1.0,max_features=48,y_transform=log1p",10,1.0848796,0.36504488,0.73203571,-0.22721644,-8.5460819
xylose_gL,target_focused,eem_full,pcr,"n_components=2,alpha=1.0,max_features=24,y_transform=log1p",10,1.0853548,0.43911611,0.70387243,-0.09349291,-4.4563502
xylose_gL,target_focused,raman_full,pls,"n_components=3,alpha=1.0,max_features=24,y_transform=log1p",10,1.0853627,0.47104686,0.68316256,-0.77411591,-26.308285
xylose_gL,target_focused,eem_full,pcr,"n_components=5,alpha=1.0,max_features=12,y_transform=none",10,1.0862854,0.32679829,0.81265523,-0.26642479,-10.296838
xylose_gL,target_focused,eem_full,pls,"n_components=12,alpha=1.0,max_features=24,y_transform=log1p",10,1.0862955,0.33539192,0.71440851,-0.32809666,-11.804379
xylose_gL,target_focused,raman_full,pcr,"n_components=12,alpha=1.0,max_features=24,y_transform=log1p",10,1.086375,0.47227665,0.68818786,-0.79307375,-26.629028
xylose_gL,target_focused,fusion_full,pcr,"n_components=3,alpha=1.0,max_features=192,y_transform=none",10,1.0863767,0.40760587,0.75703317,-0.96964802,-31.351892
xylose_gL,target_focused,fusion_interpretable,knn,"k=9,weighted=True,max_features=24,y_transform=none",10,1.0865774,0.37078356,0.76511034,-1.1867428,-35.491198
xylose_gL,target_focused,fusion_full,pcr,"n_components=3,alpha=1.0,max_features=384,y_transform=none",10,1.0876403,0.42165487,0.75397519,-0.87159659,-29.399803
xylose_gL,target_focused,fusion_full,pcr,"n_components=2,alpha=1.0,max_features=384,y_transform=none",10,1.0877482,0.45307384,0.75881105,-0.85474182,-28.294053
xylose_gL,all_known,eem_full,knn,"k=1,weighted=True,max_features=24,y_transform=none",10,1.0879942,0.28161832,0.44265278,-7.5383321,-146.59287
xylose_gL,all_known,eem_full,knn,"k=1,weighted=True,max_features=24,y_transform=log1p",10,1.0879942,0.28161832,0.44265278,-7.5383321,-146.59287
xylose_gL,target_focused,raman_full,pls,"n_components=2,alpha=1.0,max_features=48,y_transform=log1p",10,1.0881316,0.46050392,0.69792295,-0.6642889,-25.044815
xylose_gL,target_focused,fusion_interpretable,pcr,"n_components=2,alpha=1.0,max_features=12,y_transform=none",10,1.0884171,0.44791793,0.76537033,-0.84328513,-28.263283
xylose_gL,target_focused,fusion_full,knn,"k=9,weighted=True,max_features=48,y_transform=none",10,1.0886453,0.37115212,0.76283661,-1.3153579,-37.184833
xylose_gL,target_focused,eem_full,pcr,"n_components=2,alpha=1.0,max_features=12,y_transform=none",10,1.0886497,0.34626868,0.79984845,-0.23309556,-9.43277
xylose_gL,target_focused,eem_full,pls,"n_components=8,alpha=1.0,max_features=24,y_transform=log1p",10,1.0887758,0.3549917,0.71801712,-0.27194841,-10.025185
xylose_gL,target_focused,raman_full,pcr,"n_components=2,alpha=1.0,max_features=48,y_transform=none",10,1.0890605,0.43246691,0.76060905,-0.88481819,-29.443927
xylose_gL,target_focused,raman_full,pcr,"n_components=8,alpha=1.0,max_features=96,y_transform=log1p",10,1.0890913,0.47085589,0.69060194,-0.66057028,-24.803705
xylose_gL,target_focused,fusion_full,ridge,"alpha=10.0,max_features=192,y_transform=log1p",10,1.0891991,0.44950151,0.68486923,-0.71464071,-25.858127
xylose_gL,target_focused,raman_full,pls,"n_components=3,alpha=1.0,max_features=192,y_transform=log1p",10,1.0895304,0.49155786,0.6836616,-0.54937431,-21.8829
xylose_gL,target_focused,eem_full,pcr,"n_components=12,alpha=1.0,max_features=192,y_transform=none",10,1.0898462,0.35486439,0.82029246,-0.24364485,-9.7331728
xylose_gL,target_focused,eem_full,pcr,"n_components=12,alpha=1.0,max_features=384,y_transform=none",10,1.0898462,0.35486439,0.82029246,-0.24364485,-9.7331728
xylose_gL,target_focused,fusion_interpretable,pls,"n_components=3,alpha=1.0,max_features=24,y_transform=none",10,1.0899588,0.43674948,0.755641,-0.81692814,-28.349832
xylose_gL,target_focused,raman_full,ridge,"alpha=1.0,max_features=24,y_transform=log1p",10,1.0899838,0.47539615,0.7015878,-0.75826173,-26.214109
xylose_gL,target_focused,fusion_interpretable,pls,"n_components=3,alpha=1.0,max_features=48,y_transform=none",10,1.0900555,0.43123172,0.72733591,-0.84585324,-29.155093
xylose_gL,target_focused,fusion_interpretable,pls,"n_components=3,alpha=1.0,max_features=96,y_transform=none",10,1.0900555,0.43123172,0.72733591,-0.84585324,-29.155093
xylose_gL,target_focused,fusion_full,knn,"k=3,weighted=True,max_features=96,y_transform=log1p",10,1.0901822,0.44219429,0.72177745,-1.3307743,-34.566255
xylose_gL,target_focused,eem_full,knn,"k=3,weighted=True,max_features=12,y_transform=log1p",10,1.0901926,0.40192538,0.66556317,-0.32392361,-9.7304517
xylose_gL,target_focused,eem_full,pcr,"n_components=5,alpha=1.0,max_features=192,y_transform=log1p",10,1.0905918,0.41587526,0.67793069,-0.15427529,-6.546335
xylose_gL,target_focused,eem_full,pcr,"n_components=5,alpha=1.0,max_features=384,y_transform=log1p",10,1.0905918,0.41587526,0.67793069,-0.15427529,-6.546335
xylose_gL,target_focused,fusion_full,ridge,"alpha=10.0,max_features=384,y_transform=log1p",10,1.0906158,0.45543941,0.7107702,-0.83696759,-28.132026
xylose_gL,target_focused,fusion_interpretable,pcr,"n_components=8,alpha=1.0,max_features=48,y_transform=none",10,1.0906631,0.43378052,0.7385655,-0.91240317,-30.153101
xylose_gL,target_focused,fusion_interpretable,pcr,"n_components=8,alpha=1.0,max_features=96,y_transform=none",10,1.0906631,0.43378052,0.7385655,-0.91240317,-30.153101
xylose_gL,target_focused,fusion_full,knn,"k=9,weighted=True,max_features=12,y_transform=none",10,1.0907846,0.39642909,0.73837798,-1.3434099,-37.257308
xylose_gL,target_focused,eem_full,ridge,"alpha=10.0,max_features=12,y_transform=none",10,1.0908708,0.31605559,0.81659789,-0.28249071,-11.201918
xylose_gL,target_focused,eem_full,pcr,"n_components=12,alpha=1.0,max_features=96,y_transform=none",10,1.09105,0.34007553,0.82691791,-0.28146933,-10.852906
xylose_gL,target_focused,eem_full,pcr,"n_components=2,alpha=1.0,max_features=192,y_transform=log1p",10,1.0911263,0.46165096,0.68053376,-0.087029853,-4.1736052
xylose_gL,target_focused,eem_full,pcr,"n_components=2,alpha=1.0,max_features=384,y_transform=log1p",10,1.0911263,0.46165096,0.68053376,-0.087029853,-4.1736052
xylose_gL,target_focused,eem_full,pcr,"n_components=5,alpha=1.0,max_features=96,y_transform=none",10,1.0911794,0.35405762,0.79339594,-0.24157693,-9.6497445
xylose_gL,all_known,fusion_interpretable,ridge,"alpha=1.0,max_features=48,y_transform=log1p",10,1.0913013,1.1286177,0.42449386,-2.6930002,-49.341092
xylose_gL,all_known,fusion_interpretable,ridge,"alpha=1.0,max_features=96,y_transform=log1p",10,1.0913013,1.1286177,0.42449386,-2.6930002,-49.341092
xylose_gL,all_known,raman_full,pls,"n_components=8,alpha=1.0,max_features=384,y_transform=none",10,1.0914862,0.38138059,0.73634939,-3.8230236,-94.382169
xylose_gL,target_focused,eem_full,pcr,"n_components=8,alpha=1.0,max_features=12,y_transform=none",10,1.0915332,0.29699161,0.82038513,-0.31033745,-12.09715
xylose_gL,target_focused,eem_full,pls,"n_components=5,alpha=1.0,max_features=96,y_transform=log1p",10,1.0917338,0.40795519,0.73525112,-0.25469782,-8.4410795
xylose_gL,target_focused,fusion_interpretable,pcr,"n_components=3,alpha=1.0,max_features=24,y_transform=none",10,1.0922928,0.44801917,0.76914164,-0.83520655,-28.472537
xylose_gL,target_focused,eem_full,pcr,"n_components=8,alpha=1.0,max_features=24,y_transform=none",10,1.0925773,0.3151002,0.81895947,-0.30663577,-11.71443
xylose_gL,target_focused,eem_full,ridge,"alpha=10.0,max_features=96,y_transform=none",10,1.0926795,0.33766515,0.82269953,-0.29377221,-11.25064
xylose_gL,target_focused,eem_full,pls,"n_components=3,alpha=1.0,max_features=96,y_transform=none",10,1.0930754,0.31529935,0.83259973,-0.3380773,-12.512713
xylose_gL,target_focused,raman_interpretable,pls,"n_components=3,alpha=1.0,max_features=12,y_transform=none",10,1.0934641,0.4248084,0.73684265,-0.94496299,-31.090877
xylose_gL,target_focused,raman_full,pls,"n_components=2,alpha=1.0,max_features=192,y_transform=log1p",10,1.093721,0.47966208,0.68649727,-0.75151164,-25.932283
xylose_gL,target_focused,fusion_full,ridge,"alpha=1.0,max_features=24,y_transform=log1p",10,1.0942844,0.43691919,0.70488064,-0.93223684,-30.923835
xylose_gL,target_focused,raman_full,ridge,"alpha=0.1,max_features=24,y_transform=log1p",10,1.0950702,0.47209607,0.71795566,-0.81294546,-27.674115
xylose_gL,target_focused,eem_interpretable,knn,"k=9,weighted=True,max_features=12,y_transform=log1p",10,1.0951075,0.44424448,0.68647558,-0.12046727,-5.5593142
xylose_gL,target_focused,eem_interpretable,knn,"k=9,weighted=True,max_features=24,y_transform=log1p",10,1.0951075,0.44424448,0.68647558,-0.12046727,-5.5593142
xylose_gL,target_focused,eem_interpretable,knn,"k=9,weighted=True,max_features=48,y_transform=log1p",10,1.0951075,0.44424448,0.68647558,-0.12046727,-5.5593142
xylose_gL,target_focused,eem_interpretable,knn,"k=9,weighted=True,max_features=96,y_transform=log1p",10,1.0951075,0.44424448,0.68647558,-0.12046727,-5.5593142
xylose_gL,target_focused,fusion_interpretable,pls,"n_components=2,alpha=1.0,max_features=24,y_transform=none",10,1.0951478,0.4384347,0.7637251,-0.8726482,-29.523986
xylose_gL,target_focused,fusion_full,pcr,"n_components=5,alpha=1.0,max_features=384,y_transform=none",10,1.0951814,0.42824674,0.7385667,-0.93611372,-31.010715
xylose_gL,target_focused,raman_full,pcr,"n_components=8,alpha=1.0,max_features=48,y_transform=log1p",10,1.0957514,0.4584004,0.70171755,-0.75660884,-27.28427
xylose_gL,target_focused,eem_full,knn,"k=3,weighted=True,max_features=192,y_transform=none",10,1.0959464,0.37539657,0.73720949,-0.29863141,-10.815818
xylose_gL,target_focused,eem_full,knn,"k=3,weighted=True,max_features=384,y_transform=none",10,1.0959464,0.37539657,0.73720949,-0.29863141,-10.815818
xylose_gL,target_focused,fusion_full,pcr,"n_components=3,alpha=1.0,max_features=96,y_transform=none",10,1.0959661,0.3957149,0.77033666,-1.072345,-33.93992
xylose_gL,target_focused,eem_full,pcr,"n_components=3,alpha=1.0,max_features=192,y_transform=log1p",10,1.0962997,0.46740802,0.68201163,-0.094858406,-4.5407749
xylose_gL,target_focused,eem_full,pcr,"n_components=3,alpha=1.0,max_features=384,y_transform=log1p",10,1.0962997,0.46740802,0.68201163,-0.094858406,-4.5407749
xylose_gL,target_focused,eem_full,pcr,"n_components=2,alpha=1.0,max_features=48,y_transform=log1p",10,1.0970994,0.44481904,0.70126194,-0.11541218,-5.5322521
xylose_gL,target_focused,eem_full,pcr,"n_components=3,alpha=1.0,max_features=96,y_transform=log1p",10,1.0971337,0.45390111,0.69234334,-0.10912213,-5.2098964
xylose_gL,target_focused,fusion_interpretable,ridge,"alpha=10.0,max_features=12,y_transform=none",10,1.0972355,0.432962,0.75313936,-0.90142769,-30.373039
xylose_gL,target_focused,eem_full,pcr,"n_components=2,alpha=1.0,max_features=96,y_transform=log1p",10,1.0976559,0.45922403,0.68952514,-0.10360094,-4.9868415
xylose_gL,target_focused,fusion_interpretable,ridge,"alpha=10.0,max_features=48,y_transform=none",10,1.0978316,0.42112716,0.73998813,-0.86583345,-30.411397
xylose_gL,target_focused,fusion_interpretable,ridge,"alpha=10.0,max_features=96,y_transform=none",10,1.0978316,0.42112716,0.73998813,-0.86583345,-30.411397
xylose_gL,target_focused,fusion_interpretable,pls,"n_components=2,alpha=1.0,max_features=48,y_transform=none",10,1.0981292,0.43487061,0.7575454,-0.91306483,-30.57259
xylose_gL,target_focused,fusion_interpretable,pls,"n_components=2,alpha=1.0,max_features=96,y_transform=none",10,1.0981292,0.43487061,0.7575454,-0.91306483,-30.57259
xylose_gL,target_focused,eem_full,ridge,"alpha=0.1,max_features=24,y_transform=log1p",10,1.098246,0.33361854,0.72021305,-0.35720951,-13.080566
xylose_gL,target_focused,raman_full,pls,"n_components=12,alpha=1.0,max_features=24,y_transform=log1p",10,1.0986268,0.46220116,0.72841893,-0.81539367,-28.682133
xylose_gL,target_focused,fusion_interpretable,knn,"k=5,weighted=True,max_features=24,y_transform=none",10,1.0993746,0.33180227,0.75260324,-1.5954947,-43.434125
xylose_gL,target_focused,raman_full,pcr,"n_components=3,alpha=1.0,max_features=384,y_transform=none",10,1.0994047,0.42751105,0.73713158,-0.91013218,-30.950366
xylose_gL,target_focused,fusion_full,knn,"k=9,weighted=True,max_features=24,y_transform=none",10,1.0997996,0.40854833,0.75631448,-1.3450115,-37.564153
xylose_gL,target_focused,fusion_full,knn,"k=5,weighted=True,max_features=48,y_transform=none",10,1.1010058,0.42304178,0.77442064,-1.538322,-38.465941
xylose_gL,target_focused,fusion_interpretable,pls,"n_components=2,alpha=1.0,max_features=12,y_transform=none",10,1.1020047,0.43436363,0.76386278,-0.9487462,-31.306559
xylose_gL,target_focused,eem_full,knn,"k=9,weighted=True,max_features=192,y_transform=none",10,1.1022498,0.34415804,0.78435506,-0.27422533,-11.195471
xylose_gL,target_focused,eem_full,knn,"k=9,weighted=True,max_features=384,y_transform=none",10,1.1022498,0.34415804,0.78435506,-0.27422533,-11.195471
xylose_gL,target_focused,raman_full,pls,"n_components=5,alpha=1.0,max_features=24,y_transform=log1p",10,1.1027896,0.46192417,0.70740979,-0.98555076,-30.807288
xylose_gL,target_focused,fusion_interpretable,pls,"n_components=5,alpha=1.0,max_features=48,y_transform=log1p",10,1.1041866,0.48353398,0.64687784,-0.59784328,-23.475907
xylose_gL,target_focused,fusion_interpretable,pls,"n_components=5,alpha=1.0,max_features=96,y_transform=log1p",10,1.1041866,0.48353398,0.64687784,-0.59784328,-23.475907
xylose_gL,target_focused,eem_full,pcr,"n_components=3,alpha=1.0,max_features=48,y_transform=none",10,1.1052182,0.35714498,0.77608074,-0.24296681,-10.559022
xylose_gL,target_focused,eem_interpretable,knn,"k=5,weighted=True,max_features=12,y_transform=log1p",10,1.1058353,0.43772477,0.69514561,-0.14896352,-6.9802555
xylose_gL,target_focused,eem_interpretable,knn,"k=5,weighted=True,max_features=24,y_transform=log1p",10,1.1058353,0.43772477,0.69514561,-0.14896352,-6.9802555
xylose_gL,target_focused,eem_interpretable,knn,"k=5,weighted=True,max_features=48,y_transform=log1p",10,1.1058353,0.43772477,0.69514561,-0.14896352,-6.9802555
xylose_gL,target_focused,eem_interpretable,knn,"k=5,weighted=True,max_features=96,y_transform=log1p",10,1.1058353,0.43772477,0.69514561,-0.14896352,-6.9802555
xylose_gL,target_focused,raman_full,pls,"n_components=8,alpha=1.0,max_features=24,y_transform=log1p",10,1.1061818,0.47367998,0.72151838,-0.82164615,-28.343617
xylose_gL,target_focused,fusion_interpretable,ridge,"alpha=10.0,max_features=24,y_transform=none",10,1.1065767,0.42539439,0.7720798,-0.91043551,-31.459283
xylose_gL,target_focused,raman_full,pcr,"n_components=12,alpha=1.0,max_features=48,y_transform=log1p",10,1.1072113,0.43936715,0.71768222,-0.91420573,-31.206298
xylose_gL,target_focused,eem_interpretable,knn,"k=9,weighted=True,max_features=12,y_transform=none",10,1.10751,0.36915192,0.76976071,-0.23911287,-10.433919
xylose_gL,target_focused,eem_interpretable,knn,"k=9,weighted=True,max_features=24,y_transform=none",10,1.10751,0.36915192,0.76976071,-0.23911287,-10.433919
xylose_gL,target_focused,eem_interpretable,knn,"k=9,weighted=True,max_features=48,y_transform=none",10,1.10751,0.36915192,0.76976071,-0.23911287,-10.433919
xylose_gL,target_focused,eem_interpretable,knn,"k=9,weighted=True,max_features=96,y_transform=none",10,1.10751,0.36915192,0.76976071,-0.23911287,-10.433919
xylose_gL,target_focused,fusion_interpretable,knn,"k=1,weighted=True,max_features=48,y_transform=none",10,1.107819,0.46088736,0.60567647,-2.808169,-56.823286
xylose_gL,target_focused,fusion_interpretable,knn,"k=1,weighted=True,max_features=48,y_transform=log1p",10,1.107819,0.46088736,0.60567647,-2.808169,-56.823286
xylose_gL,target_focused,fusion_interpretable,knn,"k=1,weighted=True,max_features=96,y_transform=none",10,1.107819,0.46088736,0.60567647,-2.808169,-56.823286
xylose_gL,target_focused,fusion_interpretable,knn,"k=1,weighted=True,max_features=96,y_transform=log1p",10,1.107819,0.46088736,0.60567647,-2.808169,-56.823286
xylose_gL,target_focused,raman_full,pcr,"n_components=2,alpha=1.0,max_features=12,y_transform=none",10,1.1079469,0.42497904,0.77386851,-0.9960507,-32.875217
xylose_gL,target_focused,eem_full,pls,"n_components=3,alpha=1.0,max_features=12,y_transform=none",10,1.1082936,0.30259611,0.84735069,-0.35277597,-13.900053
xylose_gL,target_focused,eem_full,knn,"k=9,weighted=True,max_features=48,y_transform=none",10,1.1083546,0.31120482,0.76499151,-0.32753564,-13.332055
xylose_gL,target_focused,fusion_full,pcr,"n_components=2,alpha=1.0,max_features=48,y_transform=none",10,1.1089826,0.40386172,0.79767524,-1.0886212,-34.863311
xylose_gL,target_focused,eem_full,pls,"n_components=2,alpha=1.0,max_features=96,y_transform=none",10,1.1091599,0.3392379,0.82554888,-0.30149866,-12.266831
xylose_gL,all_known,fusion_full,pls,"n_components=3,alpha=1.0,max_features=384,y_transform=log1p",10,1.1092935,1.2432635,0.41815097,-3.1265332,-51.09431
xylose_gL,target_focused,raman_interpretable,pcr,"n_components=3,alpha=1.0,max_features=12,y_transform=none",10,1.1094091,0.41578642,0.75278707,-1.0823199,-34.538627
xylose_gL,target_focused,fusion_interpretable,pls,"n_components=3,alpha=1.0,max_features=12,y_transform=none",10,1.1095138,0.41858945,0.75597825,-1.0732242,-34.398791
xylose_gL,target_focused,raman_full,pcr,"n_components=3,alpha=1.0,max_features=12,y_transform=none",10,1.1095503,0.41216564,0.76641514,-1.1705891,-35.620258
xylose_gL,target_focused,eem_interpretable,pcr,"n_components=3,alpha=1.0,max_features=12,y_transform=log1p",10,1.1096155,0.46491014,0.67622315,-0.12783968,-6.1414492
xylose_gL,target_focused,eem_interpretable,pcr,"n_components=3,alpha=1.0,max_features=24,y_transform=log1p",10,1.1096155,0.46491014,0.67622315,-0.12783968,-6.1414492
xylose_gL,target_focused,eem_interpretable,pcr,"n_components=3,alpha=1.0,max_features=48,y_transform=log1p",10,1.1096155,0.46491014,0.67622315,-0.12783968,-6.1414492
xylose_gL,target_focused,eem_interpretable,pcr,"n_components=3,alpha=1.0,max_features=96,y_transform=log1p",10,1.1096155,0.46491014,0.67622315,-0.12783968,-6.1414492
xylose_gL,target_focused,raman_full,knn,"k=5,weighted=True,max_features=384,y_transform=log1p",10,1.1102692,0.46558341,0.70734238,-0.83015932,-29.422825
xylose_gL,target_focused,fusion_full,knn,"k=9,weighted=True,max_features=384,y_transform=none",10,1.1103988,0.40936989,0.78574325,-1.1035501,-35.170656
xylose_gL,target_focused,raman_interpretable,knn,"k=9,weighted=True,max_features=12,y_transform=none",10,1.1106507,0.43451247,0.76141666,-1.2489923,-35.822807
xylose_gL,target_focused,fusion_full,knn,"k=3,weighted=True,max_features=12,y_transform=none",10,1.110933,0.41257046,0.73503937,-1.9675706,-45.838885
xylose_gL,target_focused,eem_full,pcr,"n_components=8,alpha=1.0,max_features=192,y_transform=none",10,1.1109491,0.37644777,0.83398112,-0.27798656,-11.149389
xylose_gL,target_focused,eem_full,pcr,"n_components=8,alpha=1.0,max_features=384,y_transform=none",10,1.1109491,0.37644777,0.83398112,-0.27798656,-11.149389
xylose_gL,target_focused,eem_full,pcr,"n_components=12,alpha=1.0,max_features=48,y_transform=none",10,1.1109601,0.2984285,0.83557586,-0.37385064,-14.526244
xylose_gL,target_focused,fusion_full,pcr,"n_components=2,alpha=1.0,max_features=24,y_transform=none",10,1.1116032,0.37972932,0.80045975,-1.2049293,-37.350505
xylose_gL,target_focused,fusion_full,pls,"n_components=8,alpha=1.0,max_features=24,y_transform=log1p",10,1.1117976,0.42694817,0.71010672,-1.039955,-34.387851
xylose_gL,target_focused,eem_full,pcr,"n_components=2,alpha=1.0,max_features=192,y_transform=none",10,1.1119502,0.40037246,0.77217138,-0.20206304,-9.2890456
xylose_gL,target_focused,eem_full,pcr,"n_components=2,alpha=1.0,max_features=384,y_transform=none",10,1.1119502,0.40037246,0.77217138,-0.20206304,-9.2890456
xylose_gL,target_focused,raman_interpretable,knn,"k=3,weighted=True,max_features=24,y_transform=log1p",10,1.1123411,0.49427404,0.67603002,-1.0298278,-29.995988
xylose_gL,target_focused,raman_interpretable,knn,"k=3,weighted=True,max_features=48,y_transform=log1p",10,1.1123411,0.49427404,0.67603002,-1.0298278,-29.995988
xylose_gL,target_focused,raman_interpretable,knn,"k=3,weighted=True,max_features=96,y_transform=log1p",10,1.1123411,0.49427404,0.67603002,-1.0298278,-29.995988
xylose_gL,target_focused,fusion_full,knn,"k=9,weighted=True,max_features=192,y_transform=none",10,1.1125203,0.419686,0.78721807,-1.1026697,-34.834603
xylose_gL,target_focused,eem_interpretable,knn,"k=3,weighted=True,max_features=12,y_transform=log1p",10,1.113133,0.41757524,0.70463868,-0.20889608,-9.0881328
xylose_gL,target_focused,eem_interpretable,knn,"k=3,weighted=True,max_features=24,y_transform=log1p",10,1.113133,0.41757524,0.70463868,-0.20889608,-9.0881328
xylose_gL,target_focused,eem_interpretable,knn,"k=3,weighted=True,max_features=48,y_transform=log1p",10,1.113133,0.41757524,0.70463868,-0.20889608,-9.0881328
xylose_gL,target_focused,eem_interpretable,knn,"k=3,weighted=True,max_features=96,y_transform=log1p",10,1.113133,0.41757524,0.70463868,-0.20889608,-9.0881328
xylose_gL,target_focused,fusion_interpretable,knn,"k=9,weighted=True,max_features=12,y_transform=none",10,1.1132919,0.38571365,0.7700673,-1.4803029,-40.085242
xylose_gL,all_known,fusion_full,ridge,"alpha=10.0,max_features=384,y_transform=none",10,1.1133926,0.5718546,0.71818483,-4.4133021,-98.766034
xylose_gL,target_focused,fusion_full,pcr,"n_components=3,alpha=1.0,max_features=48,y_transform=none",10,1.1138084,0.37542809,0.80355412,-1.238723,-38.130239
xylose_gL,target_focused,eem_full,pls,"n_components=3,alpha=1.0,max_features=48,y_transform=none",10,1.1138308,0.29824796,0.83753223,-0.42305368,-15.589413
xylose_gL,target_focused,fusion_full,pls,"n_components=5,alpha=1.0,max_features=384,y_transform=log1p",10,1.1139834,0.42678962,0.7196628,-1.3090958,-37.629025
xylose_gL,target_focused,fusion_full,knn,"k=5,weighted=True,max_features=12,y_transform=none",10,1.1145214,0.4192415,0.7571576,-1.6926877,-42.036395
xylose_gL,target_focused,eem_full,ridge,"alpha=1.0,max_features=48,y_transform=log1p",10,1.1145981,0.3515106,0.75917414,-0.37309261,-13.232745
xylose_gL,target_focused,eem_full,ridge,"alpha=1.0,max_features=192,y_transform=log1p",10,1.1146593,0.37122598,0.77933225,-0.44051215,-14.484044
xylose_gL,target_focused,eem_full,ridge,"alpha=1.0,max_features=384,y_transform=log1p",10,1.1146593,0.37122598,0.77933225,-0.44051215,-14.484044
xylose_gL,target_focused,fusion_full,pcr,"n_components=8,alpha=1.0,max_features=384,y_transform=none",10,1.114702,0.40275467,0.78790021,-1.4103286,-40.074937
xylose_gL,target_focused,raman_full,pcr,"n_components=3,alpha=1.0,max_features=192,y_transform=none",10,1.1150745,0.43483717,0.76012703,-0.97326556,-32.774197
xylose_gL,target_focused,eem_interpretable,pcr,"n_components=3,alpha=1.0,max_features=12,y_transform=none",10,1.115619,0.41715721,0.75273002,-0.19367204,-9.0278515
xylose_gL,target_focused,eem_interpretable,pcr,"n_components=3,alpha=1.0,max_features=24,y_transform=none",10,1.115619,0.41715721,0.75273002,-0.19367204,-9.0278515
xylose_gL,target_focused,eem_interpretable,pcr,"n_components=3,alpha=1.0,max_features=48,y_transform=none",10,1.115619,0.41715721,0.75273002,-0.19367204,-9.0278515
xylose_gL,target_focused,eem_interpretable,pcr,"n_components=3,alpha=1.0,max_features=96,y_transform=none",10,1.115619,0.41715721,0.75273002,-0.19367204,-9.0278515
xylose_gL,target_focused,fusion_full,knn,"k=9,weighted=True,max_features=96,y_transform=none",10,1.1156854,0.403333,0.78418396,-1.2716562,-38.063341
xylose_gL,target_focused,eem_full,ridge,"alpha=10.0,max_features=192,y_transform=none",10,1.1157083,0.32223229,0.86701931,-0.41368097,-15.142195
xylose_gL,target_focused,eem_full,ridge,"alpha=10.0,max_features=384,y_transform=none",10,1.1157083,0.32223229,0.86701931,-0.41368097,-15.142195
xylose_gL,all_known,raman_full,knn,"k=1,weighted=True,max_features=24,y_transform=none",10,1.116006,0.27317313,0.46698611,-6.353269,-122.46195
xylose_gL,all_known,raman_full,knn,"k=1,weighted=True,max_features=24,y_transform=log1p",10,1.116006,0.27317313,0.46698611,-6.353269,-122.46195
xylose_gL,target_focused,raman_full,ridge,"alpha=10.0,max_features=12,y_transform=none",10,1.1161838,0.41689254,0.78401068,-1.1163351,-35.440369
xylose_gL,target_focused,eem_full,knn,"k=3,weighted=True,max_features=12,y_transform=none",10,1.1164806,0.4150659,0.71534037,-0.44732771,-13.639877
xylose_gL,target_focused,eem_interpretable,pcr,"n_components=2,alpha=1.0,max_features=12,y_transform=log1p",10,1.1165304,0.46731501,0.68440015,-0.14244049,-6.8207482
xylose_gL,target_focused,eem_interpretable,pcr,"n_components=2,alpha=1.0,max_features=24,y_transform=log1p",10,1.1165304,0.46731501,0.68440015,-0.14244049,-6.8207482
xylose_gL,target_focused,eem_interpretable,pcr,"n_components=2,alpha=1.0,max_features=48,y_transform=log1p",10,1.1165304,0.46731501,0.68440015,-0.14244049,-6.8207482
xylose_gL,target_focused,eem_interpretable,pcr,"n_components=2,alpha=1.0,max_features=96,y_transform=log1p",10,1.1165304,0.46731501,0.68440015,-0.14244049,-6.8207482
xylose_gL,target_focused,eem_interpretable,knn,"k=5,weighted=True,max_features=12,y_transform=none",10,1.1167551,0.37975972,0.7536738,-0.25273081,-11.027125
xylose_gL,target_focused,eem_interpretable,knn,"k=5,weighted=True,max_features=24,y_transform=none",10,1.1167551,0.37975972,0.7536738,-0.25273081,-11.027125
xylose_gL,target_focused,eem_interpretable,knn,"k=5,weighted=True,max_features=48,y_transform=none",10,1.1167551,0.37975972,0.7536738,-0.25273081,-11.027125
xylose_gL,target_focused,eem_interpretable,knn,"k=5,weighted=True,max_features=96,y_transform=none",10,1.1167551,0.37975972,0.7536738,-0.25273081,-11.027125
xylose_gL,target_focused,eem_full,pls,"n_components=3,alpha=1.0,max_features=192,y_transform=none",10,1.1168328,0.34550139,0.84079856,-0.35648475,-13.589744
xylose_gL,target_focused,eem_full,pls,"n_components=3,alpha=1.0,max_features=384,y_transform=none",10,1.1168328,0.34550139,0.84079856,-0.35648475,-13.589744
xylose_gL,all_known,raman_full,ridge,"alpha=10.0,max_features=192,y_transform=log1p",10,1.1168975,1.0688672,0.48089757,-3.1432822,-64.493975
xylose_gL,target_focused,fusion_full,pcr,"n_components=3,alpha=1.0,max_features=24,y_transform=none",10,1.1178916,0.37082097,0.80988945,-1.4079518,-41.009135
xylose_gL,target_focused,fusion_full,pls,"n_components=5,alpha=1.0,max_features=96,y_transform=log1p",10,1.1179183,0.39078701,0.72964252,-1.378955,-38.252706
xylose_gL,target_focused,fusion_full,pcr,"n_components=5,alpha=1.0,max_features=192,y_transform=none",10,1.1179284,0.40830808,0.78749208,-1.2525569,-38.366461
xylose_gL,all_known,eem_full,pls,"n_components=12,alpha=1.0,max_features=96,y_transform=none",10,1.1184129,0.18949648,0.8395602,-6.0828943,-138.57482
xylose_gL,target_focused,raman_full,knn,"k=5,weighted=True,max_features=192,y_transform=log1p",10,1.118413,0.48028615,0.71117107,-0.79867167,-29.040514
xylose_gL,target_focused,eem_interpretable,knn,"k=3,weighted=True,max_features=12,y_transform=none",10,1.1187352,0.36566862,0.73841532,-0.33608041,-13.184155
xylose_gL,target_focused,eem_interpretable,knn,"k=3,weighted=True,max_features=24,y_transform=none",10,1.1187352,0.36566862,0.73841532,-0.33608041,-13.184155
xylose_gL,target_focused,eem_interpretable,knn,"k=3,weighted=True,max_features=48,y_transform=none",10,1.1187352,0.36566862,0.73841532,-0.33608041,-13.184155
xylose_gL,target_focused,eem_interpretable,knn,"k=3,weighted=True,max_features=96,y_transform=none",10,1.1187352,0.36566862,0.73841532,-0.33608041,-13.184155
xylose_gL,target_focused,raman_full,pls,"n_components=2,alpha=1.0,max_features=12,y_transform=none",10,1.1187498,0.41337713,0.78184628,-1.123934,-35.840135
xylose_gL,target_focused,eem_full,ridge,"alpha=10.0,max_features=48,y_transform=none",10,1.1188123,0.28220797,0.85340314,-0.41854663,-16.038773
xylose_gL,target_focused,fusion_interpretable,pcr,"n_components=8,alpha=1.0,max_features=24,y_transform=none",10,1.1188374,0.41761454,0.78217209,-1.1328684,-35.964156
xylose_gL,target_focused,raman_full,knn,"k=5,weighted=True,max_features=12,y_transform=log1p",10,1.1191603,0.46276535,0.69079622,-0.84866148,-30.290082
xylose_gL,target_focused,fusion_full,pcr,"n_components=5,alpha=1.0,max_features=24,y_transform=none",10,1.1196355,0.37642791,0.81932208,-1.5694885,-43.152224
xylose_gL,target_focused,fusion_interpretable,pcr,"n_components=3,alpha=1.0,max_features=12,y_transform=none",10,1.1205979,0.41363498,0.77193882,-1.1960809,-37.116053
xylose_gL,target_focused,eem_full,pls,"n_components=2,alpha=1.0,max_features=192,y_transform=none",10,1.120603,0.34161206,0.83364746,-0.32489698,-13.442278
xylose_gL,target_focused,eem_full,pls,"n_components=2,alpha=1.0,max_features=384,y_transform=none",10,1.120603,0.34161206,0.83364746,-0.32489698,-13.442278
xylose_gL,target_focused,eem_full,pcr,"n_components=5,alpha=1.0,max_features=192,y_transform=none",10,1.1208579,0.34839932,0.80112499,-0.33844501,-13.401447
xylose_gL,target_focused,eem_full,pcr,"n_components=5,alpha=1.0,max_features=384,y_transform=none",10,1.1208579,0.34839932,0.80112499,-0.33844501,-13.401447
xylose_gL,target_focused,eem_interpretable,ridge,"alpha=10.0,max_features=12,y_transform=log1p",10,1.122456,0.4452909,0.67969482,-0.18015471,-8.5220502
xylose_gL,target_focused,eem_interpretable,ridge,"alpha=10.0,max_features=24,y_transform=log1p",10,1.122456,0.4452909,0.67969482,-0.18015471,-8.5220502
xylose_gL,target_focused,eem_interpretable,ridge,"alpha=10.0,max_features=48,y_transform=log1p",10,1.122456,0.4452909,0.67969482,-0.18015471,-8.5220502
xylose_gL,target_focused,eem_interpretable,ridge,"alpha=10.0,max_features=96,y_transform=log1p",10,1.122456,0.4452909,0.67969482,-0.18015471,-8.5220502
xylose_gL,target_focused,raman_full,pcr,"n_components=5,alpha=1.0,max_features=384,y_transform=none",10,1.1228853,0.43355004,0.76955741,-1.004067,-33.958545
xylose_gL,target_focused,raman_full,pcr,"n_components=2,alpha=1.0,max_features=24,y_transform=none",10,1.1234927,0.41583917,0.78392512,-1.0375989,-34.831338
xylose_gL,all_known,raman_full,knn,"k=1,weighted=True,max_features=192,y_transform=none",10,1.1237894,0.21816213,0.42881944,-5.4298609,-116.44411
xylose_gL,all_known,raman_full,knn,"k=1,weighted=True,max_features=192,y_transform=log1p",10,1.1237894,0.21816213,0.42881944,-5.4298609,-116.44411
xylose_gL,target_focused,fusion_full,pcr,"n_components=2,alpha=1.0,max_features=192,y_transform=none",10,1.1241121,0.42268639,0.80938336,-1.1167287,-36.022135
xylose_gL,target_focused,raman_full,pcr,"n_components=5,alpha=1.0,max_features=12,y_transform=none",10,1.1242163,0.40716877,0.78490925,-1.2839218,-38.467389
xylose_gL,target_focused,fusion_full,pls,"n_components=5,alpha=1.0,max_features=192,y_transform=log1p",10,1.1242317,0.43491345,0.7213312,-1.0169379,-33.169536
xylose_gL,target_focused,raman_full,pls,"n_components=3,alpha=1.0,max_features=48,y_transform=log1p",10,1.1247978,0.43070558,0.7222879,-1.1453095,-36.274954
xylose_gL,all_known,eem_full,ridge,"alpha=1.0,max_features=192,y_transform=none",10,1.1252909,0.22953805,0.77342749,-8.0060345,-155.66715
xylose_gL,all_known,eem_full,ridge,"alpha=1.0,max_features=384,y_transform=none",10,1.1252909,0.22953805,0.77342749,-8.0060345,-155.66715
xylose_gL,target_focused,eem_full,ridge,"alpha=1.0,max_features=12,y_transform=none",10,1.1258399,0.29789076,0.86378803,-0.40761526,-16.226224
xylose_gL,target_focused,eem_full,pcr,"n_components=12,alpha=1.0,max_features=12,y_transform=none",10,1.1258399,0.29789076,0.86378803,-0.40761526,-16.226224
xylose_gL,target_focused,raman_interpretable,knn,"k=3,weighted=True,max_features=12,y_transform=log1p",10,1.1262778,0.41580857,0.73765457,-1.5961893,-42.989
xylose_gL,target_focused,raman_full,ridge,"alpha=10.0,max_features=192,y_transform=log1p",10,1.1266116,0.47830112,0.72275845,-0.73218107,-28.335475
xylose_gL,target_focused,fusion_full,knn,"k=3,weighted=True,max_features=192,y_transform=log1p",10,1.126814,0.4669538,0.72611942,-0.97467756,-30.871234
xylose_gL,target_focused,fusion_full,pcr,"n_components=12,alpha=1.0,max_features=384,y_transform=none",10,1.1269671,0.36673315,0.80061853,-1.6432831,-45.045692
xylose_gL,target_focused,eem_full,knn,"k=9,weighted=True,max_features=96,y_transform=none",10,1.1269746,0.32016199,0.78166677,-0.36487228,-14.906282
xylose_gL,target_focused,eem_interpretable,pcr,"n_components=2,alpha=1.0,max_features=12,y_transform=none",10,1.1277179,0.42415436,0.77177079,-0.21378483,-10.026442
xylose_gL,target_focused,eem_interpretable,pcr,"n_components=2,alpha=1.0,max_features=24,y_transform=none",10,1.1277179,0.42415436,0.77177079,-0.21378483,-10.026442
xylose_gL,target_focused,eem_interpretable,pcr,"n_components=2,alpha=1.0,max_features=48,y_transform=none",10,1.1277179,0.42415436,0.77177079,-0.21378483,-10.026442
xylose_gL,target_focused,eem_interpretable,pcr,"n_components=2,alpha=1.0,max_features=96,y_transform=none",10,1.1277179,0.42415436,0.77177079,-0.21378483,-10.026442
xylose_gL,target_focused,eem_interpretable,pls,"n_components=2,alpha=1.0,max_features=12,y_transform=log1p",10,1.1277931,0.43776653,0.68980438,-0.20252001,-9.497529
xylose_gL,target_focused,eem_interpretable,pls,"n_components=2,alpha=1.0,max_features=24,y_transform=log1p",10,1.1277931,0.43776653,0.68980438,-0.20252001,-9.497529
xylose_gL,target_focused,eem_interpretable,pls,"n_components=2,alpha=1.0,max_features=48,y_transform=log1p",10,1.1277931,0.43776653,0.68980438,-0.20252001,-9.497529
xylose_gL,target_focused,eem_interpretable,pls,"n_components=2,alpha=1.0,max_features=96,y_transform=log1p",10,1.1277931,0.43776653,0.68980438,-0.20252001,-9.497529
xylose_gL,target_focused,eem_full,pcr,"n_components=2,alpha=1.0,max_features=24,y_transform=none",10,1.1278677,0.36077471,0.81129498,-0.29335708,-12.842617
xylose_gL,target_focused,eem_full,pcr,"n_components=3,alpha=1.0,max_features=192,y_transform=none",10,1.1280587,0.40145018,0.77881469,-0.24957925,-11.176609
xylose_gL,target_focused,eem_full,pcr,"n_components=3,alpha=1.0,max_features=384,y_transform=none",10,1.1280587,0.40145018,0.77881469,-0.24957925,-11.176609
xylose_gL,target_focused,eem_full,knn,"k=5,weighted=True,max_features=192,y_transform=none",10,1.1282,0.34824848,0.79520987,-0.39797338,-15.003177
xylose_gL,target_focused,eem_full,knn,"k=5,weighted=True,max_features=384,y_transform=none",10,1.1282,0.34824848,0.79520987,-0.39797338,-15.003177
xylose_gL,target_focused,fusion_full,knn,"k=5,weighted=True,max_features=192,y_transform=none",10,1.1282743,0.42420828,0.78863811,-1.2142976,-37.29842
xylose_gL,all_known,raman_full,ridge,"alpha=1.0,max_features=96,y_transform=none",10,1.1284534,0.24813798,0.82248644,-3.9306998,-98.838782
xylose_gL,target_focused,fusion_full,pcr,"n_components=5,alpha=1.0,max_features=48,y_transform=none",10,1.1285825,0.36069356,0.8205721,-1.6344843,-44.900769
xylose_gL,target_focused,eem_full,pcr,"n_components=2,alpha=1.0,max_features=96,y_transform=none",10,1.1286215,0.39706302,0.78552798,-0.2485096,-11.289563
xylose_gL,target_focused,raman_interpretable,knn,"k=9,weighted=True,max_features=24,y_transform=none",10,1.1287436,0.42271315,0.7858333,-1.2864982,-38.041684
xylose_gL,target_focused,raman_interpretable,knn,"k=9,weighted=True,max_features=48,y_transform=none",10,1.1287436,0.42271315,0.7858333,-1.2864982,-38.041684
xylose_gL,target_focused,raman_interpretable,knn,"k=9,weighted=True,max_features=96,y_transform=none",10,1.1287436,0.42271315,0.7858333,-1.2864982,-38.041684
xylose_gL,target_focused,raman_full,pcr,"n_components=8,alpha=1.0,max_features=384,y_transform=none",10,1.1289301,0.43306234,0.77273833,-1.0016445,-34.276367
xylose_gL,target_focused,fusion_full,knn,"k=3,weighted=True,max_features=48,y_transform=none",10,1.1293367,0.3746486,0.76455969,-2.1866025,-49.748042
xylose_gL,target_focused,fusion_full,pls,"n_components=2,alpha=1.0,max_features=48,y_transform=none",10,1.1298325,0.34347168,0.83917226,-1.5796123,-44.70067
xylose_gL,target_focused,fusion_full,pcr,"n_components=2,alpha=1.0,max_features=12,y_transform=none",10,1.1300811,0.37024981,0.81877229,-1.3830382,-41.591355
xylose_gL,target_focused,fusion_full,pls,"n_components=2,alpha=1.0,max_features=24,y_transform=none",10,1.1305196,0.37934158,0.8326602,-1.5375343,-43.467615
xylose_gL,all_known,fusion_full,pls,"n_components=8,alpha=1.0,max_features=96,y_transform=none",10,1.1310996,0.28958181,0.72372785,-4.5822233,-106.32456
xylose_gL,target_focused,fusion_interpretable,knn,"k=3,weighted=True,max_features=12,y_transform=log1p",10,1.1311002,0.3681356,0.74036667,-1.7432036,-45.680766
xylose_gL,target_focused,eem_full,pcr,"n_components=3,alpha=1.0,max_features=96,y_transform=none",10,1.1312592,0.37878896,0.78384706,-0.28337364,-12.497922
xylose_gL,target_focused,fusion_full,pcr,"n_components=2,alpha=1.0,max_features=96,y_transform=none",10,1.1316872,0.40615147,0.81934656,-1.2362491,-38.744289
xylose_gL,target_focused,raman_full,knn,"k=5,weighted=True,max_features=24,y_transform=log1p",10,1.1317645,0.47261164,0.70121815,-0.94516869,-32.610792
xylose_gL,target_focused,fusion_full,pcr,"n_components=3,alpha=1.0,max_features=12,y_transform=none",10,1.1318881,0.36217047,0.82659879,-1.5953459,-44.783153
xylose_gL,target_focused,eem_full,ridge,"alpha=10.0,max_features=24,y_transform=none",10,1.1324022,0.28366329,0.84173428,-0.45564703,-17.574353
xylose_gL,target_focused,fusion_full,knn,"k=3,weighted=True,max_features=384,y_transform=log1p",10,1.132695,0.47585072,0.71720097,-0.85552416,-30.530573
xylose_gL,target_focused,fusion_full,pls,"n_components=2,alpha=1.0,max_features=96,y_transform=none",10,1.1327494,0.35831557,0.82026152,-1.5374302,-44.174011
xylose_gL,target_focused,raman_full,knn,"k=5,weighted=True,max_features=96,y_transform=log1p",10,1.1336721,0.49347873,0.71456842,-0.7314252,-28.155358
xylose_gL,target_focused,eem_full,pcr,"n_components=12,alpha=1.0,max_features=24,y_transform=none",10,1.1341504,0.27283917,0.85341097,-0.4709745,-18.256671
xylose_gL,target_focused,raman_full,pls,"n_components=3,alpha=1.0,max_features=12,y_transform=none",10,1.1344398,0.40490819,0.79294974,-1.3537439,-40.221214
xylose_gL,target_focused,eem_full,pls,"n_components=12,alpha=1.0,max_features=12,y_transform=none",10,1.1345735,0.30084456,0.87646591,-0.42869237,-17.129259
xylose_gL,target_focused,eem_full,pls,"n_components=8,alpha=1.0,max_features=12,y_transform=none",10,1.1349831,0.29967874,0.87628802,-0.4315109,-17.22636
xylose_gL,target_focused,eem_full,pcr,"n_components=2,alpha=1.0,max_features=48,y_transform=none",10,1.1350842,0.37224228,0.80503951,-0.29731548,-13.129589
xylose_gL,target_focused,eem_interpretable,pls,"n_components=2,alpha=1.0,max_features=12,y_transform=none",10,1.1352622,0.38381425,0.75601394,-0.28905424,-12.840599
xylose_gL,target_focused,eem_interpretable,pls,"n_components=2,alpha=1.0,max_features=24,y_transform=none",10,1.1352622,0.38381425,0.75601394,-0.28905424,-12.840599
xylose_gL,target_focused,eem_interpretable,pls,"n_components=2,alpha=1.0,max_features=48,y_transform=none",10,1.1352622,0.38381425,0.75601394,-0.28905424,-12.840599
xylose_gL,target_focused,eem_interpretable,pls,"n_components=2,alpha=1.0,max_features=96,y_transform=none",10,1.1352622,0.38381425,0.75601394,-0.28905424,-12.840599
xylose_gL,target_focused,eem_interpretable,pcr,"n_components=5,alpha=1.0,max_features=12,y_transform=log1p",10,1.1363579,0.43829156,0.68603792,-0.24619293,-10.776232
xylose_gL,target_focused,eem_interpretable,pcr,"n_components=5,alpha=1.0,max_features=24,y_transform=log1p",10,1.1363579,0.43829156,0.68603792,-0.24619293,-10.776232
xylose_gL,target_focused,eem_interpretable,pcr,"n_components=5,alpha=1.0,max_features=48,y_transform=log1p",10,1.1363579,0.43829156,0.68603792,-0.24619293,-10.776232
xylose_gL,target_focused,eem_interpretable,pcr,"n_components=5,alpha=1.0,max_features=96,y_transform=log1p",10,1.1363579,0.43829156,0.68603792,-0.24619293,-10.776232
xylose_gL,target_focused,raman_full,pcr,"n_components=3,alpha=1.0,max_features=96,y_transform=none",10,1.1365731,0.42278135,0.78574149,-1.2051189,-37.931143
xylose_gL,target_focused,eem_full,pls,"n_components=3,alpha=1.0,max_features=24,y_transform=none",10,1.1367577,0.26699216,0.86162468,-0.48604855,-18.718474
xylose_gL,all_known,fusion_full,knn,"k=1,weighted=True,max_features=192,y_transform=none",10,1.1369081,0.19375676,0.42991667,-6.9172685,-130.60992
xylose_gL,all_known,fusion_full,knn,"k=1,weighted=True,max_features=192,y_transform=log1p",10,1.1369081,0.19375676,0.42991667,-6.9172685,-130.60992
xylose_gL,target_focused,raman_full,knn,"k=9,weighted=True,max_features=384,y_transform=none",10,1.1375583,0.41446049,0.78351085,-1.2787508,-39.708058
xylose_gL,target_focused,fusion_full,pls,"n_components=3,alpha=1.0,max_features=384,y_transform=none",10,1.1375924,0.38797642,0.81364353,-1.3801822,-41.527862
xylose_gL,target_focused,eem_full,ridge,"alpha=0.1,max_features=12,y_transform=none",10,1.1376228,0.29964177,0.87963866,-0.44005901,-17.555416
xylose_gL,target_focused,raman_full,pcr,"n_components=3,alpha=1.0,max_features=24,y_transform=none",10,1.1376727,0.40619975,0.78819143,-1.2546521,-39.28197
xylose_gL,target_focused,fusion_full,ridge,"alpha=0.1,max_features=24,y_transform=log1p",10,1.1379382,0.41479734,0.74532168,-1.1891522,-38.487315
xylose_gL,target_focused,eem_full,pls,"n_components=5,alpha=1.0,max_features=12,y_transform=none",10,1.1380856,0.29876101,0.87269452,-0.44118069,-17.601101
xylose_gL,target_focused,raman_full,pcr,"n_components=3,alpha=1.0,max_features=48,y_transform=none",10,1.1381521,0.41378133,0.79911258,-1.2294825,-38.680884
xylose_gL,target_focused,fusion_full,knn,"k=3,weighted=True,max_features=24,y_transform=none",10,1.1382032,0.43795617,0.75556111,-1.9518316,-46.508016
xylose_gL,target_focused,raman_interpretable,knn,"k=5,weighted=True,max_features=24,y_transform=none",10,1.1391395,0.42319499,0.78257289,-1.5417205,-41.573139
xylose_gL,target_focused,raman_interpretable,knn,"k=5,weighted=True,max_features=48,y_transform=none",10,1.1391395,0.42319499,0.78257289,-1.5417205,-41.573139
xylose_gL,target_focused,raman_interpretable,knn,"k=5,weighted=True,max_features=96,y_transform=none",10,1.1391395,0.42319499,0.78257289,-1.5417205,-41.573139
xylose_gL,target_focused,raman_full,pcr,"n_components=8,alpha=1.0,max_features=12,y_transform=none",10,1.1397432,0.40436961,0.80147651,-1.3196581,-40.414031
xylose_gL,all_known,raman_full,knn,"k=1,weighted=True,max_features=96,y_transform=none",10,1.1398571,0.18217331,0.44788889,-5.1889945,-115.26578
xylose_gL,all_known,raman_full,knn,"k=1,weighted=True,max_features=96,y_transform=log1p",10,1.1398571,0.18217331,0.44788889,-5.1889945,-115.26578
xylose_gL,target_focused,eem_full,pls,"n_components=5,alpha=1.0,max_features=192,y_transform=log1p",10,1.1413648,0.46461641,0.76217362,-0.5730331,-15.179246
xylose_gL,target_focused,eem_full,pls,"n_components=5,alpha=1.0,max_features=384,y_transform=log1p",10,1.1413648,0.46461641,0.76217362,-0.5730331,-15.179246
xylose_gL,target_focused,fusion_full,pls,"n_components=2,alpha=1.0,max_features=192,y_transform=none",10,1.1414678,0.37185386,0.81493913,-1.5762682,-45.174723
xylose_gL,target_focused,raman_full,ridge,"alpha=10.0,max_features=384,y_transform=log1p",10,1.141525,0.45309207,0.73844185,-1.0744635,-35.888103
xylose_gL,target_focused,fusion_full,pcr,"n_components=8,alpha=1.0,max_features=192,y_transform=none",10,1.1418657,0.39437863,0.83369231,-1.5889016,-44.74888
xylose_gL,target_focused,raman_full,pcr,"n_components=5,alpha=1.0,max_features=96,y_transform=none",10,1.1427184,0.42580859,0.79651583,-1.3254546,-40.142259
xylose_gL,target_focused,eem_interpretable,ridge,"alpha=10.0,max_features=12,y_transform=none",10,1.1427986,0.3824543,0.76045619,-0.30838468,-13.753532
xylose_gL,target_focused,eem_interpretable,ridge,"alpha=10.0,max_features=24,y_transform=none",10,1.1427986,0.3824543,0.76045619,-0.30838468,-13.753532
xylose_gL,target_focused,eem_interpretable,ridge,"alpha=10.0,max_features=48,y_transform=none",10,1.1427986,0.3824543,0.76045619,-0.30838468,-13.753532
xylose_gL,target_focused,eem_interpretable,ridge,"alpha=10.0,max_features=96,y_transform=none",10,1.1427986,0.3824543,0.76045619,-0.30838468,-13.753532
xylose_gL,target_focused,fusion_full,pcr,"n_components=5,alpha=1.0,max_features=96,y_transform=none",10,1.1434266,0.37429876,0.83263895,-1.6295241,-46.086437
xylose_gL,target_focused,fusion_full,pls,"n_components=12,alpha=1.0,max_features=24,y_transform=log1p",10,1.143695,0.40969178,0.74954094,-1.2404163,-39.884701
xylose_gL,target_focused,fusion_full,pcr,"n_components=5,alpha=1.0,max_features=12,y_transform=none",10,1.1447195,0.35175265,0.84333519,-1.6953612,-47.321599
xylose_gL,target_focused,raman_full,knn,"k=5,weighted=True,max_features=48,y_transform=log1p",10,1.1451276,0.46671338,0.71655627,-0.98131667,-34.144751
xylose_gL,target_focused,raman_full,pcr,"n_components=12,alpha=1.0,max_features=12,y_transform=none",10,1.1451676,0.40245924,0.80923005,-1.414087,-41.971559
xylose_gL,target_focused,raman_full,ridge,"alpha=1.0,max_features=12,y_transform=none",10,1.1451676,0.40245924,0.80923005,-1.414087,-41.971559
xylose_gL,target_focused,eem_interpretable,pls,"n_components=3,alpha=1.0,max_features=12,y_transform=log1p",10,1.1451723,0.41968318,0.68979482,-0.28755665,-12.586917
xylose_gL,target_focused,eem_interpretable,pls,"n_components=3,alpha=1.0,max_features=24,y_transform=log1p",10,1.1451723,0.41968318,0.68979482,-0.28755665,-12.586917
xylose_gL,target_focused,eem_interpretable,pls,"n_components=3,alpha=1.0,max_features=48,y_transform=log1p",10,1.1451723,0.41968318,0.68979482,-0.28755665,-12.586917
xylose_gL,target_focused,eem_interpretable,pls,"n_components=3,alpha=1.0,max_features=96,y_transform=log1p",10,1.1451723,0.41968318,0.68979482,-0.28755665,-12.586917
xylose_gL,target_focused,raman_interpretable,knn,"k=5,weighted=True,max_features=12,y_transform=none",10,1.1456488,0.39799433,0.78268495,-1.7923843,-46.867888
xylose_gL,target_focused,fusion_full,pls,"n_components=2,alpha=1.0,max_features=384,y_transform=none",10,1.1461171,0.37967227,0.79874257,-1.5668631,-45.290244
xylose_gL,target_focused,fusion_full,pcr,"n_components=8,alpha=1.0,max_features=24,y_transform=none",10,1.1462441,0.36619739,0.84308909,-1.8276714,-48.959843
xylose_gL,target_focused,fusion_full,pcr,"n_components=8,alpha=1.0,max_features=48,y_transform=none",10,1.1467857,0.34737406,0.84959835,-1.8277524,-49.397672
xylose_gL,target_focused,fusion_interpretable,pls,"n_components=5,alpha=1.0,max_features=48,y_transform=none",10,1.1468531,0.38727412,0.77852717,-1.2292052,-40.485408
xylose_gL,target_focused,fusion_interpretable,pls,"n_components=5,alpha=1.0,max_features=96,y_transform=none",10,1.1468531,0.38727412,0.77852717,-1.2292052,-40.485408
xylose_gL,target_focused,eem_full,pls,"n_components=12,alpha=1.0,max_features=192,y_transform=log1p",10,1.1478977,0.38548032,0.79774979,-0.55803465,-18.418672
xylose_gL,target_focused,eem_full,pls,"n_components=12,alpha=1.0,max_features=384,y_transform=log1p",10,1.1478977,0.38548032,0.79774979,-0.55803465,-18.418672
xylose_gL,target_focused,raman_full,knn,"k=9,weighted=True,max_features=96,y_transform=none",10,1.148821,0.41197313,0.789013,-1.2806121,-40.691112
xylose_gL,target_focused,fusion_full,pls,"n_components=2,alpha=1.0,max_features=12,y_transform=none",10,1.1491023,0.35460287,0.85031063,-1.692174,-47.49656
xylose_gL,target_focused,raman_full,pls,"n_components=5,alpha=1.0,max_features=96,y_transform=log1p",10,1.1494614,0.40964278,0.73780714,-1.1655792,-38.734176
xylose_gL,target_focused,eem_full,pls,"n_components=5,alpha=1.0,max_features=96,y_transform=none",10,1.1495418,0.31272162,0.88908344,-0.50521441,-19.180368
xylose_gL,target_focused,raman_full,knn,"k=9,weighted=True,max_features=12,y_transform=none",10,1.1496081,0.4239152,0.75912619,-1.2592596,-39.839973
xylose_gL,target_focused,raman_full,knn,"k=3,weighted=True,max_features=384,y_transform=log1p",10,1.1497587,0.48268386,0.72795701,-0.87126739,-31.773735
xylose_gL,target_focused,fusion_full,ridge,"alpha=10.0,max_features=12,y_transform=none",10,1.1518035,0.35107206,0.85380413,-1.6906539,-47.970272
xylose_gL,target_focused,raman_full,pls,"n_components=2,alpha=1.0,max_features=24,y_transform=none",10,1.1519732,0.39966647,0.79813475,-1.2898237,-41.195952
xylose_gL,target_focused,raman_full,pcr,"n_components=5,alpha=1.0,max_features=24,y_transform=none",10,1.1536348,0.39320291,0.8101748,-1.4684584,-43.971161
xylose_gL,target_focused,raman_full,knn,"k=3,weighted=True,max_features=12,y_transform=log1p",10,1.1543928,0.45973375,0.7132188,-1.0206419,-35.14576
xylose_gL,target_focused,eem_interpretable,pcr,"n_components=5,alpha=1.0,max_features=12,y_transform=none",10,1.1556881,0.37825607,0.7630202,-0.38387323,-15.927863
xylose_gL,target_focused,eem_interpretable,pcr,"n_components=5,alpha=1.0,max_features=24,y_transform=none",10,1.1556881,0.37825607,0.7630202,-0.38387323,-15.927863
xylose_gL,target_focused,eem_interpretable,pcr,"n_components=5,alpha=1.0,max_features=48,y_transform=none",10,1.1556881,0.37825607,0.7630202,-0.38387323,-15.927863
xylose_gL,target_focused,eem_interpretable,pcr,"n_components=5,alpha=1.0,max_features=96,y_transform=none",10,1.1556881,0.37825607,0.7630202,-0.38387323,-15.927863
xylose_gL,target_focused,raman_full,ridge,"alpha=10.0,max_features=24,y_transform=none",10,1.155804,0.40752175,0.81457261,-1.3469648,-42.195283
xylose_gL,target_focused,fusion_full,pls,"n_components=5,alpha=1.0,max_features=48,y_transform=log1p",10,1.1560348,0.35941112,0.73555809,-1.6753028,-47.421952
xylose_gL,target_focused,fusion_full,pcr,"n_components=8,alpha=1.0,max_features=96,y_transform=none",10,1.1564023,0.35703658,0.85989195,-1.8075542,-49.502914
xylose_gL,target_focused,raman_full,knn,"k=9,weighted=True,max_features=24,y_transform=none",10,1.1565546,0.42978016,0.75673472,-1.3755142,-41.884288
xylose_gL,target_focused,fusion_interpretable,knn,"k=5,weighted=True,max_features=12,y_transform=none",10,1.1568565,0.33274301,0.79557075,-2.3194542,-54.638005
xylose_gL,target_focused,raman_full,pcr,"n_components=5,alpha=1.0,max_features=192,y_transform=none",10,1.1570945,0.42428937,0.78967738,-1.2829903,-40.898579
xylose_gL,target_focused,fusion_full,knn,"k=5,weighted=True,max_features=384,y_transform=none",10,1.1571224,0.41662686,0.79875518,-1.5639907,-44.625547
xylose_gL,target_focused,raman_full,pcr,"n_components=12,alpha=1.0,max_features=384,y_transform=none",10,1.1572769,0.3937289,0.79141058,-1.3289795,-42.184723
xylose_gL,target_focused,eem_interpretable,ridge,"alpha=1.0,max_features=12,y_transform=log1p",10,1.1576238,0.41086567,0.70141937,-0.32784257,-14.384646
xylose_gL,target_focused,eem_interpretable,pcr,"n_components=12,alpha=1.0,max_features=12,y_transform=log1p",10,1.1576238,0.41086567,0.70141937,-0.32784257,-14.384646
xylose_gL,target_focused,eem_interpretable,ridge,"alpha=1.0,max_features=24,y_transform=log1p",10,1.1576238,0.41086567,0.70141937,-0.32784257,-14.384646
xylose_gL,target_focused,eem_interpretable,pcr,"n_components=12,alpha=1.0,max_features=24,y_transform=log1p",10,1.1576238,0.41086567,0.70141937,-0.32784257,-14.384646
xylose_gL,target_focused,eem_interpretable,ridge,"alpha=1.0,max_features=48,y_transform=log1p",10,1.1576238,0.41086567,0.70141937,-0.32784257,-14.384646
xylose_gL,target_focused,eem_interpretable,pcr,"n_components=12,alpha=1.0,max_features=48,y_transform=log1p",10,1.1576238,0.41086567,0.70141937,-0.32784257,-14.384646
xylose_gL,target_focused,eem_interpretable,ridge,"alpha=1.0,max_features=96,y_transform=log1p",10,1.1576238,0.41086567,0.70141937,-0.32784257,-14.384646
xylose_gL,target_focused,eem_interpretable,pcr,"n_components=12,alpha=1.0,max_features=96,y_transform=log1p",10,1.1576238,0.41086567,0.70141937,-0.32784257,-14.384646
xylose_gL,target_focused,raman_full,ridge,"alpha=1.0,max_features=48,y_transform=log1p",10,1.1581471,0.38208226,0.76365225,-1.3345904,-42.788607
xylose_gL,target_focused,raman_full,knn,"k=9,weighted=True,max_features=48,y_transform=none",10,1.1586268,0.39706694,0.76562419,-1.4016534,-43.017743
xylose_gL,all_known,raman_full,pls,"n_components=12,alpha=1.0,max_features=96,y_transform=none",10,1.1590709,0.19798984,0.84701005,-4.7762391,-110.22425
xylose_gL,target_focused,eem_interpretable,ridge,"alpha=0.1,max_features=12,y_transform=log1p",10,1.1602258,0.4060873,0.70269842,-0.35675819,-15.130877
xylose_gL,target_focused,eem_interpretable,ridge,"alpha=0.1,max_features=24,y_transform=log1p",10,1.1602258,0.4060873,0.70269842,-0.35675819,-15.130877
xylose_gL,target_focused,eem_interpretable,ridge,"alpha=0.1,max_features=48,y_transform=log1p",10,1.1602258,0.4060873,0.70269842,-0.35675819,-15.130877
xylose_gL,target_focused,eem_interpretable,ridge,"alpha=0.1,max_features=96,y_transform=log1p",10,1.1602258,0.4060873,0.70269842,-0.35675819,-15.130877
xylose_gL,target_focused,eem_full,ridge,"alpha=0.1,max_features=192,y_transform=log1p",10,1.1609359,0.3885969,0.80878202,-0.63194768,-20.834813
xylose_gL,target_focused,eem_full,ridge,"alpha=0.1,max_features=384,y_transform=log1p",10,1.1609359,0.3885969,0.80878202,-0.63194768,-20.834813
xylose_gL,target_focused,fusion_full,pls,"n_components=3,alpha=1.0,max_features=24,y_transform=none",10,1.1616295,0.37487634,0.8495931,-1.9340218,-51.558099
xylose_gL,target_focused,fusion_full,ridge,"alpha=1.0,max_features=384,y_transform=log1p",10,1.162697,0.44657108,0.77361401,-1.2553317,-39.912996
xylose_gL,target_focused,raman_full,knn,"k=9,weighted=True,max_features=192,y_transform=none",10,1.1632321,0.39527247,0.79036882,-1.3578609,-43.256699
xylose_gL,target_focused,eem_interpretable,pcr,"n_components=8,alpha=1.0,max_features=12,y_transform=log1p",10,1.1640515,0.40885234,0.70715754,-0.34770793,-15.213047
xylose_gL,target_focused,eem_interpretable,pcr,"n_components=8,alpha=1.0,max_features=24,y_transform=log1p",10,1.1640515,0.40885234,0.70715754,-0.34770793,-15.213047
xylose_gL,target_focused,eem_interpretable,pcr,"n_components=8,alpha=1.0,max_features=48,y_transform=log1p",10,1.1640515,0.40885234,0.70715754,-0.34770793,-15.213047
xylose_gL,target_focused,eem_interpretable,pcr,"n_components=8,alpha=1.0,max_features=96,y_transform=log1p",10,1.1640515,0.40885234,0.70715754,-0.34770793,-15.213047
xylose_gL,target_focused,eem_full,pls,"n_components=8,alpha=1.0,max_features=48,y_transform=log1p",10,1.1643521,0.35150287,0.80276595,-0.58375239,-20.124325
xylose_gL,target_focused,raman_full,pls,"n_components=5,alpha=1.0,max_features=12,y_transform=none",10,1.1644152,0.39312637,0.82176495,-1.5404391,-45.403065
xylose_gL,target_focused,raman_full,pls,"n_components=3,alpha=1.0,max_features=384,y_transform=none",10,1.1644253,0.40212778,0.80098989,-1.255022,-41.682141
xylose_gL,all_known,raman_full,knn,"k=1,weighted=True,max_features=12,y_transform=none",10,1.1666569,0.24268915,0.50494444,-6.8432003,-131.06168
xylose_gL,all_known,raman_full,knn,"k=1,weighted=True,max_features=12,y_transform=log1p",10,1.1666569,0.24268915,0.50494444,-6.8432003,-131.06168
xylose_gL,target_focused,fusion_full,ridge,"alpha=10.0,max_features=24,y_transform=none",10,1.1672048,0.36802585,0.85607075,-1.8961144,-51.535311
xylose_gL,target_focused,eem_interpretable,knn,"k=1,weighted=True,max_features=12,y_transform=none",10,1.1683256,0.430365,0.68505882,-0.58244108,-18.907424
xylose_gL,target_focused,eem_interpretable,knn,"k=1,weighted=True,max_features=12,y_transform=log1p",10,1.1683256,0.430365,0.68505882,-0.58244108,-18.907424
xylose_gL,target_focused,eem_interpretable,knn,"k=1,weighted=True,max_features=24,y_transform=none",10,1.1683256,0.430365,0.68505882,-0.58244108,-18.907424
xylose_gL,target_focused,eem_interpretable,knn,"k=1,weighted=True,max_features=24,y_transform=log1p",10,1.1683256,0.430365,0.68505882,-0.58244108,-18.907424
xylose_gL,target_focused,eem_interpretable,knn,"k=1,weighted=True,max_features=48,y_transform=none",10,1.1683256,0.430365,0.68505882,-0.58244108,-18.907424
xylose_gL,target_focused,eem_interpretable,knn,"k=1,weighted=True,max_features=48,y_transform=log1p",10,1.1683256,0.430365,0.68505882,-0.58244108,-18.907424
xylose_gL,target_focused,eem_interpretable,knn,"k=1,weighted=True,max_features=96,y_transform=none",10,1.1683256,0.430365,0.68505882,-0.58244108,-18.907424
xylose_gL,target_focused,eem_interpretable,knn,"k=1,weighted=True,max_features=96,y_transform=log1p",10,1.1683256,0.430365,0.68505882,-0.58244108,-18.907424
xylose_gL,target_focused,eem_interpretable,pls,"n_components=12,alpha=1.0,max_features=12,y_transform=log1p",10,1.1687577,0.40388028,0.70740247,-0.39067084,-16.315188
xylose_gL,target_focused,eem_interpretable,pls,"n_components=12,alpha=1.0,max_features=24,y_transform=log1p",10,1.1687577,0.40388028,0.70740247,-0.39067084,-16.315188
xylose_gL,target_focused,eem_interpretable,pls,"n_components=12,alpha=1.0,max_features=48,y_transform=log1p",10,1.1687577,0.40388028,0.70740247,-0.39067084,-16.315188
xylose_gL,target_focused,eem_interpretable,pls,"n_components=12,alpha=1.0,max_features=96,y_transform=log1p",10,1.1687577,0.40388028,0.70740247,-0.39067084,-16.315188
xylose_gL,target_focused,fusion_full,pls,"n_components=3,alpha=1.0,max_features=48,y_transform=none",10,1.1696301,0.31343474,0.87645243,-2.1637044,-56.04037
xylose_gL,target_focused,eem_interpretable,pls,"n_components=8,alpha=1.0,max_features=12,y_transform=log1p",10,1.1704244,0.40307239,0.70934103,-0.39415414,-16.518185
xylose_gL,target_focused,eem_interpretable,pls,"n_components=8,alpha=1.0,max_features=24,y_transform=log1p",10,1.1704244,0.40307239,0.70934103,-0.39415414,-16.518185
xylose_gL,target_focused,eem_interpretable,pls,"n_components=8,alpha=1.0,max_features=48,y_transform=log1p",10,1.1704244,0.40307239,0.70934103,-0.39415414,-16.518185
xylose_gL,target_focused,eem_interpretable,pls,"n_components=8,alpha=1.0,max_features=96,y_transform=log1p",10,1.1704244,0.40307239,0.70934103,-0.39415414,-16.518185
xylose_gL,target_focused,raman_full,pls,"n_components=8,alpha=1.0,max_features=12,y_transform=none",10,1.171136,0.39252058,0.82968377,-1.648421,-47.005429
xylose_gL,target_focused,eem_full,pls,"n_components=5,alpha=1.0,max_features=192,y_transform=none",10,1.1716583,0.34612429,0.89350323,-0.54483552,-20.489295
xylose_gL,target_focused,eem_full,pls,"n_components=5,alpha=1.0,max_features=384,y_transform=none",10,1.1716583,0.34612429,0.89350323,-0.54483552,-20.489295
xylose_gL,target_focused,eem_interpretable,pls,"n_components=5,alpha=1.0,max_features=12,y_transform=log1p",10,1.1716618,0.40062877,0.70789069,-0.39241167,-16.658664
xylose_gL,target_focused,eem_interpretable,pls,"n_components=5,alpha=1.0,max_features=24,y_transform=log1p",10,1.1716618,0.40062877,0.70789069,-0.39241167,-16.658664
xylose_gL,target_focused,eem_interpretable,pls,"n_components=5,alpha=1.0,max_features=48,y_transform=log1p",10,1.1716618,0.40062877,0.70789069,-0.39241167,-16.658664
xylose_gL,target_focused,eem_interpretable,pls,"n_components=5,alpha=1.0,max_features=96,y_transform=log1p",10,1.1716618,0.40062877,0.70789069,-0.39241167,-16.658664
xylose_gL,target_focused,fusion_full,knn,"k=5,weighted=True,max_features=96,y_transform=none",10,1.1721103,0.37414186,0.81971305,-1.8986628,-51.131145
xylose_gL,target_focused,raman_full,knn,"k=3,weighted=True,max_features=24,y_transform=log1p",10,1.172718,0.46793272,0.70577297,-2.0277819,-47.428766
xylose_gL,target_focused,raman_full,ridge,"alpha=1.0,max_features=96,y_transform=log1p",10,1.173068,0.41623257,0.77755784,-1.0727266,-38.799411
xylose_gL,target_focused,fusion_full,pcr,"n_components=12,alpha=1.0,max_features=192,y_transform=none",10,1.1735666,0.36158086,0.86157742,-1.7489633,-49.913753
xylose_gL,target_focused,raman_full,pls,"n_components=12,alpha=1.0,max_features=12,y_transform=none",10,1.1740038,0.38407078,0.83430258,-1.7823832,-49.342665
xylose_gL,target_focused,fusion_interpretable,pls,"n_components=5,alpha=1.0,max_features=24,y_transform=none",10,1.1741112,0.38242234,0.81850649,-1.3482738,-44.295389
xylose_gL,target_focused,fusion_full,pls,"n_components=8,alpha=1.0,max_features=384,y_transform=log1p",10,1.1743934,0.42525223,0.77403745,-1.3451745,-42.652582
xylose_gL,target_focused,fusion_full,pls,"n_components=3,alpha=1.0,max_features=12,y_transform=none",10,1.1745104,0.33398939,0.88001309,-1.9440746,-53.325008
xylose_gL,target_focused,raman_full,ridge,"alpha=0.1,max_features=12,y_transform=none",10,1.1751121,0.38731059,0.83209415,-1.7714294,-48.984165
xylose_gL,target_focused,eem_interpretable,pls,"n_components=3,alpha=1.0,max_features=12,y_transform=none",10,1.1757517,0.33229664,0.78336167,-0.48585699,-20.053582
xylose_gL,target_focused,eem_interpretable,pls,"n_components=3,alpha=1.0,max_features=24,y_transform=none",10,1.1757517,0.33229664,0.78336167,-0.48585699,-20.053582
xylose_gL,target_focused,eem_interpretable,pls,"n_components=3,alpha=1.0,max_features=48,y_transform=none",10,1.1757517,0.33229664,0.78336167,-0.48585699,-20.053582
xylose_gL,target_focused,eem_interpretable,pls,"n_components=3,alpha=1.0,max_features=96,y_transform=none",10,1.1757517,0.33229664,0.78336167,-0.48585699,-20.053582
xylose_gL,target_focused,fusion_full,pcr,"n_components=8,alpha=1.0,max_features=12,y_transform=none",10,1.1779746,0.33592956,0.88030983,-2.046171,-54.627764
xylose_gL,target_focused,raman_full,pcr,"n_components=5,alpha=1.0,max_features=48,y_transform=none",10,1.1799215,0.38944286,0.84127972,-1.5743293,-47.554332
xylose_gL,all_known,fusion_full,ridge,"alpha=0.1,max_features=96,y_transform=log1p",10,1.1806009,0.18222363,0.67841298,-6.3586617,-127.7306
xylose_gL,target_focused,fusion_full,pls,"n_components=12,alpha=1.0,max_features=384,y_transform=log1p",10,1.1812051,0.43708785,0.78343296,-1.3781312,-43.193983
xylose_gL,target_focused,fusion_full,ridge,"alpha=0.1,max_features=384,y_transform=log1p",10,1.1835239,0.44795206,0.79044388,-1.3586259,-42.849415
xylose_gL,target_focused,raman_full,pls,"n_components=5,alpha=1.0,max_features=48,y_transform=log1p",10,1.184299,0.37324435,0.76829739,-1.9663326,-52.625988
xylose_gL,target_focused,raman_full,pls,"n_components=3,alpha=1.0,max_features=24,y_transform=none",10,1.1853916,0.38911825,0.83299894,-1.7406216,-50.061367
xylose_gL,target_focused,raman_full,knn,"k=3,weighted=True,max_features=192,y_transform=log1p",10,1.1856066,0.49181029,0.75665244,-0.92354756,-35.385552
xylose_gL,target_focused,raman_full,pcr,"n_components=8,alpha=1.0,max_features=24,y_transform=none",10,1.1862821,0.36845442,0.83945291,-1.6955652,-50.149664
xylose_gL,target_focused,fusion_full,pls,"n_components=3,alpha=1.0,max_features=192,y_transform=none",10,1.1866188,0.36375255,0.87208258,-1.7051395,-50.334239
xylose_gL,target_focused,raman_full,pcr,"n_components=8,alpha=1.0,max_features=192,y_transform=none",10,1.1871357,0.39275818,0.82947068,-1.4138052,-45.632815
xylose_gL,target_focused,fusion_full,pcr,"n_components=12,alpha=1.0,max_features=48,y_transform=none",10,1.1884384,0.31175661,0.89655706,-2.1897772,-57.70229
xylose_gL,target_focused,raman_full,ridge,"alpha=10.0,max_features=48,y_transform=none",10,1.1890545,0.36884864,0.85884507,-1.6504285,-49.679935
xylose_gL,target_focused,fusion_full,pls,"n_components=3,alpha=1.0,max_features=96,y_transform=none",10,1.1892121,0.31993966,0.88970942,-2.1089562,-56.653691
xylose_gL,target_focused,raman_full,pls,"n_components=2,alpha=1.0,max_features=384,y_transform=none",10,1.1892478,0.3859991,0.80960114,-1.7072062,-49.786375
xylose_gL,target_focused,raman_full,pls,"n_components=2,alpha=1.0,max_features=96,y_transform=none",10,1.1895945,0.37735789,0.83003147,-1.6623627,-49.20406
xylose_gL,target_focused,fusion_full,ridge,"alpha=1.0,max_features=12,y_transform=none",10,1.1898446,0.32840808,0.89472342,-2.0065718,-55.472823
xylose_gL,target_focused,fusion_full,pcr,"n_components=12,alpha=1.0,max_features=12,y_transform=none",10,1.1898446,0.32840808,0.89472342,-2.0065718,-55.472823
xylose_gL,target_focused,eem_full,pls,"n_components=12,alpha=1.0,max_features=96,y_transform=log1p",10,1.1899111,0.30899864,0.82863531,-0.70185901,-25.266159
xylose_gL,target_focused,fusion_full,pcr,"n_components=12,alpha=1.0,max_features=96,y_transform=none",10,1.1909883,0.32992664,0.89756492,-2.122386,-56.474749
xylose_gL,target_focused,raman_full,pcr,"n_components=12,alpha=1.0,max_features=24,y_transform=none",10,1.1914226,0.38927834,0.84144625,-1.7615106,-50.77656
xylose_gL,target_focused,raman_full,ridge,"alpha=10.0,max_features=96,y_transform=none",10,1.1928591,0.37727049,0.84524199,-1.4859355,-47.508573
xylose_gL,target_focused,fusion_full,knn,"k=3,weighted=True,max_features=96,y_transform=none",10,1.1964332,0.38401096,0.82367501,-2.4549684,-57.65703
xylose_gL,target_focused,fusion_full,pls,"n_components=8,alpha=1.0,max_features=12,y_transform=none",10,1.1976591,0.32582239,0.89981458,-2.0385444,-56.508349
xylose_gL,target_focused,raman_full,pls,"n_components=2,alpha=1.0,max_features=48,y_transform=none",10,1.1978237,0.35832352,0.85150446,-1.7050031,-51.250506
xylose_gL,all_known,fusion_full,knn,"k=1,weighted=True,max_features=24,y_transform=log1p",10,1.1997469,0.19448355,0.53694444,-7.8221013,-143.02707
xylose_gL,all_known,fusion_full,knn,"k=1,weighted=True,max_features=24,y_transform=none",10,1.1997469,0.19448355,0.53694444,-7.8221013,-143.02707
xylose_gL,target_focused,fusion_full,pls,"n_components=12,alpha=1.0,max_features=12,y_transform=none",10,1.2001501,0.32243181,0.90092189,-2.0698995,-57.211768
xylose_gL,target_focused,raman_interpretable,pls,"n_components=5,alpha=1.0,max_features=24,y_transform=none",10,1.2014966,0.36963592,0.79705387,-1.4737781,-48.475916
xylose_gL,target_focused,raman_interpretable,pls,"n_components=5,alpha=1.0,max_features=48,y_transform=none",10,1.2014966,0.36963592,0.79705387,-1.4737781,-48.475916
xylose_gL,target_focused,raman_interpretable,pls,"n_components=5,alpha=1.0,max_features=96,y_transform=none",10,1.2014966,0.36963592,0.79705387,-1.4737781,-48.475916
xylose_gL,target_focused,fusion_full,ridge,"alpha=0.1,max_features=12,y_transform=none",10,1.201591,0.3218247,0.90270166,-2.085336,-57.508183
xylose_gL,target_focused,raman_full,pls,"n_components=2,alpha=1.0,max_features=192,y_transform=none",10,1.2023763,0.38939447,0.82792486,-1.7120005,-50.647178
xylose_gL,target_focused,fusion_full,pls,"n_components=5,alpha=1.0,max_features=12,y_transform=none",10,1.2036572,0.32338075,0.90921136,-2.1543538,-58.399334
xylose_gL,target_focused,fusion_full,pcr,"n_components=12,alpha=1.0,max_features=24,y_transform=none",10,1.2056228,0.36503331,0.8937881,-2.4272374,-60.655914
xylose_gL,target_focused,raman_full,pls,"n_components=5,alpha=1.0,max_features=384,y_transform=log1p",10,1.2056923,0.41057115,0.76811601,-1.6215077,-49.274632
xylose_gL,target_focused,fusion_full,ridge,"alpha=10.0,max_features=48,y_transform=none",10,1.2071629,0.30910649,0.90368156,-2.346946,-61.082991
xylose_gL,all_known,raman_interpretable,knn,"k=1,weighted=True,max_features=12,y_transform=none",10,1.2075072,0.19151357,0.47548611,-6.087511,-127.44309
xylose_gL,all_known,raman_interpretable,knn,"k=1,weighted=True,max_features=12,y_transform=log1p",10,1.2075072,0.19151357,0.47548611,-6.087511,-127.44309
xylose_gL,target_focused,raman_full,pcr,"n_components=8,alpha=1.0,max_features=48,y_transform=none",10,1.2080476,0.35637125,0.86830003,-1.7965805,-53.116173
xylose_gL,target_focused,raman_interpretable,pcr,"n_components=5,alpha=1.0,max_features=12,y_transform=none",10,1.2086332,0.38689552,0.80663068,-1.5638073,-49.817344
xylose_gL,target_focused,raman_full,ridge,"alpha=1.0,max_features=24,y_transform=none",10,1.2091882,0.3924097,0.86857212,-1.7967821,-52.338985
xylose_gL,target_focused,eem_full,knn,"k=1,weighted=True,max_features=12,y_transform=none",10,1.210636,0.62201414,0.71476471,-0.70659881,-21.693286
xylose_gL,target_focused,eem_full,knn,"k=1,weighted=True,max_features=12,y_transform=log1p",10,1.210636,0.62201414,0.71476471,-0.70659881,-21.693286
xylose_gL,target_focused,raman_full,pcr,"n_components=12,alpha=1.0,max_features=96,y_transform=none",10,1.2109236,0.3493835,0.85707852,-1.7167732,-52.574629
xylose_gL,target_focused,raman_full,pcr,"n_components=8,alpha=1.0,max_features=96,y_transform=none",10,1.2114381,0.36115962,0.85667326,-1.7268978,-52.575367
xylose_gL,all_known,raman_full,knn,"k=1,weighted=True,max_features=48,y_transform=none",10,1.2119828,0.19425185,0.49897222,-7.810225,-144.10479
xylose_gL,all_known,raman_full,knn,"k=1,weighted=True,max_features=48,y_transform=log1p",10,1.2119828,0.19425185,0.49897222,-7.810225,-144.10479
xylose_gL,target_focused,eem_interpretable,pcr,"n_components=12,alpha=1.0,max_features=12,y_transform=none",10,1.2129433,0.32484594,0.8306771,-0.60563774,-24.637265
xylose_gL,target_focused,eem_interpretable,pcr,"n_components=12,alpha=1.0,max_features=24,y_transform=none",10,1.2129433,0.32484594,0.8306771,-0.60563774,-24.637265
xylose_gL,target_focused,eem_interpretable,pcr,"n_components=12,alpha=1.0,max_features=48,y_transform=none",10,1.2129433,0.32484594,0.8306771,-0.60563774,-24.637265
xylose_gL,target_focused,eem_interpretable,pcr,"n_components=12,alpha=1.0,max_features=96,y_transform=none",10,1.2129433,0.32484594,0.8306771,-0.60563774,-24.637265
xylose_gL,target_focused,eem_interpretable,ridge,"alpha=1.0,max_features=12,y_transform=none",10,1.2129433,0.32484594,0.8306771,-0.60563774,-24.637265
xylose_gL,target_focused,eem_interpretable,ridge,"alpha=1.0,max_features=24,y_transform=none",10,1.2129433,0.32484594,0.8306771,-0.60563774,-24.637265
xylose_gL,target_focused,eem_interpretable,ridge,"alpha=1.0,max_features=48,y_transform=none",10,1.2129433,0.32484594,0.8306771,-0.60563774,-24.637265
xylose_gL,target_focused,eem_interpretable,ridge,"alpha=1.0,max_features=96,y_transform=none",10,1.2129433,0.32484594,0.8306771,-0.60563774,-24.637265
xylose_gL,target_focused,raman_full,pls,"n_components=3,alpha=1.0,max_features=96,y_transform=none",10,1.2137756,0.37214548,0.86339033,-1.72017,-52.181711
xylose_gL,target_focused,raman_full,pls,"n_components=5,alpha=1.0,max_features=192,y_transform=log1p",10,1.2150357,0.44507351,0.79384305,-1.2072379,-42.964832
xylose_gL,target_focused,raman_full,knn,"k=3,weighted=True,max_features=48,y_transform=log1p",10,1.2165807,0.42911404,0.76408479,-1.5711333,-48.725379
xylose_gL,target_focused,fusion_interpretable,knn,"k=3,weighted=True,max_features=12,y_transform=none",10,1.2187663,0.28839063,0.82554635,-2.9538855,-68.945399
xylose_gL,target_focused,raman_full,knn,"k=5,weighted=True,max_features=384,y_transform=none",10,1.2205922,0.37109792,0.82727797,-1.9636008,-56.062923
xylose_gL,all_known,raman_interpretable,pcr,"n_components=8,alpha=1.0,max_features=24,y_transform=log1p",10,1.221534,1.5132939,0.4480274,-4.4378548,-62.152962
xylose_gL,all_known,raman_interpretable,pcr,"n_components=8,alpha=1.0,max_features=48,y_transform=log1p",10,1.221534,1.5132939,0.4480274,-4.4378548,-62.152962
xylose_gL,all_known,raman_interpretable,pcr,"n_components=8,alpha=1.0,max_features=96,y_transform=log1p",10,1.221534,1.5132939,0.4480274,-4.4378548,-62.152962
xylose_gL,target_focused,fusion_interpretable,pcr,"n_components=5,alpha=1.0,max_features=12,y_transform=none",10,1.2215702,0.37665764,0.81525522,-1.6615386,-52.402506
xylose_gL,target_focused,eem_full,pls,"n_components=8,alpha=1.0,max_features=192,y_transform=none",10,1.221925,0.2709279,0.97698404,-0.8599031,-30.462133
xylose_gL,target_focused,eem_full,pls,"n_components=8,alpha=1.0,max_features=384,y_transform=none",10,1.221925,0.2709279,0.97698404,-0.8599031,-30.462133
xylose_gL,target_focused,eem_interpretable,ridge,"alpha=0.1,max_features=12,y_transform=none",10,1.2222119,0.31659037,0.84791886,-0.65390242,-26.189017
xylose_gL,target_focused,eem_interpretable,ridge,"alpha=0.1,max_features=24,y_transform=none",10,1.2222119,0.31659037,0.84791886,-0.65390242,-26.189017
xylose_gL,target_focused,eem_interpretable,ridge,"alpha=0.1,max_features=48,y_transform=none",10,1.2222119,0.31659037,0.84791886,-0.65390242,-26.189017
xylose_gL,target_focused,eem_interpretable,ridge,"alpha=0.1,max_features=96,y_transform=none",10,1.2222119,0.31659037,0.84791886,-0.65390242,-26.189017
xylose_gL,target_focused,fusion_full,ridge,"alpha=10.0,max_features=96,y_transform=none",10,1.2229174,0.30227225,0.91576949,-2.4468162,-63.140101
xylose_gL,target_focused,raman_full,pcr,"n_components=12,alpha=1.0,max_features=192,y_transform=none",10,1.2235887,0.37395116,0.877531,-1.739784,-53.096833
xylose_gL,target_focused,raman_interpretable,pcr,"n_components=8,alpha=1.0,max_features=24,y_transform=none",10,1.2241617,0.39958946,0.77590023,-1.6785722,-52.069579
xylose_gL,target_focused,raman_interpretable,pcr,"n_components=8,alpha=1.0,max_features=48,y_transform=none",10,1.2241617,0.39958946,0.77590023,-1.6785722,-52.069579
xylose_gL,target_focused,raman_interpretable,pcr,"n_components=8,alpha=1.0,max_features=96,y_transform=none",10,1.2241617,0.39958946,0.77590023,-1.6785722,-52.069579
xylose_gL,target_focused,raman_interpretable,knn,"k=3,weighted=True,max_features=24,y_transform=none",10,1.2246325,0.41954453,0.79976637,-2.0156855,-54.18001
xylose_gL,target_focused,raman_interpretable,knn,"k=3,weighted=True,max_features=48,y_transform=none",10,1.2246325,0.41954453,0.79976637,-2.0156855,-54.18001
xylose_gL,target_focused,raman_interpretable,knn,"k=3,weighted=True,max_features=96,y_transform=none",10,1.2246325,0.41954453,0.79976637,-2.0156855,-54.18001
xylose_gL,target_focused,raman_full,pls,"n_components=3,alpha=1.0,max_features=192,y_transform=none",10,1.2249081,0.38889279,0.86761175,-1.6915442,-52.341341
xylose_gL,target_focused,eem_interpretable,pcr,"n_components=8,alpha=1.0,max_features=12,y_transform=none",10,1.225398,0.32036487,0.8396996,-0.65227981,-26.285434
xylose_gL,target_focused,eem_interpretable,pcr,"n_components=8,alpha=1.0,max_features=24,y_transform=none",10,1.225398,0.32036487,0.8396996,-0.65227981,-26.285434
xylose_gL,target_focused,eem_interpretable,pcr,"n_components=8,alpha=1.0,max_features=48,y_transform=none",10,1.225398,0.32036487,0.8396996,-0.65227981,-26.285434
xylose_gL,target_focused,eem_interpretable,pcr,"n_components=8,alpha=1.0,max_features=96,y_transform=none",10,1.225398,0.32036487,0.8396996,-0.65227981,-26.285434
xylose_gL,target_focused,raman_full,knn,"k=5,weighted=True,max_features=12,y_transform=none",10,1.225972,0.37930203,0.78860553,-1.9374258,-55.557834
xylose_gL,target_focused,raman_interpretable,knn,"k=3,weighted=True,max_features=12,y_transform=none",10,1.2265432,0.34804887,0.8423014,-2.7705326,-66.772441
xylose_gL,target_focused,fusion_full,ridge,"alpha=1.0,max_features=48,y_transform=log1p",10,1.226816,0.35441562,0.78318412,-2.1684389,-58.710618
xylose_gL,target_focused,raman_interpretable,pcr,"n_components=12,alpha=1.0,max_features=12,y_transform=none",10,1.2272888,0.37865,0.81490169,-1.6991143,-53.283699
xylose_gL,target_focused,raman_interpretable,ridge,"alpha=1.0,max_features=12,y_transform=none",10,1.2272888,0.37865,0.81490169,-1.6991143,-53.283699
xylose_gL,target_focused,raman_interpretable,pcr,"n_components=8,alpha=1.0,max_features=12,y_transform=none",10,1.2276857,0.37838111,0.81499271,-1.6995123,-53.325952
xylose_gL,target_focused,eem_interpretable,pls,"n_components=12,alpha=1.0,max_features=12,y_transform=none",10,1.2287477,0.3134057,0.85091557,-0.68207609,-27.110587
xylose_gL,target_focused,eem_interpretable,pls,"n_components=12,alpha=1.0,max_features=24,y_transform=none",10,1.2287477,0.3134057,0.85091557,-0.68207609,-27.110587
xylose_gL,target_focused,eem_interpretable,pls,"n_components=12,alpha=1.0,max_features=48,y_transform=none",10,1.2287477,0.3134057,0.85091557,-0.68207609,-27.110587
xylose_gL,target_focused,eem_interpretable,pls,"n_components=12,alpha=1.0,max_features=96,y_transform=none",10,1.2287477,0.3134057,0.85091557,-0.68207609,-27.110587
xylose_gL,all_known,raman_interpretable,pcr,"n_components=12,alpha=1.0,max_features=24,y_transform=log1p",10,1.2302647,1.5343856,0.45194535,-4.5613427,-63.295083
xylose_gL,all_known,raman_interpretable,pcr,"n_components=12,alpha=1.0,max_features=48,y_transform=log1p",10,1.2302647,1.5343856,0.45194535,-4.5613427,-63.295083
xylose_gL,all_known,raman_interpretable,pcr,"n_components=12,alpha=1.0,max_features=96,y_transform=log1p",10,1.2302647,1.5343856,0.45194535,-4.5613427,-63.295083
xylose_gL,target_focused,fusion_full,knn,"k=3,weighted=True,max_features=384,y_transform=none",10,1.2305539,0.43637211,0.81083328,-1.6685173,-50.457593
xylose_gL,target_focused,raman_full,pcr,"n_components=12,alpha=1.0,max_features=48,y_transform=none",10,1.2326323,0.33647739,0.89152722,-2.0749705,-58.796015
xylose_gL,target_focused,eem_full,ridge,"alpha=0.1,max_features=96,y_transform=log1p",10,1.234053,0.36089477,0.84936167,-0.92846433,-30.928759
xylose_gL,target_focused,eem_interpretable,pls,"n_components=8,alpha=1.0,max_features=12,y_transform=none",10,1.2342847,0.31337333,0.85475186,-0.70075875,-27.778497
xylose_gL,target_focused,eem_interpretable,pls,"n_components=8,alpha=1.0,max_features=24,y_transform=none",10,1.2342847,0.31337333,0.85475186,-0.70075875,-27.778497
xylose_gL,target_focused,eem_interpretable,pls,"n_components=8,alpha=1.0,max_features=48,y_transform=none",10,1.2342847,0.31337333,0.85475186,-0.70075875,-27.778497
xylose_gL,target_focused,eem_interpretable,pls,"n_components=8,alpha=1.0,max_features=96,y_transform=none",10,1.2342847,0.31337333,0.85475186,-0.70075875,-27.778497
xylose_gL,target_focused,raman_full,pls,"n_components=5,alpha=1.0,max_features=24,y_transform=none",10,1.2360365,0.36678358,0.88825587,-2.186139,-59.421652
xylose_gL,target_focused,eem_full,pls,"n_components=5,alpha=1.0,max_features=48,y_transform=none",10,1.23716,0.22508608,0.96769998,-0.88480492,-32.280634
xylose_gL,all_known,fusion_full,knn,"k=1,weighted=True,max_features=48,y_transform=none",10,1.2380786,0.30980912,0.52309722,-7.3617701,-141.58844
xylose_gL,all_known,fusion_full,knn,"k=1,weighted=True,max_features=48,y_transform=log1p",10,1.2380786,0.30980912,0.52309722,-7.3617701,-141.58844
xylose_gL,target_focused,fusion_full,ridge,"alpha=1.0,max_features=96,y_transform=log1p",10,1.2387341,0.38258915,0.8127988,-1.9393507,-53.763029
xylose_gL,target_focused,raman_full,knn,"k=5,weighted=True,max_features=192,y_transform=none",10,1.2399899,0.39003698,0.84518427,-1.9631206,-57.227935
xylose_gL,target_focused,fusion_interpretable,pcr,"n_components=8,alpha=1.0,max_features=12,y_transform=none",10,1.2409836,0.36866383,0.82572931,-1.80131,-55.972913
xylose_gL,target_focused,fusion_full,pls,"n_components=5,alpha=1.0,max_features=24,y_transform=none",10,1.2412024,0.33691694,0.91777675,-2.6423447,-66.811217
xylose_gL,target_focused,fusion_interpretable,pcr,"n_components=12,alpha=1.0,max_features=12,y_transform=none",10,1.2413687,0.36842201,0.82609834,-1.8042972,-56.045659
xylose_gL,target_focused,fusion_interpretable,ridge,"alpha=1.0,max_features=12,y_transform=none",10,1.2413687,0.36842201,0.82609834,-1.8042972,-56.045659
xylose_gL,all_known,raman_full,pls,"n_components=8,alpha=1.0,max_features=192,y_transform=log1p",10,1.2414611,1.3372474,0.52236937,-4.9384393,-87.334713
xylose_gL,target_focused,fusion_full,knn,"k=3,weighted=True,max_features=192,y_transform=none",10,1.2421207,0.43583344,0.82958702,-1.9857279,-53.893061
xylose_gL,target_focused,eem_interpretable,pls,"n_components=5,alpha=1.0,max_features=12,y_transform=none",10,1.243937,0.30825123,0.85131024,-0.74438782,-29.165923
xylose_gL,target_focused,eem_interpretable,pls,"n_components=5,alpha=1.0,max_features=24,y_transform=none",10,1.243937,0.30825123,0.85131024,-0.74438782,-29.165923
xylose_gL,target_focused,eem_interpretable,pls,"n_components=5,alpha=1.0,max_features=48,y_transform=none",10,1.243937,0.30825123,0.85131024,-0.74438782,-29.165923
xylose_gL,target_focused,eem_interpretable,pls,"n_components=5,alpha=1.0,max_features=96,y_transform=none",10,1.243937,0.30825123,0.85131024,-0.74438782,-29.165923
xylose_gL,target_focused,raman_full,pls,"n_components=3,alpha=1.0,max_features=48,y_transform=none",10,1.2450683,0.34078128,0.89236971,-2.4709061,-64.010988
xylose_gL,target_focused,raman_full,knn,"k=3,weighted=True,max_features=24,y_transform=none",10,1.2461389,0.4460258,0.79185748,-2.9172789,-63.581836
xylose_gL,all_known,fusion_full,pls,"n_components=12,alpha=1.0,max_features=384,y_transform=none",10,1.2468295,0.65742908,0.82593955,-6.8662532,-132.16573
xylose_gL,target_focused,raman_full,knn,"k=5,weighted=True,max_features=24,y_transform=none",10,1.2469598,0.39201609,0.81253898,-2.1881891,-59.740821
xylose_gL,target_focused,raman_full,knn,"k=3,weighted=True,max_features=12,y_transform=none",10,1.2470422,0.4008081,0.78950746,-1.9711052,-56.08546
xylose_gL,target_focused,fusion_full,knn,"k=1,weighted=True,max_features=12,y_transform=none",10,1.2484689,0.50309345,0.73964706,-3.7115966,-70.13078
xylose_gL,target_focused,fusion_full,knn,"k=1,weighted=True,max_features=12,y_transform=log1p",10,1.2484689,0.50309345,0.73964706,-3.7115966,-70.13078
xylose_gL,target_focused,raman_full,knn,"k=3,weighted=True,max_features=96,y_transform=log1p",10,1.2504906,0.46492156,0.8085073,-1.318753,-46.396489
xylose_gL,target_focused,fusion_full,ridge,"alpha=10.0,max_features=384,y_transform=none",10,1.2514522,0.34844785,0.92666721,-2.2340101,-62.033276
xylose_gL,target_focused,raman_full,ridge,"alpha=0.1,max_features=24,y_transform=none",10,1.2533076,0.38245399,0.91204613,-2.237481,-61.045812
xylose_gL,all_known,raman_full,ridge,"alpha=1.0,max_features=192,y_transform=log1p",10,1.2567293,0.62311912,0.59743576,-6.7379942,-125.73513
xylose_gL,target_focused,fusion_full,pls,"n_components=8,alpha=1.0,max_features=96,y_transform=log1p",10,1.257467,0.37020445,0.81067982,-2.1808088,-58.701061
xylose_gL,target_focused,raman_full,knn,"k=3,weighted=True,max_features=384,y_transform=none",10,1.258425,0.42826063,0.84479471,-1.7164345,-54.205164
xylose_gL,target_focused,eem_full,knn,"k=1,weighted=True,max_features=48,y_transform=none",10,1.2598573,0.57164333,0.68,-1.0335851,-29.602266
xylose_gL,target_focused,eem_full,knn,"k=1,weighted=True,max_features=48,y_transform=log1p",10,1.2598573,0.57164333,0.68,-1.0335851,-29.602266
xylose_gL,target_focused,raman_full,pls,"n_components=8,alpha=1.0,max_features=48,y_transform=log1p",10,1.2603848,0.36920542,0.83630544,-2.4784643,-64.249868
xylose_gL,target_focused,raman_full,pls,"n_components=12,alpha=1.0,max_features=24,y_transform=none",10,1.2616135,0.36191907,0.92927014,-2.305244,-63.432206
xylose_gL,target_focused,raman_full,pls,"n_components=8,alpha=1.0,max_features=24,y_transform=none",10,1.2627358,0.37843893,0.91582933,-2.1383479,-60.340782
xylose_gL,all_known,raman_interpretable,pls,"n_components=5,alpha=1.0,max_features=24,y_transform=log1p",10,1.2636001,1.6430913,0.45387079,-5.1445128,-66.798261
xylose_gL,all_known,raman_interpretable,pls,"n_components=5,alpha=1.0,max_features=48,y_transform=log1p",10,1.2636001,1.6430913,0.45387079,-5.1445128,-66.798261
xylose_gL,all_known,raman_interpretable,pls,"n_components=5,alpha=1.0,max_features=96,y_transform=log1p",10,1.2636001,1.6430913,0.45387079,-5.1445128,-66.798261
xylose_gL,target_focused,eem_full,pls,"n_components=5,alpha=1.0,max_features=24,y_transform=none",10,1.2636294,0.23766333,0.96313142,-1.0347811,-36.129182
xylose_gL,target_focused,fusion_full,ridge,"alpha=1.0,max_features=24,y_transform=none",10,1.264174,0.32993714,0.92939014,-2.7019967,-69.558923
xylose_gL,target_focused,fusion_interpretable,knn,"k=1,weighted=True,max_features=24,y_transform=none",10,1.2643868,0.43900413,0.71394118,-2.5078056,-65.582497
xylose_gL,target_focused,fusion_interpretable,knn,"k=1,weighted=True,max_features=24,y_transform=log1p",10,1.2643868,0.43900413,0.71394118,-2.5078056,-65.582497
xylose_gL,target_focused,raman_full,ridge,"alpha=10.0,max_features=384,y_transform=none",10,1.2651393,0.363508,0.91957289,-2.1282384,-61.497599
xylose_gL,target_focused,eem_full,ridge,"alpha=1.0,max_features=24,y_transform=none",10,1.2653975,0.22421953,0.9512649,-1.1076848,-37.889867
xylose_gL,target_focused,fusion_full,ridge,"alpha=10.0,max_features=192,y_transform=none",10,1.2662426,0.32203492,0.9271952,-2.3705234,-65.384302
xylose_gL,all_known,raman_full,ridge,"alpha=0.1,max_features=96,y_transform=log1p",10,1.2669028,0.8119417,0.66598744,-5.7204074,-116.15199
xylose_gL,target_focused,eem_full,knn,"k=1,weighted=True,max_features=24,y_transform=none",10,1.2723513,0.58304203,0.76385294,-1.1138952,-31.632605
xylose_gL,target_focused,eem_full,knn,"k=1,weighted=True,max_features=24,y_transform=log1p",10,1.2723513,0.58304203,0.76385294,-1.1138952,-31.632605
xylose_gL,target_focused,fusion_full,pls,"n_components=5,alpha=1.0,max_features=384,y_transform=none",10,1.2734372,0.31893164,0.94846863,-2.8274619,-70.66215
xylose_gL,target_focused,fusion_full,pls,"n_components=8,alpha=1.0,max_features=192,y_transform=log1p",10,1.2743658,0.41771345,0.80353214,-1.6760728,-54.856269
xylose_gL,target_focused,raman_full,pls,"n_components=8,alpha=1.0,max_features=96,y_transform=log1p",10,1.2745647,0.37878283,0.84028435,-1.8116282,-57.723085
xylose_gL,target_focused,raman_full,knn,"k=5,weighted=True,max_features=96,y_transform=none",10,1.2750109,0.39068137,0.85681515,-1.856543,-58.109886
xylose_gL,target_focused,raman_full,ridge,"alpha=1.0,max_features=384,y_transform=log1p",10,1.2753734,0.39519923,0.84207576,-2.5246071,-65.55404
xylose_gL,all_known,raman_interpretable,ridge,"alpha=1.0,max_features=24,y_transform=log1p",10,1.2769821,1.6756223,0.45921227,-5.3506437,-68.673775
xylose_gL,all_known,raman_interpretable,ridge,"alpha=1.0,max_features=48,y_transform=log1p",10,1.2769821,1.6756223,0.45921227,-5.3506437,-68.673775
xylose_gL,all_known,raman_interpretable,ridge,"alpha=1.0,max_features=96,y_transform=log1p",10,1.2769821,1.6756223,0.45921227,-5.3506437,-68.673775
xylose_gL,all_known,fusion_full,knn,"k=1,weighted=True,max_features=96,y_transform=none",10,1.2795316,0.36860618,0.551125,-8.3924784,-153.49046
xylose_gL,all_known,fusion_full,knn,"k=1,weighted=True,max_features=96,y_transform=log1p",10,1.2795316,0.36860618,0.551125,-8.3924784,-153.49046
xylose_gL,target_focused,raman_full,knn,"k=5,weighted=True,max_features=48,y_transform=none",10,1.28868,0.37254029,0.85507412,-2.3749084,-65.267904
xylose_gL,target_focused,fusion_full,pls,"n_components=8,alpha=1.0,max_features=48,y_transform=log1p",10,1.2886948,0.32746541,0.81657395,-2.7655433,-72.449514
xylose_gL,target_focused,fusion_full,ridge,"alpha=1.0,max_features=192,y_transform=log1p",10,1.2912058,0.38631522,0.8134239,-1.9645612,-60.608571
xylose_gL,target_focused,raman_full,ridge,"alpha=10.0,max_features=192,y_transform=none",10,1.29211,0.38768734,0.92712391,-2.045593,-61.962058
xylose_gL,target_focused,eem_full,ridge,"alpha=1.0,max_features=48,y_transform=none",10,1.2991631,0.27756728,1.0263712,-1.1666649,-39.711601
xylose_gL,all_known,fusion_full,pls,"n_components=12,alpha=1.0,max_features=192,y_transform=none",10,1.3022014,0.40027737,0.92829221,-8.4340471,-151.03365
xylose_gL,target_focused,raman_full,ridge,"alpha=0.1,max_features=48,y_transform=log1p",10,1.3030228,0.32750435,0.84491459,-2.9405323,-75.040245
xylose_gL,all_known,fusion_full,ridge,"alpha=1.0,max_features=96,y_transform=none",10,1.3033177,0.26200705,0.92180198,-6.9644106,-144.60145
xylose_gL,target_focused,fusion_full,pls,"n_components=8,alpha=1.0,max_features=24,y_transform=none",10,1.303479,0.31674022,0.96482359,-3.0028459,-76.174363
xylose_gL,target_focused,raman_full,ridge,"alpha=1.0,max_features=48,y_transform=none",10,1.3078109,0.28657099,0.96620166,-2.8089547,-74.008169
xylose_gL,target_focused,eem_full,pls,"n_components=8,alpha=1.0,max_features=96,y_transform=none",10,1.3106261,0.2460793,1.0208394,-1.178618,-41.459461
xylose_gL,target_focused,eem_full,knn,"k=1,weighted=True,max_features=192,y_transform=log1p",10,1.3109545,0.56916064,0.70758824,-1.2124877,-34.833405
xylose_gL,target_focused,eem_full,knn,"k=1,weighted=True,max_features=384,y_transform=log1p",10,1.3109545,0.56916064,0.70758824,-1.2124877,-34.833405
xylose_gL,target_focused,eem_full,knn,"k=1,weighted=True,max_features=192,y_transform=none",10,1.3109545,0.56916064,0.70758824,-1.2124877,-34.833405
xylose_gL,target_focused,eem_full,knn,"k=1,weighted=True,max_features=384,y_transform=none",10,1.3109545,0.56916064,0.70758824,-1.2124877,-34.833405
xylose_gL,all_known,fusion_full,pls,"n_components=12,alpha=1.0,max_features=96,y_transform=none",10,1.3129339,0.26387137,0.92163663,-7.0625129,-146.06907
xylose_gL,all_known,fusion_full,ridge,"alpha=1.0,max_features=384,y_transform=none",10,1.3167237,0.65583653,0.8927245,-7.7137511,-145.64368
xylose_gL,target_focused,raman_full,ridge,"alpha=0.1,max_features=384,y_transform=log1p",10,1.3176081,0.38677652,0.87211967,-3.0646249,-74.508233
xylose_gL,target_focused,raman_full,pls,"n_components=12,alpha=1.0,max_features=384,y_transform=log1p",10,1.3187439,0.38243326,0.86323899,-3.1114943,-75.14469
xylose_gL,all_known,raman_full,pls,"n_components=12,alpha=1.0,max_features=384,y_transform=none",10,1.3196935,0.42110739,0.90017037,-7.3862047,-147.83791
xylose_gL,target_focused,fusion_interpretable,pcr,"n_components=12,alpha=1.0,max_features=24,y_transform=none",10,1.3198875,0.3642228,0.89440113,-2.3225143,-68.68857
xylose_gL,target_focused,raman_full,pls,"n_components=8,alpha=1.0,max_features=384,y_transform=log1p",10,1.3204087,0.38170479,0.8640109,-3.0059406,-74.253798
xylose_gL,target_focused,eem_full,knn,"k=1,weighted=True,max_features=96,y_transform=none",10,1.323302,0.58218099,0.74247059,-1.1190975,-34.351357
xylose_gL,target_focused,eem_full,knn,"k=1,weighted=True,max_features=96,y_transform=log1p",10,1.323302,0.58218099,0.74247059,-1.1190975,-34.351357
xylose_gL,target_focused,raman_interpretable,pls,"n_components=8,alpha=1.0,max_features=12,y_transform=none",10,1.3252606,0.40205858,0.85429128,-2.4549572,-69.882349
xylose_gL,target_focused,raman_interpretable,pls,"n_components=5,alpha=1.0,max_features=12,y_transform=none",10,1.3252622,0.41101893,0.85276213,-2.4730045,-69.936722
xylose_gL,target_focused,raman_interpretable,pls,"n_components=12,alpha=1.0,max_features=12,y_transform=none",10,1.3254751,0.40191591,0.85439101,-2.4572613,-69.930019
xylose_gL,target_focused,fusion_full,pls,"n_components=5,alpha=1.0,max_features=96,y_transform=none",10,1.3259161,0.25246071,1.0152019,-3.7026102,-84.79233
xylose_gL,target_focused,raman_full,knn,"k=3,weighted=True,max_features=192,y_transform=none",10,1.329312,0.4194436,0.88604643,-1.9800955,-62.939753
xylose_gL,target_focused,eem_full,ridge,"alpha=1.0,max_features=192,y_transform=none",10,1.3294206,0.22482974,1.0722163,-1.3579423,-45.642665
xylose_gL,target_focused,eem_full,ridge,"alpha=1.0,max_features=384,y_transform=none",10,1.3294206,0.22482974,1.0722163,-1.3579423,-45.642665
xylose_gL,target_focused,fusion_interpretable,ridge,"alpha=1.0,max_features=48,y_transform=none",10,1.330989,0.38026938,0.88853864,-2.4997037,-71.583507
xylose_gL,target_focused,fusion_interpretable,ridge,"alpha=1.0,max_features=96,y_transform=none",10,1.330989,0.38026938,0.88853864,-2.4997037,-71.583507
xylose_gL,all_known,fusion_interpretable,pls,"n_components=12,alpha=1.0,max_features=48,y_transform=log1p",10,1.331174,1.7888204,0.47116914,-6.255729,-79.807417
xylose_gL,all_known,fusion_interpretable,pls,"n_components=12,alpha=1.0,max_features=96,y_transform=log1p",10,1.331174,1.7888204,0.47116914,-6.255729,-79.807417
xylose_gL,target_focused,raman_full,pls,"n_components=5,alpha=1.0,max_features=96,y_transform=none",10,1.3312247,0.30403742,0.99211352,-2.7708097,-74.487781
xylose_gL,target_focused,eem_full,pls,"n_components=8,alpha=1.0,max_features=24,y_transform=none",10,1.3322558,0.23418886,1.019314,-1.4131078,-46.577779
xylose_gL,all_known,raman_full,ridge,"alpha=1.0,max_features=384,y_transform=none",10,1.3329043,0.33842844,0.92838946,-7.8823892,-154.29671
xylose_gL,target_focused,raman_full,knn,"k=1,weighted=True,max_features=12,y_transform=none",10,1.3362774,0.49602472,0.79582353,-3.6526075,-76.36054
xylose_gL,target_focused,raman_full,knn,"k=1,weighted=True,max_features=12,y_transform=log1p",10,1.3362774,0.49602472,0.79582353,-3.6526075,-76.36054
xylose_gL,target_focused,eem_full,pls,"n_components=12,alpha=1.0,max_features=24,y_transform=none",10,1.3385374,0.23770683,1.0223452,-1.5425512,-49.228695
xylose_gL,target_focused,fusion_interpretable,pls,"n_components=12,alpha=1.0,max_features=12,y_transform=none",10,1.3385638,0.38965527,0.86336767,-2.5809795,-72.856274
xylose_gL,target_focused,fusion_interpretable,pls,"n_components=8,alpha=1.0,max_features=12,y_transform=none",10,1.3387565,0.38970565,0.86310734,-2.581265,-72.874727
xylose_gL,target_focused,fusion_interpretable,ridge,"alpha=1.0,max_features=24,y_transform=none",10,1.339874,0.36520887,0.89818854,-2.4956574,-72.341702
xylose_gL,target_focused,eem_full,ridge,"alpha=0.1,max_features=24,y_transform=none",10,1.3406771,0.24459401,1.0242026,-1.558659,-49.551529
xylose_gL,target_focused,fusion_interpretable,pls,"n_components=5,alpha=1.0,max_features=12,y_transform=none",10,1.3408357,0.39900552,0.86278564,-2.6107022,-73.214665
xylose_gL,all_known,raman_full,ridge,"alpha=1.0,max_features=192,y_transform=none",10,1.3416966,0.25857692,0.95919945,-7.1169966,-147.76554
xylose_gL,target_focused,raman_full,pls,"n_components=5,alpha=1.0,max_features=48,y_transform=none",10,1.3431834,0.28055072,0.98705183,-3.7760688,-85.870769
xylose_gL,target_focused,fusion_full,pls,"n_components=5,alpha=1.0,max_features=192,y_transform=none",10,1.3463603,0.28381017,1.0092503,-3.1044468,-79.764251
xylose_gL,target_focused,fusion_full,pls,"n_components=5,alpha=1.0,max_features=48,y_transform=none",10,1.3484594,0.25493611,1.014587,-3.9554959,-89.881143
xylose_gL,target_focused,raman_interpretable,ridge,"alpha=1.0,max_features=24,y_transform=none",10,1.35208,0.36128272,0.84938704,-2.690467,-75.653631
xylose_gL,target_focused,raman_interpretable,ridge,"alpha=1.0,max_features=48,y_transform=none",10,1.35208,0.36128272,0.84938704,-2.690467,-75.653631
xylose_gL,target_focused,raman_interpretable,ridge,"alpha=1.0,max_features=96,y_transform=none",10,1.35208,0.36128272,0.84938704,-2.690467,-75.653631
xylose_gL,all_known,raman_full,pls,"n_components=12,alpha=1.0,max_features=192,y_transform=none",10,1.3524242,0.38051154,0.94345417,-7.4099505,-150.28498
xylose_gL,target_focused,eem_full,ridge,"alpha=1.0,max_features=96,y_transform=none",10,1.3538275,0.23642823,1.0873957,-1.4321468,-47.923826
xylose_gL,target_focused,raman_full,pls,"n_components=5,alpha=1.0,max_features=384,y_transform=none",10,1.3547666,0.31545913,0.98877109,-2.9006708,-77.899607
xylose_gL,target_focused,fusion_full,ridge,"alpha=0.1,max_features=24,y_transform=none",10,1.3563052,0.33810195,1.025995,-3.2959717,-82.446351
xylose_gL,all_known,fusion_full,ridge,"alpha=1.0,max_features=96,y_transform=log1p",10,1.3577387,1.4193197,0.58696236,-6.1851644,-110.8688
xylose_gL,target_focused,raman_interpretable,pcr,"n_components=12,alpha=1.0,max_features=24,y_transform=none",10,1.3582825,0.3569418,0.85287394,-2.7680794,-77.072906
xylose_gL,target_focused,raman_interpretable,pcr,"n_components=12,alpha=1.0,max_features=48,y_transform=none",10,1.3582825,0.3569418,0.85287394,-2.7680794,-77.072906
xylose_gL,target_focused,raman_interpretable,pcr,"n_components=12,alpha=1.0,max_features=96,y_transform=none",10,1.3582825,0.3569418,0.85287394,-2.7680794,-77.072906
xylose_gL,all_known,fusion_full,ridge,"alpha=0.1,max_features=384,y_transform=none",10,1.3630079,0.66400734,0.93132601,-8.5310655,-156.14851
xylose_gL,target_focused,raman_full,knn,"k=3,weighted=True,max_features=48,y_transform=none",10,1.3635637,0.37036102,0.8845137,-3.1832332,-79.337508
xylose_gL,target_focused,fusion_full,pls,"n_components=12,alpha=1.0,max_features=24,y_transform=none",10,1.365572,0.3340032,1.0409596,-3.2663822,-83.014197
xylose_gL,target_focused,raman_full,ridge,"alpha=1.0,max_features=192,y_transform=log1p",10,1.3655788,0.40606733,0.90700268,-2.3372781,-69.944588
xylose_gL,target_focused,raman_full,knn,"k=1,weighted=True,max_features=24,y_transform=none",10,1.3661036,0.55338394,0.80847059,-4.5412379,-82.074286
xylose_gL,target_focused,raman_full,knn,"k=1,weighted=True,max_features=24,y_transform=log1p",10,1.3661036,0.55338394,0.80847059,-4.5412379,-82.074286
xylose_gL,target_focused,raman_full,ridge,"alpha=1.0,max_features=96,y_transform=none",10,1.3717081,0.34247408,1.0491551,-2.5021127,-73.810132
xylose_gL,target_focused,eem_full,pls,"n_components=12,alpha=1.0,max_features=192,y_transform=none",10,1.3741772,0.21547755,1.1086215,-1.5781337,-51.682702
xylose_gL,target_focused,eem_full,pls,"n_components=12,alpha=1.0,max_features=384,y_transform=none",10,1.3741772,0.21547755,1.1086215,-1.5781337,-51.682702
xylose_gL,target_focused,eem_full,pls,"n_components=12,alpha=1.0,max_features=48,y_transform=log1p",10,1.3759794,0.54457931,0.89870308,-1.2752261,-42.065221
xylose_gL,target_focused,fusion_full,ridge,"alpha=1.0,max_features=384,y_transform=none",10,1.3829525,0.32951005,1.0501135,-3.1469225,-82.097916
xylose_gL,all_known,fusion_full,pls,"n_components=8,alpha=1.0,max_features=96,y_transform=log1p",10,1.3907173,1.7530717,0.53728684,-6.975158,-101.80352
xylose_gL,all_known,fusion_interpretable,pcr,"n_components=12,alpha=1.0,max_features=48,y_transform=log1p",10,1.3919452,2.0701743,0.46620874,-7.8066783,-81.301397
xylose_gL,all_known,fusion_interpretable,pcr,"n_components=12,alpha=1.0,max_features=96,y_transform=log1p",10,1.3919452,2.0701743,0.46620874,-7.8066783,-81.301397
xylose_gL,target_focused,fusion_interpretable,pls,"n_components=8,alpha=1.0,max_features=48,y_transform=none",10,1.3921303,0.4814326,0.92648759,-3.1691176,-81.044903
xylose_gL,target_focused,fusion_interpretable,pls,"n_components=8,alpha=1.0,max_features=96,y_transform=none",10,1.3921303,0.4814326,0.92648759,-3.1691176,-81.044903
xylose_gL,target_focused,raman_full,pls,"n_components=12,alpha=1.0,max_features=48,y_transform=log1p",10,1.3950872,0.30969723,0.904372,-3.7617449,-91.192497
xylose_gL,all_known,fusion_interpretable,ridge,"alpha=0.1,max_features=48,y_transform=log1p",10,1.3964329,1.9393761,0.4873948,-7.3912901,-90.056868
xylose_gL,all_known,fusion_interpretable,ridge,"alpha=0.1,max_features=96,y_transform=log1p",10,1.3964329,1.9393761,0.4873948,-7.3912901,-90.056868
xylose_gL,all_known,raman_full,ridge,"alpha=0.1,max_features=96,y_transform=none",10,1.3975714,0.32956972,1.0375368,-6.7919281,-149.74799
xylose_gL,target_focused,fusion_interpretable,pcr,"n_components=5,alpha=1.0,max_features=12,y_transform=log1p",10,1.400012,0.80356336,0.76251074,-3.4845416,-72.115627
xylose_gL,target_focused,eem_full,pls,"n_components=8,alpha=1.0,max_features=48,y_transform=none",10,1.4004581,0.30142271,1.1186976,-1.6195676,-52.515368
xylose_gL,target_focused,fusion_full,pls,"n_components=12,alpha=1.0,max_features=192,y_transform=log1p",10,1.4016109,0.35460204,0.87629106,-2.9180648,-80.816473
xylose_gL,target_focused,fusion_full,knn,"k=1,weighted=True,max_features=24,y_transform=none",10,1.4020926,0.42079616,0.82008824,-3.9555054,-90.030675
xylose_gL,target_focused,fusion_full,knn,"k=1,weighted=True,max_features=24,y_transform=log1p",10,1.4020926,0.42079616,0.82008824,-3.9555054,-90.030675
xylose_gL,target_focused,fusion_full,pls,"n_components=8,alpha=1.0,max_features=384,y_transform=none",10,1.4045171,0.30953982,1.0548843,-3.2361091,-85.103274
xylose_gL,target_focused,raman_full,knn,"k=3,weighted=True,max_features=96,y_transform=none",10,1.4081373,0.41413268,0.93766063,-2.6602992,-75.967273
xylose_gL,target_focused,eem_full,ridge,"alpha=0.1,max_features=192,y_transform=none",10,1.4100599,0.21894305,1.142074,-1.7490514,-56.350363
xylose_gL,target_focused,eem_full,ridge,"alpha=0.1,max_features=384,y_transform=none",10,1.4100599,0.21894305,1.142074,-1.7490514,-56.350363
xylose_gL,target_focused,fusion_full,pls,"n_components=12,alpha=1.0,max_features=384,y_transform=none",10,1.4122761,0.31894544,1.0707745,-3.3752143,-86.767688
xylose_gL,target_focused,raman_interpretable,pcr,"n_components=5,alpha=1.0,max_features=12,y_transform=log1p",10,1.4123953,0.79490711,0.7693693,-3.5203584,-73.685224
xylose_gL,target_focused,fusion_full,ridge,"alpha=0.1,max_features=384,y_transform=none",10,1.4156156,0.32680983,1.0812561,-3.3660959,-86.795078
xylose_gL,target_focused,fusion_full,ridge,"alpha=1.0,max_features=48,y_transform=none",10,1.4165257,0.25749264,1.0767703,-4.6469526,-102.06436
xylose_gL,all_known,fusion_full,ridge,"alpha=1.0,max_features=192,y_transform=log1p",10,1.4228985,1.1792482,0.65102455,-9.9454194,-158.55297
xylose_gL,target_focused,raman_full,ridge,"alpha=1.0,max_features=384,y_transform=none",10,1.425546,0.33032188,1.0946428,-3.6705782,-90.442719
xylose_gL,target_focused,fusion_full,knn,"k=1,weighted=True,max_features=192,y_transform=none",10,1.4311549,0.50512715,0.856,-5.3444343,-101.34874
xylose_gL,target_focused,fusion_full,knn,"k=1,weighted=True,max_features=192,y_transform=log1p",10,1.4311549,0.50512715,0.856,-5.3444343,-101.34874
xylose_gL,all_known,raman_full,ridge,"alpha=0.1,max_features=384,y_transform=none",10,1.4341487,0.30966042,1.0120882,-9.9676184,-179.31808
xylose_gL,target_focused,raman_full,pls,"n_components=12,alpha=1.0,max_features=96,y_transform=log1p",10,1.4350261,0.40509932,0.95453945,-2.3929677,-75.268414
xylose_gL,target_focused,fusion_full,pls,"n_components=12,alpha=1.0,max_features=96,y_transform=log1p",10,1.440212,0.41161344,0.92668165,-3.7594273,-87.922102
xylose_gL,target_focused,raman_full,pls,"n_components=8,alpha=1.0,max_features=192,y_transform=log1p",10,1.4424953,0.33854843,0.9604767,-3.2838661,-87.653687
xylose_gL,target_focused,raman_interpretable,ridge,"alpha=0.1,max_features=12,y_transform=none",10,1.4468789,0.41475938,0.90684369,-3.7456582,-93.747963
xylose_gL,target_focused,fusion_full,knn,"k=1,weighted=True,max_features=96,y_transform=none",10,1.4523315,0.53657474,0.84552941,-3.6521783,-87.57287
xylose_gL,target_focused,fusion_full,knn,"k=1,weighted=True,max_features=96,y_transform=log1p",10,1.4523315,0.53657474,0.84552941,-3.6521783,-87.57287
xylose_gL,target_focused,raman_full,pls,"n_components=5,alpha=1.0,max_features=192,y_transform=none",10,1.4534301,0.33266274,1.0613835,-3.3413518,-89.13363
xylose_gL,all_known,fusion_full,ridge,"alpha=1.0,max_features=192,y_transform=none",10,1.4549886,0.36829496,1.0605385,-11.25901,-185.1174
xylose_gL,target_focused,raman_full,ridge,"alpha=0.1,max_features=48,y_transform=none",10,1.4573394,0.25296849,1.1187831,-4.677991,-105.11128
xylose_gL,target_focused,fusion_interpretable,ridge,"alpha=0.1,max_features=12,y_transform=none",10,1.4608877,0.40839383,0.9153682,-3.9093146,-96.97473
xylose_gL,target_focused,fusion_full,ridge,"alpha=0.1,max_features=192,y_transform=log1p",10,1.4684379,0.38990235,0.91821729,-3.4282633,-90.315731
xylose_gL,target_focused,raman_full,pls,"n_components=12,alpha=1.0,max_features=384,y_transform=none",10,1.4710774,0.32053211,1.1311526,-4.1999732,-98.908909
xylose_gL,target_focused,raman_full,pls,"n_components=8,alpha=1.0,max_features=48,y_transform=none",10,1.472458,0.31385475,1.1279034,-4.4179558,-101.76717
xylose_gL,target_focused,raman_full,ridge,"alpha=0.1,max_features=96,y_transform=log1p",10,1.4726084,0.32371504,0.99310418,-3.3416644,-90.041689
xylose_gL,target_focused,raman_full,pls,"n_components=8,alpha=1.0,max_features=384,y_transform=none",10,1.4734675,0.30829598,1.1206762,-4.0150412,-97.726661
xylose_gL,target_focused,raman_full,ridge,"alpha=0.1,max_features=384,y_transform=none",10,1.4753689,0.32480704,1.1486451,-4.2500164,-99.554043
xylose_gL,target_focused,fusion_full,ridge,"alpha=1.0,max_features=96,y_transform=none",10,1.4812862,0.22535579,1.1506746,-4.872125,-107.74015
xylose_gL,target_focused,fusion_full,ridge,"alpha=0.1,max_features=48,y_transform=log1p",10,1.4836963,0.44474768,0.92019885,-4.9645292,-105.25971
xylose_gL,target_focused,fusion_full,pls,"n_components=12,alpha=1.0,max_features=48,y_transform=log1p",10,1.4882704,0.54878873,0.92287296,-5.3177168,-106.67165
xylose_gL,target_focused,fusion_full,knn,"k=1,weighted=True,max_features=384,y_transform=none",10,1.4939461,0.31631342,0.85155882,-4.6791582,-105.70052
xylose_gL,target_focused,fusion_full,knn,"k=1,weighted=True,max_features=384,y_transform=log1p",10,1.4939461,0.31631342,0.85155882,-4.6791582,-105.70052
xylose_gL,target_focused,fusion_full,knn,"k=1,weighted=True,max_features=48,y_transform=none",10,1.4976552,0.49655511,0.86897059,-4.567854,-97.02408
xylose_gL,target_focused,fusion_full,knn,"k=1,weighted=True,max_features=48,y_transform=log1p",10,1.4976552,0.49655511,0.86897059,-4.567854,-97.02408
xylose_gL,target_focused,raman_full,knn,"k=1,weighted=True,max_features=48,y_transform=none",10,1.4983985,0.40719782,0.86579412,-5.0357044,-104.00013
xylose_gL,target_focused,raman_full,knn,"k=1,weighted=True,max_features=48,y_transform=log1p",10,1.4983985,0.40719782,0.86579412,-5.0357044,-104.00013
xylose_gL,target_focused,raman_interpretable,pcr,"n_components=12,alpha=1.0,max_features=12,y_transform=log1p",10,1.5094016,0.93312876,0.79631064,-4.8753051,-90.354942
xylose_gL,target_focused,raman_interpretable,ridge,"alpha=1.0,max_features=12,y_transform=log1p",10,1.5094016,0.93312876,0.79631064,-4.8753051,-90.354942
xylose_gL,target_focused,raman_interpretable,pcr,"n_components=8,alpha=1.0,max_features=12,y_transform=log1p",10,1.5098528,0.93239497,0.79649655,-4.8747166,-90.418184
xylose_gL,target_focused,fusion_full,pls,"n_components=8,alpha=1.0,max_features=48,y_transform=none",10,1.5140387,0.245101,1.1417793,-6.1281587,-122.33612
xylose_gL,target_focused,fusion_full,pls,"n_components=8,alpha=1.0,max_features=96,y_transform=none",10,1.5141358,0.2104078,1.1629458,-5.8017273,-118.1279
xylose_gL,target_focused,fusion_interpretable,pcr,"n_components=8,alpha=1.0,max_features=12,y_transform=log1p",10,1.5207596,0.92571609,0.80338746,-4.9390937,-92.470514
xylose_gL,target_focused,fusion_interpretable,pcr,"n_components=12,alpha=1.0,max_features=12,y_transform=log1p",10,1.5213641,0.92581498,0.80365972,-4.944435,-92.56939
xylose_gL,target_focused,fusion_interpretable,ridge,"alpha=1.0,max_features=12,y_transform=log1p",10,1.5213641,0.92581498,0.80365972,-4.944435,-92.56939
xylose_gL,target_focused,raman_interpretable,knn,"k=1,weighted=True,max_features=12,y_transform=none",10,1.5290674,0.37902281,0.9365,-4.6012437,-108.84475
xylose_gL,target_focused,raman_interpretable,knn,"k=1,weighted=True,max_features=12,y_transform=log1p",10,1.5290674,0.37902281,0.9365,-4.6012437,-108.84475
xylose_gL,all_known,eem_full,ridge,"alpha=0.1,max_features=96,y_transform=none",10,1.5327489,0.28459057,1.1349257,-13.913595,-239.18567
xylose_gL,target_focused,fusion_interpretable,knn,"k=1,weighted=True,max_features=12,y_transform=none",10,1.5338139,0.44398111,0.92738235,-8.0635226,-137.52337
xylose_gL,target_focused,fusion_interpretable,knn,"k=1,weighted=True,max_features=12,y_transform=log1p",10,1.5338139,0.44398111,0.92738235,-8.0635226,-137.52337
xylose_gL,all_known,raman_interpretable,ridge,"alpha=0.1,max_features=24,y_transform=log1p",10,1.534121,2.4330881,0.50401777,-10.708428,-99.779967
xylose_gL,all_known,raman_interpretable,ridge,"alpha=0.1,max_features=48,y_transform=log1p",10,1.534121,2.4330881,0.50401777,-10.708428,-99.779967
xylose_gL,all_known,raman_interpretable,ridge,"alpha=0.1,max_features=96,y_transform=log1p",10,1.534121,2.4330881,0.50401777,-10.708428,-99.779967
xylose_gL,target_focused,fusion_full,ridge,"alpha=0.1,max_features=96,y_transform=log1p",10,1.5374289,0.32538513,1.0356026,-3.7184282,-99.547311
xylose_gL,target_focused,raman_full,pls,"n_components=8,alpha=1.0,max_features=96,y_transform=none",10,1.5406262,0.27949346,1.2077276,-4.1365573,-104.38447
xylose_gL,all_known,fusion_full,pls,"n_components=12,alpha=1.0,max_features=96,y_transform=log1p",10,1.5460881,2.0094284,0.61704768,-9.4606177,-128.92255
xylose_gL,all_known,eem_full,ridge,"alpha=0.1,max_features=192,y_transform=none",10,1.5504319,0.55620482,1.0187652,-18.666802,-262.3461
xylose_gL,all_known,eem_full,ridge,"alpha=0.1,max_features=384,y_transform=none",10,1.5504319,0.55620482,1.0187652,-18.666802,-262.3461
xylose_gL,target_focused,raman_full,pls,"n_components=12,alpha=1.0,max_features=48,y_transform=none",10,1.5558642,0.22697959,1.2041701,-5.6281024,-121.12602
xylose_gL,target_focused,eem_full,pls,"n_components=12,alpha=1.0,max_features=96,y_transform=none",10,1.5590515,0.20028455,1.2693969,-2.4849688,-74.64236
xylose_gL,target_focused,raman_interpretable,pls,"n_components=5,alpha=1.0,max_features=24,y_transform=log1p",10,1.5609917,0.84156787,0.79486954,-4.9932479,-98.816878
xylose_gL,target_focused,raman_interpretable,pls,"n_components=5,alpha=1.0,max_features=48,y_transform=log1p",10,1.5609917,0.84156787,0.79486954,-4.9932479,-98.816878
xylose_gL,target_focused,raman_interpretable,pls,"n_components=5,alpha=1.0,max_features=96,y_transform=log1p",10,1.5609917,0.84156787,0.79486954,-4.9932479,-98.816878
xylose_gL,target_focused,raman_full,knn,"k=1,weighted=True,max_features=384,y_transform=none",10,1.570275,0.53736185,0.94564706,-4.0769679,-102.03058
xylose_gL,target_focused,raman_full,knn,"k=1,weighted=True,max_features=384,y_transform=log1p",10,1.570275,0.53736185,0.94564706,-4.0769679,-102.03058
xylose_gL,all_known,fusion_full,pls,"n_components=12,alpha=1.0,max_features=192,y_transform=log1p",10,1.5738524,2.1366702,0.62053055,-11.059835,-142.13609
xylose_gL,target_focused,fusion_full,pls,"n_components=8,alpha=1.0,max_features=192,y_transform=none",10,1.5738992,0.26552257,1.1921299,-5.7819572,-120.90668
xylose_gL,target_focused,fusion_interpretable,ridge,"alpha=0.1,max_features=48,y_transform=none",10,1.591889,0.48285898,1.0343201,-5.0533195,-117.45584
xylose_gL,target_focused,fusion_interpretable,ridge,"alpha=0.1,max_features=96,y_transform=none",10,1.591889,0.48285898,1.0343201,-5.0533195,-117.45584
xylose_gL,target_focused,fusion_full,ridge,"alpha=1.0,max_features=192,y_transform=none",10,1.5942018,0.24317489,1.2116739,-5.8346941,-122.95512
xylose_gL,target_focused,fusion_interpretable,pls,"n_components=8,alpha=1.0,max_features=24,y_transform=none",10,1.5998944,0.57367827,1.012496,-5.093844,-115.92092
xylose_gL,target_focused,raman_full,pls,"n_components=12,alpha=1.0,max_features=192,y_transform=log1p",10,1.6042872,0.415978,1.0540902,-4.8844927,-111.01811
xylose_gL,target_focused,eem_full,ridge,"alpha=0.1,max_features=48,y_transform=log1p",10,1.6067269,0.69582303,0.98470605,-2.5496567,-73.267468
xylose_gL,target_focused,raman_interpretable,knn,"k=1,weighted=True,max_features=24,y_transform=none",10,1.6273169,0.50288952,1.0078529,-5.9063509,-123.72158
xylose_gL,target_focused,raman_interpretable,knn,"k=1,weighted=True,max_features=24,y_transform=log1p",10,1.6273169,0.50288952,1.0078529,-5.9063509,-123.72158
xylose_gL,target_focused,raman_interpretable,knn,"k=1,weighted=True,max_features=48,y_transform=none",10,1.6273169,0.50288952,1.0078529,-5.9063509,-123.72158
xylose_gL,target_focused,raman_interpretable,knn,"k=1,weighted=True,max_features=48,y_transform=log1p",10,1.6273169,0.50288952,1.0078529,-5.9063509,-123.72158
xylose_gL,target_focused,raman_interpretable,knn,"k=1,weighted=True,max_features=96,y_transform=none",10,1.6273169,0.50288952,1.0078529,-5.9063509,-123.72158
xylose_gL,target_focused,raman_interpretable,knn,"k=1,weighted=True,max_features=96,y_transform=log1p",10,1.6273169,0.50288952,1.0078529,-5.9063509,-123.72158
xylose_gL,target_focused,eem_full,ridge,"alpha=0.1,max_features=96,y_transform=none",10,1.6322832,0.21395267,1.3299164,-2.8996774,-83.5719
xylose_gL,target_focused,eem_full,pls,"n_components=12,alpha=1.0,max_features=48,y_transform=none",10,1.6350887,0.4213486,1.3089728,-2.7647393,-79.555516
xylose_gL,all_known,raman_interpretable,pls,"n_components=12,alpha=1.0,max_features=24,y_transform=log1p",10,1.6366551,2.735488,0.52397227,-13.33196,-111.79723
xylose_gL,all_known,raman_interpretable,pls,"n_components=12,alpha=1.0,max_features=48,y_transform=log1p",10,1.6366551,2.735488,0.52397227,-13.33196,-111.79723
xylose_gL,all_known,raman_interpretable,pls,"n_components=12,alpha=1.0,max_features=96,y_transform=log1p",10,1.6366551,2.735488,0.52397227,-13.33196,-111.79723
xylose_gL,all_known,fusion_full,ridge,"alpha=0.1,max_features=192,y_transform=log1p",10,1.6430138,0.95988125,0.77908233,-21.782542,-243.29749
xylose_gL,target_focused,raman_full,ridge,"alpha=1.0,max_features=192,y_transform=none",10,1.6459329,0.34931708,1.2143291,-5.4751989,-121.61537
xylose_gL,all_known,fusion_full,ridge,"alpha=0.1,max_features=96,y_transform=none",10,1.6566473,0.18267573,1.3079092,-13.743975,-224.87651
xylose_gL,target_focused,raman_interpretable,pls,"n_components=12,alpha=1.0,max_features=24,y_transform=none",10,1.6620396,0.64763379,0.98011022,-6.2919166,-130.38034
xylose_gL,target_focused,raman_interpretable,pls,"n_components=12,alpha=1.0,max_features=48,y_transform=none",10,1.6620396,0.64763379,0.98011022,-6.2919166,-130.38034
xylose_gL,target_focused,raman_interpretable,pls,"n_components=12,alpha=1.0,max_features=96,y_transform=none",10,1.6620396,0.64763379,0.98011022,-6.2919166,-130.38034
xylose_gL,target_focused,fusion_interpretable,ridge,"alpha=0.1,max_features=24,y_transform=none",10,1.6636145,0.50179935,1.0396185,-6.018043,-131.52479
xylose_gL,target_focused,raman_interpretable,pls,"n_components=8,alpha=1.0,max_features=24,y_transform=none",10,1.6705208,0.61760245,0.98307393,-6.4697558,-133.11159
xylose_gL,target_focused,raman_interpretable,pls,"n_components=8,alpha=1.0,max_features=48,y_transform=none",10,1.6705208,0.61760245,0.98307393,-6.4697558,-133.11159
xylose_gL,target_focused,raman_interpretable,pls,"n_components=8,alpha=1.0,max_features=96,y_transform=none",10,1.6705208,0.61760245,0.98307393,-6.4697558,-133.11159
xylose_gL,target_focused,raman_full,knn,"k=1,weighted=True,max_features=192,y_transform=none",10,1.673712,0.42941384,1.0009412,-4.6880464,-116.88523
xylose_gL,target_focused,raman_full,knn,"k=1,weighted=True,max_features=192,y_transform=log1p",10,1.673712,0.42941384,1.0009412,-4.6880464,-116.88523
xylose_gL,target_focused,raman_interpretable,ridge,"alpha=0.1,max_features=24,y_transform=none",10,1.6745732,0.67984526,0.98554761,-6.4625615,-131.89371
xylose_gL,target_focused,raman_interpretable,ridge,"alpha=0.1,max_features=48,y_transform=none",10,1.6745732,0.67984526,0.98554761,-6.4625615,-131.89371
xylose_gL,target_focused,raman_interpretable,ridge,"alpha=0.1,max_features=96,y_transform=none",10,1.6745732,0.67984526,0.98554761,-6.4625615,-131.89371
xylose_gL,target_focused,fusion_interpretable,pls,"n_components=12,alpha=1.0,max_features=24,y_transform=none",10,1.6790672,0.45840597,1.0599169,-6.6494224,-138.14021
xylose_gL,target_focused,fusion_full,pls,"n_components=12,alpha=1.0,max_features=48,y_transform=none",10,1.6854051,0.29948145,1.3109943,-8.3034997,-152.59091
xylose_gL,target_focused,fusion_full,ridge,"alpha=0.1,max_features=48,y_transform=none",10,1.6866411,0.3084929,1.3073598,-8.4811932,-154.92889
xylose_gL,target_focused,raman_interpretable,pcr,"n_components=8,alpha=1.0,max_features=24,y_transform=log1p",10,1.6943115,1.203643,0.81515748,-8.0131509,-121.34333
xylose_gL,target_focused,raman_interpretable,pcr,"n_components=8,alpha=1.0,max_features=48,y_transform=log1p",10,1.6943115,1.203643,0.81515748,-8.0131509,-121.34333
xylose_gL,target_focused,raman_interpretable,pcr,"n_components=8,alpha=1.0,max_features=96,y_transform=log1p",10,1.6943115,1.203643,0.81515748,-8.0131509,-121.34333
xylose_gL,target_focused,raman_full,knn,"k=1,weighted=True,max_features=96,y_transform=none",10,1.6977996,0.3796735,1.0035882,-5.321356,-124.53789
xylose_gL,target_focused,raman_full,knn,"k=1,weighted=True,max_features=96,y_transform=log1p",10,1.6977996,0.3796735,1.0035882,-5.321356,-124.53789
xylose_gL,all_known,fusion_full,ridge,"alpha=0.1,max_features=192,y_transform=none",10,1.7005261,0.31337992,1.2728682,-15.971253,-236.3779
xylose_gL,target_focused,fusion_full,pls,"n_components=12,alpha=1.0,max_features=96,y_transform=none",10,1.7005849,0.20051402,1.3331542,-7.4386896,-144.77864
xylose_gL,target_focused,raman_full,ridge,"alpha=0.1,max_features=192,y_transform=log1p",10,1.710587,0.47488181,1.107915,-5.4190829,-121.88201
xylose_gL,target_focused,fusion_interpretable,pls,"n_components=12,alpha=1.0,max_features=48,y_transform=none",10,1.7138633,0.56388184,1.0928308,-6.811391,-141.72555
xylose_gL,target_focused,fusion_interpretable,pls,"n_components=12,alpha=1.0,max_features=96,y_transform=none",10,1.7138633,0.56388184,1.0928308,-6.811391,-141.72555
xylose_gL,target_focused,raman_full,pls,"n_components=8,alpha=1.0,max_features=192,y_transform=none",10,1.7218884,0.30829799,1.2856703,-6.9909636,-139.87395
xylose_gL,target_focused,raman_full,pls,"n_components=12,alpha=1.0,max_features=96,y_transform=none",10,1.7231358,0.39285867,1.3740503,-4.9270661,-123.3327
xylose_gL,target_focused,fusion_full,pls,"n_components=12,alpha=1.0,max_features=192,y_transform=none",10,1.7409353,0.25201627,1.3301628,-8.0552748,-149.88898
xylose_gL,target_focused,raman_full,ridge,"alpha=0.1,max_features=96,y_transform=none",10,1.7423384,0.36829273,1.3818916,-5.5160406,-129.38721
xylose_gL,all_known,raman_full,ridge,"alpha=0.1,max_features=192,y_transform=none",10,1.7821454,0.1975553,1.3197149,-15.059655,-241.94452
xylose_gL,target_focused,fusion_interpretable,pls,"n_components=5,alpha=1.0,max_features=24,y_transform=log1p",10,1.8059542,1.967699,0.86676203,-14.707162,-134.3428
xylose_gL,target_focused,fusion_full,ridge,"alpha=0.1,max_features=192,y_transform=none",10,1.8090788,0.27983401,1.3902781,-8.4200833,-156.58781
xylose_gL,target_focused,eem_full,ridge,"alpha=0.1,max_features=48,y_transform=none",10,1.8331913,0.48694819,1.4791578,-4.4093089,-110.26509
xylose_gL,target_focused,raman_full,pls,"n_components=12,alpha=1.0,max_features=192,y_transform=none",10,1.8709466,0.38016302,1.4031566,-8.8889552,-161.11133
xylose_gL,target_focused,raman_full,ridge,"alpha=0.1,max_features=192,y_transform=none",10,1.9369129,0.4138692,1.4664247,-9.2770892,-167.31133
xylose_gL,target_focused,fusion_full,ridge,"alpha=0.1,max_features=96,y_transform=none",10,1.9764427,0.22126605,1.6072756,-10.352608,-186.12316
xylose_gL,all_known,raman_full,ridge,"alpha=0.1,max_features=192,y_transform=log1p",10,1.9987918,0.98694478,0.86693681,-31.475293,-314.3211
xylose_gL,target_focused,fusion_interpretable,pcr,"n_components=12,alpha=1.0,max_features=24,y_transform=log1p",10,2.0702549,1.7262247,0.94516627,-15.366644,-181.90791
xylose_gL,all_known,raman_full,pls,"n_components=8,alpha=1.0,max_features=384,y_transform=log1p",10,2.1424565,4.1002991,0.657385,-29.878702,-191.55143
xylose_gL,target_focused,fusion_interpretable,ridge,"alpha=1.0,max_features=48,y_transform=log1p",10,2.1455151,1.9484433,0.94314436,-18.132628,-192.83135
xylose_gL,target_focused,fusion_interpretable,ridge,"alpha=1.0,max_features=96,y_transform=log1p",10,2.1455151,1.9484433,0.94314436,-18.132628,-192.83135
xylose_gL,target_focused,raman_interpretable,ridge,"alpha=1.0,max_features=24,y_transform=log1p",10,2.1460769,1.365681,0.94303631,-14.319483,-201.32722
xylose_gL,target_focused,raman_interpretable,ridge,"alpha=1.0,max_features=48,y_transform=log1p",10,2.1460769,1.365681,0.94303631,-14.319483,-201.32722
xylose_gL,target_focused,raman_interpretable,ridge,"alpha=1.0,max_features=96,y_transform=log1p",10,2.1460769,1.365681,0.94303631,-14.319483,-201.32722
xylose_gL,all_known,raman_full,ridge,"alpha=10.0,max_features=384,y_transform=log1p",10,2.1490444,4.0817837,0.64903948,-29.809427,-193.79973
xylose_gL,target_focused,raman_interpretable,pcr,"n_components=12,alpha=1.0,max_features=24,y_transform=log1p",10,2.1817693,1.4098939,0.95350144,-15.28984,-208.82836
xylose_gL,target_focused,raman_interpretable,pcr,"n_components=12,alpha=1.0,max_features=48,y_transform=log1p",10,2.1817693,1.4098939,0.95350144,-15.28984,-208.82836
xylose_gL,target_focused,raman_interpretable,pcr,"n_components=12,alpha=1.0,max_features=96,y_transform=log1p",10,2.1817693,1.4098939,0.95350144,-15.28984,-208.82836
xylose_gL,target_focused,fusion_interpretable,ridge,"alpha=1.0,max_features=24,y_transform=log1p",10,2.2231648,1.9258678,0.98452096,-18.866723,-207.18449
xylose_gL,target_focused,raman_interpretable,pls,"n_components=5,alpha=1.0,max_features=12,y_transform=log1p",10,2.2476864,2.3450438,0.98385321,-23.019376,-210.10246
xylose_gL,target_focused,fusion_interpretable,pls,"n_components=5,alpha=1.0,max_features=12,y_transform=log1p",10,2.2765456,2.3343091,0.99452626,-23.243705,-215.19406
xylose_gL,all_known,raman_full,pls,"n_components=12,alpha=1.0,max_features=192,y_transform=log1p",10,2.2907692,3.8511165,0.77080744,-31.555429,-245.31737
xylose_gL,target_focused,raman_interpretable,pls,"n_components=8,alpha=1.0,max_features=12,y_transform=log1p",10,2.3369501,2.5412965,1.0056677,-26.285447,-223.86847
xylose_gL,target_focused,raman_interpretable,pls,"n_components=12,alpha=1.0,max_features=12,y_transform=log1p",10,2.3373074,2.5413008,1.005783,-26.290234,-223.93031
xylose_gL,target_focused,fusion_interpretable,pls,"n_components=12,alpha=1.0,max_features=12,y_transform=log1p",10,2.3782543,2.5276416,1.0195568,-26.625061,-230.93628
xylose_gL,target_focused,fusion_interpretable,pls,"n_components=8,alpha=1.0,max_features=12,y_transform=log1p",10,2.3808461,2.5269633,1.0200951,-26.646677,-231.34066
xylose_gL,all_known,raman_full,ridge,"alpha=1.0,max_features=384,y_transform=log1p",10,2.5981881,4.7258503,0.79267934,-45.82879,-296.825
xylose_gL,all_known,raman_full,ridge,"alpha=0.1,max_features=384,y_transform=log1p",10,2.7179886,4.6479289,0.84260115,-51.87244,-344.29763
xylose_gL,target_focused,fusion_interpretable,pls,"n_components=8,alpha=1.0,max_features=48,y_transform=log1p",10,2.899484,4.015733,1.1278628,-58.485219,-313.62288
xylose_gL,target_focused,fusion_interpretable,pls,"n_components=8,alpha=1.0,max_features=96,y_transform=log1p",10,2.899484,4.015733,1.1278628,-58.485219,-313.62288
xylose_gL,all_known,fusion_full,pls,"n_components=8,alpha=1.0,max_features=384,y_transform=log1p",10,3.1282217,7.1169505,0.8155241,-83.965854,-304.63728
xylose_gL,target_focused,raman_interpretable,ridge,"alpha=0.1,max_features=12,y_transform=log1p",10,3.7378691,5.1221123,1.357274,-97.833461,-464.3948
xylose_gL,target_focused,fusion_interpretable,ridge,"alpha=0.1,max_features=12,y_transform=log1p",10,3.7993034,5.1210666,1.3741222,-98.985716,-474.68784
xylose_gL,all_known,raman_full,pls,"n_components=12,alpha=1.0,max_features=384,y_transform=log1p",10,3.9902385,9.0473571,1.0134987,-139.67878,-448.56787
xylose_gL,target_focused,fusion_interpretable,ridge,"alpha=0.1,max_features=48,y_transform=log1p",10,5.5834743,7.4184276,1.8235308,-211.07027,-743.25004
xylose_gL,target_focused,fusion_interpretable,ridge,"alpha=0.1,max_features=96,y_transform=log1p",10,5.5834743,7.4184276,1.8235308,-211.07027,-743.25004
xylose_gL,all_known,fusion_full,ridge,"alpha=10.0,max_features=384,y_transform=log1p",10,7.3765171,19.833891,1.5267513,-622.73754,-809.1115
xylose_gL,target_focused,fusion_interpretable,ridge,"alpha=0.1,max_features=24,y_transform=log1p",10,7.9694763,11.20435,2.4061615,-470.51615,-1146.6011
xylose_gL,target_focused,fusion_interpretable,pls,"n_components=8,alpha=1.0,max_features=24,y_transform=log1p",10,8.0431796,13.375181,2.4079927,-603.40176,-1146.4373
xylose_gL,target_focused,fusion_interpretable,pls,"n_components=12,alpha=1.0,max_features=24,y_transform=log1p",10,8.0763023,10.135158,2.4331335,-465.11739,-1240.0427
xylose_gL,target_focused,raman_interpretable,pls,"n_components=8,alpha=1.0,max_features=24,y_transform=log1p",10,8.1299435,10.461359,2.4158464,-454.6056,-1203.4698
xylose_gL,target_focused,raman_interpretable,pls,"n_components=8,alpha=1.0,max_features=48,y_transform=log1p",10,8.1299435,10.461359,2.4158464,-454.6056,-1203.4698
xylose_gL,target_focused,raman_interpretable,pls,"n_components=8,alpha=1.0,max_features=96,y_transform=log1p",10,8.1299435,10.461359,2.4158464,-454.6056,-1203.4698
xylose_gL,target_focused,raman_interpretable,pls,"n_components=12,alpha=1.0,max_features=24,y_transform=log1p",10,8.8724294,12.513925,2.6015887,-593.16162,-1301.1844
xylose_gL,target_focused,raman_interpretable,pls,"n_components=12,alpha=1.0,max_features=48,y_transform=log1p",10,8.8724294,12.513925,2.6015887,-593.16162,-1301.1844
xylose_gL,target_focused,raman_interpretable,pls,"n_components=12,alpha=1.0,max_features=96,y_transform=log1p",10,8.8724294,12.513925,2.6015887,-593.16162,-1301.1844
xylose_gL,target_focused,raman_interpretable,ridge,"alpha=0.1,max_features=24,y_transform=log1p",10,8.9520781,12.563665,2.6216735,-598.82256,-1311.7592
xylose_gL,target_focused,raman_interpretable,ridge,"alpha=0.1,max_features=48,y_transform=log1p",10,8.9520781,12.563665,2.6216735,-598.82256,-1311.7592
xylose_gL,target_focused,raman_interpretable,ridge,"alpha=0.1,max_features=96,y_transform=log1p",10,8.9520781,12.563665,2.6216735,-598.82256,-1311.7592
xylose_gL,target_focused,fusion_interpretable,pls,"n_components=12,alpha=1.0,max_features=48,y_transform=log1p",10,9.5972504,16.357613,2.8004985,-892.68626,-1392.5931
xylose_gL,target_focused,fusion_interpretable,pls,"n_components=12,alpha=1.0,max_features=96,y_transform=log1p",10,9.5972504,16.357613,2.8004985,-892.68626,-1392.5931
xylose_gL,all_known,fusion_full,pls,"n_components=12,alpha=1.0,max_features=384,y_transform=log1p",10,13.039637,36.672178,2.4992713,-2107.3087,-1490.7444
xylose_gL,all_known,fusion_full,ridge,"alpha=1.0,max_features=384,y_transform=log1p",10,21.319839,61.367265,3.90297,-5869.5435,-2474.8558
xylose_gL,all_known,fusion_full,ridge,"alpha=0.1,max_features=384,y_transform=log1p",10,25.007432,72.342654,4.5309304,-8147.8847,-2915.3857
