target,cohort,feature_set,preprocessing_config,model,config,n_repeats,mean_rmse,std_rmse,mean_mae,mean_r2
glucose_gL,all_known,raman_preprocessed_als_sg2_snv,als_sg2_snv,krr,"kernel=laplacian,alpha=0.1,gamma_scale=2.0,max_features=192,x_transform=none,log_target=True",10,0.50943891,0.24135573,0.27399199,0.011623788
glucose_gL,all_known,raman_preprocessed_als_sg2_snv,als_sg2_snv,krr,"kernel=laplacian,alpha=0.01,gamma_scale=2.0,max_features=192,x_transform=none,log_target=True",10,0.51008184,0.24060167,0.27540466,0.0072927532
glucose_gL,all_known,raman_preprocessed_als_sg2_snv,als_sg2_snv,krr,"kernel=laplacian,alpha=0.1,gamma_scale=2.0,max_features=12,x_transform=none,log_target=True",10,0.5106672,0.24381154,0.26675785,0.002848238
glucose_gL,all_known,raman_preprocessed_als_sg2_snv,als_sg2_snv,krr,"kernel=laplacian,alpha=0.1,gamma_scale=2.0,max_features=192,x_transform=l2,log_target=True",10,0.51077386,0.2419279,0.27539795,0.0060467258
glucose_gL,all_known,raman_preprocessed_als_sg2_snv,als_sg2_snv,krr,"kernel=laplacian,alpha=0.01,gamma_scale=2.0,max_features=192,x_transform=l2,log_target=True",10,0.51133955,0.24128158,0.27664583,0.0022490146
glucose_gL,all_known,raman_preprocessed_als_sg2_snv,als_sg2_snv,krr,"kernel=laplacian,alpha=0.01,gamma_scale=2.0,max_features=12,x_transform=none,log_target=True",10,0.51136998,0.24299194,0.26884744,-0.0032399576
glucose_gL,all_known,raman_preprocessed_als_sg0_snv_area,als_sg0_snv_area,krr,"kernel=laplacian,alpha=0.1,gamma_scale=2.0,max_features=192,x_transform=l2,log_target=True",10,0.51445056,0.23460045,0.27748816,-0.024947845
glucose_gL,all_known,raman_preprocessed_als_sg2_snv,als_sg2_snv,krr,"kernel=laplacian,alpha=0.1,gamma_scale=2.0,max_features=12,x_transform=l2,log_target=True",10,0.51568891,0.24279556,0.28069215,-0.024083379
glucose_gL,all_known,raman_preprocessed_als_sg2_snv,als_sg2_snv,krr,"kernel=laplacian,alpha=0.1,gamma_scale=1.0,max_features=192,x_transform=l2,log_target=True",10,0.51593081,0.23717237,0.28597169,-0.027190022
glucose_gL,all_known,raman_preprocessed_als_sg0_snv_area,als_sg0_snv_area,krr,"kernel=laplacian,alpha=0.01,gamma_scale=2.0,max_features=192,x_transform=l2,log_target=True",10,0.51595754,0.23347319,0.27867969,-0.034542448
glucose_gL,all_known,raman_preprocessed_als_sg2_snv,als_sg2_snv,krr,"kernel=laplacian,alpha=0.1,gamma_scale=1.0,max_features=192,x_transform=none,log_target=True",10,0.51690787,0.23623154,0.28776929,-0.033512417
glucose_gL,all_known,raman_preprocessed_als_sg2_snv,als_sg2_snv,krr,"kernel=rbf,alpha=0.1,gamma_scale=2.0,max_features=192,x_transform=none,log_target=True",10,0.51706346,0.23368262,0.28389934,-0.038923938
glucose_gL,all_known,raman_preprocessed_als_sg2_snv,als_sg2_snv,krr,"kernel=laplacian,alpha=0.01,gamma_scale=2.0,max_features=12,x_transform=l2,log_target=True",10,0.51756831,0.24250895,0.28271245,-0.03498437
glucose_gL,all_known,parafac_raman_fusion_als_sg2_snv,als_sg2_snv+parafac,krr,"kernel=laplacian,alpha=0.1,gamma_scale=2.0,max_features=192,x_transform=none,log_target=True",10,0.5177344,0.23617904,0.28103875,-0.020281201
glucose_gL,all_known,raman_preprocessed_als_sg2_snv,als_sg2_snv,krr,"kernel=laplacian,alpha=0.1,gamma_scale=2.0,max_features=48,x_transform=none,log_target=True",10,0.51810879,0.23835046,0.27109376,-0.03634196
glucose_gL,all_known,parafac_raman_fusion_als_sg2_snv,als_sg2_snv+parafac,krr,"kernel=laplacian,alpha=0.1,gamma_scale=2.0,max_features=192,x_transform=l2,log_target=True",10,0.51847146,0.23716084,0.28219272,-0.022579729
glucose_gL,all_known,raman_preprocessed_als_sg2_snv,als_sg2_snv,krr,"kernel=laplacian,alpha=0.01,gamma_scale=1.0,max_features=192,x_transform=l2,log_target=True",10,0.51849428,0.23530793,0.28928412,-0.043207885
glucose_gL,all_known,parafac_raman_fusion_als_sg2_snv,als_sg2_snv+parafac,krr,"kernel=laplacian,alpha=0.01,gamma_scale=2.0,max_features=192,x_transform=none,log_target=True",10,0.5185147,0.23540992,0.28275521,-0.025263066
glucose_gL,all_known,raman_preprocessed_als_sg2_snv,als_sg2_snv,krr,"kernel=rbf,alpha=0.1,gamma_scale=2.0,max_features=192,x_transform=l2,log_target=True",10,0.51879851,0.23660252,0.28635347,-0.042361052
glucose_gL,all_known,parafac_raman_fusion_als_sg2_snv,als_sg2_snv+parafac,krr,"kernel=laplacian,alpha=0.01,gamma_scale=2.0,max_features=192,x_transform=l2,log_target=True",10,0.51921289,0.23647923,0.28377294,-0.027252946
glucose_gL,all_known,raman_preprocessed_als_sg2_snv,als_sg2_snv,krr,"kernel=laplacian,alpha=0.1,gamma_scale=2.0,max_features=48,x_transform=l2,log_target=True",10,0.51971708,0.23351355,0.27988044,-0.053797548
glucose_gL,all_known,raman_preprocessed_als_sg2_snv,als_sg2_snv,krr,"kernel=laplacian,alpha=0.01,gamma_scale=1.0,max_features=192,x_transform=none,log_target=True",10,0.51988179,0.23411373,0.29172683,-0.052107826
glucose_gL,all_known,raman_preprocessed_als_sg2_snv,als_sg2_snv,krr,"kernel=laplacian,alpha=0.01,gamma_scale=2.0,max_features=48,x_transform=none,log_target=True",10,0.52013237,0.23690498,0.27319322,-0.049114725
glucose_gL,all_known,parafac_raman_fusion_als_sg0_snv_area,als_sg0_snv_area+parafac,krr,"kernel=laplacian,alpha=0.1,gamma_scale=2.0,max_features=192,x_transform=l2,log_target=True",10,0.52019707,0.23079293,0.28062312,-0.044851627
glucose_gL,all_known,raman_preprocessed_als_sg2_snv,als_sg2_snv,krr,"kernel=rbf,alpha=0.01,gamma_scale=2.0,max_features=192,x_transform=none,log_target=True",10,0.52029863,0.23164201,0.28813376,-0.058798803
glucose_gL,all_known,eem_parafac_scores,parafac_rank_selected,krr,"kernel=rbf,alpha=0.1,gamma_scale=1.0,max_features=12,x_transform=l2,log_target=True",10,0.5203047,0.23646952,0.28817571,-0.036127537
glucose_gL,all_known,eem_parafac_scores,parafac_rank_selected,krr,"kernel=laplacian,alpha=0.1,gamma_scale=1.0,max_features=12,x_transform=l2,log_target=True",10,0.5203047,0.23646952,0.28817571,-0.036127537
glucose_gL,all_known,eem_parafac_scores,parafac_rank_selected,krr,"kernel=rbf,alpha=0.1,gamma_scale=1.0,max_features=48,x_transform=l2,log_target=True",10,0.5203047,0.23646952,0.28817571,-0.036127537
glucose_gL,all_known,eem_parafac_scores,parafac_rank_selected,krr,"kernel=laplacian,alpha=0.1,gamma_scale=1.0,max_features=48,x_transform=l2,log_target=True",10,0.5203047,0.23646952,0.28817571,-0.036127537
glucose_gL,all_known,eem_parafac_scores,parafac_rank_selected,krr,"kernel=rbf,alpha=0.1,gamma_scale=1.0,max_features=192,x_transform=l2,log_target=True",10,0.5203047,0.23646952,0.28817571,-0.036127537
glucose_gL,all_known,eem_parafac_scores,parafac_rank_selected,krr,"kernel=laplacian,alpha=0.1,gamma_scale=1.0,max_features=192,x_transform=l2,log_target=True",10,0.5203047,0.23646952,0.28817571,-0.036127537
glucose_gL,all_known,eem_parafac_scores,parafac_rank_selected,krr,"kernel=rbf,alpha=0.1,gamma_scale=2.0,max_features=12,x_transform=l2,log_target=True",10,0.52030929,0.23646808,0.2881462,-0.036154132
glucose_gL,all_known,eem_parafac_scores,parafac_rank_selected,krr,"kernel=laplacian,alpha=0.1,gamma_scale=2.0,max_features=12,x_transform=l2,log_target=True",10,0.52030929,0.23646808,0.2881462,-0.036154132
glucose_gL,all_known,eem_parafac_scores,parafac_rank_selected,krr,"kernel=rbf,alpha=0.1,gamma_scale=2.0,max_features=48,x_transform=l2,log_target=True",10,0.52030929,0.23646808,0.2881462,-0.036154132
glucose_gL,all_known,eem_parafac_scores,parafac_rank_selected,krr,"kernel=laplacian,alpha=0.1,gamma_scale=2.0,max_features=48,x_transform=l2,log_target=True",10,0.52030929,0.23646808,0.2881462,-0.036154132
glucose_gL,all_known,eem_parafac_scores,parafac_rank_selected,krr,"kernel=rbf,alpha=0.1,gamma_scale=2.0,max_features=192,x_transform=l2,log_target=True",10,0.52030929,0.23646808,0.2881462,-0.036154132
glucose_gL,all_known,eem_parafac_scores,parafac_rank_selected,krr,"kernel=laplacian,alpha=0.1,gamma_scale=2.0,max_features=192,x_transform=l2,log_target=True",10,0.52030929,0.23646808,0.2881462,-0.036154132
glucose_gL,all_known,eem_parafac_scores,parafac_rank_selected,krr,"kernel=rbf,alpha=0.01,gamma_scale=1.0,max_features=12,x_transform=l2,log_target=True",10,0.52033021,0.2364257,0.2883417,-0.03635182
glucose_gL,all_known,eem_parafac_scores,parafac_rank_selected,krr,"kernel=laplacian,alpha=0.01,gamma_scale=1.0,max_features=12,x_transform=l2,log_target=True",10,0.52033021,0.2364257,0.2883417,-0.03635182
glucose_gL,all_known,eem_parafac_scores,parafac_rank_selected,krr,"kernel=rbf,alpha=0.01,gamma_scale=1.0,max_features=48,x_transform=l2,log_target=True",10,0.52033021,0.2364257,0.2883417,-0.03635182
glucose_gL,all_known,eem_parafac_scores,parafac_rank_selected,krr,"kernel=laplacian,alpha=0.01,gamma_scale=1.0,max_features=48,x_transform=l2,log_target=True",10,0.52033021,0.2364257,0.2883417,-0.03635182
glucose_gL,all_known,eem_parafac_scores,parafac_rank_selected,krr,"kernel=rbf,alpha=0.01,gamma_scale=1.0,max_features=192,x_transform=l2,log_target=True",10,0.52033021,0.2364257,0.2883417,-0.03635182
glucose_gL,all_known,eem_parafac_scores,parafac_rank_selected,krr,"kernel=laplacian,alpha=0.01,gamma_scale=1.0,max_features=192,x_transform=l2,log_target=True",10,0.52033021,0.2364257,0.2883417,-0.03635182
glucose_gL,all_known,eem_parafac_scores,parafac_rank_selected,krr,"kernel=rbf,alpha=0.01,gamma_scale=2.0,max_features=12,x_transform=l2,log_target=True",10,0.52033067,0.23642555,0.28833874,-0.036354491
glucose_gL,all_known,eem_parafac_scores,parafac_rank_selected,krr,"kernel=laplacian,alpha=0.01,gamma_scale=2.0,max_features=12,x_transform=l2,log_target=True",10,0.52033067,0.23642555,0.28833874,-0.036354491
glucose_gL,all_known,eem_parafac_scores,parafac_rank_selected,krr,"kernel=rbf,alpha=0.01,gamma_scale=2.0,max_features=48,x_transform=l2,log_target=True",10,0.52033067,0.23642555,0.28833874,-0.036354491
glucose_gL,all_known,eem_parafac_scores,parafac_rank_selected,krr,"kernel=laplacian,alpha=0.01,gamma_scale=2.0,max_features=48,x_transform=l2,log_target=True",10,0.52033067,0.23642555,0.28833874,-0.036354491
glucose_gL,all_known,eem_parafac_scores,parafac_rank_selected,krr,"kernel=rbf,alpha=0.01,gamma_scale=2.0,max_features=192,x_transform=l2,log_target=True",10,0.52033067,0.23642555,0.28833874,-0.036354491
glucose_gL,all_known,eem_parafac_scores,parafac_rank_selected,krr,"kernel=laplacian,alpha=0.01,gamma_scale=2.0,max_features=192,x_transform=l2,log_target=True",10,0.52033067,0.23642555,0.28833874,-0.036354491
glucose_gL,all_known,parafac_raman_fusion_als_sg0_snv_area,als_sg0_snv_area+parafac,krr,"kernel=laplacian,alpha=0.01,gamma_scale=2.0,max_features=192,x_transform=l2,log_target=True",10,0.52145958,0.22981898,0.28159107,-0.053342713
glucose_gL,all_known,raman_preprocessed_als_sg2_snv,als_sg2_snv,krr,"kernel=rbf,alpha=0.01,gamma_scale=2.0,max_features=192,x_transform=l2,log_target=True",10,0.52181377,0.23493726,0.29024425,-0.060442173
glucose_gL,all_known,raman_preprocessed_als_sg2_snv,als_sg2_snv,krr,"kernel=laplacian,alpha=0.1,gamma_scale=1.0,max_features=12,x_transform=none,log_target=True",10,0.52208659,0.23593469,0.28900272,-0.069719173
glucose_gL,all_known,raman_preprocessed_als_sg0_snv_area,als_sg0_snv_area,krr,"kernel=laplacian,alpha=0.1,gamma_scale=2.0,max_features=192,x_transform=none,log_target=True",10,0.52214671,0.22954274,0.27306112,-0.072145723
glucose_gL,all_known,raman_preprocessed_als_sg2_snv,als_sg2_snv,krr,"kernel=laplacian,alpha=0.01,gamma_scale=2.0,max_features=48,x_transform=l2,log_target=True",10,0.52216315,0.23167005,0.28216831,-0.069626978
glucose_gL,all_known,raman_preprocessed_als_sg0_snv_area,als_sg0_snv_area,krr,"kernel=laplacian,alpha=0.01,gamma_scale=2.0,max_features=192,x_transform=none,log_target=True",10,0.52376022,0.22821423,0.27453753,-0.082996278
glucose_gL,all_known,raman_preprocessed_als_sg2_snv,als_sg2_snv,krr,"kernel=laplacian,alpha=0.01,gamma_scale=1.0,max_features=12,x_transform=none,log_target=True",10,0.524482,0.23455623,0.29275099,-0.087609221
glucose_gL,all_known,parafac_raman_fusion_als_sg2_snv,als_sg2_snv+parafac,krr,"kernel=rbf,alpha=0.1,gamma_scale=2.0,max_features=192,x_transform=none,log_target=True",10,0.52451849,0.22851088,0.28864506,-0.067324745
glucose_gL,all_known,raman_preprocessed_als_sg2_snv,als_sg2_snv,weighted_knn,"k=5,metric=manhattan,max_features=12,x_transform=none,log_target=True",10,0.52504321,0.23590763,0.28027977,-0.099018125
glucose_gL,all_known,parafac_raman_fusion_als_sg2_snv,als_sg2_snv+parafac,krr,"kernel=laplacian,alpha=0.1,gamma_scale=1.0,max_features=192,x_transform=l2,log_target=True",10,0.52517402,0.23230508,0.29526177,-0.063054624
glucose_gL,all_known,parafac_raman_fusion_als_sg2_snv,als_sg2_snv+parafac,krr,"kernel=rbf,alpha=0.1,gamma_scale=2.0,max_features=192,x_transform=l2,log_target=True",10,0.5258275,0.23150797,0.29072716,-0.069456
glucose_gL,all_known,raman_preprocessed_als_sg0_snv_area,als_sg0_snv_area,krr,"kernel=laplacian,alpha=0.1,gamma_scale=1.0,max_features=192,x_transform=l2,log_target=True",10,0.52592544,0.22767906,0.2883319,-0.096126731
glucose_gL,all_known,parafac_raman_fusion_als_sg2_snv,als_sg2_snv+parafac,krr,"kernel=laplacian,alpha=0.1,gamma_scale=1.0,max_features=192,x_transform=none,log_target=True",10,0.52594845,0.23147346,0.29655177,-0.067916893
glucose_gL,all_known,parafac_raman_fusion_als_sg0_snv_area,als_sg0_snv_area+parafac,krr,"kernel=laplacian,alpha=0.1,gamma_scale=2.0,max_features=192,x_transform=none,log_target=True",10,0.52676335,0.22596145,0.27393811,-0.084726906
glucose_gL,all_known,parafac_raman_fusion_als_sg2_snv,als_sg2_snv+parafac,krr,"kernel=rbf,alpha=0.01,gamma_scale=2.0,max_features=192,x_transform=none,log_target=True",10,0.52745684,0.2266344,0.29275721,-0.085301419
glucose_gL,all_known,raman_preprocessed_als_sg2_snv,als_sg2_snv,krr,"kernel=rbf,alpha=0.1,gamma_scale=2.0,max_features=12,x_transform=none,log_target=True",10,0.52757471,0.23602368,0.27686719,-0.099558617
glucose_gL,all_known,parafac_raman_fusion_als_sg2_snv,als_sg2_snv+parafac,krr,"kernel=laplacian,alpha=0.01,gamma_scale=1.0,max_features=192,x_transform=l2,log_target=True",10,0.52787577,0.23070688,0.29907338,-0.079055341
glucose_gL,all_known,parafac_raman_fusion_als_sg0_snv_area,als_sg0_snv_area+parafac,krr,"kernel=laplacian,alpha=0.01,gamma_scale=2.0,max_features=192,x_transform=none,log_target=True",10,0.52818629,0.22468674,0.27520709,-0.094681377
glucose_gL,all_known,parafac_raman_fusion_als_sg2_snv,als_sg2_snv+parafac,krr,"kernel=rbf,alpha=0.01,gamma_scale=2.0,max_features=192,x_transform=l2,log_target=True",10,0.52861303,0.2299407,0.29441278,-0.086174384
glucose_gL,all_known,parafac_raman_fusion_als_sg2_snv,als_sg2_snv+parafac,krr,"kernel=laplacian,alpha=0.01,gamma_scale=1.0,max_features=192,x_transform=none,log_target=True",10,0.5289019,0.22971467,0.30084762,-0.085460581
glucose_gL,all_known,raman_preprocessed_als_sg0_snv_area,als_sg0_snv_area,krr,"kernel=laplacian,alpha=0.1,gamma_scale=2.0,max_features=48,x_transform=none,log_target=True",10,0.52946163,0.22853385,0.27332606,-0.10884467
glucose_gL,all_known,raman_preprocessed_als_sg2_snv,als_sg2_snv,krr,"kernel=laplacian,alpha=0.1,gamma_scale=1.0,max_features=12,x_transform=l2,log_target=True",10,0.52965296,0.23782139,0.29737371,-0.10986905
glucose_gL,all_known,parafac_raman_fusion_als_sg2_snv,als_sg2_snv+parafac,krr,"kernel=laplacian,alpha=0.1,gamma_scale=2.0,max_features=48,x_transform=none,log_target=True",10,0.52972015,0.23309341,0.27870614,-0.085395529
glucose_gL,all_known,raman_preprocessed_als_sg0_snv_area,als_sg0_snv_area,krr,"kernel=laplacian,alpha=0.1,gamma_scale=1.0,max_features=192,x_transform=none,log_target=True",10,0.53021736,0.22397587,0.2871447,-0.12525455
glucose_gL,all_known,parafac_raman_fusion_als_sg2_snv,als_sg2_snv+parafac,krr,"kernel=laplacian,alpha=0.1,gamma_scale=2.0,max_features=12,x_transform=none,log_target=True",10,0.53047475,0.2366128,0.27653641,-0.087035426
glucose_gL,all_known,raman_preprocessed_als_sg0_snv_area,als_sg0_snv_area,krr,"kernel=laplacian,alpha=0.1,gamma_scale=2.0,max_features=48,x_transform=l2,log_target=True",10,0.53058669,0.22999266,0.2832436,-0.1126488
glucose_gL,all_known,raman_preprocessed_als_sg0_snv_area,als_sg0_snv_area,krr,"kernel=laplacian,alpha=0.01,gamma_scale=1.0,max_features=192,x_transform=l2,log_target=True",10,0.5310204,0.22551355,0.29145307,-0.12750311
glucose_gL,all_known,parafac_raman_fusion_als_sg0_snv_area,als_sg0_snv_area+parafac,krr,"kernel=laplacian,alpha=0.1,gamma_scale=1.0,max_features=192,x_transform=l2,log_target=True",10,0.5313602,0.22412503,0.29113167,-0.11588761
glucose_gL,all_known,parafac_raman_fusion_als_sg2_snv,als_sg2_snv+parafac,krr,"kernel=laplacian,alpha=0.01,gamma_scale=2.0,max_features=48,x_transform=none,log_target=True",10,0.53178883,0.23173519,0.28104053,-0.09842813
glucose_gL,all_known,parafac_raman_fusion_als_sg2_snv,als_sg2_snv+parafac,krr,"kernel=laplacian,alpha=0.1,gamma_scale=2.0,max_features=48,x_transform=l2,log_target=True",10,0.53192764,0.22866094,0.28832339,-0.1054237
glucose_gL,all_known,parafac_raman_fusion_als_sg2_snv,als_sg2_snv+parafac,krr,"kernel=laplacian,alpha=0.01,gamma_scale=2.0,max_features=12,x_transform=none,log_target=True",10,0.53193157,0.23529051,0.27890977,-0.097973466
glucose_gL,all_known,raman_preprocessed_als_sg2_snv,als_sg2_snv,krr,"kernel=rbf,alpha=0.1,gamma_scale=2.0,max_features=48,x_transform=none,log_target=True",10,0.53211907,0.23832444,0.27192789,-0.10438493
glucose_gL,all_known,raman_preprocessed_als_sg0_snv_area,als_sg0_snv_area,krr,"kernel=laplacian,alpha=0.01,gamma_scale=2.0,max_features=48,x_transform=none,log_target=True",10,0.53229846,0.22755272,0.27521547,-0.12536669
glucose_gL,all_known,eem_parafac_scores,parafac_rank_selected,krr,"kernel=rbf,alpha=0.1,gamma_scale=1.0,max_features=12,x_transform=none,log_target=True",10,0.5328326,0.22447148,0.28992707,-0.12149772
glucose_gL,all_known,eem_parafac_scores,parafac_rank_selected,krr,"kernel=rbf,alpha=0.1,gamma_scale=1.0,max_features=48,x_transform=none,log_target=True",10,0.5328326,0.22447148,0.28992707,-0.12149772
glucose_gL,all_known,eem_parafac_scores,parafac_rank_selected,krr,"kernel=rbf,alpha=0.1,gamma_scale=1.0,max_features=192,x_transform=none,log_target=True",10,0.5328326,0.22447148,0.28992707,-0.12149772
glucose_gL,all_known,raman_preprocessed_als_sg0_snv_area,als_sg0_snv_area,krr,"kernel=laplacian,alpha=0.01,gamma_scale=2.0,max_features=48,x_transform=l2,log_target=True",10,0.5340157,0.22909032,0.28542036,-0.13239744
glucose_gL,all_known,parafac_raman_fusion_als_sg2_snv,als_sg2_snv+parafac,krr,"kernel=laplacian,alpha=0.01,gamma_scale=2.0,max_features=48,x_transform=l2,log_target=True",10,0.53461179,0.22698985,0.29095805,-0.12238658
glucose_gL,all_known,parafac_raman_fusion_als_sg0_snv_area,als_sg0_snv_area+parafac,krr,"kernel=laplacian,alpha=0.1,gamma_scale=1.0,max_features=192,x_transform=none,log_target=True",10,0.53481776,0.2203587,0.28857927,-0.13958357
glucose_gL,all_known,raman_preprocessed_als_sg2_snv,als_sg2_snv,krr,"kernel=laplacian,alpha=0.1,gamma_scale=2.0,max_features=192,x_transform=none,log_target=False",10,0.53506442,0.21697135,0.35070409,-0.16645598
glucose_gL,all_known,raman_preprocessed_als_sg0_snv_area,als_sg0_snv_area,krr,"kernel=laplacian,alpha=0.01,gamma_scale=1.0,max_features=192,x_transform=none,log_target=True",10,0.53537926,0.22140276,0.29082143,-0.15825937
glucose_gL,all_known,parafac_raman_fusion_als_sg0_snv_area,als_sg0_snv_area+parafac,krr,"kernel=laplacian,alpha=0.01,gamma_scale=1.0,max_features=192,x_transform=l2,log_target=True",10,0.53570154,0.22253608,0.29354632,-0.14304158
glucose_gL,all_known,parafac_raman_fusion_als_sg2_snv,als_sg2_snv+parafac,weighted_knn,"k=5,metric=manhattan,max_features=12,x_transform=none,log_target=True",10,0.53580208,0.22183244,0.27780653,-0.15832661
glucose_gL,all_known,raman_preprocessed_als_sg2_snv,als_sg2_snv,krr,"kernel=laplacian,alpha=0.1,gamma_scale=1.0,max_features=48,x_transform=none,log_target=True",10,0.53613867,0.22482207,0.29308995,-0.1558295
glucose_gL,all_known,raman_preprocessed_als_sg2_snv,als_sg2_snv,krr,"kernel=rbf,alpha=0.01,gamma_scale=2.0,max_features=48,x_transform=none,log_target=True",10,0.53628675,0.23758042,0.27529339,-0.12699984
glucose_gL,all_known,raman_preprocessed_als_sg2_snv,als_sg2_snv,krr,"kernel=laplacian,alpha=0.01,gamma_scale=1.0,max_features=12,x_transform=l2,log_target=True",10,0.53658639,0.23684036,0.30266283,-0.15174978
glucose_gL,all_known,raman_preprocessed_als_sg2_snv,als_sg2_snv,krr,"kernel=laplacian,alpha=0.1,gamma_scale=2.0,max_features=192,x_transform=l2,log_target=False",10,0.53659099,0.21847636,0.35117953,-0.17257854
glucose_gL,all_known,eem_parafac_scores,parafac_rank_selected,weighted_knn,"k=5,metric=manhattan,max_features=12,x_transform=l2,log_target=True",10,0.53732482,0.23519904,0.24419655,-0.11638437
glucose_gL,all_known,eem_parafac_scores,parafac_rank_selected,weighted_knn,"k=5,metric=manhattan,max_features=48,x_transform=l2,log_target=True",10,0.53732482,0.23519904,0.24419655,-0.11638437
glucose_gL,all_known,eem_parafac_scores,parafac_rank_selected,weighted_knn,"k=5,metric=manhattan,max_features=192,x_transform=l2,log_target=True",10,0.53732482,0.23519904,0.24419655,-0.11638437
glucose_gL,all_known,eem_parafac_scores,parafac_rank_selected,krr,"kernel=rbf,alpha=0.1,gamma_scale=2.0,max_features=12,x_transform=none,log_target=True",10,0.53747016,0.22042259,0.29139913,-0.15220643
glucose_gL,all_known,eem_parafac_scores,parafac_rank_selected,krr,"kernel=rbf,alpha=0.1,gamma_scale=2.0,max_features=48,x_transform=none,log_target=True",10,0.53747016,0.22042259,0.29139913,-0.15220643
glucose_gL,all_known,eem_parafac_scores,parafac_rank_selected,krr,"kernel=rbf,alpha=0.1,gamma_scale=2.0,max_features=192,x_transform=none,log_target=True",10,0.53747016,0.22042259,0.29139913,-0.15220643
glucose_gL,all_known,eem_parafac_scores,parafac_rank_selected,krr,"kernel=rbf,alpha=0.01,gamma_scale=2.0,max_features=12,x_transform=none,log_target=True",10,0.5375686,0.21851342,0.2915639,-0.15703996
glucose_gL,all_known,eem_parafac_scores,parafac_rank_selected,krr,"kernel=rbf,alpha=0.01,gamma_scale=2.0,max_features=48,x_transform=none,log_target=True",10,0.5375686,0.21851342,0.2915639,-0.15703996
glucose_gL,all_known,eem_parafac_scores,parafac_rank_selected,krr,"kernel=rbf,alpha=0.01,gamma_scale=2.0,max_features=192,x_transform=none,log_target=True",10,0.5375686,0.21851342,0.2915639,-0.15703996
glucose_gL,all_known,eem_parafac_scores,parafac_rank_selected,weighted_knn,"k=5,metric=manhattan,max_features=12,x_transform=l2,log_target=False",10,0.53775528,0.23187262,0.26076111,-0.12409772
glucose_gL,all_known,eem_parafac_scores,parafac_rank_selected,weighted_knn,"k=5,metric=manhattan,max_features=48,x_transform=l2,log_target=False",10,0.53775528,0.23187262,0.26076111,-0.12409772
glucose_gL,all_known,eem_parafac_scores,parafac_rank_selected,weighted_knn,"k=5,metric=manhattan,max_features=192,x_transform=l2,log_target=False",10,0.53775528,0.23187262,0.26076111,-0.12409772
glucose_gL,all_known,parafac_raman_fusion_als_sg0_snv_area,als_sg0_snv_area+parafac,krr,"kernel=laplacian,alpha=0.1,gamma_scale=2.0,max_features=48,x_transform=none,log_target=True",10,0.53804467,0.22013776,0.28015628,-0.15479504
glucose_gL,all_known,raman_preprocessed_als_sg2_snv,als_sg2_snv,krr,"kernel=laplacian,alpha=0.01,gamma_scale=2.0,max_features=192,x_transform=none,log_target=False",10,0.53813415,0.21506553,0.35308257,-0.18671637
glucose_gL,all_known,raman_preprocessed_als_sg2_snv,als_sg2_snv,krr,"kernel=laplacian,alpha=0.1,gamma_scale=1.0,max_features=48,x_transform=l2,log_target=True",10,0.53858496,0.22100777,0.29853494,-0.1774995
glucose_gL,all_known,raman_preprocessed_als_sg2_snv,als_sg2_snv,krr,"kernel=rbf,alpha=0.01,gamma_scale=2.0,max_features=12,x_transform=none,log_target=True",10,0.53860023,0.23210693,0.29281046,-0.16890299
glucose_gL,all_known,eem_parafac_scores,parafac_rank_selected,krr,"kernel=rbf,alpha=0.01,gamma_scale=1.0,max_features=12,x_transform=none,log_target=True",10,0.53899987,0.21971678,0.29400904,-0.16057713
glucose_gL,all_known,eem_parafac_scores,parafac_rank_selected,krr,"kernel=rbf,alpha=0.01,gamma_scale=1.0,max_features=48,x_transform=none,log_target=True",10,0.53899987,0.21971678,0.29400904,-0.16057713
glucose_gL,all_known,eem_parafac_scores,parafac_rank_selected,krr,"kernel=rbf,alpha=0.01,gamma_scale=1.0,max_features=192,x_transform=none,log_target=True",10,0.53899987,0.21971678,0.29400904,-0.16057713
glucose_gL,all_known,raman_preprocessed_als_sg2_snv,als_sg2_snv,krr,"kernel=laplacian,alpha=0.01,gamma_scale=2.0,max_features=192,x_transform=l2,log_target=False",10,0.53939877,0.2168213,0.35328858,-0.19091415
glucose_gL,all_known,parafac_raman_fusion_als_sg0_snv_area,als_sg0_snv_area+parafac,krr,"kernel=laplacian,alpha=0.01,gamma_scale=1.0,max_features=192,x_transform=none,log_target=True",10,0.53941522,0.21810801,0.29145932,-0.1693114
glucose_gL,all_known,parafac_raman_fusion_als_sg2_snv,als_sg2_snv+parafac,weighted_knn,"k=5,metric=manhattan,max_features=48,x_transform=none,log_target=True",10,0.53983275,0.2082524,0.28627235,-0.20616672
glucose_gL,all_known,raman_preprocessed_als_sg2_snv,als_sg2_snv,krr,"kernel=rbf,alpha=0.1,gamma_scale=1.0,max_features=12,x_transform=none,log_target=True",10,0.53996695,0.23321487,0.29679903,-0.17163303
glucose_gL,all_known,parafac_raman_fusion_als_sg0_snv_area,als_sg0_snv_area+parafac,krr,"kernel=laplacian,alpha=0.1,gamma_scale=2.0,max_features=48,x_transform=l2,log_target=True",10,0.5401129,0.22117213,0.29113147,-0.16617346
glucose_gL,all_known,parafac_raman_fusion_als_sg2_snv,als_sg2_snv+parafac,krr,"kernel=laplacian,alpha=0.1,gamma_scale=2.0,max_features=12,x_transform=l2,log_target=True",10,0.54080333,0.23186047,0.29147796,-0.15025416
glucose_gL,all_known,raman_preprocessed_als_sg2_snv,als_sg2_snv,krr,"kernel=laplacian,alpha=0.1,gamma_scale=2.0,max_features=12,x_transform=none,log_target=False",10,0.54084952,0.23044915,0.33321053,-0.19273725
glucose_gL,all_known,parafac_raman_fusion_als_sg0_snv_area,als_sg0_snv_area+parafac,krr,"kernel=laplacian,alpha=0.01,gamma_scale=2.0,max_features=48,x_transform=none,log_target=True",10,0.54101504,0.21878254,0.28239693,-0.17386332
glucose_gL,all_known,raman_preprocessed_als_sg2_snv,als_sg2_snv,krr,"kernel=rbf,alpha=0.1,gamma_scale=1.0,max_features=192,x_transform=l2,log_target=True",10,0.54126285,0.2243503,0.31386416,-0.18407066
glucose_gL,all_known,raman_preprocessed_als_sg2_snv,als_sg2_snv,krr,"kernel=rbf,alpha=0.1,gamma_scale=1.0,max_features=192,x_transform=none,log_target=True",10,0.5412934,0.22257927,0.3139986,-0.18833137
glucose_gL,all_known,raman_preprocessed_als_sg0_snv_area,als_sg0_snv_area,krr,"kernel=rbf,alpha=0.1,gamma_scale=2.0,max_features=192,x_transform=l2,log_target=True",10,0.54181436,0.22032086,0.29804503,-0.20283525
glucose_gL,all_known,raman_preprocessed_als_sg2_snv,als_sg2_snv,krr,"kernel=laplacian,alpha=0.01,gamma_scale=1.0,max_features=48,x_transform=none,log_target=True",10,0.54318726,0.22046359,0.2983918,-0.20309608
glucose_gL,all_known,eem_parafac_scores,parafac_rank_selected,weighted_knn,"k=5,metric=correlation,max_features=12,x_transform=none,log_target=False",10,0.54340458,0.2258769,0.23383889,-0.16450818
glucose_gL,all_known,eem_parafac_scores,parafac_rank_selected,weighted_knn,"k=5,metric=correlation,max_features=12,x_transform=l2,log_target=False",10,0.54340458,0.2258769,0.23383889,-0.16450818
glucose_gL,all_known,eem_parafac_scores,parafac_rank_selected,weighted_knn,"k=5,metric=correlation,max_features=48,x_transform=none,log_target=False",10,0.54340458,0.2258769,0.23383889,-0.16450818
glucose_gL,all_known,eem_parafac_scores,parafac_rank_selected,weighted_knn,"k=5,metric=correlation,max_features=48,x_transform=l2,log_target=False",10,0.54340458,0.2258769,0.23383889,-0.16450818
glucose_gL,all_known,eem_parafac_scores,parafac_rank_selected,weighted_knn,"k=5,metric=correlation,max_features=192,x_transform=none,log_target=False",10,0.54340458,0.2258769,0.23383889,-0.16450818
glucose_gL,all_known,eem_parafac_scores,parafac_rank_selected,weighted_knn,"k=5,metric=correlation,max_features=192,x_transform=l2,log_target=False",10,0.54340458,0.2258769,0.23383889,-0.16450818
glucose_gL,all_known,parafac_raman_fusion_als_sg0_snv_area,als_sg0_snv_area+parafac,krr,"kernel=laplacian,alpha=0.01,gamma_scale=2.0,max_features=48,x_transform=l2,log_target=True",10,0.54343056,0.21999875,0.29342955,-0.18740929
glucose_gL,all_known,raman_preprocessed_als_sg2_snv,als_sg2_snv,krr,"kernel=rbf,alpha=0.1,gamma_scale=2.0,max_features=48,x_transform=l2,log_target=True",10,0.54347925,0.22657605,0.29414278,-0.1870448
glucose_gL,all_known,raman_preprocessed_als_sg2_snv,als_sg2_snv,krr,"kernel=laplacian,alpha=0.01,gamma_scale=2.0,max_features=12,x_transform=none,log_target=False",10,0.54392264,0.22959794,0.33835697,-0.21328063
glucose_gL,all_known,parafac_raman_fusion_als_sg2_snv,als_sg2_snv+parafac,krr,"kernel=laplacian,alpha=0.01,gamma_scale=2.0,max_features=12,x_transform=l2,log_target=True",10,0.54419142,0.23127876,0.29409939,-0.17093259
glucose_gL,all_known,parafac_raman_fusion_als_sg2_snv,als_sg2_snv+parafac,krr,"kernel=laplacian,alpha=0.1,gamma_scale=1.0,max_features=12,x_transform=none,log_target=True",10,0.54423179,0.22650082,0.29922871,-0.1775532
glucose_gL,all_known,eem_parafac_scores,parafac_rank_selected,weighted_knn,"k=5,metric=correlation,max_features=12,x_transform=none,log_target=True",10,0.54496042,0.2283058,0.22398486,-0.16805679
glucose_gL,all_known,eem_parafac_scores,parafac_rank_selected,weighted_knn,"k=5,metric=correlation,max_features=12,x_transform=l2,log_target=True",10,0.54496042,0.2283058,0.22398486,-0.16805679
glucose_gL,all_known,eem_parafac_scores,parafac_rank_selected,weighted_knn,"k=5,metric=correlation,max_features=48,x_transform=none,log_target=True",10,0.54496042,0.2283058,0.22398486,-0.16805679
glucose_gL,all_known,eem_parafac_scores,parafac_rank_selected,weighted_knn,"k=5,metric=correlation,max_features=48,x_transform=l2,log_target=True",10,0.54496042,0.2283058,0.22398486,-0.16805679
glucose_gL,all_known,eem_parafac_scores,parafac_rank_selected,weighted_knn,"k=5,metric=correlation,max_features=192,x_transform=none,log_target=True",10,0.54496042,0.2283058,0.22398486,-0.16805679
glucose_gL,all_known,eem_parafac_scores,parafac_rank_selected,weighted_knn,"k=5,metric=correlation,max_features=192,x_transform=l2,log_target=True",10,0.54496042,0.2283058,0.22398486,-0.16805679
glucose_gL,all_known,raman_preprocessed_als_sg0_snv_area,als_sg0_snv_area,krr,"kernel=laplacian,alpha=0.1,gamma_scale=1.0,max_features=48,x_transform=none,log_target=True",10,0.54544694,0.22294304,0.29145488,-0.20537403
glucose_gL,all_known,raman_preprocessed_als_sg2_snv,als_sg2_snv,weighted_knn,"k=5,metric=manhattan,max_features=12,x_transform=l2,log_target=True",10,0.54559886,0.2236363,0.30997747,-0.23293556
glucose_gL,all_known,parafac_raman_fusion_als_sg2_snv,als_sg2_snv+parafac,krr,"kernel=laplacian,alpha=0.1,gamma_scale=2.0,max_features=192,x_transform=none,log_target=False",10,0.54570656,0.20999435,0.36209905,-0.21767777
glucose_gL,all_known,parafac_raman_fusion_als_sg2_snv,als_sg2_snv+parafac,krr,"kernel=rbf,alpha=0.1,gamma_scale=2.0,max_features=48,x_transform=none,log_target=True",10,0.54584893,0.22817542,0.28397287,-0.17885258
glucose_gL,all_known,parafac_raman_fusion_als_sg0_snv_area,als_sg0_snv_area+parafac,krr,"kernel=rbf,alpha=0.1,gamma_scale=2.0,max_features=192,x_transform=l2,log_target=True",10,0.54612345,0.21769965,0.29958897,-0.2142787
glucose_gL,all_known,raman_preprocessed_als_sg2_snv,als_sg2_snv,weighted_knn,"k=5,metric=manhattan,max_features=48,x_transform=none,log_target=True",10,0.54647246,0.22080945,0.29195743,-0.25224862
glucose_gL,all_known,raman_preprocessed_als_sg2_snv,als_sg2_snv,krr,"kernel=laplacian,alpha=0.01,gamma_scale=1.0,max_features=48,x_transform=l2,log_target=True",10,0.54655282,0.2157853,0.30386428,-0.23262589
glucose_gL,all_known,parafac_raman_fusion_als_sg2_snv,als_sg2_snv+parafac,krr,"kernel=laplacian,alpha=0.1,gamma_scale=2.0,max_features=192,x_transform=l2,log_target=False",10,0.54671206,0.21194012,0.36243379,-0.22101661
glucose_gL,all_known,parafac_raman_fusion_als_sg2_snv,als_sg2_snv+parafac,krr,"kernel=rbf,alpha=0.1,gamma_scale=2.0,max_features=12,x_transform=none,log_target=True",10,0.54687946,0.22787661,0.27921646,-0.20062893
glucose_gL,all_known,raman_preprocessed_als_sg0_snv_area,als_sg0_snv_area,krr,"kernel=rbf,alpha=0.01,gamma_scale=2.0,max_features=192,x_transform=l2,log_target=True",10,0.54733208,0.21869067,0.30216848,-0.24027885
glucose_gL,all_known,parafac_raman_fusion_als_sg2_snv,als_sg2_snv+parafac,krr,"kernel=laplacian,alpha=0.1,gamma_scale=1.0,max_features=48,x_transform=none,log_target=True",10,0.54745312,0.22132167,0.30184572,-0.20110205
glucose_gL,all_known,parafac_raman_fusion_als_sg2_snv,als_sg2_snv+parafac,krr,"kernel=rbf,alpha=0.1,gamma_scale=1.0,max_features=192,x_transform=l2,log_target=True",10,0.54774381,0.21966363,0.31867141,-0.20550159
glucose_gL,all_known,raman_preprocessed_als_sg0_snv_area,als_sg0_snv_area,krr,"kernel=laplacian,alpha=0.1,gamma_scale=1.0,max_features=48,x_transform=l2,log_target=True",10,0.54782285,0.22492064,0.29832181,-0.21500032
glucose_gL,all_known,parafac_raman_fusion_als_sg2_snv,als_sg2_snv+parafac,krr,"kernel=laplacian,alpha=0.01,gamma_scale=1.0,max_features=12,x_transform=none,log_target=True",10,0.54803757,0.22303533,0.30390886,-0.20771953
glucose_gL,all_known,parafac_raman_fusion_als_sg2_snv,als_sg2_snv+parafac,krr,"kernel=rbf,alpha=0.1,gamma_scale=1.0,max_features=192,x_transform=none,log_target=True",10,0.54806476,0.21790854,0.31933267,-0.20975945
glucose_gL,all_known,eem_parafac_scores,parafac_rank_selected,weighted_knn,"k=3,metric=manhattan,max_features=12,x_transform=l2,log_target=True",10,0.54826827,0.24230699,0.23567968,-0.16111519
glucose_gL,all_known,eem_parafac_scores,parafac_rank_selected,weighted_knn,"k=3,metric=manhattan,max_features=48,x_transform=l2,log_target=True",10,0.54826827,0.24230699,0.23567968,-0.16111519
glucose_gL,all_known,eem_parafac_scores,parafac_rank_selected,weighted_knn,"k=3,metric=manhattan,max_features=192,x_transform=l2,log_target=True",10,0.54826827,0.24230699,0.23567968,-0.16111519
glucose_gL,all_known,parafac_raman_fusion_als_sg2_snv,als_sg2_snv+parafac,krr,"kernel=laplacian,alpha=0.01,gamma_scale=2.0,max_features=192,x_transform=none,log_target=False",10,0.54894069,0.20811922,0.36503581,-0.23876481
glucose_gL,all_known,parafac_raman_fusion_als_sg2_snv,als_sg2_snv+parafac,krr,"kernel=laplacian,alpha=0.01,gamma_scale=2.0,max_features=192,x_transform=l2,log_target=False",10,0.54982593,0.21022088,0.36524165,-0.24117708
glucose_gL,all_known,parafac_raman_fusion_als_sg2_snv,als_sg2_snv+parafac,krr,"kernel=rbf,alpha=0.01,gamma_scale=2.0,max_features=48,x_transform=none,log_target=True",10,0.55001544,0.22640736,0.28735056,-0.20508432
glucose_gL,all_known,raman_preprocessed_als_sg2_snv,als_sg2_snv,weighted_knn,"k=5,metric=correlation,max_features=12,x_transform=none,log_target=True",10,0.55026136,0.22287989,0.30244749,-0.273009
glucose_gL,all_known,raman_preprocessed_als_sg2_snv,als_sg2_snv,weighted_knn,"k=5,metric=correlation,max_features=12,x_transform=l2,log_target=True",10,0.55026136,0.22287989,0.30244749,-0.273009
glucose_gL,all_known,parafac_raman_fusion_als_sg0_snv_area,als_sg0_snv_area+parafac,krr,"kernel=rbf,alpha=0.01,gamma_scale=2.0,max_features=192,x_transform=l2,log_target=True",10,0.55028844,0.21697814,0.30240108,-0.24202367
glucose_gL,all_known,raman_preprocessed_als_sg2_snv,als_sg2_snv,weighted_knn,"k=3,metric=manhattan,max_features=12,x_transform=none,log_target=True",10,0.55035429,0.23779475,0.29793385,-0.25049899
glucose_gL,all_known,raman_preprocessed_als_sg2_snv,als_sg2_snv,krr,"kernel=rbf,alpha=0.1,gamma_scale=2.0,max_features=12,x_transform=l2,log_target=True",10,0.55040475,0.24088233,0.30526245,-0.20544997
glucose_gL,all_known,raman_preprocessed_als_sg2_snv,als_sg2_snv,krr,"kernel=rbf,alpha=0.01,gamma_scale=2.0,max_features=48,x_transform=l2,log_target=True",10,0.55050831,0.22436748,0.2991389,-0.22927245
glucose_gL,all_known,eem_parafac_scores,parafac_rank_selected,weighted_knn,"k=3,metric=manhattan,max_features=12,x_transform=l2,log_target=False",10,0.55103271,0.2428594,0.24699074,-0.17457552
glucose_gL,all_known,eem_parafac_scores,parafac_rank_selected,weighted_knn,"k=3,metric=manhattan,max_features=48,x_transform=l2,log_target=False",10,0.55103271,0.2428594,0.24699074,-0.17457552
glucose_gL,all_known,eem_parafac_scores,parafac_rank_selected,weighted_knn,"k=3,metric=manhattan,max_features=192,x_transform=l2,log_target=False",10,0.55103271,0.2428594,0.24699074,-0.17457552
glucose_gL,all_known,parafac_raman_fusion_als_sg2_snv,als_sg2_snv+parafac,krr,"kernel=laplacian,alpha=0.1,gamma_scale=1.0,max_features=48,x_transform=l2,log_target=True",10,0.55115122,0.21824441,0.30774133,-0.22721293
glucose_gL,all_known,raman_preprocessed_als_sg0_snv_area,als_sg0_snv_area,krr,"kernel=laplacian,alpha=0.01,gamma_scale=1.0,max_features=48,x_transform=none,log_target=True",10,0.55229931,0.22132703,0.2960808,-0.24878788
glucose_gL,all_known,parafac_raman_fusion_als_sg2_snv,als_sg2_snv+parafac,krr,"kernel=laplacian,alpha=0.1,gamma_scale=1.0,max_features=12,x_transform=l2,log_target=True",10,0.55284076,0.2280966,0.30474807,-0.23034231
glucose_gL,all_known,raman_preprocessed_als_sg2_snv,als_sg2_snv,krr,"kernel=rbf,alpha=0.01,gamma_scale=1.0,max_features=192,x_transform=l2,log_target=True",10,0.55330815,0.21885801,0.32568754,-0.26385426
glucose_gL,all_known,raman_preprocessed_als_sg0_snv_area,als_sg0_snv_area,krr,"kernel=rbf,alpha=0.1,gamma_scale=2.0,max_features=192,x_transform=none,log_target=True",10,0.5535594,0.21071649,0.29401965,-0.29393578
glucose_gL,all_known,eem_parafac_scores,parafac_rank_selected,weighted_knn,"k=1,metric=manhattan,max_features=12,x_transform=l2,log_target=False",10,0.55359024,0.24348498,0.20325,-0.18416599
glucose_gL,all_known,eem_parafac_scores,parafac_rank_selected,weighted_knn,"k=1,metric=manhattan,max_features=12,x_transform=l2,log_target=True",10,0.55359024,0.24348498,0.20325,-0.18416599
glucose_gL,all_known,eem_parafac_scores,parafac_rank_selected,weighted_knn,"k=1,metric=manhattan,max_features=48,x_transform=l2,log_target=False",10,0.55359024,0.24348498,0.20325,-0.18416599
glucose_gL,all_known,eem_parafac_scores,parafac_rank_selected,weighted_knn,"k=1,metric=manhattan,max_features=48,x_transform=l2,log_target=True",10,0.55359024,0.24348498,0.20325,-0.18416599
glucose_gL,all_known,eem_parafac_scores,parafac_rank_selected,weighted_knn,"k=1,metric=manhattan,max_features=192,x_transform=l2,log_target=False",10,0.55359024,0.24348498,0.20325,-0.18416599
glucose_gL,all_known,eem_parafac_scores,parafac_rank_selected,weighted_knn,"k=1,metric=manhattan,max_features=192,x_transform=l2,log_target=True",10,0.55359024,0.24348498,0.20325,-0.18416599
glucose_gL,all_known,parafac_raman_fusion_als_sg2_snv,als_sg2_snv+parafac,krr,"kernel=laplacian,alpha=0.01,gamma_scale=1.0,max_features=48,x_transform=none,log_target=True",10,0.55378284,0.21772863,0.30725963,-0.24290604
glucose_gL,all_known,parafac_raman_fusion_als_sg2_snv,als_sg2_snv+parafac,weighted_knn,"k=3,metric=manhattan,max_features=12,x_transform=none,log_target=True",10,0.55393833,0.2094307,0.29136644,-0.27998237
glucose_gL,all_known,parafac_raman_fusion_als_sg0_snv_area,als_sg0_snv_area+parafac,krr,"kernel=rbf,alpha=0.1,gamma_scale=2.0,max_features=192,x_transform=none,log_target=True",10,0.55412601,0.21013669,0.29193214,-0.27435525
glucose_gL,all_known,raman_preprocessed_als_sg2_snv,als_sg2_snv,krr,"kernel=laplacian,alpha=0.1,gamma_scale=2.0,max_features=48,x_transform=none,log_target=False",10,0.55427047,0.20684272,0.34182227,-0.29947945
glucose_gL,all_known,eem_parafac_scores,parafac_rank_selected,weighted_knn,"k=3,metric=correlation,max_features=12,x_transform=none,log_target=False",10,0.55450347,0.24329152,0.20326852,-0.18926352
glucose_gL,all_known,eem_parafac_scores,parafac_rank_selected,weighted_knn,"k=3,metric=correlation,max_features=12,x_transform=l2,log_target=False",10,0.55450347,0.24329152,0.20326852,-0.18926352
glucose_gL,all_known,eem_parafac_scores,parafac_rank_selected,weighted_knn,"k=3,metric=correlation,max_features=48,x_transform=none,log_target=False",10,0.55450347,0.24329152,0.20326852,-0.18926352
glucose_gL,all_known,eem_parafac_scores,parafac_rank_selected,weighted_knn,"k=3,metric=correlation,max_features=48,x_transform=l2,log_target=False",10,0.55450347,0.24329152,0.20326852,-0.18926352
glucose_gL,all_known,eem_parafac_scores,parafac_rank_selected,weighted_knn,"k=3,metric=correlation,max_features=192,x_transform=none,log_target=False",10,0.55450347,0.24329152,0.20326852,-0.18926352
glucose_gL,all_known,eem_parafac_scores,parafac_rank_selected,weighted_knn,"k=3,metric=correlation,max_features=192,x_transform=l2,log_target=False",10,0.55450347,0.24329152,0.20326852,-0.18926352
glucose_gL,all_known,eem_parafac_scores,parafac_rank_selected,weighted_knn,"k=3,metric=correlation,max_features=12,x_transform=none,log_target=True",10,0.55450662,0.24329052,0.20326717,-0.18928168
glucose_gL,all_known,eem_parafac_scores,parafac_rank_selected,weighted_knn,"k=3,metric=correlation,max_features=12,x_transform=l2,log_target=True",10,0.55450662,0.24329052,0.20326717,-0.18928168
glucose_gL,all_known,eem_parafac_scores,parafac_rank_selected,weighted_knn,"k=3,metric=correlation,max_features=48,x_transform=none,log_target=True",10,0.55450662,0.24329052,0.20326717,-0.18928168
glucose_gL,all_known,eem_parafac_scores,parafac_rank_selected,weighted_knn,"k=3,metric=correlation,max_features=48,x_transform=l2,log_target=True",10,0.55450662,0.24329052,0.20326717,-0.18928168
glucose_gL,all_known,eem_parafac_scores,parafac_rank_selected,weighted_knn,"k=3,metric=correlation,max_features=192,x_transform=none,log_target=True",10,0.55450662,0.24329052,0.20326717,-0.18928168
glucose_gL,all_known,eem_parafac_scores,parafac_rank_selected,weighted_knn,"k=3,metric=correlation,max_features=192,x_transform=l2,log_target=True",10,0.55450662,0.24329052,0.20326717,-0.18928168
glucose_gL,all_known,eem_parafac_scores,parafac_rank_selected,weighted_knn,"k=1,metric=correlation,max_features=12,x_transform=none,log_target=False",10,0.55465533,0.24336609,0.20347222,-0.19015267
glucose_gL,all_known,eem_parafac_scores,parafac_rank_selected,weighted_knn,"k=1,metric=correlation,max_features=12,x_transform=none,log_target=True",10,0.55465533,0.24336609,0.20347222,-0.19015267
glucose_gL,all_known,eem_parafac_scores,parafac_rank_selected,weighted_knn,"k=1,metric=correlation,max_features=12,x_transform=l2,log_target=False",10,0.55465533,0.24336609,0.20347222,-0.19015267
glucose_gL,all_known,eem_parafac_scores,parafac_rank_selected,weighted_knn,"k=1,metric=correlation,max_features=12,x_transform=l2,log_target=True",10,0.55465533,0.24336609,0.20347222,-0.19015267
glucose_gL,all_known,eem_parafac_scores,parafac_rank_selected,weighted_knn,"k=1,metric=correlation,max_features=48,x_transform=none,log_target=False",10,0.55465533,0.24336609,0.20347222,-0.19015267
glucose_gL,all_known,eem_parafac_scores,parafac_rank_selected,weighted_knn,"k=1,metric=correlation,max_features=48,x_transform=none,log_target=True",10,0.55465533,0.24336609,0.20347222,-0.19015267
glucose_gL,all_known,eem_parafac_scores,parafac_rank_selected,weighted_knn,"k=1,metric=correlation,max_features=48,x_transform=l2,log_target=False",10,0.55465533,0.24336609,0.20347222,-0.19015267
glucose_gL,all_known,eem_parafac_scores,parafac_rank_selected,weighted_knn,"k=1,metric=correlation,max_features=48,x_transform=l2,log_target=True",10,0.55465533,0.24336609,0.20347222,-0.19015267
glucose_gL,all_known,eem_parafac_scores,parafac_rank_selected,weighted_knn,"k=1,metric=correlation,max_features=192,x_transform=none,log_target=False",10,0.55465533,0.24336609,0.20347222,-0.19015267
glucose_gL,all_known,eem_parafac_scores,parafac_rank_selected,weighted_knn,"k=1,metric=correlation,max_features=192,x_transform=none,log_target=True",10,0.55465533,0.24336609,0.20347222,-0.19015267
glucose_gL,all_known,eem_parafac_scores,parafac_rank_selected,weighted_knn,"k=1,metric=correlation,max_features=192,x_transform=l2,log_target=False",10,0.55465533,0.24336609,0.20347222,-0.19015267
glucose_gL,all_known,eem_parafac_scores,parafac_rank_selected,weighted_knn,"k=1,metric=correlation,max_features=192,x_transform=l2,log_target=True",10,0.55465533,0.24336609,0.20347222,-0.19015267
glucose_gL,all_known,raman_preprocessed_als_sg2_snv,als_sg2_snv,krr,"kernel=rbf,alpha=0.01,gamma_scale=1.0,max_features=192,x_transform=none,log_target=True",10,0.55476792,0.21617911,0.32749156,-0.27893105
glucose_gL,all_known,parafac_raman_fusion_als_sg0_snv_area,als_sg0_snv_area+parafac,krr,"kernel=laplacian,alpha=0.1,gamma_scale=1.0,max_features=48,x_transform=none,log_target=True",10,0.55499727,0.21369454,0.3002146,-0.26464293
glucose_gL,all_known,parafac_raman_fusion_als_sg2_snv,als_sg2_snv+parafac,krr,"kernel=rbf,alpha=0.1,gamma_scale=1.0,max_features=12,x_transform=none,log_target=True",10,0.55524606,0.22316583,0.29590894,-0.25063123
glucose_gL,all_known,raman_preprocessed_als_sg2_snv,als_sg2_snv,weighted_knn,"k=5,metric=manhattan,max_features=12,x_transform=none,log_target=False",10,0.55589653,0.23254734,0.322708,-0.2934889
glucose_gL,all_known,raman_preprocessed_als_sg2_snv,als_sg2_snv,krr,"kernel=rbf,alpha=0.1,gamma_scale=1.0,max_features=12,x_transform=l2,log_target=True",10,0.55610846,0.23650888,0.31396461,-0.2430053
glucose_gL,all_known,raman_preprocessed_als_sg2_snv,als_sg2_snv,krr,"kernel=rbf,alpha=0.1,gamma_scale=1.0,max_features=48,x_transform=none,log_target=True",10,0.55649299,0.22628118,0.29861049,-0.2576312
glucose_gL,all_known,raman_preprocessed_als_sg0_snv_area,als_sg0_snv_area,krr,"kernel=laplacian,alpha=0.01,gamma_scale=1.0,max_features=48,x_transform=l2,log_target=True",10,0.55668621,0.22326607,0.30397058,-0.26956204
glucose_gL,all_known,parafac_raman_fusion_als_sg2_snv,als_sg2_snv+parafac,krr,"kernel=rbf,alpha=0.01,gamma_scale=2.0,max_features=12,x_transform=none,log_target=True",10,0.55668654,0.22370582,0.29359274,-0.27579493
glucose_gL,all_known,parafac_raman_fusion_als_sg0_snv_area,als_sg0_snv_area+parafac,krr,"kernel=laplacian,alpha=0.1,gamma_scale=1.0,max_features=48,x_transform=l2,log_target=True",10,0.55718567,0.21601015,0.30688135,-0.27405911
glucose_gL,all_known,raman_preprocessed_als_sg2_snv,als_sg2_snv,krr,"kernel=laplacian,alpha=0.1,gamma_scale=1.0,max_features=192,x_transform=l2,log_target=False",10,0.55770617,0.20733572,0.37181677,-0.31195224
glucose_gL,all_known,eem_parafac_scores,parafac_rank_selected,krr,"kernel=rbf,alpha=0.1,gamma_scale=1.0,max_features=12,x_transform=l2,log_target=False",10,0.55774143,0.20665007,0.37185389,-0.30888214
glucose_gL,all_known,eem_parafac_scores,parafac_rank_selected,krr,"kernel=laplacian,alpha=0.1,gamma_scale=1.0,max_features=12,x_transform=l2,log_target=False",10,0.55774143,0.20665007,0.37185389,-0.30888214
glucose_gL,all_known,eem_parafac_scores,parafac_rank_selected,krr,"kernel=rbf,alpha=0.1,gamma_scale=1.0,max_features=48,x_transform=l2,log_target=False",10,0.55774143,0.20665007,0.37185389,-0.30888214
glucose_gL,all_known,eem_parafac_scores,parafac_rank_selected,krr,"kernel=laplacian,alpha=0.1,gamma_scale=1.0,max_features=48,x_transform=l2,log_target=False",10,0.55774143,0.20665007,0.37185389,-0.30888214
glucose_gL,all_known,eem_parafac_scores,parafac_rank_selected,krr,"kernel=rbf,alpha=0.1,gamma_scale=1.0,max_features=192,x_transform=l2,log_target=False",10,0.55774143,0.20665007,0.37185389,-0.30888214
glucose_gL,all_known,eem_parafac_scores,parafac_rank_selected,krr,"kernel=laplacian,alpha=0.1,gamma_scale=1.0,max_features=192,x_transform=l2,log_target=False",10,0.55774143,0.20665007,0.37185389,-0.30888214
glucose_gL,all_known,eem_parafac_scores,parafac_rank_selected,krr,"kernel=rbf,alpha=0.1,gamma_scale=2.0,max_features=12,x_transform=l2,log_target=False",10,0.5577533,0.20664468,0.37179783,-0.30897399
glucose_gL,all_known,eem_parafac_scores,parafac_rank_selected,krr,"kernel=laplacian,alpha=0.1,gamma_scale=2.0,max_features=12,x_transform=l2,log_target=False",10,0.5577533,0.20664468,0.37179783,-0.30897399
glucose_gL,all_known,eem_parafac_scores,parafac_rank_selected,krr,"kernel=rbf,alpha=0.1,gamma_scale=2.0,max_features=48,x_transform=l2,log_target=False",10,0.5577533,0.20664468,0.37179783,-0.30897399
glucose_gL,all_known,eem_parafac_scores,parafac_rank_selected,krr,"kernel=laplacian,alpha=0.1,gamma_scale=2.0,max_features=48,x_transform=l2,log_target=False",10,0.5577533,0.20664468,0.37179783,-0.30897399
glucose_gL,all_known,eem_parafac_scores,parafac_rank_selected,krr,"kernel=rbf,alpha=0.1,gamma_scale=2.0,max_features=192,x_transform=l2,log_target=False",10,0.5577533,0.20664468,0.37179783,-0.30897399
glucose_gL,all_known,eem_parafac_scores,parafac_rank_selected,krr,"kernel=laplacian,alpha=0.1,gamma_scale=2.0,max_features=192,x_transform=l2,log_target=False",10,0.5577533,0.20664468,0.37179783,-0.30897399
glucose_gL,all_known,eem_parafac_scores,parafac_rank_selected,krr,"kernel=rbf,alpha=0.01,gamma_scale=1.0,max_features=12,x_transform=l2,log_target=False",10,0.55796001,0.20651931,0.37210942,-0.31049922
glucose_gL,all_known,eem_parafac_scores,parafac_rank_selected,krr,"kernel=laplacian,alpha=0.01,gamma_scale=1.0,max_features=12,x_transform=l2,log_target=False",10,0.55796001,0.20651931,0.37210942,-0.31049922
glucose_gL,all_known,eem_parafac_scores,parafac_rank_selected,krr,"kernel=rbf,alpha=0.01,gamma_scale=1.0,max_features=48,x_transform=l2,log_target=False",10,0.55796001,0.20651931,0.37210942,-0.31049922
glucose_gL,all_known,eem_parafac_scores,parafac_rank_selected,krr,"kernel=laplacian,alpha=0.01,gamma_scale=1.0,max_features=48,x_transform=l2,log_target=False",10,0.55796001,0.20651931,0.37210942,-0.31049922
glucose_gL,all_known,eem_parafac_scores,parafac_rank_selected,krr,"kernel=rbf,alpha=0.01,gamma_scale=1.0,max_features=192,x_transform=l2,log_target=False",10,0.55796001,0.20651931,0.37210942,-0.31049922
glucose_gL,all_known,eem_parafac_scores,parafac_rank_selected,krr,"kernel=laplacian,alpha=0.01,gamma_scale=1.0,max_features=192,x_transform=l2,log_target=False",10,0.55796001,0.20651931,0.37210942,-0.31049922
glucose_gL,all_known,eem_parafac_scores,parafac_rank_selected,krr,"kernel=rbf,alpha=0.01,gamma_scale=2.0,max_features=12,x_transform=l2,log_target=False",10,0.55796121,0.20651877,0.37210382,-0.3105085
glucose_gL,all_known,eem_parafac_scores,parafac_rank_selected,krr,"kernel=laplacian,alpha=0.01,gamma_scale=2.0,max_features=12,x_transform=l2,log_target=False",10,0.55796121,0.20651877,0.37210382,-0.3105085
glucose_gL,all_known,eem_parafac_scores,parafac_rank_selected,krr,"kernel=rbf,alpha=0.01,gamma_scale=2.0,max_features=48,x_transform=l2,log_target=False",10,0.55796121,0.20651877,0.37210382,-0.3105085
glucose_gL,all_known,eem_parafac_scores,parafac_rank_selected,krr,"kernel=laplacian,alpha=0.01,gamma_scale=2.0,max_features=48,x_transform=l2,log_target=False",10,0.55796121,0.20651877,0.37210382,-0.3105085
glucose_gL,all_known,eem_parafac_scores,parafac_rank_selected,krr,"kernel=rbf,alpha=0.01,gamma_scale=2.0,max_features=192,x_transform=l2,log_target=False",10,0.55796121,0.20651877,0.37210382,-0.3105085
glucose_gL,all_known,eem_parafac_scores,parafac_rank_selected,krr,"kernel=laplacian,alpha=0.01,gamma_scale=2.0,max_features=192,x_transform=l2,log_target=False",10,0.55796121,0.20651877,0.37210382,-0.3105085
glucose_gL,all_known,parafac_raman_fusion_als_sg2_snv,als_sg2_snv+parafac,krr,"kernel=rbf,alpha=0.1,gamma_scale=2.0,max_features=48,x_transform=l2,log_target=True",10,0.55803019,0.21580045,0.30512103,-0.27197665
glucose_gL,all_known,raman_preprocessed_als_sg2_snv,als_sg2_snv,weighted_knn,"k=5,metric=manhattan,max_features=192,x_transform=l2,log_target=True",10,0.55809751,0.23453767,0.31607544,-0.27810116
glucose_gL,all_known,parafac_raman_fusion_als_sg2_snv,als_sg2_snv+parafac,krr,"kernel=laplacian,alpha=0.01,gamma_scale=1.0,max_features=48,x_transform=l2,log_target=True",10,0.55849626,0.21391628,0.31303683,-0.27691048
glucose_gL,all_known,raman_preprocessed_als_sg0_snv_area,als_sg0_snv_area,krr,"kernel=laplacian,alpha=0.1,gamma_scale=2.0,max_features=12,x_transform=none,log_target=True",10,0.55852254,0.22417219,0.2833687,-0.27731654
glucose_gL,all_known,parafac_raman_fusion_als_sg2_snv,als_sg2_snv+parafac,krr,"kernel=rbf,alpha=0.01,gamma_scale=1.0,max_features=192,x_transform=l2,log_target=True",10,0.55886132,0.21459803,0.3300248,-0.27678166
glucose_gL,all_known,raman_preprocessed_als_sg2_snv,als_sg2_snv,krr,"kernel=laplacian,alpha=0.01,gamma_scale=2.0,max_features=48,x_transform=none,log_target=False",10,0.55995171,0.20342949,0.34576975,-0.34087601
glucose_gL,all_known,parafac_raman_fusion_als_sg2_snv,als_sg2_snv+parafac,krr,"kernel=rbf,alpha=0.01,gamma_scale=1.0,max_features=192,x_transform=none,log_target=True",10,0.5603125,0.21229192,0.3323166,-0.28836948
glucose_gL,all_known,parafac_raman_fusion_als_sg2_snv,als_sg2_snv+parafac,krr,"kernel=laplacian,alpha=0.01,gamma_scale=1.0,max_features=12,x_transform=l2,log_target=True",10,0.56102002,0.22772423,0.31134134,-0.28266701
glucose_gL,all_known,parafac_raman_fusion_als_sg0_snv_area,als_sg0_snv_area+parafac,krr,"kernel=rbf,alpha=0.01,gamma_scale=2.0,max_features=192,x_transform=none,log_target=True",10,0.56107074,0.20712759,0.29703328,-0.32512839
glucose_gL,all_known,raman_preprocessed_als_sg2_snv,als_sg2_snv,krr,"kernel=laplacian,alpha=0.1,gamma_scale=1.0,max_features=192,x_transform=none,log_target=False",10,0.56138323,0.20459306,0.37635254,-0.33894172
glucose_gL,all_known,parafac_raman_fusion_als_sg0_snv_area,als_sg0_snv_area+parafac,krr,"kernel=laplacian,alpha=0.01,gamma_scale=1.0,max_features=48,x_transform=none,log_target=True",10,0.56179858,0.21198893,0.30497477,-0.31028084
glucose_gL,all_known,raman_preprocessed_als_sg0_snv_area,als_sg0_snv_area,krr,"kernel=rbf,alpha=0.01,gamma_scale=2.0,max_features=192,x_transform=none,log_target=True",10,0.56189416,0.20699765,0.29993997,-0.35700176
glucose_gL,all_known,raman_preprocessed_als_sg0_snv_area,als_sg0_snv_area,krr,"kernel=laplacian,alpha=0.1,gamma_scale=2.0,max_features=12,x_transform=l2,log_target=True",10,0.56315335,0.23445886,0.29696659,-0.30806825
glucose_gL,all_known,raman_preprocessed_als_sg0_snv_area,als_sg0_snv_area,krr,"kernel=rbf,alpha=0.1,gamma_scale=2.0,max_features=48,x_transform=none,log_target=True",10,0.56338168,0.21352843,0.29310197,-0.33643533
glucose_gL,all_known,raman_preprocessed_als_sg0_snv_area,als_sg0_snv_area,weighted_knn,"k=5,metric=manhattan,max_features=12,x_transform=none,log_target=True",10,0.56418999,0.21438912,0.28176986,-0.37622461
glucose_gL,all_known,parafac_raman_fusion_als_sg0_snv_area,als_sg0_snv_area+parafac,krr,"kernel=laplacian,alpha=0.01,gamma_scale=1.0,max_features=48,x_transform=l2,log_target=True",10,0.56480056,0.21465697,0.31214041,-0.32426077
glucose_gL,all_known,parafac_raman_fusion_als_sg2_snv,als_sg2_snv+parafac,krr,"kernel=rbf,alpha=0.01,gamma_scale=2.0,max_features=48,x_transform=l2,log_target=True",10,0.56527957,0.212523,0.31043573,-0.3201475
glucose_gL,all_known,raman_preprocessed_als_sg0_snv_area,als_sg0_snv_area,krr,"kernel=laplacian,alpha=0.1,gamma_scale=2.0,max_features=192,x_transform=l2,log_target=False",10,0.56546548,0.19302705,0.36497456,-0.40409076
glucose_gL,all_known,raman_preprocessed_als_sg2_snv,als_sg2_snv,krr,"kernel=laplacian,alpha=0.01,gamma_scale=1.0,max_features=192,x_transform=l2,log_target=False",10,0.565664,0.2035347,0.37882323,-0.36651937
glucose_gL,all_known,parafac_raman_fusion_als_sg2_snv,als_sg2_snv+parafac,weighted_knn,"k=5,metric=manhattan,max_features=12,x_transform=none,log_target=False",10,0.56642503,0.21512775,0.31849936,-0.38076412
glucose_gL,all_known,parafac_raman_fusion_als_sg0_snv_area,als_sg0_snv_area+parafac,krr,"kernel=laplacian,alpha=0.1,gamma_scale=2.0,max_features=192,x_transform=l2,log_target=False",10,0.56647331,0.19100631,0.36525259,-0.40202238
glucose_gL,all_known,raman_preprocessed_als_sg0_snv_area,als_sg0_snv_area,krr,"kernel=laplacian,alpha=0.01,gamma_scale=2.0,max_features=12,x_transform=none,log_target=True",10,0.56675202,0.22274368,0.28796745,-0.32968538
glucose_gL,all_known,raman_preprocessed_als_sg2_snv,als_sg2_snv,weighted_knn,"k=5,metric=correlation,max_features=192,x_transform=none,log_target=True",10,0.56683062,0.20221305,0.3176786,-0.40654024
glucose_gL,all_known,raman_preprocessed_als_sg2_snv,als_sg2_snv,weighted_knn,"k=5,metric=correlation,max_features=192,x_transform=l2,log_target=True",10,0.56683062,0.20221305,0.3176786,-0.40654024
glucose_gL,all_known,raman_preprocessed_als_sg2_snv,als_sg2_snv,krr,"kernel=rbf,alpha=0.1,gamma_scale=2.0,max_features=192,x_transform=none,log_target=False",10,0.56721661,0.19860393,0.3695919,-0.38821743
glucose_gL,all_known,raman_preprocessed_als_sg2_snv,als_sg2_snv,krr,"kernel=rbf,alpha=0.1,gamma_scale=2.0,max_features=192,x_transform=l2,log_target=False",10,0.56769674,0.20418931,0.37284711,-0.3779098
glucose_gL,all_known,parafac_raman_fusion_als_sg2_snv,als_sg2_snv+parafac,weighted_knn,"k=3,metric=manhattan,max_features=48,x_transform=none,log_target=True",10,0.56782747,0.18362838,0.30530543,-0.47988904
glucose_gL,all_known,raman_preprocessed_als_sg2_snv,als_sg2_snv,krr,"kernel=rbf,alpha=0.01,gamma_scale=1.0,max_features=48,x_transform=none,log_target=True",10,0.56832471,0.22595219,0.30832122,-0.32558206
glucose_gL,all_known,parafac_raman_fusion_als_sg2_snv,als_sg2_snv+parafac,krr,"kernel=laplacian,alpha=0.1,gamma_scale=2.0,max_features=48,x_transform=none,log_target=False",10,0.56909212,0.20013962,0.35296324,-0.3788177
glucose_gL,all_known,raman_preprocessed_als_sg0_snv_area,als_sg0_snv_area,krr,"kernel=rbf,alpha=0.1,gamma_scale=1.0,max_features=192,x_transform=l2,log_target=True",10,0.56995579,0.20844446,0.32266318,-0.40365718
glucose_gL,all_known,raman_preprocessed_als_sg2_snv,als_sg2_snv,krr,"kernel=rbf,alpha=0.01,gamma_scale=2.0,max_features=12,x_transform=l2,log_target=True",10,0.57043965,0.24523577,0.32095408,-0.30910611
glucose_gL,all_known,raman_preprocessed_als_sg2_snv,als_sg2_snv,krr,"kernel=rbf,alpha=0.1,gamma_scale=1.0,max_features=48,x_transform=l2,log_target=True",10,0.57049555,0.21731578,0.31643646,-0.35681793
glucose_gL,all_known,parafac_raman_fusion_als_sg2_snv,als_sg2_snv+parafac,krr,"kernel=laplacian,alpha=0.1,gamma_scale=1.0,max_features=192,x_transform=l2,log_target=False",10,0.5705119,0.20069316,0.38714591,-0.3751415
glucose_gL,all_known,raman_preprocessed_als_sg2_snv,als_sg2_snv,krr,"kernel=laplacian,alpha=0.01,gamma_scale=1.0,max_features=192,x_transform=none,log_target=False",10,0.5705693,0.20012632,0.3843033,-0.40321099
glucose_gL,all_known,raman_preprocessed_als_sg2_snv,als_sg2_snv,krr,"kernel=laplacian,alpha=0.1,gamma_scale=2.0,max_features=48,x_transform=l2,log_target=False",10,0.57097771,0.19418402,0.36362313,-0.43048068
glucose_gL,all_known,parafac_raman_fusion_als_sg0_snv_area,als_sg0_snv_area+parafac,krr,"kernel=rbf,alpha=0.1,gamma_scale=1.0,max_features=192,x_transform=l2,log_target=True",10,0.57146815,0.20811277,0.32315542,-0.38699199
glucose_gL,all_known,raman_preprocessed_als_sg0_snv_area,als_sg0_snv_area,krr,"kernel=laplacian,alpha=0.01,gamma_scale=2.0,max_features=192,x_transform=l2,log_target=False",10,0.57169921,0.1900712,0.3680223,-0.45103443
glucose_gL,all_known,parafac_raman_fusion_als_sg0_snv_area,als_sg0_snv_area+parafac,krr,"kernel=rbf,alpha=0.1,gamma_scale=2.0,max_features=48,x_transform=none,log_target=True",10,0.57182966,0.2026274,0.300608,-0.4051816
glucose_gL,all_known,raman_preprocessed_als_sg2_snv,als_sg2_snv,weighted_knn,"k=3,metric=manhattan,max_features=12,x_transform=l2,log_target=True",10,0.57201196,0.20159288,0.3280597,-0.46991928
glucose_gL,all_known,parafac_raman_fusion_als_sg0_snv_area,als_sg0_snv_area+parafac,krr,"kernel=laplacian,alpha=0.01,gamma_scale=2.0,max_features=192,x_transform=l2,log_target=False",10,0.57209828,0.18832286,0.36812442,-0.44526821
glucose_gL,all_known,parafac_raman_fusion_als_sg2_snv,als_sg2_snv+parafac,krr,"kernel=laplacian,alpha=0.1,gamma_scale=2.0,max_features=12,x_transform=none,log_target=False",10,0.57224597,0.21587103,0.34889731,-0.36300634
glucose_gL,all_known,parafac_raman_fusion_als_sg0_snv_area,als_sg0_snv_area+parafac,krr,"kernel=laplacian,alpha=0.1,gamma_scale=2.0,max_features=12,x_transform=none,log_target=True",10,0.5724189,0.21657141,0.30070461,-0.3513181
glucose_gL,all_known,parafac_raman_fusion_als_sg0_snv_area,als_sg0_snv_area+parafac,krr,"kernel=rbf,alpha=0.1,gamma_scale=1.0,max_features=192,x_transform=none,log_target=True",10,0.57246851,0.20246214,0.31667539,-0.40643653
glucose_gL,all_known,eem_parafac_scores,parafac_rank_selected,krr,"kernel=laplacian,alpha=0.1,gamma_scale=1.0,max_features=12,x_transform=none,log_target=True",10,0.57300516,0.19508122,0.31132771,-0.46522386
glucose_gL,all_known,eem_parafac_scores,parafac_rank_selected,krr,"kernel=laplacian,alpha=0.1,gamma_scale=1.0,max_features=48,x_transform=none,log_target=True",10,0.57300516,0.19508122,0.31132771,-0.46522386
glucose_gL,all_known,eem_parafac_scores,parafac_rank_selected,krr,"kernel=laplacian,alpha=0.1,gamma_scale=1.0,max_features=192,x_transform=none,log_target=True",10,0.57300516,0.19508122,0.31132771,-0.46522386
glucose_gL,all_known,raman_preprocessed_als_sg2_snv,als_sg2_snv,krr,"kernel=rbf,alpha=0.1,gamma_scale=2.0,max_features=12,x_transform=none,log_target=False",10,0.57303455,0.22563355,0.35553439,-0.38306102
glucose_gL,all_known,parafac_raman_fusion_als_sg2_snv,als_sg2_snv+parafac,krr,"kernel=laplacian,alpha=0.1,gamma_scale=1.0,max_features=192,x_transform=none,log_target=False",10,0.57317466,0.19867925,0.3900253,-0.39325448
glucose_gL,all_known,parafac_raman_fusion_als_sg0_snv_area,als_sg0_snv_area+parafac,weighted_knn,"k=5,metric=manhattan,max_features=192,x_transform=none,log_target=True",10,0.57324109,0.18874588,0.3166596,-0.48584235
glucose_gL,all_known,parafac_raman_fusion_als_sg0_snv_area,als_sg0_snv_area+parafac,krr,"kernel=laplacian,alpha=0.1,gamma_scale=2.0,max_features=192,x_transform=none,log_target=False",10,0.57344323,0.18215942,0.35698913,-0.45980607
glucose_gL,all_known,parafac_raman_fusion_als_sg2_snv,als_sg2_snv+parafac,krr,"kernel=rbf,alpha=0.1,gamma_scale=1.0,max_features=48,x_transform=none,log_target=True",10,0.57353959,0.21148082,0.31101383,-0.37094709
glucose_gL,all_known,raman_preprocessed_als_sg0_snv_area,als_sg0_snv_area,krr,"kernel=laplacian,alpha=0.1,gamma_scale=1.0,max_features=12,x_transform=none,log_target=True",10,0.57391511,0.22219593,0.30024453,-0.37342
glucose_gL,all_known,parafac_raman_fusion_als_sg2_snv,als_sg2_snv+parafac,krr,"kernel=rbf,alpha=0.1,gamma_scale=2.0,max_features=192,x_transform=none,log_target=False",10,0.57427683,0.19246857,0.37472373,-0.42111631
glucose_gL,all_known,raman_preprocessed_als_sg0_snv_area,als_sg0_snv_area,krr,"kernel=rbf,alpha=0.1,gamma_scale=2.0,max_features=48,x_transform=l2,log_target=True",10,0.5744166,0.21951467,0.31079511,-0.39310957
glucose_gL,all_known,raman_preprocessed_als_sg0_snv_area,als_sg0_snv_area,krr,"kernel=rbf,alpha=0.1,gamma_scale=1.0,max_features=192,x_transform=none,log_target=True",10,0.57454489,0.20085641,0.31969865,-0.45428635
glucose_gL,all_known,parafac_raman_fusion_als_sg2_snv,als_sg2_snv+parafac,krr,"kernel=laplacian,alpha=0.01,gamma_scale=2.0,max_features=48,x_transform=none,log_target=False",10,0.57472514,0.19710911,0.35727935,-0.41964277
glucose_gL,all_known,parafac_raman_fusion_als_sg2_snv,als_sg2_snv+parafac,krr,"kernel=rbf,alpha=0.1,gamma_scale=2.0,max_features=192,x_transform=l2,log_target=False",10,0.57510414,0.19767227,0.37731147,-0.41692451
glucose_gL,all_known,raman_preprocessed_als_sg0_snv_area,als_sg0_snv_area,krr,"kernel=rbf,alpha=0.01,gamma_scale=2.0,max_features=48,x_transform=none,log_target=True",10,0.57536626,0.21098247,0.30038765,-0.41823899
glucose_gL,all_known,raman_preprocessed_als_sg0_snv_area,als_sg0_snv_area,krr,"kernel=laplacian,alpha=0.1,gamma_scale=2.0,max_features=192,x_transform=none,log_target=False",10,0.5754768,0.18324188,0.35967303,-0.49105877
glucose_gL,all_known,parafac_raman_fusion_als_sg2_snv,als_sg2_snv+parafac,weighted_knn,"k=5,metric=manhattan,max_features=48,x_transform=none,log_target=False",10,0.57602973,0.17861902,0.33064619,-0.5483205
glucose_gL,all_known,raman_preprocessed_als_sg0_snv_area,als_sg0_snv_area,krr,"kernel=laplacian,alpha=0.01,gamma_scale=2.0,max_features=12,x_transform=l2,log_target=True",10,0.57647452,0.23548121,0.30332898,-0.39715865
glucose_gL,all_known,raman_preprocessed_als_sg2_snv,als_sg2_snv,krr,"kernel=rbf,alpha=0.01,gamma_scale=2.0,max_features=192,x_transform=l2,log_target=False",10,0.57656109,0.20078623,0.38127377,-0.43912228
glucose_gL,all_known,raman_preprocessed_als_sg2_snv,als_sg2_snv,krr,"kernel=rbf,alpha=0.01,gamma_scale=1.0,max_features=12,x_transform=none,log_target=True",10,0.57660222,0.22063935,0.33549494,-0.43026216
glucose_gL,all_known,raman_preprocessed_als_sg2_snv,als_sg2_snv,krr,"kernel=rbf,alpha=0.01,gamma_scale=2.0,max_features=192,x_transform=none,log_target=False",10,0.57691676,0.19460054,0.37887413,-0.45664803
glucose_gL,all_known,parafac_raman_fusion_als_sg2_snv,als_sg2_snv+parafac,krr,"kernel=laplacian,alpha=0.01,gamma_scale=2.0,max_features=12,x_transform=none,log_target=False",10,0.57719084,0.21336465,0.35477539,-0.39848984
glucose_gL,all_known,raman_preprocessed_als_sg2_snv,als_sg2_snv,weighted_knn,"k=3,metric=correlation,max_features=12,x_transform=none,log_target=True",10,0.57728701,0.20469523,0.30910078,-0.57796159
glucose_gL,all_known,raman_preprocessed_als_sg2_snv,als_sg2_snv,weighted_knn,"k=3,metric=correlation,max_features=12,x_transform=l2,log_target=True",10,0.57728701,0.20469523,0.30910078,-0.57796159
glucose_gL,all_known,raman_preprocessed_als_sg2_snv,als_sg2_snv,krr,"kernel=laplacian,alpha=0.01,gamma_scale=2.0,max_features=48,x_transform=l2,log_target=False",10,0.57843807,0.18986846,0.36890152,-0.48789629
glucose_gL,all_known,parafac_raman_fusion_als_sg2_snv,als_sg2_snv+parafac,krr,"kernel=laplacian,alpha=0.01,gamma_scale=1.0,max_features=192,x_transform=l2,log_target=False",10,0.57878731,0.1973295,0.39471236,-0.42977462
glucose_gL,all_known,parafac_raman_fusion_als_sg0_snv_area,als_sg0_snv_area+parafac,krr,"kernel=laplacian,alpha=0.01,gamma_scale=2.0,max_features=192,x_transform=none,log_target=False",10,0.5790814,0.17904016,0.36017076,-0.50514448
glucose_gL,all_known,raman_preprocessed_als_sg0_snv_area,als_sg0_snv_area,krr,"kernel=laplacian,alpha=0.1,gamma_scale=1.0,max_features=12,x_transform=l2,log_target=True",10,0.57926532,0.23342041,0.31085521,-0.39835766
glucose_gL,all_known,raman_preprocessed_als_sg2_snv,als_sg2_snv,krr,"kernel=laplacian,alpha=0.1,gamma_scale=2.0,max_features=12,x_transform=l2,log_target=False",10,0.58112386,0.21734844,0.37166995,-0.4561392
glucose_gL,all_known,parafac_raman_fusion_als_sg0_snv_area,als_sg0_snv_area+parafac,krr,"kernel=laplacian,alpha=0.01,gamma_scale=2.0,max_features=12,x_transform=none,log_target=True",10,0.58166154,0.21437285,0.30679012,-0.41115337
glucose_gL,all_known,raman_preprocessed_als_sg0_snv_area,als_sg0_snv_area,krr,"kernel=laplacian,alpha=0.01,gamma_scale=2.0,max_features=192,x_transform=none,log_target=False",10,0.58169442,0.17997605,0.36281049,-0.54087186
glucose_gL,all_known,parafac_raman_fusion_als_sg2_snv,als_sg2_snv+parafac,krr,"kernel=laplacian,alpha=0.01,gamma_scale=1.0,max_features=192,x_transform=none,log_target=False",10,0.58225895,0.19494937,0.3982496,-0.45392897
glucose_gL,all_known,parafac_raman_fusion_als_sg0_snv_area,als_sg0_snv_area+parafac,krr,"kernel=rbf,alpha=0.01,gamma_scale=2.0,max_features=48,x_transform=none,log_target=True",10,0.58298938,0.20077001,0.30871246,-0.48775273
glucose_gL,all_known,parafac_raman_fusion_als_sg0_snv_area,als_sg0_snv_area+parafac,krr,"kernel=laplacian,alpha=0.1,gamma_scale=2.0,max_features=12,x_transform=l2,log_target=True",10,0.58305749,0.22123026,0.31463398,-0.4039776
glucose_gL,all_known,raman_preprocessed_als_sg2_snv,als_sg2_snv,krr,"kernel=laplacian,alpha=0.1,gamma_scale=1.0,max_features=12,x_transform=none,log_target=False",10,0.58342496,0.21277779,0.38538286,-0.48023899
glucose_gL,all_known,parafac_raman_fusion_als_sg2_snv,als_sg2_snv+parafac,krr,"kernel=rbf,alpha=0.01,gamma_scale=2.0,max_features=192,x_transform=none,log_target=False",10,0.58347282,0.18848797,0.38414771,-0.48543382
glucose_gL,all_known,parafac_raman_fusion_als_sg0_snv_area,als_sg0_snv_area+parafac,krr,"kernel=rbf,alpha=0.1,gamma_scale=2.0,max_features=48,x_transform=l2,log_target=True",10,0.58350062,0.20312149,0.32204808,-0.47570595
glucose_gL,all_known,parafac_raman_fusion_als_sg2_snv,als_sg2_snv+parafac,krr,"kernel=rbf,alpha=0.01,gamma_scale=2.0,max_features=192,x_transform=l2,log_target=False",10,0.58363869,0.19413666,0.38570731,-0.47590868
glucose_gL,all_known,raman_preprocessed_als_sg0_snv_area,als_sg0_snv_area,weighted_knn,"k=5,metric=manhattan,max_features=192,x_transform=none,log_target=True",10,0.58365829,0.17780385,0.32320139,-0.62545857
glucose_gL,all_known,raman_preprocessed_als_sg2_snv,als_sg2_snv,krr,"kernel=rbf,alpha=0.1,gamma_scale=2.0,max_features=48,x_transform=none,log_target=False",10,0.5851817,0.20414793,0.34487417,-0.48238331
glucose_gL,all_known,raman_preprocessed_als_sg0_snv_area,als_sg0_snv_area,weighted_knn,"k=5,metric=manhattan,max_features=48,x_transform=none,log_target=True",10,0.58531525,0.21309255,0.3174934,-0.48128996
glucose_gL,all_known,eem_parafac_scores,parafac_rank_selected,krr,"kernel=rbf,alpha=0.1,gamma_scale=1.0,max_features=12,x_transform=none,log_target=False",10,0.58536732,0.18051602,0.37490109,-0.54359957
glucose_gL,all_known,eem_parafac_scores,parafac_rank_selected,krr,"kernel=rbf,alpha=0.1,gamma_scale=1.0,max_features=48,x_transform=none,log_target=False",10,0.58536732,0.18051602,0.37490109,-0.54359957
glucose_gL,all_known,eem_parafac_scores,parafac_rank_selected,krr,"kernel=rbf,alpha=0.1,gamma_scale=1.0,max_features=192,x_transform=none,log_target=False",10,0.58536732,0.18051602,0.37490109,-0.54359957
glucose_gL,all_known,parafac_raman_fusion_als_sg0_snv_area,als_sg0_snv_area+parafac,krr,"kernel=rbf,alpha=0.01,gamma_scale=1.0,max_features=192,x_transform=l2,log_target=True",10,0.58555554,0.2064179,0.33309179,-0.4864039
glucose_gL,all_known,parafac_raman_fusion_als_sg2_snv,als_sg2_snv+parafac,krr,"kernel=laplacian,alpha=0.1,gamma_scale=2.0,max_features=48,x_transform=l2,log_target=False",10,0.58595417,0.18969024,0.37598182,-0.50667316
glucose_gL,all_known,parafac_raman_fusion_als_sg2_snv,als_sg2_snv+parafac,weighted_knn,"k=5,metric=manhattan,max_features=192,x_transform=l2,log_target=True",10,0.58621265,0.22317911,0.33443349,-0.49760731
glucose_gL,all_known,parafac_raman_fusion_als_sg2_snv,als_sg2_snv+parafac,krr,"kernel=rbf,alpha=0.1,gamma_scale=2.0,max_features=12,x_transform=l2,log_target=True",10,0.58643002,0.2193445,0.31857249,-0.43694458
glucose_gL,all_known,parafac_raman_fusion_als_sg2_snv,als_sg2_snv+parafac,krr,"kernel=rbf,alpha=0.1,gamma_scale=1.0,max_features=12,x_transform=l2,log_target=True",10,0.58674483,0.21766563,0.3244608,-0.44191016
glucose_gL,all_known,parafac_raman_fusion_als_sg2_snv,als_sg2_snv+parafac,krr,"kernel=rbf,alpha=0.01,gamma_scale=1.0,max_features=48,x_transform=none,log_target=True",10,0.5867817,0.20640495,0.32010399,-0.4638439
glucose_gL,all_known,raman_preprocessed_als_sg0_snv_area,als_sg0_snv_area,krr,"kernel=rbf,alpha=0.01,gamma_scale=2.0,max_features=48,x_transform=l2,log_target=True",10,0.58686427,0.21963141,0.31851355,-0.4747751
glucose_gL,all_known,raman_preprocessed_als_sg0_snv_area,als_sg0_snv_area,krr,"kernel=rbf,alpha=0.1,gamma_scale=1.0,max_features=48,x_transform=none,log_target=True",10,0.58715233,0.20467054,0.3168096,-0.51020743
glucose_gL,all_known,parafac_raman_fusion_als_sg2_snv,als_sg2_snv+parafac,krr,"kernel=rbf,alpha=0.01,gamma_scale=1.0,max_features=12,x_transform=none,log_target=True",10,0.5871563,0.20828467,0.33070452,-0.53029921
glucose_gL,all_known,raman_preprocessed_als_sg0_snv_area,als_sg0_snv_area,krr,"kernel=rbf,alpha=0.01,gamma_scale=1.0,max_features=192,x_transform=l2,log_target=True",10,0.58732343,0.20524827,0.33379954,-0.53715992
glucose_gL,all_known,raman_preprocessed_als_sg2_snv,als_sg2_snv,krr,"kernel=rbf,alpha=0.01,gamma_scale=1.0,max_features=48,x_transform=l2,log_target=True",10,0.58763827,0.21496601,0.32942806,-0.46521563
glucose_gL,all_known,parafac_raman_fusion_als_sg0_snv_area,als_sg0_snv_area+parafac,weighted_knn,"k=5,metric=manhattan,max_features=12,x_transform=none,log_target=True",10,0.58807885,0.19685744,0.30946802,-0.5118313
glucose_gL,all_known,parafac_raman_fusion_als_sg0_snv_area,als_sg0_snv_area+parafac,weighted_knn,"k=5,metric=manhattan,max_features=48,x_transform=none,log_target=True",10,0.58808839,0.20199148,0.31541719,-0.51885306
glucose_gL,all_known,raman_preprocessed_als_sg2_snv,als_sg2_snv,krr,"kernel=laplacian,alpha=0.01,gamma_scale=2.0,max_features=12,x_transform=l2,log_target=False",10,0.5885582,0.21670091,0.37871247,-0.50496494
glucose_gL,all_known,raman_preprocessed_als_sg2_snv,als_sg2_snv,weighted_knn,"k=3,metric=manhattan,max_features=12,x_transform=none,log_target=False",10,0.58907284,0.24375193,0.33585394,-0.48216998
glucose_gL,all_known,raman_preprocessed_als_sg0_snv_area,als_sg0_snv_area,krr,"kernel=laplacian,alpha=0.1,gamma_scale=2.0,max_features=48,x_transform=none,log_target=False",10,0.58976254,0.18471607,0.35639067,-0.57428353
glucose_gL,all_known,parafac_raman_fusion_als_sg2_snv,als_sg2_snv+parafac,krr,"kernel=rbf,alpha=0.1,gamma_scale=1.0,max_features=48,x_transform=l2,log_target=True",10,0.59005379,0.20129843,0.32993685,-0.49511624
glucose_gL,all_known,parafac_raman_fusion_als_sg2_snv,als_sg2_snv+parafac,weighted_knn,"k=5,metric=correlation,max_features=192,x_transform=none,log_target=True",10,0.59012943,0.20072727,0.32964742,-0.57389121
glucose_gL,all_known,parafac_raman_fusion_als_sg2_snv,als_sg2_snv+parafac,weighted_knn,"k=5,metric=correlation,max_features=192,x_transform=l2,log_target=True",10,0.59012943,0.20072727,0.32964742,-0.57389121
glucose_gL,all_known,raman_preprocessed_als_sg0_snv_area,als_sg0_snv_area,krr,"kernel=laplacian,alpha=0.01,gamma_scale=1.0,max_features=12,x_transform=none,log_target=True",10,0.59124539,0.22064413,0.30977105,-0.48903169
glucose_gL,all_known,raman_preprocessed_als_sg2_snv,als_sg2_snv,krr,"kernel=laplacian,alpha=0.01,gamma_scale=1.0,max_features=12,x_transform=none,log_target=False",10,0.59159063,0.21017647,0.39566306,-0.53884372
glucose_gL,all_known,parafac_raman_fusion_als_sg0_snv_area,als_sg0_snv_area+parafac,krr,"kernel=rbf,alpha=0.01,gamma_scale=1.0,max_features=192,x_transform=none,log_target=True",10,0.59192533,0.19612532,0.32997898,-0.55473468
glucose_gL,all_known,parafac_raman_fusion_als_sg0_snv_area,als_sg0_snv_area+parafac,krr,"kernel=rbf,alpha=0.1,gamma_scale=1.0,max_features=48,x_transform=none,log_target=True",10,0.59311692,0.1946785,0.32832079,-0.55762417
glucose_gL,all_known,parafac_raman_fusion_als_sg2_snv,als_sg2_snv+parafac,krr,"kernel=laplacian,alpha=0.01,gamma_scale=2.0,max_features=48,x_transform=l2,log_target=False",10,0.59329717,0.18612165,0.38192128,-0.56166277
glucose_gL,all_known,parafac_raman_fusion_als_sg2_snv,als_sg2_snv+parafac,weighted_knn,"k=5,metric=manhattan,max_features=192,x_transform=none,log_target=True",10,0.59345013,0.17429872,0.35589094,-0.66864331
glucose_gL,all_known,parafac_raman_fusion_als_sg0_snv_area,als_sg0_snv_area+parafac,krr,"kernel=laplacian,alpha=0.1,gamma_scale=1.0,max_features=12,x_transform=none,log_target=True",10,0.59351315,0.21049745,0.32409291,-0.49549736
glucose_gL,all_known,parafac_raman_fusion_als_sg2_snv,als_sg2_snv+parafac,weighted_knn,"k=3,metric=manhattan,max_features=12,x_transform=none,log_target=False",10,0.59397003,0.1916254,0.32889246,-0.58488967
glucose_gL,all_known,parafac_raman_fusion_als_sg0_snv_area,als_sg0_snv_area+parafac,krr,"kernel=rbf,alpha=0.01,gamma_scale=2.0,max_features=48,x_transform=l2,log_target=True",10,0.59437517,0.20232596,0.32904141,-0.55368762
glucose_gL,all_known,parafac_raman_fusion_als_sg0_snv_area,als_sg0_snv_area+parafac,weighted_knn,"k=5,metric=manhattan,max_features=192,x_transform=l2,log_target=True",10,0.59471035,0.18085884,0.32975768,-0.63287078
glucose_gL,all_known,raman_preprocessed_als_sg2_snv,als_sg2_snv,weighted_knn,"k=3,metric=manhattan,max_features=48,x_transform=none,log_target=True",10,0.59496441,0.19758331,0.30940235,-0.65084548
glucose_gL,all_known,eem_parafac_scores,parafac_rank_selected,krr,"kernel=rbf,alpha=0.1,gamma_scale=2.0,max_features=12,x_transform=none,log_target=False",10,0.59543344,0.17248244,0.37408945,-0.62452196
glucose_gL,all_known,eem_parafac_scores,parafac_rank_selected,krr,"kernel=rbf,alpha=0.1,gamma_scale=2.0,max_features=48,x_transform=none,log_target=False",10,0.59543344,0.17248244,0.37408945,-0.62452196
glucose_gL,all_known,eem_parafac_scores,parafac_rank_selected,krr,"kernel=rbf,alpha=0.1,gamma_scale=2.0,max_features=192,x_transform=none,log_target=False",10,0.59543344,0.17248244,0.37408945,-0.62452196
glucose_gL,all_known,raman_preprocessed_als_sg0_snv_area,als_sg0_snv_area,krr,"kernel=rbf,alpha=0.1,gamma_scale=1.0,max_features=48,x_transform=l2,log_target=True",10,0.59580075,0.21121789,0.32968284,-0.54558567
glucose_gL,all_known,eem_parafac_scores,parafac_rank_selected,krr,"kernel=rbf,alpha=0.01,gamma_scale=2.0,max_features=12,x_transform=none,log_target=False",10,0.59617522,0.16945623,0.3713917,-0.64077687
glucose_gL,all_known,eem_parafac_scores,parafac_rank_selected,krr,"kernel=rbf,alpha=0.01,gamma_scale=2.0,max_features=48,x_transform=none,log_target=False",10,0.59617522,0.16945623,0.3713917,-0.64077687
glucose_gL,all_known,eem_parafac_scores,parafac_rank_selected,krr,"kernel=rbf,alpha=0.01,gamma_scale=2.0,max_features=192,x_transform=none,log_target=False",10,0.59617522,0.16945623,0.3713917,-0.64077687
glucose_gL,all_known,raman_preprocessed_als_sg2_snv,als_sg2_snv,weighted_knn,"k=5,metric=manhattan,max_features=48,x_transform=none,log_target=False",10,0.59628668,0.20355475,0.34338087,-0.67173586
glucose_gL,all_known,raman_preprocessed_als_sg2_snv,als_sg2_snv,krr,"kernel=rbf,alpha=0.01,gamma_scale=2.0,max_features=48,x_transform=none,log_target=False",10,0.59690534,0.20066843,0.35639174,-0.56591163
glucose_gL,all_known,parafac_raman_fusion_als_sg2_snv,als_sg2_snv+parafac,weighted_knn,"k=5,metric=manhattan,max_features=12,x_transform=l2,log_target=True",10,0.59727283,0.20475699,0.33438372,-0.5685088
glucose_gL,all_known,raman_preprocessed_als_sg0_snv_area,als_sg0_snv_area,krr,"kernel=rbf,alpha=0.01,gamma_scale=1.0,max_features=192,x_transform=none,log_target=True",10,0.59757934,0.19334276,0.33503948,-0.64606213
glucose_gL,all_known,parafac_raman_fusion_als_sg0_snv_area,als_sg0_snv_area+parafac,krr,"kernel=laplacian,alpha=0.1,gamma_scale=2.0,max_features=48,x_transform=none,log_target=False",10,0.59759706,0.17193696,0.36261463,-0.6582514
glucose_gL,all_known,raman_preprocessed_als_sg2_snv,als_sg2_snv,weighted_knn,"k=5,metric=manhattan,max_features=192,x_transform=none,log_target=True",10,0.59790507,0.17907392,0.35685533,-0.718753
glucose_gL,all_known,parafac_raman_fusion_als_sg0_snv_area,als_sg0_snv_area+parafac,krr,"kernel=laplacian,alpha=0.01,gamma_scale=2.0,max_features=12,x_transform=l2,log_target=True",10,0.59819242,0.22218284,0.3222888,-0.49298171
glucose_gL,all_known,raman_preprocessed_als_sg0_snv_area,als_sg0_snv_area,krr,"kernel=laplacian,alpha=0.01,gamma_scale=2.0,max_features=48,x_transform=none,log_target=False",10,0.59824881,0.18270151,0.36225007,-0.63670715
glucose_gL,all_known,raman_preprocessed_als_sg0_snv_area,als_sg0_snv_area,krr,"kernel=rbf,alpha=0.1,gamma_scale=1.0,max_features=12,x_transform=l2,log_target=True",10,0.60008502,0.22740348,0.32844444,-0.56470915
glucose_gL,all_known,eem_parafac_scores,parafac_rank_selected,krr,"kernel=rbf,alpha=0.01,gamma_scale=1.0,max_features=12,x_transform=none,log_target=False",10,0.6002666,0.17092229,0.38240099,-0.64987937
glucose_gL,all_known,eem_parafac_scores,parafac_rank_selected,krr,"kernel=rbf,alpha=0.01,gamma_scale=1.0,max_features=48,x_transform=none,log_target=False",10,0.6002666,0.17092229,0.38240099,-0.64987937
glucose_gL,all_known,eem_parafac_scores,parafac_rank_selected,krr,"kernel=rbf,alpha=0.01,gamma_scale=1.0,max_features=192,x_transform=none,log_target=False",10,0.6002666,0.17092229,0.38240099,-0.64987937
glucose_gL,all_known,parafac_raman_fusion_als_sg2_snv,als_sg2_snv+parafac,krr,"kernel=rbf,alpha=0.1,gamma_scale=2.0,max_features=12,x_transform=none,log_target=False",10,0.60113223,0.20195795,0.36453786,-0.59811376
glucose_gL,all_known,raman_preprocessed_als_sg2_snv,als_sg2_snv,krr,"kernel=rbf,alpha=0.01,gamma_scale=2.0,max_features=12,x_transform=none,log_target=False",10,0.60156922,0.21953809,0.39072656,-0.56761867
glucose_gL,all_known,eem_parafac_scores,parafac_rank_selected,krr,"kernel=laplacian,alpha=0.1,gamma_scale=2.0,max_features=12,x_transform=none,log_target=True",10,0.60225811,0.19278427,0.32573756,-0.72229275
glucose_gL,all_known,eem_parafac_scores,parafac_rank_selected,krr,"kernel=laplacian,alpha=0.1,gamma_scale=2.0,max_features=48,x_transform=none,log_target=True",10,0.60225811,0.19278427,0.32573756,-0.72229275
glucose_gL,all_known,eem_parafac_scores,parafac_rank_selected,krr,"kernel=laplacian,alpha=0.1,gamma_scale=2.0,max_features=192,x_transform=none,log_target=True",10,0.60225811,0.19278427,0.32573756,-0.72229275
glucose_gL,all_known,raman_preprocessed_als_sg0_snv_area,als_sg0_snv_area,krr,"kernel=laplacian,alpha=0.1,gamma_scale=2.0,max_features=48,x_transform=l2,log_target=False",10,0.60283377,0.18652592,0.37904651,-0.66200648
glucose_gL,all_known,parafac_raman_fusion_als_sg2_snv,als_sg2_snv+parafac,krr,"kernel=rbf,alpha=0.1,gamma_scale=2.0,max_features=48,x_transform=none,log_target=False",10,0.60384104,0.18965241,0.36270162,-0.62811106
glucose_gL,all_known,parafac_raman_fusion_als_sg0_snv_area,als_sg0_snv_area+parafac,krr,"kernel=rbf,alpha=0.1,gamma_scale=1.0,max_features=48,x_transform=l2,log_target=True",10,0.60410732,0.19618907,0.34351799,-0.62929685
glucose_gL,all_known,parafac_raman_fusion_als_sg0_snv_area,als_sg0_snv_area+parafac,krr,"kernel=laplacian,alpha=0.1,gamma_scale=1.0,max_features=192,x_transform=l2,log_target=False",10,0.60447398,0.17543794,0.39515983,-0.69309303
glucose_gL,all_known,raman_preprocessed_als_sg0_snv_area,als_sg0_snv_area,krr,"kernel=laplacian,alpha=0.1,gamma_scale=1.0,max_features=192,x_transform=l2,log_target=False",10,0.60481901,0.17705345,0.3944121,-0.7036954
glucose_gL,all_known,parafac_raman_fusion_als_sg0_snv_area,als_sg0_snv_area+parafac,krr,"kernel=laplacian,alpha=0.1,gamma_scale=1.0,max_features=12,x_transform=l2,log_target=True",10,0.60567493,0.2135449,0.33346614,-0.56637727
glucose_gL,all_known,parafac_raman_fusion_als_sg0_snv_area,als_sg0_snv_area+parafac,krr,"kernel=laplacian,alpha=0.01,gamma_scale=2.0,max_features=48,x_transform=none,log_target=False",10,0.60588541,0.16941278,0.36833297,-0.7262799
glucose_gL,all_known,parafac_raman_fusion_als_sg0_snv_area,als_sg0_snv_area+parafac,krr,"kernel=laplacian,alpha=0.1,gamma_scale=1.0,max_features=192,x_transform=none,log_target=False",10,0.60648843,0.16922143,0.39194094,-0.7170372
glucose_gL,all_known,raman_preprocessed_als_sg2_snv,als_sg2_snv,krr,"kernel=laplacian,alpha=0.1,gamma_scale=1.0,max_features=48,x_transform=none,log_target=False",10,0.60653206,0.1778421,0.39376259,-0.70528717
glucose_gL,all_known,raman_preprocessed_als_sg0_snv_area,als_sg0_snv_area,weighted_knn,"k=5,metric=manhattan,max_features=192,x_transform=l2,log_target=True",10,0.60665443,0.17693965,0.33551403,-0.73883338
glucose_gL,all_known,raman_preprocessed_als_sg0_snv_area,als_sg0_snv_area,krr,"kernel=laplacian,alpha=0.01,gamma_scale=1.0,max_features=12,x_transform=l2,log_target=True",10,0.60842855,0.23562428,0.32564335,-0.60147658
glucose_gL,all_known,raman_preprocessed_als_sg0_snv_area,als_sg0_snv_area,weighted_knn,"k=5,metric=correlation,max_features=12,x_transform=none,log_target=True",10,0.60851281,0.2296408,0.32794492,-0.72220874
glucose_gL,all_known,raman_preprocessed_als_sg0_snv_area,als_sg0_snv_area,weighted_knn,"k=5,metric=correlation,max_features=12,x_transform=l2,log_target=True",10,0.60851281,0.2296408,0.32794492,-0.72220874
glucose_gL,all_known,raman_preprocessed_als_sg2_snv,als_sg2_snv,krr,"kernel=rbf,alpha=0.1,gamma_scale=1.0,max_features=12,x_transform=none,log_target=False",10,0.60864032,0.21438969,0.39855134,-0.63357069
glucose_gL,all_known,parafac_raman_fusion_als_sg2_snv,als_sg2_snv+parafac,weighted_knn,"k=3,metric=manhattan,max_features=48,x_transform=none,log_target=False",10,0.60867482,0.1580038,0.34564302,-0.96930042
glucose_gL,all_known,raman_preprocessed_als_sg0_snv_area,als_sg0_snv_area,krr,"kernel=laplacian,alpha=0.1,gamma_scale=1.0,max_features=192,x_transform=none,log_target=False",10,0.60876934,0.17053658,0.39285617,-0.74820736
glucose_gL,all_known,parafac_raman_fusion_als_sg2_snv,als_sg2_snv+parafac,krr,"kernel=rbf,alpha=0.01,gamma_scale=1.0,max_features=48,x_transform=l2,log_target=True",10,0.61049362,0.1934022,0.34322638,-0.64848779
glucose_gL,all_known,parafac_raman_fusion_als_sg2_snv,als_sg2_snv+parafac,weighted_knn,"k=5,metric=correlation,max_features=12,x_transform=none,log_target=True",10,0.61145974,0.20058276,0.32870381,-0.64763406
glucose_gL,all_known,parafac_raman_fusion_als_sg2_snv,als_sg2_snv+parafac,weighted_knn,"k=5,metric=correlation,max_features=12,x_transform=l2,log_target=True",10,0.61145974,0.20058276,0.32870381,-0.64763406
glucose_gL,all_known,raman_preprocessed_als_sg2_snv,als_sg2_snv,krr,"kernel=rbf,alpha=0.01,gamma_scale=1.0,max_features=12,x_transform=l2,log_target=True",10,0.6117923,0.24990406,0.35584553,-0.54423486
glucose_gL,all_known,parafac_raman_fusion_als_sg0_snv_area,als_sg0_snv_area+parafac,krr,"kernel=laplacian,alpha=0.01,gamma_scale=1.0,max_features=12,x_transform=none,log_target=True",10,0.6128779,0.20445693,0.33709195,-0.63555221
glucose_gL,all_known,raman_preprocessed_als_sg0_snv_area,als_sg0_snv_area,krr,"kernel=laplacian,alpha=0.01,gamma_scale=2.0,max_features=48,x_transform=l2,log_target=False",10,0.61294574,0.18495,0.38605072,-0.7379254
glucose_gL,all_known,parafac_raman_fusion_als_sg0_snv_area,als_sg0_snv_area+parafac,krr,"kernel=laplacian,alpha=0.1,gamma_scale=2.0,max_features=48,x_transform=l2,log_target=False",10,0.61305971,0.17213222,0.38544012,-0.76417796
glucose_gL,all_known,parafac_raman_fusion_als_sg2_snv,als_sg2_snv+parafac,krr,"kernel=rbf,alpha=0.01,gamma_scale=2.0,max_features=12,x_transform=l2,log_target=True",10,0.6138495,0.21586091,0.3376727,-0.61717286
glucose_gL,all_known,parafac_raman_fusion_als_sg2_snv,als_sg2_snv+parafac,krr,"kernel=rbf,alpha=0.01,gamma_scale=2.0,max_features=48,x_transform=none,log_target=False",10,0.61448459,0.18579233,0.37223083,-0.71181278
glucose_gL,all_known,raman_preprocessed_als_sg0_snv_area,als_sg0_snv_area,krr,"kernel=rbf,alpha=0.1,gamma_scale=2.0,max_features=12,x_transform=l2,log_target=True",10,0.61705336,0.23023062,0.32807067,-0.72239605
glucose_gL,all_known,parafac_raman_fusion_als_sg0_snv_area,als_sg0_snv_area+parafac,weighted_knn,"k=5,metric=manhattan,max_features=48,x_transform=l2,log_target=True",10,0.61750271,0.16257556,0.34511668,-0.8341513
glucose_gL,all_known,raman_preprocessed_als_sg0_snv_area,als_sg0_snv_area,weighted_knn,"k=5,metric=manhattan,max_features=12,x_transform=l2,log_target=True",10,0.6176407,0.21583028,0.33488155,-0.70735386
glucose_gL,all_known,parafac_raman_fusion_als_sg2_snv,als_sg2_snv+parafac,krr,"kernel=laplacian,alpha=0.1,gamma_scale=2.0,max_features=12,x_transform=l2,log_target=False",10,0.61795719,0.20224882,0.38804072,-0.69429972
glucose_gL,all_known,parafac_raman_fusion_als_sg0_snv_area,als_sg0_snv_area+parafac,krr,"kernel=laplacian,alpha=0.01,gamma_scale=1.0,max_features=192,x_transform=l2,log_target=False",10,0.6193014,0.17136597,0.40648527,-0.8114185
glucose_gL,all_known,parafac_raman_fusion_als_sg2_snv,als_sg2_snv+parafac,krr,"kernel=laplacian,alpha=0.1,gamma_scale=1.0,max_features=48,x_transform=none,log_target=False",10,0.61992246,0.1750412,0.40963341,-0.76156744
glucose_gL,all_known,raman_preprocessed_als_sg0_snv_area,als_sg0_snv_area,weighted_knn,"k=5,metric=correlation,max_features=192,x_transform=l2,log_target=True",10,0.62023282,0.1945684,0.35632142,-0.85680972
glucose_gL,all_known,raman_preprocessed_als_sg0_snv_area,als_sg0_snv_area,weighted_knn,"k=5,metric=correlation,max_features=192,x_transform=none,log_target=True",10,0.62023282,0.1945684,0.35632142,-0.85680972
glucose_gL,all_known,raman_preprocessed_als_sg0_snv_area,als_sg0_snv_area,krr,"kernel=laplacian,alpha=0.01,gamma_scale=1.0,max_features=192,x_transform=l2,log_target=False",10,0.62052931,0.17265089,0.40634125,-0.82908847
glucose_gL,all_known,parafac_raman_fusion_als_sg2_snv,als_sg2_snv+parafac,krr,"kernel=laplacian,alpha=0.1,gamma_scale=1.0,max_features=12,x_transform=none,log_target=False",10,0.62053222,0.19287347,0.40455115,-0.71257393
glucose_gL,all_known,parafac_raman_fusion_als_sg0_snv_area,als_sg0_snv_area+parafac,krr,"kernel=laplacian,alpha=0.01,gamma_scale=1.0,max_features=192,x_transform=none,log_target=False",10,0.6217312,0.16385564,0.40395283,-0.84130865
glucose_gL,all_known,raman_preprocessed_als_sg2_snv,als_sg2_snv,krr,"kernel=laplacian,alpha=0.01,gamma_scale=1.0,max_features=48,x_transform=none,log_target=False",10,0.62176155,0.17010221,0.40591589,-0.83456742
glucose_gL,all_known,raman_preprocessed_als_sg0_snv_area,als_sg0_snv_area,krr,"kernel=rbf,alpha=0.01,gamma_scale=1.0,max_features=48,x_transform=none,log_target=True",10,0.62192107,0.19666706,0.33728146,-0.7790232
glucose_gL,all_known,parafac_raman_fusion_als_sg0_snv_area,als_sg0_snv_area+parafac,krr,"kernel=laplacian,alpha=0.01,gamma_scale=2.0,max_features=48,x_transform=l2,log_target=False",10,0.62274637,0.16999803,0.39145303,-0.84325338
glucose_gL,all_known,raman_preprocessed_als_sg0_snv_area,als_sg0_snv_area,weighted_knn,"k=5,metric=manhattan,max_features=48,x_transform=l2,log_target=True",10,0.62335491,0.1882262,0.34222917,-0.87316928
glucose_gL,all_known,raman_preprocessed_als_sg2_snv,als_sg2_snv,krr,"kernel=laplacian,alpha=0.1,gamma_scale=1.0,max_features=48,x_transform=l2,log_target=False",10,0.62412052,0.16682173,0.41548617,-0.85944589
glucose_gL,all_known,parafac_raman_fusion_als_sg0_snv_area,als_sg0_snv_area+parafac,krr,"kernel=rbf,alpha=0.01,gamma_scale=1.0,max_features=48,x_transform=none,log_target=True",10,0.6241564,0.19026576,0.35059106,-0.79305154
glucose_gL,all_known,raman_preprocessed_als_sg0_snv_area,als_sg0_snv_area,krr,"kernel=laplacian,alpha=0.01,gamma_scale=1.0,max_features=192,x_transform=none,log_target=False",10,0.62443999,0.16547418,0.40473288,-0.87681145
glucose_gL,all_known,parafac_raman_fusion_als_sg2_snv,als_sg2_snv+parafac,krr,"kernel=rbf,alpha=0.01,gamma_scale=2.0,max_features=12,x_transform=none,log_target=False",10,0.62585925,0.19784708,0.40263649,-0.79966946
glucose_gL,all_known,parafac_raman_fusion_als_sg0_snv_area,als_sg0_snv_area+parafac,krr,"kernel=rbf,alpha=0.1,gamma_scale=1.0,max_features=12,x_transform=none,log_target=True",10,0.62626396,0.21675168,0.34143663,-0.68829053
glucose_gL,all_known,parafac_raman_fusion_als_sg0_snv_area,als_sg0_snv_area+parafac,weighted_knn,"k=5,metric=correlation,max_features=192,x_transform=none,log_target=True",10,0.6262871,0.18852295,0.36192277,-0.85207103
glucose_gL,all_known,parafac_raman_fusion_als_sg0_snv_area,als_sg0_snv_area+parafac,weighted_knn,"k=5,metric=correlation,max_features=192,x_transform=l2,log_target=True",10,0.6262871,0.18852295,0.36192277,-0.85207103
glucose_gL,all_known,raman_preprocessed_als_sg2_snv,als_sg2_snv,krr,"kernel=laplacian,alpha=0.1,gamma_scale=1.0,max_features=12,x_transform=l2,log_target=False",10,0.62695239,0.20427595,0.41968523,-0.79590397
glucose_gL,all_known,raman_preprocessed_als_sg0_snv_area,als_sg0_snv_area,krr,"kernel=rbf,alpha=0.01,gamma_scale=1.0,max_features=48,x_transform=l2,log_target=True",10,0.62749887,0.20985354,0.34956928,-0.77147132
glucose_gL,all_known,parafac_raman_fusion_als_sg2_snv,als_sg2_snv+parafac,weighted_knn,"k=3,metric=manhattan,max_features=12,x_transform=l2,log_target=True",10,0.62798716,0.18687188,0.343847,-0.82867908
glucose_gL,all_known,parafac_raman_fusion_als_sg2_snv,als_sg2_snv+parafac,krr,"kernel=laplacian,alpha=0.01,gamma_scale=2.0,max_features=12,x_transform=l2,log_target=False",10,0.62833799,0.20073719,0.39657594,-0.7715803
glucose_gL,all_known,parafac_raman_fusion_als_sg0_snv_area,als_sg0_snv_area+parafac,krr,"kernel=rbf,alpha=0.1,gamma_scale=1.0,max_features=12,x_transform=l2,log_target=True",10,0.62904878,0.19754267,0.35987727,-0.762224
glucose_gL,all_known,raman_preprocessed_als_sg2_snv,als_sg2_snv,krr,"kernel=rbf,alpha=0.1,gamma_scale=1.0,max_features=192,x_transform=l2,log_target=False",10,0.62958677,0.18393081,0.43782731,-0.83303988
glucose_gL,all_known,raman_preprocessed_als_sg0_snv_area,als_sg0_snv_area,krr,"kernel=rbf,alpha=0.1,gamma_scale=1.0,max_features=12,x_transform=none,log_target=True",10,0.63084757,0.22927923,0.32852946,-0.7584467
glucose_gL,all_known,parafac_raman_fusion_als_sg2_snv,als_sg2_snv+parafac,krr,"kernel=laplacian,alpha=0.01,gamma_scale=1.0,max_features=12,x_transform=none,log_target=False",10,0.63188774,0.18610787,0.41712971,-0.80965629
glucose_gL,all_known,raman_preprocessed_als_sg0_snv_area,als_sg0_snv_area,krr,"kernel=rbf,alpha=0.1,gamma_scale=2.0,max_features=192,x_transform=l2,log_target=False",10,0.63206998,0.16956291,0.40934331,-0.96479428
glucose_gL,all_known,parafac_raman_fusion_als_sg0_snv_area,als_sg0_snv_area+parafac,krr,"kernel=rbf,alpha=0.1,gamma_scale=2.0,max_features=12,x_transform=none,log_target=True",10,0.63265498,0.21455473,0.33688496,-0.74402124
glucose_gL,all_known,parafac_raman_fusion_als_sg0_snv_area,als_sg0_snv_area+parafac,krr,"kernel=rbf,alpha=0.01,gamma_scale=1.0,max_features=48,x_transform=l2,log_target=True",10,0.63277387,0.19518963,0.36344558,-0.8437183
glucose_gL,all_known,parafac_raman_fusion_als_sg0_snv_area,als_sg0_snv_area+parafac,weighted_knn,"k=3,metric=manhattan,max_features=12,x_transform=none,log_target=True",10,0.63278283,0.17094667,0.32099181,-0.9752561
glucose_gL,all_known,parafac_raman_fusion_als_sg0_snv_area,als_sg0_snv_area+parafac,krr,"kernel=rbf,alpha=0.1,gamma_scale=2.0,max_features=192,x_transform=l2,log_target=False",10,0.6329761,0.16552339,0.4123666,-0.95851319
glucose_gL,all_known,parafac_raman_fusion_als_sg0_snv_area,als_sg0_snv_area+parafac,weighted_knn,"k=5,metric=correlation,max_features=12,x_transform=none,log_target=True",10,0.63341001,0.20748625,0.35265088,-0.8162677
glucose_gL,all_known,parafac_raman_fusion_als_sg0_snv_area,als_sg0_snv_area+parafac,weighted_knn,"k=5,metric=correlation,max_features=12,x_transform=l2,log_target=True",10,0.63341001,0.20748625,0.35265088,-0.8162677
glucose_gL,all_known,raman_preprocessed_als_sg2_snv,als_sg2_snv,weighted_knn,"k=5,metric=correlation,max_features=48,x_transform=none,log_target=True",10,0.63350177,0.16135403,0.36847783,-1.004767
glucose_gL,all_known,raman_preprocessed_als_sg2_snv,als_sg2_snv,weighted_knn,"k=5,metric=correlation,max_features=48,x_transform=l2,log_target=True",10,0.63350177,0.16135403,0.36847783,-1.004767
glucose_gL,all_known,raman_preprocessed_als_sg2_snv,als_sg2_snv,krr,"kernel=rbf,alpha=0.1,gamma_scale=1.0,max_features=192,x_transform=none,log_target=False",10,0.63366226,0.18068304,0.44050807,-0.87340569
glucose_gL,all_known,parafac_raman_fusion_als_sg0_snv_area,als_sg0_snv_area+parafac,weighted_knn,"k=3,metric=manhattan,max_features=192,x_transform=none,log_target=True",10,0.63375527,0.15942043,0.33977537,-1.1222011
glucose_gL,all_known,parafac_raman_fusion_als_sg2_snv,als_sg2_snv+parafac,krr,"kernel=laplacian,alpha=0.01,gamma_scale=1.0,max_features=48,x_transform=none,log_target=False",10,0.6342616,0.16877569,0.42261002,-0.87788125
glucose_gL,all_known,raman_preprocessed_als_sg2_snv,als_sg2_snv,krr,"kernel=rbf,alpha=0.1,gamma_scale=2.0,max_features=48,x_transform=l2,log_target=False",10,0.63541599,0.18344688,0.40124276,-0.87251618
glucose_gL,all_known,parafac_raman_fusion_als_sg2_snv,als_sg2_snv+parafac,krr,"kernel=rbf,alpha=0.1,gamma_scale=1.0,max_features=12,x_transform=none,log_target=False",10,0.63569484,0.18604511,0.40758005,-0.86553555
glucose_gL,all_known,parafac_raman_fusion_als_sg2_snv,als_sg2_snv+parafac,krr,"kernel=laplacian,alpha=0.1,gamma_scale=1.0,max_features=48,x_transform=l2,log_target=False",10,0.63766554,0.16787924,0.42994341,-0.90408364
glucose_gL,all_known,parafac_raman_fusion_als_sg2_snv,als_sg2_snv+parafac,krr,"kernel=rbf,alpha=0.1,gamma_scale=1.0,max_features=192,x_transform=l2,log_target=False",10,0.63784904,0.17399332,0.44614921,-0.87535386
glucose_gL,all_known,parafac_raman_fusion_als_sg0_snv_area,als_sg0_snv_area+parafac,weighted_knn,"k=5,metric=manhattan,max_features=12,x_transform=l2,log_target=True",10,0.63803002,0.17861192,0.34723947,-0.89888762
glucose_gL,all_known,parafac_raman_fusion_als_sg0_snv_area,als_sg0_snv_area+parafac,weighted_knn,"k=3,metric=correlation,max_features=192,x_transform=none,log_target=True",10,0.638323,0.19236344,0.35906922,-0.99036553
glucose_gL,all_known,parafac_raman_fusion_als_sg0_snv_area,als_sg0_snv_area+parafac,weighted_knn,"k=3,metric=correlation,max_features=192,x_transform=l2,log_target=True",10,0.638323,0.19236344,0.35906922,-0.99036553
glucose_gL,all_known,parafac_raman_fusion_als_sg0_snv_area,als_sg0_snv_area+parafac,krr,"kernel=laplacian,alpha=0.01,gamma_scale=1.0,max_features=12,x_transform=l2,log_target=True",10,0.64103467,0.21075362,0.35184876,-0.81394929
glucose_gL,all_known,raman_preprocessed_als_sg0_snv_area,als_sg0_snv_area,krr,"kernel=laplacian,alpha=0.1,gamma_scale=1.0,max_features=48,x_transform=none,log_target=False",10,0.64148329,0.17572403,0.41367746,-0.95654874
glucose_gL,all_known,parafac_raman_fusion_als_sg2_snv,als_sg2_snv+parafac,krr,"kernel=rbf,alpha=0.1,gamma_scale=1.0,max_features=192,x_transform=none,log_target=False",10,0.64241567,0.17053842,0.45012523,-0.91427193
glucose_gL,all_known,raman_preprocessed_als_sg2_snv,als_sg2_snv,weighted_knn,"k=5,metric=manhattan,max_features=48,x_transform=l2,log_target=True",10,0.64334294,0.18348545,0.36583231,-1.0564851
glucose_gL,all_known,raman_preprocessed_als_sg2_snv,als_sg2_snv,krr,"kernel=laplacian,alpha=0.01,gamma_scale=1.0,max_features=48,x_transform=l2,log_target=False",10,0.64409476,0.15694804,0.43199977,-1.0376052
glucose_gL,all_known,parafac_raman_fusion_als_sg0_snv_area,als_sg0_snv_area+parafac,krr,"kernel=rbf,alpha=0.1,gamma_scale=2.0,max_features=192,x_transform=none,log_target=False",10,0.6456455,0.15165162,0.40685273,-1.1009327
glucose_gL,all_known,parafac_raman_fusion_als_sg0_snv_area,als_sg0_snv_area+parafac,krr,"kernel=rbf,alpha=0.1,gamma_scale=2.0,max_features=12,x_transform=l2,log_target=True",10,0.646524,0.20532077,0.3619546,-0.86623891
glucose_gL,all_known,raman_preprocessed_als_sg0_snv_area,als_sg0_snv_area,krr,"kernel=rbf,alpha=0.01,gamma_scale=2.0,max_features=192,x_transform=l2,log_target=False",10,0.64694073,0.1677951,0.41967708,-1.0952245
glucose_gL,all_known,parafac_raman_fusion_als_sg0_snv_area,als_sg0_snv_area+parafac,krr,"kernel=rbf,alpha=0.01,gamma_scale=2.0,max_features=192,x_transform=l2,log_target=False",10,0.64713703,0.16350881,0.422773,-1.0815856
glucose_gL,all_known,raman_preprocessed_als_sg2_snv,als_sg2_snv,weighted_knn,"k=3,metric=correlation,max_features=192,x_transform=none,log_target=True",10,0.64739169,0.17875379,0.35355879,-1.0437954
glucose_gL,all_known,raman_preprocessed_als_sg2_snv,als_sg2_snv,weighted_knn,"k=3,metric=correlation,max_features=192,x_transform=l2,log_target=True",10,0.64739169,0.17875379,0.35355879,-1.0437954
glucose_gL,all_known,parafac_raman_fusion_als_sg0_snv_area,als_sg0_snv_area+parafac,krr,"kernel=laplacian,alpha=0.1,gamma_scale=1.0,max_features=48,x_transform=none,log_target=False",10,0.64881369,0.1616462,0.41589891,-1.0631973
glucose_gL,all_known,parafac_raman_fusion_als_sg2_snv,als_sg2_snv+parafac,weighted_knn,"k=5,metric=correlation,max_features=48,x_transform=none,log_target=True",10,0.64907894,0.16024272,0.38613839,-1.1237809
glucose_gL,all_known,parafac_raman_fusion_als_sg2_snv,als_sg2_snv+parafac,weighted_knn,"k=5,metric=correlation,max_features=48,x_transform=l2,log_target=True",10,0.64907894,0.16024272,0.38613839,-1.1237809
glucose_gL,all_known,raman_preprocessed_als_sg2_snv,als_sg2_snv,krr,"kernel=laplacian,alpha=0.01,gamma_scale=1.0,max_features=12,x_transform=l2,log_target=False",10,0.64919495,0.20128824,0.44054994,-0.96465467
glucose_gL,all_known,raman_preprocessed_als_sg0_snv_area,als_sg0_snv_area,krr,"kernel=rbf,alpha=0.1,gamma_scale=2.0,max_features=12,x_transform=none,log_target=True",10,0.64938263,0.23039291,0.32365547,-0.9231234
glucose_gL,all_known,raman_preprocessed_als_sg0_snv_area,als_sg0_snv_area,krr,"kernel=rbf,alpha=0.1,gamma_scale=2.0,max_features=192,x_transform=none,log_target=False",10,0.650088,0.15396898,0.4074413,-1.1680594
glucose_gL,all_known,raman_preprocessed_als_sg0_snv_area,als_sg0_snv_area,krr,"kernel=laplacian,alpha=0.1,gamma_scale=2.0,max_features=12,x_transform=none,log_target=False",10,0.65143086,0.17941199,0.38391741,-1.0312394
glucose_gL,all_known,raman_preprocessed_als_sg2_snv,als_sg2_snv,weighted_knn,"k=3,metric=manhattan,max_features=192,x_transform=l2,log_target=True",10,0.65191803,0.22443011,0.36809802,-0.93483677
glucose_gL,all_known,parafac_raman_fusion_als_sg2_snv,als_sg2_snv+parafac,krr,"kernel=rbf,alpha=0.1,gamma_scale=2.0,max_features=48,x_transform=l2,log_target=False",10,0.65294884,0.16850825,0.41845058,-1.0234698
glucose_gL,all_known,raman_preprocessed_als_sg2_snv,als_sg2_snv,weighted_knn,"k=5,metric=manhattan,max_features=12,x_transform=l2,log_target=False",10,0.65341594,0.19963888,0.40905652,-1.0732426
glucose_gL,all_known,parafac_raman_fusion_als_sg2_snv,als_sg2_snv+parafac,weighted_knn,"k=3,metric=manhattan,max_features=192,x_transform=l2,log_target=True",10,0.65412695,0.22340656,0.37354543,-0.96725941
glucose_gL,all_known,raman_preprocessed_als_sg2_snv,als_sg2_snv,krr,"kernel=rbf,alpha=0.01,gamma_scale=2.0,max_features=48,x_transform=l2,log_target=False",10,0.65451078,0.17977425,0.41675393,-1.0232024
glucose_gL,all_known,parafac_raman_fusion_als_sg2_snv,als_sg2_snv+parafac,krr,"kernel=rbf,alpha=0.01,gamma_scale=1.0,max_features=12,x_transform=l2,log_target=True",10,0.65568283,0.19969607,0.37538274,-0.94908044
glucose_gL,all_known,parafac_raman_fusion_als_sg2_snv,als_sg2_snv+parafac,krr,"kernel=laplacian,alpha=0.01,gamma_scale=1.0,max_features=48,x_transform=l2,log_target=False",10,0.65607589,0.16046371,0.44543724,-1.059478
glucose_gL,all_known,raman_preprocessed_als_sg0_snv_area,als_sg0_snv_area,weighted_knn,"k=3,metric=manhattan,max_features=12,x_transform=none,log_target=True",10,0.65627669,0.22932501,0.31231103,-1.1896089
glucose_gL,all_known,raman_preprocessed_als_sg2_snv,als_sg2_snv,weighted_knn,"k=3,metric=manhattan,max_features=48,x_transform=none,log_target=False",10,0.6563847,0.1879736,0.35516932,-1.2366056
glucose_gL,all_known,raman_preprocessed_als_sg0_snv_area,als_sg0_snv_area,krr,"kernel=laplacian,alpha=0.1,gamma_scale=1.0,max_features=48,x_transform=l2,log_target=False",10,0.65720308,0.17282631,0.43331619,-1.086656
glucose_gL,all_known,parafac_raman_fusion_als_sg2_snv,als_sg2_snv+parafac,weighted_knn,"k=5,metric=manhattan,max_features=48,x_transform=l2,log_target=True",10,0.65843316,0.16183997,0.38038251,-1.0959719
glucose_gL,all_known,raman_preprocessed_als_sg2_snv,als_sg2_snv,weighted_knn,"k=5,metric=correlation,max_features=12,x_transform=none,log_target=False",10,0.65888074,0.18315459,0.400455,-1.1709995
glucose_gL,all_known,raman_preprocessed_als_sg2_snv,als_sg2_snv,weighted_knn,"k=5,metric=correlation,max_features=12,x_transform=l2,log_target=False",10,0.65888074,0.18315459,0.400455,-1.1709995
glucose_gL,all_known,parafac_raman_fusion_als_sg2_snv,als_sg2_snv+parafac,krr,"kernel=laplacian,alpha=0.1,gamma_scale=1.0,max_features=12,x_transform=l2,log_target=False",10,0.66001804,0.18990994,0.43431621,-1.0401972
glucose_gL,all_known,raman_preprocessed_als_sg2_snv,als_sg2_snv,krr,"kernel=rbf,alpha=0.01,gamma_scale=1.0,max_features=192,x_transform=l2,log_target=False",10,0.6603941,0.17692071,0.46699032,-1.0806946
glucose_gL,all_known,eem_parafac_scores,parafac_rank_selected,krr,"kernel=laplacian,alpha=0.1,gamma_scale=1.0,max_features=12,x_transform=none,log_target=False",10,0.6611074,0.1649404,0.39518567,-1.3842736
glucose_gL,all_known,eem_parafac_scores,parafac_rank_selected,krr,"kernel=laplacian,alpha=0.1,gamma_scale=1.0,max_features=48,x_transform=none,log_target=False",10,0.6611074,0.1649404,0.39518567,-1.3842736
glucose_gL,all_known,eem_parafac_scores,parafac_rank_selected,krr,"kernel=laplacian,alpha=0.1,gamma_scale=1.0,max_features=192,x_transform=none,log_target=False",10,0.6611074,0.1649404,0.39518567,-1.3842736
glucose_gL,all_known,raman_preprocessed_als_sg0_snv_area,als_sg0_snv_area,weighted_knn,"k=5,metric=correlation,max_features=48,x_transform=l2,log_target=True",10,0.66141099,0.15507919,0.35901184,-1.282177
glucose_gL,all_known,raman_preprocessed_als_sg0_snv_area,als_sg0_snv_area,weighted_knn,"k=5,metric=correlation,max_features=48,x_transform=none,log_target=True",10,0.66141099,0.15507919,0.35901184,-1.282177
glucose_gL,all_known,parafac_raman_fusion_als_sg0_snv_area,als_sg0_snv_area+parafac,weighted_knn,"k=3,metric=manhattan,max_features=192,x_transform=l2,log_target=True",10,0.66161362,0.21698928,0.34750059,-1.0995732
glucose_gL,all_known,raman_preprocessed_als_sg0_snv_area,als_sg0_snv_area,weighted_knn,"k=3,metric=manhattan,max_features=192,x_transform=none,log_target=True",10,0.6621026,0.17832826,0.3504355,-1.5451482
glucose_gL,all_known,raman_preprocessed_als_sg2_snv,als_sg2_snv,krr,"kernel=rbf,alpha=0.1,gamma_scale=1.0,max_features=48,x_transform=none,log_target=False",10,0.6629741,0.17411242,0.42888723,-1.1059964
glucose_gL,all_known,raman_preprocessed_als_sg0_snv_area,als_sg0_snv_area,krr,"kernel=laplacian,alpha=0.01,gamma_scale=1.0,max_features=48,x_transform=none,log_target=False",10,0.66338884,0.1733702,0.43204818,-1.1310522
glucose_gL,all_known,parafac_raman_fusion_als_sg0_snv_area,als_sg0_snv_area+parafac,krr,"kernel=laplacian,alpha=0.1,gamma_scale=1.0,max_features=48,x_transform=l2,log_target=False",10,0.6644715,0.15986781,0.43502714,-1.1837419
glucose_gL,all_known,raman_preprocessed_als_sg0_snv_area,als_sg0_snv_area,weighted_knn,"k=5,metric=manhattan,max_features=12,x_transform=none,log_target=False",10,0.66453881,0.17323462,0.34818002,-1.2516259
glucose_gL,all_known,parafac_raman_fusion_als_sg0_snv_area,als_sg0_snv_area+parafac,krr,"kernel=rbf,alpha=0.01,gamma_scale=2.0,max_features=192,x_transform=none,log_target=False",10,0.66489277,0.14752849,0.42300883,-1.279555
glucose_gL,all_known,raman_preprocessed_als_sg2_snv,als_sg2_snv,krr,"kernel=rbf,alpha=0.1,gamma_scale=2.0,max_features=12,x_transform=l2,log_target=False",10,0.66665088,0.21832034,0.44572233,-0.99652286
glucose_gL,all_known,parafac_raman_fusion_als_sg2_snv,als_sg2_snv+parafac,krr,"kernel=rbf,alpha=0.01,gamma_scale=1.0,max_features=192,x_transform=l2,log_target=False",10,0.66819107,0.16487642,0.47550339,-1.1157962
glucose_gL,all_known,raman_preprocessed_als_sg0_snv_area,als_sg0_snv_area,weighted_knn,"k=3,metric=correlation,max_features=12,x_transform=l2,log_target=True",10,0.66824948,0.2753179,0.34996335,-1.3133278
glucose_gL,all_known,raman_preprocessed_als_sg0_snv_area,als_sg0_snv_area,weighted_knn,"k=3,metric=correlation,max_features=12,x_transform=none,log_target=True",10,0.66824948,0.2753179,0.34996335,-1.3133278
glucose_gL,all_known,raman_preprocessed_als_sg2_snv,als_sg2_snv,krr,"kernel=rbf,alpha=0.01,gamma_scale=1.0,max_features=192,x_transform=none,log_target=False",10,0.6686001,0.17246203,0.47414387,-1.1609914
glucose_gL,all_known,raman_preprocessed_als_sg0_snv_area,als_sg0_snv_area,weighted_knn,"k=3,metric=correlation,max_features=192,x_transform=none,log_target=True",10,0.66869442,0.17879623,0.36756537,-1.367353
glucose_gL,all_known,raman_preprocessed_als_sg0_snv_area,als_sg0_snv_area,weighted_knn,"k=3,metric=correlation,max_features=192,x_transform=l2,log_target=True",10,0.66869442,0.17879623,0.36756537,-1.367353
glucose_gL,all_known,parafac_raman_fusion_als_sg0_snv_area,als_sg0_snv_area+parafac,krr,"kernel=laplacian,alpha=0.1,gamma_scale=2.0,max_features=12,x_transform=none,log_target=False",10,0.66884246,0.16729737,0.3923658,-1.1814143
glucose_gL,all_known,raman_preprocessed_als_sg0_snv_area,als_sg0_snv_area,krr,"kernel=laplacian,alpha=0.01,gamma_scale=2.0,max_features=12,x_transform=none,log_target=False",10,0.66935546,0.17905622,0.39713082,-1.1736558
glucose_gL,all_known,parafac_raman_fusion_als_sg0_snv_area,als_sg0_snv_area+parafac,krr,"kernel=laplacian,alpha=0.01,gamma_scale=1.0,max_features=48,x_transform=none,log_target=False",10,0.66943599,0.15922053,0.43304571,-1.2366818
glucose_gL,all_known,raman_preprocessed_als_sg0_snv_area,als_sg0_snv_area,krr,"kernel=rbf,alpha=0.01,gamma_scale=2.0,max_features=192,x_transform=none,log_target=False",10,0.66984461,0.15019973,0.42319774,-1.3557294
glucose_gL,all_known,parafac_raman_fusion_als_sg2_snv,als_sg2_snv+parafac,krr,"kernel=rbf,alpha=0.01,gamma_scale=2.0,max_features=48,x_transform=l2,log_target=False",10,0.67038898,0.1640456,0.43266229,-1.1703751
glucose_gL,all_known,raman_preprocessed_als_sg0_snv_area,als_sg0_snv_area,krr,"kernel=rbf,alpha=0.1,gamma_scale=2.0,max_features=48,x_transform=none,log_target=False",10,0.67148133,0.16242826,0.40460018,-1.2736427
glucose_gL,all_known,parafac_raman_fusion_als_sg2_snv,als_sg2_snv+parafac,weighted_knn,"k=3,metric=correlation,max_features=192,x_transform=none,log_target=True",10,0.67382363,0.17737251,0.37200853,-1.2783046
glucose_gL,all_known,parafac_raman_fusion_als_sg2_snv,als_sg2_snv+parafac,weighted_knn,"k=3,metric=correlation,max_features=192,x_transform=l2,log_target=True",10,0.67382363,0.17737251,0.37200853,-1.2783046
glucose_gL,all_known,raman_preprocessed_als_sg0_snv_area,als_sg0_snv_area,krr,"kernel=laplacian,alpha=0.1,gamma_scale=2.0,max_features=12,x_transform=l2,log_target=False",10,0.67555038,0.21372876,0.40907212,-1.2277252
glucose_gL,all_known,raman_preprocessed_als_sg2_snv,als_sg2_snv,krr,"kernel=rbf,alpha=0.01,gamma_scale=1.0,max_features=12,x_transform=none,log_target=False",10,0.67660747,0.19118535,0.47584956,-1.1880119
glucose_gL,all_known,parafac_raman_fusion_als_sg2_snv,als_sg2_snv+parafac,krr,"kernel=rbf,alpha=0.01,gamma_scale=1.0,max_features=192,x_transform=none,log_target=False",10,0.67686823,0.16024816,0.48404873,-1.1911215
glucose_gL,all_known,parafac_raman_fusion_als_sg2_snv,als_sg2_snv+parafac,krr,"kernel=rbf,alpha=0.1,gamma_scale=1.0,max_features=48,x_transform=none,log_target=False",10,0.67745295,0.15842337,0.44081604,-1.2446823
glucose_gL,all_known,parafac_raman_fusion_als_sg2_snv,als_sg2_snv+parafac,weighted_knn,"k=3,metric=manhattan,max_features=192,x_transform=none,log_target=True",10,0.67769283,0.13876742,0.40399781,-1.5385624
glucose_gL,all_known,parafac_raman_fusion_als_sg0_snv_area,als_sg0_snv_area+parafac,weighted_knn,"k=5,metric=correlation,max_features=48,x_transform=none,log_target=True",10,0.67769879,0.13418517,0.37724695,-1.3946907
glucose_gL,all_known,parafac_raman_fusion_als_sg0_snv_area,als_sg0_snv_area+parafac,weighted_knn,"k=5,metric=correlation,max_features=48,x_transform=l2,log_target=True",10,0.67769879,0.13418517,0.37724695,-1.3946907
glucose_gL,all_known,parafac_raman_fusion_als_sg0_snv_area,als_sg0_snv_area+parafac,krr,"kernel=rbf,alpha=0.1,gamma_scale=2.0,max_features=48,x_transform=none,log_target=False",10,0.67806165,0.15076594,0.41817559,-1.4108243
glucose_gL,all_known,raman_preprocessed_als_sg2_snv,als_sg2_snv,weighted_knn,"k=3,metric=correlation,max_features=12,x_transform=none,log_target=False",10,0.68143369,0.18766469,0.38434157,-1.4581982
glucose_gL,all_known,raman_preprocessed_als_sg2_snv,als_sg2_snv,weighted_knn,"k=3,metric=correlation,max_features=12,x_transform=l2,log_target=False",10,0.68143369,0.18766469,0.38434157,-1.4581982
glucose_gL,all_known,raman_preprocessed_als_sg0_snv_area,als_sg0_snv_area,krr,"kernel=laplacian,alpha=0.01,gamma_scale=1.0,max_features=48,x_transform=l2,log_target=False",10,0.68328649,0.17013382,0.45368058,-1.3017089
glucose_gL,all_known,raman_preprocessed_als_sg2_snv,als_sg2_snv,weighted_knn,"k=3,metric=manhattan,max_features=192,x_transform=none,log_target=True",10,0.68575209,0.14868513,0.41475978,-1.58026
glucose_gL,all_known,parafac_raman_fusion_als_sg2_snv,als_sg2_snv+parafac,krr,"kernel=laplacian,alpha=0.01,gamma_scale=1.0,max_features=12,x_transform=l2,log_target=False",10,0.68646933,0.18576773,0.45740347,-1.2637249
glucose_gL,all_known,raman_preprocessed_als_sg2_snv,als_sg2_snv,weighted_knn,"k=5,metric=manhattan,max_features=192,x_transform=l2,log_target=False",10,0.68711664,0.18707324,0.42708824,-1.3344553
glucose_gL,all_known,parafac_raman_fusion_als_sg0_snv_area,als_sg0_snv_area+parafac,krr,"kernel=laplacian,alpha=0.01,gamma_scale=1.0,max_features=48,x_transform=l2,log_target=False",10,0.68845102,0.15812436,0.4529327,-1.387293
glucose_gL,all_known,parafac_raman_fusion_als_sg0_snv_area,als_sg0_snv_area+parafac,krr,"kernel=laplacian,alpha=0.01,gamma_scale=2.0,max_features=12,x_transform=none,log_target=False",10,0.68899202,0.1651691,0.40666743,-1.3543204
glucose_gL,all_known,raman_preprocessed_als_sg2_snv,als_sg2_snv,krr,"kernel=rbf,alpha=0.1,gamma_scale=1.0,max_features=12,x_transform=l2,log_target=False",10,0.68948103,0.2095163,0.47903509,-1.1803167
glucose_gL,all_known,parafac_raman_fusion_als_sg2_snv,als_sg2_snv+parafac,weighted_knn,"k=3,metric=correlation,max_features=12,x_transform=none,log_target=True",10,0.6901332,0.21577078,0.36200813,-1.1853576
glucose_gL,all_known,parafac_raman_fusion_als_sg2_snv,als_sg2_snv+parafac,weighted_knn,"k=3,metric=correlation,max_features=12,x_transform=l2,log_target=True",10,0.6901332,0.21577078,0.36200813,-1.1853576
glucose_gL,all_known,parafac_raman_fusion_als_sg0_snv_area,als_sg0_snv_area+parafac,krr,"kernel=rbf,alpha=0.01,gamma_scale=2.0,max_features=12,x_transform=none,log_target=True",10,0.69087829,0.19818322,0.37611362,-1.2358193
glucose_gL,all_known,parafac_raman_fusion_als_sg0_snv_area,als_sg0_snv_area+parafac,weighted_knn,"k=3,metric=correlation,max_features=12,x_transform=none,log_target=True",10,0.69238053,0.20541006,0.37498288,-1.4044994
glucose_gL,all_known,parafac_raman_fusion_als_sg0_snv_area,als_sg0_snv_area+parafac,weighted_knn,"k=3,metric=correlation,max_features=12,x_transform=l2,log_target=True",10,0.69238053,0.20541006,0.37498288,-1.4044994
glucose_gL,all_known,parafac_raman_fusion_als_sg0_snv_area,als_sg0_snv_area+parafac,weighted_knn,"k=5,metric=manhattan,max_features=48,x_transform=none,log_target=False",10,0.69409756,0.15469505,0.39618745,-1.5826206
glucose_gL,all_known,parafac_raman_fusion_als_sg0_snv_area,als_sg0_snv_area+parafac,weighted_knn,"k=3,metric=manhattan,max_features=48,x_transform=none,log_target=True",10,0.69451875,0.22474037,0.33629333,-1.6637648
glucose_gL,all_known,raman_preprocessed_als_sg0_snv_area,als_sg0_snv_area,krr,"kernel=laplacian,alpha=0.1,gamma_scale=1.0,max_features=12,x_transform=none,log_target=False",10,0.69600476,0.17678918,0.43586731,-1.3719425
glucose_gL,all_known,raman_preprocessed_als_sg2_snv,als_sg2_snv,krr,"kernel=rbf,alpha=0.01,gamma_scale=1.0,max_features=48,x_transform=none,log_target=False",10,0.69641948,0.16819759,0.46034914,-1.3929305
glucose_gL,all_known,raman_preprocessed_als_sg2_snv,als_sg2_snv,weighted_knn,"k=5,metric=correlation,max_features=192,x_transform=none,log_target=False",10,0.69699596,0.1393463,0.42611274,-1.6067294
glucose_gL,all_known,raman_preprocessed_als_sg2_snv,als_sg2_snv,weighted_knn,"k=5,metric=correlation,max_features=192,x_transform=l2,log_target=False",10,0.69699596,0.1393463,0.42611274,-1.6067294
glucose_gL,all_known,eem_parafac_scores,parafac_rank_selected,krr,"kernel=laplacian,alpha=0.01,gamma_scale=1.0,max_features=12,x_transform=none,log_target=True",10,0.69713582,0.2087721,0.37087172,-1.6040284
glucose_gL,all_known,eem_parafac_scores,parafac_rank_selected,krr,"kernel=laplacian,alpha=0.01,gamma_scale=1.0,max_features=48,x_transform=none,log_target=True",10,0.69713582,0.2087721,0.37087172,-1.6040284
glucose_gL,all_known,eem_parafac_scores,parafac_rank_selected,krr,"kernel=laplacian,alpha=0.01,gamma_scale=1.0,max_features=192,x_transform=none,log_target=True",10,0.69713582,0.2087721,0.37087172,-1.6040284
glucose_gL,all_known,parafac_raman_fusion_als_sg2_snv,als_sg2_snv+parafac,krr,"kernel=rbf,alpha=0.01,gamma_scale=1.0,max_features=12,x_transform=none,log_target=False",10,0.69826751,0.17049871,0.48670122,-1.5211386
glucose_gL,all_known,raman_preprocessed_als_sg0_snv_area,als_sg0_snv_area,weighted_knn,"k=3,metric=manhattan,max_features=192,x_transform=l2,log_target=True",10,0.69852793,0.21913059,0.36343158,-1.6047236
glucose_gL,all_known,raman_preprocessed_als_sg0_snv_area,als_sg0_snv_area,weighted_knn,"k=3,metric=manhattan,max_features=12,x_transform=l2,log_target=True",10,0.69866586,0.2589975,0.35698624,-1.2976215
glucose_gL,all_known,raman_preprocessed_als_sg0_snv_area,als_sg0_snv_area,krr,"kernel=rbf,alpha=0.01,gamma_scale=2.0,max_features=48,x_transform=none,log_target=False",10,0.69913223,0.1590997,0.42478532,-1.515428
glucose_gL,all_known,raman_preprocessed_als_sg0_snv_area,als_sg0_snv_area,krr,"kernel=rbf,alpha=0.1,gamma_scale=2.0,max_features=48,x_transform=l2,log_target=False",10,0.70020137,0.17782769,0.43485302,-1.4721682
glucose_gL,all_known,raman_preprocessed_als_sg2_snv,als_sg2_snv,weighted_knn,"k=3,metric=manhattan,max_features=12,x_transform=l2,log_target=False",10,0.70034274,0.19141644,0.41897434,-1.5803485
glucose_gL,all_known,raman_preprocessed_als_sg0_snv_area,als_sg0_snv_area,krr,"kernel=laplacian,alpha=0.01,gamma_scale=2.0,max_features=12,x_transform=l2,log_target=False",10,0.70091165,0.22300036,0.42562232,-1.4384498
glucose_gL,all_known,raman_preprocessed_als_sg0_snv_area,als_sg0_snv_area,weighted_knn,"k=3,metric=manhattan,max_features=48,x_transform=none,log_target=True",10,0.70216365,0.25183987,0.35257335,-1.5381641
glucose_gL,all_known,eem_parafac_scores,parafac_rank_selected,weighted_knn,"k=5,metric=manhattan,max_features=12,x_transform=none,log_target=True",10,0.70249178,0.22662002,0.35735129,-1.6496704
glucose_gL,all_known,eem_parafac_scores,parafac_rank_selected,weighted_knn,"k=5,metric=manhattan,max_features=48,x_transform=none,log_target=True",10,0.70249178,0.22662002,0.35735129,-1.6496704
glucose_gL,all_known,eem_parafac_scores,parafac_rank_selected,weighted_knn,"k=5,metric=manhattan,max_features=192,x_transform=none,log_target=True",10,0.70249178,0.22662002,0.35735129,-1.6496704
glucose_gL,all_known,eem_parafac_scores,parafac_rank_selected,krr,"kernel=laplacian,alpha=0.1,gamma_scale=2.0,max_features=12,x_transform=none,log_target=False",10,0.70279002,0.17363106,0.40830333,-1.8350163
glucose_gL,all_known,eem_parafac_scores,parafac_rank_selected,krr,"kernel=laplacian,alpha=0.1,gamma_scale=2.0,max_features=48,x_transform=none,log_target=False",10,0.70279002,0.17363106,0.40830333,-1.8350163
glucose_gL,all_known,eem_parafac_scores,parafac_rank_selected,krr,"kernel=laplacian,alpha=0.1,gamma_scale=2.0,max_features=192,x_transform=none,log_target=False",10,0.70279002,0.17363106,0.40830333,-1.8350163
glucose_gL,all_known,parafac_raman_fusion_als_sg0_snv_area,als_sg0_snv_area+parafac,krr,"kernel=rbf,alpha=0.01,gamma_scale=2.0,max_features=48,x_transform=none,log_target=False",10,0.70303427,0.1510446,0.43925108,-1.6373861
glucose_gL,all_known,raman_preprocessed_als_sg0_snv_area,als_sg0_snv_area,krr,"kernel=rbf,alpha=0.1,gamma_scale=1.0,max_features=192,x_transform=l2,log_target=False",10,0.70368771,0.15134623,0.47878074,-1.6088783
glucose_gL,all_known,parafac_raman_fusion_als_sg0_snv_area,als_sg0_snv_area+parafac,krr,"kernel=rbf,alpha=0.1,gamma_scale=1.0,max_features=192,x_transform=l2,log_target=False",10,0.70490325,0.14635541,0.48633531,-1.5968861
glucose_gL,all_known,parafac_raman_fusion_als_sg0_snv_area,als_sg0_snv_area+parafac,weighted_knn,"k=5,metric=manhattan,max_features=12,x_transform=none,log_target=False",10,0.70555751,0.14513929,0.39479693,-1.6690144
glucose_gL,all_known,parafac_raman_fusion_als_sg2_snv,als_sg2_snv+parafac,krr,"kernel=rbf,alpha=0.01,gamma_scale=1.0,max_features=48,x_transform=none,log_target=False",10,0.70581815,0.15063353,0.46502725,-1.5079192
glucose_gL,all_known,parafac_raman_fusion_als_sg0_snv_area,als_sg0_snv_area+parafac,krr,"kernel=laplacian,alpha=0.1,gamma_scale=2.0,max_features=12,x_transform=l2,log_target=False",10,0.70794795,0.17981707,0.4242478,-1.459003
glucose_gL,all_known,parafac_raman_fusion_als_sg0_snv_area,als_sg0_snv_area+parafac,krr,"kernel=rbf,alpha=0.1,gamma_scale=1.0,max_features=192,x_transform=none,log_target=False",10,0.70952467,0.13592492,0.48376115,-1.6754632
glucose_gL,all_known,parafac_raman_fusion_als_sg0_snv_area,als_sg0_snv_area+parafac,weighted_knn,"k=5,metric=manhattan,max_features=192,x_transform=none,log_target=False",10,0.71005894,0.14148324,0.42210089,-1.8983992
glucose_gL,all_known,raman_preprocessed_als_sg2_snv,als_sg2_snv,weighted_knn,"k=3,metric=manhattan,max_features=48,x_transform=l2,log_target=True",10,0.71071529,0.1519124,0.40972015,-1.8193696
glucose_gL,all_known,raman_preprocessed_als_sg0_snv_area,als_sg0_snv_area,krr,"kernel=rbf,alpha=0.01,gamma_scale=2.0,max_features=12,x_transform=l2,log_target=True",10,0.71158951,0.2693718,0.36898925,-1.5581676
glucose_gL,all_known,raman_preprocessed_als_sg0_snv_area,als_sg0_snv_area,krr,"kernel=rbf,alpha=0.1,gamma_scale=1.0,max_features=192,x_transform=none,log_target=False",10,0.71160089,0.14033946,0.4814013,-1.7280916
glucose_gL,all_known,parafac_raman_fusion_als_sg0_snv_area,als_sg0_snv_area+parafac,krr,"kernel=rbf,alpha=0.1,gamma_scale=2.0,max_features=48,x_transform=l2,log_target=False",10,0.71211845,0.15244354,0.45113213,-1.6719996
glucose_gL,all_known,raman_preprocessed_als_sg2_snv,als_sg2_snv,weighted_knn,"k=1,metric=manhattan,max_features=12,x_transform=none,log_target=False",10,0.71288312,0.2075484,0.34998611,-1.4714468
glucose_gL,all_known,raman_preprocessed_als_sg2_snv,als_sg2_snv,weighted_knn,"k=1,metric=manhattan,max_features=12,x_transform=none,log_target=True",10,0.71288312,0.2075484,0.34998611,-1.4714468
glucose_gL,all_known,raman_preprocessed_als_sg0_snv_area,als_sg0_snv_area,weighted_knn,"k=5,metric=manhattan,max_features=48,x_transform=none,log_target=False",10,0.71478055,0.16496157,0.41131251,-1.6934422
glucose_gL,all_known,raman_preprocessed_als_sg2_snv,als_sg2_snv,krr,"kernel=rbf,alpha=0.1,gamma_scale=1.0,max_features=48,x_transform=l2,log_target=False",10,0.71567383,0.16019685,0.48011869,-1.5698746
glucose_gL,all_known,parafac_raman_fusion_als_sg2_snv,als_sg2_snv+parafac,weighted_knn,"k=5,metric=manhattan,max_features=192,x_transform=l2,log_target=False",10,0.71596941,0.18152741,0.44781539,-1.6585061
glucose_gL,all_known,raman_preprocessed_als_sg0_snv_area,als_sg0_snv_area,krr,"kernel=laplacian,alpha=0.1,gamma_scale=1.0,max_features=12,x_transform=l2,log_target=False",10,0.71909352,0.20706713,0.46146927,-1.576622
glucose_gL,all_known,raman_preprocessed_als_sg2_snv,als_sg2_snv,krr,"kernel=rbf,alpha=0.01,gamma_scale=2.0,max_features=12,x_transform=l2,log_target=False",10,0.7194361,0.21565085,0.49781675,-1.4064901
glucose_gL,all_known,parafac_raman_fusion_als_sg0_snv_area,als_sg0_snv_area+parafac,krr,"kernel=laplacian,alpha=0.1,gamma_scale=1.0,max_features=12,x_transform=none,log_target=False",10,0.72219497,0.16429104,0.44856034,-1.6266948
glucose_gL,all_known,parafac_raman_fusion_als_sg2_snv,als_sg2_snv+parafac,weighted_knn,"k=5,metric=correlation,max_features=192,x_transform=none,log_target=False",10,0.72652212,0.14944222,0.44572547,-1.8604948
glucose_gL,all_known,parafac_raman_fusion_als_sg2_snv,als_sg2_snv+parafac,weighted_knn,"k=5,metric=correlation,max_features=192,x_transform=l2,log_target=False",10,0.72652212,0.14944222,0.44572547,-1.8604948
glucose_gL,all_known,raman_preprocessed_als_sg0_snv_area,als_sg0_snv_area,krr,"kernel=rbf,alpha=0.01,gamma_scale=2.0,max_features=48,x_transform=l2,log_target=False",10,0.72769337,0.18069929,0.45476738,-1.70093
glucose_gL,all_known,parafac_raman_fusion_als_sg2_snv,als_sg2_snv+parafac,weighted_knn,"k=1,metric=manhattan,max_features=12,x_transform=none,log_target=False",10,0.73054898,0.16505322,0.35384722,-1.6935566
glucose_gL,all_known,parafac_raman_fusion_als_sg2_snv,als_sg2_snv+parafac,weighted_knn,"k=1,metric=manhattan,max_features=12,x_transform=none,log_target=True",10,0.73054898,0.16505322,0.35384722,-1.6935566
glucose_gL,all_known,parafac_raman_fusion_als_sg2_snv,als_sg2_snv+parafac,krr,"kernel=rbf,alpha=0.1,gamma_scale=1.0,max_features=48,x_transform=l2,log_target=False",10,0.73157095,0.14498736,0.4957175,-1.7252385
glucose_gL,all_known,raman_preprocessed_als_sg0_snv_area,als_sg0_snv_area,weighted_knn,"k=5,metric=manhattan,max_features=192,x_transform=none,log_target=False",10,0.73289315,0.1434063,0.43404449,-2.2857397
glucose_gL,all_known,parafac_raman_fusion_als_sg0_snv_area,als_sg0_snv_area+parafac,krr,"kernel=rbf,alpha=0.01,gamma_scale=2.0,max_features=12,x_transform=l2,log_target=True",10,0.73347034,0.23811592,0.41299984,-1.4626692
glucose_gL,all_known,raman_preprocessed_als_sg0_snv_area,als_sg0_snv_area,krr,"kernel=rbf,alpha=0.1,gamma_scale=1.0,max_features=48,x_transform=none,log_target=False",10,0.73426051,0.15295375,0.47488165,-1.8244083
glucose_gL,all_known,parafac_raman_fusion_als_sg2_snv,als_sg2_snv+parafac,weighted_knn,"k=3,metric=manhattan,max_features=48,x_transform=l2,log_target=True",10,0.73453494,0.13232458,0.41226294,-1.8949471
glucose_gL,all_known,parafac_raman_fusion_als_sg2_snv,als_sg2_snv+parafac,weighted_knn,"k=5,metric=manhattan,max_features=12,x_transform=l2,log_target=False",10,0.73564572,0.19548179,0.43333357,-1.7755964
glucose_gL,all_known,raman_preprocessed_als_sg0_snv_area,als_sg0_snv_area,krr,"kernel=laplacian,alpha=0.01,gamma_scale=1.0,max_features=12,x_transform=none,log_target=False",10,0.73567204,0.17733372,0.46805846,-1.6986816
glucose_gL,all_known,parafac_raman_fusion_als_sg2_snv,als_sg2_snv+parafac,krr,"kernel=rbf,alpha=0.1,gamma_scale=2.0,max_features=12,x_transform=l2,log_target=False",10,0.73619968,0.17228543,0.48330864,-1.6918164
glucose_gL,all_known,parafac_raman_fusion_als_sg0_snv_area,als_sg0_snv_area+parafac,krr,"kernel=rbf,alpha=0.1,gamma_scale=1.0,max_features=48,x_transform=none,log_target=False",10,0.737037,0.14028147,0.49342818,-1.9275493
glucose_gL,all_known,raman_preprocessed_als_sg0_snv_area,als_sg0_snv_area,krr,"kernel=rbf,alpha=0.01,gamma_scale=2.0,max_features=12,x_transform=none,log_target=True",10,0.73787862,0.25294608,0.3638184,-1.7224027
glucose_gL,all_known,parafac_raman_fusion_als_sg0_snv_area,als_sg0_snv_area+parafac,krr,"kernel=rbf,alpha=0.01,gamma_scale=2.0,max_features=48,x_transform=l2,log_target=False",10,0.73799829,0.15460714,0.47070869,-1.9033473
glucose_gL,all_known,parafac_raman_fusion_als_sg0_snv_area,als_sg0_snv_area+parafac,krr,"kernel=laplacian,alpha=0.01,gamma_scale=2.0,max_features=12,x_transform=l2,log_target=False",10,0.73998609,0.18571392,0.4450852,-1.7153602
glucose_gL,all_known,parafac_raman_fusion_als_sg0_snv_area,als_sg0_snv_area+parafac,krr,"kernel=rbf,alpha=0.01,gamma_scale=1.0,max_features=12,x_transform=none,log_target=True",10,0.74066208,0.19951661,0.41284245,-1.6845211
glucose_gL,all_known,eem_parafac_scores,parafac_rank_selected,krr,"kernel=laplacian,alpha=0.01,gamma_scale=2.0,max_features=12,x_transform=none,log_target=True",10,0.74249305,0.2162961,0.38987469,-2.0154224
glucose_gL,all_known,eem_parafac_scores,parafac_rank_selected,krr,"kernel=laplacian,alpha=0.01,gamma_scale=2.0,max_features=48,x_transform=none,log_target=True",10,0.74249305,0.2162961,0.38987469,-2.0154224
glucose_gL,all_known,eem_parafac_scores,parafac_rank_selected,krr,"kernel=laplacian,alpha=0.01,gamma_scale=2.0,max_features=192,x_transform=none,log_target=True",10,0.74249305,0.2162961,0.38987469,-2.0154224
glucose_gL,all_known,parafac_raman_fusion_als_sg2_snv,als_sg2_snv+parafac,weighted_knn,"k=5,metric=correlation,max_features=12,x_transform=l2,log_target=False",10,0.74295518,0.17162932,0.42280978,-1.8364321
glucose_gL,all_known,parafac_raman_fusion_als_sg2_snv,als_sg2_snv+parafac,weighted_knn,"k=5,metric=correlation,max_features=12,x_transform=none,log_target=False",10,0.74295518,0.17162932,0.42280978,-1.8364321
glucose_gL,all_known,raman_preprocessed_als_sg0_snv_area,als_sg0_snv_area,krr,"kernel=rbf,alpha=0.01,gamma_scale=1.0,max_features=12,x_transform=l2,log_target=True",10,0.74314604,0.23539395,0.40018889,-1.8209003
glucose_gL,all_known,raman_preprocessed_als_sg2_snv,als_sg2_snv,weighted_knn,"k=3,metric=correlation,max_features=48,x_transform=none,log_target=True",10,0.74724774,0.17186221,0.4216369,-2.1887855
glucose_gL,all_known,raman_preprocessed_als_sg2_snv,als_sg2_snv,weighted_knn,"k=3,metric=correlation,max_features=48,x_transform=l2,log_target=True",10,0.74724774,0.17186221,0.4216369,-2.1887855
glucose_gL,all_known,raman_preprocessed_als_sg0_snv_area,als_sg0_snv_area,krr,"kernel=rbf,alpha=0.01,gamma_scale=1.0,max_features=192,x_transform=l2,log_target=False",10,0.74732285,0.14789967,0.51161923,-2.0322834
glucose_gL,all_known,parafac_raman_fusion_als_sg0_snv_area,als_sg0_snv_area+parafac,krr,"kernel=rbf,alpha=0.01,gamma_scale=1.0,max_features=192,x_transform=l2,log_target=False",10,0.74796041,0.1416761,0.51895137,-2.0051086
glucose_gL,all_known,parafac_raman_fusion_als_sg2_snv,als_sg2_snv+parafac,weighted_knn,"k=5,metric=manhattan,max_features=192,x_transform=none,log_target=False",10,0.74841701,0.11140288,0.48539667,-2.1621212
glucose_gL,all_known,parafac_raman_fusion_als_sg2_snv,als_sg2_snv+parafac,krr,"kernel=rbf,alpha=0.1,gamma_scale=1.0,max_features=12,x_transform=l2,log_target=False",10,0.74902687,0.16934045,0.50875291,-1.8023807
glucose_gL,all_known,raman_preprocessed_als_sg2_snv,als_sg2_snv,weighted_knn,"k=5,metric=manhattan,max_features=192,x_transform=none,log_target=False",10,0.75393995,0.12677206,0.48812751,-2.2685005
glucose_gL,all_known,raman_preprocessed_als_sg0_snv_area,als_sg0_snv_area,weighted_knn,"k=5,metric=correlation,max_features=12,x_transform=l2,log_target=False",10,0.75536108,0.21624984,0.43359575,-2.1236545
glucose_gL,all_known,raman_preprocessed_als_sg0_snv_area,als_sg0_snv_area,weighted_knn,"k=5,metric=correlation,max_features=12,x_transform=none,log_target=False",10,0.75536108,0.21624984,0.43359575,-2.1236545
glucose_gL,all_known,parafac_raman_fusion_als_sg0_snv_area,als_sg0_snv_area+parafac,weighted_knn,"k=5,metric=manhattan,max_features=192,x_transform=l2,log_target=False",10,0.75927892,0.13828834,0.44903587,-2.2534757
glucose_gL,all_known,parafac_raman_fusion_als_sg0_snv_area,als_sg0_snv_area+parafac,weighted_knn,"k=3,metric=manhattan,max_features=12,x_transform=none,log_target=False",10,0.76000751,0.14389692,0.40332755,-2.4773737
glucose_gL,all_known,parafac_raman_fusion_als_sg0_snv_area,als_sg0_snv_area+parafac,weighted_knn,"k=3,metric=manhattan,max_features=12,x_transform=l2,log_target=True",10,0.76035535,0.20112342,0.39608077,-2.142882
glucose_gL,all_known,parafac_raman_fusion_als_sg0_snv_area,als_sg0_snv_area+parafac,krr,"kernel=laplacian,alpha=0.1,gamma_scale=1.0,max_features=12,x_transform=l2,log_target=False",10,0.76046777,0.1680763,0.48163752,-1.9694379
glucose_gL,all_known,raman_preprocessed_als_sg0_snv_area,als_sg0_snv_area,krr,"kernel=rbf,alpha=0.1,gamma_scale=1.0,max_features=48,x_transform=l2,log_target=False",10,0.76094255,0.15937978,0.50253181,-2.034278
glucose_gL,all_known,parafac_raman_fusion_als_sg0_snv_area,als_sg0_snv_area+parafac,weighted_knn,"k=3,metric=manhattan,max_features=48,x_transform=l2,log_target=True",10,0.76138393,0.21487839,0.4094774,-2.0602812
glucose_gL,all_known,parafac_raman_fusion_als_sg0_snv_area,als_sg0_snv_area+parafac,krr,"kernel=rbf,alpha=0.01,gamma_scale=1.0,max_features=12,x_transform=l2,log_target=True",10,0.76216518,0.22663283,0.45234541,-1.7649162
glucose_gL,all_known,parafac_raman_fusion_als_sg2_snv,als_sg2_snv+parafac,weighted_knn,"k=3,metric=correlation,max_features=48,x_transform=none,log_target=True",10,0.76364752,0.16028139,0.43718722,-2.1870492
glucose_gL,all_known,parafac_raman_fusion_als_sg2_snv,als_sg2_snv+parafac,weighted_knn,"k=3,metric=correlation,max_features=48,x_transform=l2,log_target=True",10,0.76364752,0.16028139,0.43718722,-2.1870492
glucose_gL,all_known,parafac_raman_fusion_als_sg0_snv_area,als_sg0_snv_area+parafac,krr,"kernel=laplacian,alpha=0.01,gamma_scale=1.0,max_features=12,x_transform=none,log_target=False",10,0.76663747,0.16258338,0.48269968,-2.0329864
glucose_gL,all_known,parafac_raman_fusion_als_sg0_snv_area,als_sg0_snv_area+parafac,krr,"kernel=rbf,alpha=0.01,gamma_scale=1.0,max_features=192,x_transform=none,log_target=False",10,0.76741598,0.12505216,0.52987703,-2.2558019
glucose_gL,all_known,raman_preprocessed_als_sg0_snv_area,als_sg0_snv_area,krr,"kernel=rbf,alpha=0.1,gamma_scale=1.0,max_features=12,x_transform=l2,log_target=False",10,0.76748482,0.18859955,0.51287704,-2.1207858
glucose_gL,all_known,raman_preprocessed_als_sg0_snv_area,als_sg0_snv_area,krr,"kernel=rbf,alpha=0.01,gamma_scale=1.0,max_features=192,x_transform=none,log_target=False",10,0.7693209,0.13160806,0.52733196,-2.3215458
glucose_gL,all_known,eem_parafac_scores,parafac_rank_selected,weighted_knn,"k=3,metric=manhattan,max_features=12,x_transform=none,log_target=True",10,0.76948565,0.23150559,0.39310233,-2.4392951
glucose_gL,all_known,eem_parafac_scores,parafac_rank_selected,weighted_knn,"k=3,metric=manhattan,max_features=48,x_transform=none,log_target=True",10,0.76948565,0.23150559,0.39310233,-2.4392951
glucose_gL,all_known,eem_parafac_scores,parafac_rank_selected,weighted_knn,"k=3,metric=manhattan,max_features=192,x_transform=none,log_target=True",10,0.76948565,0.23150559,0.39310233,-2.4392951
glucose_gL,all_known,raman_preprocessed_als_sg2_snv,als_sg2_snv,krr,"kernel=rbf,alpha=0.01,gamma_scale=1.0,max_features=48,x_transform=l2,log_target=False",10,0.77001529,0.15428511,0.52390642,-2.0824461
glucose_gL,all_known,raman_preprocessed_als_sg0_snv_area,als_sg0_snv_area,weighted_knn,"k=3,metric=manhattan,max_features=12,x_transform=none,log_target=False",10,0.77039123,0.20557838,0.38269506,-2.2585053
glucose_gL,all_known,parafac_raman_fusion_als_sg0_snv_area,als_sg0_snv_area+parafac,krr,"kernel=rbf,alpha=0.1,gamma_scale=1.0,max_features=48,x_transform=l2,log_target=False",10,0.77061573,0.14285455,0.52571155,-2.2327822
glucose_gL,all_known,parafac_raman_fusion_als_sg2_snv,als_sg2_snv+parafac,weighted_knn,"k=3,metric=manhattan,max_features=12,x_transform=l2,log_target=False",10,0.77547583,0.17643657,0.43217009,-2.2030983
glucose_gL,all_known,raman_preprocessed_als_sg0_snv_area,als_sg0_snv_area,krr,"kernel=laplacian,alpha=0.01,gamma_scale=1.0,max_features=12,x_transform=l2,log_target=False",10,0.77641027,0.22352,0.50373391,-2.0894105
glucose_gL,all_known,raman_preprocessed_als_sg0_snv_area,als_sg0_snv_area,weighted_knn,"k=5,metric=manhattan,max_features=192,x_transform=l2,log_target=False",10,0.77680759,0.13053984,0.45004123,-2.4833761
glucose_gL,all_known,parafac_raman_fusion_als_sg2_snv,als_sg2_snv+parafac,krr,"kernel=rbf,alpha=0.01,gamma_scale=1.0,max_features=48,x_transform=l2,log_target=False",10,0.77932996,0.13742851,0.53647926,-2.1953382
glucose_gL,all_known,parafac_raman_fusion_als_sg0_snv_area,als_sg0_snv_area+parafac,weighted_knn,"k=3,metric=manhattan,max_features=48,x_transform=none,log_target=False",10,0.78228992,0.19888793,0.40290145,-2.6322344
glucose_gL,all_known,parafac_raman_fusion_als_sg0_snv_area,als_sg0_snv_area+parafac,weighted_knn,"k=5,metric=correlation,max_features=12,x_transform=none,log_target=False",10,0.78553337,0.17369229,0.46297367,-2.3212113
glucose_gL,all_known,parafac_raman_fusion_als_sg0_snv_area,als_sg0_snv_area+parafac,weighted_knn,"k=5,metric=correlation,max_features=12,x_transform=l2,log_target=False",10,0.78553337,0.17369229,0.46297367,-2.3212113
glucose_gL,all_known,parafac_raman_fusion_als_sg0_snv_area,als_sg0_snv_area+parafac,krr,"kernel=rbf,alpha=0.1,gamma_scale=1.0,max_features=12,x_transform=none,log_target=False",10,0.78563664,0.17827364,0.493284,-2.1285129
glucose_gL,all_known,parafac_raman_fusion_als_sg2_snv,als_sg2_snv+parafac,weighted_knn,"k=1,metric=manhattan,max_features=48,x_transform=none,log_target=False",10,0.78946893,0.20688276,0.38788889,-2.5698277
glucose_gL,all_known,parafac_raman_fusion_als_sg2_snv,als_sg2_snv+parafac,weighted_knn,"k=1,metric=manhattan,max_features=48,x_transform=none,log_target=True",10,0.78946893,0.20688276,0.38788889,-2.5698277
glucose_gL,all_known,raman_preprocessed_als_sg0_snv_area,als_sg0_snv_area,krr,"kernel=rbf,alpha=0.1,gamma_scale=2.0,max_features=12,x_transform=l2,log_target=False",10,0.79270321,0.21549533,0.50551764,-2.3795076
glucose_gL,all_known,raman_preprocessed_als_sg0_snv_area,als_sg0_snv_area,weighted_knn,"k=3,metric=manhattan,max_features=48,x_transform=l2,log_target=True",10,0.79399991,0.28760258,0.40223067,-2.8216552
glucose_gL,all_known,raman_preprocessed_als_sg0_snv_area,als_sg0_snv_area,weighted_knn,"k=5,metric=manhattan,max_features=12,x_transform=l2,log_target=False",10,0.79548684,0.18351226,0.46009533,-2.4127603
glucose_gL,all_known,parafac_raman_fusion_als_sg0_snv_area,als_sg0_snv_area+parafac,weighted_knn,"k=3,metric=manhattan,max_features=192,x_transform=none,log_target=False",10,0.79636281,0.16710402,0.44382444,-3.0973327
glucose_gL,all_known,raman_preprocessed_als_sg0_snv_area,als_sg0_snv_area,weighted_knn,"k=5,metric=correlation,max_features=192,x_transform=l2,log_target=False",10,0.79775229,0.19025209,0.48696676,-2.6913669
glucose_gL,all_known,raman_preprocessed_als_sg0_snv_area,als_sg0_snv_area,weighted_knn,"k=5,metric=correlation,max_features=192,x_transform=none,log_target=False",10,0.79775229,0.19025209,0.48696676,-2.6913669
glucose_gL,all_known,raman_preprocessed_als_sg0_snv_area,als_sg0_snv_area,krr,"kernel=rbf,alpha=0.01,gamma_scale=1.0,max_features=12,x_transform=none,log_target=True",10,0.79922209,0.30058292,0.40540702,-2.2646685
glucose_gL,all_known,raman_preprocessed_als_sg0_snv_area,als_sg0_snv_area,krr,"kernel=rbf,alpha=0.1,gamma_scale=1.0,max_features=12,x_transform=none,log_target=False",10,0.8008026,0.19745707,0.50540096,-2.3071047
glucose_gL,all_known,parafac_raman_fusion_als_sg0_snv_area,als_sg0_snv_area+parafac,krr,"kernel=rbf,alpha=0.1,gamma_scale=2.0,max_features=12,x_transform=none,log_target=False",10,0.8014869,0.17374182,0.49522233,-2.3189438
glucose_gL,all_known,raman_preprocessed_als_sg2_snv,als_sg2_snv,weighted_knn,"k=1,metric=manhattan,max_features=48,x_transform=none,log_target=False",10,0.80293489,0.21494815,0.38818056,-2.3421921
glucose_gL,all_known,raman_preprocessed_als_sg2_snv,als_sg2_snv,weighted_knn,"k=1,metric=manhattan,max_features=48,x_transform=none,log_target=True",10,0.80293489,0.21494815,0.38818056,-2.3421921
glucose_gL,all_known,parafac_raman_fusion_als_sg0_snv_area,als_sg0_snv_area+parafac,krr,"kernel=rbf,alpha=0.01,gamma_scale=1.0,max_features=48,x_transform=none,log_target=False",10,0.80357189,0.13999369,0.55569807,-2.5626467
glucose_gL,all_known,parafac_raman_fusion_als_sg0_snv_area,als_sg0_snv_area+parafac,krr,"kernel=rbf,alpha=0.1,gamma_scale=1.0,max_features=12,x_transform=l2,log_target=False",10,0.80477608,0.15630032,0.54069199,-2.4957808
glucose_gL,all_known,raman_preprocessed_als_sg0_snv_area,als_sg0_snv_area,krr,"kernel=rbf,alpha=0.1,gamma_scale=2.0,max_features=12,x_transform=none,log_target=False",10,0.8050122,0.20469933,0.48097019,-2.3748154
glucose_gL,all_known,parafac_raman_fusion_als_sg0_snv_area,als_sg0_snv_area+parafac,weighted_knn,"k=5,metric=correlation,max_features=192,x_transform=none,log_target=False",10,0.80533648,0.16517393,0.49384595,-2.7007039
glucose_gL,all_known,parafac_raman_fusion_als_sg0_snv_area,als_sg0_snv_area+parafac,weighted_knn,"k=5,metric=correlation,max_features=192,x_transform=l2,log_target=False",10,0.80533648,0.16517393,0.49384595,-2.7007039
glucose_gL,all_known,raman_preprocessed_als_sg0_snv_area,als_sg0_snv_area,krr,"kernel=rbf,alpha=0.01,gamma_scale=1.0,max_features=48,x_transform=none,log_target=False",10,0.80626433,0.14473016,0.53308872,-2.5429143
glucose_gL,all_known,parafac_raman_fusion_als_sg2_snv,als_sg2_snv+parafac,krr,"kernel=rbf,alpha=0.01,gamma_scale=2.0,max_features=12,x_transform=l2,log_target=False",10,0.80768924,0.15295718,0.55240144,-2.4249982
glucose_gL,all_known,parafac_raman_fusion_als_sg0_snv_area,als_sg0_snv_area+parafac,weighted_knn,"k=5,metric=manhattan,max_features=48,x_transform=l2,log_target=False",10,0.80831818,0.14398145,0.48823923,-2.8894698
glucose_gL,all_known,raman_preprocessed_als_sg0_snv_area,als_sg0_snv_area,weighted_knn,"k=3,metric=correlation,max_features=48,x_transform=none,log_target=True",10,0.8089373,0.25491008,0.41894466,-2.6936207
glucose_gL,all_known,raman_preprocessed_als_sg0_snv_area,als_sg0_snv_area,weighted_knn,"k=3,metric=correlation,max_features=48,x_transform=l2,log_target=True",10,0.8089373,0.25491008,0.41894466,-2.6936207
glucose_gL,all_known,raman_preprocessed_als_sg0_snv_area,als_sg0_snv_area,weighted_knn,"k=5,metric=manhattan,max_features=48,x_transform=l2,log_target=False",10,0.8118384,0.1631336,0.48154127,-2.9523127
glucose_gL,all_known,raman_preprocessed_als_sg2_snv,als_sg2_snv,weighted_knn,"k=5,metric=correlation,max_features=48,x_transform=none,log_target=False",10,0.81202241,0.1261189,0.50113634,-2.8638469
glucose_gL,all_known,raman_preprocessed_als_sg2_snv,als_sg2_snv,weighted_knn,"k=5,metric=correlation,max_features=48,x_transform=l2,log_target=False",10,0.81202241,0.1261189,0.50113634,-2.8638469
glucose_gL,all_known,parafac_raman_fusion_als_sg0_snv_area,als_sg0_snv_area+parafac,weighted_knn,"k=5,metric=manhattan,max_features=12,x_transform=l2,log_target=False",10,0.81340225,0.14105978,0.46964147,-2.790143
glucose_gL,all_known,raman_preprocessed_als_sg0_snv_area,als_sg0_snv_area,weighted_knn,"k=3,metric=correlation,max_features=12,x_transform=none,log_target=False",10,0.81555642,0.27515285,0.44123062,-2.8247141
glucose_gL,all_known,raman_preprocessed_als_sg0_snv_area,als_sg0_snv_area,weighted_knn,"k=3,metric=correlation,max_features=12,x_transform=l2,log_target=False",10,0.81555642,0.27515285,0.44123062,-2.8247141
glucose_gL,all_known,eem_parafac_scores,parafac_rank_selected,weighted_knn,"k=5,metric=manhattan,max_features=12,x_transform=none,log_target=False",10,0.81681398,0.21157745,0.43453785,-2.9932246
glucose_gL,all_known,eem_parafac_scores,parafac_rank_selected,weighted_knn,"k=5,metric=manhattan,max_features=48,x_transform=none,log_target=False",10,0.81681398,0.21157745,0.43453785,-2.9932246
glucose_gL,all_known,eem_parafac_scores,parafac_rank_selected,weighted_knn,"k=5,metric=manhattan,max_features=192,x_transform=none,log_target=False",10,0.81681398,0.21157745,0.43453785,-2.9932246
glucose_gL,all_known,eem_parafac_scores,parafac_rank_selected,krr,"kernel=laplacian,alpha=0.01,gamma_scale=1.0,max_features=12,x_transform=none,log_target=False",10,0.82254051,0.19674349,0.44728643,-3.1022715
glucose_gL,all_known,eem_parafac_scores,parafac_rank_selected,krr,"kernel=laplacian,alpha=0.01,gamma_scale=1.0,max_features=48,x_transform=none,log_target=False",10,0.82254051,0.19674349,0.44728643,-3.1022715
glucose_gL,all_known,eem_parafac_scores,parafac_rank_selected,krr,"kernel=laplacian,alpha=0.01,gamma_scale=1.0,max_features=192,x_transform=none,log_target=False",10,0.82254051,0.19674349,0.44728643,-3.1022715
glucose_gL,all_known,parafac_raman_fusion_als_sg0_snv_area,als_sg0_snv_area+parafac,weighted_knn,"k=3,metric=correlation,max_features=12,x_transform=none,log_target=False",10,0.82275328,0.17480171,0.46535848,-2.8990352
glucose_gL,all_known,parafac_raman_fusion_als_sg0_snv_area,als_sg0_snv_area+parafac,weighted_knn,"k=3,metric=correlation,max_features=12,x_transform=l2,log_target=False",10,0.82275328,0.17480171,0.46535848,-2.8990352
glucose_gL,all_known,raman_preprocessed_als_sg2_snv,als_sg2_snv,weighted_knn,"k=5,metric=manhattan,max_features=48,x_transform=l2,log_target=False",10,0.82326449,0.13428168,0.50685372,-2.7662508
glucose_gL,all_known,raman_preprocessed_als_sg2_snv,als_sg2_snv,krr,"kernel=rbf,alpha=0.01,gamma_scale=1.0,max_features=12,x_transform=l2,log_target=False",10,0.82557699,0.20627603,0.60349162,-2.3624933
glucose_gL,all_known,raman_preprocessed_als_sg0_snv_area,als_sg0_snv_area,krr,"kernel=rbf,alpha=0.01,gamma_scale=1.0,max_features=48,x_transform=l2,log_target=False",10,0.83157646,0.16240736,0.56157315,-2.6821167
glucose_gL,all_known,raman_preprocessed_als_sg0_snv_area,als_sg0_snv_area,weighted_knn,"k=3,metric=manhattan,max_features=48,x_transform=none,log_target=False",10,0.8319374,0.2113974,0.44142464,-2.8604132
glucose_gL,all_known,raman_preprocessed_als_sg0_snv_area,als_sg0_snv_area,weighted_knn,"k=3,metric=manhattan,max_features=192,x_transform=none,log_target=False",10,0.83409297,0.2008454,0.46076439,-3.6280554
glucose_gL,all_known,parafac_raman_fusion_als_sg0_snv_area,als_sg0_snv_area+parafac,weighted_knn,"k=3,metric=correlation,max_features=192,x_transform=l2,log_target=False",10,0.83565655,0.17860518,0.48361409,-2.9545012
glucose_gL,all_known,parafac_raman_fusion_als_sg0_snv_area,als_sg0_snv_area+parafac,weighted_knn,"k=3,metric=correlation,max_features=192,x_transform=none,log_target=False",10,0.83565655,0.17860518,0.48361409,-2.9545012
glucose_gL,all_known,parafac_raman_fusion_als_sg0_snv_area,als_sg0_snv_area+parafac,krr,"kernel=laplacian,alpha=0.01,gamma_scale=1.0,max_features=12,x_transform=l2,log_target=False",10,0.83638261,0.17902728,0.53769149,-2.677637
glucose_gL,all_known,parafac_raman_fusion_als_sg2_snv,als_sg2_snv+parafac,weighted_knn,"k=5,metric=correlation,max_features=48,x_transform=none,log_target=False",10,0.83862406,0.13634293,0.53647258,-3.2693355
glucose_gL,all_known,parafac_raman_fusion_als_sg2_snv,als_sg2_snv+parafac,weighted_knn,"k=5,metric=correlation,max_features=48,x_transform=l2,log_target=False",10,0.83862406,0.13634293,0.53647258,-3.2693355
glucose_gL,all_known,raman_preprocessed_als_sg2_snv,als_sg2_snv,weighted_knn,"k=3,metric=correlation,max_features=192,x_transform=none,log_target=False",10,0.83879594,0.14595532,0.47483956,-2.985031
glucose_gL,all_known,raman_preprocessed_als_sg2_snv,als_sg2_snv,weighted_knn,"k=3,metric=correlation,max_features=192,x_transform=l2,log_target=False",10,0.83879594,0.14595532,0.47483956,-2.985031
glucose_gL,all_known,parafac_raman_fusion_als_sg0_snv_area,als_sg0_snv_area+parafac,krr,"kernel=rbf,alpha=0.01,gamma_scale=1.0,max_features=48,x_transform=l2,log_target=False",10,0.83921075,0.14704072,0.58748803,-2.8901583
glucose_gL,all_known,parafac_raman_fusion_als_sg2_snv,als_sg2_snv+parafac,weighted_knn,"k=3,metric=correlation,max_features=12,x_transform=none,log_target=False",10,0.84180124,0.18788381,0.45358729,-2.6878232
glucose_gL,all_known,parafac_raman_fusion_als_sg2_snv,als_sg2_snv+parafac,weighted_knn,"k=3,metric=correlation,max_features=12,x_transform=l2,log_target=False",10,0.84180124,0.18788381,0.45358729,-2.6878232
glucose_gL,all_known,parafac_raman_fusion_als_sg2_snv,als_sg2_snv+parafac,weighted_knn,"k=5,metric=manhattan,max_features=48,x_transform=l2,log_target=False",10,0.84294264,0.11599167,0.5278246,-2.9770691
glucose_gL,all_known,parafac_raman_fusion_als_sg0_snv_area,als_sg0_snv_area+parafac,krr,"kernel=rbf,alpha=0.1,gamma_scale=2.0,max_features=12,x_transform=l2,log_target=False",10,0.84414842,0.18303233,0.55100165,-2.7907081
glucose_gL,all_known,parafac_raman_fusion_als_sg0_snv_area,als_sg0_snv_area+parafac,weighted_knn,"k=3,metric=correlation,max_features=48,x_transform=none,log_target=True",10,0.84800404,0.22611753,0.44186394,-3.4947449
glucose_gL,all_known,parafac_raman_fusion_als_sg0_snv_area,als_sg0_snv_area+parafac,weighted_knn,"k=3,metric=correlation,max_features=48,x_transform=l2,log_target=True",10,0.84800404,0.22611753,0.44186394,-3.4947449
glucose_gL,all_known,raman_preprocessed_als_sg2_snv,als_sg2_snv,weighted_knn,"k=3,metric=manhattan,max_features=192,x_transform=l2,log_target=False",10,0.85224232,0.19476725,0.50267355,-2.9148534
glucose_gL,all_known,raman_preprocessed_als_sg0_snv_area,als_sg0_snv_area,weighted_knn,"k=5,metric=correlation,max_features=48,x_transform=none,log_target=False",10,0.85361701,0.14685279,0.49122786,-3.5056986
glucose_gL,all_known,raman_preprocessed_als_sg0_snv_area,als_sg0_snv_area,weighted_knn,"k=5,metric=correlation,max_features=48,x_transform=l2,log_target=False",10,0.85361701,0.14685279,0.49122786,-3.5056986
glucose_gL,all_known,parafac_raman_fusion_als_sg2_snv,als_sg2_snv+parafac,weighted_knn,"k=3,metric=manhattan,max_features=192,x_transform=l2,log_target=False",10,0.8542092,0.19229679,0.51151559,-2.9693816
glucose_gL,all_known,parafac_raman_fusion_als_sg0_snv_area,als_sg0_snv_area+parafac,weighted_knn,"k=3,metric=manhattan,max_features=192,x_transform=l2,log_target=False",10,0.85500007,0.21708064,0.46781619,-3.0296721
glucose_gL,all_known,parafac_raman_fusion_als_sg2_snv,als_sg2_snv+parafac,weighted_knn,"k=3,metric=correlation,max_features=192,x_transform=none,log_target=False",10,0.86196937,0.14335592,0.50084453,-3.1787239
glucose_gL,all_known,parafac_raman_fusion_als_sg2_snv,als_sg2_snv+parafac,weighted_knn,"k=3,metric=correlation,max_features=192,x_transform=l2,log_target=False",10,0.86196937,0.14335592,0.50084453,-3.1787239
glucose_gL,all_known,raman_preprocessed_als_sg0_snv_area,als_sg0_snv_area,weighted_knn,"k=3,metric=manhattan,max_features=12,x_transform=l2,log_target=False",10,0.86843625,0.24802827,0.46026704,-3.0184622
glucose_gL,all_known,raman_preprocessed_als_sg0_snv_area,als_sg0_snv_area,weighted_knn,"k=3,metric=correlation,max_features=192,x_transform=l2,log_target=False",10,0.86916186,0.16858118,0.48749412,-3.6500922
glucose_gL,all_known,raman_preprocessed_als_sg0_snv_area,als_sg0_snv_area,weighted_knn,"k=3,metric=correlation,max_features=192,x_transform=none,log_target=False",10,0.86916186,0.16858118,0.48749412,-3.6500922
glucose_gL,target_focused,eem_parafac_scores,parafac_rank_selected,krr,"kernel=rbf,alpha=0.1,gamma_scale=1.0,max_features=12,x_transform=none,log_target=True",10,0.87209783,0.33836277,0.54682619,0.021326207
glucose_gL,target_focused,eem_parafac_scores,parafac_rank_selected,krr,"kernel=rbf,alpha=0.1,gamma_scale=1.0,max_features=48,x_transform=none,log_target=True",10,0.87209783,0.33836277,0.54682619,0.021326207
glucose_gL,target_focused,eem_parafac_scores,parafac_rank_selected,krr,"kernel=rbf,alpha=0.1,gamma_scale=1.0,max_features=192,x_transform=none,log_target=True",10,0.87209783,0.33836277,0.54682619,0.021326207
glucose_gL,all_known,eem_parafac_scores,parafac_rank_selected,krr,"kernel=laplacian,alpha=0.01,gamma_scale=2.0,max_features=12,x_transform=none,log_target=False",10,0.87256873,0.20254819,0.46255689,-3.6357937
glucose_gL,all_known,eem_parafac_scores,parafac_rank_selected,krr,"kernel=laplacian,alpha=0.01,gamma_scale=2.0,max_features=48,x_transform=none,log_target=False",10,0.87256873,0.20254819,0.46255689,-3.6357937
glucose_gL,all_known,eem_parafac_scores,parafac_rank_selected,krr,"kernel=laplacian,alpha=0.01,gamma_scale=2.0,max_features=192,x_transform=none,log_target=False",10,0.87256873,0.20254819,0.46255689,-3.6357937
glucose_gL,all_known,parafac_raman_fusion_als_sg0_snv_area,als_sg0_snv_area+parafac,weighted_knn,"k=5,metric=correlation,max_features=48,x_transform=none,log_target=False",10,0.88263188,0.13225224,0.52464492,-4.0061083
glucose_gL,all_known,parafac_raman_fusion_als_sg0_snv_area,als_sg0_snv_area+parafac,weighted_knn,"k=5,metric=correlation,max_features=48,x_transform=l2,log_target=False",10,0.88263188,0.13225224,0.52464492,-4.0061083
glucose_gL,target_focused,eem_parafac_scores,parafac_rank_selected,krr,"kernel=rbf,alpha=0.01,gamma_scale=1.0,max_features=12,x_transform=none,log_target=True",10,0.88312079,0.33461106,0.5416606,-0.0041890253
glucose_gL,target_focused,eem_parafac_scores,parafac_rank_selected,krr,"kernel=rbf,alpha=0.01,gamma_scale=1.0,max_features=48,x_transform=none,log_target=True",10,0.88312079,0.33461106,0.5416606,-0.0041890253
glucose_gL,target_focused,eem_parafac_scores,parafac_rank_selected,krr,"kernel=rbf,alpha=0.01,gamma_scale=1.0,max_features=192,x_transform=none,log_target=True",10,0.88312079,0.33461106,0.5416606,-0.0041890253
glucose_gL,target_focused,eem_parafac_scores,parafac_rank_selected,krr,"kernel=rbf,alpha=0.1,gamma_scale=2.0,max_features=12,x_transform=none,log_target=True",10,0.88389871,0.33117062,0.54456393,-0.010202402
glucose_gL,target_focused,eem_parafac_scores,parafac_rank_selected,krr,"kernel=rbf,alpha=0.1,gamma_scale=2.0,max_features=48,x_transform=none,log_target=True",10,0.88389871,0.33117062,0.54456393,-0.010202402
glucose_gL,target_focused,eem_parafac_scores,parafac_rank_selected,krr,"kernel=rbf,alpha=0.1,gamma_scale=2.0,max_features=192,x_transform=none,log_target=True",10,0.88389871,0.33117062,0.54456393,-0.010202402
glucose_gL,all_known,raman_preprocessed_als_sg0_snv_area,als_sg0_snv_area,weighted_knn,"k=3,metric=manhattan,max_features=192,x_transform=l2,log_target=False",10,0.88618721,0.22965885,0.47822331,-3.575439
glucose_gL,all_known,parafac_raman_fusion_als_sg2_snv,als_sg2_snv+parafac,weighted_knn,"k=3,metric=manhattan,max_features=192,x_transform=none,log_target=False",10,0.89622856,0.10898455,0.56446516,-4.1900788
glucose_gL,all_known,eem_parafac_scores,parafac_rank_selected,weighted_knn,"k=3,metric=manhattan,max_features=12,x_transform=none,log_target=False",10,0.8977203,0.21430395,0.46600606,-4.0955246
glucose_gL,all_known,eem_parafac_scores,parafac_rank_selected,weighted_knn,"k=3,metric=manhattan,max_features=48,x_transform=none,log_target=False",10,0.8977203,0.21430395,0.46600606,-4.0955246
glucose_gL,all_known,eem_parafac_scores,parafac_rank_selected,weighted_knn,"k=3,metric=manhattan,max_features=192,x_transform=none,log_target=False",10,0.8977203,0.21430395,0.46600606,-4.0955246
glucose_gL,target_focused,eem_parafac_scores,parafac_rank_selected,krr,"kernel=rbf,alpha=0.1,gamma_scale=1.0,max_features=12,x_transform=none,log_target=False",10,0.89847044,0.28406542,0.63324198,-0.12784841
glucose_gL,target_focused,eem_parafac_scores,parafac_rank_selected,krr,"kernel=rbf,alpha=0.1,gamma_scale=1.0,max_features=48,x_transform=none,log_target=False",10,0.89847044,0.28406542,0.63324198,-0.12784841
glucose_gL,target_focused,eem_parafac_scores,parafac_rank_selected,krr,"kernel=rbf,alpha=0.1,gamma_scale=1.0,max_features=192,x_transform=none,log_target=False",10,0.89847044,0.28406542,0.63324198,-0.12784841
glucose_gL,all_known,raman_preprocessed_als_sg2_snv,als_sg2_snv,weighted_knn,"k=3,metric=manhattan,max_features=48,x_transform=l2,log_target=False",10,0.89856039,0.15045432,0.53802696,-4.1216684
glucose_gL,target_focused,eem_parafac_scores,parafac_rank_selected,krr,"kernel=rbf,alpha=0.01,gamma_scale=2.0,max_features=12,x_transform=none,log_target=True",10,0.90026897,0.32248631,0.55529694,-0.063038568
glucose_gL,target_focused,eem_parafac_scores,parafac_rank_selected,krr,"kernel=rbf,alpha=0.01,gamma_scale=2.0,max_features=48,x_transform=none,log_target=True",10,0.90026897,0.32248631,0.55529694,-0.063038568
glucose_gL,target_focused,eem_parafac_scores,parafac_rank_selected,krr,"kernel=rbf,alpha=0.01,gamma_scale=2.0,max_features=192,x_transform=none,log_target=True",10,0.90026897,0.32248631,0.55529694,-0.063038568
glucose_gL,target_focused,eem_parafac_scores,parafac_rank_selected,krr,"kernel=rbf,alpha=0.1,gamma_scale=1.0,max_features=12,x_transform=l2,log_target=True",10,0.90158889,0.3271572,0.56141728,-0.079750517
glucose_gL,target_focused,eem_parafac_scores,parafac_rank_selected,krr,"kernel=laplacian,alpha=0.1,gamma_scale=1.0,max_features=12,x_transform=l2,log_target=True",10,0.90158889,0.3271572,0.56141728,-0.079750517
glucose_gL,target_focused,eem_parafac_scores,parafac_rank_selected,krr,"kernel=rbf,alpha=0.1,gamma_scale=1.0,max_features=48,x_transform=l2,log_target=True",10,0.90158889,0.3271572,0.56141728,-0.079750517
glucose_gL,target_focused,eem_parafac_scores,parafac_rank_selected,krr,"kernel=laplacian,alpha=0.1,gamma_scale=1.0,max_features=48,x_transform=l2,log_target=True",10,0.90158889,0.3271572,0.56141728,-0.079750517
glucose_gL,target_focused,eem_parafac_scores,parafac_rank_selected,krr,"kernel=rbf,alpha=0.1,gamma_scale=1.0,max_features=192,x_transform=l2,log_target=True",10,0.90158889,0.3271572,0.56141728,-0.079750517
glucose_gL,target_focused,eem_parafac_scores,parafac_rank_selected,krr,"kernel=laplacian,alpha=0.1,gamma_scale=1.0,max_features=192,x_transform=l2,log_target=True",10,0.90158889,0.3271572,0.56141728,-0.079750517
glucose_gL,target_focused,eem_parafac_scores,parafac_rank_selected,krr,"kernel=rbf,alpha=0.01,gamma_scale=1.0,max_features=12,x_transform=l2,log_target=True",10,0.90159075,0.32675126,0.56181153,-0.08043538
glucose_gL,target_focused,eem_parafac_scores,parafac_rank_selected,krr,"kernel=laplacian,alpha=0.01,gamma_scale=1.0,max_features=12,x_transform=l2,log_target=True",10,0.90159075,0.32675126,0.56181153,-0.08043538
glucose_gL,target_focused,eem_parafac_scores,parafac_rank_selected,krr,"kernel=rbf,alpha=0.01,gamma_scale=1.0,max_features=48,x_transform=l2,log_target=True",10,0.90159075,0.32675126,0.56181153,-0.08043538
glucose_gL,target_focused,eem_parafac_scores,parafac_rank_selected,krr,"kernel=laplacian,alpha=0.01,gamma_scale=1.0,max_features=48,x_transform=l2,log_target=True",10,0.90159075,0.32675126,0.56181153,-0.08043538
glucose_gL,target_focused,eem_parafac_scores,parafac_rank_selected,krr,"kernel=rbf,alpha=0.01,gamma_scale=1.0,max_features=192,x_transform=l2,log_target=True",10,0.90159075,0.32675126,0.56181153,-0.08043538
glucose_gL,target_focused,eem_parafac_scores,parafac_rank_selected,krr,"kernel=laplacian,alpha=0.01,gamma_scale=1.0,max_features=192,x_transform=l2,log_target=True",10,0.90159075,0.32675126,0.56181153,-0.08043538
glucose_gL,target_focused,eem_parafac_scores,parafac_rank_selected,krr,"kernel=rbf,alpha=0.01,gamma_scale=2.0,max_features=12,x_transform=l2,log_target=True",10,0.90159238,0.32675192,0.56180089,-0.080440838
glucose_gL,target_focused,eem_parafac_scores,parafac_rank_selected,krr,"kernel=laplacian,alpha=0.01,gamma_scale=2.0,max_features=12,x_transform=l2,log_target=True",10,0.90159238,0.32675192,0.56180089,-0.080440838
glucose_gL,target_focused,eem_parafac_scores,parafac_rank_selected,krr,"kernel=rbf,alpha=0.01,gamma_scale=2.0,max_features=48,x_transform=l2,log_target=True",10,0.90159238,0.32675192,0.56180089,-0.080440838
glucose_gL,target_focused,eem_parafac_scores,parafac_rank_selected,krr,"kernel=laplacian,alpha=0.01,gamma_scale=2.0,max_features=48,x_transform=l2,log_target=True",10,0.90159238,0.32675192,0.56180089,-0.080440838
glucose_gL,target_focused,eem_parafac_scores,parafac_rank_selected,krr,"kernel=rbf,alpha=0.01,gamma_scale=2.0,max_features=192,x_transform=l2,log_target=True",10,0.90159238,0.32675192,0.56180089,-0.080440838
glucose_gL,target_focused,eem_parafac_scores,parafac_rank_selected,krr,"kernel=laplacian,alpha=0.01,gamma_scale=2.0,max_features=192,x_transform=l2,log_target=True",10,0.90159238,0.32675192,0.56180089,-0.080440838
glucose_gL,target_focused,eem_parafac_scores,parafac_rank_selected,krr,"kernel=rbf,alpha=0.1,gamma_scale=2.0,max_features=12,x_transform=l2,log_target=True",10,0.90160524,0.32716389,0.56131156,-0.079805078
glucose_gL,target_focused,eem_parafac_scores,parafac_rank_selected,krr,"kernel=laplacian,alpha=0.1,gamma_scale=2.0,max_features=12,x_transform=l2,log_target=True",10,0.90160524,0.32716389,0.56131156,-0.079805078
glucose_gL,target_focused,eem_parafac_scores,parafac_rank_selected,krr,"kernel=rbf,alpha=0.1,gamma_scale=2.0,max_features=48,x_transform=l2,log_target=True",10,0.90160524,0.32716389,0.56131156,-0.079805078
glucose_gL,target_focused,eem_parafac_scores,parafac_rank_selected,krr,"kernel=laplacian,alpha=0.1,gamma_scale=2.0,max_features=48,x_transform=l2,log_target=True",10,0.90160524,0.32716389,0.56131156,-0.079805078
glucose_gL,target_focused,eem_parafac_scores,parafac_rank_selected,krr,"kernel=rbf,alpha=0.1,gamma_scale=2.0,max_features=192,x_transform=l2,log_target=True",10,0.90160524,0.32716389,0.56131156,-0.079805078
glucose_gL,target_focused,eem_parafac_scores,parafac_rank_selected,krr,"kernel=laplacian,alpha=0.1,gamma_scale=2.0,max_features=192,x_transform=l2,log_target=True",10,0.90160524,0.32716389,0.56131156,-0.079805078
glucose_gL,all_known,raman_preprocessed_als_sg0_snv_area,als_sg0_snv_area,krr,"kernel=rbf,alpha=0.01,gamma_scale=2.0,max_features=12,x_transform=none,log_target=False",10,0.90176934,0.2102435,0.5591845,-3.3845756
glucose_gL,all_known,raman_preprocessed_als_sg2_snv,als_sg2_snv,weighted_knn,"k=3,metric=manhattan,max_features=192,x_transform=none,log_target=False",10,0.90935159,0.13076549,0.57822739,-4.3191687
glucose_gL,all_known,parafac_raman_fusion_als_sg2_snv,als_sg2_snv+parafac,weighted_knn,"k=3,metric=manhattan,max_features=48,x_transform=l2,log_target=False",10,0.91489162,0.12561764,0.5471821,-4.0583808
glucose_gL,target_focused,eem_parafac_scores,parafac_rank_selected,krr,"kernel=rbf,alpha=0.1,gamma_scale=2.0,max_features=12,x_transform=none,log_target=False",10,0.91662236,0.28054933,0.63134564,-0.16810552
glucose_gL,target_focused,eem_parafac_scores,parafac_rank_selected,krr,"kernel=rbf,alpha=0.1,gamma_scale=2.0,max_features=48,x_transform=none,log_target=False",10,0.91662236,0.28054933,0.63134564,-0.16810552
glucose_gL,target_focused,eem_parafac_scores,parafac_rank_selected,krr,"kernel=rbf,alpha=0.1,gamma_scale=2.0,max_features=192,x_transform=none,log_target=False",10,0.91662236,0.28054933,0.63134564,-0.16810552
glucose_gL,all_known,raman_preprocessed_als_sg0_snv_area,als_sg0_snv_area,weighted_knn,"k=1,metric=correlation,max_features=12,x_transform=none,log_target=False",10,0.92023334,0.35793328,0.376375,-5.2453265
glucose_gL,all_known,raman_preprocessed_als_sg0_snv_area,als_sg0_snv_area,weighted_knn,"k=1,metric=correlation,max_features=12,x_transform=none,log_target=True",10,0.92023334,0.35793328,0.376375,-5.2453265
glucose_gL,all_known,raman_preprocessed_als_sg0_snv_area,als_sg0_snv_area,weighted_knn,"k=1,metric=correlation,max_features=12,x_transform=l2,log_target=False",10,0.92023334,0.35793328,0.376375,-5.2453265
glucose_gL,all_known,raman_preprocessed_als_sg0_snv_area,als_sg0_snv_area,weighted_knn,"k=1,metric=correlation,max_features=12,x_transform=l2,log_target=True",10,0.92023334,0.35793328,0.376375,-5.2453265
glucose_gL,target_focused,eem_parafac_scores,parafac_rank_selected,krr,"kernel=rbf,alpha=0.01,gamma_scale=1.0,max_features=12,x_transform=none,log_target=False",10,0.92287772,0.28336565,0.63102189,-0.18287948
glucose_gL,target_focused,eem_parafac_scores,parafac_rank_selected,krr,"kernel=rbf,alpha=0.01,gamma_scale=1.0,max_features=48,x_transform=none,log_target=False",10,0.92287772,0.28336565,0.63102189,-0.18287948
glucose_gL,target_focused,eem_parafac_scores,parafac_rank_selected,krr,"kernel=rbf,alpha=0.01,gamma_scale=1.0,max_features=192,x_transform=none,log_target=False",10,0.92287772,0.28336565,0.63102189,-0.18287948
glucose_gL,all_known,parafac_raman_fusion_als_sg0_snv_area,als_sg0_snv_area+parafac,krr,"kernel=rbf,alpha=0.01,gamma_scale=2.0,max_features=12,x_transform=none,log_target=False",10,0.92597722,0.16966249,0.60031202,-3.6647254
glucose_gL,all_known,parafac_raman_fusion_als_sg2_snv,als_sg2_snv+parafac,krr,"kernel=rbf,alpha=0.01,gamma_scale=1.0,max_features=12,x_transform=l2,log_target=False",10,0.92709581,0.11890131,0.68425142,-3.8519968
glucose_gL,all_known,parafac_raman_fusion_als_sg0_snv_area,als_sg0_snv_area+parafac,weighted_knn,"k=3,metric=manhattan,max_features=12,x_transform=l2,log_target=False",10,0.93075459,0.19240334,0.51010438,-4.3500327
glucose_gL,target_focused,eem_parafac_scores,parafac_rank_selected,krr,"kernel=rbf,alpha=0.1,gamma_scale=1.0,max_features=12,x_transform=l2,log_target=False",10,0.93218526,0.23990929,0.63902776,-0.34662442
glucose_gL,target_focused,eem_parafac_scores,parafac_rank_selected,krr,"kernel=laplacian,alpha=0.1,gamma_scale=1.0,max_features=12,x_transform=l2,log_target=False",10,0.93218526,0.23990929,0.63902776,-0.34662442
glucose_gL,target_focused,eem_parafac_scores,parafac_rank_selected,krr,"kernel=rbf,alpha=0.1,gamma_scale=1.0,max_features=48,x_transform=l2,log_target=False",10,0.93218526,0.23990929,0.63902776,-0.34662442
glucose_gL,target_focused,eem_parafac_scores,parafac_rank_selected,krr,"kernel=laplacian,alpha=0.1,gamma_scale=1.0,max_features=48,x_transform=l2,log_target=False",10,0.93218526,0.23990929,0.63902776,-0.34662442
glucose_gL,target_focused,eem_parafac_scores,parafac_rank_selected,krr,"kernel=rbf,alpha=0.1,gamma_scale=1.0,max_features=192,x_transform=l2,log_target=False",10,0.93218526,0.23990929,0.63902776,-0.34662442
glucose_gL,target_focused,eem_parafac_scores,parafac_rank_selected,krr,"kernel=laplacian,alpha=0.1,gamma_scale=1.0,max_features=192,x_transform=l2,log_target=False",10,0.93218526,0.23990929,0.63902776,-0.34662442
glucose_gL,target_focused,eem_parafac_scores,parafac_rank_selected,krr,"kernel=rbf,alpha=0.1,gamma_scale=2.0,max_features=12,x_transform=l2,log_target=False",10,0.93220024,0.23988899,0.63887201,-0.34676773
glucose_gL,target_focused,eem_parafac_scores,parafac_rank_selected,krr,"kernel=laplacian,alpha=0.1,gamma_scale=2.0,max_features=12,x_transform=l2,log_target=False",10,0.93220024,0.23988899,0.63887201,-0.34676773
glucose_gL,target_focused,eem_parafac_scores,parafac_rank_selected,krr,"kernel=rbf,alpha=0.1,gamma_scale=2.0,max_features=48,x_transform=l2,log_target=False",10,0.93220024,0.23988899,0.63887201,-0.34676773
glucose_gL,target_focused,eem_parafac_scores,parafac_rank_selected,krr,"kernel=laplacian,alpha=0.1,gamma_scale=2.0,max_features=48,x_transform=l2,log_target=False",10,0.93220024,0.23988899,0.63887201,-0.34676773
glucose_gL,target_focused,eem_parafac_scores,parafac_rank_selected,krr,"kernel=rbf,alpha=0.1,gamma_scale=2.0,max_features=192,x_transform=l2,log_target=False",10,0.93220024,0.23988899,0.63887201,-0.34676773
glucose_gL,target_focused,eem_parafac_scores,parafac_rank_selected,krr,"kernel=laplacian,alpha=0.1,gamma_scale=2.0,max_features=192,x_transform=l2,log_target=False",10,0.93220024,0.23988899,0.63887201,-0.34676773
glucose_gL,target_focused,eem_parafac_scores,parafac_rank_selected,krr,"kernel=rbf,alpha=0.01,gamma_scale=1.0,max_features=12,x_transform=l2,log_target=False",10,0.93272338,0.23911653,0.63977341,-0.35027829
glucose_gL,target_focused,eem_parafac_scores,parafac_rank_selected,krr,"kernel=laplacian,alpha=0.01,gamma_scale=1.0,max_features=12,x_transform=l2,log_target=False",10,0.93272338,0.23911653,0.63977341,-0.35027829
glucose_gL,target_focused,eem_parafac_scores,parafac_rank_selected,krr,"kernel=rbf,alpha=0.01,gamma_scale=1.0,max_features=48,x_transform=l2,log_target=False",10,0.93272338,0.23911653,0.63977341,-0.35027829
glucose_gL,target_focused,eem_parafac_scores,parafac_rank_selected,krr,"kernel=laplacian,alpha=0.01,gamma_scale=1.0,max_features=48,x_transform=l2,log_target=False",10,0.93272338,0.23911653,0.63977341,-0.35027829
glucose_gL,target_focused,eem_parafac_scores,parafac_rank_selected,krr,"kernel=rbf,alpha=0.01,gamma_scale=1.0,max_features=192,x_transform=l2,log_target=False",10,0.93272338,0.23911653,0.63977341,-0.35027829
glucose_gL,target_focused,eem_parafac_scores,parafac_rank_selected,krr,"kernel=laplacian,alpha=0.01,gamma_scale=1.0,max_features=192,x_transform=l2,log_target=False",10,0.93272338,0.23911653,0.63977341,-0.35027829
glucose_gL,target_focused,eem_parafac_scores,parafac_rank_selected,krr,"kernel=rbf,alpha=0.01,gamma_scale=2.0,max_features=12,x_transform=l2,log_target=False",10,0.93272492,0.23911445,0.63975794,-0.35029295
glucose_gL,target_focused,eem_parafac_scores,parafac_rank_selected,krr,"kernel=laplacian,alpha=0.01,gamma_scale=2.0,max_features=12,x_transform=l2,log_target=False",10,0.93272492,0.23911445,0.63975794,-0.35029295
glucose_gL,target_focused,eem_parafac_scores,parafac_rank_selected,krr,"kernel=rbf,alpha=0.01,gamma_scale=2.0,max_features=48,x_transform=l2,log_target=False",10,0.93272492,0.23911445,0.63975794,-0.35029295
glucose_gL,target_focused,eem_parafac_scores,parafac_rank_selected,krr,"kernel=laplacian,alpha=0.01,gamma_scale=2.0,max_features=48,x_transform=l2,log_target=False",10,0.93272492,0.23911445,0.63975794,-0.35029295
glucose_gL,target_focused,eem_parafac_scores,parafac_rank_selected,krr,"kernel=rbf,alpha=0.01,gamma_scale=2.0,max_features=192,x_transform=l2,log_target=False",10,0.93272492,0.23911445,0.63975794,-0.35029295
glucose_gL,target_focused,eem_parafac_scores,parafac_rank_selected,krr,"kernel=laplacian,alpha=0.01,gamma_scale=2.0,max_features=192,x_transform=l2,log_target=False",10,0.93272492,0.23911445,0.63975794,-0.35029295
glucose_gL,target_focused,eem_parafac_scores,parafac_rank_selected,weighted_knn,"k=3,metric=correlation,max_features=12,x_transform=none,log_target=False",10,0.93742722,0.36239086,0.55988235,-0.14292175
glucose_gL,target_focused,eem_parafac_scores,parafac_rank_selected,weighted_knn,"k=3,metric=correlation,max_features=12,x_transform=l2,log_target=False",10,0.93742722,0.36239086,0.55988235,-0.14292175
glucose_gL,target_focused,eem_parafac_scores,parafac_rank_selected,weighted_knn,"k=3,metric=correlation,max_features=48,x_transform=none,log_target=False",10,0.93742722,0.36239086,0.55988235,-0.14292175
glucose_gL,target_focused,eem_parafac_scores,parafac_rank_selected,weighted_knn,"k=3,metric=correlation,max_features=48,x_transform=l2,log_target=False",10,0.93742722,0.36239086,0.55988235,-0.14292175
glucose_gL,target_focused,eem_parafac_scores,parafac_rank_selected,weighted_knn,"k=3,metric=correlation,max_features=192,x_transform=none,log_target=False",10,0.93742722,0.36239086,0.55988235,-0.14292175
glucose_gL,target_focused,eem_parafac_scores,parafac_rank_selected,weighted_knn,"k=3,metric=correlation,max_features=192,x_transform=l2,log_target=False",10,0.93742722,0.36239086,0.55988235,-0.14292175
glucose_gL,all_known,raman_preprocessed_als_sg2_snv,als_sg2_snv,weighted_knn,"k=3,metric=correlation,max_features=48,x_transform=none,log_target=False",10,0.93749923,0.20139456,0.54291165,-4.7784536
glucose_gL,all_known,raman_preprocessed_als_sg2_snv,als_sg2_snv,weighted_knn,"k=3,metric=correlation,max_features=48,x_transform=l2,log_target=False",10,0.93749923,0.20139456,0.54291165,-4.7784536
glucose_gL,target_focused,eem_parafac_scores,parafac_rank_selected,weighted_knn,"k=3,metric=correlation,max_features=12,x_transform=none,log_target=True",10,0.94074959,0.36586684,0.54519435,-0.14656006
glucose_gL,target_focused,eem_parafac_scores,parafac_rank_selected,weighted_knn,"k=3,metric=correlation,max_features=12,x_transform=l2,log_target=True",10,0.94074959,0.36586684,0.54519435,-0.14656006
glucose_gL,target_focused,eem_parafac_scores,parafac_rank_selected,weighted_knn,"k=3,metric=correlation,max_features=48,x_transform=none,log_target=True",10,0.94074959,0.36586684,0.54519435,-0.14656006
glucose_gL,target_focused,eem_parafac_scores,parafac_rank_selected,weighted_knn,"k=3,metric=correlation,max_features=48,x_transform=l2,log_target=True",10,0.94074959,0.36586684,0.54519435,-0.14656006
glucose_gL,target_focused,eem_parafac_scores,parafac_rank_selected,weighted_knn,"k=3,metric=correlation,max_features=192,x_transform=none,log_target=True",10,0.94074959,0.36586684,0.54519435,-0.14656006
glucose_gL,target_focused,eem_parafac_scores,parafac_rank_selected,weighted_knn,"k=3,metric=correlation,max_features=192,x_transform=l2,log_target=True",10,0.94074959,0.36586684,0.54519435,-0.14656006
glucose_gL,all_known,raman_preprocessed_als_sg2_snv,als_sg2_snv,weighted_knn,"k=1,metric=manhattan,max_features=12,x_transform=l2,log_target=False",10,0.94124136,0.36376693,0.41308333,-3.9304385
glucose_gL,all_known,raman_preprocessed_als_sg2_snv,als_sg2_snv,weighted_knn,"k=1,metric=manhattan,max_features=12,x_transform=l2,log_target=True",10,0.94124136,0.36376693,0.41308333,-3.9304385
glucose_gL,all_known,parafac_raman_fusion_als_sg0_snv_area,als_sg0_snv_area+parafac,weighted_knn,"k=1,metric=manhattan,max_features=48,x_transform=none,log_target=True",10,0.94699742,0.33171731,0.39479167,-4.3988155
glucose_gL,all_known,parafac_raman_fusion_als_sg0_snv_area,als_sg0_snv_area+parafac,weighted_knn,"k=1,metric=manhattan,max_features=48,x_transform=none,log_target=False",10,0.94699742,0.33171731,0.39479167,-4.3988155
glucose_gL,all_known,raman_preprocessed_als_sg0_snv_area,als_sg0_snv_area,krr,"kernel=rbf,alpha=0.01,gamma_scale=2.0,max_features=12,x_transform=l2,log_target=False",10,0.95395158,0.22861241,0.6162329,-4.0586556
glucose_gL,all_known,parafac_raman_fusion_als_sg2_snv,als_sg2_snv+parafac,weighted_knn,"k=3,metric=correlation,max_features=48,x_transform=none,log_target=False",10,0.95838232,0.16783701,0.56560791,-4.6984735
glucose_gL,all_known,parafac_raman_fusion_als_sg2_snv,als_sg2_snv+parafac,weighted_knn,"k=3,metric=correlation,max_features=48,x_transform=l2,log_target=False",10,0.95838232,0.16783701,0.56560791,-4.6984735
glucose_gL,target_focused,eem_parafac_scores,parafac_rank_selected,krr,"kernel=rbf,alpha=0.01,gamma_scale=2.0,max_features=12,x_transform=none,log_target=False",10,0.97450824,0.29652494,0.65955557,-0.38205104
glucose_gL,target_focused,eem_parafac_scores,parafac_rank_selected,krr,"kernel=rbf,alpha=0.01,gamma_scale=2.0,max_features=48,x_transform=none,log_target=False",10,0.97450824,0.29652494,0.65955557,-0.38205104
glucose_gL,target_focused,eem_parafac_scores,parafac_rank_selected,krr,"kernel=rbf,alpha=0.01,gamma_scale=2.0,max_features=192,x_transform=none,log_target=False",10,0.97450824,0.29652494,0.65955557,-0.38205104
glucose_gL,target_focused,eem_parafac_scores,parafac_rank_selected,krr,"kernel=laplacian,alpha=0.1,gamma_scale=1.0,max_features=12,x_transform=none,log_target=True",10,0.97740833,0.29294665,0.61570914,-0.35177525
glucose_gL,target_focused,eem_parafac_scores,parafac_rank_selected,krr,"kernel=laplacian,alpha=0.1,gamma_scale=1.0,max_features=48,x_transform=none,log_target=True",10,0.97740833,0.29294665,0.61570914,-0.35177525
glucose_gL,target_focused,eem_parafac_scores,parafac_rank_selected,krr,"kernel=laplacian,alpha=0.1,gamma_scale=1.0,max_features=192,x_transform=none,log_target=True",10,0.97740833,0.29294665,0.61570914,-0.35177525
glucose_gL,all_known,parafac_raman_fusion_als_sg0_snv_area,als_sg0_snv_area+parafac,weighted_knn,"k=3,metric=manhattan,max_features=48,x_transform=l2,log_target=False",10,0.97862891,0.23393853,0.55639415,-4.8395834
glucose_gL,target_focused,eem_parafac_scores,parafac_rank_selected,weighted_knn,"k=3,metric=manhattan,max_features=12,x_transform=l2,log_target=True",10,0.98066182,0.32505001,0.57726879,-0.52028894
glucose_gL,target_focused,eem_parafac_scores,parafac_rank_selected,weighted_knn,"k=3,metric=manhattan,max_features=48,x_transform=l2,log_target=True",10,0.98066182,0.32505001,0.57726879,-0.52028894
glucose_gL,target_focused,eem_parafac_scores,parafac_rank_selected,weighted_knn,"k=3,metric=manhattan,max_features=192,x_transform=l2,log_target=True",10,0.98066182,0.32505001,0.57726879,-0.52028894
glucose_gL,all_known,raman_preprocessed_als_sg2_snv,als_sg2_snv,weighted_knn,"k=1,metric=correlation,max_features=12,x_transform=none,log_target=False",10,0.9824103,0.35507169,0.452375,-4.5836266
glucose_gL,all_known,raman_preprocessed_als_sg2_snv,als_sg2_snv,weighted_knn,"k=1,metric=correlation,max_features=12,x_transform=none,log_target=True",10,0.9824103,0.35507169,0.452375,-4.5836266
glucose_gL,all_known,raman_preprocessed_als_sg2_snv,als_sg2_snv,weighted_knn,"k=1,metric=correlation,max_features=12,x_transform=l2,log_target=False",10,0.9824103,0.35507169,0.452375,-4.5836266
glucose_gL,all_known,raman_preprocessed_als_sg2_snv,als_sg2_snv,weighted_knn,"k=1,metric=correlation,max_features=12,x_transform=l2,log_target=True",10,0.9824103,0.35507169,0.452375,-4.5836266
glucose_gL,all_known,raman_preprocessed_als_sg0_snv_area,als_sg0_snv_area,weighted_knn,"k=3,metric=manhattan,max_features=48,x_transform=l2,log_target=False",10,0.98433434,0.26207575,0.53556533,-5.1503472
glucose_gL,target_focused,eem_parafac_scores,parafac_rank_selected,weighted_knn,"k=5,metric=correlation,max_features=12,x_transform=none,log_target=True",10,1.0003275,0.31091743,0.61537692,-0.50799272
glucose_gL,target_focused,eem_parafac_scores,parafac_rank_selected,weighted_knn,"k=5,metric=correlation,max_features=12,x_transform=l2,log_target=True",10,1.0003275,0.31091743,0.61537692,-0.50799272
glucose_gL,target_focused,eem_parafac_scores,parafac_rank_selected,weighted_knn,"k=5,metric=correlation,max_features=48,x_transform=none,log_target=True",10,1.0003275,0.31091743,0.61537692,-0.50799272
glucose_gL,target_focused,eem_parafac_scores,parafac_rank_selected,weighted_knn,"k=5,metric=correlation,max_features=48,x_transform=l2,log_target=True",10,1.0003275,0.31091743,0.61537692,-0.50799272
glucose_gL,target_focused,eem_parafac_scores,parafac_rank_selected,weighted_knn,"k=5,metric=correlation,max_features=192,x_transform=none,log_target=True",10,1.0003275,0.31091743,0.61537692,-0.50799272
glucose_gL,target_focused,eem_parafac_scores,parafac_rank_selected,weighted_knn,"k=5,metric=correlation,max_features=192,x_transform=l2,log_target=True",10,1.0003275,0.31091743,0.61537692,-0.50799272
glucose_gL,all_known,raman_preprocessed_als_sg0_snv_area,als_sg0_snv_area,krr,"kernel=rbf,alpha=0.01,gamma_scale=1.0,max_features=12,x_transform=none,log_target=False",10,1.000513,0.2131295,0.67046789,-4.4465306
glucose_gL,all_known,parafac_raman_fusion_als_sg2_snv,als_sg2_snv+parafac,weighted_knn,"k=1,metric=manhattan,max_features=12,x_transform=l2,log_target=False",10,1.005718,0.31508757,0.43544444,-4.965284
glucose_gL,all_known,parafac_raman_fusion_als_sg2_snv,als_sg2_snv+parafac,weighted_knn,"k=1,metric=manhattan,max_features=12,x_transform=l2,log_target=True",10,1.005718,0.31508757,0.43544444,-4.965284
glucose_gL,all_known,parafac_raman_fusion_als_sg0_snv_area,als_sg0_snv_area+parafac,krr,"kernel=rbf,alpha=0.01,gamma_scale=1.0,max_features=12,x_transform=none,log_target=False",10,1.0205947,0.17980914,0.69953227,-4.7121187
glucose_gL,target_focused,eem_parafac_scores,parafac_rank_selected,weighted_knn,"k=3,metric=manhattan,max_features=12,x_transform=l2,log_target=False",10,1.0212982,0.32915655,0.62280392,-1.2299863
glucose_gL,target_focused,eem_parafac_scores,parafac_rank_selected,weighted_knn,"k=3,metric=manhattan,max_features=48,x_transform=l2,log_target=False",10,1.0212982,0.32915655,0.62280392,-1.2299863
glucose_gL,target_focused,eem_parafac_scores,parafac_rank_selected,weighted_knn,"k=3,metric=manhattan,max_features=192,x_transform=l2,log_target=False",10,1.0212982,0.32915655,0.62280392,-1.2299863
glucose_gL,target_focused,eem_parafac_scores,parafac_rank_selected,weighted_knn,"k=5,metric=manhattan,max_features=12,x_transform=l2,log_target=True",10,1.0220751,0.30808632,0.65436853,-0.74851662
glucose_gL,target_focused,eem_parafac_scores,parafac_rank_selected,weighted_knn,"k=5,metric=manhattan,max_features=48,x_transform=l2,log_target=True",10,1.0220751,0.30808632,0.65436853,-0.74851662
glucose_gL,target_focused,eem_parafac_scores,parafac_rank_selected,weighted_knn,"k=5,metric=manhattan,max_features=192,x_transform=l2,log_target=True",10,1.0220751,0.30808632,0.65436853,-0.74851662
glucose_gL,target_focused,eem_parafac_scores,parafac_rank_selected,krr,"kernel=laplacian,alpha=0.1,gamma_scale=1.0,max_features=12,x_transform=none,log_target=False",10,1.0256727,0.26987243,0.6870708,-0.65846509
glucose_gL,target_focused,eem_parafac_scores,parafac_rank_selected,krr,"kernel=laplacian,alpha=0.1,gamma_scale=1.0,max_features=48,x_transform=none,log_target=False",10,1.0256727,0.26987243,0.6870708,-0.65846509
glucose_gL,target_focused,eem_parafac_scores,parafac_rank_selected,krr,"kernel=laplacian,alpha=0.1,gamma_scale=1.0,max_features=192,x_transform=none,log_target=False",10,1.0256727,0.26987243,0.6870708,-0.65846509
glucose_gL,all_known,raman_preprocessed_als_sg0_snv_area,als_sg0_snv_area,weighted_knn,"k=3,metric=correlation,max_features=48,x_transform=none,log_target=False",10,1.0279623,0.24874092,0.55691413,-5.4122416
glucose_gL,all_known,raman_preprocessed_als_sg0_snv_area,als_sg0_snv_area,weighted_knn,"k=3,metric=correlation,max_features=48,x_transform=l2,log_target=False",10,1.0279623,0.24874092,0.55691413,-5.4122416
glucose_gL,all_known,parafac_raman_fusion_als_sg0_snv_area,als_sg0_snv_area+parafac,weighted_knn,"k=1,metric=manhattan,max_features=12,x_transform=none,log_target=False",10,1.0286504,0.36247784,0.42098611,-6.4656569
glucose_gL,all_known,parafac_raman_fusion_als_sg0_snv_area,als_sg0_snv_area+parafac,weighted_knn,"k=1,metric=manhattan,max_features=12,x_transform=none,log_target=True",10,1.0286504,0.36247784,0.42098611,-6.4656569
glucose_gL,target_focused,eem_parafac_scores,parafac_rank_selected,krr,"kernel=laplacian,alpha=0.1,gamma_scale=2.0,max_features=12,x_transform=none,log_target=True",10,1.0325357,0.29879004,0.64457986,-0.56089384
glucose_gL,target_focused,eem_parafac_scores,parafac_rank_selected,krr,"kernel=laplacian,alpha=0.1,gamma_scale=2.0,max_features=48,x_transform=none,log_target=True",10,1.0325357,0.29879004,0.64457986,-0.56089384
glucose_gL,target_focused,eem_parafac_scores,parafac_rank_selected,krr,"kernel=laplacian,alpha=0.1,gamma_scale=2.0,max_features=192,x_transform=none,log_target=True",10,1.0325357,0.29879004,0.64457986,-0.56089384
glucose_gL,all_known,raman_preprocessed_als_sg0_snv_area,als_sg0_snv_area,krr,"kernel=rbf,alpha=0.01,gamma_scale=1.0,max_features=12,x_transform=l2,log_target=False",10,1.0345355,0.19663662,0.72529218,-5.0518358
glucose_gL,target_focused,eem_parafac_scores,parafac_rank_selected,weighted_knn,"k=1,metric=manhattan,max_features=12,x_transform=l2,log_target=False",10,1.0396461,0.34082386,0.59697059,-0.5577559
glucose_gL,target_focused,eem_parafac_scores,parafac_rank_selected,weighted_knn,"k=1,metric=manhattan,max_features=12,x_transform=l2,log_target=True",10,1.0396461,0.34082386,0.59697059,-0.5577559
glucose_gL,target_focused,eem_parafac_scores,parafac_rank_selected,weighted_knn,"k=1,metric=manhattan,max_features=48,x_transform=l2,log_target=False",10,1.0396461,0.34082386,0.59697059,-0.5577559
glucose_gL,target_focused,eem_parafac_scores,parafac_rank_selected,weighted_knn,"k=1,metric=manhattan,max_features=48,x_transform=l2,log_target=True",10,1.0396461,0.34082386,0.59697059,-0.5577559
glucose_gL,target_focused,eem_parafac_scores,parafac_rank_selected,weighted_knn,"k=1,metric=manhattan,max_features=192,x_transform=l2,log_target=False",10,1.0396461,0.34082386,0.59697059,-0.5577559
glucose_gL,target_focused,eem_parafac_scores,parafac_rank_selected,weighted_knn,"k=1,metric=manhattan,max_features=192,x_transform=l2,log_target=True",10,1.0396461,0.34082386,0.59697059,-0.5577559
glucose_gL,all_known,parafac_raman_fusion_als_sg0_snv_area,als_sg0_snv_area+parafac,weighted_knn,"k=1,metric=manhattan,max_features=192,x_transform=l2,log_target=False",10,1.0523554,0.29761871,0.41219444,-5.2818763
glucose_gL,all_known,parafac_raman_fusion_als_sg0_snv_area,als_sg0_snv_area+parafac,weighted_knn,"k=1,metric=manhattan,max_features=192,x_transform=l2,log_target=True",10,1.0523554,0.29761871,0.41219444,-5.2818763
glucose_gL,all_known,parafac_raman_fusion_als_sg0_snv_area,als_sg0_snv_area+parafac,weighted_knn,"k=3,metric=correlation,max_features=48,x_transform=none,log_target=False",10,1.0524502,0.23565248,0.58542901,-6.2968718
glucose_gL,all_known,parafac_raman_fusion_als_sg0_snv_area,als_sg0_snv_area+parafac,weighted_knn,"k=3,metric=correlation,max_features=48,x_transform=l2,log_target=False",10,1.0524502,0.23565248,0.58542901,-6.2968718
glucose_gL,all_known,parafac_raman_fusion_als_sg0_snv_area,als_sg0_snv_area+parafac,krr,"kernel=rbf,alpha=0.01,gamma_scale=2.0,max_features=12,x_transform=l2,log_target=False",10,1.0551065,0.29980237,0.70327756,-4.7711594
glucose_gL,all_known,raman_preprocessed_als_sg0_snv_area,als_sg0_snv_area,weighted_knn,"k=1,metric=manhattan,max_features=192,x_transform=l2,log_target=True",10,1.0553413,0.29141114,0.41756944,-5.493827
glucose_gL,all_known,raman_preprocessed_als_sg0_snv_area,als_sg0_snv_area,weighted_knn,"k=1,metric=manhattan,max_features=192,x_transform=l2,log_target=False",10,1.0553413,0.29141114,0.41756944,-5.493827
glucose_gL,target_focused,eem_parafac_scores,parafac_rank_selected,weighted_knn,"k=1,metric=correlation,max_features=12,x_transform=none,log_target=False",10,1.0621388,0.32382856,0.61555882,-0.74561578
glucose_gL,target_focused,eem_parafac_scores,parafac_rank_selected,weighted_knn,"k=1,metric=correlation,max_features=12,x_transform=none,log_target=True",10,1.0621388,0.32382856,0.61555882,-0.74561578
glucose_gL,target_focused,eem_parafac_scores,parafac_rank_selected,weighted_knn,"k=1,metric=correlation,max_features=12,x_transform=l2,log_target=False",10,1.0621388,0.32382856,0.61555882,-0.74561578
glucose_gL,target_focused,eem_parafac_scores,parafac_rank_selected,weighted_knn,"k=1,metric=correlation,max_features=12,x_transform=l2,log_target=True",10,1.0621388,0.32382856,0.61555882,-0.74561578
glucose_gL,target_focused,eem_parafac_scores,parafac_rank_selected,weighted_knn,"k=1,metric=correlation,max_features=48,x_transform=none,log_target=False",10,1.0621388,0.32382856,0.61555882,-0.74561578
glucose_gL,target_focused,eem_parafac_scores,parafac_rank_selected,weighted_knn,"k=1,metric=correlation,max_features=48,x_transform=none,log_target=True",10,1.0621388,0.32382856,0.61555882,-0.74561578
glucose_gL,target_focused,eem_parafac_scores,parafac_rank_selected,weighted_knn,"k=1,metric=correlation,max_features=48,x_transform=l2,log_target=False",10,1.0621388,0.32382856,0.61555882,-0.74561578
glucose_gL,target_focused,eem_parafac_scores,parafac_rank_selected,weighted_knn,"k=1,metric=correlation,max_features=48,x_transform=l2,log_target=True",10,1.0621388,0.32382856,0.61555882,-0.74561578
glucose_gL,target_focused,eem_parafac_scores,parafac_rank_selected,weighted_knn,"k=1,metric=correlation,max_features=192,x_transform=none,log_target=False",10,1.0621388,0.32382856,0.61555882,-0.74561578
glucose_gL,target_focused,eem_parafac_scores,parafac_rank_selected,weighted_knn,"k=1,metric=correlation,max_features=192,x_transform=none,log_target=True",10,1.0621388,0.32382856,0.61555882,-0.74561578
glucose_gL,target_focused,eem_parafac_scores,parafac_rank_selected,weighted_knn,"k=1,metric=correlation,max_features=192,x_transform=l2,log_target=False",10,1.0621388,0.32382856,0.61555882,-0.74561578
glucose_gL,target_focused,eem_parafac_scores,parafac_rank_selected,weighted_knn,"k=1,metric=correlation,max_features=192,x_transform=l2,log_target=True",10,1.0621388,0.32382856,0.61555882,-0.74561578
glucose_gL,target_focused,eem_parafac_scores,parafac_rank_selected,krr,"kernel=laplacian,alpha=0.1,gamma_scale=2.0,max_features=12,x_transform=none,log_target=False",10,1.0823349,0.29160864,0.71117771,-0.8844613
glucose_gL,target_focused,eem_parafac_scores,parafac_rank_selected,krr,"kernel=laplacian,alpha=0.1,gamma_scale=2.0,max_features=48,x_transform=none,log_target=False",10,1.0823349,0.29160864,0.71117771,-0.8844613
glucose_gL,target_focused,eem_parafac_scores,parafac_rank_selected,krr,"kernel=laplacian,alpha=0.1,gamma_scale=2.0,max_features=192,x_transform=none,log_target=False",10,1.0823349,0.29160864,0.71117771,-0.8844613
glucose_gL,all_known,parafac_raman_fusion_als_sg0_snv_area,als_sg0_snv_area+parafac,weighted_knn,"k=1,metric=correlation,max_features=12,x_transform=none,log_target=False",10,1.089414,0.30814145,0.46519444,-5.5631695
glucose_gL,all_known,parafac_raman_fusion_als_sg0_snv_area,als_sg0_snv_area+parafac,weighted_knn,"k=1,metric=correlation,max_features=12,x_transform=none,log_target=True",10,1.089414,0.30814145,0.46519444,-5.5631695
glucose_gL,all_known,parafac_raman_fusion_als_sg0_snv_area,als_sg0_snv_area+parafac,weighted_knn,"k=1,metric=correlation,max_features=12,x_transform=l2,log_target=False",10,1.089414,0.30814145,0.46519444,-5.5631695
glucose_gL,all_known,parafac_raman_fusion_als_sg0_snv_area,als_sg0_snv_area+parafac,weighted_knn,"k=1,metric=correlation,max_features=12,x_transform=l2,log_target=True",10,1.089414,0.30814145,0.46519444,-5.5631695
glucose_gL,all_known,parafac_raman_fusion_als_sg0_snv_area,als_sg0_snv_area+parafac,krr,"kernel=rbf,alpha=0.01,gamma_scale=1.0,max_features=12,x_transform=l2,log_target=False",10,1.1138764,0.25675529,0.79914943,-5.6716117
glucose_gL,all_known,parafac_raman_fusion_als_sg2_snv,als_sg2_snv+parafac,weighted_knn,"k=1,metric=correlation,max_features=12,x_transform=none,log_target=False",10,1.1406975,0.33550915,0.50673611,-7.0387649
glucose_gL,all_known,parafac_raman_fusion_als_sg2_snv,als_sg2_snv+parafac,weighted_knn,"k=1,metric=correlation,max_features=12,x_transform=none,log_target=True",10,1.1406975,0.33550915,0.50673611,-7.0387649
glucose_gL,all_known,parafac_raman_fusion_als_sg2_snv,als_sg2_snv+parafac,weighted_knn,"k=1,metric=correlation,max_features=12,x_transform=l2,log_target=False",10,1.1406975,0.33550915,0.50673611,-7.0387649
glucose_gL,all_known,parafac_raman_fusion_als_sg2_snv,als_sg2_snv+parafac,weighted_knn,"k=1,metric=correlation,max_features=12,x_transform=l2,log_target=True",10,1.1406975,0.33550915,0.50673611,-7.0387649
glucose_gL,all_known,raman_preprocessed_als_sg0_snv_area,als_sg0_snv_area,weighted_knn,"k=1,metric=manhattan,max_features=12,x_transform=none,log_target=False",10,1.1465618,0.26973065,0.47622222,-7.060379
glucose_gL,all_known,raman_preprocessed_als_sg0_snv_area,als_sg0_snv_area,weighted_knn,"k=1,metric=manhattan,max_features=12,x_transform=none,log_target=True",10,1.1465618,0.26973065,0.47622222,-7.060379
glucose_gL,all_known,raman_preprocessed_als_sg0_snv_area,als_sg0_snv_area,weighted_knn,"k=1,metric=manhattan,max_features=48,x_transform=none,log_target=False",10,1.1513374,0.23506992,0.48395833,-7.2469494
glucose_gL,all_known,raman_preprocessed_als_sg0_snv_area,als_sg0_snv_area,weighted_knn,"k=1,metric=manhattan,max_features=48,x_transform=none,log_target=True",10,1.1513374,0.23506992,0.48395833,-7.2469494
glucose_gL,all_known,parafac_raman_fusion_als_sg0_snv_area,als_sg0_snv_area+parafac,weighted_knn,"k=1,metric=manhattan,max_features=192,x_transform=none,log_target=True",10,1.1521505,0.29368417,0.47465278,-6.4103866
glucose_gL,all_known,parafac_raman_fusion_als_sg0_snv_area,als_sg0_snv_area+parafac,weighted_knn,"k=1,metric=manhattan,max_features=192,x_transform=none,log_target=False",10,1.1521505,0.29368417,0.47465278,-6.4103866
glucose_gL,target_focused,eem_parafac_scores,parafac_rank_selected,weighted_knn,"k=5,metric=correlation,max_features=12,x_transform=none,log_target=False",10,1.153632,0.1697204,0.78350588,-1.8128563
glucose_gL,target_focused,eem_parafac_scores,parafac_rank_selected,weighted_knn,"k=5,metric=correlation,max_features=12,x_transform=l2,log_target=False",10,1.153632,0.1697204,0.78350588,-1.8128563
glucose_gL,target_focused,eem_parafac_scores,parafac_rank_selected,weighted_knn,"k=5,metric=correlation,max_features=48,x_transform=none,log_target=False",10,1.153632,0.1697204,0.78350588,-1.8128563
glucose_gL,target_focused,eem_parafac_scores,parafac_rank_selected,weighted_knn,"k=5,metric=correlation,max_features=48,x_transform=l2,log_target=False",10,1.153632,0.1697204,0.78350588,-1.8128563
glucose_gL,target_focused,eem_parafac_scores,parafac_rank_selected,weighted_knn,"k=5,metric=correlation,max_features=192,x_transform=none,log_target=False",10,1.153632,0.1697204,0.78350588,-1.8128563
glucose_gL,target_focused,eem_parafac_scores,parafac_rank_selected,weighted_knn,"k=5,metric=correlation,max_features=192,x_transform=l2,log_target=False",10,1.153632,0.1697204,0.78350588,-1.8128563
glucose_gL,all_known,raman_preprocessed_als_sg0_snv_area,als_sg0_snv_area,weighted_knn,"k=1,metric=manhattan,max_features=192,x_transform=none,log_target=False",10,1.1557408,0.41002121,0.48479167,-7.7703956
glucose_gL,all_known,raman_preprocessed_als_sg0_snv_area,als_sg0_snv_area,weighted_knn,"k=1,metric=manhattan,max_features=192,x_transform=none,log_target=True",10,1.1557408,0.41002121,0.48479167,-7.7703956
glucose_gL,all_known,raman_preprocessed_als_sg2_snv,als_sg2_snv,weighted_knn,"k=1,metric=manhattan,max_features=48,x_transform=l2,log_target=False",10,1.1726958,0.33357286,0.50633333,-8.2970141
glucose_gL,all_known,raman_preprocessed_als_sg2_snv,als_sg2_snv,weighted_knn,"k=1,metric=manhattan,max_features=48,x_transform=l2,log_target=True",10,1.1726958,0.33357286,0.50633333,-8.2970141
glucose_gL,all_known,raman_preprocessed_als_sg0_snv_area,als_sg0_snv_area,weighted_knn,"k=1,metric=manhattan,max_features=12,x_transform=l2,log_target=True",10,1.17954,0.337834,0.49394444,-7.4593214
glucose_gL,all_known,raman_preprocessed_als_sg0_snv_area,als_sg0_snv_area,weighted_knn,"k=1,metric=manhattan,max_features=12,x_transform=l2,log_target=False",10,1.17954,0.337834,0.49394444,-7.4593214
glucose_gL,target_focused,eem_parafac_scores,parafac_rank_selected,krr,"kernel=laplacian,alpha=0.01,gamma_scale=1.0,max_features=12,x_transform=none,log_target=True",10,1.1821832,0.33265091,0.72221834,-1.1642478
glucose_gL,target_focused,eem_parafac_scores,parafac_rank_selected,krr,"kernel=laplacian,alpha=0.01,gamma_scale=1.0,max_features=48,x_transform=none,log_target=True",10,1.1821832,0.33265091,0.72221834,-1.1642478
glucose_gL,target_focused,eem_parafac_scores,parafac_rank_selected,krr,"kernel=laplacian,alpha=0.01,gamma_scale=1.0,max_features=192,x_transform=none,log_target=True",10,1.1821832,0.33265091,0.72221834,-1.1642478
glucose_gL,target_focused,eem_parafac_scores,parafac_rank_selected,weighted_knn,"k=5,metric=manhattan,max_features=12,x_transform=l2,log_target=False",10,1.183068,0.28172966,0.81014706,-2.3277628
glucose_gL,target_focused,eem_parafac_scores,parafac_rank_selected,weighted_knn,"k=5,metric=manhattan,max_features=48,x_transform=l2,log_target=False",10,1.183068,0.28172966,0.81014706,-2.3277628
glucose_gL,target_focused,eem_parafac_scores,parafac_rank_selected,weighted_knn,"k=5,metric=manhattan,max_features=192,x_transform=l2,log_target=False",10,1.183068,0.28172966,0.81014706,-2.3277628
glucose_gL,target_focused,eem_parafac_scores,parafac_rank_selected,weighted_knn,"k=5,metric=manhattan,max_features=12,x_transform=none,log_target=True",10,1.193113,0.35620193,0.72160175,-1.2042953
glucose_gL,target_focused,eem_parafac_scores,parafac_rank_selected,weighted_knn,"k=5,metric=manhattan,max_features=48,x_transform=none,log_target=True",10,1.193113,0.35620193,0.72160175,-1.2042953
glucose_gL,target_focused,eem_parafac_scores,parafac_rank_selected,weighted_knn,"k=5,metric=manhattan,max_features=192,x_transform=none,log_target=True",10,1.193113,0.35620193,0.72160175,-1.2042953
glucose_gL,target_focused,eem_parafac_scores,parafac_rank_selected,krr,"kernel=laplacian,alpha=0.01,gamma_scale=1.0,max_features=12,x_transform=none,log_target=False",10,1.2257047,0.34393456,0.77122003,-1.4339134
glucose_gL,target_focused,eem_parafac_scores,parafac_rank_selected,krr,"kernel=laplacian,alpha=0.01,gamma_scale=1.0,max_features=48,x_transform=none,log_target=False",10,1.2257047,0.34393456,0.77122003,-1.4339134
glucose_gL,target_focused,eem_parafac_scores,parafac_rank_selected,krr,"kernel=laplacian,alpha=0.01,gamma_scale=1.0,max_features=192,x_transform=none,log_target=False",10,1.2257047,0.34393456,0.77122003,-1.4339134
glucose_gL,target_focused,eem_parafac_scores,parafac_rank_selected,krr,"kernel=laplacian,alpha=0.01,gamma_scale=2.0,max_features=12,x_transform=none,log_target=True",10,1.2330437,0.3425342,0.74655959,-1.3813853
glucose_gL,target_focused,eem_parafac_scores,parafac_rank_selected,krr,"kernel=laplacian,alpha=0.01,gamma_scale=2.0,max_features=48,x_transform=none,log_target=True",10,1.2330437,0.3425342,0.74655959,-1.3813853
glucose_gL,target_focused,eem_parafac_scores,parafac_rank_selected,krr,"kernel=laplacian,alpha=0.01,gamma_scale=2.0,max_features=192,x_transform=none,log_target=True",10,1.2330437,0.3425342,0.74655959,-1.3813853
glucose_gL,target_focused,eem_parafac_scores,parafac_rank_selected,weighted_knn,"k=5,metric=manhattan,max_features=12,x_transform=none,log_target=False",10,1.243491,0.36218401,0.77542269,-1.4687581
glucose_gL,target_focused,eem_parafac_scores,parafac_rank_selected,weighted_knn,"k=5,metric=manhattan,max_features=48,x_transform=none,log_target=False",10,1.243491,0.36218401,0.77542269,-1.4687581
glucose_gL,target_focused,eem_parafac_scores,parafac_rank_selected,weighted_knn,"k=5,metric=manhattan,max_features=192,x_transform=none,log_target=False",10,1.243491,0.36218401,0.77542269,-1.4687581
glucose_gL,target_focused,eem_parafac_scores,parafac_rank_selected,weighted_knn,"k=3,metric=manhattan,max_features=12,x_transform=none,log_target=True",10,1.2474393,0.37269313,0.74981905,-1.4331554
glucose_gL,target_focused,eem_parafac_scores,parafac_rank_selected,weighted_knn,"k=3,metric=manhattan,max_features=48,x_transform=none,log_target=True",10,1.2474393,0.37269313,0.74981905,-1.4331554
glucose_gL,target_focused,eem_parafac_scores,parafac_rank_selected,weighted_knn,"k=3,metric=manhattan,max_features=192,x_transform=none,log_target=True",10,1.2474393,0.37269313,0.74981905,-1.4331554
glucose_gL,all_known,eem_parafac_scores,parafac_rank_selected,weighted_knn,"k=1,metric=manhattan,max_features=12,x_transform=none,log_target=False",10,1.250122,0.21853246,0.56772222,-9.7070728
glucose_gL,all_known,eem_parafac_scores,parafac_rank_selected,weighted_knn,"k=1,metric=manhattan,max_features=12,x_transform=none,log_target=True",10,1.250122,0.21853246,0.56772222,-9.7070728
glucose_gL,all_known,eem_parafac_scores,parafac_rank_selected,weighted_knn,"k=1,metric=manhattan,max_features=48,x_transform=none,log_target=False",10,1.250122,0.21853246,0.56772222,-9.7070728
glucose_gL,all_known,eem_parafac_scores,parafac_rank_selected,weighted_knn,"k=1,metric=manhattan,max_features=48,x_transform=none,log_target=True",10,1.250122,0.21853246,0.56772222,-9.7070728
glucose_gL,all_known,eem_parafac_scores,parafac_rank_selected,weighted_knn,"k=1,metric=manhattan,max_features=192,x_transform=none,log_target=False",10,1.250122,0.21853246,0.56772222,-9.7070728
glucose_gL,all_known,eem_parafac_scores,parafac_rank_selected,weighted_knn,"k=1,metric=manhattan,max_features=192,x_transform=none,log_target=True",10,1.250122,0.21853246,0.56772222,-9.7070728
glucose_gL,all_known,parafac_raman_fusion_als_sg0_snv_area,als_sg0_snv_area+parafac,weighted_knn,"k=1,metric=correlation,max_features=192,x_transform=none,log_target=False",10,1.265866,0.38734335,0.54475,-8.1146852
glucose_gL,all_known,parafac_raman_fusion_als_sg0_snv_area,als_sg0_snv_area+parafac,weighted_knn,"k=1,metric=correlation,max_features=192,x_transform=none,log_target=True",10,1.265866,0.38734335,0.54475,-8.1146852
glucose_gL,all_known,parafac_raman_fusion_als_sg0_snv_area,als_sg0_snv_area+parafac,weighted_knn,"k=1,metric=correlation,max_features=192,x_transform=l2,log_target=False",10,1.265866,0.38734335,0.54475,-8.1146852
glucose_gL,all_known,parafac_raman_fusion_als_sg0_snv_area,als_sg0_snv_area+parafac,weighted_knn,"k=1,metric=correlation,max_features=192,x_transform=l2,log_target=True",10,1.265866,0.38734335,0.54475,-8.1146852
glucose_gL,all_known,raman_preprocessed_als_sg2_snv,als_sg2_snv,weighted_knn,"k=1,metric=manhattan,max_features=192,x_transform=none,log_target=False",10,1.2707832,0.31953884,0.61218056,-8.7780362
glucose_gL,all_known,raman_preprocessed_als_sg2_snv,als_sg2_snv,weighted_knn,"k=1,metric=manhattan,max_features=192,x_transform=none,log_target=True",10,1.2707832,0.31953884,0.61218056,-8.7780362
glucose_gL,target_focused,eem_parafac_scores,parafac_rank_selected,krr,"kernel=laplacian,alpha=0.01,gamma_scale=2.0,max_features=12,x_transform=none,log_target=False",10,1.2725722,0.35612356,0.78861509,-1.6178468
glucose_gL,target_focused,eem_parafac_scores,parafac_rank_selected,krr,"kernel=laplacian,alpha=0.01,gamma_scale=2.0,max_features=48,x_transform=none,log_target=False",10,1.2725722,0.35612356,0.78861509,-1.6178468
glucose_gL,target_focused,eem_parafac_scores,parafac_rank_selected,krr,"kernel=laplacian,alpha=0.01,gamma_scale=2.0,max_features=192,x_transform=none,log_target=False",10,1.2725722,0.35612356,0.78861509,-1.6178468
glucose_gL,all_known,raman_preprocessed_als_sg2_snv,als_sg2_snv,weighted_knn,"k=1,metric=manhattan,max_features=192,x_transform=l2,log_target=False",10,1.2785575,0.25291686,0.58006944,-8.0125349
glucose_gL,all_known,raman_preprocessed_als_sg2_snv,als_sg2_snv,weighted_knn,"k=1,metric=manhattan,max_features=192,x_transform=l2,log_target=True",10,1.2785575,0.25291686,0.58006944,-8.0125349
glucose_gL,all_known,parafac_raman_fusion_als_sg2_snv,als_sg2_snv+parafac,weighted_knn,"k=1,metric=manhattan,max_features=192,x_transform=none,log_target=False",10,1.2792757,0.35067738,0.61088889,-8.7630532
glucose_gL,all_known,parafac_raman_fusion_als_sg2_snv,als_sg2_snv+parafac,weighted_knn,"k=1,metric=manhattan,max_features=192,x_transform=none,log_target=True",10,1.2792757,0.35067738,0.61088889,-8.7630532
glucose_gL,target_focused,eem_parafac_scores,parafac_rank_selected,weighted_knn,"k=3,metric=manhattan,max_features=12,x_transform=none,log_target=False",10,1.2860401,0.38451517,0.79727404,-1.635346
glucose_gL,target_focused,eem_parafac_scores,parafac_rank_selected,weighted_knn,"k=3,metric=manhattan,max_features=48,x_transform=none,log_target=False",10,1.2860401,0.38451517,0.79727404,-1.635346
glucose_gL,target_focused,eem_parafac_scores,parafac_rank_selected,weighted_knn,"k=3,metric=manhattan,max_features=192,x_transform=none,log_target=False",10,1.2860401,0.38451517,0.79727404,-1.635346
glucose_gL,all_known,parafac_raman_fusion_als_sg0_snv_area,als_sg0_snv_area+parafac,weighted_knn,"k=1,metric=manhattan,max_features=12,x_transform=l2,log_target=False",10,1.314598,0.3954025,0.57991667,-9.6907968
glucose_gL,all_known,parafac_raman_fusion_als_sg0_snv_area,als_sg0_snv_area+parafac,weighted_knn,"k=1,metric=manhattan,max_features=12,x_transform=l2,log_target=True",10,1.314598,0.3954025,0.57991667,-9.6907968
glucose_gL,all_known,parafac_raman_fusion_als_sg2_snv,als_sg2_snv+parafac,weighted_knn,"k=1,metric=correlation,max_features=48,x_transform=none,log_target=False",10,1.3217354,0.2919493,0.60152778,-10.2897
glucose_gL,all_known,parafac_raman_fusion_als_sg2_snv,als_sg2_snv+parafac,weighted_knn,"k=1,metric=correlation,max_features=48,x_transform=none,log_target=True",10,1.3217354,0.2919493,0.60152778,-10.2897
glucose_gL,all_known,parafac_raman_fusion_als_sg2_snv,als_sg2_snv+parafac,weighted_knn,"k=1,metric=correlation,max_features=48,x_transform=l2,log_target=False",10,1.3217354,0.2919493,0.60152778,-10.2897
glucose_gL,all_known,parafac_raman_fusion_als_sg2_snv,als_sg2_snv+parafac,weighted_knn,"k=1,metric=correlation,max_features=48,x_transform=l2,log_target=True",10,1.3217354,0.2919493,0.60152778,-10.2897
glucose_gL,all_known,parafac_raman_fusion_als_sg2_snv,als_sg2_snv+parafac,weighted_knn,"k=1,metric=manhattan,max_features=192,x_transform=l2,log_target=False",10,1.3462545,0.26073531,0.61422222,-10.100548
glucose_gL,all_known,parafac_raman_fusion_als_sg2_snv,als_sg2_snv+parafac,weighted_knn,"k=1,metric=manhattan,max_features=192,x_transform=l2,log_target=True",10,1.3462545,0.26073531,0.61422222,-10.100548
glucose_gL,all_known,raman_preprocessed_als_sg2_snv,als_sg2_snv,weighted_knn,"k=1,metric=correlation,max_features=48,x_transform=none,log_target=False",10,1.3485625,0.24587169,0.60430556,-10.60991
glucose_gL,all_known,raman_preprocessed_als_sg2_snv,als_sg2_snv,weighted_knn,"k=1,metric=correlation,max_features=48,x_transform=none,log_target=True",10,1.3485625,0.24587169,0.60430556,-10.60991
glucose_gL,all_known,raman_preprocessed_als_sg2_snv,als_sg2_snv,weighted_knn,"k=1,metric=correlation,max_features=48,x_transform=l2,log_target=False",10,1.3485625,0.24587169,0.60430556,-10.60991
glucose_gL,all_known,raman_preprocessed_als_sg2_snv,als_sg2_snv,weighted_knn,"k=1,metric=correlation,max_features=48,x_transform=l2,log_target=True",10,1.3485625,0.24587169,0.60430556,-10.60991
glucose_gL,all_known,raman_preprocessed_als_sg0_snv_area,als_sg0_snv_area,weighted_knn,"k=1,metric=correlation,max_features=192,x_transform=none,log_target=False",10,1.3512838,0.3960087,0.59501389,-10.073824
glucose_gL,all_known,raman_preprocessed_als_sg0_snv_area,als_sg0_snv_area,weighted_knn,"k=1,metric=correlation,max_features=192,x_transform=none,log_target=True",10,1.3512838,0.3960087,0.59501389,-10.073824
glucose_gL,all_known,raman_preprocessed_als_sg0_snv_area,als_sg0_snv_area,weighted_knn,"k=1,metric=correlation,max_features=192,x_transform=l2,log_target=False",10,1.3512838,0.3960087,0.59501389,-10.073824
glucose_gL,all_known,raman_preprocessed_als_sg0_snv_area,als_sg0_snv_area,weighted_knn,"k=1,metric=correlation,max_features=192,x_transform=l2,log_target=True",10,1.3512838,0.3960087,0.59501389,-10.073824
glucose_gL,all_known,parafac_raman_fusion_als_sg2_snv,als_sg2_snv+parafac,weighted_knn,"k=1,metric=manhattan,max_features=48,x_transform=l2,log_target=True",10,1.3557285,0.40293926,0.624875,-10.144862
glucose_gL,all_known,parafac_raman_fusion_als_sg2_snv,als_sg2_snv+parafac,weighted_knn,"k=1,metric=manhattan,max_features=48,x_transform=l2,log_target=False",10,1.3557285,0.40293926,0.624875,-10.144862
glucose_gL,all_known,raman_preprocessed_als_sg2_snv,als_sg2_snv,weighted_knn,"k=1,metric=correlation,max_features=192,x_transform=none,log_target=False",10,1.3898517,0.28625426,0.63729167,-9.8895026
glucose_gL,all_known,raman_preprocessed_als_sg2_snv,als_sg2_snv,weighted_knn,"k=1,metric=correlation,max_features=192,x_transform=none,log_target=True",10,1.3898517,0.28625426,0.63729167,-9.8895026
glucose_gL,all_known,raman_preprocessed_als_sg2_snv,als_sg2_snv,weighted_knn,"k=1,metric=correlation,max_features=192,x_transform=l2,log_target=False",10,1.3898517,0.28625426,0.63729167,-9.8895026
glucose_gL,all_known,raman_preprocessed_als_sg2_snv,als_sg2_snv,weighted_knn,"k=1,metric=correlation,max_features=192,x_transform=l2,log_target=True",10,1.3898517,0.28625426,0.63729167,-9.8895026
glucose_gL,target_focused,eem_parafac_scores,parafac_rank_selected,weighted_knn,"k=1,metric=manhattan,max_features=12,x_transform=none,log_target=False",10,1.4275666,0.3892073,0.85620588,-2.3286548
glucose_gL,target_focused,eem_parafac_scores,parafac_rank_selected,weighted_knn,"k=1,metric=manhattan,max_features=12,x_transform=none,log_target=True",10,1.4275666,0.3892073,0.85620588,-2.3286548
glucose_gL,target_focused,eem_parafac_scores,parafac_rank_selected,weighted_knn,"k=1,metric=manhattan,max_features=48,x_transform=none,log_target=False",10,1.4275666,0.3892073,0.85620588,-2.3286548
glucose_gL,target_focused,eem_parafac_scores,parafac_rank_selected,weighted_knn,"k=1,metric=manhattan,max_features=48,x_transform=none,log_target=True",10,1.4275666,0.3892073,0.85620588,-2.3286548
glucose_gL,target_focused,eem_parafac_scores,parafac_rank_selected,weighted_knn,"k=1,metric=manhattan,max_features=192,x_transform=none,log_target=False",10,1.4275666,0.3892073,0.85620588,-2.3286548
glucose_gL,target_focused,eem_parafac_scores,parafac_rank_selected,weighted_knn,"k=1,metric=manhattan,max_features=192,x_transform=none,log_target=True",10,1.4275666,0.3892073,0.85620588,-2.3286548
glucose_gL,all_known,parafac_raman_fusion_als_sg2_snv,als_sg2_snv+parafac,weighted_knn,"k=1,metric=correlation,max_features=192,x_transform=none,log_target=True",10,1.4659685,0.21855808,0.67391667,-11.207629
glucose_gL,all_known,parafac_raman_fusion_als_sg2_snv,als_sg2_snv+parafac,weighted_knn,"k=1,metric=correlation,max_features=192,x_transform=l2,log_target=True",10,1.4659685,0.21855808,0.67391667,-11.207629
glucose_gL,all_known,parafac_raman_fusion_als_sg2_snv,als_sg2_snv+parafac,weighted_knn,"k=1,metric=correlation,max_features=192,x_transform=none,log_target=False",10,1.4659685,0.21855808,0.67391667,-11.207629
glucose_gL,all_known,parafac_raman_fusion_als_sg2_snv,als_sg2_snv+parafac,weighted_knn,"k=1,metric=correlation,max_features=192,x_transform=l2,log_target=False",10,1.4659685,0.21855808,0.67391667,-11.207629
glucose_gL,all_known,raman_preprocessed_als_sg0_snv_area,als_sg0_snv_area,weighted_knn,"k=1,metric=manhattan,max_features=48,x_transform=l2,log_target=False",10,1.4838229,0.49376722,0.68393056,-13.222826
glucose_gL,all_known,raman_preprocessed_als_sg0_snv_area,als_sg0_snv_area,weighted_knn,"k=1,metric=manhattan,max_features=48,x_transform=l2,log_target=True",10,1.4838229,0.49376722,0.68393056,-13.222826
glucose_gL,all_known,parafac_raman_fusion_als_sg0_snv_area,als_sg0_snv_area+parafac,weighted_knn,"k=1,metric=correlation,max_features=48,x_transform=none,log_target=False",10,1.4861686,0.42136247,0.68084722,-14.178459
glucose_gL,all_known,parafac_raman_fusion_als_sg0_snv_area,als_sg0_snv_area+parafac,weighted_knn,"k=1,metric=correlation,max_features=48,x_transform=none,log_target=True",10,1.4861686,0.42136247,0.68084722,-14.178459
glucose_gL,all_known,parafac_raman_fusion_als_sg0_snv_area,als_sg0_snv_area+parafac,weighted_knn,"k=1,metric=correlation,max_features=48,x_transform=l2,log_target=False",10,1.4861686,0.42136247,0.68084722,-14.178459
glucose_gL,all_known,parafac_raman_fusion_als_sg0_snv_area,als_sg0_snv_area+parafac,weighted_knn,"k=1,metric=correlation,max_features=48,x_transform=l2,log_target=True",10,1.4861686,0.42136247,0.68084722,-14.178459
glucose_gL,all_known,parafac_raman_fusion_als_sg0_snv_area,als_sg0_snv_area+parafac,weighted_knn,"k=1,metric=manhattan,max_features=48,x_transform=l2,log_target=False",10,1.5423725,0.44008216,0.73305556,-13.877374
glucose_gL,all_known,parafac_raman_fusion_als_sg0_snv_area,als_sg0_snv_area+parafac,weighted_knn,"k=1,metric=manhattan,max_features=48,x_transform=l2,log_target=True",10,1.5423725,0.44008216,0.73305556,-13.877374
glucose_gL,all_known,raman_preprocessed_als_sg0_snv_area,als_sg0_snv_area,weighted_knn,"k=1,metric=correlation,max_features=48,x_transform=none,log_target=False",10,1.5504572,0.38895417,0.69479167,-15.573709
glucose_gL,all_known,raman_preprocessed_als_sg0_snv_area,als_sg0_snv_area,weighted_knn,"k=1,metric=correlation,max_features=48,x_transform=none,log_target=True",10,1.5504572,0.38895417,0.69479167,-15.573709
glucose_gL,all_known,raman_preprocessed_als_sg0_snv_area,als_sg0_snv_area,weighted_knn,"k=1,metric=correlation,max_features=48,x_transform=l2,log_target=False",10,1.5504572,0.38895417,0.69479167,-15.573709
glucose_gL,all_known,raman_preprocessed_als_sg0_snv_area,als_sg0_snv_area,weighted_knn,"k=1,metric=correlation,max_features=48,x_transform=l2,log_target=True",10,1.5504572,0.38895417,0.69479167,-15.573709
rhamnose_gL,all_known,parafac_raman_fusion_als_sg0_snv_area,als_sg0_snv_area+parafac,weighted_knn,"k=3,metric=manhattan,max_features=12,x_transform=l2,log_target=True",10,0.80697853,0.25973396,0.39534183,0.17122068
rhamnose_gL,all_known,parafac_raman_fusion_als_sg0_snv_area,als_sg0_snv_area+parafac,weighted_knn,"k=3,metric=manhattan,max_features=12,x_transform=l2,log_target=False",10,0.8080911,0.26315159,0.42403349,0.10494699
rhamnose_gL,all_known,parafac_raman_fusion_als_sg0_snv_area,als_sg0_snv_area+parafac,krr,"kernel=laplacian,alpha=0.1,gamma_scale=2.0,max_features=12,x_transform=l2,log_target=False",10,0.83282888,0.22016951,0.4454846,0.08992379
rhamnose_gL,all_known,parafac_raman_fusion_als_sg0_snv_area,als_sg0_snv_area+parafac,krr,"kernel=laplacian,alpha=0.01,gamma_scale=2.0,max_features=12,x_transform=l2,log_target=False",10,0.83307571,0.21637681,0.44977433,0.074015669
rhamnose_gL,all_known,parafac_raman_fusion_als_sg0_snv_area,als_sg0_snv_area+parafac,weighted_knn,"k=5,metric=manhattan,max_features=12,x_transform=l2,log_target=False",10,0.83458027,0.2438322,0.43414967,0.099370939
rhamnose_gL,all_known,parafac_raman_fusion_als_sg0_snv_area,als_sg0_snv_area+parafac,weighted_knn,"k=3,metric=correlation,max_features=12,x_transform=none,log_target=True",10,0.83699209,0.24332064,0.41522164,0.066080171
rhamnose_gL,all_known,parafac_raman_fusion_als_sg0_snv_area,als_sg0_snv_area+parafac,weighted_knn,"k=3,metric=correlation,max_features=12,x_transform=l2,log_target=True",10,0.83699209,0.24332064,0.41522164,0.066080171
rhamnose_gL,all_known,parafac_raman_fusion_als_sg0_snv_area,als_sg0_snv_area+parafac,weighted_knn,"k=5,metric=correlation,max_features=12,x_transform=none,log_target=True",10,0.84175388,0.24788557,0.41238588,0.08603723
rhamnose_gL,all_known,parafac_raman_fusion_als_sg0_snv_area,als_sg0_snv_area+parafac,weighted_knn,"k=5,metric=correlation,max_features=12,x_transform=l2,log_target=True",10,0.84175388,0.24788557,0.41238588,0.08603723
rhamnose_gL,all_known,parafac_raman_fusion_als_sg0_snv_area,als_sg0_snv_area+parafac,weighted_knn,"k=5,metric=correlation,max_features=12,x_transform=none,log_target=False",10,0.84385565,0.23346074,0.44707221,-0.028637265
rhamnose_gL,all_known,parafac_raman_fusion_als_sg0_snv_area,als_sg0_snv_area+parafac,weighted_knn,"k=5,metric=correlation,max_features=12,x_transform=l2,log_target=False",10,0.84385565,0.23346074,0.44707221,-0.028637265
rhamnose_gL,all_known,parafac_raman_fusion_als_sg0_snv_area,als_sg0_snv_area+parafac,weighted_knn,"k=5,metric=manhattan,max_features=12,x_transform=none,log_target=False",10,0.84429536,0.25337392,0.4222247,0.085561026
rhamnose_gL,all_known,parafac_raman_fusion_als_sg0_snv_area,als_sg0_snv_area+parafac,krr,"kernel=rbf,alpha=0.1,gamma_scale=2.0,max_features=12,x_transform=l2,log_target=True",10,0.84534556,0.21498788,0.41603872,0.048122193
rhamnose_gL,all_known,parafac_raman_fusion_als_sg0_snv_area,als_sg0_snv_area+parafac,krr,"kernel=rbf,alpha=0.1,gamma_scale=2.0,max_features=12,x_transform=none,log_target=False",10,0.84705111,0.19692176,0.46335287,-0.088057102
rhamnose_gL,all_known,parafac_raman_fusion_als_sg0_snv_area,als_sg0_snv_area+parafac,krr,"kernel=rbf,alpha=0.1,gamma_scale=1.0,max_features=12,x_transform=l2,log_target=True",10,0.84730655,0.22444901,0.42259242,0.078474578
rhamnose_gL,all_known,parafac_raman_fusion_als_sg0_snv_area,als_sg0_snv_area+parafac,krr,"kernel=rbf,alpha=0.1,gamma_scale=2.0,max_features=12,x_transform=none,log_target=True",10,0.84833441,0.21158426,0.40187704,0.023955179
rhamnose_gL,all_known,parafac_raman_fusion_als_sg0_snv_area,als_sg0_snv_area+parafac,weighted_knn,"k=5,metric=manhattan,max_features=12,x_transform=l2,log_target=True",10,0.85123063,0.25629761,0.40549751,0.11926491
rhamnose_gL,all_known,parafac_raman_fusion_als_sg0_snv_area,als_sg0_snv_area+parafac,krr,"kernel=laplacian,alpha=0.01,gamma_scale=2.0,max_features=12,x_transform=l2,log_target=True",10,0.85336351,0.24247049,0.4005935,0.1070828
rhamnose_gL,all_known,parafac_raman_fusion_als_sg0_snv_area,als_sg0_snv_area+parafac,krr,"kernel=laplacian,alpha=0.1,gamma_scale=1.0,max_features=12,x_transform=l2,log_target=False",10,0.85409896,0.20939855,0.48019908,0.018987765
rhamnose_gL,all_known,parafac_raman_fusion_als_sg0_snv_area,als_sg0_snv_area+parafac,krr,"kernel=rbf,alpha=0.1,gamma_scale=2.0,max_features=12,x_transform=l2,log_target=False",10,0.85655099,0.1937364,0.49214672,-0.13844629
rhamnose_gL,all_known,parafac_raman_fusion_als_sg0_snv_area,als_sg0_snv_area+parafac,krr,"kernel=laplacian,alpha=0.1,gamma_scale=2.0,max_features=12,x_transform=l2,log_target=True",10,0.85666894,0.24641437,0.40064615,0.10610041
rhamnose_gL,all_known,parafac_raman_fusion_als_sg0_snv_area,als_sg0_snv_area+parafac,krr,"kernel=laplacian,alpha=0.1,gamma_scale=2.0,max_features=12,x_transform=none,log_target=False",10,0.85869936,0.23084853,0.43890415,0.045680093
rhamnose_gL,all_known,parafac_raman_fusion_als_sg0_snv_area,als_sg0_snv_area+parafac,krr,"kernel=rbf,alpha=0.1,gamma_scale=1.0,max_features=12,x_transform=none,log_target=True",10,0.85956085,0.21327723,0.40810856,0.020217715
rhamnose_gL,all_known,parafac_raman_fusion_als_sg0_snv_area,als_sg0_snv_area+parafac,krr,"kernel=rbf,alpha=0.1,gamma_scale=1.0,max_features=12,x_transform=l2,log_target=False",10,0.85962295,0.19375441,0.50530006,-0.086525376
rhamnose_gL,all_known,parafac_raman_fusion_als_sg0_snv_area,als_sg0_snv_area+parafac,krr,"kernel=laplacian,alpha=0.01,gamma_scale=1.0,max_features=12,x_transform=l2,log_target=True",10,0.85985741,0.23619004,0.40834802,0.083795039
rhamnose_gL,all_known,parafac_raman_fusion_als_sg0_snv_area,als_sg0_snv_area+parafac,krr,"kernel=laplacian,alpha=0.1,gamma_scale=1.0,max_features=12,x_transform=l2,log_target=True",10,0.86065217,0.24251719,0.40823679,0.09303261
rhamnose_gL,all_known,parafac_raman_fusion_als_sg0_snv_area,als_sg0_snv_area+parafac,krr,"kernel=laplacian,alpha=0.01,gamma_scale=2.0,max_features=12,x_transform=none,log_target=False",10,0.86111507,0.22690323,0.4434827,0.025048783
rhamnose_gL,all_known,parafac_raman_fusion_als_sg0_snv_area,als_sg0_snv_area+parafac,krr,"kernel=rbf,alpha=0.01,gamma_scale=2.0,max_features=12,x_transform=none,log_target=True",10,0.86285443,0.18227843,0.41311201,-0.21407401
rhamnose_gL,all_known,parafac_raman_fusion_als_sg0_snv_area,als_sg0_snv_area+parafac,krr,"kernel=laplacian,alpha=0.01,gamma_scale=1.0,max_features=12,x_transform=l2,log_target=False",10,0.86462091,0.20196846,0.49517699,-0.037934369
rhamnose_gL,all_known,parafac_raman_fusion_als_sg0_snv_area,als_sg0_snv_area+parafac,krr,"kernel=laplacian,alpha=0.01,gamma_scale=2.0,max_features=48,x_transform=none,log_target=False",10,0.86512478,0.23893849,0.4437865,0.07877973
rhamnose_gL,all_known,parafac_raman_fusion_als_sg0_snv_area,als_sg0_snv_area+parafac,weighted_knn,"k=5,metric=manhattan,max_features=12,x_transform=none,log_target=True",10,0.86530527,0.2664605,0.398308,0.091352359
rhamnose_gL,all_known,parafac_raman_fusion_als_sg0_snv_area,als_sg0_snv_area+parafac,krr,"kernel=laplacian,alpha=0.01,gamma_scale=2.0,max_features=48,x_transform=l2,log_target=False",10,0.86535197,0.23844298,0.45371415,0.077825813
rhamnose_gL,all_known,parafac_raman_fusion_als_sg0_snv_area,als_sg0_snv_area+parafac,krr,"kernel=rbf,alpha=0.01,gamma_scale=2.0,max_features=12,x_transform=l2,log_target=True",10,0.86562703,0.19411973,0.43021213,-0.096725158
rhamnose_gL,all_known,parafac_raman_fusion_als_sg0_snv_area,als_sg0_snv_area+parafac,krr,"kernel=laplacian,alpha=0.1,gamma_scale=2.0,max_features=48,x_transform=none,log_target=False",10,0.86563828,0.24157025,0.4399299,0.08190033
rhamnose_gL,all_known,parafac_raman_fusion_als_sg0_snv_area,als_sg0_snv_area+parafac,weighted_knn,"k=3,metric=manhattan,max_features=12,x_transform=none,log_target=False",10,0.86588165,0.19922555,0.4234314,-0.062857875
rhamnose_gL,all_known,parafac_raman_fusion_als_sg0_snv_area,als_sg0_snv_area+parafac,krr,"kernel=laplacian,alpha=0.1,gamma_scale=2.0,max_features=48,x_transform=l2,log_target=False",10,0.86589342,0.24099649,0.45000542,0.080704215
rhamnose_gL,all_known,parafac_raman_fusion_als_sg0_snv_area,als_sg0_snv_area+parafac,weighted_knn,"k=3,metric=manhattan,max_features=12,x_transform=none,log_target=True",10,0.86609576,0.22274657,0.40119989,0.030924265
rhamnose_gL,all_known,parafac_raman_fusion_als_sg0_snv_area,als_sg0_snv_area+parafac,weighted_knn,"k=3,metric=manhattan,max_features=48,x_transform=l2,log_target=True",10,0.86673363,0.25561463,0.43155698,0.077449707
rhamnose_gL,all_known,parafac_raman_fusion_als_sg0_snv_area,als_sg0_snv_area+parafac,weighted_knn,"k=3,metric=correlation,max_features=12,x_transform=l2,log_target=False",10,0.86676614,0.22922015,0.45393872,-0.083405161
rhamnose_gL,all_known,parafac_raman_fusion_als_sg0_snv_area,als_sg0_snv_area+parafac,weighted_knn,"k=3,metric=correlation,max_features=12,x_transform=none,log_target=False",10,0.86676614,0.22922015,0.45393872,-0.083405161
rhamnose_gL,all_known,parafac_raman_fusion_als_sg0_snv_area,als_sg0_snv_area+parafac,krr,"kernel=rbf,alpha=0.1,gamma_scale=1.0,max_features=12,x_transform=none,log_target=False",10,0.8669777,0.19178617,0.47922503,-0.10979475
rhamnose_gL,all_known,parafac_raman_fusion_als_sg0_snv_area,als_sg0_snv_area+parafac,krr,"kernel=laplacian,alpha=0.1,gamma_scale=1.0,max_features=48,x_transform=l2,log_target=False",10,0.87145166,0.22344469,0.48405036,0.032394152
rhamnose_gL,all_known,parafac_raman_fusion_als_sg0_snv_area,als_sg0_snv_area+parafac,krr,"kernel=rbf,alpha=0.01,gamma_scale=1.0,max_features=12,x_transform=l2,log_target=True",10,0.87198841,0.20586242,0.44954574,-0.059319155
rhamnose_gL,all_known,parafac_raman_fusion_als_sg0_snv_area,als_sg0_snv_area+parafac,krr,"kernel=rbf,alpha=0.01,gamma_scale=2.0,max_features=48,x_transform=none,log_target=True",10,0.87221488,0.24003871,0.40270082,0.068405518
rhamnose_gL,all_known,parafac_raman_fusion_als_sg0_snv_area,als_sg0_snv_area+parafac,krr,"kernel=laplacian,alpha=0.1,gamma_scale=1.0,max_features=48,x_transform=none,log_target=False",10,0.87347703,0.22893757,0.47746826,0.035994134
rhamnose_gL,all_known,parafac_raman_fusion_als_sg0_snv_area,als_sg0_snv_area+parafac,krr,"kernel=rbf,alpha=0.1,gamma_scale=2.0,max_features=48,x_transform=none,log_target=True",10,0.87469734,0.24485076,0.40007208,0.069708567
rhamnose_gL,all_known,parafac_raman_fusion_als_sg0_snv_area,als_sg0_snv_area+parafac,krr,"kernel=rbf,alpha=0.1,gamma_scale=2.0,max_features=48,x_transform=none,log_target=False",10,0.87523348,0.22146103,0.47043127,0.018613197
rhamnose_gL,all_known,parafac_raman_fusion_als_sg0_snv_area,als_sg0_snv_area+parafac,krr,"kernel=laplacian,alpha=0.01,gamma_scale=1.0,max_features=48,x_transform=l2,log_target=False",10,0.87638168,0.21683741,0.49679087,0.0050134617
rhamnose_gL,all_known,parafac_raman_fusion_als_sg0_snv_area,als_sg0_snv_area+parafac,krr,"kernel=laplacian,alpha=0.01,gamma_scale=2.0,max_features=192,x_transform=none,log_target=False",10,0.87665458,0.23680218,0.44795175,0.04602768
rhamnose_gL,all_known,parafac_raman_fusion_als_sg0_snv_area,als_sg0_snv_area+parafac,krr,"kernel=rbf,alpha=0.1,gamma_scale=2.0,max_features=48,x_transform=l2,log_target=False",10,0.87668917,0.22771577,0.47459109,0.026969545
rhamnose_gL,all_known,parafac_raman_fusion_als_sg0_snv_area,als_sg0_snv_area+parafac,krr,"kernel=laplacian,alpha=0.01,gamma_scale=2.0,max_features=12,x_transform=none,log_target=True",10,0.87678064,0.25349103,0.39821647,0.063988827
rhamnose_gL,all_known,parafac_raman_fusion_als_sg0_snv_area,als_sg0_snv_area+parafac,krr,"kernel=laplacian,alpha=0.1,gamma_scale=2.0,max_features=12,x_transform=none,log_target=True",10,0.87705792,0.25732639,0.39706821,0.069999058
rhamnose_gL,all_known,parafac_raman_fusion_als_sg0_snv_area,als_sg0_snv_area+parafac,krr,"kernel=laplacian,alpha=0.01,gamma_scale=1.0,max_features=48,x_transform=l2,log_target=True",10,0.8774258,0.25537957,0.41427375,0.075269019
rhamnose_gL,all_known,parafac_raman_fusion_als_sg0_snv_area,als_sg0_snv_area+parafac,krr,"kernel=laplacian,alpha=0.1,gamma_scale=2.0,max_features=192,x_transform=none,log_target=False",10,0.87757691,0.23909081,0.44669297,0.04748819
rhamnose_gL,all_known,parafac_raman_fusion_als_sg0_snv_area,als_sg0_snv_area+parafac,krr,"kernel=rbf,alpha=0.01,gamma_scale=2.0,max_features=12,x_transform=none,log_target=False",10,0.87774496,0.18355467,0.50565778,-0.32885124
rhamnose_gL,all_known,parafac_raman_fusion_als_sg0_snv_area,als_sg0_snv_area+parafac,krr,"kernel=rbf,alpha=0.1,gamma_scale=2.0,max_features=192,x_transform=none,log_target=False",10,0.87787692,0.2127498,0.46907934,-0.0064784516
rhamnose_gL,all_known,parafac_raman_fusion_als_sg0_snv_area,als_sg0_snv_area+parafac,krr,"kernel=rbf,alpha=0.1,gamma_scale=1.0,max_features=48,x_transform=l2,log_target=True",10,0.87798955,0.24220996,0.42031048,0.054039543
rhamnose_gL,all_known,parafac_raman_fusion_als_sg0_snv_area,als_sg0_snv_area+parafac,krr,"kernel=laplacian,alpha=0.01,gamma_scale=1.0,max_features=48,x_transform=none,log_target=False",10,0.87819538,0.22265578,0.49027162,0.010185236
rhamnose_gL,all_known,parafac_raman_fusion_als_sg0_snv_area,als_sg0_snv_area+parafac,krr,"kernel=laplacian,alpha=0.1,gamma_scale=1.0,max_features=48,x_transform=l2,log_target=True",10,0.87913671,0.25798585,0.41257816,0.074242834
rhamnose_gL,all_known,parafac_raman_fusion_als_sg0_snv_area,als_sg0_snv_area+parafac,krr,"kernel=rbf,alpha=0.1,gamma_scale=1.0,max_features=48,x_transform=none,log_target=True",10,0.87974556,0.24444777,0.41414438,0.050891872
rhamnose_gL,all_known,parafac_raman_fusion_als_sg0_snv_area,als_sg0_snv_area+parafac,krr,"kernel=laplacian,alpha=0.1,gamma_scale=1.0,max_features=192,x_transform=none,log_target=False",10,0.87991432,0.22961668,0.46471286,0.022947803
rhamnose_gL,all_known,parafac_raman_fusion_als_sg0_snv_area,als_sg0_snv_area+parafac,krr,"kernel=laplacian,alpha=0.01,gamma_scale=1.0,max_features=48,x_transform=none,log_target=True",10,0.88000359,0.25954535,0.40922202,0.073073043
rhamnose_gL,all_known,parafac_raman_fusion_als_sg0_snv_area,als_sg0_snv_area+parafac,krr,"kernel=rbf,alpha=0.01,gamma_scale=2.0,max_features=48,x_transform=l2,log_target=True",10,0.88049262,0.24545654,0.41494943,0.055739617
rhamnose_gL,all_known,parafac_raman_fusion_als_sg0_snv_area,als_sg0_snv_area+parafac,krr,"kernel=rbf,alpha=0.01,gamma_scale=2.0,max_features=192,x_transform=none,log_target=True",10,0.88056715,0.24686526,0.40245797,0.056880708
rhamnose_gL,all_known,parafac_raman_fusion_als_sg0_snv_area,als_sg0_snv_area+parafac,krr,"kernel=rbf,alpha=0.1,gamma_scale=2.0,max_features=48,x_transform=l2,log_target=True",10,0.88076914,0.24916414,0.41140271,0.060725165
rhamnose_gL,all_known,parafac_raman_fusion_als_sg0_snv_area,als_sg0_snv_area+parafac,krr,"kernel=laplacian,alpha=0.1,gamma_scale=1.0,max_features=48,x_transform=none,log_target=True",10,0.88161005,0.26164733,0.40754061,0.071790785
rhamnose_gL,all_known,parafac_raman_fusion_als_sg0_snv_area,als_sg0_snv_area+parafac,krr,"kernel=laplacian,alpha=0.1,gamma_scale=1.0,max_features=192,x_transform=l2,log_target=False",10,0.88173972,0.23516434,0.46528072,0.029356326
rhamnose_gL,all_known,parafac_raman_fusion_als_sg0_snv_area,als_sg0_snv_area+parafac,krr,"kernel=rbf,alpha=0.01,gamma_scale=2.0,max_features=192,x_transform=none,log_target=False",10,0.88179544,0.20580204,0.47817501,-0.035771411
rhamnose_gL,all_known,parafac_raman_fusion_als_sg0_snv_area,als_sg0_snv_area+parafac,krr,"kernel=rbf,alpha=0.01,gamma_scale=2.0,max_features=48,x_transform=none,log_target=False",10,0.881799,0.21561287,0.48340629,-0.013334141
rhamnose_gL,all_known,parafac_raman_fusion_als_sg0_snv_area,als_sg0_snv_area+parafac,krr,"kernel=laplacian,alpha=0.1,gamma_scale=1.0,max_features=12,x_transform=none,log_target=False",10,0.88182118,0.21882155,0.47313642,-0.04923204
rhamnose_gL,all_known,parafac_raman_fusion_als_sg0_snv_area,als_sg0_snv_area+parafac,krr,"kernel=laplacian,alpha=0.1,gamma_scale=1.0,max_features=12,x_transform=none,log_target=True",10,0.88215414,0.2507274,0.40740085,0.046172901
rhamnose_gL,all_known,parafac_raman_fusion_als_sg0_snv_area,als_sg0_snv_area+parafac,krr,"kernel=rbf,alpha=0.01,gamma_scale=1.0,max_features=48,x_transform=none,log_target=True",10,0.88218647,0.23518429,0.42208188,0.024164758
rhamnose_gL,all_known,parafac_raman_fusion_als_sg0_snv_area,als_sg0_snv_area+parafac,krr,"kernel=laplacian,alpha=0.01,gamma_scale=1.0,max_features=192,x_transform=none,log_target=False",10,0.8822191,0.22398569,0.47132119,0.0055192144
rhamnose_gL,all_known,parafac_raman_fusion_als_sg0_snv_area,als_sg0_snv_area+parafac,krr,"kernel=rbf,alpha=0.01,gamma_scale=1.0,max_features=48,x_transform=l2,log_target=True",10,0.8826046,0.23345539,0.42768044,0.024729649
rhamnose_gL,all_known,parafac_raman_fusion_als_sg0_snv_area,als_sg0_snv_area+parafac,krr,"kernel=rbf,alpha=0.1,gamma_scale=2.0,max_features=192,x_transform=none,log_target=True",10,0.88279949,0.25015536,0.40185871,0.056079655
rhamnose_gL,all_known,parafac_raman_fusion_als_sg0_snv_area,als_sg0_snv_area+parafac,krr,"kernel=laplacian,alpha=0.01,gamma_scale=1.0,max_features=192,x_transform=l2,log_target=False",10,0.88289834,0.23057438,0.4698087,0.017912143
rhamnose_gL,all_known,parafac_raman_fusion_als_sg0_snv_area,als_sg0_snv_area+parafac,krr,"kernel=laplacian,alpha=0.01,gamma_scale=2.0,max_features=192,x_transform=l2,log_target=False",10,0.88292018,0.24451845,0.45358793,0.042636763
rhamnose_gL,all_known,parafac_raman_fusion_als_sg0_snv_area,als_sg0_snv_area+parafac,krr,"kernel=rbf,alpha=0.1,gamma_scale=2.0,max_features=192,x_transform=l2,log_target=False",10,0.88317274,0.23004752,0.46586418,0.016471671
rhamnose_gL,all_known,parafac_raman_fusion_als_sg0_snv_area,als_sg0_snv_area+parafac,weighted_knn,"k=5,metric=manhattan,max_features=48,x_transform=l2,log_target=True",10,0.88385108,0.24211161,0.42408406,0.036549155
rhamnose_gL,all_known,parafac_raman_fusion_als_sg0_snv_area,als_sg0_snv_area+parafac,krr,"kernel=laplacian,alpha=0.1,gamma_scale=2.0,max_features=192,x_transform=l2,log_target=False",10,0.88392277,0.246336,0.45315596,0.042911952
rhamnose_gL,all_known,parafac_raman_fusion_als_sg0_snv_area,als_sg0_snv_area+parafac,krr,"kernel=rbf,alpha=0.01,gamma_scale=2.0,max_features=48,x_transform=l2,log_target=False",10,0.88514188,0.22386717,0.48837596,-0.0050848553
rhamnose_gL,all_known,parafac_raman_fusion_als_sg0_snv_area,als_sg0_snv_area+parafac,weighted_knn,"k=3,metric=correlation,max_features=48,x_transform=none,log_target=True",10,0.8854007,0.23881122,0.42818212,0.019294883
rhamnose_gL,all_known,parafac_raman_fusion_als_sg0_snv_area,als_sg0_snv_area+parafac,weighted_knn,"k=3,metric=correlation,max_features=48,x_transform=l2,log_target=True",10,0.8854007,0.23881122,0.42818212,0.019294883
rhamnose_gL,all_known,parafac_raman_fusion_als_sg0_snv_area,als_sg0_snv_area+parafac,krr,"kernel=laplacian,alpha=0.01,gamma_scale=2.0,max_features=48,x_transform=none,log_target=True",10,0.88549884,0.26271725,0.39908394,0.064795917
rhamnose_gL,all_known,parafac_raman_fusion_als_sg0_snv_area,als_sg0_snv_area+parafac,krr,"kernel=laplacian,alpha=0.01,gamma_scale=2.0,max_features=48,x_transform=l2,log_target=True",10,0.88560544,0.26252431,0.40724253,0.064461758
rhamnose_gL,all_known,parafac_raman_fusion_als_sg0_snv_area,als_sg0_snv_area+parafac,krr,"kernel=rbf,alpha=0.01,gamma_scale=2.0,max_features=192,x_transform=l2,log_target=False",10,0.88572717,0.2257669,0.47198378,0.0002949291
rhamnose_gL,all_known,raman_preprocessed_als_sg0_snv_area,als_sg0_snv_area,krr,"kernel=laplacian,alpha=0.1,gamma_scale=2.0,max_features=192,x_transform=none,log_target=False",10,0.88663549,0.26516066,0.46736728,0.013723643
rhamnose_gL,all_known,raman_preprocessed_als_sg0_snv_area,als_sg0_snv_area,krr,"kernel=laplacian,alpha=0.01,gamma_scale=2.0,max_features=192,x_transform=none,log_target=False",10,0.88673255,0.26236535,0.46927406,0.0085784313
rhamnose_gL,all_known,parafac_raman_fusion_als_sg0_snv_area,als_sg0_snv_area+parafac,krr,"kernel=laplacian,alpha=0.01,gamma_scale=1.0,max_features=12,x_transform=none,log_target=True",10,0.88673328,0.24243744,0.40953044,0.017237018
rhamnose_gL,all_known,parafac_raman_fusion_als_sg0_snv_area,als_sg0_snv_area+parafac,krr,"kernel=rbf,alpha=0.1,gamma_scale=1.0,max_features=192,x_transform=none,log_target=True",10,0.88745546,0.2433865,0.41407257,0.031469321
rhamnose_gL,all_known,parafac_raman_fusion_als_sg0_snv_area,als_sg0_snv_area+parafac,krr,"kernel=laplacian,alpha=0.1,gamma_scale=2.0,max_features=48,x_transform=none,log_target=True",10,0.88765392,0.26378351,0.39887606,0.060766817
rhamnose_gL,all_known,parafac_raman_fusion_als_sg0_snv_area,als_sg0_snv_area+parafac,krr,"kernel=laplacian,alpha=0.1,gamma_scale=2.0,max_features=48,x_transform=l2,log_target=True",10,0.88770258,0.26357338,0.40720537,0.060492488
rhamnose_gL,all_known,raman_preprocessed_als_sg0_snv_area,als_sg0_snv_area,krr,"kernel=rbf,alpha=0.01,gamma_scale=2.0,max_features=192,x_transform=none,log_target=True",10,0.8879994,0.27600607,0.4210179,0.028363983
rhamnose_gL,all_known,parafac_raman_fusion_als_sg0_snv_area,als_sg0_snv_area+parafac,krr,"kernel=rbf,alpha=0.01,gamma_scale=1.0,max_features=192,x_transform=none,log_target=True",10,0.88837784,0.23413467,0.41890708,0.011241802
rhamnose_gL,all_known,parafac_raman_fusion_als_sg0_snv_area,als_sg0_snv_area+parafac,weighted_knn,"k=3,metric=manhattan,max_features=48,x_transform=l2,log_target=False",10,0.88878818,0.23169981,0.48079001,-0.02561145
rhamnose_gL,all_known,raman_preprocessed_als_sg0_snv_area,als_sg0_snv_area,krr,"kernel=rbf,alpha=0.1,gamma_scale=2.0,max_features=192,x_transform=none,log_target=True",10,0.88921241,0.27919739,0.41917895,0.030050372
rhamnose_gL,all_known,parafac_raman_fusion_als_sg0_snv_area,als_sg0_snv_area+parafac,krr,"kernel=rbf,alpha=0.1,gamma_scale=1.0,max_features=192,x_transform=l2,log_target=True",10,0.88930594,0.24946473,0.41702098,0.036268229
rhamnose_gL,all_known,parafac_raman_fusion_als_sg0_snv_area,als_sg0_snv_area+parafac,krr,"kernel=rbf,alpha=0.01,gamma_scale=1.0,max_features=192,x_transform=l2,log_target=True",10,0.88996006,0.24383684,0.41886104,0.023812143
rhamnose_gL,all_known,raman_preprocessed_als_sg0_snv_area,als_sg0_snv_area,krr,"kernel=laplacian,alpha=0.1,gamma_scale=2.0,max_features=12,x_transform=l2,log_target=True",10,0.89033815,0.28521383,0.41654018,0.031061686
rhamnose_gL,all_known,parafac_raman_fusion_als_sg0_snv_area,als_sg0_snv_area+parafac,weighted_knn,"k=5,metric=correlation,max_features=48,x_transform=l2,log_target=True",10,0.89080524,0.23744429,0.41743951,0.0096801657
rhamnose_gL,all_known,parafac_raman_fusion_als_sg0_snv_area,als_sg0_snv_area+parafac,weighted_knn,"k=5,metric=correlation,max_features=48,x_transform=none,log_target=True",10,0.89080524,0.23744429,0.41743951,0.0096801657
rhamnose_gL,all_known,raman_preprocessed_als_sg0_snv_area,als_sg0_snv_area,krr,"kernel=laplacian,alpha=0.1,gamma_scale=2.0,max_features=48,x_transform=none,log_target=False",10,0.89111513,0.26786957,0.45487729,0.00062886988
rhamnose_gL,all_known,raman_preprocessed_als_sg0_snv_area,als_sg0_snv_area,krr,"kernel=laplacian,alpha=0.1,gamma_scale=2.0,max_features=48,x_transform=l2,log_target=False",10,0.89123064,0.27072472,0.46179077,0.004375796
rhamnose_gL,all_known,raman_preprocessed_als_sg0_snv_area,als_sg0_snv_area,krr,"kernel=laplacian,alpha=0.01,gamma_scale=2.0,max_features=12,x_transform=l2,log_target=True",10,0.89149236,0.28310044,0.4172815,0.025216796
rhamnose_gL,all_known,raman_preprocessed_als_sg0_snv_area,als_sg0_snv_area,krr,"kernel=rbf,alpha=0.01,gamma_scale=2.0,max_features=48,x_transform=none,log_target=True",10,0.89197617,0.28310737,0.41723609,0.022948383
rhamnose_gL,all_known,raman_preprocessed_als_sg0_snv_area,als_sg0_snv_area,krr,"kernel=rbf,alpha=0.1,gamma_scale=2.0,max_features=48,x_transform=none,log_target=True",10,0.89249862,0.28542911,0.41393849,0.025725787
rhamnose_gL,all_known,raman_preprocessed_als_sg0_snv_area,als_sg0_snv_area,krr,"kernel=laplacian,alpha=0.01,gamma_scale=2.0,max_features=48,x_transform=l2,log_target=False",10,0.89251936,0.26944052,0.46443331,-0.002180306
rhamnose_gL,all_known,raman_preprocessed_als_sg0_snv_area,als_sg0_snv_area,krr,"kernel=laplacian,alpha=0.01,gamma_scale=2.0,max_features=48,x_transform=none,log_target=False",10,0.89275936,0.26594089,0.45799588,-0.0078696782
rhamnose_gL,all_known,parafac_raman_fusion_als_sg0_snv_area,als_sg0_snv_area+parafac,krr,"kernel=rbf,alpha=0.01,gamma_scale=2.0,max_features=192,x_transform=l2,log_target=True",10,0.89297538,0.25612019,0.40794023,0.038011313
rhamnose_gL,all_known,parafac_raman_fusion_als_sg0_snv_area,als_sg0_snv_area+parafac,weighted_knn,"k=5,metric=correlation,max_features=48,x_transform=none,log_target=False",10,0.89333301,0.21060286,0.46040447,-0.071078297
rhamnose_gL,all_known,parafac_raman_fusion_als_sg0_snv_area,als_sg0_snv_area+parafac,weighted_knn,"k=5,metric=correlation,max_features=48,x_transform=l2,log_target=False",10,0.89333301,0.21060286,0.46040447,-0.071078297
rhamnose_gL,all_known,raman_preprocessed_als_sg0_snv_area,als_sg0_snv_area,krr,"kernel=laplacian,alpha=0.1,gamma_scale=2.0,max_features=192,x_transform=l2,log_target=False",10,0.89384764,0.27078688,0.47448452,0.004719311
rhamnose_gL,all_known,raman_preprocessed_als_sg0_snv_area,als_sg0_snv_area,krr,"kernel=laplacian,alpha=0.01,gamma_scale=2.0,max_features=192,x_transform=l2,log_target=False",10,0.89385943,0.2686709,0.47541051,0.0011598333
rhamnose_gL,all_known,parafac_raman_fusion_als_sg0_snv_area,als_sg0_snv_area+parafac,krr,"kernel=laplacian,alpha=0.01,gamma_scale=1.0,max_features=192,x_transform=none,log_target=True",10,0.89396267,0.25835289,0.41042397,0.036888391
rhamnose_gL,all_known,parafac_raman_fusion_als_sg0_snv_area,als_sg0_snv_area+parafac,krr,"kernel=rbf,alpha=0.1,gamma_scale=2.0,max_features=192,x_transform=l2,log_target=True",10,0.89402158,0.2578884,0.40854091,0.037853936
rhamnose_gL,all_known,parafac_raman_fusion_als_sg0_snv_area,als_sg0_snv_area+parafac,krr,"kernel=laplacian,alpha=0.01,gamma_scale=1.0,max_features=12,x_transform=none,log_target=False",10,0.89403253,0.21119828,0.48545833,-0.11554912
rhamnose_gL,all_known,parafac_raman_fusion_als_sg0_snv_area,als_sg0_snv_area+parafac,weighted_knn,"k=5,metric=manhattan,max_features=48,x_transform=l2,log_target=False",10,0.89416072,0.20780208,0.47672632,-0.07513463
rhamnose_gL,all_known,raman_preprocessed_als_sg0_snv_area,als_sg0_snv_area,krr,"kernel=rbf,alpha=0.1,gamma_scale=2.0,max_features=192,x_transform=none,log_target=False",10,0.89457292,0.24402411,0.48722854,-0.051411599
rhamnose_gL,all_known,parafac_raman_fusion_als_sg0_snv_area,als_sg0_snv_area+parafac,krr,"kernel=rbf,alpha=0.1,gamma_scale=1.0,max_features=48,x_transform=l2,log_target=False",10,0.89516806,0.21379145,0.51839417,-0.066898484
rhamnose_gL,all_known,parafac_raman_fusion_als_sg0_snv_area,als_sg0_snv_area+parafac,krr,"kernel=laplacian,alpha=0.1,gamma_scale=1.0,max_features=192,x_transform=none,log_target=True",10,0.89517548,0.26019378,0.40996173,0.036380685
rhamnose_gL,all_known,raman_preprocessed_als_sg0_snv_area,als_sg0_snv_area,krr,"kernel=laplacian,alpha=0.1,gamma_scale=1.0,max_features=192,x_transform=none,log_target=False",10,0.89558423,0.25204117,0.48890984,-0.034605952
rhamnose_gL,all_known,raman_preprocessed_als_sg0_snv_area,als_sg0_snv_area,krr,"kernel=laplacian,alpha=0.1,gamma_scale=1.0,max_features=12,x_transform=l2,log_target=True",10,0.89676441,0.28088933,0.42403028,0.011280755
rhamnose_gL,all_known,parafac_raman_fusion_als_sg0_snv_area,als_sg0_snv_area+parafac,krr,"kernel=laplacian,alpha=0.01,gamma_scale=1.0,max_features=192,x_transform=l2,log_target=True",10,0.89679793,0.25965322,0.41296198,0.031657647
rhamnose_gL,all_known,raman_preprocessed_als_sg0_snv_area,als_sg0_snv_area,krr,"kernel=laplacian,alpha=0.1,gamma_scale=1.0,max_features=192,x_transform=l2,log_target=False",10,0.89713343,0.25929356,0.48772989,-0.024696508
rhamnose_gL,all_known,raman_preprocessed_als_sg0_snv_area,als_sg0_snv_area,krr,"kernel=laplacian,alpha=0.01,gamma_scale=2.0,max_features=48,x_transform=none,log_target=True",10,0.89783454,0.29212402,0.4129267,0.023390637
rhamnose_gL,all_known,parafac_raman_fusion_als_sg0_snv_area,als_sg0_snv_area+parafac,krr,"kernel=laplacian,alpha=0.01,gamma_scale=2.0,max_features=192,x_transform=none,log_target=True",10,0.89824384,0.26224134,0.40480848,0.031963876
rhamnose_gL,all_known,parafac_raman_fusion_als_sg0_snv_area,als_sg0_snv_area+parafac,krr,"kernel=laplacian,alpha=0.1,gamma_scale=1.0,max_features=192,x_transform=l2,log_target=True",10,0.89826123,0.26135168,0.41307461,0.030204954
rhamnose_gL,all_known,raman_preprocessed_als_sg0_snv_area,als_sg0_snv_area,krr,"kernel=laplacian,alpha=0.1,gamma_scale=2.0,max_features=12,x_transform=none,log_target=True",10,0.89836047,0.29030273,0.41522958,0.018584432
rhamnose_gL,all_known,raman_preprocessed_als_sg0_snv_area,als_sg0_snv_area,krr,"kernel=rbf,alpha=0.1,gamma_scale=2.0,max_features=48,x_transform=l2,log_target=True",10,0.89836282,0.29241523,0.42245719,0.020596201
rhamnose_gL,all_known,raman_preprocessed_als_sg0_snv_area,als_sg0_snv_area,krr,"kernel=laplacian,alpha=0.1,gamma_scale=2.0,max_features=48,x_transform=none,log_target=True",10,0.89844198,0.29287296,0.41233465,0.023009109
rhamnose_gL,all_known,raman_preprocessed_als_sg0_snv_area,als_sg0_snv_area,krr,"kernel=laplacian,alpha=0.01,gamma_scale=2.0,max_features=48,x_transform=l2,log_target=True",10,0.89872283,0.2934515,0.41900111,0.022504606
rhamnose_gL,all_known,raman_preprocessed_als_sg0_snv_area,als_sg0_snv_area,krr,"kernel=rbf,alpha=0.01,gamma_scale=2.0,max_features=192,x_transform=none,log_target=False",10,0.89932616,0.23842293,0.49604028,-0.079124126
rhamnose_gL,all_known,raman_preprocessed_als_sg0_snv_area,als_sg0_snv_area,krr,"kernel=laplacian,alpha=0.1,gamma_scale=2.0,max_features=48,x_transform=l2,log_target=True",10,0.89933259,0.2939324,0.418725,0.021816466
rhamnose_gL,all_known,raman_preprocessed_als_sg0_snv_area,als_sg0_snv_area,krr,"kernel=rbf,alpha=0.1,gamma_scale=2.0,max_features=192,x_transform=l2,log_target=False",10,0.89947683,0.25891324,0.48441833,-0.032198921
rhamnose_gL,all_known,raman_preprocessed_als_sg0_snv_area,als_sg0_snv_area,krr,"kernel=laplacian,alpha=0.01,gamma_scale=1.0,max_features=192,x_transform=none,log_target=False",10,0.89950665,0.24621607,0.49616473,-0.057914824
rhamnose_gL,all_known,raman_preprocessed_als_sg0_snv_area,als_sg0_snv_area,krr,"kernel=rbf,alpha=0.1,gamma_scale=1.0,max_features=192,x_transform=none,log_target=True",10,0.89963278,0.27193103,0.43816465,-0.0097578457
rhamnose_gL,all_known,raman_preprocessed_als_sg0_snv_area,als_sg0_snv_area,weighted_knn,"k=5,metric=manhattan,max_features=12,x_transform=l2,log_target=True",10,0.89968266,0.24325118,0.44458932,-0.089521727
rhamnose_gL,all_known,raman_preprocessed_als_sg0_snv_area,als_sg0_snv_area,krr,"kernel=rbf,alpha=0.1,gamma_scale=2.0,max_features=192,x_transform=l2,log_target=True",10,0.89971806,0.28620663,0.42566117,0.012833316
rhamnose_gL,all_known,raman_preprocessed_als_sg0_snv_area,als_sg0_snv_area,krr,"kernel=laplacian,alpha=0.1,gamma_scale=1.0,max_features=48,x_transform=l2,log_target=True",10,0.89987256,0.29059922,0.42657879,0.014685691
rhamnose_gL,all_known,parafac_raman_fusion_als_sg0_snv_area,als_sg0_snv_area+parafac,krr,"kernel=rbf,alpha=0.1,gamma_scale=1.0,max_features=192,x_transform=l2,log_target=False",10,0.89987799,0.20939413,0.51001241,-0.082410784
rhamnose_gL,all_known,parafac_raman_fusion_als_sg0_snv_area,als_sg0_snv_area+parafac,krr,"kernel=laplacian,alpha=0.1,gamma_scale=2.0,max_features=192,x_transform=none,log_target=True",10,0.89988209,0.26315562,0.40478857,0.028992955
rhamnose_gL,all_known,raman_preprocessed_als_sg0_snv_area,als_sg0_snv_area,krr,"kernel=laplacian,alpha=0.01,gamma_scale=2.0,max_features=192,x_transform=none,log_target=True",10,0.8999469,0.29019421,0.41981991,0.01710522
rhamnose_gL,all_known,raman_preprocessed_als_sg0_snv_area,als_sg0_snv_area,krr,"kernel=laplacian,alpha=0.01,gamma_scale=1.0,max_features=192,x_transform=l2,log_target=False",10,0.89997459,0.25499742,0.49231366,-0.040876187
rhamnose_gL,all_known,raman_preprocessed_als_sg0_snv_area,als_sg0_snv_area,krr,"kernel=rbf,alpha=0.1,gamma_scale=1.0,max_features=192,x_transform=l2,log_target=True",10,0.90002066,0.27829841,0.43519795,-0.00040739057
rhamnose_gL,all_known,raman_preprocessed_als_sg0_snv_area,als_sg0_snv_area,krr,"kernel=laplacian,alpha=0.01,gamma_scale=2.0,max_features=12,x_transform=none,log_target=True",10,0.90035726,0.28895925,0.41762957,0.012003456
rhamnose_gL,all_known,raman_preprocessed_als_sg0_snv_area,als_sg0_snv_area,krr,"kernel=rbf,alpha=0.01,gamma_scale=2.0,max_features=48,x_transform=l2,log_target=True",10,0.90042972,0.29181179,0.42717135,0.013781486
rhamnose_gL,all_known,raman_preprocessed_als_sg0_snv_area,als_sg0_snv_area,krr,"kernel=rbf,alpha=0.01,gamma_scale=2.0,max_features=192,x_transform=l2,log_target=True",10,0.90057884,0.28445492,0.42652519,0.0084099264
rhamnose_gL,all_known,raman_preprocessed_als_sg0_snv_area,als_sg0_snv_area,krr,"kernel=laplacian,alpha=0.01,gamma_scale=1.0,max_features=48,x_transform=l2,log_target=True",10,0.90072379,0.28948111,0.42877689,0.010227569
rhamnose_gL,all_known,raman_preprocessed_als_sg0_snv_area,als_sg0_snv_area,krr,"kernel=laplacian,alpha=0.1,gamma_scale=1.0,max_features=192,x_transform=none,log_target=True",10,0.90072849,0.28563452,0.42906243,0.0088001741
rhamnose_gL,all_known,raman_preprocessed_als_sg0_snv_area,als_sg0_snv_area,krr,"kernel=laplacian,alpha=0.01,gamma_scale=1.0,max_features=192,x_transform=none,log_target=True",10,0.90087716,0.28309902,0.4306492,0.0046751144
rhamnose_gL,all_known,raman_preprocessed_als_sg0_snv_area,als_sg0_snv_area,krr,"kernel=laplacian,alpha=0.1,gamma_scale=2.0,max_features=192,x_transform=none,log_target=True",10,0.90096326,0.29152217,0.41905241,0.016254134
rhamnose_gL,all_known,parafac_raman_fusion_als_sg0_snv_area,als_sg0_snv_area+parafac,weighted_knn,"k=3,metric=correlation,max_features=48,x_transform=none,log_target=False",10,0.90138023,0.22718128,0.46660393,-0.085928225
rhamnose_gL,all_known,parafac_raman_fusion_als_sg0_snv_area,als_sg0_snv_area+parafac,weighted_knn,"k=3,metric=correlation,max_features=48,x_transform=l2,log_target=False",10,0.90138023,0.22718128,0.46660393,-0.085928225
rhamnose_gL,all_known,raman_preprocessed_als_sg0_snv_area,als_sg0_snv_area,krr,"kernel=laplacian,alpha=0.1,gamma_scale=1.0,max_features=48,x_transform=none,log_target=True",10,0.9016682,0.28979697,0.42344279,0.0091434215
rhamnose_gL,all_known,raman_preprocessed_als_sg0_snv_area,als_sg0_snv_area,krr,"kernel=laplacian,alpha=0.01,gamma_scale=1.0,max_features=48,x_transform=none,log_target=True",10,0.90294861,0.2884895,0.42593384,0.0033875752
rhamnose_gL,all_known,raman_preprocessed_als_sg0_snv_area,als_sg0_snv_area,krr,"kernel=rbf,alpha=0.01,gamma_scale=1.0,max_features=192,x_transform=none,log_target=True",10,0.90296159,0.26276763,0.44514825,-0.036785455
rhamnose_gL,all_known,parafac_raman_fusion_als_sg0_snv_area,als_sg0_snv_area+parafac,krr,"kernel=rbf,alpha=0.1,gamma_scale=1.0,max_features=48,x_transform=none,log_target=False",10,0.90347491,0.21572707,0.51871453,-0.088631066
rhamnose_gL,all_known,raman_preprocessed_als_sg0_snv_area,als_sg0_snv_area,krr,"kernel=rbf,alpha=0.01,gamma_scale=2.0,max_features=192,x_transform=l2,log_target=False",10,0.90374107,0.25589223,0.49057675,-0.050135236
rhamnose_gL,all_known,raman_preprocessed_als_sg0_snv_area,als_sg0_snv_area,krr,"kernel=laplacian,alpha=0.01,gamma_scale=1.0,max_features=12,x_transform=l2,log_target=True",10,0.9037849,0.27540991,0.43054523,-0.014126655
rhamnose_gL,all_known,raman_preprocessed_als_sg0_snv_area,als_sg0_snv_area,krr,"kernel=laplacian,alpha=0.1,gamma_scale=1.0,max_features=192,x_transform=l2,log_target=True",10,0.90381931,0.28830656,0.43013616,0.004323507
rhamnose_gL,all_known,raman_preprocessed_als_sg0_snv_area,als_sg0_snv_area,krr,"kernel=laplacian,alpha=0.01,gamma_scale=1.0,max_features=192,x_transform=l2,log_target=True",10,0.90382632,0.28634135,0.43080421,0.0015095505
rhamnose_gL,all_known,parafac_raman_fusion_als_sg0_snv_area,als_sg0_snv_area+parafac,krr,"kernel=laplacian,alpha=0.01,gamma_scale=2.0,max_features=192,x_transform=l2,log_target=True",10,0.90398905,0.26480697,0.41121628,0.02049439
rhamnose_gL,all_known,parafac_raman_fusion_als_sg0_snv_area,als_sg0_snv_area+parafac,weighted_knn,"k=5,metric=correlation,max_features=192,x_transform=none,log_target=True",10,0.90473706,0.23467077,0.4088298,-0.025647636
rhamnose_gL,all_known,parafac_raman_fusion_als_sg0_snv_area,als_sg0_snv_area+parafac,weighted_knn,"k=5,metric=correlation,max_features=192,x_transform=l2,log_target=True",10,0.90473706,0.23467077,0.4088298,-0.025647636
rhamnose_gL,all_known,raman_preprocessed_als_sg0_snv_area,als_sg0_snv_area,krr,"kernel=rbf,alpha=0.01,gamma_scale=1.0,max_features=192,x_transform=l2,log_target=True",10,0.90488187,0.2733978,0.44152529,-0.021908131
rhamnose_gL,all_known,raman_preprocessed_als_sg0_snv_area,als_sg0_snv_area,krr,"kernel=laplacian,alpha=0.1,gamma_scale=1.0,max_features=12,x_transform=none,log_target=True",10,0.9050593,0.28888066,0.42415249,0.0014802795
rhamnose_gL,all_known,parafac_raman_fusion_als_sg0_snv_area,als_sg0_snv_area+parafac,krr,"kernel=laplacian,alpha=0.1,gamma_scale=2.0,max_features=192,x_transform=l2,log_target=True",10,0.90542204,0.26554386,0.41155585,0.017789766
rhamnose_gL,all_known,raman_preprocessed_als_sg0_snv_area,als_sg0_snv_area,krr,"kernel=rbf,alpha=0.1,gamma_scale=1.0,max_features=48,x_transform=l2,log_target=True",10,0.90554541,0.29317967,0.43578239,0.0023692023
rhamnose_gL,all_known,raman_preprocessed_als_sg0_snv_area,als_sg0_snv_area,krr,"kernel=laplacian,alpha=0.1,gamma_scale=1.0,max_features=48,x_transform=l2,log_target=False",10,0.90558737,0.25854739,0.49120024,-0.06131987
rhamnose_gL,all_known,raman_preprocessed_als_sg0_snv_area,als_sg0_snv_area,krr,"kernel=laplacian,alpha=0.01,gamma_scale=2.0,max_features=192,x_transform=l2,log_target=True",10,0.90650028,0.29201492,0.4264777,0.0026401141
rhamnose_gL,all_known,raman_preprocessed_als_sg0_snv_area,als_sg0_snv_area,krr,"kernel=rbf,alpha=0.1,gamma_scale=2.0,max_features=12,x_transform=none,log_target=True",10,0.90667608,0.25929958,0.43516227,-0.052602889
rhamnose_gL,all_known,raman_preprocessed_als_sg0_snv_area,als_sg0_snv_area,krr,"kernel=laplacian,alpha=0.1,gamma_scale=2.0,max_features=12,x_transform=l2,log_target=False",10,0.90702923,0.24777783,0.47636412,-0.08402971
rhamnose_gL,all_known,raman_preprocessed_als_sg0_snv_area,als_sg0_snv_area,krr,"kernel=rbf,alpha=0.1,gamma_scale=2.0,max_features=12,x_transform=l2,log_target=True",10,0.9072544,0.26096488,0.43343403,-0.053831791
rhamnose_gL,all_known,raman_preprocessed_als_sg0_snv_area,als_sg0_snv_area,krr,"kernel=laplacian,alpha=0.1,gamma_scale=2.0,max_features=192,x_transform=l2,log_target=True",10,0.90727459,0.29305666,0.42623671,0.0020196308
rhamnose_gL,all_known,raman_preprocessed_als_sg0_snv_area,als_sg0_snv_area,weighted_knn,"k=5,metric=correlation,max_features=48,x_transform=none,log_target=True",10,0.90797431,0.25658838,0.44373299,-0.07547602
rhamnose_gL,all_known,raman_preprocessed_als_sg0_snv_area,als_sg0_snv_area,weighted_knn,"k=5,metric=correlation,max_features=48,x_transform=l2,log_target=True",10,0.90797431,0.25658838,0.44373299,-0.07547602
rhamnose_gL,all_known,parafac_raman_fusion_als_sg0_snv_area,als_sg0_snv_area+parafac,krr,"kernel=rbf,alpha=0.1,gamma_scale=1.0,max_features=192,x_transform=none,log_target=False",10,0.90815052,0.19522601,0.51898279,-0.15105811
rhamnose_gL,all_known,parafac_raman_fusion_als_sg0_snv_area,als_sg0_snv_area+parafac,krr,"kernel=rbf,alpha=0.01,gamma_scale=1.0,max_features=12,x_transform=none,log_target=True",10,0.90877022,0.16431556,0.44452758,-0.48945639
rhamnose_gL,all_known,raman_preprocessed_als_sg0_snv_area,als_sg0_snv_area,krr,"kernel=rbf,alpha=0.1,gamma_scale=1.0,max_features=48,x_transform=none,log_target=True",10,0.90877875,0.29099894,0.43470333,-0.0093453061
rhamnose_gL,all_known,parafac_raman_fusion_als_sg0_snv_area,als_sg0_snv_area+parafac,weighted_knn,"k=5,metric=manhattan,max_features=48,x_transform=none,log_target=True",10,0.90878353,0.24820814,0.42235951,-0.019562311
rhamnose_gL,all_known,raman_preprocessed_als_sg0_snv_area,als_sg0_snv_area,krr,"kernel=rbf,alpha=0.1,gamma_scale=1.0,max_features=12,x_transform=l2,log_target=True",10,0.90926844,0.2650236,0.43730912,-0.048992877
rhamnose_gL,all_known,raman_preprocessed_als_sg0_snv_area,als_sg0_snv_area,krr,"kernel=laplacian,alpha=0.1,gamma_scale=1.0,max_features=48,x_transform=none,log_target=False",10,0.90940015,0.25674273,0.48728428,-0.074640015
rhamnose_gL,all_known,raman_preprocessed_als_sg0_snv_area,als_sg0_snv_area,weighted_knn,"k=3,metric=correlation,max_features=48,x_transform=none,log_target=True",10,0.90988862,0.24183405,0.46021465,-0.12657415
rhamnose_gL,all_known,raman_preprocessed_als_sg0_snv_area,als_sg0_snv_area,weighted_knn,"k=3,metric=correlation,max_features=48,x_transform=l2,log_target=True",10,0.90988862,0.24183405,0.46021465,-0.12657415
rhamnose_gL,all_known,raman_preprocessed_als_sg0_snv_area,als_sg0_snv_area,krr,"kernel=rbf,alpha=0.1,gamma_scale=2.0,max_features=48,x_transform=none,log_target=False",10,0.91021876,0.26713226,0.48635057,-0.069078097
rhamnose_gL,all_known,raman_preprocessed_als_sg0_snv_area,als_sg0_snv_area,krr,"kernel=rbf,alpha=0.1,gamma_scale=2.0,max_features=48,x_transform=l2,log_target=False",10,0.91092507,0.27933388,0.48759,-0.045181321
rhamnose_gL,all_known,raman_preprocessed_als_sg0_snv_area,als_sg0_snv_area,krr,"kernel=rbf,alpha=0.01,gamma_scale=1.0,max_features=48,x_transform=l2,log_target=True",10,0.91135843,0.29248337,0.44722185,-0.015959154
rhamnose_gL,all_known,parafac_raman_fusion_als_sg0_snv_area,als_sg0_snv_area+parafac,weighted_knn,"k=5,metric=correlation,max_features=192,x_transform=none,log_target=False",10,0.9116459,0.18887904,0.44830803,-0.13596176
rhamnose_gL,all_known,parafac_raman_fusion_als_sg0_snv_area,als_sg0_snv_area+parafac,weighted_knn,"k=5,metric=correlation,max_features=192,x_transform=l2,log_target=False",10,0.9116459,0.18887904,0.44830803,-0.13596176
rhamnose_gL,all_known,raman_preprocessed_als_sg0_snv_area,als_sg0_snv_area,weighted_knn,"k=5,metric=manhattan,max_features=48,x_transform=l2,log_target=True",10,0.91170483,0.27479102,0.4472991,-0.062682932
rhamnose_gL,all_known,raman_preprocessed_als_sg0_snv_area,als_sg0_snv_area,krr,"kernel=laplacian,alpha=0.01,gamma_scale=1.0,max_features=12,x_transform=none,log_target=True",10,0.91173181,0.28636319,0.42878216,-0.018315619
rhamnose_gL,all_known,raman_preprocessed_als_sg0_snv_area,als_sg0_snv_area,krr,"kernel=laplacian,alpha=0.01,gamma_scale=1.0,max_features=48,x_transform=l2,log_target=False",10,0.91275409,0.25491825,0.50264997,-0.091352582
rhamnose_gL,all_known,raman_preprocessed_als_sg0_snv_area,als_sg0_snv_area,krr,"kernel=laplacian,alpha=0.1,gamma_scale=2.0,max_features=12,x_transform=none,log_target=False",10,0.91295195,0.25867554,0.46702363,-0.071993201
rhamnose_gL,all_known,raman_preprocessed_als_sg0_snv_area,als_sg0_snv_area,weighted_knn,"k=5,metric=correlation,max_features=12,x_transform=none,log_target=True",10,0.91327772,0.24170214,0.44699113,-0.12243974
rhamnose_gL,all_known,raman_preprocessed_als_sg0_snv_area,als_sg0_snv_area,weighted_knn,"k=5,metric=correlation,max_features=12,x_transform=l2,log_target=True",10,0.91327772,0.24170214,0.44699113,-0.12243974
rhamnose_gL,all_known,parafac_raman_fusion_als_sg0_snv_area,als_sg0_snv_area+parafac,krr,"kernel=rbf,alpha=0.01,gamma_scale=1.0,max_features=192,x_transform=l2,log_target=False",10,0.91463362,0.19791854,0.53425632,-0.1634181
rhamnose_gL,all_known,raman_preprocessed_als_sg0_snv_area,als_sg0_snv_area,krr,"kernel=rbf,alpha=0.01,gamma_scale=1.0,max_features=48,x_transform=none,log_target=True",10,0.9152532,0.28812565,0.44598844,-0.032595494
rhamnose_gL,all_known,raman_preprocessed_als_sg0_snv_area,als_sg0_snv_area,krr,"kernel=rbf,alpha=0.01,gamma_scale=2.0,max_features=12,x_transform=none,log_target=True",10,0.91539465,0.25128389,0.45502046,-0.088903477
rhamnose_gL,all_known,parafac_raman_fusion_als_sg0_snv_area,als_sg0_snv_area+parafac,krr,"kernel=rbf,alpha=0.01,gamma_scale=2.0,max_features=12,x_transform=l2,log_target=False",10,0.91602832,0.18563955,0.55977813,-0.44136538
rhamnose_gL,all_known,raman_preprocessed_als_sg0_snv_area,als_sg0_snv_area,krr,"kernel=laplacian,alpha=0.01,gamma_scale=2.0,max_features=12,x_transform=l2,log_target=False",10,0.91620446,0.2429124,0.4858544,-0.11976037
rhamnose_gL,all_known,parafac_raman_fusion_als_sg0_snv_area,als_sg0_snv_area+parafac,weighted_knn,"k=5,metric=manhattan,max_features=192,x_transform=none,log_target=True",10,0.91657441,0.23750879,0.42982698,-0.062847314
rhamnose_gL,all_known,raman_preprocessed_als_sg0_snv_area,als_sg0_snv_area,krr,"kernel=laplacian,alpha=0.01,gamma_scale=1.0,max_features=48,x_transform=none,log_target=False",10,0.91759232,0.25230997,0.49828431,-0.1092129
rhamnose_gL,all_known,parafac_raman_fusion_als_sg0_snv_area,als_sg0_snv_area+parafac,weighted_knn,"k=3,metric=manhattan,max_features=48,x_transform=none,log_target=True",10,0.91785266,0.25719831,0.42436468,-0.034280287
rhamnose_gL,all_known,raman_preprocessed_als_sg0_snv_area,als_sg0_snv_area,krr,"kernel=rbf,alpha=0.1,gamma_scale=1.0,max_features=12,x_transform=none,log_target=True",10,0.91842154,0.25657492,0.43812374,-0.083214189
rhamnose_gL,all_known,raman_preprocessed_als_sg0_snv_area,als_sg0_snv_area,krr,"kernel=rbf,alpha=0.01,gamma_scale=2.0,max_features=48,x_transform=none,log_target=False",10,0.91857905,0.26561707,0.50008408,-0.10050831
rhamnose_gL,all_known,raman_preprocessed_als_sg0_snv_area,als_sg0_snv_area,weighted_knn,"k=3,metric=manhattan,max_features=12,x_transform=l2,log_target=True",10,0.91872953,0.26182678,0.45985353,-0.097164784
rhamnose_gL,all_known,raman_preprocessed_als_sg0_snv_area,als_sg0_snv_area,krr,"kernel=rbf,alpha=0.1,gamma_scale=1.0,max_features=192,x_transform=l2,log_target=False",10,0.92006985,0.24119636,0.52488417,-0.13175099
rhamnose_gL,all_known,raman_preprocessed_als_sg2_snv,als_sg2_snv,weighted_knn,"k=5,metric=manhattan,max_features=192,x_transform=l2,log_target=True",10,0.92034555,0.2932085,0.40287103,-0.029988921
rhamnose_gL,all_known,raman_preprocessed_als_sg2_snv,als_sg2_snv,krr,"kernel=laplacian,alpha=0.1,gamma_scale=2.0,max_features=192,x_transform=l2,log_target=False",10,0.92034661,0.28950352,0.48215327,-0.036769921
rhamnose_gL,all_known,parafac_raman_fusion_als_sg2_snv,als_sg2_snv+parafac,krr,"kernel=laplacian,alpha=0.1,gamma_scale=2.0,max_features=192,x_transform=l2,log_target=False",10,0.92037284,0.25526664,0.47787584,-0.035230334
rhamnose_gL,all_known,raman_preprocessed_als_sg2_snv,als_sg2_snv,weighted_knn,"k=3,metric=manhattan,max_features=192,x_transform=none,log_target=True",10,0.92080265,0.29240907,0.3879189,-0.030773996
rhamnose_gL,all_known,raman_preprocessed_als_sg2_snv,als_sg2_snv,krr,"kernel=laplacian,alpha=0.1,gamma_scale=2.0,max_features=192,x_transform=none,log_target=False",10,0.92085357,0.29176996,0.47621944,-0.035334126
rhamnose_gL,all_known,parafac_raman_fusion_als_sg2_snv,als_sg2_snv+parafac,krr,"kernel=laplacian,alpha=0.01,gamma_scale=2.0,max_features=192,x_transform=l2,log_target=False",10,0.92095743,0.25463113,0.47794774,-0.037165923
rhamnose_gL,all_known,raman_preprocessed_als_sg0_snv_area,als_sg0_snv_area,krr,"kernel=laplacian,alpha=0.01,gamma_scale=2.0,max_features=12,x_transform=none,log_target=False",10,0.92102823,0.25549287,0.47381058,-0.099163568
rhamnose_gL,all_known,raman_preprocessed_als_sg2_snv,als_sg2_snv,krr,"kernel=laplacian,alpha=0.01,gamma_scale=2.0,max_features=192,x_transform=l2,log_target=False",10,0.9210882,0.28920702,0.48229591,-0.039218458
rhamnose_gL,all_known,parafac_raman_fusion_als_sg2_snv,als_sg2_snv+parafac,krr,"kernel=laplacian,alpha=0.1,gamma_scale=2.0,max_features=192,x_transform=none,log_target=False",10,0.92109667,0.25747972,0.47076406,-0.033888578
rhamnose_gL,all_known,raman_preprocessed_als_sg0_snv_area,als_sg0_snv_area,krr,"kernel=rbf,alpha=0.01,gamma_scale=2.0,max_features=48,x_transform=l2,log_target=False",10,0.92128473,0.28087285,0.5017511,-0.07475825
rhamnose_gL,all_known,raman_preprocessed_als_sg2_snv,als_sg2_snv,krr,"kernel=laplacian,alpha=0.1,gamma_scale=1.0,max_features=192,x_transform=l2,log_target=True",10,0.92133698,0.30091839,0.4290504,-0.024949
rhamnose_gL,all_known,raman_preprocessed_als_sg2_snv,als_sg2_snv,krr,"kernel=laplacian,alpha=0.01,gamma_scale=2.0,max_features=192,x_transform=none,log_target=False",10,0.92151812,0.29156164,0.4763693,-0.037478832
rhamnose_gL,all_known,raman_preprocessed_als_sg2_snv,als_sg2_snv,krr,"kernel=laplacian,alpha=0.01,gamma_scale=1.0,max_features=192,x_transform=l2,log_target=True",10,0.92154156,0.30036035,0.42802741,-0.026249713
rhamnose_gL,all_known,parafac_raman_fusion_als_sg2_snv,als_sg2_snv+parafac,krr,"kernel=laplacian,alpha=0.01,gamma_scale=2.0,max_features=192,x_transform=none,log_target=False",10,0.92164676,0.25690339,0.47091469,-0.035697246
rhamnose_gL,all_known,raman_preprocessed_als_sg2_snv,als_sg2_snv,krr,"kernel=laplacian,alpha=0.1,gamma_scale=1.0,max_features=192,x_transform=none,log_target=True",10,0.92181366,0.30172841,0.42710813,-0.02532698
rhamnose_gL,all_known,raman_preprocessed_als_sg2_snv,als_sg2_snv,krr,"kernel=laplacian,alpha=0.01,gamma_scale=1.0,max_features=192,x_transform=none,log_target=True",10,0.92189931,0.30132526,0.42610475,-0.02615168
rhamnose_gL,all_known,parafac_raman_fusion_als_sg0_snv_area,als_sg0_snv_area+parafac,weighted_knn,"k=5,metric=manhattan,max_features=48,x_transform=none,log_target=False",10,0.9222113,0.22784926,0.46820182,-0.10231302
rhamnose_gL,all_known,raman_preprocessed_als_sg0_snv_area,als_sg0_snv_area,weighted_knn,"k=5,metric=manhattan,max_features=12,x_transform=none,log_target=True",10,0.9222191,0.25898671,0.43635757,-0.096987383
rhamnose_gL,all_known,parafac_raman_fusion_als_sg0_snv_area,als_sg0_snv_area+parafac,krr,"kernel=rbf,alpha=0.01,gamma_scale=1.0,max_features=48,x_transform=l2,log_target=False",10,0.92240152,0.20612415,0.55341001,-0.17414885
rhamnose_gL,all_known,parafac_raman_fusion_als_sg2_snv,als_sg2_snv+parafac,krr,"kernel=laplacian,alpha=0.01,gamma_scale=1.0,max_features=192,x_transform=l2,log_target=True",10,0.92263546,0.26648311,0.4242454,-0.02287155
rhamnose_gL,all_known,raman_preprocessed_als_sg2_snv,als_sg2_snv,krr,"kernel=laplacian,alpha=0.01,gamma_scale=2.0,max_features=192,x_transform=l2,log_target=True",10,0.92265988,0.30259015,0.42874964,-0.026055941
rhamnose_gL,all_known,parafac_raman_fusion_als_sg2_snv,als_sg2_snv+parafac,krr,"kernel=laplacian,alpha=0.1,gamma_scale=1.0,max_features=192,x_transform=l2,log_target=True",10,0.92295965,0.26712784,0.42531003,-0.023316987
rhamnose_gL,all_known,raman_preprocessed_als_sg2_snv,als_sg2_snv,krr,"kernel=laplacian,alpha=0.1,gamma_scale=2.0,max_features=192,x_transform=l2,log_target=True",10,0.92296589,0.30275054,0.42878367,-0.026644405
rhamnose_gL,all_known,raman_preprocessed_als_sg2_snv,als_sg2_snv,weighted_knn,"k=5,metric=manhattan,max_features=192,x_transform=none,log_target=True",10,0.92310293,0.30134114,0.39270071,-0.031248402
rhamnose_gL,all_known,parafac_raman_fusion_als_sg2_snv,als_sg2_snv+parafac,krr,"kernel=laplacian,alpha=0.01,gamma_scale=1.0,max_features=192,x_transform=none,log_target=True",10,0.92345495,0.26738973,0.42205902,-0.023987915
rhamnose_gL,all_known,parafac_raman_fusion_als_sg2_snv,als_sg2_snv+parafac,krr,"kernel=laplacian,alpha=0.1,gamma_scale=1.0,max_features=192,x_transform=none,log_target=True",10,0.92379063,0.2678824,0.42310451,-0.024614986
rhamnose_gL,all_known,parafac_raman_fusion_als_sg2_snv,als_sg2_snv+parafac,krr,"kernel=laplacian,alpha=0.1,gamma_scale=2.0,max_features=48,x_transform=none,log_target=False",10,0.92390537,0.25421207,0.45041072,-0.040845152
rhamnose_gL,all_known,raman_preprocessed_als_sg2_snv,als_sg2_snv,krr,"kernel=laplacian,alpha=0.01,gamma_scale=2.0,max_features=192,x_transform=none,log_target=True",10,0.92421652,0.3032244,0.42476254,-0.029449415
rhamnose_gL,all_known,raman_preprocessed_als_sg2_snv,als_sg2_snv,krr,"kernel=laplacian,alpha=0.1,gamma_scale=2.0,max_features=192,x_transform=none,log_target=True",10,0.92454058,0.30334554,0.42484052,-0.030124639
rhamnose_gL,all_known,parafac_raman_fusion_als_sg2_snv,als_sg2_snv+parafac,krr,"kernel=laplacian,alpha=0.1,gamma_scale=2.0,max_features=48,x_transform=l2,log_target=True",10,0.92461126,0.27013789,0.42009899,-0.022783687
rhamnose_gL,all_known,parafac_raman_fusion_als_sg2_snv,als_sg2_snv+parafac,krr,"kernel=laplacian,alpha=0.1,gamma_scale=1.0,max_features=48,x_transform=none,log_target=True",10,0.92468811,0.2643395,0.41926211,-0.029507645
rhamnose_gL,all_known,parafac_raman_fusion_als_sg2_snv,als_sg2_snv+parafac,krr,"kernel=laplacian,alpha=0.01,gamma_scale=2.0,max_features=48,x_transform=l2,log_target=True",10,0.92482822,0.26949856,0.42043539,-0.02398125
rhamnose_gL,all_known,parafac_raman_fusion_als_sg2_snv,als_sg2_snv+parafac,krr,"kernel=laplacian,alpha=0.01,gamma_scale=2.0,max_features=192,x_transform=l2,log_target=True",10,0.92511401,0.26958445,0.42559849,-0.026763018
rhamnose_gL,all_known,parafac_raman_fusion_als_sg2_snv,als_sg2_snv+parafac,krr,"kernel=laplacian,alpha=0.1,gamma_scale=2.0,max_features=192,x_transform=l2,log_target=True",10,0.92554951,0.26982117,0.42576312,-0.027757654
rhamnose_gL,all_known,parafac_raman_fusion_als_sg2_snv,als_sg2_snv+parafac,krr,"kernel=laplacian,alpha=0.01,gamma_scale=2.0,max_features=48,x_transform=none,log_target=False",10,0.92561675,0.2522074,0.45261038,-0.047922941
rhamnose_gL,all_known,raman_preprocessed_als_sg2_snv,als_sg2_snv,krr,"kernel=laplacian,alpha=0.1,gamma_scale=2.0,max_features=48,x_transform=l2,log_target=True",10,0.92563033,0.30291695,0.42467912,-0.03037567
rhamnose_gL,all_known,parafac_raman_fusion_als_sg2_snv,als_sg2_snv+parafac,weighted_knn,"k=5,metric=manhattan,max_features=192,x_transform=l2,log_target=True",10,0.92597779,0.26516965,0.40289957,-0.035784848
rhamnose_gL,all_known,parafac_raman_fusion_als_sg2_snv,als_sg2_snv+parafac,krr,"kernel=laplacian,alpha=0.01,gamma_scale=2.0,max_features=48,x_transform=none,log_target=True",10,0.9260144,0.2701992,0.41130272,-0.026265404
rhamnose_gL,all_known,parafac_raman_fusion_als_sg2_snv,als_sg2_snv+parafac,krr,"kernel=laplacian,alpha=0.01,gamma_scale=1.0,max_features=48,x_transform=none,log_target=True",10,0.9260662,0.26238293,0.42091902,-0.035445171
rhamnose_gL,all_known,parafac_raman_fusion_als_sg2_snv,als_sg2_snv+parafac,krr,"kernel=laplacian,alpha=0.1,gamma_scale=2.0,max_features=48,x_transform=none,log_target=True",10,0.9261599,0.27073997,0.4111128,-0.026119934
rhamnose_gL,all_known,parafac_raman_fusion_als_sg2_snv,als_sg2_snv+parafac,krr,"kernel=laplacian,alpha=0.1,gamma_scale=1.0,max_features=192,x_transform=l2,log_target=False",10,0.92618705,0.24851239,0.48130949,-0.057288552
rhamnose_gL,all_known,parafac_raman_fusion_als_sg2_snv,als_sg2_snv+parafac,krr,"kernel=laplacian,alpha=0.1,gamma_scale=1.0,max_features=48,x_transform=l2,log_target=True",10,0.92629841,0.26266817,0.42636172,-0.035783052
rhamnose_gL,all_known,parafac_raman_fusion_als_sg2_snv,als_sg2_snv+parafac,krr,"kernel=rbf,alpha=0.1,gamma_scale=1.0,max_features=48,x_transform=none,log_target=True",10,0.92647262,0.25386274,0.42147446,-0.047379995
rhamnose_gL,all_known,parafac_raman_fusion_als_sg2_snv,als_sg2_snv+parafac,krr,"kernel=laplacian,alpha=0.1,gamma_scale=1.0,max_features=192,x_transform=none,log_target=False",10,0.92649214,0.2501721,0.47821586,-0.055729161
rhamnose_gL,all_known,raman_preprocessed_als_sg2_snv,als_sg2_snv,krr,"kernel=laplacian,alpha=0.01,gamma_scale=2.0,max_features=48,x_transform=l2,log_target=True",10,0.92654809,0.30246364,0.42502854,-0.033096402
rhamnose_gL,all_known,raman_preprocessed_als_sg2_snv,als_sg2_snv,krr,"kernel=laplacian,alpha=0.1,gamma_scale=2.0,max_features=48,x_transform=none,log_target=True",10,0.92685515,0.30377664,0.4168669,-0.033219277
rhamnose_gL,all_known,eem_parafac_scores,parafac_rank_selected,krr,"kernel=rbf,alpha=0.01,gamma_scale=1.0,max_features=12,x_transform=none,log_target=False",10,0.92689149,0.25957987,0.46801024,-0.1042029
rhamnose_gL,all_known,eem_parafac_scores,parafac_rank_selected,krr,"kernel=rbf,alpha=0.01,gamma_scale=1.0,max_features=48,x_transform=none,log_target=False",10,0.92689149,0.25957987,0.46801024,-0.1042029
rhamnose_gL,all_known,eem_parafac_scores,parafac_rank_selected,krr,"kernel=rbf,alpha=0.01,gamma_scale=1.0,max_features=192,x_transform=none,log_target=False",10,0.92689149,0.25957987,0.46801024,-0.1042029
rhamnose_gL,all_known,parafac_raman_fusion_als_sg2_snv,als_sg2_snv+parafac,krr,"kernel=laplacian,alpha=0.01,gamma_scale=2.0,max_features=192,x_transform=none,log_target=True",10,0.92696048,0.27017745,0.42096016,-0.030748794
rhamnose_gL,all_known,parafac_raman_fusion_als_sg2_snv,als_sg2_snv+parafac,krr,"kernel=rbf,alpha=0.1,gamma_scale=2.0,max_features=48,x_transform=l2,log_target=True",10,0.92700089,0.26157005,0.4250872,-0.038646413
rhamnose_gL,all_known,eem_parafac_scores,parafac_rank_selected,krr,"kernel=rbf,alpha=0.1,gamma_scale=2.0,max_features=12,x_transform=none,log_target=True",10,0.92704465,0.27847471,0.42610634,-0.03858001
rhamnose_gL,all_known,eem_parafac_scores,parafac_rank_selected,krr,"kernel=rbf,alpha=0.1,gamma_scale=2.0,max_features=48,x_transform=none,log_target=True",10,0.92704465,0.27847471,0.42610634,-0.03858001
rhamnose_gL,all_known,eem_parafac_scores,parafac_rank_selected,krr,"kernel=rbf,alpha=0.1,gamma_scale=2.0,max_features=192,x_transform=none,log_target=True",10,0.92704465,0.27847471,0.42610634,-0.03858001
rhamnose_gL,all_known,eem_parafac_scores,parafac_rank_selected,krr,"kernel=rbf,alpha=0.1,gamma_scale=1.0,max_features=12,x_transform=none,log_target=True",10,0.92719269,0.27594787,0.43001567,-0.037515481
rhamnose_gL,all_known,eem_parafac_scores,parafac_rank_selected,krr,"kernel=rbf,alpha=0.1,gamma_scale=1.0,max_features=48,x_transform=none,log_target=True",10,0.92719269,0.27594787,0.43001567,-0.037515481
rhamnose_gL,all_known,eem_parafac_scores,parafac_rank_selected,krr,"kernel=rbf,alpha=0.1,gamma_scale=1.0,max_features=192,x_transform=none,log_target=True",10,0.92719269,0.27594787,0.43001567,-0.037515481
rhamnose_gL,all_known,raman_preprocessed_als_sg2_snv,als_sg2_snv,krr,"kernel=laplacian,alpha=0.01,gamma_scale=2.0,max_features=48,x_transform=none,log_target=True",10,0.92725548,0.30342051,0.41715289,-0.034535525
rhamnose_gL,all_known,parafac_raman_fusion_als_sg2_snv,als_sg2_snv+parafac,weighted_knn,"k=3,metric=manhattan,max_features=192,x_transform=l2,log_target=True",10,0.92726603,0.26547116,0.40528298,-0.034716129
rhamnose_gL,all_known,parafac_raman_fusion_als_sg2_snv,als_sg2_snv+parafac,krr,"kernel=laplacian,alpha=0.1,gamma_scale=2.0,max_features=192,x_transform=none,log_target=True",10,0.92737918,0.27038006,0.42112316,-0.031722162
rhamnose_gL,all_known,raman_preprocessed_als_sg2_snv,als_sg2_snv,krr,"kernel=laplacian,alpha=0.1,gamma_scale=1.0,max_features=192,x_transform=none,log_target=False",10,0.92739452,0.2874881,0.48386417,-0.059960362
rhamnose_gL,all_known,raman_preprocessed_als_sg2_snv,als_sg2_snv,krr,"kernel=laplacian,alpha=0.1,gamma_scale=1.0,max_features=192,x_transform=l2,log_target=False",10,0.92749415,0.28567128,0.48656809,-0.062516051
rhamnose_gL,all_known,raman_preprocessed_als_sg2_snv,als_sg2_snv,krr,"kernel=rbf,alpha=0.1,gamma_scale=2.0,max_features=192,x_transform=l2,log_target=True",10,0.92813074,0.300999,0.42984835,-0.042018139
rhamnose_gL,all_known,eem_parafac_scores,parafac_rank_selected,krr,"kernel=rbf,alpha=0.1,gamma_scale=1.0,max_features=12,x_transform=l2,log_target=False",10,0.92831,0.23424501,0.49803813,-0.11879472
rhamnose_gL,all_known,eem_parafac_scores,parafac_rank_selected,krr,"kernel=laplacian,alpha=0.1,gamma_scale=1.0,max_features=12,x_transform=l2,log_target=False",10,0.92831,0.23424501,0.49803813,-0.11879472
rhamnose_gL,all_known,eem_parafac_scores,parafac_rank_selected,krr,"kernel=rbf,alpha=0.1,gamma_scale=1.0,max_features=48,x_transform=l2,log_target=False",10,0.92831,0.23424501,0.49803813,-0.11879472
rhamnose_gL,all_known,eem_parafac_scores,parafac_rank_selected,krr,"kernel=laplacian,alpha=0.1,gamma_scale=1.0,max_features=48,x_transform=l2,log_target=False",10,0.92831,0.23424501,0.49803813,-0.11879472
rhamnose_gL,all_known,eem_parafac_scores,parafac_rank_selected,krr,"kernel=rbf,alpha=0.1,gamma_scale=1.0,max_features=192,x_transform=l2,log_target=False",10,0.92831,0.23424501,0.49803813,-0.11879472
rhamnose_gL,all_known,eem_parafac_scores,parafac_rank_selected,krr,"kernel=laplacian,alpha=0.1,gamma_scale=1.0,max_features=192,x_transform=l2,log_target=False",10,0.92831,0.23424501,0.49803813,-0.11879472
rhamnose_gL,all_known,eem_parafac_scores,parafac_rank_selected,krr,"kernel=rbf,alpha=0.1,gamma_scale=2.0,max_features=12,x_transform=l2,log_target=False",10,0.92832009,0.23424454,0.49799159,-0.11883305
rhamnose_gL,all_known,eem_parafac_scores,parafac_rank_selected,krr,"kernel=laplacian,alpha=0.1,gamma_scale=2.0,max_features=12,x_transform=l2,log_target=False",10,0.92832009,0.23424454,0.49799159,-0.11883305
rhamnose_gL,all_known,eem_parafac_scores,parafac_rank_selected,krr,"kernel=rbf,alpha=0.1,gamma_scale=2.0,max_features=48,x_transform=l2,log_target=False",10,0.92832009,0.23424454,0.49799159,-0.11883305
rhamnose_gL,all_known,eem_parafac_scores,parafac_rank_selected,krr,"kernel=laplacian,alpha=0.1,gamma_scale=2.0,max_features=48,x_transform=l2,log_target=False",10,0.92832009,0.23424454,0.49799159,-0.11883305
rhamnose_gL,all_known,eem_parafac_scores,parafac_rank_selected,krr,"kernel=rbf,alpha=0.1,gamma_scale=2.0,max_features=192,x_transform=l2,log_target=False",10,0.92832009,0.23424454,0.49799159,-0.11883305
rhamnose_gL,all_known,eem_parafac_scores,parafac_rank_selected,krr,"kernel=laplacian,alpha=0.1,gamma_scale=2.0,max_features=192,x_transform=l2,log_target=False",10,0.92832009,0.23424454,0.49799159,-0.11883305
rhamnose_gL,all_known,eem_parafac_scores,parafac_rank_selected,krr,"kernel=rbf,alpha=0.01,gamma_scale=1.0,max_features=12,x_transform=l2,log_target=False",10,0.92834329,0.23411132,0.49823118,-0.11928097
rhamnose_gL,all_known,eem_parafac_scores,parafac_rank_selected,krr,"kernel=laplacian,alpha=0.01,gamma_scale=1.0,max_features=12,x_transform=l2,log_target=False",10,0.92834329,0.23411132,0.49823118,-0.11928097
rhamnose_gL,all_known,eem_parafac_scores,parafac_rank_selected,krr,"kernel=rbf,alpha=0.01,gamma_scale=1.0,max_features=48,x_transform=l2,log_target=False",10,0.92834329,0.23411132,0.49823118,-0.11928097
rhamnose_gL,all_known,eem_parafac_scores,parafac_rank_selected,krr,"kernel=laplacian,alpha=0.01,gamma_scale=1.0,max_features=48,x_transform=l2,log_target=False",10,0.92834329,0.23411132,0.49823118,-0.11928097
rhamnose_gL,all_known,eem_parafac_scores,parafac_rank_selected,krr,"kernel=rbf,alpha=0.01,gamma_scale=1.0,max_features=192,x_transform=l2,log_target=False",10,0.92834329,0.23411132,0.49823118,-0.11928097
rhamnose_gL,all_known,eem_parafac_scores,parafac_rank_selected,krr,"kernel=laplacian,alpha=0.01,gamma_scale=1.0,max_features=192,x_transform=l2,log_target=False",10,0.92834329,0.23411132,0.49823118,-0.11928097
rhamnose_gL,all_known,eem_parafac_scores,parafac_rank_selected,krr,"kernel=rbf,alpha=0.01,gamma_scale=2.0,max_features=12,x_transform=l2,log_target=False",10,0.9283443,0.23411127,0.49822651,-0.11928484
rhamnose_gL,all_known,eem_parafac_scores,parafac_rank_selected,krr,"kernel=laplacian,alpha=0.01,gamma_scale=2.0,max_features=12,x_transform=l2,log_target=False",10,0.9283443,0.23411127,0.49822651,-0.11928484
rhamnose_gL,all_known,eem_parafac_scores,parafac_rank_selected,krr,"kernel=rbf,alpha=0.01,gamma_scale=2.0,max_features=48,x_transform=l2,log_target=False",10,0.9283443,0.23411127,0.49822651,-0.11928484
rhamnose_gL,all_known,eem_parafac_scores,parafac_rank_selected,krr,"kernel=laplacian,alpha=0.01,gamma_scale=2.0,max_features=48,x_transform=l2,log_target=False",10,0.9283443,0.23411127,0.49822651,-0.11928484
rhamnose_gL,all_known,eem_parafac_scores,parafac_rank_selected,krr,"kernel=rbf,alpha=0.01,gamma_scale=2.0,max_features=192,x_transform=l2,log_target=False",10,0.9283443,0.23411127,0.49822651,-0.11928484
rhamnose_gL,all_known,eem_parafac_scores,parafac_rank_selected,krr,"kernel=laplacian,alpha=0.01,gamma_scale=2.0,max_features=192,x_transform=l2,log_target=False",10,0.9283443,0.23411127,0.49822651,-0.11928484
rhamnose_gL,all_known,raman_preprocessed_als_sg2_snv,als_sg2_snv,krr,"kernel=laplacian,alpha=0.1,gamma_scale=1.0,max_features=48,x_transform=none,log_target=True",10,0.92835987,0.30074249,0.42467546,-0.040347793
rhamnose_gL,all_known,parafac_raman_fusion_als_sg2_snv,als_sg2_snv+parafac,krr,"kernel=rbf,alpha=0.01,gamma_scale=2.0,max_features=48,x_transform=l2,log_target=True",10,0.92845763,0.26007505,0.42703923,-0.044447868
rhamnose_gL,all_known,parafac_raman_fusion_als_sg2_snv,als_sg2_snv+parafac,krr,"kernel=laplacian,alpha=0.01,gamma_scale=1.0,max_features=48,x_transform=l2,log_target=True",10,0.92853378,0.26000004,0.42819843,-0.04505618
rhamnose_gL,all_known,raman_preprocessed_als_sg2_snv,als_sg2_snv,krr,"kernel=rbf,alpha=0.01,gamma_scale=2.0,max_features=192,x_transform=l2,log_target=True",10,0.92881047,0.30045537,0.43028784,-0.044437772
rhamnose_gL,all_known,parafac_raman_fusion_als_sg2_snv,als_sg2_snv+parafac,krr,"kernel=rbf,alpha=0.1,gamma_scale=2.0,max_features=48,x_transform=none,log_target=True",10,0.92922437,0.26411431,0.40816075,-0.041359577
rhamnose_gL,all_known,parafac_raman_fusion_als_sg2_snv,als_sg2_snv+parafac,krr,"kernel=rbf,alpha=0.01,gamma_scale=2.0,max_features=48,x_transform=none,log_target=True",10,0.92924595,0.2628853,0.40941728,-0.04302915
rhamnose_gL,all_known,parafac_raman_fusion_als_sg2_snv,als_sg2_snv+parafac,weighted_knn,"k=3,metric=manhattan,max_features=192,x_transform=none,log_target=True",10,0.92925093,0.26125111,0.40275849,-0.044297986
rhamnose_gL,all_known,parafac_raman_fusion_als_sg2_snv,als_sg2_snv+parafac,krr,"kernel=rbf,alpha=0.01,gamma_scale=1.0,max_features=48,x_transform=none,log_target=True",10,0.92931517,0.24980047,0.42716562,-0.061621712
rhamnose_gL,all_known,parafac_raman_fusion_als_sg2_snv,als_sg2_snv+parafac,krr,"kernel=rbf,alpha=0.1,gamma_scale=1.0,max_features=48,x_transform=l2,log_target=True",10,0.92933886,0.24763291,0.43807844,-0.064056392
rhamnose_gL,all_known,raman_preprocessed_als_sg2_snv,als_sg2_snv,weighted_knn,"k=5,metric=manhattan,max_features=12,x_transform=none,log_target=True",10,0.92936697,0.29929927,0.4244749,-0.059226623
rhamnose_gL,all_known,parafac_raman_fusion_als_sg2_snv,als_sg2_snv+parafac,krr,"kernel=laplacian,alpha=0.01,gamma_scale=1.0,max_features=192,x_transform=l2,log_target=False",10,0.92945916,0.24626487,0.48354103,-0.068224226
rhamnose_gL,all_known,raman_preprocessed_als_sg2_snv,als_sg2_snv,krr,"kernel=laplacian,alpha=0.1,gamma_scale=2.0,max_features=48,x_transform=none,log_target=False",10,0.92965488,0.29089263,0.45367825,-0.054509766
rhamnose_gL,all_known,parafac_raman_fusion_als_sg2_snv,als_sg2_snv+parafac,krr,"kernel=laplacian,alpha=0.01,gamma_scale=1.0,max_features=192,x_transform=none,log_target=False",10,0.92971261,0.24803878,0.4805758,-0.066383678
rhamnose_gL,all_known,eem_parafac_scores,parafac_rank_selected,krr,"kernel=rbf,alpha=0.01,gamma_scale=2.0,max_features=12,x_transform=none,log_target=True",10,0.92996399,0.27798807,0.42589076,-0.048176759
rhamnose_gL,all_known,eem_parafac_scores,parafac_rank_selected,krr,"kernel=rbf,alpha=0.01,gamma_scale=2.0,max_features=48,x_transform=none,log_target=True",10,0.92996399,0.27798807,0.42589076,-0.048176759
rhamnose_gL,all_known,eem_parafac_scores,parafac_rank_selected,krr,"kernel=rbf,alpha=0.01,gamma_scale=2.0,max_features=192,x_transform=none,log_target=True",10,0.92996399,0.27798807,0.42589076,-0.048176759
rhamnose_gL,all_known,raman_preprocessed_als_sg2_snv,als_sg2_snv,weighted_knn,"k=3,metric=manhattan,max_features=192,x_transform=l2,log_target=True",10,0.92996996,0.28596973,0.39526131,-0.060965393
rhamnose_gL,all_known,eem_parafac_scores,parafac_rank_selected,krr,"kernel=rbf,alpha=0.01,gamma_scale=1.0,max_features=12,x_transform=l2,log_target=True",10,0.9300472,0.26265436,0.44222078,-0.054885626
rhamnose_gL,all_known,eem_parafac_scores,parafac_rank_selected,krr,"kernel=laplacian,alpha=0.01,gamma_scale=1.0,max_features=12,x_transform=l2,log_target=True",10,0.9300472,0.26265436,0.44222078,-0.054885626
rhamnose_gL,all_known,eem_parafac_scores,parafac_rank_selected,krr,"kernel=rbf,alpha=0.01,gamma_scale=1.0,max_features=48,x_transform=l2,log_target=True",10,0.9300472,0.26265436,0.44222078,-0.054885626
rhamnose_gL,all_known,eem_parafac_scores,parafac_rank_selected,krr,"kernel=laplacian,alpha=0.01,gamma_scale=1.0,max_features=48,x_transform=l2,log_target=True",10,0.9300472,0.26265436,0.44222078,-0.054885626
rhamnose_gL,all_known,eem_parafac_scores,parafac_rank_selected,krr,"kernel=rbf,alpha=0.01,gamma_scale=1.0,max_features=192,x_transform=l2,log_target=True",10,0.9300472,0.26265436,0.44222078,-0.054885626
rhamnose_gL,all_known,eem_parafac_scores,parafac_rank_selected,krr,"kernel=laplacian,alpha=0.01,gamma_scale=1.0,max_features=192,x_transform=l2,log_target=True",10,0.9300472,0.26265436,0.44222078,-0.054885626
rhamnose_gL,all_known,eem_parafac_scores,parafac_rank_selected,krr,"kernel=rbf,alpha=0.01,gamma_scale=2.0,max_features=12,x_transform=l2,log_target=True",10,0.93004804,0.26265459,0.44221777,-0.054887496
rhamnose_gL,all_known,eem_parafac_scores,parafac_rank_selected,krr,"kernel=laplacian,alpha=0.01,gamma_scale=2.0,max_features=12,x_transform=l2,log_target=True",10,0.93004804,0.26265459,0.44221777,-0.054887496
rhamnose_gL,all_known,eem_parafac_scores,parafac_rank_selected,krr,"kernel=rbf,alpha=0.01,gamma_scale=2.0,max_features=48,x_transform=l2,log_target=True",10,0.93004804,0.26265459,0.44221777,-0.054887496
rhamnose_gL,all_known,eem_parafac_scores,parafac_rank_selected,krr,"kernel=laplacian,alpha=0.01,gamma_scale=2.0,max_features=48,x_transform=l2,log_target=True",10,0.93004804,0.26265459,0.44221777,-0.054887496
rhamnose_gL,all_known,eem_parafac_scores,parafac_rank_selected,krr,"kernel=rbf,alpha=0.01,gamma_scale=2.0,max_features=192,x_transform=l2,log_target=True",10,0.93004804,0.26265459,0.44221777,-0.054887496
rhamnose_gL,all_known,eem_parafac_scores,parafac_rank_selected,krr,"kernel=laplacian,alpha=0.01,gamma_scale=2.0,max_features=192,x_transform=l2,log_target=True",10,0.93004804,0.26265459,0.44221777,-0.054887496
rhamnose_gL,all_known,eem_parafac_scores,parafac_rank_selected,krr,"kernel=rbf,alpha=0.1,gamma_scale=1.0,max_features=12,x_transform=l2,log_target=True",10,0.93007496,0.26271891,0.44207663,-0.054838753
rhamnose_gL,all_known,eem_parafac_scores,parafac_rank_selected,krr,"kernel=laplacian,alpha=0.1,gamma_scale=1.0,max_features=12,x_transform=l2,log_target=True",10,0.93007496,0.26271891,0.44207663,-0.054838753
rhamnose_gL,all_known,eem_parafac_scores,parafac_rank_selected,krr,"kernel=rbf,alpha=0.1,gamma_scale=1.0,max_features=48,x_transform=l2,log_target=True",10,0.93007496,0.26271891,0.44207663,-0.054838753
rhamnose_gL,all_known,eem_parafac_scores,parafac_rank_selected,krr,"kernel=laplacian,alpha=0.1,gamma_scale=1.0,max_features=48,x_transform=l2,log_target=True",10,0.93007496,0.26271891,0.44207663,-0.054838753
rhamnose_gL,all_known,eem_parafac_scores,parafac_rank_selected,krr,"kernel=rbf,alpha=0.1,gamma_scale=1.0,max_features=192,x_transform=l2,log_target=True",10,0.93007496,0.26271891,0.44207663,-0.054838753
rhamnose_gL,all_known,eem_parafac_scores,parafac_rank_selected,krr,"kernel=laplacian,alpha=0.1,gamma_scale=1.0,max_features=192,x_transform=l2,log_target=True",10,0.93007496,0.26271891,0.44207663,-0.054838753
rhamnose_gL,all_known,eem_parafac_scores,parafac_rank_selected,krr,"kernel=rbf,alpha=0.1,gamma_scale=2.0,max_features=12,x_transform=l2,log_target=True",10,0.93008333,0.26272124,0.44204662,-0.054857387
rhamnose_gL,all_known,eem_parafac_scores,parafac_rank_selected,krr,"kernel=laplacian,alpha=0.1,gamma_scale=2.0,max_features=12,x_transform=l2,log_target=True",10,0.93008333,0.26272124,0.44204662,-0.054857387
rhamnose_gL,all_known,eem_parafac_scores,parafac_rank_selected,krr,"kernel=rbf,alpha=0.1,gamma_scale=2.0,max_features=48,x_transform=l2,log_target=True",10,0.93008333,0.26272124,0.44204662,-0.054857387
rhamnose_gL,all_known,eem_parafac_scores,parafac_rank_selected,krr,"kernel=laplacian,alpha=0.1,gamma_scale=2.0,max_features=48,x_transform=l2,log_target=True",10,0.93008333,0.26272124,0.44204662,-0.054857387
rhamnose_gL,all_known,eem_parafac_scores,parafac_rank_selected,krr,"kernel=rbf,alpha=0.1,gamma_scale=2.0,max_features=192,x_transform=l2,log_target=True",10,0.93008333,0.26272124,0.44204662,-0.054857387
rhamnose_gL,all_known,eem_parafac_scores,parafac_rank_selected,krr,"kernel=laplacian,alpha=0.1,gamma_scale=2.0,max_features=192,x_transform=l2,log_target=True",10,0.93008333,0.26272124,0.44204662,-0.054857387
rhamnose_gL,all_known,parafac_raman_fusion_als_sg2_snv,als_sg2_snv+parafac,krr,"kernel=laplacian,alpha=0.1,gamma_scale=2.0,max_features=48,x_transform=l2,log_target=False",10,0.93018041,0.24569845,0.47484095,-0.069336361
rhamnose_gL,all_known,raman_preprocessed_als_sg2_snv,als_sg2_snv,krr,"kernel=laplacian,alpha=0.01,gamma_scale=1.0,max_features=48,x_transform=none,log_target=True",10,0.93037405,0.29925247,0.42663962,-0.047566079
rhamnose_gL,all_known,raman_preprocessed_als_sg0_snv_area,als_sg0_snv_area,weighted_knn,"k=5,metric=manhattan,max_features=192,x_transform=none,log_target=True",10,0.93044719,0.25709346,0.45059671,-0.13557989
rhamnose_gL,all_known,raman_preprocessed_als_sg2_snv,als_sg2_snv,krr,"kernel=rbf,alpha=0.1,gamma_scale=1.0,max_features=192,x_transform=l2,log_target=True",10,0.93048233,0.29522713,0.43485204,-0.055410331
rhamnose_gL,all_known,parafac_raman_fusion_als_sg2_snv,als_sg2_snv+parafac,weighted_knn,"k=5,metric=manhattan,max_features=48,x_transform=none,log_target=False",10,0.93085025,0.25369615,0.42971992,-0.062686222
rhamnose_gL,all_known,parafac_raman_fusion_als_sg0_snv_area,als_sg0_snv_area+parafac,krr,"kernel=rbf,alpha=0.01,gamma_scale=1.0,max_features=192,x_transform=none,log_target=False",10,0.93089905,0.17802039,0.55249484,-0.28897449
rhamnose_gL,all_known,raman_preprocessed_als_sg2_snv,als_sg2_snv,krr,"kernel=laplacian,alpha=0.1,gamma_scale=1.0,max_features=48,x_transform=l2,log_target=True",10,0.93094524,0.2982679,0.43137087,-0.049432073
rhamnose_gL,all_known,parafac_raman_fusion_als_sg2_snv,als_sg2_snv+parafac,krr,"kernel=rbf,alpha=0.1,gamma_scale=2.0,max_features=192,x_transform=l2,log_target=True",10,0.93099746,0.26844126,0.42512611,-0.04227953
rhamnose_gL,all_known,raman_preprocessed_als_sg2_snv,als_sg2_snv,krr,"kernel=rbf,alpha=0.1,gamma_scale=1.0,max_features=192,x_transform=none,log_target=True",10,0.93110495,0.29722215,0.42798329,-0.054833407
rhamnose_gL,all_known,raman_preprocessed_als_sg2_snv,als_sg2_snv,krr,"kernel=laplacian,alpha=0.01,gamma_scale=1.0,max_features=192,x_transform=none,log_target=False",10,0.93114821,0.28613135,0.48594445,-0.072467157
rhamnose_gL,all_known,raman_preprocessed_als_sg2_snv,als_sg2_snv,krr,"kernel=rbf,alpha=0.1,gamma_scale=2.0,max_features=48,x_transform=l2,log_target=True",10,0.93120997,0.30024326,0.42950266,-0.04717845
rhamnose_gL,all_known,parafac_raman_fusion_als_sg2_snv,als_sg2_snv+parafac,krr,"kernel=laplacian,alpha=0.1,gamma_scale=2.0,max_features=12,x_transform=l2,log_target=True",10,0.93127294,0.2665146,0.4274867,-0.045171739
rhamnose_gL,all_known,parafac_raman_fusion_als_sg0_snv_area,als_sg0_snv_area+parafac,krr,"kernel=rbf,alpha=0.01,gamma_scale=1.0,max_features=48,x_transform=none,log_target=False",10,0.93136619,0.20431953,0.55409509,-0.20983963
rhamnose_gL,all_known,raman_preprocessed_als_sg0_snv_area,als_sg0_snv_area,weighted_knn,"k=5,metric=manhattan,max_features=48,x_transform=none,log_target=True",10,0.93139771,0.25418294,0.43825173,-0.15445676
rhamnose_gL,all_known,raman_preprocessed_als_sg2_snv,als_sg2_snv,krr,"kernel=laplacian,alpha=0.01,gamma_scale=1.0,max_features=192,x_transform=l2,log_target=False",10,0.93141599,0.28415936,0.4885996,-0.075705114
rhamnose_gL,all_known,parafac_raman_fusion_als_sg2_snv,als_sg2_snv+parafac,krr,"kernel=rbf,alpha=0.01,gamma_scale=2.0,max_features=192,x_transform=l2,log_target=True",10,0.93154738,0.2679457,0.42538736,-0.044073215
rhamnose_gL,all_known,raman_preprocessed_als_sg0_snv_area,als_sg0_snv_area,krr,"kernel=rbf,alpha=0.1,gamma_scale=1.0,max_features=192,x_transform=none,log_target=False",10,0.93156856,0.22613429,0.53954049,-0.20915562
rhamnose_gL,all_known,raman_preprocessed_als_sg2_snv,als_sg2_snv,krr,"kernel=rbf,alpha=0.1,gamma_scale=2.0,max_features=48,x_transform=none,log_target=True",10,0.93160996,0.30056017,0.41313001,-0.049484281
rhamnose_gL,all_known,raman_preprocessed_als_sg2_snv,als_sg2_snv,krr,"kernel=rbf,alpha=0.01,gamma_scale=1.0,max_features=192,x_transform=none,log_target=True",10,0.93165256,0.29542744,0.42865938,-0.058748926
rhamnose_gL,all_known,raman_preprocessed_als_sg2_snv,als_sg2_snv,krr,"kernel=rbf,alpha=0.1,gamma_scale=2.0,max_features=192,x_transform=none,log_target=True",10,0.93167476,0.30186042,0.42179207,-0.050370057
rhamnose_gL,all_known,raman_preprocessed_als_sg2_snv,als_sg2_snv,krr,"kernel=rbf,alpha=0.1,gamma_scale=1.0,max_features=48,x_transform=none,log_target=True",10,0.93182058,0.29914784,0.42455946,-0.051230153
rhamnose_gL,all_known,raman_preprocessed_als_sg2_snv,als_sg2_snv,krr,"kernel=rbf,alpha=0.01,gamma_scale=1.0,max_features=192,x_transform=l2,log_target=True",10,0.93195688,0.29280191,0.43652099,-0.062479494
rhamnose_gL,all_known,raman_preprocessed_als_sg2_snv,als_sg2_snv,krr,"kernel=laplacian,alpha=0.01,gamma_scale=2.0,max_features=48,x_transform=none,log_target=False",10,0.93204755,0.28970466,0.45489926,-0.062191831
rhamnose_gL,all_known,parafac_raman_fusion_als_sg2_snv,als_sg2_snv+parafac,weighted_knn,"k=5,metric=manhattan,max_features=48,x_transform=none,log_target=True",10,0.93207866,0.26661123,0.41351207,-0.046409214
rhamnose_gL,all_known,raman_preprocessed_als_sg2_snv,als_sg2_snv,krr,"kernel=rbf,alpha=0.01,gamma_scale=2.0,max_features=192,x_transform=none,log_target=True",10,0.93211926,0.30147887,0.42183181,-0.051997088
rhamnose_gL,all_known,parafac_raman_fusion_als_sg2_snv,als_sg2_snv+parafac,krr,"kernel=rbf,alpha=0.1,gamma_scale=1.0,max_features=192,x_transform=l2,log_target=True",10,0.9322929,0.26330887,0.42749751,-0.051050172
rhamnose_gL,all_known,raman_preprocessed_als_sg2_snv,als_sg2_snv,krr,"kernel=rbf,alpha=0.01,gamma_scale=2.0,max_features=48,x_transform=none,log_target=True",10,0.93233818,0.29973495,0.41404878,-0.052403277
rhamnose_gL,all_known,parafac_raman_fusion_als_sg2_snv,als_sg2_snv+parafac,weighted_knn,"k=5,metric=manhattan,max_features=192,x_transform=none,log_target=True",10,0.93255525,0.2628604,0.39268942,-0.056001642
rhamnose_gL,all_known,raman_preprocessed_als_sg0_snv_area,als_sg0_snv_area,krr,"kernel=laplacian,alpha=0.1,gamma_scale=1.0,max_features=12,x_transform=l2,log_target=False",10,0.93335998,0.23262826,0.51872369,-0.18738097
rhamnose_gL,all_known,raman_preprocessed_als_sg0_snv_area,als_sg0_snv_area,krr,"kernel=rbf,alpha=0.01,gamma_scale=2.0,max_features=12,x_transform=l2,log_target=True",10,0.93338097,0.24100504,0.45870379,-0.16127862
rhamnose_gL,all_known,parafac_raman_fusion_als_sg2_snv,als_sg2_snv+parafac,krr,"kernel=laplacian,alpha=0.01,gamma_scale=2.0,max_features=48,x_transform=l2,log_target=False",10,0.93339852,0.24301096,0.47854064,-0.081803971
rhamnose_gL,all_known,raman_preprocessed_als_sg2_snv,als_sg2_snv,krr,"kernel=rbf,alpha=0.01,gamma_scale=2.0,max_features=48,x_transform=l2,log_target=True",10,0.93341413,0.29959018,0.4313085,-0.053746803
rhamnose_gL,all_known,eem_parafac_scores,parafac_rank_selected,krr,"kernel=rbf,alpha=0.1,gamma_scale=1.0,max_features=12,x_transform=none,log_target=False",10,0.93343128,0.24944647,0.48342643,-0.11526365
rhamnose_gL,all_known,eem_parafac_scores,parafac_rank_selected,krr,"kernel=rbf,alpha=0.1,gamma_scale=1.0,max_features=48,x_transform=none,log_target=False",10,0.93343128,0.24944647,0.48342643,-0.11526365
rhamnose_gL,all_known,eem_parafac_scores,parafac_rank_selected,krr,"kernel=rbf,alpha=0.1,gamma_scale=1.0,max_features=192,x_transform=none,log_target=False",10,0.93343128,0.24944647,0.48342643,-0.11526365
rhamnose_gL,all_known,parafac_raman_fusion_als_sg2_snv,als_sg2_snv+parafac,krr,"kernel=rbf,alpha=0.01,gamma_scale=1.0,max_features=192,x_transform=l2,log_target=True",10,0.93356819,0.26159646,0.42901866,-0.056350672
rhamnose_gL,all_known,parafac_raman_fusion_als_sg2_snv,als_sg2_snv+parafac,krr,"kernel=rbf,alpha=0.1,gamma_scale=1.0,max_features=192,x_transform=none,log_target=True",10,0.93357463,0.26532396,0.42026621,-0.051998267
rhamnose_gL,all_known,raman_preprocessed_als_sg2_snv,als_sg2_snv,weighted_knn,"k=5,metric=manhattan,max_features=192,x_transform=none,log_target=False",10,0.93360095,0.28689874,0.42061407,-0.081904653
rhamnose_gL,all_known,parafac_raman_fusion_als_sg2_snv,als_sg2_snv+parafac,krr,"kernel=laplacian,alpha=0.01,gamma_scale=2.0,max_features=12,x_transform=l2,log_target=True",10,0.93373492,0.26586647,0.42951375,-0.052492323
rhamnose_gL,all_known,eem_parafac_scores,parafac_rank_selected,krr,"kernel=rbf,alpha=0.01,gamma_scale=1.0,max_features=12,x_transform=none,log_target=True",10,0.93395566,0.27118048,0.4298921,-0.056451702
rhamnose_gL,all_known,eem_parafac_scores,parafac_rank_selected,krr,"kernel=rbf,alpha=0.01,gamma_scale=1.0,max_features=48,x_transform=none,log_target=True",10,0.93395566,0.27118048,0.4298921,-0.056451702
rhamnose_gL,all_known,eem_parafac_scores,parafac_rank_selected,krr,"kernel=rbf,alpha=0.01,gamma_scale=1.0,max_features=192,x_transform=none,log_target=True",10,0.93395566,0.27118048,0.4298921,-0.056451702
rhamnose_gL,all_known,parafac_raman_fusion_als_sg2_snv,als_sg2_snv+parafac,krr,"kernel=rbf,alpha=0.01,gamma_scale=1.0,max_features=192,x_transform=none,log_target=True",10,0.93400255,0.26421538,0.42078684,-0.054369044
rhamnose_gL,all_known,parafac_raman_fusion_als_sg2_snv,als_sg2_snv+parafac,krr,"kernel=laplacian,alpha=0.1,gamma_scale=1.0,max_features=12,x_transform=l2,log_target=True",10,0.9341449,0.26341921,0.43621494,-0.056378971
rhamnose_gL,all_known,raman_preprocessed_als_sg2_snv,als_sg2_snv,krr,"kernel=laplacian,alpha=0.01,gamma_scale=1.0,max_features=48,x_transform=l2,log_target=True",10,0.93416533,0.29638242,0.43367196,-0.060390042
rhamnose_gL,all_known,raman_preprocessed_als_sg2_snv,als_sg2_snv,krr,"kernel=rbf,alpha=0.01,gamma_scale=1.0,max_features=48,x_transform=none,log_target=True",10,0.93434246,0.29713384,0.42774345,-0.060823387
rhamnose_gL,all_known,parafac_raman_fusion_als_sg2_snv,als_sg2_snv+parafac,krr,"kernel=rbf,alpha=0.1,gamma_scale=2.0,max_features=192,x_transform=none,log_target=True",10,0.93497732,0.26925967,0.41577997,-0.05144615
rhamnose_gL,all_known,raman_preprocessed_als_sg2_snv,als_sg2_snv,krr,"kernel=laplacian,alpha=0.1,gamma_scale=2.0,max_features=12,x_transform=none,log_target=True",10,0.9351956,0.29404646,0.42161479,-0.073013351
rhamnose_gL,all_known,parafac_raman_fusion_als_sg2_snv,als_sg2_snv+parafac,krr,"kernel=rbf,alpha=0.01,gamma_scale=2.0,max_features=192,x_transform=none,log_target=True",10,0.93530316,0.26897296,0.4156699,-0.052476776
rhamnose_gL,all_known,parafac_raman_fusion_als_sg2_snv,als_sg2_snv+parafac,krr,"kernel=rbf,alpha=0.01,gamma_scale=1.0,max_features=48,x_transform=l2,log_target=True",10,0.93561231,0.24274395,0.44691987,-0.090133652
rhamnose_gL,all_known,parafac_raman_fusion_als_sg2_snv,als_sg2_snv+parafac,krr,"kernel=laplacian,alpha=0.1,gamma_scale=2.0,max_features=12,x_transform=none,log_target=True",10,0.93591486,0.26723792,0.4192953,-0.056397468
rhamnose_gL,all_known,raman_preprocessed_als_sg0_snv_area,als_sg0_snv_area,krr,"kernel=rbf,alpha=0.01,gamma_scale=1.0,max_features=192,x_transform=l2,log_target=False",10,0.93649518,0.23317847,0.54822636,-0.20490386
rhamnose_gL,all_known,raman_preprocessed_als_sg0_snv_area,als_sg0_snv_area,weighted_knn,"k=3,metric=correlation,max_features=12,x_transform=none,log_target=True",10,0.9365833,0.25348645,0.4599328,-0.14729903
rhamnose_gL,all_known,raman_preprocessed_als_sg0_snv_area,als_sg0_snv_area,weighted_knn,"k=3,metric=correlation,max_features=12,x_transform=l2,log_target=True",10,0.9365833,0.25348645,0.4599328,-0.14729903
rhamnose_gL,all_known,raman_preprocessed_als_sg2_snv,als_sg2_snv,krr,"kernel=rbf,alpha=0.1,gamma_scale=1.0,max_features=48,x_transform=l2,log_target=True",10,0.93676733,0.29582437,0.44338837,-0.06742088
rhamnose_gL,all_known,raman_preprocessed_als_sg2_snv,als_sg2_snv,krr,"kernel=laplacian,alpha=0.1,gamma_scale=2.0,max_features=12,x_transform=l2,log_target=True",10,0.93708948,0.28952629,0.43442947,-0.085659362
rhamnose_gL,all_known,raman_preprocessed_als_sg2_snv,als_sg2_snv,weighted_knn,"k=5,metric=manhattan,max_features=12,x_transform=none,log_target=False",10,0.93710611,0.28305711,0.45206358,-0.10688557
rhamnose_gL,all_known,raman_preprocessed_als_sg2_snv,als_sg2_snv,weighted_knn,"k=5,metric=manhattan,max_features=192,x_transform=l2,log_target=False",10,0.93745839,0.27497443,0.43806457,-0.097883857
rhamnose_gL,all_known,raman_preprocessed_als_sg2_snv,als_sg2_snv,krr,"kernel=laplacian,alpha=0.1,gamma_scale=2.0,max_features=48,x_transform=l2,log_target=False",10,0.93746734,0.28134596,0.47535328,-0.087069803
rhamnose_gL,all_known,parafac_raman_fusion_als_sg0_snv_area,als_sg0_snv_area+parafac,weighted_knn,"k=5,metric=manhattan,max_features=192,x_transform=l2,log_target=True",10,0.93747481,0.26189108,0.42274242,-0.070255782
rhamnose_gL,all_known,raman_preprocessed_als_sg0_snv_area,als_sg0_snv_area,weighted_knn,"k=5,metric=correlation,max_features=48,x_transform=none,log_target=False",10,0.93763262,0.21753735,0.50287996,-0.26642075
rhamnose_gL,all_known,raman_preprocessed_als_sg0_snv_area,als_sg0_snv_area,weighted_knn,"k=5,metric=correlation,max_features=48,x_transform=l2,log_target=False",10,0.93763262,0.21753735,0.50287996,-0.26642075
rhamnose_gL,all_known,parafac_raman_fusion_als_sg2_snv,als_sg2_snv+parafac,weighted_knn,"k=3,metric=manhattan,max_features=48,x_transform=none,log_target=True",10,0.93770545,0.26762327,0.42130373,-0.063124967
rhamnose_gL,all_known,parafac_raman_fusion_als_sg2_snv,als_sg2_snv+parafac,krr,"kernel=laplacian,alpha=0.01,gamma_scale=2.0,max_features=12,x_transform=none,log_target=True",10,0.9377682,0.26632766,0.42142669,-0.062648773
rhamnose_gL,all_known,raman_preprocessed_als_sg2_snv,als_sg2_snv,krr,"kernel=laplacian,alpha=0.01,gamma_scale=2.0,max_features=12,x_transform=none,log_target=True",10,0.93786239,0.29203567,0.42340755,-0.084126601
rhamnose_gL,all_known,raman_preprocessed_als_sg2_snv,als_sg2_snv,weighted_knn,"k=3,metric=manhattan,max_features=192,x_transform=none,log_target=False",10,0.93888371,0.27346355,0.41707013,-0.11217058
rhamnose_gL,all_known,parafac_raman_fusion_als_sg2_snv,als_sg2_snv+parafac,krr,"kernel=rbf,alpha=0.1,gamma_scale=2.0,max_features=48,x_transform=none,log_target=False",10,0.93889151,0.24967274,0.45092904,-0.083977284
rhamnose_gL,all_known,raman_preprocessed_als_sg0_snv_area,als_sg0_snv_area,krr,"kernel=rbf,alpha=0.1,gamma_scale=1.0,max_features=48,x_transform=l2,log_target=False",10,0.93890391,0.27654228,0.52750453,-0.13867491
rhamnose_gL,all_known,parafac_raman_fusion_als_sg2_snv,als_sg2_snv+parafac,weighted_knn,"k=5,metric=manhattan,max_features=192,x_transform=l2,log_target=False",10,0.93949086,0.25578713,0.43934155,-0.083572071
rhamnose_gL,all_known,eem_parafac_scores,parafac_rank_selected,krr,"kernel=rbf,alpha=0.1,gamma_scale=2.0,max_features=12,x_transform=none,log_target=False",10,0.93968861,0.25156158,0.47582981,-0.13695028
rhamnose_gL,all_known,eem_parafac_scores,parafac_rank_selected,krr,"kernel=rbf,alpha=0.1,gamma_scale=2.0,max_features=48,x_transform=none,log_target=False",10,0.93968861,0.25156158,0.47582981,-0.13695028
rhamnose_gL,all_known,eem_parafac_scores,parafac_rank_selected,krr,"kernel=rbf,alpha=0.1,gamma_scale=2.0,max_features=192,x_transform=none,log_target=False",10,0.93968861,0.25156158,0.47582981,-0.13695028
rhamnose_gL,all_known,parafac_raman_fusion_als_sg0_snv_area,als_sg0_snv_area+parafac,weighted_knn,"k=3,metric=manhattan,max_features=48,x_transform=none,log_target=False",10,0.93975372,0.24921127,0.46531526,-0.11830243
rhamnose_gL,all_known,raman_preprocessed_als_sg2_snv,als_sg2_snv,weighted_knn,"k=3,metric=manhattan,max_features=12,x_transform=none,log_target=True",10,0.94032605,0.29404174,0.43499283,-0.101457
rhamnose_gL,all_known,parafac_raman_fusion_als_sg2_snv,als_sg2_snv+parafac,krr,"kernel=laplacian,alpha=0.1,gamma_scale=1.0,max_features=48,x_transform=none,log_target=False",10,0.94046893,0.23127143,0.48676778,-0.12093079
rhamnose_gL,all_known,parafac_raman_fusion_als_sg2_snv,als_sg2_snv+parafac,krr,"kernel=rbf,alpha=0.1,gamma_scale=2.0,max_features=192,x_transform=l2,log_target=False",10,0.94059992,0.24972603,0.48437771,-0.092271242
rhamnose_gL,all_known,parafac_raman_fusion_als_sg2_snv,als_sg2_snv+parafac,krr,"kernel=laplacian,alpha=0.01,gamma_scale=1.0,max_features=12,x_transform=l2,log_target=True",10,0.9407418,0.26273872,0.44178849,-0.07481717
rhamnose_gL,all_known,raman_preprocessed_als_sg2_snv,als_sg2_snv,krr,"kernel=rbf,alpha=0.1,gamma_scale=2.0,max_features=192,x_transform=l2,log_target=False",10,0.94111342,0.2843925,0.49259536,-0.0985887
rhamnose_gL,all_known,raman_preprocessed_als_sg2_snv,als_sg2_snv,krr,"kernel=laplacian,alpha=0.1,gamma_scale=1.0,max_features=12,x_transform=none,log_target=True",10,0.9411664,0.28983962,0.4325448,-0.097929455
rhamnose_gL,all_known,parafac_raman_fusion_als_sg2_snv,als_sg2_snv+parafac,krr,"kernel=laplacian,alpha=0.1,gamma_scale=1.0,max_features=12,x_transform=none,log_target=True",10,0.94120609,0.26358196,0.43377837,-0.075012495
rhamnose_gL,all_known,eem_parafac_scores,parafac_rank_selected,krr,"kernel=rbf,alpha=0.01,gamma_scale=2.0,max_features=12,x_transform=none,log_target=False",10,0.94122087,0.26291302,0.47368196,-0.1447255
rhamnose_gL,all_known,eem_parafac_scores,parafac_rank_selected,krr,"kernel=rbf,alpha=0.01,gamma_scale=2.0,max_features=48,x_transform=none,log_target=False",10,0.94122087,0.26291302,0.47368196,-0.1447255
rhamnose_gL,all_known,eem_parafac_scores,parafac_rank_selected,krr,"kernel=rbf,alpha=0.01,gamma_scale=2.0,max_features=192,x_transform=none,log_target=False",10,0.94122087,0.26291302,0.47368196,-0.1447255
rhamnose_gL,all_known,parafac_raman_fusion_als_sg2_snv,als_sg2_snv+parafac,weighted_knn,"k=5,metric=manhattan,max_features=12,x_transform=none,log_target=True",10,0.94136302,0.26686818,0.43533703,-0.083317338
rhamnose_gL,all_known,raman_preprocessed_als_sg2_snv,als_sg2_snv,krr,"kernel=laplacian,alpha=0.01,gamma_scale=2.0,max_features=12,x_transform=l2,log_target=True",10,0.94145489,0.28674103,0.43775742,-0.10283696
rhamnose_gL,all_known,raman_preprocessed_als_sg0_snv_area,als_sg0_snv_area,weighted_knn,"k=5,metric=correlation,max_features=192,x_transform=none,log_target=True",10,0.94157355,0.27363273,0.43325808,-0.11746683
rhamnose_gL,all_known,raman_preprocessed_als_sg0_snv_area,als_sg0_snv_area,weighted_knn,"k=5,metric=correlation,max_features=192,x_transform=l2,log_target=True",10,0.94157355,0.27363273,0.43325808,-0.11746683
rhamnose_gL,all_known,parafac_raman_fusion_als_sg2_snv,als_sg2_snv+parafac,krr,"kernel=rbf,alpha=0.1,gamma_scale=2.0,max_features=192,x_transform=none,log_target=False",10,0.94173171,0.25325474,0.46969009,-0.089887157
rhamnose_gL,all_known,raman_preprocessed_als_sg2_snv,als_sg2_snv,krr,"kernel=laplacian,alpha=0.01,gamma_scale=2.0,max_features=48,x_transform=l2,log_target=False",10,0.94174384,0.27928996,0.4782197,-0.10134408
rhamnose_gL,all_known,raman_preprocessed_als_sg2_snv,als_sg2_snv,krr,"kernel=rbf,alpha=0.1,gamma_scale=2.0,max_features=192,x_transform=none,log_target=False",10,0.94176398,0.28817338,0.47966766,-0.095125097
rhamnose_gL,all_known,raman_preprocessed_als_sg0_snv_area,als_sg0_snv_area,krr,"kernel=laplacian,alpha=0.1,gamma_scale=1.0,max_features=12,x_transform=none,log_target=False",10,0.94178887,0.24691432,0.50227116,-0.1696565
rhamnose_gL,all_known,parafac_raman_fusion_als_sg0_snv_area,als_sg0_snv_area+parafac,weighted_knn,"k=3,metric=manhattan,max_features=192,x_transform=none,log_target=True",10,0.9419516,0.24778906,0.44022732,-0.15613231
rhamnose_gL,all_known,parafac_raman_fusion_als_sg2_snv,als_sg2_snv+parafac,krr,"kernel=rbf,alpha=0.01,gamma_scale=2.0,max_features=48,x_transform=none,log_target=False",10,0.94207615,0.24706246,0.45686758,-0.096386107
rhamnose_gL,all_known,parafac_raman_fusion_als_sg2_snv,als_sg2_snv+parafac,krr,"kernel=laplacian,alpha=0.1,gamma_scale=2.0,max_features=12,x_transform=none,log_target=False",10,0.94225095,0.24773999,0.45877219,-0.10055158
rhamnose_gL,all_known,raman_preprocessed_als_sg0_snv_area,als_sg0_snv_area,krr,"kernel=rbf,alpha=0.01,gamma_scale=1.0,max_features=12,x_transform=l2,log_target=True",10,0.94248388,0.23606854,0.47403565,-0.19254786
rhamnose_gL,all_known,parafac_raman_fusion_als_sg0_snv_area,als_sg0_snv_area+parafac,weighted_knn,"k=1,metric=manhattan,max_features=12,x_transform=l2,log_target=False",10,0.94288285,0.28202422,0.42351316,-0.57162901
rhamnose_gL,all_known,parafac_raman_fusion_als_sg0_snv_area,als_sg0_snv_area+parafac,weighted_knn,"k=1,metric=manhattan,max_features=12,x_transform=l2,log_target=True",10,0.94288285,0.28202422,0.42351316,-0.57162901
rhamnose_gL,all_known,raman_preprocessed_als_sg0_snv_area,als_sg0_snv_area,weighted_knn,"k=3,metric=manhattan,max_features=48,x_transform=l2,log_target=True",10,0.94348178,0.23928964,0.46852135,-0.24520264
rhamnose_gL,all_known,parafac_raman_fusion_als_sg2_snv,als_sg2_snv+parafac,weighted_knn,"k=5,metric=manhattan,max_features=192,x_transform=none,log_target=False",10,0.94356444,0.24450606,0.41984183,-0.11563379
rhamnose_gL,all_known,raman_preprocessed_als_sg0_snv_area,als_sg0_snv_area,weighted_knn,"k=5,metric=manhattan,max_features=192,x_transform=l2,log_target=True",10,0.94366924,0.28581146,0.43123939,-0.10731243
rhamnose_gL,all_known,parafac_raman_fusion_als_sg2_snv,als_sg2_snv+parafac,krr,"kernel=rbf,alpha=0.1,gamma_scale=1.0,max_features=12,x_transform=none,log_target=True",10,0.94377745,0.26140245,0.43211788,-0.087708647
rhamnose_gL,all_known,parafac_raman_fusion_als_sg2_snv,als_sg2_snv+parafac,weighted_knn,"k=5,metric=correlation,max_features=192,x_transform=none,log_target=True",10,0.94383785,0.26102907,0.43696135,-0.091005831
rhamnose_gL,all_known,parafac_raman_fusion_als_sg2_snv,als_sg2_snv+parafac,weighted_knn,"k=5,metric=correlation,max_features=192,x_transform=l2,log_target=True",10,0.94383785,0.26102907,0.43696135,-0.091005831
rhamnose_gL,all_known,parafac_raman_fusion_als_sg2_snv,als_sg2_snv+parafac,weighted_knn,"k=5,metric=manhattan,max_features=48,x_transform=l2,log_target=True",10,0.94389489,0.26308965,0.45364417,-0.088006837
rhamnose_gL,all_known,raman_preprocessed_als_sg2_snv,als_sg2_snv,krr,"kernel=rbf,alpha=0.1,gamma_scale=2.0,max_features=48,x_transform=none,log_target=False",10,0.94405951,0.29194169,0.45060687,-0.092078314
rhamnose_gL,all_known,raman_preprocessed_als_sg2_snv,als_sg2_snv,weighted_knn,"k=5,metric=manhattan,max_features=48,x_transform=none,log_target=True",10,0.94415193,0.30614619,0.42417455,-0.081804507
rhamnose_gL,all_known,raman_preprocessed_als_sg2_snv,als_sg2_snv,krr,"kernel=rbf,alpha=0.01,gamma_scale=1.0,max_features=48,x_transform=l2,log_target=True",10,0.9442428,0.29443592,0.45199318,-0.090136513
rhamnose_gL,all_known,raman_preprocessed_als_sg0_snv_area,als_sg0_snv_area,weighted_knn,"k=5,metric=manhattan,max_features=48,x_transform=l2,log_target=False",10,0.94455134,0.23509007,0.5095511,-0.27189192
rhamnose_gL,all_known,parafac_raman_fusion_als_sg2_snv,als_sg2_snv+parafac,krr,"kernel=rbf,alpha=0.1,gamma_scale=2.0,max_features=12,x_transform=none,log_target=True",10,0.94459882,0.26277409,0.42359213,-0.088088483
rhamnose_gL,all_known,parafac_raman_fusion_als_sg2_snv,als_sg2_snv+parafac,krr,"kernel=rbf,alpha=0.01,gamma_scale=2.0,max_features=192,x_transform=l2,log_target=False",10,0.94461189,0.24784213,0.48762837,-0.10531714
rhamnose_gL,all_known,raman_preprocessed_als_sg0_snv_area,als_sg0_snv_area,weighted_knn,"k=5,metric=manhattan,max_features=12,x_transform=l2,log_target=False",10,0.94511015,0.1994585,0.51206333,-0.37322296
rhamnose_gL,all_known,parafac_raman_fusion_als_sg2_snv,als_sg2_snv+parafac,krr,"kernel=rbf,alpha=0.01,gamma_scale=2.0,max_features=192,x_transform=none,log_target=False",10,0.94516535,0.25159731,0.47233126,-0.10100538
rhamnose_gL,all_known,raman_preprocessed_als_sg2_snv,als_sg2_snv,krr,"kernel=rbf,alpha=0.01,gamma_scale=2.0,max_features=192,x_transform=none,log_target=False",10,0.94542624,0.28687788,0.48226027,-0.10692621
rhamnose_gL,all_known,raman_preprocessed_als_sg2_snv,als_sg2_snv,krr,"kernel=rbf,alpha=0.01,gamma_scale=2.0,max_features=192,x_transform=l2,log_target=False",10,0.94543511,0.28278368,0.49554929,-0.11274816
rhamnose_gL,all_known,raman_preprocessed_als_sg2_snv,als_sg2_snv,krr,"kernel=laplacian,alpha=0.1,gamma_scale=1.0,max_features=12,x_transform=l2,log_target=True",10,0.94554922,0.28418775,0.44639627,-0.11896697
rhamnose_gL,all_known,parafac_raman_fusion_als_sg0_snv_area,als_sg0_snv_area+parafac,krr,"kernel=rbf,alpha=0.01,gamma_scale=1.0,max_features=12,x_transform=none,log_target=False",10,0.94568109,0.16878729,0.57207896,-0.5955672
rhamnose_gL,all_known,parafac_raman_fusion_als_sg2_snv,als_sg2_snv+parafac,weighted_knn,"k=3,metric=manhattan,max_features=48,x_transform=none,log_target=False",10,0.94569808,0.25214922,0.44471913,-0.10561107
rhamnose_gL,all_known,parafac_raman_fusion_als_sg0_snv_area,als_sg0_snv_area+parafac,weighted_knn,"k=5,metric=manhattan,max_features=192,x_transform=none,log_target=False",10,0.94572681,0.19111635,0.49715791,-0.30224227
rhamnose_gL,all_known,raman_preprocessed_als_sg2_snv,als_sg2_snv,weighted_knn,"k=5,metric=correlation,max_features=192,x_transform=none,log_target=True",10,0.94591859,0.29598306,0.43552818,-0.099506359
rhamnose_gL,all_known,raman_preprocessed_als_sg2_snv,als_sg2_snv,weighted_knn,"k=5,metric=correlation,max_features=192,x_transform=l2,log_target=True",10,0.94591859,0.29598306,0.43552818,-0.099506359
rhamnose_gL,all_known,parafac_raman_fusion_als_sg2_snv,als_sg2_snv+parafac,krr,"kernel=laplacian,alpha=0.01,gamma_scale=2.0,max_features=12,x_transform=none,log_target=False",10,0.94643692,0.24612256,0.46324097,-0.11471675
rhamnose_gL,all_known,parafac_raman_fusion_als_sg2_snv,als_sg2_snv+parafac,weighted_knn,"k=5,metric=manhattan,max_features=12,x_transform=none,log_target=False",10,0.9468051,0.25832376,0.46163827,-0.11983688
rhamnose_gL,all_known,raman_preprocessed_als_sg2_snv,als_sg2_snv,weighted_knn,"k=5,metric=manhattan,max_features=48,x_transform=none,log_target=False",10,0.94739582,0.30010315,0.4470794,-0.098289029
rhamnose_gL,all_known,parafac_raman_fusion_als_sg2_snv,als_sg2_snv+parafac,krr,"kernel=laplacian,alpha=0.01,gamma_scale=1.0,max_features=12,x_transform=none,log_target=True",10,0.94749375,0.26202887,0.43904123,-0.094541791
rhamnose_gL,all_known,parafac_raman_fusion_als_sg2_snv,als_sg2_snv+parafac,krr,"kernel=laplacian,alpha=0.01,gamma_scale=1.0,max_features=48,x_transform=none,log_target=False",10,0.94751778,0.22590809,0.49655021,-0.15054314
rhamnose_gL,all_known,raman_preprocessed_als_sg2_snv,als_sg2_snv,krr,"kernel=rbf,alpha=0.01,gamma_scale=2.0,max_features=48,x_transform=none,log_target=False",10,0.94763221,0.29059375,0.45481639,-0.10361332
rhamnose_gL,all_known,raman_preprocessed_als_sg0_snv_area,als_sg0_snv_area,krr,"kernel=rbf,alpha=0.01,gamma_scale=1.0,max_features=12,x_transform=none,log_target=True",10,0.94816669,0.22997745,0.47693926,-0.21383232
rhamnose_gL,all_known,raman_preprocessed_als_sg0_snv_area,als_sg0_snv_area,krr,"kernel=rbf,alpha=0.1,gamma_scale=1.0,max_features=48,x_transform=none,log_target=False",10,0.94837407,0.27276046,0.536296,-0.17569813
rhamnose_gL,all_known,parafac_raman_fusion_als_sg2_snv,als_sg2_snv+parafac,weighted_knn,"k=3,metric=manhattan,max_features=192,x_transform=none,log_target=False",10,0.94891135,0.24897518,0.4362793,-0.11357281
rhamnose_gL,all_known,raman_preprocessed_als_sg2_snv,als_sg2_snv,krr,"kernel=laplacian,alpha=0.01,gamma_scale=1.0,max_features=12,x_transform=none,log_target=True",10,0.9489602,0.28565831,0.43817999,-0.12911902
rhamnose_gL,all_known,parafac_raman_fusion_als_sg0_snv_area,als_sg0_snv_area+parafac,weighted_knn,"k=3,metric=correlation,max_features=192,x_transform=none,log_target=True",10,0.94962519,0.23164888,0.43512105,-0.15040021
rhamnose_gL,all_known,parafac_raman_fusion_als_sg0_snv_area,als_sg0_snv_area+parafac,weighted_knn,"k=3,metric=correlation,max_features=192,x_transform=l2,log_target=True",10,0.94962519,0.23164888,0.43512105,-0.15040021
rhamnose_gL,all_known,parafac_raman_fusion_als_sg2_snv,als_sg2_snv+parafac,weighted_knn,"k=5,metric=correlation,max_features=48,x_transform=l2,log_target=True",10,0.94997376,0.25582211,0.45287164,-0.10822377
rhamnose_gL,all_known,parafac_raman_fusion_als_sg2_snv,als_sg2_snv+parafac,weighted_knn,"k=5,metric=correlation,max_features=48,x_transform=none,log_target=True",10,0.94997376,0.25582211,0.45287164,-0.10822377
rhamnose_gL,all_known,raman_preprocessed_als_sg0_snv_area,als_sg0_snv_area,weighted_knn,"k=3,metric=manhattan,max_features=12,x_transform=none,log_target=True",10,0.95007688,0.24623031,0.45168476,-0.19122258
rhamnose_gL,all_known,raman_preprocessed_als_sg2_snv,als_sg2_snv,krr,"kernel=laplacian,alpha=0.1,gamma_scale=1.0,max_features=48,x_transform=none,log_target=False",10,0.95075043,0.27728336,0.48369072,-0.13068212
rhamnose_gL,all_known,raman_preprocessed_als_sg2_snv,als_sg2_snv,krr,"kernel=laplacian,alpha=0.1,gamma_scale=2.0,max_features=12,x_transform=none,log_target=False",10,0.95113565,0.27234856,0.46272927,-0.14994099
rhamnose_gL,all_known,parafac_raman_fusion_als_sg2_snv,als_sg2_snv+parafac,krr,"kernel=rbf,alpha=0.01,gamma_scale=2.0,max_features=12,x_transform=none,log_target=True",10,0.95155466,0.26188247,0.4340762,-0.11082944
rhamnose_gL,all_known,raman_preprocessed_als_sg0_snv_area,als_sg0_snv_area,krr,"kernel=rbf,alpha=0.1,gamma_scale=2.0,max_features=12,x_transform=none,log_target=False",10,0.95164887,0.21989382,0.51917427,-0.27870664
rhamnose_gL,all_known,parafac_raman_fusion_als_sg2_snv,als_sg2_snv+parafac,krr,"kernel=laplacian,alpha=0.1,gamma_scale=1.0,max_features=48,x_transform=l2,log_target=False",10,0.95213582,0.22322959,0.51200203,-0.16794338
rhamnose_gL,all_known,raman_preprocessed_als_sg0_snv_area,als_sg0_snv_area,weighted_knn,"k=3,metric=manhattan,max_features=48,x_transform=none,log_target=True",10,0.95232147,0.24153342,0.45897561,-0.22999287
rhamnose_gL,all_known,raman_preprocessed_als_sg2_snv,als_sg2_snv,weighted_knn,"k=3,metric=manhattan,max_features=48,x_transform=none,log_target=True",10,0.9524996,0.28889134,0.43058552,-0.13016818
rhamnose_gL,all_known,parafac_raman_fusion_als_sg2_snv,als_sg2_snv+parafac,krr,"kernel=rbf,alpha=0.1,gamma_scale=1.0,max_features=12,x_transform=l2,log_target=True",10,0.95325274,0.26083683,0.44649052,-0.10965051
rhamnose_gL,all_known,raman_preprocessed_als_sg2_snv,als_sg2_snv,weighted_knn,"k=5,metric=manhattan,max_features=48,x_transform=l2,log_target=True",10,0.95474407,0.27718595,0.46523515,-0.14903614
rhamnose_gL,all_known,raman_preprocessed_als_sg0_snv_area,als_sg0_snv_area,krr,"kernel=rbf,alpha=0.01,gamma_scale=1.0,max_features=192,x_transform=none,log_target=False",10,0.95536379,0.21146429,0.5697528,-0.33859457
rhamnose_gL,all_known,parafac_raman_fusion_als_sg2_snv,als_sg2_snv+parafac,krr,"kernel=laplacian,alpha=0.1,gamma_scale=2.0,max_features=12,x_transform=l2,log_target=False",10,0.95541884,0.23272621,0.49113651,-0.1597583
rhamnose_gL,all_known,raman_preprocessed_als_sg0_snv_area,als_sg0_snv_area,weighted_knn,"k=5,metric=manhattan,max_features=12,x_transform=none,log_target=False",10,0.95585401,0.21687661,0.48308336,-0.30694882
rhamnose_gL,all_known,raman_preprocessed_als_sg0_snv_area,als_sg0_snv_area,weighted_knn,"k=5,metric=correlation,max_features=12,x_transform=none,log_target=False",10,0.95600133,0.19197715,0.50859577,-0.36774836
rhamnose_gL,all_known,raman_preprocessed_als_sg0_snv_area,als_sg0_snv_area,weighted_knn,"k=5,metric=correlation,max_features=12,x_transform=l2,log_target=False",10,0.95600133,0.19197715,0.50859577,-0.36774836
rhamnose_gL,all_known,raman_preprocessed_als_sg2_snv,als_sg2_snv,weighted_knn,"k=3,metric=manhattan,max_features=12,x_transform=none,log_target=False",10,0.95629523,0.27651457,0.46121754,-0.18739457
rhamnose_gL,all_known,raman_preprocessed_als_sg2_snv,als_sg2_snv,krr,"kernel=laplacian,alpha=0.01,gamma_scale=1.0,max_features=12,x_transform=l2,log_target=True",10,0.95668936,0.27835823,0.45487419,-0.16241027
rhamnose_gL,all_known,raman_preprocessed_als_sg2_snv,als_sg2_snv,krr,"kernel=laplacian,alpha=0.01,gamma_scale=2.0,max_features=12,x_transform=none,log_target=False",10,0.95690281,0.26954242,0.46732771,-0.17264953
rhamnose_gL,all_known,parafac_raman_fusion_als_sg2_snv,als_sg2_snv+parafac,krr,"kernel=rbf,alpha=0.1,gamma_scale=2.0,max_features=12,x_transform=l2,log_target=True",10,0.95722584,0.26568135,0.44457623,-0.11497198
rhamnose_gL,all_known,parafac_raman_fusion_als_sg2_snv,als_sg2_snv+parafac,weighted_knn,"k=3,metric=manhattan,max_features=192,x_transform=l2,log_target=False",10,0.95781174,0.25845506,0.45186511,-0.12444171
rhamnose_gL,all_known,raman_preprocessed_als_sg2_snv,als_sg2_snv,weighted_knn,"k=5,metric=correlation,max_features=48,x_transform=none,log_target=True",10,0.9578329,0.28788461,0.46518562,-0.13934226
rhamnose_gL,all_known,raman_preprocessed_als_sg2_snv,als_sg2_snv,weighted_knn,"k=5,metric=correlation,max_features=48,x_transform=l2,log_target=True",10,0.9578329,0.28788461,0.46518562,-0.13934226
rhamnose_gL,all_known,raman_preprocessed_als_sg2_snv,als_sg2_snv,weighted_knn,"k=3,metric=manhattan,max_features=192,x_transform=l2,log_target=False",10,0.95794549,0.27122122,0.4352748,-0.15819324
rhamnose_gL,all_known,raman_preprocessed_als_sg2_snv,als_sg2_snv,krr,"kernel=rbf,alpha=0.1,gamma_scale=1.0,max_features=12,x_transform=none,log_target=True",10,0.95794865,0.27474866,0.44707638,-0.16761411
rhamnose_gL,all_known,parafac_raman_fusion_als_sg2_snv,als_sg2_snv+parafac,weighted_knn,"k=5,metric=manhattan,max_features=12,x_transform=l2,log_target=True",10,0.95814718,0.25923072,0.45615203,-0.13334265
rhamnose_gL,all_known,parafac_raman_fusion_als_sg2_snv,als_sg2_snv+parafac,krr,"kernel=rbf,alpha=0.1,gamma_scale=2.0,max_features=48,x_transform=l2,log_target=False",10,0.95859329,0.23354495,0.50070139,-0.16345326
rhamnose_gL,all_known,raman_preprocessed_als_sg0_snv_area,als_sg0_snv_area,weighted_knn,"k=5,metric=manhattan,max_features=48,x_transform=none,log_target=False",10,0.95883425,0.22512181,0.49373747,-0.37290293
rhamnose_gL,all_known,parafac_raman_fusion_als_sg2_snv,als_sg2_snv+parafac,weighted_knn,"k=3,metric=manhattan,max_features=12,x_transform=none,log_target=True",10,0.95885986,0.26640884,0.44283192,-0.14016317
rhamnose_gL,all_known,raman_preprocessed_als_sg2_snv,als_sg2_snv,weighted_knn,"k=3,metric=manhattan,max_features=48,x_transform=none,log_target=False",10,0.95935492,0.28096913,0.45088961,-0.16149804
rhamnose_gL,all_known,parafac_raman_fusion_als_sg0_snv_area,als_sg0_snv_area+parafac,krr,"kernel=rbf,alpha=0.01,gamma_scale=1.0,max_features=12,x_transform=l2,log_target=False",10,0.95940584,0.18056163,0.62937579,-0.54141725
rhamnose_gL,all_known,raman_preprocessed_als_sg2_snv,als_sg2_snv,krr,"kernel=laplacian,alpha=0.01,gamma_scale=1.0,max_features=48,x_transform=none,log_target=False",10,0.95971533,0.27323023,0.49308711,-0.16205886
rhamnose_gL,all_known,raman_preprocessed_als_sg2_snv,als_sg2_snv,krr,"kernel=rbf,alpha=0.1,gamma_scale=2.0,max_features=12,x_transform=none,log_target=True",10,0.9597307,0.27743301,0.44279433,-0.16648384
rhamnose_gL,all_known,raman_preprocessed_als_sg0_snv_area,als_sg0_snv_area,krr,"kernel=rbf,alpha=0.1,gamma_scale=1.0,max_features=12,x_transform=l2,log_target=False",10,0.96066609,0.21835175,0.54049913,-0.32851005
rhamnose_gL,all_known,parafac_raman_fusion_als_sg2_snv,als_sg2_snv+parafac,krr,"kernel=rbf,alpha=0.1,gamma_scale=1.0,max_features=48,x_transform=none,log_target=False",10,0.96113981,0.22463775,0.50216538,-0.18529123
rhamnose_gL,all_known,raman_preprocessed_als_sg0_snv_area,als_sg0_snv_area,krr,"kernel=laplacian,alpha=0.01,gamma_scale=1.0,max_features=12,x_transform=l2,log_target=False",10,0.96143879,0.21998592,0.54994044,-0.30242009
rhamnose_gL,all_known,parafac_raman_fusion_als_sg2_snv,als_sg2_snv+parafac,krr,"kernel=rbf,alpha=0.1,gamma_scale=2.0,max_features=12,x_transform=none,log_target=False",10,0.96204442,0.2509011,0.47414481,-0.15399403
rhamnose_gL,all_known,parafac_raman_fusion_als_sg0_snv_area,als_sg0_snv_area+parafac,weighted_knn,"k=5,metric=manhattan,max_features=192,x_transform=l2,log_target=False",10,0.96255627,0.23807524,0.46853241,-0.18058888
rhamnose_gL,all_known,parafac_raman_fusion_als_sg2_snv,als_sg2_snv+parafac,krr,"kernel=laplacian,alpha=0.01,gamma_scale=2.0,max_features=12,x_transform=l2,log_target=False",10,0.96266134,0.23078991,0.4981926,-0.18390518
rhamnose_gL,all_known,parafac_raman_fusion_als_sg2_snv,als_sg2_snv+parafac,krr,"kernel=laplacian,alpha=0.01,gamma_scale=1.0,max_features=48,x_transform=l2,log_target=False",10,0.96279507,0.21615001,0.52568699,-0.21309894
rhamnose_gL,all_known,raman_preprocessed_als_sg0_snv_area,als_sg0_snv_area,krr,"kernel=laplacian,alpha=0.01,gamma_scale=1.0,max_features=12,x_transform=none,log_target=False",10,0.96283333,0.24045874,0.52129216,-0.24271574
rhamnose_gL,all_known,raman_preprocessed_als_sg0_snv_area,als_sg0_snv_area,weighted_knn,"k=3,metric=manhattan,max_features=192,x_transform=none,log_target=True",10,0.96289087,0.23186866,0.46282334,-0.29151818
rhamnose_gL,all_known,parafac_raman_fusion_als_sg2_snv,als_sg2_snv+parafac,krr,"kernel=laplacian,alpha=0.1,gamma_scale=1.0,max_features=12,x_transform=none,log_target=False",10,0.96309868,0.23507265,0.49419081,-0.17922325
rhamnose_gL,all_known,raman_preprocessed_als_sg0_snv_area,als_sg0_snv_area,weighted_knn,"k=3,metric=correlation,max_features=192,x_transform=none,log_target=True",10,0.96386007,0.27763951,0.44634917,-0.17712823
rhamnose_gL,all_known,raman_preprocessed_als_sg0_snv_area,als_sg0_snv_area,weighted_knn,"k=3,metric=correlation,max_features=192,x_transform=l2,log_target=True",10,0.96386007,0.27763951,0.44634917,-0.17712823
rhamnose_gL,all_known,parafac_raman_fusion_als_sg2_snv,als_sg2_snv+parafac,krr,"kernel=rbf,alpha=0.01,gamma_scale=1.0,max_features=12,x_transform=none,log_target=True",10,0.96442592,0.26274623,0.45722177,-0.15498179
rhamnose_gL,all_known,parafac_raman_fusion_als_sg2_snv,als_sg2_snv+parafac,krr,"kernel=rbf,alpha=0.1,gamma_scale=1.0,max_features=192,x_transform=none,log_target=False",10,0.96528409,0.23522699,0.50780342,-0.18127499
rhamnose_gL,all_known,raman_preprocessed_als_sg0_snv_area,als_sg0_snv_area,weighted_knn,"k=3,metric=correlation,max_features=48,x_transform=none,log_target=False",10,0.96568252,0.21568971,0.51856243,-0.41885864
rhamnose_gL,all_known,raman_preprocessed_als_sg0_snv_area,als_sg0_snv_area,weighted_knn,"k=3,metric=correlation,max_features=48,x_transform=l2,log_target=False",10,0.96568252,0.21568971,0.51856243,-0.41885864
rhamnose_gL,all_known,parafac_raman_fusion_als_sg0_snv_area,als_sg0_snv_area+parafac,weighted_knn,"k=3,metric=manhattan,max_features=192,x_transform=l2,log_target=True",10,0.96598326,0.2617833,0.44885133,-0.16250369
rhamnose_gL,all_known,parafac_raman_fusion_als_sg2_snv,als_sg2_snv+parafac,krr,"kernel=rbf,alpha=0.1,gamma_scale=1.0,max_features=192,x_transform=l2,log_target=False",10,0.96617334,0.23196283,0.5182332,-0.18943432
rhamnose_gL,all_known,raman_preprocessed_als_sg2_snv,als_sg2_snv,krr,"kernel=laplacian,alpha=0.1,gamma_scale=1.0,max_features=48,x_transform=l2,log_target=False",10,0.96621678,0.26497998,0.51105018,-0.19226283
rhamnose_gL,all_known,raman_preprocessed_als_sg2_snv,als_sg2_snv,krr,"kernel=rbf,alpha=0.1,gamma_scale=1.0,max_features=192,x_transform=none,log_target=False",10,0.96659122,0.2738018,0.51600135,-0.18634683
rhamnose_gL,all_known,parafac_raman_fusion_als_sg2_snv,als_sg2_snv+parafac,krr,"kernel=rbf,alpha=0.01,gamma_scale=2.0,max_features=48,x_transform=l2,log_target=False",10,0.96690395,0.2304826,0.5109917,-0.19285911
rhamnose_gL,all_known,raman_preprocessed_als_sg2_snv,als_sg2_snv,weighted_knn,"k=3,metric=correlation,max_features=192,x_transform=none,log_target=True",10,0.9673596,0.28324396,0.44320516,-0.18050101
rhamnose_gL,all_known,raman_preprocessed_als_sg2_snv,als_sg2_snv,weighted_knn,"k=3,metric=correlation,max_features=192,x_transform=l2,log_target=True",10,0.9673596,0.28324396,0.44320516,-0.18050101
rhamnose_gL,all_known,parafac_raman_fusion_als_sg2_snv,als_sg2_snv+parafac,weighted_knn,"k=5,metric=correlation,max_features=12,x_transform=none,log_target=True",10,0.96842381,0.24357516,0.45371265,-0.18124835
rhamnose_gL,all_known,parafac_raman_fusion_als_sg2_snv,als_sg2_snv+parafac,weighted_knn,"k=5,metric=correlation,max_features=12,x_transform=l2,log_target=True",10,0.96842381,0.24357516,0.45371265,-0.18124835
rhamnose_gL,all_known,raman_preprocessed_als_sg2_snv,als_sg2_snv,krr,"kernel=rbf,alpha=0.1,gamma_scale=1.0,max_features=192,x_transform=l2,log_target=False",10,0.96894915,0.26890197,0.52545012,-0.20052474
rhamnose_gL,all_known,raman_preprocessed_als_sg2_snv,als_sg2_snv,krr,"kernel=rbf,alpha=0.1,gamma_scale=2.0,max_features=48,x_transform=l2,log_target=False",10,0.96899918,0.27897679,0.49919059,-0.1771428
rhamnose_gL,all_known,eem_parafac_scores,parafac_rank_selected,krr,"kernel=laplacian,alpha=0.1,gamma_scale=1.0,max_features=12,x_transform=none,log_target=True",10,0.96935602,0.25786378,0.45849939,-0.1716604
rhamnose_gL,all_known,eem_parafac_scores,parafac_rank_selected,krr,"kernel=laplacian,alpha=0.1,gamma_scale=1.0,max_features=48,x_transform=none,log_target=True",10,0.96935602,0.25786378,0.45849939,-0.1716604
rhamnose_gL,all_known,eem_parafac_scores,parafac_rank_selected,krr,"kernel=laplacian,alpha=0.1,gamma_scale=1.0,max_features=192,x_transform=none,log_target=True",10,0.96935602,0.25786378,0.45849939,-0.1716604
rhamnose_gL,all_known,raman_preprocessed_als_sg2_snv,als_sg2_snv,weighted_knn,"k=5,metric=correlation,max_features=12,x_transform=none,log_target=True",10,0.97007232,0.26036755,0.46372707,-0.22897232
rhamnose_gL,all_known,raman_preprocessed_als_sg2_snv,als_sg2_snv,weighted_knn,"k=5,metric=correlation,max_features=12,x_transform=l2,log_target=True",10,0.97007232,0.26036755,0.46372707,-0.22897232
rhamnose_gL,all_known,raman_preprocessed_als_sg0_snv_area,als_sg0_snv_area,krr,"kernel=rbf,alpha=0.01,gamma_scale=1.0,max_features=48,x_transform=l2,log_target=False",10,0.97039813,0.27873396,0.56867241,-0.23819292
rhamnose_gL,all_known,raman_preprocessed_als_sg2_snv,als_sg2_snv,weighted_knn,"k=5,metric=manhattan,max_features=12,x_transform=l2,log_target=True",10,0.97113662,0.2604817,0.46676329,-0.23240748
rhamnose_gL,all_known,raman_preprocessed_als_sg2_snv,als_sg2_snv,krr,"kernel=rbf,alpha=0.1,gamma_scale=1.0,max_features=48,x_transform=none,log_target=False",10,0.97127062,0.28138477,0.49507165,-0.17972024
rhamnose_gL,all_known,parafac_raman_fusion_als_sg2_snv,als_sg2_snv+parafac,krr,"kernel=rbf,alpha=0.01,gamma_scale=1.0,max_features=48,x_transform=none,log_target=False",10,0.97143535,0.21904141,0.51998978,-0.22861295
rhamnose_gL,all_known,parafac_raman_fusion_als_sg2_snv,als_sg2_snv+parafac,weighted_knn,"k=3,metric=manhattan,max_features=12,x_transform=none,log_target=False",10,0.97151946,0.25095592,0.46558983,-0.2179596
rhamnose_gL,all_known,eem_parafac_scores,parafac_rank_selected,weighted_knn,"k=5,metric=correlation,max_features=12,x_transform=none,log_target=True",10,0.97241418,0.21067295,0.64160471,-0.27584371
rhamnose_gL,all_known,eem_parafac_scores,parafac_rank_selected,weighted_knn,"k=5,metric=correlation,max_features=12,x_transform=l2,log_target=True",10,0.97241418,0.21067295,0.64160471,-0.27584371
rhamnose_gL,all_known,eem_parafac_scores,parafac_rank_selected,weighted_knn,"k=5,metric=correlation,max_features=48,x_transform=none,log_target=True",10,0.97241418,0.21067295,0.64160471,-0.27584371
rhamnose_gL,all_known,eem_parafac_scores,parafac_rank_selected,weighted_knn,"k=5,metric=correlation,max_features=48,x_transform=l2,log_target=True",10,0.97241418,0.21067295,0.64160471,-0.27584371
rhamnose_gL,all_known,eem_parafac_scores,parafac_rank_selected,weighted_knn,"k=5,metric=correlation,max_features=192,x_transform=none,log_target=True",10,0.97241418,0.21067295,0.64160471,-0.27584371
rhamnose_gL,all_known,eem_parafac_scores,parafac_rank_selected,weighted_knn,"k=5,metric=correlation,max_features=192,x_transform=l2,log_target=True",10,0.97241418,0.21067295,0.64160471,-0.27584371
rhamnose_gL,all_known,raman_preprocessed_als_sg2_snv,als_sg2_snv,krr,"kernel=laplacian,alpha=0.1,gamma_scale=1.0,max_features=12,x_transform=none,log_target=False",10,0.97250946,0.26314882,0.49501837,-0.23104209
rhamnose_gL,all_known,raman_preprocessed_als_sg0_snv_area,als_sg0_snv_area,weighted_knn,"k=5,metric=manhattan,max_features=192,x_transform=none,log_target=False",10,0.97352633,0.19647808,0.52978707,-0.46122092
rhamnose_gL,all_known,raman_preprocessed_als_sg0_snv_area,als_sg0_snv_area,krr,"kernel=rbf,alpha=0.1,gamma_scale=1.0,max_features=12,x_transform=none,log_target=False",10,0.97376052,0.20947631,0.53639397,-0.36969004
rhamnose_gL,all_known,parafac_raman_fusion_als_sg2_snv,als_sg2_snv+parafac,krr,"kernel=rbf,alpha=0.01,gamma_scale=2.0,max_features=12,x_transform=l2,log_target=True",10,0.97423128,0.27010899,0.45686078,-0.15928885
rhamnose_gL,all_known,raman_preprocessed_als_sg0_snv_area,als_sg0_snv_area,krr,"kernel=rbf,alpha=0.1,gamma_scale=2.0,max_features=12,x_transform=l2,log_target=False",10,0.97430641,0.21047692,0.54157755,-0.38443652
rhamnose_gL,all_known,parafac_raman_fusion_als_sg2_snv,als_sg2_snv+parafac,krr,"kernel=laplacian,alpha=0.01,gamma_scale=1.0,max_features=12,x_transform=none,log_target=False",10,0.97457693,0.23406958,0.50618087,-0.21437474
rhamnose_gL,all_known,parafac_raman_fusion_als_sg2_snv,als_sg2_snv+parafac,krr,"kernel=rbf,alpha=0.1,gamma_scale=1.0,max_features=12,x_transform=none,log_target=False",10,0.97553907,0.23870219,0.49882313,-0.21159146
rhamnose_gL,all_known,raman_preprocessed_als_sg2_snv,als_sg2_snv,krr,"kernel=laplacian,alpha=0.1,gamma_scale=2.0,max_features=12,x_transform=l2,log_target=False",10,0.9759296,0.25481681,0.49929028,-0.25699017
rhamnose_gL,all_known,parafac_raman_fusion_als_sg2_snv,als_sg2_snv+parafac,krr,"kernel=laplacian,alpha=0.1,gamma_scale=1.0,max_features=12,x_transform=l2,log_target=False",10,0.97601284,0.21953272,0.52889605,-0.24281085
rhamnose_gL,all_known,raman_preprocessed_als_sg2_snv,als_sg2_snv,krr,"kernel=rbf,alpha=0.1,gamma_scale=1.0,max_features=12,x_transform=l2,log_target=True",10,0.97726179,0.26537175,0.46438521,-0.23549978
rhamnose_gL,all_known,parafac_raman_fusion_als_sg2_snv,als_sg2_snv+parafac,krr,"kernel=rbf,alpha=0.01,gamma_scale=1.0,max_features=192,x_transform=none,log_target=False",10,0.97763057,0.2281152,0.52330022,-0.2291886
rhamnose_gL,all_known,raman_preprocessed_als_sg2_snv,als_sg2_snv,krr,"kernel=rbf,alpha=0.01,gamma_scale=2.0,max_features=12,x_transform=none,log_target=True",10,0.97942088,0.27139728,0.46552191,-0.23202947
rhamnose_gL,all_known,raman_preprocessed_als_sg2_snv,als_sg2_snv,krr,"kernel=rbf,alpha=0.01,gamma_scale=2.0,max_features=48,x_transform=l2,log_target=False",10,0.9794525,0.27700834,0.50970822,-0.2105875
rhamnose_gL,all_known,raman_preprocessed_als_sg2_snv,als_sg2_snv,krr,"kernel=rbf,alpha=0.01,gamma_scale=1.0,max_features=192,x_transform=none,log_target=False",10,0.97975528,0.26794831,0.52973117,-0.23375259
rhamnose_gL,all_known,parafac_raman_fusion_als_sg2_snv,als_sg2_snv+parafac,krr,"kernel=rbf,alpha=0.01,gamma_scale=2.0,max_features=12,x_transform=none,log_target=False",10,0.97976756,0.25107238,0.50127535,-0.21049711
rhamnose_gL,all_known,parafac_raman_fusion_als_sg2_snv,als_sg2_snv+parafac,krr,"kernel=rbf,alpha=0.01,gamma_scale=1.0,max_features=192,x_transform=l2,log_target=False",10,0.9797996,0.22436733,0.53555626,-0.24273736
rhamnose_gL,all_known,raman_preprocessed_als_sg2_snv,als_sg2_snv,krr,"kernel=laplacian,alpha=0.01,gamma_scale=1.0,max_features=48,x_transform=l2,log_target=False",10,0.98012683,0.25842244,0.52615015,-0.2442967
rhamnose_gL,all_known,raman_preprocessed_als_sg0_snv_area,als_sg0_snv_area,weighted_knn,"k=5,metric=correlation,max_features=192,x_transform=none,log_target=False",10,0.98126854,0.2368466,0.48892689,-0.30163791
rhamnose_gL,all_known,raman_preprocessed_als_sg0_snv_area,als_sg0_snv_area,weighted_knn,"k=5,metric=correlation,max_features=192,x_transform=l2,log_target=False",10,0.98126854,0.2368466,0.48892689,-0.30163791
rhamnose_gL,all_known,parafac_raman_fusion_als_sg0_snv_area,als_sg0_snv_area+parafac,weighted_knn,"k=1,metric=manhattan,max_features=12,x_transform=none,log_target=False",10,0.98148411,0.19087624,0.41793421,-0.62625603
rhamnose_gL,all_known,parafac_raman_fusion_als_sg0_snv_area,als_sg0_snv_area+parafac,weighted_knn,"k=1,metric=manhattan,max_features=12,x_transform=none,log_target=True",10,0.98148411,0.19087624,0.41793421,-0.62625603
rhamnose_gL,all_known,raman_preprocessed_als_sg0_snv_area,als_sg0_snv_area,krr,"kernel=rbf,alpha=0.01,gamma_scale=1.0,max_features=48,x_transform=none,log_target=False",10,0.98160482,0.26893794,0.57843934,-0.29630108
rhamnose_gL,all_known,raman_preprocessed_als_sg0_snv_area,als_sg0_snv_area,weighted_knn,"k=3,metric=manhattan,max_features=12,x_transform=l2,log_target=False",10,0.98193444,0.22320958,0.52595319,-0.38284401
rhamnose_gL,all_known,raman_preprocessed_als_sg2_snv,als_sg2_snv,krr,"kernel=rbf,alpha=0.01,gamma_scale=1.0,max_features=48,x_transform=none,log_target=False",10,0.98286982,0.27705725,0.50753538,-0.21957924
rhamnose_gL,all_known,raman_preprocessed_als_sg2_snv,als_sg2_snv,krr,"kernel=rbf,alpha=0.01,gamma_scale=1.0,max_features=192,x_transform=l2,log_target=False",10,0.98378076,0.26220426,0.54107402,-0.2553219
rhamnose_gL,all_known,parafac_raman_fusion_als_sg2_snv,als_sg2_snv+parafac,weighted_knn,"k=3,metric=correlation,max_features=12,x_transform=none,log_target=True",10,0.98382918,0.21747572,0.47190642,-0.28093953
rhamnose_gL,all_known,parafac_raman_fusion_als_sg2_snv,als_sg2_snv+parafac,weighted_knn,"k=3,metric=correlation,max_features=12,x_transform=l2,log_target=True",10,0.98382918,0.21747572,0.47190642,-0.28093953
rhamnose_gL,all_known,raman_preprocessed_als_sg0_snv_area,als_sg0_snv_area,weighted_knn,"k=5,metric=manhattan,max_features=192,x_transform=l2,log_target=False",10,0.98395058,0.25079336,0.48597506,-0.29301489
rhamnose_gL,all_known,parafac_raman_fusion_als_sg2_snv,als_sg2_snv+parafac,weighted_knn,"k=3,metric=correlation,max_features=192,x_transform=none,log_target=True",10,0.9848459,0.24982726,0.46157724,-0.22136194
rhamnose_gL,all_known,parafac_raman_fusion_als_sg2_snv,als_sg2_snv+parafac,weighted_knn,"k=3,metric=correlation,max_features=192,x_transform=l2,log_target=True",10,0.9848459,0.24982726,0.46157724,-0.22136194
rhamnose_gL,all_known,raman_preprocessed_als_sg0_snv_area,als_sg0_snv_area,krr,"kernel=rbf,alpha=0.01,gamma_scale=2.0,max_features=12,x_transform=none,log_target=False",10,0.98522747,0.2099564,0.56601167,-0.41638025
rhamnose_gL,all_known,raman_preprocessed_als_sg2_snv,als_sg2_snv,krr,"kernel=laplacian,alpha=0.01,gamma_scale=2.0,max_features=12,x_transform=l2,log_target=False",10,0.98614688,0.25106351,0.50716727,-0.29732714
rhamnose_gL,all_known,parafac_raman_fusion_als_sg2_snv,als_sg2_snv+parafac,weighted_knn,"k=5,metric=correlation,max_features=192,x_transform=none,log_target=False",10,0.9863845,0.23374307,0.50106849,-0.26025064
rhamnose_gL,all_known,parafac_raman_fusion_als_sg2_snv,als_sg2_snv+parafac,weighted_knn,"k=5,metric=correlation,max_features=192,x_transform=l2,log_target=False",10,0.9863845,0.23374307,0.50106849,-0.26025064
rhamnose_gL,all_known,parafac_raman_fusion_als_sg0_snv_area,als_sg0_snv_area+parafac,weighted_knn,"k=1,metric=correlation,max_features=12,x_transform=none,log_target=False",10,0.98681822,0.32138802,0.47330263,-0.7154557
rhamnose_gL,all_known,parafac_raman_fusion_als_sg0_snv_area,als_sg0_snv_area+parafac,weighted_knn,"k=1,metric=correlation,max_features=12,x_transform=none,log_target=True",10,0.98681822,0.32138802,0.47330263,-0.7154557
rhamnose_gL,all_known,parafac_raman_fusion_als_sg0_snv_area,als_sg0_snv_area+parafac,weighted_knn,"k=1,metric=correlation,max_features=12,x_transform=l2,log_target=False",10,0.98681822,0.32138802,0.47330263,-0.7154557
rhamnose_gL,all_known,parafac_raman_fusion_als_sg0_snv_area,als_sg0_snv_area+parafac,weighted_knn,"k=1,metric=correlation,max_features=12,x_transform=l2,log_target=True",10,0.98681822,0.32138802,0.47330263,-0.7154557
rhamnose_gL,all_known,raman_preprocessed_als_sg2_snv,als_sg2_snv,krr,"kernel=laplacian,alpha=0.01,gamma_scale=1.0,max_features=12,x_transform=none,log_target=False",10,0.98693049,0.25922,0.5099019,-0.28599324
rhamnose_gL,all_known,raman_preprocessed_als_sg0_snv_area,als_sg0_snv_area,weighted_knn,"k=3,metric=correlation,max_features=12,x_transform=none,log_target=False",10,0.98767217,0.22341656,0.5125481,-0.37306113
rhamnose_gL,all_known,raman_preprocessed_als_sg0_snv_area,als_sg0_snv_area,weighted_knn,"k=3,metric=correlation,max_features=12,x_transform=l2,log_target=False",10,0.98767217,0.22341656,0.5125481,-0.37306113
rhamnose_gL,all_known,eem_parafac_scores,parafac_rank_selected,krr,"kernel=laplacian,alpha=0.1,gamma_scale=2.0,max_features=12,x_transform=none,log_target=True",10,0.98839142,0.24314466,0.46886495,-0.25328193
rhamnose_gL,all_known,eem_parafac_scores,parafac_rank_selected,krr,"kernel=laplacian,alpha=0.1,gamma_scale=2.0,max_features=48,x_transform=none,log_target=True",10,0.98839142,0.24314466,0.46886495,-0.25328193
rhamnose_gL,all_known,eem_parafac_scores,parafac_rank_selected,krr,"kernel=laplacian,alpha=0.1,gamma_scale=2.0,max_features=192,x_transform=none,log_target=True",10,0.98839142,0.24314466,0.46886495,-0.25328193
rhamnose_gL,all_known,parafac_raman_fusion_als_sg2_snv,als_sg2_snv+parafac,weighted_knn,"k=3,metric=manhattan,max_features=48,x_transform=l2,log_target=True",10,0.98839228,0.25471421,0.47751737,-0.23389451
rhamnose_gL,all_known,parafac_raman_fusion_als_sg2_snv,als_sg2_snv+parafac,krr,"kernel=rbf,alpha=0.01,gamma_scale=1.0,max_features=12,x_transform=l2,log_target=True",10,0.98860555,0.26697675,0.47681961,-0.20571157
rhamnose_gL,all_known,raman_preprocessed_als_sg2_snv,als_sg2_snv,krr,"kernel=rbf,alpha=0.1,gamma_scale=2.0,max_features=12,x_transform=l2,log_target=True",10,0.98906824,0.26066097,0.46765609,-0.27915405
rhamnose_gL,all_known,parafac_raman_fusion_als_sg2_snv,als_sg2_snv+parafac,weighted_knn,"k=3,metric=correlation,max_features=48,x_transform=none,log_target=True",10,0.98906857,0.25036251,0.49230932,-0.23053247
rhamnose_gL,all_known,parafac_raman_fusion_als_sg2_snv,als_sg2_snv+parafac,weighted_knn,"k=3,metric=correlation,max_features=48,x_transform=l2,log_target=True",10,0.98906857,0.25036251,0.49230932,-0.23053247
rhamnose_gL,all_known,parafac_raman_fusion_als_sg2_snv,als_sg2_snv+parafac,krr,"kernel=rbf,alpha=0.1,gamma_scale=1.0,max_features=48,x_transform=l2,log_target=False",10,0.98950396,0.20795524,0.55689934,-0.30520214
rhamnose_gL,all_known,parafac_raman_fusion_als_sg2_snv,als_sg2_snv+parafac,weighted_knn,"k=5,metric=manhattan,max_features=48,x_transform=l2,log_target=False",10,0.99056656,0.23216661,0.51915647,-0.27994328
rhamnose_gL,all_known,raman_preprocessed_als_sg2_snv,als_sg2_snv,weighted_knn,"k=5,metric=correlation,max_features=192,x_transform=none,log_target=False",10,0.99389898,0.26267495,0.50011932,-0.30074088
rhamnose_gL,all_known,raman_preprocessed_als_sg2_snv,als_sg2_snv,weighted_knn,"k=5,metric=correlation,max_features=192,x_transform=l2,log_target=False",10,0.99389898,0.26267495,0.50011932,-0.30074088
rhamnose_gL,all_known,parafac_raman_fusion_als_sg2_snv,als_sg2_snv+parafac,krr,"kernel=laplacian,alpha=0.01,gamma_scale=1.0,max_features=12,x_transform=l2,log_target=False",10,0.99440165,0.21792744,0.54796366,-0.30220622
rhamnose_gL,all_known,raman_preprocessed_als_sg0_snv_area,als_sg0_snv_area,weighted_knn,"k=3,metric=manhattan,max_features=48,x_transform=l2,log_target=False",10,0.99675936,0.19889587,0.52476782,-0.59546375
rhamnose_gL,all_known,raman_preprocessed_als_sg2_snv,als_sg2_snv,weighted_knn,"k=1,metric=manhattan,max_features=48,x_transform=none,log_target=False",10,0.99757419,0.28189982,0.46348684,-0.28577712
rhamnose_gL,all_known,raman_preprocessed_als_sg2_snv,als_sg2_snv,weighted_knn,"k=1,metric=manhattan,max_features=48,x_transform=none,log_target=True",10,0.99757419,0.28189982,0.46348684,-0.28577712
rhamnose_gL,all_known,raman_preprocessed_als_sg0_snv_area,als_sg0_snv_area,weighted_knn,"k=3,metric=manhattan,max_features=192,x_transform=l2,log_target=True",10,0.99839729,0.25906577,0.47176818,-0.31482509
rhamnose_gL,all_known,raman_preprocessed_als_sg2_snv,als_sg2_snv,krr,"kernel=rbf,alpha=0.1,gamma_scale=2.0,max_features=12,x_transform=none,log_target=False",10,0.99876126,0.25693092,0.50338506,-0.32044368
rhamnose_gL,all_known,parafac_raman_fusion_als_sg0_snv_area,als_sg0_snv_area+parafac,weighted_knn,"k=3,metric=correlation,max_features=192,x_transform=none,log_target=False",10,0.99955908,0.17786521,0.48978971,-0.44407419
rhamnose_gL,all_known,parafac_raman_fusion_als_sg0_snv_area,als_sg0_snv_area+parafac,weighted_knn,"k=3,metric=correlation,max_features=192,x_transform=l2,log_target=False",10,0.99955908,0.17786521,0.48978971,-0.44407419
rhamnose_gL,all_known,raman_preprocessed_als_sg2_snv,als_sg2_snv,krr,"kernel=laplacian,alpha=0.1,gamma_scale=1.0,max_features=12,x_transform=l2,log_target=False",10,1.0001066,0.24618314,0.53618122,-0.35177937
rhamnose_gL,all_known,raman_preprocessed_als_sg2_snv,als_sg2_snv,weighted_knn,"k=3,metric=correlation,max_features=12,x_transform=none,log_target=True",10,1.0012082,0.2594455,0.48816215,-0.33780803
rhamnose_gL,all_known,raman_preprocessed_als_sg2_snv,als_sg2_snv,weighted_knn,"k=3,metric=correlation,max_features=12,x_transform=l2,log_target=True",10,1.0012082,0.2594455,0.48816215,-0.33780803
rhamnose_gL,target_focused,eem_parafac_scores,parafac_rank_selected,krr,"kernel=rbf,alpha=0.01,gamma_scale=1.0,max_features=12,x_transform=l2,log_target=True",10,1.0015509,0.4305427,0.58709939,-0.064691063
rhamnose_gL,target_focused,eem_parafac_scores,parafac_rank_selected,krr,"kernel=laplacian,alpha=0.01,gamma_scale=1.0,max_features=12,x_transform=l2,log_target=True",10,1.0015509,0.4305427,0.58709939,-0.064691063
rhamnose_gL,target_focused,eem_parafac_scores,parafac_rank_selected,krr,"kernel=rbf,alpha=0.01,gamma_scale=1.0,max_features=48,x_transform=l2,log_target=True",10,1.0015509,0.4305427,0.58709939,-0.064691063
rhamnose_gL,target_focused,eem_parafac_scores,parafac_rank_selected,krr,"kernel=laplacian,alpha=0.01,gamma_scale=1.0,max_features=48,x_transform=l2,log_target=True",10,1.0015509,0.4305427,0.58709939,-0.064691063
rhamnose_gL,target_focused,eem_parafac_scores,parafac_rank_selected,krr,"kernel=rbf,alpha=0.01,gamma_scale=1.0,max_features=192,x_transform=l2,log_target=True",10,1.0015509,0.4305427,0.58709939,-0.064691063
rhamnose_gL,target_focused,eem_parafac_scores,parafac_rank_selected,krr,"kernel=laplacian,alpha=0.01,gamma_scale=1.0,max_features=192,x_transform=l2,log_target=True",10,1.0015509,0.4305427,0.58709939,-0.064691063
rhamnose_gL,target_focused,eem_parafac_scores,parafac_rank_selected,krr,"kernel=rbf,alpha=0.01,gamma_scale=2.0,max_features=12,x_transform=l2,log_target=True",10,1.001555,0.43054191,0.58709252,-0.06470475
rhamnose_gL,target_focused,eem_parafac_scores,parafac_rank_selected,krr,"kernel=laplacian,alpha=0.01,gamma_scale=2.0,max_features=12,x_transform=l2,log_target=True",10,1.001555,0.43054191,0.58709252,-0.06470475
rhamnose_gL,target_focused,eem_parafac_scores,parafac_rank_selected,krr,"kernel=rbf,alpha=0.01,gamma_scale=2.0,max_features=48,x_transform=l2,log_target=True",10,1.001555,0.43054191,0.58709252,-0.06470475
rhamnose_gL,target_focused,eem_parafac_scores,parafac_rank_selected,krr,"kernel=laplacian,alpha=0.01,gamma_scale=2.0,max_features=48,x_transform=l2,log_target=True",10,1.001555,0.43054191,0.58709252,-0.06470475
rhamnose_gL,target_focused,eem_parafac_scores,parafac_rank_selected,krr,"kernel=rbf,alpha=0.01,gamma_scale=2.0,max_features=192,x_transform=l2,log_target=True",10,1.001555,0.43054191,0.58709252,-0.06470475
rhamnose_gL,target_focused,eem_parafac_scores,parafac_rank_selected,krr,"kernel=laplacian,alpha=0.01,gamma_scale=2.0,max_features=192,x_transform=l2,log_target=True",10,1.001555,0.43054191,0.58709252,-0.06470475
rhamnose_gL,target_focused,eem_parafac_scores,parafac_rank_selected,krr,"kernel=rbf,alpha=0.1,gamma_scale=1.0,max_features=12,x_transform=l2,log_target=True",10,1.0016203,0.43078812,0.5869424,-0.064429213
rhamnose_gL,target_focused,eem_parafac_scores,parafac_rank_selected,krr,"kernel=laplacian,alpha=0.1,gamma_scale=1.0,max_features=12,x_transform=l2,log_target=True",10,1.0016203,0.43078812,0.5869424,-0.064429213
rhamnose_gL,target_focused,eem_parafac_scores,parafac_rank_selected,krr,"kernel=rbf,alpha=0.1,gamma_scale=1.0,max_features=48,x_transform=l2,log_target=True",10,1.0016203,0.43078812,0.5869424,-0.064429213
rhamnose_gL,target_focused,eem_parafac_scores,parafac_rank_selected,krr,"kernel=laplacian,alpha=0.1,gamma_scale=1.0,max_features=48,x_transform=l2,log_target=True",10,1.0016203,0.43078812,0.5869424,-0.064429213
rhamnose_gL,target_focused,eem_parafac_scores,parafac_rank_selected,krr,"kernel=rbf,alpha=0.1,gamma_scale=1.0,max_features=192,x_transform=l2,log_target=True",10,1.0016203,0.43078812,0.5869424,-0.064429213
rhamnose_gL,target_focused,eem_parafac_scores,parafac_rank_selected,krr,"kernel=laplacian,alpha=0.1,gamma_scale=1.0,max_features=192,x_transform=l2,log_target=True",10,1.0016203,0.43078812,0.5869424,-0.064429213
rhamnose_gL,target_focused,eem_parafac_scores,parafac_rank_selected,krr,"kernel=rbf,alpha=0.1,gamma_scale=2.0,max_features=12,x_transform=l2,log_target=True",10,1.0016618,0.4307803,0.58687412,-0.064565297
rhamnose_gL,target_focused,eem_parafac_scores,parafac_rank_selected,krr,"kernel=laplacian,alpha=0.1,gamma_scale=2.0,max_features=12,x_transform=l2,log_target=True",10,1.0016618,0.4307803,0.58687412,-0.064565297
rhamnose_gL,target_focused,eem_parafac_scores,parafac_rank_selected,krr,"kernel=rbf,alpha=0.1,gamma_scale=2.0,max_features=48,x_transform=l2,log_target=True",10,1.0016618,0.4307803,0.58687412,-0.064565297
rhamnose_gL,target_focused,eem_parafac_scores,parafac_rank_selected,krr,"kernel=laplacian,alpha=0.1,gamma_scale=2.0,max_features=48,x_transform=l2,log_target=True",10,1.0016618,0.4307803,0.58687412,-0.064565297
rhamnose_gL,target_focused,eem_parafac_scores,parafac_rank_selected,krr,"kernel=rbf,alpha=0.1,gamma_scale=2.0,max_features=192,x_transform=l2,log_target=True",10,1.0016618,0.4307803,0.58687412,-0.064565297
rhamnose_gL,target_focused,eem_parafac_scores,parafac_rank_selected,krr,"kernel=laplacian,alpha=0.1,gamma_scale=2.0,max_features=192,x_transform=l2,log_target=True",10,1.0016618,0.4307803,0.58687412,-0.064565297
rhamnose_gL,all_known,parafac_raman_fusion_als_sg0_snv_area,als_sg0_snv_area+parafac,weighted_knn,"k=3,metric=manhattan,max_features=192,x_transform=none,log_target=False",10,1.0023994,0.2239391,0.51905754,-0.5340862
rhamnose_gL,all_known,parafac_raman_fusion_als_sg2_snv,als_sg2_snv+parafac,weighted_knn,"k=3,metric=manhattan,max_features=12,x_transform=l2,log_target=True",10,1.0046284,0.24304275,0.49312273,-0.31910517
rhamnose_gL,target_focused,eem_parafac_scores,parafac_rank_selected,krr,"kernel=rbf,alpha=0.1,gamma_scale=1.0,max_features=12,x_transform=l2,log_target=False",10,1.0058804,0.39542401,0.61667636,-0.14958458
rhamnose_gL,target_focused,eem_parafac_scores,parafac_rank_selected,krr,"kernel=laplacian,alpha=0.1,gamma_scale=1.0,max_features=12,x_transform=l2,log_target=False",10,1.0058804,0.39542401,0.61667636,-0.14958458
rhamnose_gL,target_focused,eem_parafac_scores,parafac_rank_selected,krr,"kernel=rbf,alpha=0.1,gamma_scale=1.0,max_features=48,x_transform=l2,log_target=False",10,1.0058804,0.39542401,0.61667636,-0.14958458
rhamnose_gL,target_focused,eem_parafac_scores,parafac_rank_selected,krr,"kernel=laplacian,alpha=0.1,gamma_scale=1.0,max_features=48,x_transform=l2,log_target=False",10,1.0058804,0.39542401,0.61667636,-0.14958458
rhamnose_gL,target_focused,eem_parafac_scores,parafac_rank_selected,krr,"kernel=rbf,alpha=0.1,gamma_scale=1.0,max_features=192,x_transform=l2,log_target=False",10,1.0058804,0.39542401,0.61667636,-0.14958458
rhamnose_gL,target_focused,eem_parafac_scores,parafac_rank_selected,krr,"kernel=laplacian,alpha=0.1,gamma_scale=1.0,max_features=192,x_transform=l2,log_target=False",10,1.0058804,0.39542401,0.61667636,-0.14958458
rhamnose_gL,target_focused,eem_parafac_scores,parafac_rank_selected,krr,"kernel=rbf,alpha=0.1,gamma_scale=2.0,max_features=12,x_transform=l2,log_target=False",10,1.0059024,0.39544109,0.61656091,-0.14966292
rhamnose_gL,target_focused,eem_parafac_scores,parafac_rank_selected,krr,"kernel=laplacian,alpha=0.1,gamma_scale=2.0,max_features=12,x_transform=l2,log_target=False",10,1.0059024,0.39544109,0.61656091,-0.14966292
rhamnose_gL,target_focused,eem_parafac_scores,parafac_rank_selected,krr,"kernel=rbf,alpha=0.1,gamma_scale=2.0,max_features=48,x_transform=l2,log_target=False",10,1.0059024,0.39544109,0.61656091,-0.14966292
rhamnose_gL,target_focused,eem_parafac_scores,parafac_rank_selected,krr,"kernel=laplacian,alpha=0.1,gamma_scale=2.0,max_features=48,x_transform=l2,log_target=False",10,1.0059024,0.39544109,0.61656091,-0.14966292
rhamnose_gL,target_focused,eem_parafac_scores,parafac_rank_selected,krr,"kernel=rbf,alpha=0.1,gamma_scale=2.0,max_features=192,x_transform=l2,log_target=False",10,1.0059024,0.39544109,0.61656091,-0.14966292
rhamnose_gL,target_focused,eem_parafac_scores,parafac_rank_selected,krr,"kernel=laplacian,alpha=0.1,gamma_scale=2.0,max_features=192,x_transform=l2,log_target=False",10,1.0059024,0.39544109,0.61656091,-0.14966292
rhamnose_gL,target_focused,eem_parafac_scores,parafac_rank_selected,krr,"kernel=rbf,alpha=0.01,gamma_scale=1.0,max_features=12,x_transform=l2,log_target=False",10,1.0061,0.39500791,0.61682645,-0.15121388
rhamnose_gL,target_focused,eem_parafac_scores,parafac_rank_selected,krr,"kernel=laplacian,alpha=0.01,gamma_scale=1.0,max_features=12,x_transform=l2,log_target=False",10,1.0061,0.39500791,0.61682645,-0.15121388
rhamnose_gL,target_focused,eem_parafac_scores,parafac_rank_selected,krr,"kernel=rbf,alpha=0.01,gamma_scale=1.0,max_features=48,x_transform=l2,log_target=False",10,1.0061,0.39500791,0.61682645,-0.15121388
rhamnose_gL,target_focused,eem_parafac_scores,parafac_rank_selected,krr,"kernel=laplacian,alpha=0.01,gamma_scale=1.0,max_features=48,x_transform=l2,log_target=False",10,1.0061,0.39500791,0.61682645,-0.15121388
rhamnose_gL,target_focused,eem_parafac_scores,parafac_rank_selected,krr,"kernel=rbf,alpha=0.01,gamma_scale=1.0,max_features=192,x_transform=l2,log_target=False",10,1.0061,0.39500791,0.61682645,-0.15121388
rhamnose_gL,target_focused,eem_parafac_scores,parafac_rank_selected,krr,"kernel=laplacian,alpha=0.01,gamma_scale=1.0,max_features=192,x_transform=l2,log_target=False",10,1.0061,0.39500791,0.61682645,-0.15121388
rhamnose_gL,target_focused,eem_parafac_scores,parafac_rank_selected,krr,"kernel=rbf,alpha=0.01,gamma_scale=2.0,max_features=12,x_transform=l2,log_target=False",10,1.0061022,0.39500963,0.61681484,-0.15122182
rhamnose_gL,target_focused,eem_parafac_scores,parafac_rank_selected,krr,"kernel=laplacian,alpha=0.01,gamma_scale=2.0,max_features=12,x_transform=l2,log_target=False",10,1.0061022,0.39500963,0.61681484,-0.15122182
rhamnose_gL,target_focused,eem_parafac_scores,parafac_rank_selected,krr,"kernel=rbf,alpha=0.01,gamma_scale=2.0,max_features=48,x_transform=l2,log_target=False",10,1.0061022,0.39500963,0.61681484,-0.15122182
rhamnose_gL,target_focused,eem_parafac_scores,parafac_rank_selected,krr,"kernel=laplacian,alpha=0.01,gamma_scale=2.0,max_features=48,x_transform=l2,log_target=False",10,1.0061022,0.39500963,0.61681484,-0.15122182
rhamnose_gL,target_focused,eem_parafac_scores,parafac_rank_selected,krr,"kernel=rbf,alpha=0.01,gamma_scale=2.0,max_features=192,x_transform=l2,log_target=False",10,1.0061022,0.39500963,0.61681484,-0.15122182
rhamnose_gL,target_focused,eem_parafac_scores,parafac_rank_selected,krr,"kernel=laplacian,alpha=0.01,gamma_scale=2.0,max_features=192,x_transform=l2,log_target=False",10,1.0061022,0.39500963,0.61681484,-0.15122182
rhamnose_gL,all_known,raman_preprocessed_als_sg0_snv_area,als_sg0_snv_area,weighted_knn,"k=3,metric=manhattan,max_features=12,x_transform=none,log_target=False",10,1.0066598,0.19713096,0.5024304,-0.50640434
rhamnose_gL,all_known,raman_preprocessed_als_sg2_snv,als_sg2_snv,krr,"kernel=rbf,alpha=0.01,gamma_scale=1.0,max_features=12,x_transform=none,log_target=True",10,1.0071703,0.25696098,0.49811984,-0.34853981
rhamnose_gL,all_known,parafac_raman_fusion_als_sg2_snv,als_sg2_snv+parafac,weighted_knn,"k=5,metric=correlation,max_features=48,x_transform=none,log_target=False",10,1.0078764,0.21449845,0.52720709,-0.3601895
rhamnose_gL,all_known,parafac_raman_fusion_als_sg2_snv,als_sg2_snv+parafac,weighted_knn,"k=5,metric=correlation,max_features=48,x_transform=l2,log_target=False",10,1.0078764,0.21449845,0.52720709,-0.3601895
rhamnose_gL,all_known,parafac_raman_fusion_als_sg0_snv_area,als_sg0_snv_area+parafac,weighted_knn,"k=3,metric=manhattan,max_features=192,x_transform=l2,log_target=False",10,1.0085004,0.25136208,0.4931242,-0.33602879
rhamnose_gL,all_known,raman_preprocessed_als_sg2_snv,als_sg2_snv,krr,"kernel=rbf,alpha=0.1,gamma_scale=1.0,max_features=48,x_transform=l2,log_target=False",10,1.0086111,0.26700238,0.55739919,-0.31297665
rhamnose_gL,all_known,parafac_raman_fusion_als_sg2_snv,als_sg2_snv+parafac,weighted_knn,"k=5,metric=manhattan,max_features=12,x_transform=l2,log_target=False",10,1.00877,0.22359625,0.51354357,-0.35046017
rhamnose_gL,all_known,raman_preprocessed_als_sg2_snv,als_sg2_snv,weighted_knn,"k=3,metric=manhattan,max_features=48,x_transform=l2,log_target=True",10,1.0089834,0.24661944,0.4876944,-0.3734655
rhamnose_gL,all_known,raman_preprocessed_als_sg2_snv,als_sg2_snv,krr,"kernel=rbf,alpha=0.1,gamma_scale=1.0,max_features=12,x_transform=none,log_target=False",10,1.010635,0.24688836,0.5228764,-0.38000732
rhamnose_gL,all_known,raman_preprocessed_als_sg0_snv_area,als_sg0_snv_area,weighted_knn,"k=3,metric=manhattan,max_features=48,x_transform=none,log_target=False",10,1.011301,0.19319111,0.51897369,-0.58996415
rhamnose_gL,all_known,raman_preprocessed_als_sg2_snv,als_sg2_snv,weighted_knn,"k=3,metric=correlation,max_features=48,x_transform=none,log_target=True",10,1.0116076,0.23510197,0.49673027,-0.41600037
rhamnose_gL,all_known,raman_preprocessed_als_sg2_snv,als_sg2_snv,weighted_knn,"k=3,metric=correlation,max_features=48,x_transform=l2,log_target=True",10,1.0116076,0.23510197,0.49673027,-0.41600037
rhamnose_gL,all_known,parafac_raman_fusion_als_sg2_snv,als_sg2_snv+parafac,weighted_knn,"k=5,metric=correlation,max_features=12,x_transform=none,log_target=False",10,1.0125469,0.21546763,0.50661378,-0.37450753
rhamnose_gL,all_known,parafac_raman_fusion_als_sg2_snv,als_sg2_snv+parafac,weighted_knn,"k=5,metric=correlation,max_features=12,x_transform=l2,log_target=False",10,1.0125469,0.21546763,0.50661378,-0.37450753
rhamnose_gL,all_known,parafac_raman_fusion_als_sg2_snv,als_sg2_snv+parafac,krr,"kernel=rbf,alpha=0.01,gamma_scale=1.0,max_features=48,x_transform=l2,log_target=False",10,1.0143754,0.2022143,0.58733369,-0.40075822
rhamnose_gL,all_known,eem_parafac_scores,parafac_rank_selected,krr,"kernel=laplacian,alpha=0.1,gamma_scale=1.0,max_features=12,x_transform=none,log_target=False",10,1.0184635,0.21807838,0.52411061,-0.41273847
rhamnose_gL,all_known,eem_parafac_scores,parafac_rank_selected,krr,"kernel=laplacian,alpha=0.1,gamma_scale=1.0,max_features=48,x_transform=none,log_target=False",10,1.0184635,0.21807838,0.52411061,-0.41273847
rhamnose_gL,all_known,eem_parafac_scores,parafac_rank_selected,krr,"kernel=laplacian,alpha=0.1,gamma_scale=1.0,max_features=192,x_transform=none,log_target=False",10,1.0184635,0.21807838,0.52411061,-0.41273847
rhamnose_gL,all_known,parafac_raman_fusion_als_sg2_snv,als_sg2_snv+parafac,krr,"kernel=rbf,alpha=0.1,gamma_scale=2.0,max_features=12,x_transform=l2,log_target=False",10,1.0204743,0.24010352,0.5382607,-0.34501675
rhamnose_gL,all_known,raman_preprocessed_als_sg2_snv,als_sg2_snv,krr,"kernel=rbf,alpha=0.01,gamma_scale=2.0,max_features=12,x_transform=l2,log_target=True",10,1.0230857,0.2490804,0.48995736,-0.4046335
rhamnose_gL,all_known,parafac_raman_fusion_als_sg2_snv,als_sg2_snv+parafac,krr,"kernel=rbf,alpha=0.01,gamma_scale=1.0,max_features=12,x_transform=none,log_target=False",10,1.0243709,0.23827973,0.56377442,-0.379011
rhamnose_gL,all_known,raman_preprocessed_als_sg2_snv,als_sg2_snv,krr,"kernel=laplacian,alpha=0.01,gamma_scale=1.0,max_features=12,x_transform=l2,log_target=False",10,1.0243968,0.2405821,0.55920186,-0.44609253
rhamnose_gL,all_known,raman_preprocessed_als_sg0_snv_area,als_sg0_snv_area,weighted_knn,"k=3,metric=correlation,max_features=192,x_transform=l2,log_target=False",10,1.0253693,0.2345162,0.50474194,-0.47584658
rhamnose_gL,all_known,raman_preprocessed_als_sg0_snv_area,als_sg0_snv_area,weighted_knn,"k=3,metric=correlation,max_features=192,x_transform=none,log_target=False",10,1.0253693,0.2345162,0.50474194,-0.47584658
rhamnose_gL,all_known,raman_preprocessed_als_sg2_snv,als_sg2_snv,weighted_knn,"k=3,metric=manhattan,max_features=12,x_transform=l2,log_target=True",10,1.025661,0.23040842,0.47585174,-0.54747971
rhamnose_gL,all_known,parafac_raman_fusion_als_sg2_snv,als_sg2_snv+parafac,krr,"kernel=rbf,alpha=0.1,gamma_scale=1.0,max_features=12,x_transform=l2,log_target=False",10,1.0267799,0.2202175,0.55762645,-0.4059861
rhamnose_gL,all_known,parafac_raman_fusion_als_sg0_snv_area,als_sg0_snv_area+parafac,weighted_knn,"k=1,metric=manhattan,max_features=48,x_transform=none,log_target=False",10,1.0268823,0.36275012,0.48476316,-0.39191168
rhamnose_gL,all_known,parafac_raman_fusion_als_sg0_snv_area,als_sg0_snv_area+parafac,weighted_knn,"k=1,metric=manhattan,max_features=48,x_transform=none,log_target=True",10,1.0268823,0.36275012,0.48476316,-0.39191168
rhamnose_gL,all_known,raman_preprocessed_als_sg2_snv,als_sg2_snv,krr,"kernel=rbf,alpha=0.01,gamma_scale=2.0,max_features=12,x_transform=none,log_target=False",10,1.0301533,0.24942694,0.54308761,-0.43522111
rhamnose_gL,all_known,raman_preprocessed_als_sg2_snv,als_sg2_snv,weighted_knn,"k=5,metric=manhattan,max_features=48,x_transform=l2,log_target=False",10,1.0302906,0.21327002,0.54763392,-0.53473228
rhamnose_gL,all_known,raman_preprocessed_als_sg2_snv,als_sg2_snv,weighted_knn,"k=5,metric=correlation,max_features=12,x_transform=none,log_target=False",10,1.0308795,0.21467952,0.52540672,-0.5294916
rhamnose_gL,all_known,raman_preprocessed_als_sg2_snv,als_sg2_snv,weighted_knn,"k=5,metric=correlation,max_features=12,x_transform=l2,log_target=False",10,1.0308795,0.21467952,0.52540672,-0.5294916
rhamnose_gL,all_known,parafac_raman_fusion_als_sg2_snv,als_sg2_snv+parafac,weighted_knn,"k=1,metric=manhattan,max_features=12,x_transform=none,log_target=False",10,1.0326887,0.28711932,0.46572368,-0.33503871
rhamnose_gL,all_known,parafac_raman_fusion_als_sg2_snv,als_sg2_snv+parafac,weighted_knn,"k=1,metric=manhattan,max_features=12,x_transform=none,log_target=True",10,1.0326887,0.28711932,0.46572368,-0.33503871
rhamnose_gL,all_known,parafac_raman_fusion_als_sg2_snv,als_sg2_snv+parafac,weighted_knn,"k=3,metric=correlation,max_features=12,x_transform=l2,log_target=False",10,1.033093,0.19285847,0.51621497,-0.49756279
rhamnose_gL,all_known,parafac_raman_fusion_als_sg2_snv,als_sg2_snv+parafac,weighted_knn,"k=3,metric=correlation,max_features=12,x_transform=none,log_target=False",10,1.033093,0.19285847,0.51621497,-0.49756279
rhamnose_gL,all_known,raman_preprocessed_als_sg2_snv,als_sg2_snv,weighted_knn,"k=3,metric=correlation,max_features=192,x_transform=none,log_target=False",10,1.0333503,0.23708931,0.50342141,-0.498237
rhamnose_gL,all_known,raman_preprocessed_als_sg2_snv,als_sg2_snv,weighted_knn,"k=3,metric=correlation,max_features=192,x_transform=l2,log_target=False",10,1.0333503,0.23708931,0.50342141,-0.498237
rhamnose_gL,all_known,raman_preprocessed_als_sg0_snv_area,als_sg0_snv_area,weighted_knn,"k=3,metric=manhattan,max_features=192,x_transform=none,log_target=False",10,1.0357506,0.17997823,0.54421954,-0.77785813
rhamnose_gL,all_known,parafac_raman_fusion_als_sg0_snv_area,als_sg0_snv_area+parafac,weighted_knn,"k=1,metric=correlation,max_features=48,x_transform=none,log_target=False",10,1.0381273,0.32101538,0.48968421,-0.40750305
rhamnose_gL,all_known,parafac_raman_fusion_als_sg0_snv_area,als_sg0_snv_area+parafac,weighted_knn,"k=1,metric=correlation,max_features=48,x_transform=none,log_target=True",10,1.0381273,0.32101538,0.48968421,-0.40750305
rhamnose_gL,all_known,parafac_raman_fusion_als_sg0_snv_area,als_sg0_snv_area+parafac,weighted_knn,"k=1,metric=correlation,max_features=48,x_transform=l2,log_target=False",10,1.0381273,0.32101538,0.48968421,-0.40750305
rhamnose_gL,all_known,parafac_raman_fusion_als_sg0_snv_area,als_sg0_snv_area+parafac,weighted_knn,"k=1,metric=correlation,max_features=48,x_transform=l2,log_target=True",10,1.0381273,0.32101538,0.48968421,-0.40750305
rhamnose_gL,all_known,raman_preprocessed_als_sg2_snv,als_sg2_snv,krr,"kernel=rbf,alpha=0.01,gamma_scale=1.0,max_features=48,x_transform=l2,log_target=False",10,1.0421497,0.2620323,0.59071619,-0.42898603
rhamnose_gL,target_focused,eem_parafac_scores,parafac_rank_selected,krr,"kernel=rbf,alpha=0.1,gamma_scale=1.0,max_features=12,x_transform=none,log_target=True",10,1.043441,0.43462746,0.58827449,-0.17274134
rhamnose_gL,target_focused,eem_parafac_scores,parafac_rank_selected,krr,"kernel=rbf,alpha=0.1,gamma_scale=1.0,max_features=48,x_transform=none,log_target=True",10,1.043441,0.43462746,0.58827449,-0.17274134
rhamnose_gL,target_focused,eem_parafac_scores,parafac_rank_selected,krr,"kernel=rbf,alpha=0.1,gamma_scale=1.0,max_features=192,x_transform=none,log_target=True",10,1.043441,0.43462746,0.58827449,-0.17274134
rhamnose_gL,all_known,raman_preprocessed_als_sg2_snv,als_sg2_snv,weighted_knn,"k=5,metric=manhattan,max_features=12,x_transform=l2,log_target=False",10,1.0437334,0.21132326,0.5351983,-0.58169981
rhamnose_gL,all_known,raman_preprocessed_als_sg2_snv,als_sg2_snv,weighted_knn,"k=5,metric=correlation,max_features=48,x_transform=none,log_target=False",10,1.0448478,0.23545535,0.56333501,-0.51483321
rhamnose_gL,all_known,raman_preprocessed_als_sg2_snv,als_sg2_snv,weighted_knn,"k=5,metric=correlation,max_features=48,x_transform=l2,log_target=False",10,1.0448478,0.23545535,0.56333501,-0.51483321
rhamnose_gL,all_known,raman_preprocessed_als_sg2_snv,als_sg2_snv,krr,"kernel=rbf,alpha=0.01,gamma_scale=1.0,max_features=12,x_transform=l2,log_target=True",10,1.0459055,0.24591494,0.51371277,-0.48661772
rhamnose_gL,target_focused,eem_parafac_scores,parafac_rank_selected,krr,"kernel=rbf,alpha=0.1,gamma_scale=2.0,max_features=12,x_transform=none,log_target=True",10,1.0481216,0.43063896,0.58520515,-0.19091862
rhamnose_gL,target_focused,eem_parafac_scores,parafac_rank_selected,krr,"kernel=rbf,alpha=0.1,gamma_scale=2.0,max_features=48,x_transform=none,log_target=True",10,1.0481216,0.43063896,0.58520515,-0.19091862
rhamnose_gL,target_focused,eem_parafac_scores,parafac_rank_selected,krr,"kernel=rbf,alpha=0.1,gamma_scale=2.0,max_features=192,x_transform=none,log_target=True",10,1.0481216,0.43063896,0.58520515,-0.19091862
rhamnose_gL,all_known,eem_parafac_scores,parafac_rank_selected,krr,"kernel=laplacian,alpha=0.1,gamma_scale=2.0,max_features=12,x_transform=none,log_target=False",10,1.0501514,0.19945676,0.53553696,-0.57571355
rhamnose_gL,all_known,eem_parafac_scores,parafac_rank_selected,krr,"kernel=laplacian,alpha=0.1,gamma_scale=2.0,max_features=48,x_transform=none,log_target=False",10,1.0501514,0.19945676,0.53553696,-0.57571355
rhamnose_gL,all_known,eem_parafac_scores,parafac_rank_selected,krr,"kernel=laplacian,alpha=0.1,gamma_scale=2.0,max_features=192,x_transform=none,log_target=False",10,1.0501514,0.19945676,0.53553696,-0.57571355
rhamnose_gL,all_known,parafac_raman_fusion_als_sg2_snv,als_sg2_snv+parafac,weighted_knn,"k=3,metric=manhattan,max_features=48,x_transform=l2,log_target=False",10,1.0513901,0.21607271,0.53907799,-0.54645469
rhamnose_gL,all_known,parafac_raman_fusion_als_sg2_snv,als_sg2_snv+parafac,weighted_knn,"k=3,metric=correlation,max_features=192,x_transform=none,log_target=False",10,1.0528347,0.20957705,0.52898362,-0.5531721
rhamnose_gL,all_known,parafac_raman_fusion_als_sg2_snv,als_sg2_snv+parafac,weighted_knn,"k=3,metric=correlation,max_features=192,x_transform=l2,log_target=False",10,1.0528347,0.20957705,0.52898362,-0.5531721
rhamnose_gL,all_known,eem_parafac_scores,parafac_rank_selected,krr,"kernel=laplacian,alpha=0.01,gamma_scale=1.0,max_features=12,x_transform=none,log_target=True",10,1.053531,0.19515932,0.50321726,-0.63167276
rhamnose_gL,all_known,eem_parafac_scores,parafac_rank_selected,krr,"kernel=laplacian,alpha=0.01,gamma_scale=1.0,max_features=48,x_transform=none,log_target=True",10,1.053531,0.19515932,0.50321726,-0.63167276
rhamnose_gL,all_known,eem_parafac_scores,parafac_rank_selected,krr,"kernel=laplacian,alpha=0.01,gamma_scale=1.0,max_features=192,x_transform=none,log_target=True",10,1.053531,0.19515932,0.50321726,-0.63167276
rhamnose_gL,all_known,parafac_raman_fusion_als_sg0_snv_area,als_sg0_snv_area+parafac,weighted_knn,"k=1,metric=manhattan,max_features=48,x_transform=l2,log_target=False",10,1.0553583,0.32854936,0.48890789,-0.57523934
rhamnose_gL,all_known,parafac_raman_fusion_als_sg0_snv_area,als_sg0_snv_area+parafac,weighted_knn,"k=1,metric=manhattan,max_features=48,x_transform=l2,log_target=True",10,1.0553583,0.32854936,0.48890789,-0.57523934
rhamnose_gL,target_focused,eem_parafac_scores,parafac_rank_selected,krr,"kernel=rbf,alpha=0.01,gamma_scale=2.0,max_features=12,x_transform=none,log_target=True",10,1.0556092,0.42547931,0.58874722,-0.2283903
rhamnose_gL,target_focused,eem_parafac_scores,parafac_rank_selected,krr,"kernel=rbf,alpha=0.01,gamma_scale=2.0,max_features=48,x_transform=none,log_target=True",10,1.0556092,0.42547931,0.58874722,-0.2283903
rhamnose_gL,target_focused,eem_parafac_scores,parafac_rank_selected,krr,"kernel=rbf,alpha=0.01,gamma_scale=2.0,max_features=192,x_transform=none,log_target=True",10,1.0556092,0.42547931,0.58874722,-0.2283903
rhamnose_gL,target_focused,eem_parafac_scores,parafac_rank_selected,krr,"kernel=rbf,alpha=0.01,gamma_scale=1.0,max_features=12,x_transform=none,log_target=True",10,1.0556125,0.42842601,0.59287023,-0.21299435
rhamnose_gL,target_focused,eem_parafac_scores,parafac_rank_selected,krr,"kernel=rbf,alpha=0.01,gamma_scale=1.0,max_features=48,x_transform=none,log_target=True",10,1.0556125,0.42842601,0.59287023,-0.21299435
rhamnose_gL,target_focused,eem_parafac_scores,parafac_rank_selected,krr,"kernel=rbf,alpha=0.01,gamma_scale=1.0,max_features=192,x_transform=none,log_target=True",10,1.0556125,0.42842601,0.59287023,-0.21299435
rhamnose_gL,all_known,raman_preprocessed_als_sg0_snv_area,als_sg0_snv_area,krr,"kernel=rbf,alpha=0.01,gamma_scale=1.0,max_features=12,x_transform=none,log_target=False",10,1.0599582,0.17467543,0.63652717,-0.81385269
rhamnose_gL,all_known,raman_preprocessed_als_sg0_snv_area,als_sg0_snv_area,weighted_knn,"k=3,metric=manhattan,max_features=192,x_transform=l2,log_target=False",10,1.0638257,0.22713296,0.52950063,-0.63760044
rhamnose_gL,all_known,raman_preprocessed_als_sg2_snv,als_sg2_snv,weighted_knn,"k=1,metric=manhattan,max_features=12,x_transform=none,log_target=False",10,1.0641119,0.22261607,0.48632895,-0.89351868
rhamnose_gL,all_known,raman_preprocessed_als_sg2_snv,als_sg2_snv,weighted_knn,"k=1,metric=manhattan,max_features=12,x_transform=none,log_target=True",10,1.0641119,0.22261607,0.48632895,-0.89351868
rhamnose_gL,all_known,parafac_raman_fusion_als_sg2_snv,als_sg2_snv+parafac,krr,"kernel=rbf,alpha=0.01,gamma_scale=2.0,max_features=12,x_transform=l2,log_target=False",10,1.0650368,0.24512036,0.58291054,-0.48926145
rhamnose_gL,all_known,raman_preprocessed_als_sg2_snv,als_sg2_snv,weighted_knn,"k=3,metric=correlation,max_features=12,x_transform=none,log_target=False",10,1.0687617,0.21568438,0.54893108,-0.69720211
rhamnose_gL,all_known,raman_preprocessed_als_sg2_snv,als_sg2_snv,weighted_knn,"k=3,metric=correlation,max_features=12,x_transform=l2,log_target=False",10,1.0687617,0.21568438,0.54893108,-0.69720211
rhamnose_gL,all_known,parafac_raman_fusion_als_sg2_snv,als_sg2_snv+parafac,weighted_knn,"k=3,metric=correlation,max_features=48,x_transform=none,log_target=False",10,1.0687732,0.22064029,0.56358888,-0.54860201
rhamnose_gL,all_known,parafac_raman_fusion_als_sg2_snv,als_sg2_snv+parafac,weighted_knn,"k=3,metric=correlation,max_features=48,x_transform=l2,log_target=False",10,1.0687732,0.22064029,0.56358888,-0.54860201
rhamnose_gL,target_focused,eem_parafac_scores,parafac_rank_selected,krr,"kernel=rbf,alpha=0.1,gamma_scale=1.0,max_features=12,x_transform=none,log_target=False",10,1.0689055,0.38983931,0.64117773,-0.35148171
rhamnose_gL,target_focused,eem_parafac_scores,parafac_rank_selected,krr,"kernel=rbf,alpha=0.1,gamma_scale=1.0,max_features=48,x_transform=none,log_target=False",10,1.0689055,0.38983931,0.64117773,-0.35148171
rhamnose_gL,target_focused,eem_parafac_scores,parafac_rank_selected,krr,"kernel=rbf,alpha=0.1,gamma_scale=1.0,max_features=192,x_transform=none,log_target=False",10,1.0689055,0.38983931,0.64117773,-0.35148171
rhamnose_gL,all_known,parafac_raman_fusion_als_sg0_snv_area,als_sg0_snv_area+parafac,weighted_knn,"k=1,metric=correlation,max_features=192,x_transform=none,log_target=False",10,1.0694548,0.32922812,0.47931579,-0.4426451
rhamnose_gL,all_known,parafac_raman_fusion_als_sg0_snv_area,als_sg0_snv_area+parafac,weighted_knn,"k=1,metric=correlation,max_features=192,x_transform=none,log_target=True",10,1.0694548,0.32922812,0.47931579,-0.4426451
rhamnose_gL,all_known,parafac_raman_fusion_als_sg0_snv_area,als_sg0_snv_area+parafac,weighted_knn,"k=1,metric=correlation,max_features=192,x_transform=l2,log_target=False",10,1.0694548,0.32922812,0.47931579,-0.4426451
rhamnose_gL,all_known,parafac_raman_fusion_als_sg0_snv_area,als_sg0_snv_area+parafac,weighted_knn,"k=1,metric=correlation,max_features=192,x_transform=l2,log_target=True",10,1.0694548,0.32922812,0.47931579,-0.4426451
rhamnose_gL,all_known,parafac_raman_fusion_als_sg2_snv,als_sg2_snv+parafac,weighted_knn,"k=3,metric=manhattan,max_features=12,x_transform=l2,log_target=False",10,1.0710761,0.20159594,0.55335506,-0.65985971
rhamnose_gL,all_known,eem_parafac_scores,parafac_rank_selected,weighted_knn,"k=5,metric=manhattan,max_features=12,x_transform=none,log_target=True",10,1.0729407,0.17874746,0.49413103,-0.87771045
rhamnose_gL,all_known,eem_parafac_scores,parafac_rank_selected,weighted_knn,"k=5,metric=manhattan,max_features=48,x_transform=none,log_target=True",10,1.0729407,0.17874746,0.49413103,-0.87771045
rhamnose_gL,all_known,eem_parafac_scores,parafac_rank_selected,weighted_knn,"k=5,metric=manhattan,max_features=192,x_transform=none,log_target=True",10,1.0729407,0.17874746,0.49413103,-0.87771045
rhamnose_gL,all_known,parafac_raman_fusion_als_sg2_snv,als_sg2_snv+parafac,weighted_knn,"k=1,metric=manhattan,max_features=48,x_transform=none,log_target=False",10,1.0772227,0.15739487,0.48042105,-0.94261011
rhamnose_gL,all_known,parafac_raman_fusion_als_sg2_snv,als_sg2_snv+parafac,weighted_knn,"k=1,metric=manhattan,max_features=48,x_transform=none,log_target=True",10,1.0772227,0.15739487,0.48042105,-0.94261011
rhamnose_gL,all_known,raman_preprocessed_als_sg2_snv,als_sg2_snv,krr,"kernel=rbf,alpha=0.1,gamma_scale=1.0,max_features=12,x_transform=l2,log_target=False",10,1.079118,0.22449621,0.59480856,-0.67174485
rhamnose_gL,all_known,raman_preprocessed_als_sg0_snv_area,als_sg0_snv_area,krr,"kernel=rbf,alpha=0.01,gamma_scale=2.0,max_features=12,x_transform=l2,log_target=False",10,1.079141,0.17739797,0.64048142,-0.86632588
rhamnose_gL,all_known,raman_preprocessed_als_sg0_snv_area,als_sg0_snv_area,weighted_knn,"k=1,metric=correlation,max_features=192,x_transform=none,log_target=False",10,1.0793203,0.33894354,0.47702632,-0.58479529
rhamnose_gL,all_known,raman_preprocessed_als_sg0_snv_area,als_sg0_snv_area,weighted_knn,"k=1,metric=correlation,max_features=192,x_transform=none,log_target=True",10,1.0793203,0.33894354,0.47702632,-0.58479529
rhamnose_gL,all_known,raman_preprocessed_als_sg0_snv_area,als_sg0_snv_area,weighted_knn,"k=1,metric=correlation,max_features=192,x_transform=l2,log_target=False",10,1.0793203,0.33894354,0.47702632,-0.58479529
rhamnose_gL,all_known,raman_preprocessed_als_sg0_snv_area,als_sg0_snv_area,weighted_knn,"k=1,metric=correlation,max_features=192,x_transform=l2,log_target=True",10,1.0793203,0.33894354,0.47702632,-0.58479529
rhamnose_gL,target_focused,eem_parafac_scores,parafac_rank_selected,krr,"kernel=rbf,alpha=0.01,gamma_scale=1.0,max_features=12,x_transform=none,log_target=False",10,1.0801859,0.37779436,0.64977999,-0.40992922
rhamnose_gL,target_focused,eem_parafac_scores,parafac_rank_selected,krr,"kernel=rbf,alpha=0.01,gamma_scale=1.0,max_features=48,x_transform=none,log_target=False",10,1.0801859,0.37779436,0.64977999,-0.40992922
rhamnose_gL,target_focused,eem_parafac_scores,parafac_rank_selected,krr,"kernel=rbf,alpha=0.01,gamma_scale=1.0,max_features=192,x_transform=none,log_target=False",10,1.0801859,0.37779436,0.64977999,-0.40992922
rhamnose_gL,target_focused,eem_parafac_scores,parafac_rank_selected,krr,"kernel=rbf,alpha=0.1,gamma_scale=2.0,max_features=12,x_transform=none,log_target=False",10,1.0850982,0.38121215,0.64706652,-0.40952629
rhamnose_gL,target_focused,eem_parafac_scores,parafac_rank_selected,krr,"kernel=rbf,alpha=0.1,gamma_scale=2.0,max_features=48,x_transform=none,log_target=False",10,1.0850982,0.38121215,0.64706652,-0.40952629
rhamnose_gL,target_focused,eem_parafac_scores,parafac_rank_selected,krr,"kernel=rbf,alpha=0.1,gamma_scale=2.0,max_features=192,x_transform=none,log_target=False",10,1.0850982,0.38121215,0.64706652,-0.40952629
rhamnose_gL,all_known,raman_preprocessed_als_sg2_snv,als_sg2_snv,krr,"kernel=rbf,alpha=0.01,gamma_scale=1.0,max_features=12,x_transform=none,log_target=False",10,1.0871474,0.22900746,0.61652856,-0.68066472
rhamnose_gL,target_focused,eem_parafac_scores,parafac_rank_selected,krr,"kernel=laplacian,alpha=0.1,gamma_scale=1.0,max_features=12,x_transform=none,log_target=True",10,1.0873754,0.41682258,0.60157215,-0.33633434
rhamnose_gL,target_focused,eem_parafac_scores,parafac_rank_selected,krr,"kernel=laplacian,alpha=0.1,gamma_scale=1.0,max_features=48,x_transform=none,log_target=True",10,1.0873754,0.41682258,0.60157215,-0.33633434
rhamnose_gL,target_focused,eem_parafac_scores,parafac_rank_selected,krr,"kernel=laplacian,alpha=0.1,gamma_scale=1.0,max_features=192,x_transform=none,log_target=True",10,1.0873754,0.41682258,0.60157215,-0.33633434
rhamnose_gL,all_known,raman_preprocessed_als_sg2_snv,als_sg2_snv,krr,"kernel=rbf,alpha=0.1,gamma_scale=2.0,max_features=12,x_transform=l2,log_target=False",10,1.0879248,0.22879682,0.58188025,-0.68414005
rhamnose_gL,all_known,eem_parafac_scores,parafac_rank_selected,krr,"kernel=laplacian,alpha=0.01,gamma_scale=2.0,max_features=12,x_transform=none,log_target=True",10,1.0888657,0.17413051,0.51778089,-0.88529017
rhamnose_gL,all_known,eem_parafac_scores,parafac_rank_selected,krr,"kernel=laplacian,alpha=0.01,gamma_scale=2.0,max_features=48,x_transform=none,log_target=True",10,1.0888657,0.17413051,0.51778089,-0.88529017
rhamnose_gL,all_known,eem_parafac_scores,parafac_rank_selected,krr,"kernel=laplacian,alpha=0.01,gamma_scale=2.0,max_features=192,x_transform=none,log_target=True",10,1.0888657,0.17413051,0.51778089,-0.88529017
rhamnose_gL,all_known,raman_preprocessed_als_sg2_snv,als_sg2_snv,weighted_knn,"k=3,metric=manhattan,max_features=12,x_transform=l2,log_target=False",10,1.0895366,0.19448308,0.53846787,-0.90221795
rhamnose_gL,target_focused,eem_parafac_scores,parafac_rank_selected,weighted_knn,"k=5,metric=correlation,max_features=12,x_transform=none,log_target=True",10,1.0974202,0.3934689,0.68606396,-0.56517331
rhamnose_gL,target_focused,eem_parafac_scores,parafac_rank_selected,weighted_knn,"k=5,metric=correlation,max_features=12,x_transform=l2,log_target=True",10,1.0974202,0.3934689,0.68606396,-0.56517331
rhamnose_gL,target_focused,eem_parafac_scores,parafac_rank_selected,weighted_knn,"k=5,metric=correlation,max_features=48,x_transform=none,log_target=True",10,1.0974202,0.3934689,0.68606396,-0.56517331
rhamnose_gL,target_focused,eem_parafac_scores,parafac_rank_selected,weighted_knn,"k=5,metric=correlation,max_features=48,x_transform=l2,log_target=True",10,1.0974202,0.3934689,0.68606396,-0.56517331
rhamnose_gL,target_focused,eem_parafac_scores,parafac_rank_selected,weighted_knn,"k=5,metric=correlation,max_features=192,x_transform=none,log_target=True",10,1.0974202,0.3934689,0.68606396,-0.56517331
rhamnose_gL,target_focused,eem_parafac_scores,parafac_rank_selected,weighted_knn,"k=5,metric=correlation,max_features=192,x_transform=l2,log_target=True",10,1.0974202,0.3934689,0.68606396,-0.56517331
rhamnose_gL,target_focused,eem_parafac_scores,parafac_rank_selected,krr,"kernel=rbf,alpha=0.01,gamma_scale=2.0,max_features=12,x_transform=none,log_target=False",10,1.0988153,0.37803105,0.65039876,-0.47106554
rhamnose_gL,target_focused,eem_parafac_scores,parafac_rank_selected,krr,"kernel=rbf,alpha=0.01,gamma_scale=2.0,max_features=48,x_transform=none,log_target=False",10,1.0988153,0.37803105,0.65039876,-0.47106554
rhamnose_gL,target_focused,eem_parafac_scores,parafac_rank_selected,krr,"kernel=rbf,alpha=0.01,gamma_scale=2.0,max_features=192,x_transform=none,log_target=False",10,1.0988153,0.37803105,0.65039876,-0.47106554
rhamnose_gL,all_known,raman_preprocessed_als_sg2_snv,als_sg2_snv,weighted_knn,"k=3,metric=manhattan,max_features=48,x_transform=l2,log_target=False",10,1.1010925,0.19183961,0.56215416,-0.87337618
rhamnose_gL,all_known,eem_parafac_scores,parafac_rank_selected,weighted_knn,"k=3,metric=manhattan,max_features=12,x_transform=none,log_target=True",10,1.1038813,0.16731952,0.52038284,-1.0906764
rhamnose_gL,all_known,eem_parafac_scores,parafac_rank_selected,weighted_knn,"k=3,metric=manhattan,max_features=48,x_transform=none,log_target=True",10,1.1038813,0.16731952,0.52038284,-1.0906764
rhamnose_gL,all_known,eem_parafac_scores,parafac_rank_selected,weighted_knn,"k=3,metric=manhattan,max_features=192,x_transform=none,log_target=True",10,1.1038813,0.16731952,0.52038284,-1.0906764
rhamnose_gL,all_known,eem_parafac_scores,parafac_rank_selected,weighted_knn,"k=3,metric=correlation,max_features=12,x_transform=none,log_target=True",10,1.1054347,0.17158122,0.84748572,-1.0325859
rhamnose_gL,all_known,eem_parafac_scores,parafac_rank_selected,weighted_knn,"k=3,metric=correlation,max_features=12,x_transform=l2,log_target=True",10,1.1054347,0.17158122,0.84748572,-1.0325859
rhamnose_gL,all_known,eem_parafac_scores,parafac_rank_selected,weighted_knn,"k=3,metric=correlation,max_features=48,x_transform=none,log_target=True",10,1.1054347,0.17158122,0.84748572,-1.0325859
rhamnose_gL,all_known,eem_parafac_scores,parafac_rank_selected,weighted_knn,"k=3,metric=correlation,max_features=48,x_transform=l2,log_target=True",10,1.1054347,0.17158122,0.84748572,-1.0325859
rhamnose_gL,all_known,eem_parafac_scores,parafac_rank_selected,weighted_knn,"k=3,metric=correlation,max_features=192,x_transform=none,log_target=True",10,1.1054347,0.17158122,0.84748572,-1.0325859
rhamnose_gL,all_known,eem_parafac_scores,parafac_rank_selected,weighted_knn,"k=3,metric=correlation,max_features=192,x_transform=l2,log_target=True",10,1.1054347,0.17158122,0.84748572,-1.0325859
rhamnose_gL,target_focused,eem_parafac_scores,parafac_rank_selected,krr,"kernel=laplacian,alpha=0.1,gamma_scale=2.0,max_features=12,x_transform=none,log_target=True",10,1.1056763,0.40652057,0.61234852,-0.42456312
rhamnose_gL,target_focused,eem_parafac_scores,parafac_rank_selected,krr,"kernel=laplacian,alpha=0.1,gamma_scale=2.0,max_features=48,x_transform=none,log_target=True",10,1.1056763,0.40652057,0.61234852,-0.42456312
rhamnose_gL,target_focused,eem_parafac_scores,parafac_rank_selected,krr,"kernel=laplacian,alpha=0.1,gamma_scale=2.0,max_features=192,x_transform=none,log_target=True",10,1.1056763,0.40652057,0.61234852,-0.42456312
rhamnose_gL,all_known,raman_preprocessed_als_sg2_snv,als_sg2_snv,weighted_knn,"k=1,metric=manhattan,max_features=192,x_transform=none,log_target=False",10,1.109398,0.26659355,0.47576316,-0.90257114
rhamnose_gL,all_known,raman_preprocessed_als_sg2_snv,als_sg2_snv,weighted_knn,"k=1,metric=manhattan,max_features=192,x_transform=none,log_target=True",10,1.109398,0.26659355,0.47576316,-0.90257114
rhamnose_gL,all_known,raman_preprocessed_als_sg2_snv,als_sg2_snv,weighted_knn,"k=3,metric=correlation,max_features=48,x_transform=none,log_target=False",10,1.117121,0.18415613,0.58241954,-0.98370358
rhamnose_gL,all_known,raman_preprocessed_als_sg2_snv,als_sg2_snv,weighted_knn,"k=3,metric=correlation,max_features=48,x_transform=l2,log_target=False",10,1.117121,0.18415613,0.58241954,-0.98370358
rhamnose_gL,all_known,raman_preprocessed_als_sg0_snv_area,als_sg0_snv_area,weighted_knn,"k=1,metric=correlation,max_features=12,x_transform=none,log_target=False",10,1.1206905,0.17669149,0.53503947,-1.2428169
rhamnose_gL,all_known,raman_preprocessed_als_sg0_snv_area,als_sg0_snv_area,weighted_knn,"k=1,metric=correlation,max_features=12,x_transform=none,log_target=True",10,1.1206905,0.17669149,0.53503947,-1.2428169
rhamnose_gL,all_known,raman_preprocessed_als_sg0_snv_area,als_sg0_snv_area,weighted_knn,"k=1,metric=correlation,max_features=12,x_transform=l2,log_target=False",10,1.1206905,0.17669149,0.53503947,-1.2428169
rhamnose_gL,all_known,raman_preprocessed_als_sg0_snv_area,als_sg0_snv_area,weighted_knn,"k=1,metric=correlation,max_features=12,x_transform=l2,log_target=True",10,1.1206905,0.17669149,0.53503947,-1.2428169
rhamnose_gL,all_known,raman_preprocessed_als_sg0_snv_area,als_sg0_snv_area,krr,"kernel=rbf,alpha=0.01,gamma_scale=1.0,max_features=12,x_transform=l2,log_target=False",10,1.1236814,0.15337111,0.7107317,-1.1401404
rhamnose_gL,all_known,eem_parafac_scores,parafac_rank_selected,weighted_knn,"k=5,metric=manhattan,max_features=12,x_transform=l2,log_target=True",10,1.123983,0.11271019,0.74645056,-2.0995474
rhamnose_gL,all_known,eem_parafac_scores,parafac_rank_selected,weighted_knn,"k=5,metric=manhattan,max_features=48,x_transform=l2,log_target=True",10,1.123983,0.11271019,0.74645056,-2.0995474
rhamnose_gL,all_known,eem_parafac_scores,parafac_rank_selected,weighted_knn,"k=5,metric=manhattan,max_features=192,x_transform=l2,log_target=True",10,1.123983,0.11271019,0.74645056,-2.0995474
rhamnose_gL,all_known,eem_parafac_scores,parafac_rank_selected,weighted_knn,"k=5,metric=manhattan,max_features=12,x_transform=none,log_target=False",10,1.1318045,0.1628043,0.55147337,-1.291434
rhamnose_gL,all_known,eem_parafac_scores,parafac_rank_selected,weighted_knn,"k=5,metric=manhattan,max_features=48,x_transform=none,log_target=False",10,1.1318045,0.1628043,0.55147337,-1.291434
rhamnose_gL,all_known,eem_parafac_scores,parafac_rank_selected,weighted_knn,"k=5,metric=manhattan,max_features=192,x_transform=none,log_target=False",10,1.1318045,0.1628043,0.55147337,-1.291434
rhamnose_gL,all_known,eem_parafac_scores,parafac_rank_selected,krr,"kernel=laplacian,alpha=0.01,gamma_scale=1.0,max_features=12,x_transform=none,log_target=False",10,1.1330407,0.16297188,0.56528498,-1.1734722
rhamnose_gL,all_known,eem_parafac_scores,parafac_rank_selected,krr,"kernel=laplacian,alpha=0.01,gamma_scale=1.0,max_features=48,x_transform=none,log_target=False",10,1.1330407,0.16297188,0.56528498,-1.1734722
rhamnose_gL,all_known,eem_parafac_scores,parafac_rank_selected,krr,"kernel=laplacian,alpha=0.01,gamma_scale=1.0,max_features=192,x_transform=none,log_target=False",10,1.1330407,0.16297188,0.56528498,-1.1734722
rhamnose_gL,all_known,raman_preprocessed_als_sg0_snv_area,als_sg0_snv_area,weighted_knn,"k=1,metric=manhattan,max_features=12,x_transform=none,log_target=False",10,1.1359203,0.29199186,0.50982895,-1.0702974
rhamnose_gL,all_known,raman_preprocessed_als_sg0_snv_area,als_sg0_snv_area,weighted_knn,"k=1,metric=manhattan,max_features=12,x_transform=none,log_target=True",10,1.1359203,0.29199186,0.50982895,-1.0702974
rhamnose_gL,all_known,parafac_raman_fusion_als_sg0_snv_area,als_sg0_snv_area+parafac,weighted_knn,"k=1,metric=manhattan,max_features=192,x_transform=l2,log_target=False",10,1.1369649,0.29506059,0.52072368,-0.73731866
rhamnose_gL,all_known,parafac_raman_fusion_als_sg0_snv_area,als_sg0_snv_area+parafac,weighted_knn,"k=1,metric=manhattan,max_features=192,x_transform=l2,log_target=True",10,1.1369649,0.29506059,0.52072368,-0.73731866
rhamnose_gL,all_known,raman_preprocessed_als_sg2_snv,als_sg2_snv,weighted_knn,"k=1,metric=manhattan,max_features=192,x_transform=l2,log_target=False",10,1.1422051,0.26391806,0.49103947,-0.95089506
rhamnose_gL,all_known,raman_preprocessed_als_sg2_snv,als_sg2_snv,weighted_knn,"k=1,metric=manhattan,max_features=192,x_transform=l2,log_target=True",10,1.1422051,0.26391806,0.49103947,-0.95089506
rhamnose_gL,target_focused,eem_parafac_scores,parafac_rank_selected,krr,"kernel=laplacian,alpha=0.1,gamma_scale=1.0,max_features=12,x_transform=none,log_target=False",10,1.1445192,0.36729969,0.65276685,-0.67479819
rhamnose_gL,target_focused,eem_parafac_scores,parafac_rank_selected,krr,"kernel=laplacian,alpha=0.1,gamma_scale=1.0,max_features=48,x_transform=none,log_target=False",10,1.1445192,0.36729969,0.65276685,-0.67479819
rhamnose_gL,target_focused,eem_parafac_scores,parafac_rank_selected,krr,"kernel=laplacian,alpha=0.1,gamma_scale=1.0,max_features=192,x_transform=none,log_target=False",10,1.1445192,0.36729969,0.65276685,-0.67479819
rhamnose_gL,all_known,parafac_raman_fusion_als_sg2_snv,als_sg2_snv+parafac,krr,"kernel=rbf,alpha=0.01,gamma_scale=1.0,max_features=12,x_transform=l2,log_target=False",10,1.1455046,0.22152555,0.67056445,-0.86605603
rhamnose_gL,all_known,raman_preprocessed_als_sg2_snv,als_sg2_snv,krr,"kernel=rbf,alpha=0.01,gamma_scale=2.0,max_features=12,x_transform=l2,log_target=False",10,1.1555184,0.22173079,0.64520423,-0.94659336
rhamnose_gL,all_known,raman_preprocessed_als_sg0_snv_area,als_sg0_snv_area,weighted_knn,"k=1,metric=manhattan,max_features=12,x_transform=l2,log_target=False",10,1.1584259,0.23661888,0.52901316,-1.4583994
rhamnose_gL,all_known,raman_preprocessed_als_sg0_snv_area,als_sg0_snv_area,weighted_knn,"k=1,metric=manhattan,max_features=12,x_transform=l2,log_target=True",10,1.1584259,0.23661888,0.52901316,-1.4583994
rhamnose_gL,all_known,raman_preprocessed_als_sg2_snv,als_sg2_snv,weighted_knn,"k=1,metric=correlation,max_features=12,x_transform=none,log_target=False",10,1.1626197,0.30541974,0.55944737,-0.81995891
rhamnose_gL,all_known,raman_preprocessed_als_sg2_snv,als_sg2_snv,weighted_knn,"k=1,metric=correlation,max_features=12,x_transform=none,log_target=True",10,1.1626197,0.30541974,0.55944737,-0.81995891
rhamnose_gL,all_known,raman_preprocessed_als_sg2_snv,als_sg2_snv,weighted_knn,"k=1,metric=correlation,max_features=12,x_transform=l2,log_target=False",10,1.1626197,0.30541974,0.55944737,-0.81995891
rhamnose_gL,all_known,raman_preprocessed_als_sg2_snv,als_sg2_snv,weighted_knn,"k=1,metric=correlation,max_features=12,x_transform=l2,log_target=True",10,1.1626197,0.30541974,0.55944737,-0.81995891
rhamnose_gL,target_focused,eem_parafac_scores,parafac_rank_selected,krr,"kernel=laplacian,alpha=0.01,gamma_scale=1.0,max_features=12,x_transform=none,log_target=True",10,1.1636859,0.37166191,0.63832015,-0.7844259
rhamnose_gL,target_focused,eem_parafac_scores,parafac_rank_selected,krr,"kernel=laplacian,alpha=0.01,gamma_scale=1.0,max_features=48,x_transform=none,log_target=True",10,1.1636859,0.37166191,0.63832015,-0.7844259
rhamnose_gL,target_focused,eem_parafac_scores,parafac_rank_selected,krr,"kernel=laplacian,alpha=0.01,gamma_scale=1.0,max_features=192,x_transform=none,log_target=True",10,1.1636859,0.37166191,0.63832015,-0.7844259
rhamnose_gL,all_known,eem_parafac_scores,parafac_rank_selected,krr,"kernel=laplacian,alpha=0.01,gamma_scale=2.0,max_features=12,x_transform=none,log_target=False",10,1.1651791,0.15888309,0.57680306,-1.4575212
rhamnose_gL,all_known,eem_parafac_scores,parafac_rank_selected,krr,"kernel=laplacian,alpha=0.01,gamma_scale=2.0,max_features=48,x_transform=none,log_target=False",10,1.1651791,0.15888309,0.57680306,-1.4575212
rhamnose_gL,all_known,eem_parafac_scores,parafac_rank_selected,krr,"kernel=laplacian,alpha=0.01,gamma_scale=2.0,max_features=192,x_transform=none,log_target=False",10,1.1651791,0.15888309,0.57680306,-1.4575212
rhamnose_gL,target_focused,eem_parafac_scores,parafac_rank_selected,krr,"kernel=laplacian,alpha=0.1,gamma_scale=2.0,max_features=12,x_transform=none,log_target=False",10,1.16828,0.35901137,0.6605898,-0.81883013
rhamnose_gL,target_focused,eem_parafac_scores,parafac_rank_selected,krr,"kernel=laplacian,alpha=0.1,gamma_scale=2.0,max_features=48,x_transform=none,log_target=False",10,1.16828,0.35901137,0.6605898,-0.81883013
rhamnose_gL,target_focused,eem_parafac_scores,parafac_rank_selected,krr,"kernel=laplacian,alpha=0.1,gamma_scale=2.0,max_features=192,x_transform=none,log_target=False",10,1.16828,0.35901137,0.6605898,-0.81883013
rhamnose_gL,all_known,eem_parafac_scores,parafac_rank_selected,weighted_knn,"k=3,metric=manhattan,max_features=12,x_transform=none,log_target=False",10,1.1690081,0.15797623,0.57569154,-1.5410494
rhamnose_gL,all_known,eem_parafac_scores,parafac_rank_selected,weighted_knn,"k=3,metric=manhattan,max_features=48,x_transform=none,log_target=False",10,1.1690081,0.15797623,0.57569154,-1.5410494
rhamnose_gL,all_known,eem_parafac_scores,parafac_rank_selected,weighted_knn,"k=3,metric=manhattan,max_features=192,x_transform=none,log_target=False",10,1.1690081,0.15797623,0.57569154,-1.5410494
rhamnose_gL,target_focused,eem_parafac_scores,parafac_rank_selected,weighted_knn,"k=3,metric=correlation,max_features=12,x_transform=none,log_target=True",10,1.1724342,0.3400435,0.78407682,-0.95118681
rhamnose_gL,target_focused,eem_parafac_scores,parafac_rank_selected,weighted_knn,"k=3,metric=correlation,max_features=12,x_transform=l2,log_target=True",10,1.1724342,0.3400435,0.78407682,-0.95118681
rhamnose_gL,target_focused,eem_parafac_scores,parafac_rank_selected,weighted_knn,"k=3,metric=correlation,max_features=48,x_transform=none,log_target=True",10,1.1724342,0.3400435,0.78407682,-0.95118681
rhamnose_gL,target_focused,eem_parafac_scores,parafac_rank_selected,weighted_knn,"k=3,metric=correlation,max_features=48,x_transform=l2,log_target=True",10,1.1724342,0.3400435,0.78407682,-0.95118681
rhamnose_gL,target_focused,eem_parafac_scores,parafac_rank_selected,weighted_knn,"k=3,metric=correlation,max_features=192,x_transform=none,log_target=True",10,1.1724342,0.3400435,0.78407682,-0.95118681
rhamnose_gL,target_focused,eem_parafac_scores,parafac_rank_selected,weighted_knn,"k=3,metric=correlation,max_features=192,x_transform=l2,log_target=True",10,1.1724342,0.3400435,0.78407682,-0.95118681
rhamnose_gL,all_known,eem_parafac_scores,parafac_rank_selected,weighted_knn,"k=5,metric=correlation,max_features=12,x_transform=none,log_target=False",10,1.1735669,0.165756,0.92113421,-1.462832
rhamnose_gL,all_known,eem_parafac_scores,parafac_rank_selected,weighted_knn,"k=5,metric=correlation,max_features=12,x_transform=l2,log_target=False",10,1.1735669,0.165756,0.92113421,-1.462832
rhamnose_gL,all_known,eem_parafac_scores,parafac_rank_selected,weighted_knn,"k=5,metric=correlation,max_features=48,x_transform=none,log_target=False",10,1.1735669,0.165756,0.92113421,-1.462832
rhamnose_gL,all_known,eem_parafac_scores,parafac_rank_selected,weighted_knn,"k=5,metric=correlation,max_features=48,x_transform=l2,log_target=False",10,1.1735669,0.165756,0.92113421,-1.462832
rhamnose_gL,all_known,eem_parafac_scores,parafac_rank_selected,weighted_knn,"k=5,metric=correlation,max_features=192,x_transform=none,log_target=False",10,1.1735669,0.165756,0.92113421,-1.462832
rhamnose_gL,all_known,eem_parafac_scores,parafac_rank_selected,weighted_knn,"k=5,metric=correlation,max_features=192,x_transform=l2,log_target=False",10,1.1735669,0.165756,0.92113421,-1.462832
rhamnose_gL,all_known,parafac_raman_fusion_als_sg2_snv,als_sg2_snv+parafac,weighted_knn,"k=1,metric=manhattan,max_features=192,x_transform=none,log_target=False",10,1.1741376,0.28030316,0.51382895,-1.2670925
rhamnose_gL,all_known,parafac_raman_fusion_als_sg2_snv,als_sg2_snv+parafac,weighted_knn,"k=1,metric=manhattan,max_features=192,x_transform=none,log_target=True",10,1.1741376,0.28030316,0.51382895,-1.2670925
rhamnose_gL,all_known,raman_preprocessed_als_sg0_snv_area,als_sg0_snv_area,weighted_knn,"k=1,metric=manhattan,max_features=192,x_transform=l2,log_target=False",10,1.1749829,0.36219821,0.53696053,-1.0021586
rhamnose_gL,all_known,raman_preprocessed_als_sg0_snv_area,als_sg0_snv_area,weighted_knn,"k=1,metric=manhattan,max_features=192,x_transform=l2,log_target=True",10,1.1749829,0.36219821,0.53696053,-1.0021586
rhamnose_gL,all_known,raman_preprocessed_als_sg0_snv_area,als_sg0_snv_area,weighted_knn,"k=1,metric=correlation,max_features=48,x_transform=none,log_target=False",10,1.1765959,0.20794489,0.55903947,-1.3164128
rhamnose_gL,all_known,raman_preprocessed_als_sg0_snv_area,als_sg0_snv_area,weighted_knn,"k=1,metric=correlation,max_features=48,x_transform=none,log_target=True",10,1.1765959,0.20794489,0.55903947,-1.3164128
rhamnose_gL,all_known,raman_preprocessed_als_sg0_snv_area,als_sg0_snv_area,weighted_knn,"k=1,metric=correlation,max_features=48,x_transform=l2,log_target=False",10,1.1765959,0.20794489,0.55903947,-1.3164128
rhamnose_gL,all_known,raman_preprocessed_als_sg0_snv_area,als_sg0_snv_area,weighted_knn,"k=1,metric=correlation,max_features=48,x_transform=l2,log_target=True",10,1.1765959,0.20794489,0.55903947,-1.3164128
rhamnose_gL,all_known,parafac_raman_fusion_als_sg2_snv,als_sg2_snv+parafac,weighted_knn,"k=1,metric=correlation,max_features=12,x_transform=none,log_target=False",10,1.1899862,0.2853722,0.56696053,-1.0001041
rhamnose_gL,all_known,parafac_raman_fusion_als_sg2_snv,als_sg2_snv+parafac,weighted_knn,"k=1,metric=correlation,max_features=12,x_transform=none,log_target=True",10,1.1899862,0.2853722,0.56696053,-1.0001041
rhamnose_gL,all_known,parafac_raman_fusion_als_sg2_snv,als_sg2_snv+parafac,weighted_knn,"k=1,metric=correlation,max_features=12,x_transform=l2,log_target=False",10,1.1899862,0.2853722,0.56696053,-1.0001041
rhamnose_gL,all_known,parafac_raman_fusion_als_sg2_snv,als_sg2_snv+parafac,weighted_knn,"k=1,metric=correlation,max_features=12,x_transform=l2,log_target=True",10,1.1899862,0.2853722,0.56696053,-1.0001041
rhamnose_gL,all_known,eem_parafac_scores,parafac_rank_selected,weighted_knn,"k=3,metric=manhattan,max_features=12,x_transform=l2,log_target=True",10,1.1978117,0.37820586,0.86219098,-1.1746109
rhamnose_gL,all_known,eem_parafac_scores,parafac_rank_selected,weighted_knn,"k=3,metric=manhattan,max_features=48,x_transform=l2,log_target=True",10,1.1978117,0.37820586,0.86219098,-1.1746109
rhamnose_gL,all_known,eem_parafac_scores,parafac_rank_selected,weighted_knn,"k=3,metric=manhattan,max_features=192,x_transform=l2,log_target=True",10,1.1978117,0.37820586,0.86219098,-1.1746109
rhamnose_gL,target_focused,eem_parafac_scores,parafac_rank_selected,krr,"kernel=laplacian,alpha=0.01,gamma_scale=2.0,max_features=12,x_transform=none,log_target=True",10,1.1984327,0.35678441,0.65264145,-1.0165538
rhamnose_gL,target_focused,eem_parafac_scores,parafac_rank_selected,krr,"kernel=laplacian,alpha=0.01,gamma_scale=2.0,max_features=48,x_transform=none,log_target=True",10,1.1984327,0.35678441,0.65264145,-1.0165538
rhamnose_gL,target_focused,eem_parafac_scores,parafac_rank_selected,krr,"kernel=laplacian,alpha=0.01,gamma_scale=2.0,max_features=192,x_transform=none,log_target=True",10,1.1984327,0.35678441,0.65264145,-1.0165538
rhamnose_gL,all_known,parafac_raman_fusion_als_sg2_snv,als_sg2_snv+parafac,weighted_knn,"k=1,metric=correlation,max_features=192,x_transform=none,log_target=False",10,1.1985447,0.33087347,0.56063158,-0.91960123
rhamnose_gL,all_known,parafac_raman_fusion_als_sg2_snv,als_sg2_snv+parafac,weighted_knn,"k=1,metric=correlation,max_features=192,x_transform=none,log_target=True",10,1.1985447,0.33087347,0.56063158,-0.91960123
rhamnose_gL,all_known,parafac_raman_fusion_als_sg2_snv,als_sg2_snv+parafac,weighted_knn,"k=1,metric=correlation,max_features=192,x_transform=l2,log_target=False",10,1.1985447,0.33087347,0.56063158,-0.91960123
rhamnose_gL,all_known,parafac_raman_fusion_als_sg2_snv,als_sg2_snv+parafac,weighted_knn,"k=1,metric=correlation,max_features=192,x_transform=l2,log_target=True",10,1.1985447,0.33087347,0.56063158,-0.91960123
rhamnose_gL,all_known,raman_preprocessed_als_sg2_snv,als_sg2_snv,weighted_knn,"k=1,metric=correlation,max_features=192,x_transform=none,log_target=False",10,1.202868,0.33349123,0.56760526,-1.0330028
rhamnose_gL,all_known,raman_preprocessed_als_sg2_snv,als_sg2_snv,weighted_knn,"k=1,metric=correlation,max_features=192,x_transform=none,log_target=True",10,1.202868,0.33349123,0.56760526,-1.0330028
rhamnose_gL,all_known,raman_preprocessed_als_sg2_snv,als_sg2_snv,weighted_knn,"k=1,metric=correlation,max_features=192,x_transform=l2,log_target=False",10,1.202868,0.33349123,0.56760526,-1.0330028
rhamnose_gL,all_known,raman_preprocessed_als_sg2_snv,als_sg2_snv,weighted_knn,"k=1,metric=correlation,max_features=192,x_transform=l2,log_target=True",10,1.202868,0.33349123,0.56760526,-1.0330028
rhamnose_gL,target_focused,eem_parafac_scores,parafac_rank_selected,weighted_knn,"k=5,metric=manhattan,max_features=12,x_transform=none,log_target=True",10,1.2048611,0.35455262,0.65236289,-1.1449854
rhamnose_gL,target_focused,eem_parafac_scores,parafac_rank_selected,weighted_knn,"k=5,metric=manhattan,max_features=48,x_transform=none,log_target=True",10,1.2048611,0.35455262,0.65236289,-1.1449854
rhamnose_gL,target_focused,eem_parafac_scores,parafac_rank_selected,weighted_knn,"k=5,metric=manhattan,max_features=192,x_transform=none,log_target=True",10,1.2048611,0.35455262,0.65236289,-1.1449854
rhamnose_gL,all_known,raman_preprocessed_als_sg0_snv_area,als_sg0_snv_area,weighted_knn,"k=1,metric=manhattan,max_features=48,x_transform=none,log_target=False",10,1.2135379,0.31305851,0.56707895,-1.5608096
rhamnose_gL,all_known,raman_preprocessed_als_sg0_snv_area,als_sg0_snv_area,weighted_knn,"k=1,metric=manhattan,max_features=48,x_transform=none,log_target=True",10,1.2135379,0.31305851,0.56707895,-1.5608096
rhamnose_gL,all_known,parafac_raman_fusion_als_sg2_snv,als_sg2_snv+parafac,weighted_knn,"k=1,metric=manhattan,max_features=192,x_transform=l2,log_target=False",10,1.2190051,0.26080198,0.54331579,-1.3715514
rhamnose_gL,all_known,parafac_raman_fusion_als_sg2_snv,als_sg2_snv+parafac,weighted_knn,"k=1,metric=manhattan,max_features=192,x_transform=l2,log_target=True",10,1.2190051,0.26080198,0.54331579,-1.3715514
rhamnose_gL,target_focused,eem_parafac_scores,parafac_rank_selected,weighted_knn,"k=3,metric=manhattan,max_features=12,x_transform=none,log_target=True",10,1.2194059,0.34657061,0.65429146,-1.2526163
rhamnose_gL,target_focused,eem_parafac_scores,parafac_rank_selected,weighted_knn,"k=3,metric=manhattan,max_features=48,x_transform=none,log_target=True",10,1.2194059,0.34657061,0.65429146,-1.2526163
rhamnose_gL,target_focused,eem_parafac_scores,parafac_rank_selected,weighted_knn,"k=3,metric=manhattan,max_features=192,x_transform=none,log_target=True",10,1.2194059,0.34657061,0.65429146,-1.2526163
rhamnose_gL,all_known,parafac_raman_fusion_als_sg2_snv,als_sg2_snv+parafac,weighted_knn,"k=1,metric=manhattan,max_features=48,x_transform=l2,log_target=False",10,1.2214528,0.15225958,0.57473684,-1.8217483
rhamnose_gL,all_known,parafac_raman_fusion_als_sg2_snv,als_sg2_snv+parafac,weighted_knn,"k=1,metric=manhattan,max_features=48,x_transform=l2,log_target=True",10,1.2214528,0.15225958,0.57473684,-1.8217483
rhamnose_gL,target_focused,eem_parafac_scores,parafac_rank_selected,krr,"kernel=laplacian,alpha=0.01,gamma_scale=1.0,max_features=12,x_transform=none,log_target=False",10,1.2265179,0.34190342,0.68126325,-1.2502233
rhamnose_gL,target_focused,eem_parafac_scores,parafac_rank_selected,krr,"kernel=laplacian,alpha=0.01,gamma_scale=1.0,max_features=48,x_transform=none,log_target=False",10,1.2265179,0.34190342,0.68126325,-1.2502233
rhamnose_gL,target_focused,eem_parafac_scores,parafac_rank_selected,krr,"kernel=laplacian,alpha=0.01,gamma_scale=1.0,max_features=192,x_transform=none,log_target=False",10,1.2265179,0.34190342,0.68126325,-1.2502233
rhamnose_gL,all_known,raman_preprocessed_als_sg0_snv_area,als_sg0_snv_area,weighted_knn,"k=1,metric=manhattan,max_features=48,x_transform=l2,log_target=False",10,1.2326536,0.28842292,0.57994737,-1.344246
rhamnose_gL,all_known,raman_preprocessed_als_sg0_snv_area,als_sg0_snv_area,weighted_knn,"k=1,metric=manhattan,max_features=48,x_transform=l2,log_target=True",10,1.2326536,0.28842292,0.57994737,-1.344246
rhamnose_gL,all_known,raman_preprocessed_als_sg2_snv,als_sg2_snv,krr,"kernel=rbf,alpha=0.01,gamma_scale=1.0,max_features=12,x_transform=l2,log_target=False",10,1.238218,0.20485724,0.75124759,-1.3450061
rhamnose_gL,all_known,parafac_raman_fusion_als_sg2_snv,als_sg2_snv+parafac,weighted_knn,"k=1,metric=manhattan,max_features=12,x_transform=l2,log_target=False",10,1.2399132,0.27003708,0.57005263,-1.606664
rhamnose_gL,all_known,parafac_raman_fusion_als_sg2_snv,als_sg2_snv+parafac,weighted_knn,"k=1,metric=manhattan,max_features=12,x_transform=l2,log_target=True",10,1.2399132,0.27003708,0.57005263,-1.606664
rhamnose_gL,target_focused,eem_parafac_scores,parafac_rank_selected,krr,"kernel=laplacian,alpha=0.01,gamma_scale=2.0,max_features=12,x_transform=none,log_target=False",10,1.2510617,0.33863745,0.68723903,-1.4355684
rhamnose_gL,target_focused,eem_parafac_scores,parafac_rank_selected,krr,"kernel=laplacian,alpha=0.01,gamma_scale=2.0,max_features=48,x_transform=none,log_target=False",10,1.2510617,0.33863745,0.68723903,-1.4355684
rhamnose_gL,target_focused,eem_parafac_scores,parafac_rank_selected,krr,"kernel=laplacian,alpha=0.01,gamma_scale=2.0,max_features=192,x_transform=none,log_target=False",10,1.2510617,0.33863745,0.68723903,-1.4355684
rhamnose_gL,all_known,raman_preprocessed_als_sg2_snv,als_sg2_snv,weighted_knn,"k=1,metric=manhattan,max_features=12,x_transform=l2,log_target=False",10,1.2561631,0.22925281,0.57417105,-1.5794188
rhamnose_gL,all_known,raman_preprocessed_als_sg2_snv,als_sg2_snv,weighted_knn,"k=1,metric=manhattan,max_features=12,x_transform=l2,log_target=True",10,1.2561631,0.22925281,0.57417105,-1.5794188
rhamnose_gL,target_focused,eem_parafac_scores,parafac_rank_selected,weighted_knn,"k=5,metric=manhattan,max_features=12,x_transform=none,log_target=False",10,1.2611621,0.32464882,0.69882206,-1.5961785
rhamnose_gL,target_focused,eem_parafac_scores,parafac_rank_selected,weighted_knn,"k=5,metric=manhattan,max_features=48,x_transform=none,log_target=False",10,1.2611621,0.32464882,0.69882206,-1.5961785
rhamnose_gL,target_focused,eem_parafac_scores,parafac_rank_selected,weighted_knn,"k=5,metric=manhattan,max_features=192,x_transform=none,log_target=False",10,1.2611621,0.32464882,0.69882206,-1.5961785
rhamnose_gL,target_focused,eem_parafac_scores,parafac_rank_selected,weighted_knn,"k=3,metric=manhattan,max_features=12,x_transform=none,log_target=False",10,1.274182,0.32149104,0.69745228,-1.6974468
rhamnose_gL,target_focused,eem_parafac_scores,parafac_rank_selected,weighted_knn,"k=3,metric=manhattan,max_features=48,x_transform=none,log_target=False",10,1.274182,0.32149104,0.69745228,-1.6974468
rhamnose_gL,target_focused,eem_parafac_scores,parafac_rank_selected,weighted_knn,"k=3,metric=manhattan,max_features=192,x_transform=none,log_target=False",10,1.274182,0.32149104,0.69745228,-1.6974468
rhamnose_gL,all_known,raman_preprocessed_als_sg2_snv,als_sg2_snv,weighted_knn,"k=1,metric=correlation,max_features=48,x_transform=none,log_target=False",10,1.2750899,0.2354558,0.59192105,-1.8747582
rhamnose_gL,all_known,raman_preprocessed_als_sg2_snv,als_sg2_snv,weighted_knn,"k=1,metric=correlation,max_features=48,x_transform=none,log_target=True",10,1.2750899,0.2354558,0.59192105,-1.8747582
rhamnose_gL,all_known,raman_preprocessed_als_sg2_snv,als_sg2_snv,weighted_knn,"k=1,metric=correlation,max_features=48,x_transform=l2,log_target=False",10,1.2750899,0.2354558,0.59192105,-1.8747582
rhamnose_gL,all_known,raman_preprocessed_als_sg2_snv,als_sg2_snv,weighted_knn,"k=1,metric=correlation,max_features=48,x_transform=l2,log_target=True",10,1.2750899,0.2354558,0.59192105,-1.8747582
rhamnose_gL,all_known,eem_parafac_scores,parafac_rank_selected,weighted_knn,"k=1,metric=manhattan,max_features=12,x_transform=none,log_target=False",10,1.2957174,0.22742706,0.59618421,-2.432216
rhamnose_gL,all_known,eem_parafac_scores,parafac_rank_selected,weighted_knn,"k=1,metric=manhattan,max_features=12,x_transform=none,log_target=True",10,1.2957174,0.22742706,0.59618421,-2.432216
rhamnose_gL,all_known,eem_parafac_scores,parafac_rank_selected,weighted_knn,"k=1,metric=manhattan,max_features=48,x_transform=none,log_target=False",10,1.2957174,0.22742706,0.59618421,-2.432216
rhamnose_gL,all_known,eem_parafac_scores,parafac_rank_selected,weighted_knn,"k=1,metric=manhattan,max_features=48,x_transform=none,log_target=True",10,1.2957174,0.22742706,0.59618421,-2.432216
rhamnose_gL,all_known,eem_parafac_scores,parafac_rank_selected,weighted_knn,"k=1,metric=manhattan,max_features=192,x_transform=none,log_target=False",10,1.2957174,0.22742706,0.59618421,-2.432216
rhamnose_gL,all_known,eem_parafac_scores,parafac_rank_selected,weighted_knn,"k=1,metric=manhattan,max_features=192,x_transform=none,log_target=True",10,1.2957174,0.22742706,0.59618421,-2.432216
rhamnose_gL,all_known,parafac_raman_fusion_als_sg2_snv,als_sg2_snv+parafac,weighted_knn,"k=1,metric=correlation,max_features=48,x_transform=none,log_target=False",10,1.2962879,0.24992444,0.62477632,-1.6933396
rhamnose_gL,all_known,parafac_raman_fusion_als_sg2_snv,als_sg2_snv+parafac,weighted_knn,"k=1,metric=correlation,max_features=48,x_transform=none,log_target=True",10,1.2962879,0.24992444,0.62477632,-1.6933396
rhamnose_gL,all_known,parafac_raman_fusion_als_sg2_snv,als_sg2_snv+parafac,weighted_knn,"k=1,metric=correlation,max_features=48,x_transform=l2,log_target=False",10,1.2962879,0.24992444,0.62477632,-1.6933396
rhamnose_gL,all_known,parafac_raman_fusion_als_sg2_snv,als_sg2_snv+parafac,weighted_knn,"k=1,metric=correlation,max_features=48,x_transform=l2,log_target=True",10,1.2962879,0.24992444,0.62477632,-1.6933396
rhamnose_gL,target_focused,eem_parafac_scores,parafac_rank_selected,weighted_knn,"k=1,metric=manhattan,max_features=12,x_transform=none,log_target=False",10,1.3184362,0.31575365,0.68463636,-2.0914808
rhamnose_gL,target_focused,eem_parafac_scores,parafac_rank_selected,weighted_knn,"k=1,metric=manhattan,max_features=12,x_transform=none,log_target=True",10,1.3184362,0.31575365,0.68463636,-2.0914808
rhamnose_gL,target_focused,eem_parafac_scores,parafac_rank_selected,weighted_knn,"k=1,metric=manhattan,max_features=48,x_transform=none,log_target=False",10,1.3184362,0.31575365,0.68463636,-2.0914808
rhamnose_gL,target_focused,eem_parafac_scores,parafac_rank_selected,weighted_knn,"k=1,metric=manhattan,max_features=48,x_transform=none,log_target=True",10,1.3184362,0.31575365,0.68463636,-2.0914808
rhamnose_gL,target_focused,eem_parafac_scores,parafac_rank_selected,weighted_knn,"k=1,metric=manhattan,max_features=192,x_transform=none,log_target=False",10,1.3184362,0.31575365,0.68463636,-2.0914808
rhamnose_gL,target_focused,eem_parafac_scores,parafac_rank_selected,weighted_knn,"k=1,metric=manhattan,max_features=192,x_transform=none,log_target=True",10,1.3184362,0.31575365,0.68463636,-2.0914808
rhamnose_gL,all_known,raman_preprocessed_als_sg2_snv,als_sg2_snv,weighted_knn,"k=1,metric=manhattan,max_features=48,x_transform=l2,log_target=False",10,1.3329479,0.18125964,0.60593421,-2.3291405
rhamnose_gL,all_known,raman_preprocessed_als_sg2_snv,als_sg2_snv,weighted_knn,"k=1,metric=manhattan,max_features=48,x_transform=l2,log_target=True",10,1.3329479,0.18125964,0.60593421,-2.3291405
rhamnose_gL,target_focused,eem_parafac_scores,parafac_rank_selected,weighted_knn,"k=5,metric=correlation,max_features=12,x_transform=none,log_target=False",10,1.3368006,0.29685343,0.98439091,-2.639615
rhamnose_gL,target_focused,eem_parafac_scores,parafac_rank_selected,weighted_knn,"k=5,metric=correlation,max_features=12,x_transform=l2,log_target=False",10,1.3368006,0.29685343,0.98439091,-2.639615
rhamnose_gL,target_focused,eem_parafac_scores,parafac_rank_selected,weighted_knn,"k=5,metric=correlation,max_features=48,x_transform=none,log_target=False",10,1.3368006,0.29685343,0.98439091,-2.639615
rhamnose_gL,target_focused,eem_parafac_scores,parafac_rank_selected,weighted_knn,"k=5,metric=correlation,max_features=48,x_transform=l2,log_target=False",10,1.3368006,0.29685343,0.98439091,-2.639615
rhamnose_gL,target_focused,eem_parafac_scores,parafac_rank_selected,weighted_knn,"k=5,metric=correlation,max_features=192,x_transform=none,log_target=False",10,1.3368006,0.29685343,0.98439091,-2.639615
rhamnose_gL,target_focused,eem_parafac_scores,parafac_rank_selected,weighted_knn,"k=5,metric=correlation,max_features=192,x_transform=l2,log_target=False",10,1.3368006,0.29685343,0.98439091,-2.639615
rhamnose_gL,all_known,parafac_raman_fusion_als_sg0_snv_area,als_sg0_snv_area+parafac,weighted_knn,"k=1,metric=manhattan,max_features=192,x_transform=none,log_target=False",10,1.4005306,0.32604078,0.64631579,-2.628324
rhamnose_gL,all_known,parafac_raman_fusion_als_sg0_snv_area,als_sg0_snv_area+parafac,weighted_knn,"k=1,metric=manhattan,max_features=192,x_transform=none,log_target=True",10,1.4005306,0.32604078,0.64631579,-2.628324
rhamnose_gL,all_known,eem_parafac_scores,parafac_rank_selected,weighted_knn,"k=5,metric=manhattan,max_features=12,x_transform=l2,log_target=False",10,1.4565191,0.26889795,1.1084868,-5.7109473
rhamnose_gL,all_known,eem_parafac_scores,parafac_rank_selected,weighted_knn,"k=5,metric=manhattan,max_features=48,x_transform=l2,log_target=False",10,1.4565191,0.26889795,1.1084868,-5.7109473
rhamnose_gL,all_known,eem_parafac_scores,parafac_rank_selected,weighted_knn,"k=5,metric=manhattan,max_features=192,x_transform=l2,log_target=False",10,1.4565191,0.26889795,1.1084868,-5.7109473
rhamnose_gL,all_known,raman_preprocessed_als_sg0_snv_area,als_sg0_snv_area,weighted_knn,"k=1,metric=manhattan,max_features=192,x_transform=none,log_target=True",10,1.4575824,0.28386605,0.67805263,-2.5173381
rhamnose_gL,all_known,raman_preprocessed_als_sg0_snv_area,als_sg0_snv_area,weighted_knn,"k=1,metric=manhattan,max_features=192,x_transform=none,log_target=False",10,1.4575824,0.28386605,0.67805263,-2.5173381
rhamnose_gL,all_known,eem_parafac_scores,parafac_rank_selected,weighted_knn,"k=3,metric=correlation,max_features=12,x_transform=none,log_target=False",10,1.51349,0.33128023,1.3360746,-4.1754243
rhamnose_gL,all_known,eem_parafac_scores,parafac_rank_selected,weighted_knn,"k=3,metric=correlation,max_features=12,x_transform=l2,log_target=False",10,1.51349,0.33128023,1.3360746,-4.1754243
rhamnose_gL,all_known,eem_parafac_scores,parafac_rank_selected,weighted_knn,"k=3,metric=correlation,max_features=48,x_transform=none,log_target=False",10,1.51349,0.33128023,1.3360746,-4.1754243
rhamnose_gL,all_known,eem_parafac_scores,parafac_rank_selected,weighted_knn,"k=3,metric=correlation,max_features=48,x_transform=l2,log_target=False",10,1.51349,0.33128023,1.3360746,-4.1754243
rhamnose_gL,all_known,eem_parafac_scores,parafac_rank_selected,weighted_knn,"k=3,metric=correlation,max_features=192,x_transform=none,log_target=False",10,1.51349,0.33128023,1.3360746,-4.1754243
rhamnose_gL,all_known,eem_parafac_scores,parafac_rank_selected,weighted_knn,"k=3,metric=correlation,max_features=192,x_transform=l2,log_target=False",10,1.51349,0.33128023,1.3360746,-4.1754243
rhamnose_gL,target_focused,eem_parafac_scores,parafac_rank_selected,weighted_knn,"k=3,metric=correlation,max_features=12,x_transform=none,log_target=False",10,1.5209027,0.2366148,1.2066818,-3.944376
rhamnose_gL,target_focused,eem_parafac_scores,parafac_rank_selected,weighted_knn,"k=3,metric=correlation,max_features=12,x_transform=l2,log_target=False",10,1.5209027,0.2366148,1.2066818,-3.944376
rhamnose_gL,target_focused,eem_parafac_scores,parafac_rank_selected,weighted_knn,"k=3,metric=correlation,max_features=48,x_transform=none,log_target=False",10,1.5209027,0.2366148,1.2066818,-3.944376
rhamnose_gL,target_focused,eem_parafac_scores,parafac_rank_selected,weighted_knn,"k=3,metric=correlation,max_features=48,x_transform=l2,log_target=False",10,1.5209027,0.2366148,1.2066818,-3.944376
rhamnose_gL,target_focused,eem_parafac_scores,parafac_rank_selected,weighted_knn,"k=3,metric=correlation,max_features=192,x_transform=none,log_target=False",10,1.5209027,0.2366148,1.2066818,-3.944376
rhamnose_gL,target_focused,eem_parafac_scores,parafac_rank_selected,weighted_knn,"k=3,metric=correlation,max_features=192,x_transform=l2,log_target=False",10,1.5209027,0.2366148,1.2066818,-3.944376
rhamnose_gL,all_known,eem_parafac_scores,parafac_rank_selected,weighted_knn,"k=3,metric=manhattan,max_features=12,x_transform=l2,log_target=False",10,1.5879569,0.37107663,1.2644605,-3.5208373
rhamnose_gL,all_known,eem_parafac_scores,parafac_rank_selected,weighted_knn,"k=3,metric=manhattan,max_features=48,x_transform=l2,log_target=False",10,1.5879569,0.37107663,1.2644605,-3.5208373
rhamnose_gL,all_known,eem_parafac_scores,parafac_rank_selected,weighted_knn,"k=3,metric=manhattan,max_features=192,x_transform=l2,log_target=False",10,1.5879569,0.37107663,1.2644605,-3.5208373
rhamnose_gL,target_focused,eem_parafac_scores,parafac_rank_selected,weighted_knn,"k=5,metric=manhattan,max_features=12,x_transform=l2,log_target=True",10,1.593658,0.28969957,1.1410641,-4.7724783
rhamnose_gL,target_focused,eem_parafac_scores,parafac_rank_selected,weighted_knn,"k=5,metric=manhattan,max_features=48,x_transform=l2,log_target=True",10,1.593658,0.28969957,1.1410641,-4.7724783
rhamnose_gL,target_focused,eem_parafac_scores,parafac_rank_selected,weighted_knn,"k=5,metric=manhattan,max_features=192,x_transform=l2,log_target=True",10,1.593658,0.28969957,1.1410641,-4.7724783
rhamnose_gL,target_focused,eem_parafac_scores,parafac_rank_selected,weighted_knn,"k=3,metric=manhattan,max_features=12,x_transform=l2,log_target=True",10,1.7618794,0.43890672,1.306285,-6.4044906
rhamnose_gL,target_focused,eem_parafac_scores,parafac_rank_selected,weighted_knn,"k=3,metric=manhattan,max_features=48,x_transform=l2,log_target=True",10,1.7618794,0.43890672,1.306285,-6.4044906
rhamnose_gL,target_focused,eem_parafac_scores,parafac_rank_selected,weighted_knn,"k=3,metric=manhattan,max_features=192,x_transform=l2,log_target=True",10,1.7618794,0.43890672,1.306285,-6.4044906
rhamnose_gL,target_focused,eem_parafac_scores,parafac_rank_selected,weighted_knn,"k=5,metric=manhattan,max_features=12,x_transform=l2,log_target=False",10,1.7651296,0.27798272,1.3506091,-6.3616445
rhamnose_gL,target_focused,eem_parafac_scores,parafac_rank_selected,weighted_knn,"k=5,metric=manhattan,max_features=48,x_transform=l2,log_target=False",10,1.7651296,0.27798272,1.3506091,-6.3616445
rhamnose_gL,target_focused,eem_parafac_scores,parafac_rank_selected,weighted_knn,"k=5,metric=manhattan,max_features=192,x_transform=l2,log_target=False",10,1.7651296,0.27798272,1.3506091,-6.3616445
rhamnose_gL,target_focused,eem_parafac_scores,parafac_rank_selected,weighted_knn,"k=3,metric=manhattan,max_features=12,x_transform=l2,log_target=False",10,2.0466045,0.41167029,1.6685909,-9.5687452
rhamnose_gL,target_focused,eem_parafac_scores,parafac_rank_selected,weighted_knn,"k=3,metric=manhattan,max_features=48,x_transform=l2,log_target=False",10,2.0466045,0.41167029,1.6685909,-9.5687452
rhamnose_gL,target_focused,eem_parafac_scores,parafac_rank_selected,weighted_knn,"k=3,metric=manhattan,max_features=192,x_transform=l2,log_target=False",10,2.0466045,0.41167029,1.6685909,-9.5687452
rhamnose_gL,all_known,eem_parafac_scores,parafac_rank_selected,weighted_knn,"k=1,metric=manhattan,max_features=12,x_transform=l2,log_target=False",10,3.0339929,1.2913696,2.4195921,-24.046407
rhamnose_gL,all_known,eem_parafac_scores,parafac_rank_selected,weighted_knn,"k=1,metric=manhattan,max_features=12,x_transform=l2,log_target=True",10,3.0339929,1.2913696,2.4195921,-24.046407
rhamnose_gL,all_known,eem_parafac_scores,parafac_rank_selected,weighted_knn,"k=1,metric=manhattan,max_features=48,x_transform=l2,log_target=False",10,3.0339929,1.2913696,2.4195921,-24.046407
rhamnose_gL,all_known,eem_parafac_scores,parafac_rank_selected,weighted_knn,"k=1,metric=manhattan,max_features=48,x_transform=l2,log_target=True",10,3.0339929,1.2913696,2.4195921,-24.046407
rhamnose_gL,all_known,eem_parafac_scores,parafac_rank_selected,weighted_knn,"k=1,metric=manhattan,max_features=192,x_transform=l2,log_target=False",10,3.0339929,1.2913696,2.4195921,-24.046407
rhamnose_gL,all_known,eem_parafac_scores,parafac_rank_selected,weighted_knn,"k=1,metric=manhattan,max_features=192,x_transform=l2,log_target=True",10,3.0339929,1.2913696,2.4195921,-24.046407
rhamnose_gL,target_focused,eem_parafac_scores,parafac_rank_selected,weighted_knn,"k=1,metric=manhattan,max_features=12,x_transform=l2,log_target=False",10,3.1743716,1.2221256,2.5995909,-33.172899
rhamnose_gL,target_focused,eem_parafac_scores,parafac_rank_selected,weighted_knn,"k=1,metric=manhattan,max_features=12,x_transform=l2,log_target=True",10,3.1743716,1.2221256,2.5995909,-33.172899
rhamnose_gL,target_focused,eem_parafac_scores,parafac_rank_selected,weighted_knn,"k=1,metric=manhattan,max_features=48,x_transform=l2,log_target=False",10,3.1743716,1.2221256,2.5995909,-33.172899
rhamnose_gL,target_focused,eem_parafac_scores,parafac_rank_selected,weighted_knn,"k=1,metric=manhattan,max_features=48,x_transform=l2,log_target=True",10,3.1743716,1.2221256,2.5995909,-33.172899
rhamnose_gL,target_focused,eem_parafac_scores,parafac_rank_selected,weighted_knn,"k=1,metric=manhattan,max_features=192,x_transform=l2,log_target=False",10,3.1743716,1.2221256,2.5995909,-33.172899
rhamnose_gL,target_focused,eem_parafac_scores,parafac_rank_selected,weighted_knn,"k=1,metric=manhattan,max_features=192,x_transform=l2,log_target=True",10,3.1743716,1.2221256,2.5995909,-33.172899
rhamnose_gL,target_focused,eem_parafac_scores,parafac_rank_selected,weighted_knn,"k=1,metric=correlation,max_features=12,x_transform=none,log_target=False",10,3.374638,1.5366112,3.0228182,-40.6959
rhamnose_gL,target_focused,eem_parafac_scores,parafac_rank_selected,weighted_knn,"k=1,metric=correlation,max_features=12,x_transform=none,log_target=True",10,3.374638,1.5366112,3.0228182,-40.6959
rhamnose_gL,target_focused,eem_parafac_scores,parafac_rank_selected,weighted_knn,"k=1,metric=correlation,max_features=12,x_transform=l2,log_target=False",10,3.374638,1.5366112,3.0228182,-40.6959
rhamnose_gL,target_focused,eem_parafac_scores,parafac_rank_selected,weighted_knn,"k=1,metric=correlation,max_features=12,x_transform=l2,log_target=True",10,3.374638,1.5366112,3.0228182,-40.6959
rhamnose_gL,target_focused,eem_parafac_scores,parafac_rank_selected,weighted_knn,"k=1,metric=correlation,max_features=48,x_transform=none,log_target=False",10,3.374638,1.5366112,3.0228182,-40.6959
rhamnose_gL,target_focused,eem_parafac_scores,parafac_rank_selected,weighted_knn,"k=1,metric=correlation,max_features=48,x_transform=none,log_target=True",10,3.374638,1.5366112,3.0228182,-40.6959
rhamnose_gL,target_focused,eem_parafac_scores,parafac_rank_selected,weighted_knn,"k=1,metric=correlation,max_features=48,x_transform=l2,log_target=False",10,3.374638,1.5366112,3.0228182,-40.6959
rhamnose_gL,target_focused,eem_parafac_scores,parafac_rank_selected,weighted_knn,"k=1,metric=correlation,max_features=48,x_transform=l2,log_target=True",10,3.374638,1.5366112,3.0228182,-40.6959
rhamnose_gL,target_focused,eem_parafac_scores,parafac_rank_selected,weighted_knn,"k=1,metric=correlation,max_features=192,x_transform=none,log_target=False",10,3.374638,1.5366112,3.0228182,-40.6959
rhamnose_gL,target_focused,eem_parafac_scores,parafac_rank_selected,weighted_knn,"k=1,metric=correlation,max_features=192,x_transform=none,log_target=True",10,3.374638,1.5366112,3.0228182,-40.6959
rhamnose_gL,target_focused,eem_parafac_scores,parafac_rank_selected,weighted_knn,"k=1,metric=correlation,max_features=192,x_transform=l2,log_target=False",10,3.374638,1.5366112,3.0228182,-40.6959
rhamnose_gL,target_focused,eem_parafac_scores,parafac_rank_selected,weighted_knn,"k=1,metric=correlation,max_features=192,x_transform=l2,log_target=True",10,3.374638,1.5366112,3.0228182,-40.6959
rhamnose_gL,all_known,eem_parafac_scores,parafac_rank_selected,weighted_knn,"k=1,metric=correlation,max_features=12,x_transform=none,log_target=False",10,3.6469808,1.6733318,3.3829342,-39.831006
rhamnose_gL,all_known,eem_parafac_scores,parafac_rank_selected,weighted_knn,"k=1,metric=correlation,max_features=12,x_transform=none,log_target=True",10,3.6469808,1.6733318,3.3829342,-39.831006
rhamnose_gL,all_known,eem_parafac_scores,parafac_rank_selected,weighted_knn,"k=1,metric=correlation,max_features=12,x_transform=l2,log_target=False",10,3.6469808,1.6733318,3.3829342,-39.831006
rhamnose_gL,all_known,eem_parafac_scores,parafac_rank_selected,weighted_knn,"k=1,metric=correlation,max_features=12,x_transform=l2,log_target=True",10,3.6469808,1.6733318,3.3829342,-39.831006
rhamnose_gL,all_known,eem_parafac_scores,parafac_rank_selected,weighted_knn,"k=1,metric=correlation,max_features=48,x_transform=none,log_target=False",10,3.6469808,1.6733318,3.3829342,-39.831006
rhamnose_gL,all_known,eem_parafac_scores,parafac_rank_selected,weighted_knn,"k=1,metric=correlation,max_features=48,x_transform=none,log_target=True",10,3.6469808,1.6733318,3.3829342,-39.831006
rhamnose_gL,all_known,eem_parafac_scores,parafac_rank_selected,weighted_knn,"k=1,metric=correlation,max_features=48,x_transform=l2,log_target=False",10,3.6469808,1.6733318,3.3829342,-39.831006
rhamnose_gL,all_known,eem_parafac_scores,parafac_rank_selected,weighted_knn,"k=1,metric=correlation,max_features=48,x_transform=l2,log_target=True",10,3.6469808,1.6733318,3.3829342,-39.831006
rhamnose_gL,all_known,eem_parafac_scores,parafac_rank_selected,weighted_knn,"k=1,metric=correlation,max_features=192,x_transform=none,log_target=False",10,3.6469808,1.6733318,3.3829342,-39.831006
rhamnose_gL,all_known,eem_parafac_scores,parafac_rank_selected,weighted_knn,"k=1,metric=correlation,max_features=192,x_transform=none,log_target=True",10,3.6469808,1.6733318,3.3829342,-39.831006
rhamnose_gL,all_known,eem_parafac_scores,parafac_rank_selected,weighted_knn,"k=1,metric=correlation,max_features=192,x_transform=l2,log_target=False",10,3.6469808,1.6733318,3.3829342,-39.831006
rhamnose_gL,all_known,eem_parafac_scores,parafac_rank_selected,weighted_knn,"k=1,metric=correlation,max_features=192,x_transform=l2,log_target=True",10,3.6469808,1.6733318,3.3829342,-39.831006
xylose_gL,all_known,raman_preprocessed_als_sg2_snv,als_sg2_snv,weighted_knn,"k=3,metric=correlation,max_features=192,x_transform=none,log_target=True",10,0.60497561,0.29724767,0.28562037,-0.18494584
xylose_gL,all_known,raman_preprocessed_als_sg2_snv,als_sg2_snv,weighted_knn,"k=3,metric=correlation,max_features=192,x_transform=l2,log_target=True",10,0.60497561,0.29724767,0.28562037,-0.18494584
xylose_gL,all_known,raman_preprocessed_als_sg0_snv_area,als_sg0_snv_area,weighted_knn,"k=3,metric=manhattan,max_features=192,x_transform=l2,log_target=True",10,0.6387229,0.34676044,0.28094535,0.019641065
xylose_gL,all_known,raman_preprocessed_als_sg0_snv_area,als_sg0_snv_area,krr,"kernel=rbf,alpha=0.1,gamma_scale=1.0,max_features=192,x_transform=l2,log_target=True",10,0.64421876,0.35472044,0.30690577,0.086980172
xylose_gL,all_known,raman_preprocessed_als_sg0_snv_area,als_sg0_snv_area,krr,"kernel=rbf,alpha=0.01,gamma_scale=1.0,max_features=192,x_transform=l2,log_target=True",10,0.64549505,0.3486625,0.30836483,0.058891743
xylose_gL,all_known,raman_preprocessed_als_sg0_snv_area,als_sg0_snv_area,krr,"kernel=rbf,alpha=0.01,gamma_scale=2.0,max_features=192,x_transform=l2,log_target=True",10,0.64772074,0.36511338,0.29730761,0.10203241
xylose_gL,all_known,raman_preprocessed_als_sg2_snv,als_sg2_snv,weighted_knn,"k=5,metric=correlation,max_features=192,x_transform=none,log_target=True",10,0.64826086,0.31307809,0.29270721,-0.20185835
xylose_gL,all_known,raman_preprocessed_als_sg2_snv,als_sg2_snv,weighted_knn,"k=5,metric=correlation,max_features=192,x_transform=l2,log_target=True",10,0.64826086,0.31307809,0.29270721,-0.20185835
xylose_gL,all_known,raman_preprocessed_als_sg0_snv_area,als_sg0_snv_area,weighted_knn,"k=5,metric=correlation,max_features=192,x_transform=none,log_target=True",10,0.64844391,0.35717957,0.28244495,0.044603073
xylose_gL,all_known,raman_preprocessed_als_sg0_snv_area,als_sg0_snv_area,weighted_knn,"k=5,metric=correlation,max_features=192,x_transform=l2,log_target=True",10,0.64844391,0.35717957,0.28244495,0.044603073
xylose_gL,all_known,raman_preprocessed_als_sg0_snv_area,als_sg0_snv_area,krr,"kernel=rbf,alpha=0.01,gamma_scale=2.0,max_features=192,x_transform=none,log_target=True",10,0.64867035,0.36062777,0.29541904,0.079544045
xylose_gL,all_known,raman_preprocessed_als_sg0_snv_area,als_sg0_snv_area,krr,"kernel=rbf,alpha=0.1,gamma_scale=2.0,max_features=192,x_transform=l2,log_target=True",10,0.6495693,0.36782336,0.29814049,0.10501585
xylose_gL,all_known,raman_preprocessed_als_sg0_snv_area,als_sg0_snv_area,krr,"kernel=rbf,alpha=0.1,gamma_scale=2.0,max_features=192,x_transform=none,log_target=True",10,0.6500432,0.36305688,0.29454081,0.08411464
xylose_gL,all_known,raman_preprocessed_als_sg0_snv_area,als_sg0_snv_area,weighted_knn,"k=5,metric=manhattan,max_features=192,x_transform=l2,log_target=True",10,0.65080947,0.34524602,0.28805818,0.0096284537
xylose_gL,all_known,raman_preprocessed_als_sg0_snv_area,als_sg0_snv_area,krr,"kernel=rbf,alpha=0.1,gamma_scale=1.0,max_features=192,x_transform=none,log_target=True",10,0.65117942,0.35353193,0.30846465,0.050671709
xylose_gL,all_known,raman_preprocessed_als_sg0_snv_area,als_sg0_snv_area,krr,"kernel=rbf,alpha=0.01,gamma_scale=1.0,max_features=192,x_transform=none,log_target=True",10,0.65280896,0.34830874,0.31376318,0.022557762
xylose_gL,all_known,raman_preprocessed_als_sg0_snv_area,als_sg0_snv_area,krr,"kernel=laplacian,alpha=0.01,gamma_scale=1.0,max_features=192,x_transform=l2,log_target=True",10,0.65319765,0.36481115,0.3065436,0.082642845
xylose_gL,all_known,raman_preprocessed_als_sg0_snv_area,als_sg0_snv_area,krr,"kernel=laplacian,alpha=0.01,gamma_scale=1.0,max_features=48,x_transform=l2,log_target=True",10,0.65419327,0.34973317,0.31470387,0.049169891
xylose_gL,all_known,raman_preprocessed_als_sg0_snv_area,als_sg0_snv_area,krr,"kernel=laplacian,alpha=0.1,gamma_scale=1.0,max_features=48,x_transform=l2,log_target=True",10,0.65470975,0.35467612,0.31272876,0.061252883
xylose_gL,all_known,raman_preprocessed_als_sg0_snv_area,als_sg0_snv_area,krr,"kernel=laplacian,alpha=0.01,gamma_scale=1.0,max_features=48,x_transform=none,log_target=True",10,0.65473384,0.35730375,0.30326924,0.060954476
xylose_gL,all_known,raman_preprocessed_als_sg0_snv_area,als_sg0_snv_area,krr,"kernel=laplacian,alpha=0.1,gamma_scale=1.0,max_features=48,x_transform=none,log_target=True",10,0.65487169,0.36094925,0.30167502,0.072374054
xylose_gL,all_known,raman_preprocessed_als_sg0_snv_area,als_sg0_snv_area,krr,"kernel=rbf,alpha=0.1,gamma_scale=2.0,max_features=48,x_transform=l2,log_target=True",10,0.65528662,0.35240132,0.30564111,0.047643385
xylose_gL,all_known,raman_preprocessed_als_sg0_snv_area,als_sg0_snv_area,krr,"kernel=laplacian,alpha=0.1,gamma_scale=1.0,max_features=192,x_transform=l2,log_target=True",10,0.65604362,0.36780621,0.3068627,0.081969168
xylose_gL,all_known,raman_preprocessed_als_sg0_snv_area,als_sg0_snv_area,krr,"kernel=laplacian,alpha=0.01,gamma_scale=2.0,max_features=48,x_transform=l2,log_target=True",10,0.65685983,0.36587895,0.30524154,0.083300289
xylose_gL,all_known,raman_preprocessed_als_sg0_snv_area,als_sg0_snv_area,krr,"kernel=laplacian,alpha=0.01,gamma_scale=1.0,max_features=192,x_transform=none,log_target=True",10,0.65818072,0.36388615,0.30854494,0.0615968
xylose_gL,all_known,raman_preprocessed_als_sg0_snv_area,als_sg0_snv_area,krr,"kernel=laplacian,alpha=0.1,gamma_scale=2.0,max_features=48,x_transform=l2,log_target=True",10,0.6583111,0.36824855,0.30513209,0.083935954
xylose_gL,all_known,raman_preprocessed_als_sg0_snv_area,als_sg0_snv_area,krr,"kernel=rbf,alpha=0.01,gamma_scale=2.0,max_features=48,x_transform=l2,log_target=True",10,0.65843956,0.34715405,0.30988832,0.020111365
xylose_gL,all_known,raman_preprocessed_als_sg0_snv_area,als_sg0_snv_area,krr,"kernel=laplacian,alpha=0.1,gamma_scale=2.0,max_features=12,x_transform=none,log_target=True",10,0.65886908,0.37967765,0.30062898,0.093428527
xylose_gL,all_known,raman_preprocessed_als_sg0_snv_area,als_sg0_snv_area,krr,"kernel=laplacian,alpha=0.01,gamma_scale=2.0,max_features=12,x_transform=none,log_target=True",10,0.65908585,0.37843353,0.30202064,0.086515805
xylose_gL,all_known,raman_preprocessed_als_sg0_snv_area,als_sg0_snv_area,krr,"kernel=laplacian,alpha=0.1,gamma_scale=1.0,max_features=192,x_transform=none,log_target=True",10,0.65996306,0.36684318,0.30818563,0.064398482
xylose_gL,all_known,raman_preprocessed_als_sg0_snv_area,als_sg0_snv_area,krr,"kernel=laplacian,alpha=0.01,gamma_scale=2.0,max_features=48,x_transform=none,log_target=True",10,0.66050445,0.37043317,0.29449815,0.081715366
xylose_gL,all_known,raman_preprocessed_als_sg0_snv_area,als_sg0_snv_area,krr,"kernel=laplacian,alpha=0.1,gamma_scale=2.0,max_features=48,x_transform=none,log_target=True",10,0.66159225,0.37222844,0.29446822,0.08254424
xylose_gL,all_known,raman_preprocessed_als_sg0_snv_area,als_sg0_snv_area,krr,"kernel=laplacian,alpha=0.1,gamma_scale=1.0,max_features=12,x_transform=none,log_target=True",10,0.66171486,0.36694804,0.31625868,0.046420018
xylose_gL,all_known,raman_preprocessed_als_sg0_snv_area,als_sg0_snv_area,krr,"kernel=rbf,alpha=0.1,gamma_scale=1.0,max_features=48,x_transform=none,log_target=True",10,0.66182048,0.35026297,0.30731122,0.0035753865
xylose_gL,all_known,raman_preprocessed_als_sg0_snv_area,als_sg0_snv_area,krr,"kernel=rbf,alpha=0.1,gamma_scale=2.0,max_features=48,x_transform=none,log_target=True",10,0.66251801,0.36332699,0.29130816,0.050250216
xylose_gL,all_known,raman_preprocessed_als_sg0_snv_area,als_sg0_snv_area,krr,"kernel=laplacian,alpha=0.1,gamma_scale=2.0,max_features=12,x_transform=l2,log_target=True",10,0.66330214,0.3743116,0.31532533,0.06600088
xylose_gL,all_known,raman_preprocessed_als_sg0_snv_area,als_sg0_snv_area,krr,"kernel=laplacian,alpha=0.01,gamma_scale=1.0,max_features=12,x_transform=none,log_target=True",10,0.66365483,0.36463478,0.31966619,0.025345256
xylose_gL,all_known,raman_preprocessed_als_sg0_snv_area,als_sg0_snv_area,weighted_knn,"k=3,metric=manhattan,max_features=192,x_transform=l2,log_target=False",10,0.6636732,0.31833522,0.31471261,-0.23313996
xylose_gL,all_known,raman_preprocessed_als_sg0_snv_area,als_sg0_snv_area,krr,"kernel=laplacian,alpha=0.01,gamma_scale=2.0,max_features=192,x_transform=l2,log_target=True",10,0.66381271,0.37572669,0.30614557,0.076204622
xylose_gL,all_known,raman_preprocessed_als_sg0_snv_area,als_sg0_snv_area,krr,"kernel=laplacian,alpha=0.01,gamma_scale=2.0,max_features=192,x_transform=none,log_target=True",10,0.6641812,0.37311958,0.30321182,0.068596142
xylose_gL,all_known,raman_preprocessed_als_sg0_snv_area,als_sg0_snv_area,krr,"kernel=laplacian,alpha=0.01,gamma_scale=2.0,max_features=12,x_transform=l2,log_target=True",10,0.66433412,0.37239268,0.31724928,0.055149704
xylose_gL,all_known,raman_preprocessed_als_sg0_snv_area,als_sg0_snv_area,krr,"kernel=rbf,alpha=0.1,gamma_scale=1.0,max_features=48,x_transform=l2,log_target=True",10,0.66451895,0.33790374,0.32239399,-0.034130882
xylose_gL,all_known,raman_preprocessed_als_sg0_snv_area,als_sg0_snv_area,weighted_knn,"k=5,metric=manhattan,max_features=192,x_transform=none,log_target=True",10,0.66509729,0.31927423,0.30936716,-0.29259065
xylose_gL,all_known,raman_preprocessed_als_sg0_snv_area,als_sg0_snv_area,krr,"kernel=rbf,alpha=0.01,gamma_scale=2.0,max_features=48,x_transform=none,log_target=True",10,0.66522599,0.36044356,0.29494382,0.029994975
xylose_gL,all_known,raman_preprocessed_als_sg2_snv,als_sg2_snv,weighted_knn,"k=3,metric=correlation,max_features=192,x_transform=none,log_target=False",10,0.66533387,0.25926835,0.32477781,-0.69958371
xylose_gL,all_known,raman_preprocessed_als_sg2_snv,als_sg2_snv,weighted_knn,"k=3,metric=correlation,max_features=192,x_transform=l2,log_target=False",10,0.66533387,0.25926835,0.32477781,-0.69958371
xylose_gL,all_known,raman_preprocessed_als_sg0_snv_area,als_sg0_snv_area,krr,"kernel=laplacian,alpha=0.1,gamma_scale=2.0,max_features=192,x_transform=l2,log_target=True",10,0.66581217,0.377311,0.30715372,0.073905587
xylose_gL,all_known,raman_preprocessed_als_sg0_snv_area,als_sg0_snv_area,krr,"kernel=laplacian,alpha=0.1,gamma_scale=2.0,max_features=192,x_transform=none,log_target=True",10,0.66593123,0.37470108,0.30379266,0.067140412
xylose_gL,all_known,raman_preprocessed_als_sg0_snv_area,als_sg0_snv_area,krr,"kernel=laplacian,alpha=0.1,gamma_scale=1.0,max_features=12,x_transform=l2,log_target=True",10,0.6662618,0.36152836,0.33032522,0.014546943
xylose_gL,all_known,raman_preprocessed_als_sg0_snv_area,als_sg0_snv_area,krr,"kernel=rbf,alpha=0.1,gamma_scale=2.0,max_features=192,x_transform=l2,log_target=False",10,0.6685308,0.32953575,0.36559516,-0.10966781
xylose_gL,all_known,raman_preprocessed_als_sg0_snv_area,als_sg0_snv_area,krr,"kernel=rbf,alpha=0.1,gamma_scale=2.0,max_features=12,x_transform=none,log_target=True",10,0.66911003,0.3785724,0.29017466,0.020394228
xylose_gL,all_known,raman_preprocessed_als_sg0_snv_area,als_sg0_snv_area,krr,"kernel=laplacian,alpha=0.01,gamma_scale=1.0,max_features=12,x_transform=l2,log_target=True",10,0.67022822,0.35744545,0.33577001,-0.017214872
xylose_gL,all_known,raman_preprocessed_als_sg0_snv_area,als_sg0_snv_area,krr,"kernel=laplacian,alpha=0.01,gamma_scale=2.0,max_features=192,x_transform=l2,log_target=False",10,0.67045504,0.34188957,0.36255005,-0.071505567
xylose_gL,all_known,raman_preprocessed_als_sg0_snv_area,als_sg0_snv_area,krr,"kernel=rbf,alpha=0.01,gamma_scale=2.0,max_features=192,x_transform=l2,log_target=False",10,0.67083435,0.32539966,0.36942688,-0.13863949
xylose_gL,all_known,raman_preprocessed_als_sg0_snv_area,als_sg0_snv_area,krr,"kernel=laplacian,alpha=0.1,gamma_scale=1.0,max_features=192,x_transform=l2,log_target=False",10,0.67146343,0.32793028,0.37682354,-0.12811513
xylose_gL,all_known,raman_preprocessed_als_sg0_snv_area,als_sg0_snv_area,krr,"kernel=laplacian,alpha=0.1,gamma_scale=2.0,max_features=192,x_transform=l2,log_target=False",10,0.67153773,0.34436876,0.36270961,-0.065885294
xylose_gL,all_known,raman_preprocessed_als_sg0_snv_area,als_sg0_snv_area,weighted_knn,"k=3,metric=correlation,max_features=192,x_transform=none,log_target=True",10,0.67186414,0.33641138,0.29323572,-0.068343299
xylose_gL,all_known,raman_preprocessed_als_sg0_snv_area,als_sg0_snv_area,weighted_knn,"k=3,metric=correlation,max_features=192,x_transform=l2,log_target=True",10,0.67186414,0.33641138,0.29323572,-0.068343299
xylose_gL,all_known,raman_preprocessed_als_sg0_snv_area,als_sg0_snv_area,krr,"kernel=laplacian,alpha=0.01,gamma_scale=1.0,max_features=192,x_transform=l2,log_target=False",10,0.67236825,0.32286671,0.38225547,-0.15340146
xylose_gL,all_known,raman_preprocessed_als_sg0_snv_area,als_sg0_snv_area,weighted_knn,"k=5,metric=manhattan,max_features=192,x_transform=l2,log_target=False",10,0.67273902,0.30878175,0.3213667,-0.26882018
xylose_gL,all_known,raman_preprocessed_als_sg0_snv_area,als_sg0_snv_area,krr,"kernel=rbf,alpha=0.01,gamma_scale=1.0,max_features=48,x_transform=none,log_target=True",10,0.67495741,0.34360076,0.31948862,-0.080139147
xylose_gL,all_known,raman_preprocessed_als_sg0_snv_area,als_sg0_snv_area,krr,"kernel=laplacian,alpha=0.01,gamma_scale=2.0,max_features=192,x_transform=none,log_target=False",10,0.67509179,0.3359543,0.3621443,-0.11116369
xylose_gL,all_known,raman_preprocessed_als_sg0_snv_area,als_sg0_snv_area,weighted_knn,"k=5,metric=manhattan,max_features=48,x_transform=none,log_target=True",10,0.67538689,0.37830472,0.27711968,0.060068068
xylose_gL,all_known,raman_preprocessed_als_sg0_snv_area,als_sg0_snv_area,krr,"kernel=laplacian,alpha=0.1,gamma_scale=2.0,max_features=192,x_transform=none,log_target=False",10,0.67565052,0.33847142,0.36107462,-0.10288412
xylose_gL,all_known,raman_preprocessed_als_sg0_snv_area,als_sg0_snv_area,weighted_knn,"k=5,metric=correlation,max_features=192,x_transform=none,log_target=False",10,0.67708304,0.32796255,0.3150214,-0.2436175
xylose_gL,all_known,raman_preprocessed_als_sg0_snv_area,als_sg0_snv_area,weighted_knn,"k=5,metric=correlation,max_features=192,x_transform=l2,log_target=False",10,0.67708304,0.32796255,0.3150214,-0.2436175
xylose_gL,all_known,raman_preprocessed_als_sg0_snv_area,als_sg0_snv_area,krr,"kernel=rbf,alpha=0.1,gamma_scale=1.0,max_features=12,x_transform=none,log_target=True",10,0.67809646,0.36689467,0.30460653,-0.034696629
xylose_gL,all_known,raman_preprocessed_als_sg0_snv_area,als_sg0_snv_area,krr,"kernel=rbf,alpha=0.1,gamma_scale=2.0,max_features=192,x_transform=none,log_target=False",10,0.67869303,0.32107522,0.37029777,-0.20400847
xylose_gL,all_known,raman_preprocessed_als_sg0_snv_area,als_sg0_snv_area,krr,"kernel=rbf,alpha=0.01,gamma_scale=1.0,max_features=48,x_transform=l2,log_target=True",10,0.67992302,0.32576322,0.33641636,-0.14512876
xylose_gL,all_known,raman_preprocessed_als_sg0_snv_area,als_sg0_snv_area,krr,"kernel=laplacian,alpha=0.1,gamma_scale=1.0,max_features=192,x_transform=none,log_target=False",10,0.67993279,0.32439582,0.38167534,-0.17971784
xylose_gL,all_known,raman_preprocessed_als_sg0_snv_area,als_sg0_snv_area,weighted_knn,"k=5,metric=manhattan,max_features=12,x_transform=none,log_target=True",10,0.68152796,0.39508196,0.29497301,0.041028427
xylose_gL,all_known,raman_preprocessed_als_sg0_snv_area,als_sg0_snv_area,krr,"kernel=rbf,alpha=0.01,gamma_scale=2.0,max_features=12,x_transform=none,log_target=True",10,0.68171373,0.37437446,0.30139172,-0.054281406
xylose_gL,all_known,raman_preprocessed_als_sg0_snv_area,als_sg0_snv_area,krr,"kernel=laplacian,alpha=0.1,gamma_scale=2.0,max_features=48,x_transform=none,log_target=False",10,0.68172499,0.33065935,0.35088172,-0.13687487
xylose_gL,all_known,raman_preprocessed_als_sg0_snv_area,als_sg0_snv_area,krr,"kernel=laplacian,alpha=0.01,gamma_scale=1.0,max_features=192,x_transform=none,log_target=False",10,0.68253856,0.31911406,0.38943947,-0.21408285
xylose_gL,all_known,raman_preprocessed_als_sg0_snv_area,als_sg0_snv_area,krr,"kernel=rbf,alpha=0.01,gamma_scale=2.0,max_features=192,x_transform=none,log_target=False",10,0.68301953,0.31700931,0.37864123,-0.24545448
xylose_gL,all_known,parafac_raman_fusion_als_sg0_snv_area,als_sg0_snv_area+parafac,krr,"kernel=laplacian,alpha=0.01,gamma_scale=1.0,max_features=192,x_transform=l2,log_target=True",10,0.68302282,0.32131713,0.30916228,0.02424287
xylose_gL,all_known,raman_preprocessed_als_sg0_snv_area,als_sg0_snv_area,krr,"kernel=laplacian,alpha=0.01,gamma_scale=2.0,max_features=48,x_transform=none,log_target=False",10,0.68372416,0.32696927,0.35400674,-0.15938689
xylose_gL,all_known,parafac_raman_fusion_als_sg0_snv_area,als_sg0_snv_area+parafac,krr,"kernel=laplacian,alpha=0.1,gamma_scale=1.0,max_features=192,x_transform=l2,log_target=True",10,0.68453275,0.32566788,0.30945387,0.028164003
xylose_gL,all_known,parafac_raman_fusion_als_sg0_snv_area,als_sg0_snv_area+parafac,krr,"kernel=laplacian,alpha=0.01,gamma_scale=2.0,max_features=12,x_transform=l2,log_target=True",10,0.68479187,0.33170344,0.31441222,-0.0041230928
xylose_gL,all_known,parafac_raman_fusion_als_sg0_snv_area,als_sg0_snv_area+parafac,krr,"kernel=laplacian,alpha=0.1,gamma_scale=2.0,max_features=12,x_transform=l2,log_target=True",10,0.68531619,0.33406275,0.31285301,0.0049333352
xylose_gL,all_known,parafac_raman_fusion_als_sg0_snv_area,als_sg0_snv_area+parafac,krr,"kernel=laplacian,alpha=0.01,gamma_scale=1.0,max_features=12,x_transform=l2,log_target=True",10,0.6853386,0.32072942,0.33122994,-0.049588972
xylose_gL,all_known,raman_preprocessed_als_sg0_snv_area,als_sg0_snv_area,krr,"kernel=laplacian,alpha=0.1,gamma_scale=2.0,max_features=48,x_transform=l2,log_target=False",10,0.6855295,0.32135593,0.37053734,-0.18292754
xylose_gL,all_known,raman_preprocessed_als_sg2_snv,als_sg2_snv,krr,"kernel=laplacian,alpha=0.1,gamma_scale=2.0,max_features=192,x_transform=none,log_target=True",10,0.6857052,0.37491662,0.30888684,-0.0015758993
xylose_gL,all_known,parafac_raman_fusion_als_sg0_snv_area,als_sg0_snv_area+parafac,krr,"kernel=laplacian,alpha=0.1,gamma_scale=1.0,max_features=12,x_transform=l2,log_target=True",10,0.68578038,0.32536681,0.32591593,-0.0284716
xylose_gL,all_known,raman_preprocessed_als_sg2_snv,als_sg2_snv,krr,"kernel=rbf,alpha=0.1,gamma_scale=2.0,max_features=192,x_transform=none,log_target=True",10,0.68610552,0.36223066,0.30690323,-0.047554739
xylose_gL,all_known,raman_preprocessed_als_sg2_snv,als_sg2_snv,krr,"kernel=laplacian,alpha=0.01,gamma_scale=2.0,max_features=192,x_transform=none,log_target=True",10,0.68625983,0.37307952,0.30893541,-0.009284069
xylose_gL,all_known,parafac_raman_fusion_als_sg2_snv,als_sg2_snv+parafac,weighted_knn,"k=3,metric=correlation,max_features=192,x_transform=none,log_target=True",10,0.68713165,0.23914629,0.29509507,-0.37097688
xylose_gL,all_known,parafac_raman_fusion_als_sg2_snv,als_sg2_snv+parafac,weighted_knn,"k=3,metric=correlation,max_features=192,x_transform=l2,log_target=True",10,0.68713165,0.23914629,0.29509507,-0.37097688
xylose_gL,all_known,raman_preprocessed_als_sg0_snv_area,als_sg0_snv_area,weighted_knn,"k=5,metric=manhattan,max_features=12,x_transform=l2,log_target=True",10,0.68716491,0.33329483,0.32450247,-0.18344591
xylose_gL,all_known,parafac_raman_fusion_als_sg0_snv_area,als_sg0_snv_area+parafac,krr,"kernel=laplacian,alpha=0.01,gamma_scale=1.0,max_features=192,x_transform=none,log_target=True",10,0.68728561,0.31895115,0.31068346,0.0040570823
xylose_gL,all_known,raman_preprocessed_als_sg0_snv_area,als_sg0_snv_area,krr,"kernel=laplacian,alpha=0.01,gamma_scale=2.0,max_features=48,x_transform=l2,log_target=False",10,0.68762206,0.31692778,0.37391576,-0.20834728
xylose_gL,all_known,raman_preprocessed_als_sg2_snv,als_sg2_snv,krr,"kernel=laplacian,alpha=0.1,gamma_scale=2.0,max_features=192,x_transform=l2,log_target=True",10,0.68773424,0.37354153,0.31471296,-0.015124793
xylose_gL,all_known,parafac_raman_fusion_als_sg0_snv_area,als_sg0_snv_area+parafac,krr,"kernel=laplacian,alpha=0.1,gamma_scale=1.0,max_features=192,x_transform=none,log_target=True",10,0.68799537,0.32346126,0.31012693,0.01107019
xylose_gL,all_known,parafac_raman_fusion_als_sg0_snv_area,als_sg0_snv_area+parafac,krr,"kernel=laplacian,alpha=0.1,gamma_scale=2.0,max_features=12,x_transform=none,log_target=True",10,0.68827862,0.34935459,0.2988968,0.032917061
xylose_gL,all_known,raman_preprocessed_als_sg2_snv,als_sg2_snv,krr,"kernel=laplacian,alpha=0.01,gamma_scale=2.0,max_features=192,x_transform=l2,log_target=True",10,0.6883651,0.37170297,0.31482807,-0.023380128
xylose_gL,all_known,raman_preprocessed_als_sg2_snv,als_sg2_snv,krr,"kernel=rbf,alpha=0.01,gamma_scale=2.0,max_features=192,x_transform=none,log_target=True",10,0.68840324,0.35938694,0.30981638,-0.067229138
xylose_gL,all_known,parafac_raman_fusion_als_sg0_snv_area,als_sg0_snv_area+parafac,krr,"kernel=laplacian,alpha=0.01,gamma_scale=2.0,max_features=12,x_transform=none,log_target=True",10,0.68864004,0.34878485,0.29989724,0.025916228
xylose_gL,all_known,parafac_raman_fusion_als_sg0_snv_area,als_sg0_snv_area+parafac,krr,"kernel=rbf,alpha=0.1,gamma_scale=1.0,max_features=192,x_transform=l2,log_target=True",10,0.68899303,0.30763116,0.31394459,-0.029521745
xylose_gL,all_known,parafac_raman_fusion_als_sg0_snv_area,als_sg0_snv_area+parafac,krr,"kernel=rbf,alpha=0.1,gamma_scale=2.0,max_features=192,x_transform=l2,log_target=True",10,0.68947461,0.32273608,0.30472116,0.0027940237
xylose_gL,all_known,parafac_raman_fusion_als_sg0_snv_area,als_sg0_snv_area+parafac,krr,"kernel=rbf,alpha=0.01,gamma_scale=2.0,max_features=192,x_transform=l2,log_target=True",10,0.68952049,0.31869616,0.3040367,-0.0074755746
xylose_gL,all_known,parafac_raman_fusion_als_sg0_snv_area,als_sg0_snv_area+parafac,krr,"kernel=laplacian,alpha=0.01,gamma_scale=2.0,max_features=192,x_transform=l2,log_target=True",10,0.68965288,0.33612899,0.30838749,0.032009668
xylose_gL,all_known,raman_preprocessed_als_sg0_snv_area,als_sg0_snv_area,krr,"kernel=rbf,alpha=0.1,gamma_scale=1.0,max_features=192,x_transform=l2,log_target=False",10,0.69009106,0.30598766,0.41172658,-0.29646571
xylose_gL,all_known,parafac_raman_fusion_als_sg0_snv_area,als_sg0_snv_area+parafac,krr,"kernel=laplacian,alpha=0.1,gamma_scale=2.0,max_features=192,x_transform=l2,log_target=True",10,0.69097709,0.33823117,0.30920793,0.031785172
xylose_gL,all_known,parafac_raman_fusion_als_sg0_snv_area,als_sg0_snv_area+parafac,krr,"kernel=laplacian,alpha=0.01,gamma_scale=2.0,max_features=192,x_transform=l2,log_target=False",10,0.69130929,0.29510951,0.36237026,-0.10509644
xylose_gL,all_known,parafac_raman_fusion_als_sg0_snv_area,als_sg0_snv_area+parafac,krr,"kernel=laplacian,alpha=0.1,gamma_scale=2.0,max_features=192,x_transform=l2,log_target=False",10,0.69162691,0.29911048,0.36238738,-0.09477594
xylose_gL,all_known,parafac_raman_fusion_als_sg0_snv_area,als_sg0_snv_area+parafac,weighted_knn,"k=5,metric=manhattan,max_features=192,x_transform=l2,log_target=True",10,0.69210476,0.30041539,0.29438544,-0.074319462
xylose_gL,all_known,parafac_raman_fusion_als_sg2_snv,als_sg2_snv+parafac,weighted_knn,"k=5,metric=correlation,max_features=192,x_transform=none,log_target=True",10,0.69218536,0.28262757,0.29875709,-0.24730167
xylose_gL,all_known,parafac_raman_fusion_als_sg2_snv,als_sg2_snv+parafac,weighted_knn,"k=5,metric=correlation,max_features=192,x_transform=l2,log_target=True",10,0.69218536,0.28262757,0.29875709,-0.24730167
xylose_gL,all_known,raman_preprocessed_als_sg2_snv,als_sg2_snv,krr,"kernel=rbf,alpha=0.1,gamma_scale=2.0,max_features=192,x_transform=l2,log_target=True",10,0.69244939,0.35907257,0.31719506,-0.089701091
xylose_gL,all_known,raman_preprocessed_als_sg0_snv_area,als_sg0_snv_area,weighted_knn,"k=3,metric=manhattan,max_features=48,x_transform=none,log_target=True",10,0.69268725,0.36881375,0.2842398,-0.039575529
xylose_gL,all_known,parafac_raman_fusion_als_sg0_snv_area,als_sg0_snv_area+parafac,krr,"kernel=laplacian,alpha=0.1,gamma_scale=1.0,max_features=192,x_transform=l2,log_target=False",10,0.69353305,0.2754463,0.37659924,-0.17509275
xylose_gL,all_known,parafac_raman_fusion_als_sg0_snv_area,als_sg0_snv_area+parafac,krr,"kernel=laplacian,alpha=0.01,gamma_scale=2.0,max_features=192,x_transform=none,log_target=True",10,0.69377781,0.32966536,0.30669872,0.0026441502
xylose_gL,all_known,parafac_raman_fusion_als_sg0_snv_area,als_sg0_snv_area+parafac,krr,"kernel=rbf,alpha=0.01,gamma_scale=1.0,max_features=192,x_transform=l2,log_target=True",10,0.69379867,0.29908149,0.31713762,-0.071510267
xylose_gL,all_known,parafac_raman_fusion_als_sg0_snv_area,als_sg0_snv_area+parafac,krr,"kernel=laplacian,alpha=0.1,gamma_scale=1.0,max_features=12,x_transform=none,log_target=True",10,0.69382498,0.33963926,0.31692801,-0.030176127
xylose_gL,all_known,parafac_raman_fusion_als_sg0_snv_area,als_sg0_snv_area+parafac,krr,"kernel=laplacian,alpha=0.1,gamma_scale=2.0,max_features=192,x_transform=none,log_target=True",10,0.69479116,0.331922,0.3068991,0.0037763787
xylose_gL,all_known,raman_preprocessed_als_sg2_snv,als_sg2_snv,krr,"kernel=laplacian,alpha=0.1,gamma_scale=1.0,max_features=192,x_transform=none,log_target=True",10,0.69510104,0.36249851,0.31794833,-0.080260851
xylose_gL,all_known,raman_preprocessed_als_sg2_snv,als_sg2_snv,krr,"kernel=laplacian,alpha=0.1,gamma_scale=1.0,max_features=192,x_transform=l2,log_target=True",10,0.69517637,0.36230755,0.32018753,-0.082137562
xylose_gL,all_known,raman_preprocessed_als_sg2_snv,als_sg2_snv,krr,"kernel=laplacian,alpha=0.1,gamma_scale=2.0,max_features=48,x_transform=none,log_target=True",10,0.69531849,0.36738476,0.30604391,-0.063256089
xylose_gL,all_known,raman_preprocessed_als_sg2_snv,als_sg2_snv,krr,"kernel=rbf,alpha=0.01,gamma_scale=2.0,max_features=192,x_transform=l2,log_target=True",10,0.69537792,0.35605456,0.32025659,-0.11394071
xylose_gL,all_known,parafac_raman_fusion_als_sg0_snv_area,als_sg0_snv_area+parafac,krr,"kernel=rbf,alpha=0.1,gamma_scale=1.0,max_features=192,x_transform=none,log_target=True",10,0.69547837,0.30449038,0.31662103,-0.067234167
xylose_gL,all_known,parafac_raman_fusion_als_sg0_snv_area,als_sg0_snv_area+parafac,krr,"kernel=laplacian,alpha=0.01,gamma_scale=1.0,max_features=192,x_transform=l2,log_target=False",10,0.69550707,0.267254,0.38206786,-0.20930442
xylose_gL,all_known,parafac_raman_fusion_als_sg0_snv_area,als_sg0_snv_area+parafac,weighted_knn,"k=5,metric=manhattan,max_features=12,x_transform=l2,log_target=True",10,0.69636082,0.29111409,0.32259872,-0.25575196
xylose_gL,all_known,parafac_raman_fusion_als_sg0_snv_area,als_sg0_snv_area+parafac,krr,"kernel=rbf,alpha=0.1,gamma_scale=2.0,max_features=192,x_transform=none,log_target=True",10,0.6964044,0.31286611,0.30712834,-0.05044402
xylose_gL,all_known,raman_preprocessed_als_sg2_snv,als_sg2_snv,krr,"kernel=laplacian,alpha=0.01,gamma_scale=2.0,max_features=48,x_transform=none,log_target=True",10,0.69666308,0.36565026,0.30707787,-0.074614061
xylose_gL,all_known,parafac_raman_fusion_als_sg0_snv_area,als_sg0_snv_area+parafac,krr,"kernel=laplacian,alpha=0.01,gamma_scale=1.0,max_features=12,x_transform=none,log_target=True",10,0.69715232,0.33809301,0.32043294,-0.058201337
xylose_gL,all_known,parafac_raman_fusion_als_sg0_snv_area,als_sg0_snv_area+parafac,krr,"kernel=rbf,alpha=0.01,gamma_scale=2.0,max_features=192,x_transform=none,log_target=True",10,0.69716432,0.30878955,0.3088974,-0.063887291
xylose_gL,all_known,raman_preprocessed_als_sg0_snv_area,als_sg0_snv_area,weighted_knn,"k=3,metric=correlation,max_features=192,x_transform=none,log_target=False",10,0.69724613,0.30884257,0.32228602,-0.30462829
xylose_gL,all_known,raman_preprocessed_als_sg0_snv_area,als_sg0_snv_area,weighted_knn,"k=3,metric=correlation,max_features=192,x_transform=l2,log_target=False",10,0.69724613,0.30884257,0.32228602,-0.30462829
xylose_gL,all_known,raman_preprocessed_als_sg0_snv_area,als_sg0_snv_area,weighted_knn,"k=5,metric=manhattan,max_features=48,x_transform=l2,log_target=True",10,0.69767797,0.34005883,0.32680371,-0.19333501
xylose_gL,all_known,raman_preprocessed_als_sg2_snv,als_sg2_snv,krr,"kernel=laplacian,alpha=0.01,gamma_scale=1.0,max_features=192,x_transform=l2,log_target=True",10,0.69859852,0.35933853,0.32293009,-0.10713996
xylose_gL,all_known,raman_preprocessed_als_sg2_snv,als_sg2_snv,krr,"kernel=laplacian,alpha=0.01,gamma_scale=1.0,max_features=192,x_transform=none,log_target=True",10,0.69862627,0.35945463,0.32088819,-0.10567521
xylose_gL,all_known,parafac_raman_fusion_als_sg2_snv,als_sg2_snv+parafac,weighted_knn,"k=3,metric=correlation,max_features=192,x_transform=none,log_target=False",10,0.69875879,0.1698887,0.31152469,-0.76977579
xylose_gL,all_known,parafac_raman_fusion_als_sg2_snv,als_sg2_snv+parafac,weighted_knn,"k=3,metric=correlation,max_features=192,x_transform=l2,log_target=False",10,0.69875879,0.1698887,0.31152469,-0.76977579
xylose_gL,all_known,parafac_raman_fusion_als_sg2_snv,als_sg2_snv+parafac,krr,"kernel=laplacian,alpha=0.1,gamma_scale=2.0,max_features=192,x_transform=none,log_target=True",10,0.69893482,0.343271,0.31060313,0.0049993302
xylose_gL,all_known,raman_preprocessed_als_sg0_snv_area,als_sg0_snv_area,krr,"kernel=laplacian,alpha=0.1,gamma_scale=1.0,max_features=48,x_transform=none,log_target=False",10,0.69908017,0.30526416,0.38894043,-0.33214246
xylose_gL,all_known,parafac_raman_fusion_als_sg2_snv,als_sg2_snv+parafac,krr,"kernel=laplacian,alpha=0.01,gamma_scale=2.0,max_features=192,x_transform=none,log_target=True",10,0.69912444,0.34167754,0.31091616,-0.00050173516
xylose_gL,all_known,parafac_raman_fusion_als_sg2_snv,als_sg2_snv+parafac,krr,"kernel=rbf,alpha=0.1,gamma_scale=2.0,max_features=192,x_transform=none,log_target=True",10,0.69926439,0.32792014,0.30750386,-0.044864831
xylose_gL,all_known,parafac_raman_fusion_als_sg2_snv,als_sg2_snv+parafac,krr,"kernel=laplacian,alpha=0.1,gamma_scale=2.0,max_features=192,x_transform=l2,log_target=True",10,0.69928009,0.34257255,0.31394657,0.001612478
xylose_gL,all_known,parafac_raman_fusion_als_sg0_snv_area,als_sg0_snv_area+parafac,krr,"kernel=laplacian,alpha=0.1,gamma_scale=2.0,max_features=192,x_transform=none,log_target=False",10,0.69928235,0.28787,0.36101656,-0.15930983
xylose_gL,all_known,raman_preprocessed_als_sg2_snv,als_sg2_snv,krr,"kernel=laplacian,alpha=0.1,gamma_scale=2.0,max_features=48,x_transform=l2,log_target=True",10,0.69934611,0.35806163,0.32103699,-0.11151409
xylose_gL,all_known,parafac_raman_fusion_als_sg0_snv_area,als_sg0_snv_area+parafac,krr,"kernel=laplacian,alpha=0.01,gamma_scale=2.0,max_features=192,x_transform=none,log_target=False",10,0.69957556,0.2835275,0.36224252,-0.17336429
xylose_gL,all_known,parafac_raman_fusion_als_sg2_snv,als_sg2_snv+parafac,krr,"kernel=laplacian,alpha=0.01,gamma_scale=2.0,max_features=192,x_transform=l2,log_target=True",10,0.69961391,0.34091442,0.31423255,-0.0046670918
xylose_gL,all_known,raman_preprocessed_als_sg0_snv_area,als_sg0_snv_area,krr,"kernel=laplacian,alpha=0.1,gamma_scale=2.0,max_features=12,x_transform=none,log_target=False",10,0.69984733,0.33193855,0.36747254,-0.23824332
xylose_gL,all_known,raman_preprocessed_als_sg2_snv,als_sg2_snv,weighted_knn,"k=5,metric=correlation,max_features=192,x_transform=none,log_target=False",10,0.70024381,0.26474887,0.33773358,-0.8754994
xylose_gL,all_known,raman_preprocessed_als_sg2_snv,als_sg2_snv,weighted_knn,"k=5,metric=correlation,max_features=192,x_transform=l2,log_target=False",10,0.70024381,0.26474887,0.33773358,-0.8754994
xylose_gL,all_known,parafac_raman_fusion_als_sg0_snv_area,als_sg0_snv_area+parafac,krr,"kernel=rbf,alpha=0.01,gamma_scale=1.0,max_features=192,x_transform=none,log_target=True",10,0.70089948,0.29527574,0.32291221,-0.11406652
xylose_gL,all_known,parafac_raman_fusion_als_sg0_snv_area,als_sg0_snv_area+parafac,krr,"kernel=rbf,alpha=0.1,gamma_scale=2.0,max_features=12,x_transform=none,log_target=True",10,0.7010359,0.33831802,0.29111896,-0.073315768
xylose_gL,all_known,raman_preprocessed_als_sg0_snv_area,als_sg0_snv_area,krr,"kernel=rbf,alpha=0.1,gamma_scale=2.0,max_features=12,x_transform=l2,log_target=True",10,0.70104456,0.34668769,0.33041381,-0.21997673
xylose_gL,all_known,parafac_raman_fusion_als_sg0_snv_area,als_sg0_snv_area+parafac,krr,"kernel=laplacian,alpha=0.1,gamma_scale=1.0,max_features=192,x_transform=none,log_target=False",10,0.70105097,0.26959902,0.37965438,-0.22464889
xylose_gL,all_known,parafac_raman_fusion_als_sg2_snv,als_sg2_snv+parafac,krr,"kernel=rbf,alpha=0.01,gamma_scale=2.0,max_features=192,x_transform=none,log_target=True",10,0.70109966,0.32490793,0.30924745,-0.062441735
xylose_gL,all_known,parafac_raman_fusion_als_sg2_snv,als_sg2_snv+parafac,krr,"kernel=rbf,alpha=0.1,gamma_scale=2.0,max_features=192,x_transform=l2,log_target=True",10,0.70110534,0.32565929,0.31332802,-0.059087886
xylose_gL,all_known,parafac_raman_fusion_als_sg0_snv_area,als_sg0_snv_area+parafac,weighted_knn,"k=5,metric=correlation,max_features=192,x_transform=none,log_target=True",10,0.70123821,0.28696532,0.29874718,-0.18677825
xylose_gL,all_known,parafac_raman_fusion_als_sg0_snv_area,als_sg0_snv_area+parafac,weighted_knn,"k=5,metric=correlation,max_features=192,x_transform=l2,log_target=True",10,0.70123821,0.28696532,0.29874718,-0.18677825
xylose_gL,all_known,raman_preprocessed_als_sg2_snv,als_sg2_snv,krr,"kernel=rbf,alpha=0.1,gamma_scale=2.0,max_features=48,x_transform=none,log_target=True",10,0.70138907,0.35421507,0.31049584,-0.12792159
xylose_gL,all_known,raman_preprocessed_als_sg0_snv_area,als_sg0_snv_area,weighted_knn,"k=5,metric=manhattan,max_features=48,x_transform=none,log_target=False",10,0.70154779,0.35246308,0.30159969,-0.11447122
xylose_gL,all_known,raman_preprocessed_als_sg2_snv,als_sg2_snv,krr,"kernel=laplacian,alpha=0.01,gamma_scale=2.0,max_features=48,x_transform=l2,log_target=True",10,0.7016204,0.35572961,0.32303583,-0.12885719
xylose_gL,all_known,raman_preprocessed_als_sg0_snv_area,als_sg0_snv_area,krr,"kernel=rbf,alpha=0.1,gamma_scale=1.0,max_features=12,x_transform=l2,log_target=True",10,0.7016405,0.34139519,0.33512159,-0.26018105
xylose_gL,all_known,parafac_raman_fusion_als_sg0_snv_area,als_sg0_snv_area+parafac,krr,"kernel=laplacian,alpha=0.1,gamma_scale=2.0,max_features=48,x_transform=l2,log_target=True",10,0.70175506,0.32356326,0.31909631,-0.046023378
xylose_gL,all_known,parafac_raman_fusion_als_sg0_snv_area,als_sg0_snv_area+parafac,krr,"kernel=laplacian,alpha=0.01,gamma_scale=2.0,max_features=48,x_transform=l2,log_target=True",10,0.70264527,0.32020362,0.32067591,-0.058092815
xylose_gL,all_known,parafac_raman_fusion_als_sg0_snv_area,als_sg0_snv_area+parafac,krr,"kernel=laplacian,alpha=0.1,gamma_scale=2.0,max_features=48,x_transform=none,log_target=True",10,0.70278514,0.32549348,0.31015532,-0.044379672
xylose_gL,all_known,parafac_raman_fusion_als_sg0_snv_area,als_sg0_snv_area+parafac,weighted_knn,"k=3,metric=manhattan,max_features=12,x_transform=none,log_target=True",10,0.70335547,0.35870171,0.2903059,-0.072112342
xylose_gL,all_known,parafac_raman_fusion_als_sg2_snv,als_sg2_snv+parafac,krr,"kernel=rbf,alpha=0.01,gamma_scale=2.0,max_features=192,x_transform=l2,log_target=True",10,0.70349949,0.32232378,0.31527153,-0.080220696
xylose_gL,all_known,parafac_raman_fusion_als_sg2_snv,als_sg2_snv+parafac,krr,"kernel=laplacian,alpha=0.1,gamma_scale=1.0,max_features=192,x_transform=none,log_target=True",10,0.70365443,0.33282756,0.31827905,-0.045484891
xylose_gL,all_known,parafac_raman_fusion_als_sg0_snv_area,als_sg0_snv_area+parafac,krr,"kernel=laplacian,alpha=0.01,gamma_scale=2.0,max_features=48,x_transform=none,log_target=True",10,0.70369749,0.32283005,0.31173191,-0.054511069
xylose_gL,all_known,raman_preprocessed_als_sg2_snv,als_sg2_snv,krr,"kernel=rbf,alpha=0.01,gamma_scale=2.0,max_features=48,x_transform=none,log_target=True",10,0.70408667,0.35167256,0.3134199,-0.14731481
xylose_gL,all_known,parafac_raman_fusion_als_sg2_snv,als_sg2_snv+parafac,krr,"kernel=laplacian,alpha=0.1,gamma_scale=1.0,max_features=192,x_transform=l2,log_target=True",10,0.70411599,0.33269532,0.3198137,-0.047629698
xylose_gL,all_known,parafac_raman_fusion_als_sg0_snv_area,als_sg0_snv_area+parafac,krr,"kernel=laplacian,alpha=0.1,gamma_scale=1.0,max_features=48,x_transform=none,log_target=True",10,0.70423774,0.31294419,0.32391434,-0.082552613
xylose_gL,all_known,parafac_raman_fusion_als_sg0_snv_area,als_sg0_snv_area+parafac,krr,"kernel=laplacian,alpha=0.01,gamma_scale=1.0,max_features=192,x_transform=none,log_target=False",10,0.70463972,0.26071605,0.38703301,-0.26899715
xylose_gL,all_known,raman_preprocessed_als_sg2_snv,als_sg2_snv,krr,"kernel=laplacian,alpha=0.1,gamma_scale=2.0,max_features=12,x_transform=none,log_target=True",10,0.70479697,0.36531551,0.30269915,-0.096232425
xylose_gL,all_known,raman_preprocessed_als_sg0_snv_area,als_sg0_snv_area,krr,"kernel=laplacian,alpha=0.01,gamma_scale=2.0,max_features=12,x_transform=none,log_target=False",10,0.70492756,0.32913174,0.37322436,-0.27634689
xylose_gL,all_known,parafac_raman_fusion_als_sg0_snv_area,als_sg0_snv_area+parafac,weighted_knn,"k=5,metric=manhattan,max_features=12,x_transform=none,log_target=True",10,0.70506204,0.35334066,0.29040861,-0.026122008
xylose_gL,all_known,raman_preprocessed_als_sg0_snv_area,als_sg0_snv_area,krr,"kernel=rbf,alpha=0.01,gamma_scale=1.0,max_features=192,x_transform=l2,log_target=False",10,0.70513032,0.29619441,0.43196408,-0.41575214
xylose_gL,all_known,raman_preprocessed_als_sg2_snv,als_sg2_snv,krr,"kernel=rbf,alpha=0.1,gamma_scale=2.0,max_features=48,x_transform=l2,log_target=True",10,0.70547857,0.33537094,0.33182092,-0.23302407
xylose_gL,all_known,parafac_raman_fusion_als_sg2_snv,als_sg2_snv+parafac,krr,"kernel=laplacian,alpha=0.1,gamma_scale=2.0,max_features=192,x_transform=none,log_target=False",10,0.7055262,0.30787079,0.36686629,-0.14360204
xylose_gL,all_known,raman_preprocessed_als_sg0_snv_area,als_sg0_snv_area,krr,"kernel=laplacian,alpha=0.1,gamma_scale=1.0,max_features=48,x_transform=l2,log_target=False",10,0.70581998,0.29501335,0.40646319,-0.3904125
xylose_gL,all_known,raman_preprocessed_als_sg2_snv,als_sg2_snv,krr,"kernel=laplacian,alpha=0.1,gamma_scale=2.0,max_features=192,x_transform=none,log_target=False",10,0.70599655,0.33349773,0.36999381,-0.24418158
xylose_gL,all_known,parafac_raman_fusion_als_sg0_snv_area,als_sg0_snv_area+parafac,krr,"kernel=rbf,alpha=0.1,gamma_scale=2.0,max_features=192,x_transform=l2,log_target=False",10,0.7063021,0.26900838,0.3757341,-0.24126608
xylose_gL,all_known,parafac_raman_fusion_als_sg2_snv,als_sg2_snv+parafac,krr,"kernel=laplacian,alpha=0.01,gamma_scale=1.0,max_features=192,x_transform=none,log_target=True",10,0.70637555,0.33004373,0.32065864,-0.064975866
xylose_gL,all_known,raman_preprocessed_als_sg2_snv,als_sg2_snv,krr,"kernel=laplacian,alpha=0.1,gamma_scale=1.0,max_features=48,x_transform=none,log_target=True",10,0.7065689,0.35410276,0.32212646,-0.16091196
xylose_gL,all_known,raman_preprocessed_als_sg0_snv_area,als_sg0_snv_area,krr,"kernel=rbf,alpha=0.1,gamma_scale=1.0,max_features=192,x_transform=none,log_target=False",10,0.70681962,0.30069247,0.42309915,-0.41929804
xylose_gL,all_known,parafac_raman_fusion_als_sg2_snv,als_sg2_snv+parafac,krr,"kernel=laplacian,alpha=0.01,gamma_scale=1.0,max_features=192,x_transform=l2,log_target=True",10,0.70695469,0.3299496,0.32212135,-0.067540737
xylose_gL,all_known,parafac_raman_fusion_als_sg0_snv_area,als_sg0_snv_area+parafac,weighted_knn,"k=3,metric=correlation,max_features=192,x_transform=none,log_target=True",10,0.70737626,0.27422014,0.30048065,-0.2643359
xylose_gL,all_known,parafac_raman_fusion_als_sg0_snv_area,als_sg0_snv_area+parafac,weighted_knn,"k=3,metric=correlation,max_features=192,x_transform=l2,log_target=True",10,0.70737626,0.27422014,0.30048065,-0.2643359
xylose_gL,all_known,raman_preprocessed_als_sg0_snv_area,als_sg0_snv_area,weighted_knn,"k=5,metric=correlation,max_features=12,x_transform=none,log_target=True",10,0.70769061,0.33675506,0.32395682,-0.34786699
xylose_gL,all_known,raman_preprocessed_als_sg0_snv_area,als_sg0_snv_area,weighted_knn,"k=5,metric=correlation,max_features=12,x_transform=l2,log_target=True",10,0.70769061,0.33675506,0.32395682,-0.34786699
xylose_gL,all_known,parafac_raman_fusion_als_sg2_snv,als_sg2_snv+parafac,krr,"kernel=laplacian,alpha=0.1,gamma_scale=2.0,max_features=192,x_transform=l2,log_target=False",10,0.70770112,0.3060374,0.37213011,-0.15840104
xylose_gL,all_known,parafac_raman_fusion_als_sg0_snv_area,als_sg0_snv_area+parafac,krr,"kernel=laplacian,alpha=0.1,gamma_scale=1.0,max_features=48,x_transform=l2,log_target=True",10,0.70780416,0.30704243,0.33334842,-0.1169513
xylose_gL,all_known,parafac_raman_fusion_als_sg2_snv,als_sg2_snv+parafac,krr,"kernel=laplacian,alpha=0.01,gamma_scale=2.0,max_features=192,x_transform=none,log_target=False",10,0.70781537,0.30434649,0.36820587,-0.16644629
xylose_gL,all_known,parafac_raman_fusion_als_sg0_snv_area,als_sg0_snv_area+parafac,krr,"kernel=laplacian,alpha=0.01,gamma_scale=1.0,max_features=48,x_transform=none,log_target=True",10,0.70785084,0.3074066,0.32866931,-0.11154335
xylose_gL,all_known,parafac_raman_fusion_als_sg2_snv,als_sg2_snv+parafac,weighted_knn,"k=5,metric=manhattan,max_features=48,x_transform=none,log_target=True",10,0.70788626,0.35359546,0.2971668,-0.0094336228
xylose_gL,all_known,raman_preprocessed_als_sg2_snv,als_sg2_snv,krr,"kernel=rbf,alpha=0.1,gamma_scale=1.0,max_features=48,x_transform=none,log_target=True",10,0.70806793,0.34248427,0.32893612,-0.21406223
xylose_gL,all_known,raman_preprocessed_als_sg2_snv,als_sg2_snv,krr,"kernel=laplacian,alpha=0.01,gamma_scale=2.0,max_features=12,x_transform=none,log_target=True",10,0.70826568,0.36280401,0.30535293,-0.11767454
xylose_gL,all_known,raman_preprocessed_als_sg0_snv_area,als_sg0_snv_area,krr,"kernel=laplacian,alpha=0.01,gamma_scale=1.0,max_features=48,x_transform=none,log_target=False",10,0.70862334,0.29691868,0.40174504,-0.42243903
xylose_gL,all_known,raman_preprocessed_als_sg2_snv,als_sg2_snv,krr,"kernel=laplacian,alpha=0.01,gamma_scale=2.0,max_features=192,x_transform=none,log_target=False",10,0.70887258,0.32989789,0.37149999,-0.27221592
xylose_gL,all_known,parafac_raman_fusion_als_sg2_snv,als_sg2_snv+parafac,krr,"kernel=laplacian,alpha=0.1,gamma_scale=2.0,max_features=48,x_transform=none,log_target=True",10,0.70889951,0.34051259,0.30265523,-0.041949467
xylose_gL,all_known,parafac_raman_fusion_als_sg0_snv_area,als_sg0_snv_area+parafac,krr,"kernel=rbf,alpha=0.1,gamma_scale=1.0,max_features=12,x_transform=none,log_target=True",10,0.70902136,0.3300611,0.30491708,-0.16079545
xylose_gL,all_known,parafac_raman_fusion_als_sg0_snv_area,als_sg0_snv_area+parafac,krr,"kernel=rbf,alpha=0.01,gamma_scale=2.0,max_features=12,x_transform=none,log_target=True",10,0.7094045,0.33389552,0.30003608,-0.12338623
xylose_gL,all_known,raman_preprocessed_als_sg0_snv_area,als_sg0_snv_area,weighted_knn,"k=5,metric=correlation,max_features=48,x_transform=none,log_target=True",10,0.70957836,0.32118224,0.33864877,-0.26902208
xylose_gL,all_known,raman_preprocessed_als_sg0_snv_area,als_sg0_snv_area,weighted_knn,"k=5,metric=correlation,max_features=48,x_transform=l2,log_target=True",10,0.70957836,0.32118224,0.33864877,-0.26902208
xylose_gL,all_known,parafac_raman_fusion_als_sg2_snv,als_sg2_snv+parafac,krr,"kernel=laplacian,alpha=0.1,gamma_scale=2.0,max_features=48,x_transform=l2,log_target=True",10,0.70961032,0.32994193,0.31586191,-0.079499498
xylose_gL,all_known,raman_preprocessed_als_sg2_snv,als_sg2_snv,krr,"kernel=rbf,alpha=0.01,gamma_scale=2.0,max_features=48,x_transform=l2,log_target=True",10,0.70983573,0.33099405,0.33583267,-0.27022108
xylose_gL,all_known,parafac_raman_fusion_als_sg2_snv,als_sg2_snv+parafac,krr,"kernel=laplacian,alpha=0.01,gamma_scale=2.0,max_features=192,x_transform=l2,log_target=False",10,0.71012756,0.3024768,0.37333784,-0.18223022
xylose_gL,all_known,parafac_raman_fusion_als_sg2_snv,als_sg2_snv+parafac,krr,"kernel=laplacian,alpha=0.01,gamma_scale=2.0,max_features=48,x_transform=none,log_target=True",10,0.7102555,0.33918744,0.30370634,-0.052066082
xylose_gL,all_known,raman_preprocessed_als_sg2_snv,als_sg2_snv,krr,"kernel=laplacian,alpha=0.01,gamma_scale=1.0,max_features=48,x_transform=none,log_target=True",10,0.71034835,0.3516451,0.32512756,-0.1867689
xylose_gL,all_known,parafac_raman_fusion_als_sg0_snv_area,als_sg0_snv_area+parafac,krr,"kernel=rbf,alpha=0.01,gamma_scale=2.0,max_features=192,x_transform=l2,log_target=False",10,0.71038704,0.26191519,0.38005839,-0.28285005
xylose_gL,all_known,raman_preprocessed_als_sg2_snv,als_sg2_snv,krr,"kernel=laplacian,alpha=0.1,gamma_scale=2.0,max_features=192,x_transform=l2,log_target=False",10,0.71078102,0.33107099,0.37855695,-0.27917511
xylose_gL,all_known,raman_preprocessed_als_sg0_snv_area,als_sg0_snv_area,krr,"kernel=rbf,alpha=0.01,gamma_scale=1.0,max_features=12,x_transform=none,log_target=True",10,0.7112258,0.35705646,0.32729844,-0.23891871
xylose_gL,all_known,raman_preprocessed_als_sg2_snv,als_sg2_snv,krr,"kernel=rbf,alpha=0.1,gamma_scale=1.0,max_features=192,x_transform=none,log_target=True",10,0.71125398,0.34486957,0.33547205,-0.22904489
xylose_gL,all_known,parafac_raman_fusion_als_sg0_snv_area,als_sg0_snv_area+parafac,weighted_knn,"k=3,metric=manhattan,max_features=192,x_transform=l2,log_target=True",10,0.71144256,0.28079459,0.29179766,-0.2285082
xylose_gL,all_known,raman_preprocessed_als_sg0_snv_area,als_sg0_snv_area,weighted_knn,"k=3,metric=manhattan,max_features=12,x_transform=none,log_target=True",10,0.71145179,0.38710195,0.30457923,-0.078956748
xylose_gL,all_known,parafac_raman_fusion_als_sg0_snv_area,als_sg0_snv_area+parafac,krr,"kernel=laplacian,alpha=0.01,gamma_scale=1.0,max_features=48,x_transform=l2,log_target=True",10,0.71171536,0.30007029,0.33838442,-0.15369529
xylose_gL,all_known,parafac_raman_fusion_als_sg2_snv,als_sg2_snv+parafac,krr,"kernel=laplacian,alpha=0.01,gamma_scale=2.0,max_features=48,x_transform=l2,log_target=True",10,0.71177733,0.32771859,0.3176671,-0.096302653
xylose_gL,all_known,parafac_raman_fusion_als_sg2_snv,als_sg2_snv+parafac,weighted_knn,"k=5,metric=manhattan,max_features=48,x_transform=none,log_target=False",10,0.7120502,0.34312853,0.31647899,-0.05305564
xylose_gL,all_known,raman_preprocessed_als_sg2_snv,als_sg2_snv,weighted_knn,"k=5,metric=manhattan,max_features=48,x_transform=none,log_target=True",10,0.7122662,0.39278344,0.29362053,-0.062878426
xylose_gL,all_known,parafac_raman_fusion_als_sg2_snv,als_sg2_snv+parafac,krr,"kernel=rbf,alpha=0.1,gamma_scale=2.0,max_features=192,x_transform=none,log_target=False",10,0.71266668,0.27798589,0.37114151,-0.29675348
xylose_gL,all_known,raman_preprocessed_als_sg2_snv,als_sg2_snv,weighted_knn,"k=5,metric=manhattan,max_features=192,x_transform=l2,log_target=True",10,0.71330898,0.31226356,0.31702336,-0.4076063
xylose_gL,all_known,raman_preprocessed_als_sg2_snv,als_sg2_snv,krr,"kernel=laplacian,alpha=0.01,gamma_scale=2.0,max_features=192,x_transform=l2,log_target=False",10,0.71368067,0.32754579,0.37990844,-0.30779265
xylose_gL,all_known,parafac_raman_fusion_als_sg2_snv,als_sg2_snv+parafac,krr,"kernel=rbf,alpha=0.1,gamma_scale=2.0,max_features=48,x_transform=l2,log_target=True",10,0.71369907,0.31030956,0.31922858,-0.16505856
xylose_gL,all_known,parafac_raman_fusion_als_sg2_snv,als_sg2_snv+parafac,weighted_knn,"k=5,metric=correlation,max_features=192,x_transform=none,log_target=False",10,0.71372826,0.22189875,0.32983416,-0.72931027
xylose_gL,all_known,parafac_raman_fusion_als_sg2_snv,als_sg2_snv+parafac,weighted_knn,"k=5,metric=correlation,max_features=192,x_transform=l2,log_target=False",10,0.71372826,0.22189875,0.32983416,-0.72931027
xylose_gL,all_known,raman_preprocessed_als_sg2_snv,als_sg2_snv,krr,"kernel=laplacian,alpha=0.1,gamma_scale=1.0,max_features=48,x_transform=l2,log_target=True",10,0.71420802,0.34520293,0.33806444,-0.21665027
xylose_gL,all_known,raman_preprocessed_als_sg2_snv,als_sg2_snv,krr,"kernel=rbf,alpha=0.1,gamma_scale=1.0,max_features=192,x_transform=l2,log_target=True",10,0.7143949,0.344048,0.34139451,-0.24980387
xylose_gL,all_known,parafac_raman_fusion_als_sg2_snv,als_sg2_snv+parafac,weighted_knn,"k=5,metric=manhattan,max_features=192,x_transform=l2,log_target=True",10,0.71448528,0.28542979,0.31943604,-0.37239764
xylose_gL,all_known,raman_preprocessed_als_sg0_snv_area,als_sg0_snv_area,krr,"kernel=rbf,alpha=0.1,gamma_scale=2.0,max_features=48,x_transform=none,log_target=False",10,0.71450778,0.31226677,0.3844254,-0.35289263
xylose_gL,all_known,raman_preprocessed_als_sg2_snv,als_sg2_snv,krr,"kernel=rbf,alpha=0.01,gamma_scale=1.0,max_features=48,x_transform=none,log_target=True",10,0.71475138,0.33924616,0.33618089,-0.25436806
xylose_gL,all_known,parafac_raman_fusion_als_sg2_snv,als_sg2_snv+parafac,weighted_knn,"k=5,metric=manhattan,max_features=192,x_transform=none,log_target=True",10,0.71490085,0.27171722,0.31614666,-0.33777147
xylose_gL,all_known,parafac_raman_fusion_als_sg2_snv,als_sg2_snv+parafac,krr,"kernel=rbf,alpha=0.1,gamma_scale=1.0,max_features=192,x_transform=none,log_target=True",10,0.71529782,0.31070135,0.32574359,-0.17244034
xylose_gL,all_known,parafac_raman_fusion_als_sg2_snv,als_sg2_snv+parafac,krr,"kernel=rbf,alpha=0.1,gamma_scale=2.0,max_features=48,x_transform=none,log_target=True",10,0.71537332,0.33165346,0.30062271,-0.084098941
xylose_gL,all_known,raman_preprocessed_als_sg0_snv_area,als_sg0_snv_area,weighted_knn,"k=5,metric=manhattan,max_features=12,x_transform=none,log_target=False",10,0.71570387,0.37620714,0.32492924,-0.15846864
xylose_gL,all_known,raman_preprocessed_als_sg0_snv_area,als_sg0_snv_area,krr,"kernel=laplacian,alpha=0.01,gamma_scale=1.0,max_features=48,x_transform=l2,log_target=False",10,0.71578123,0.28542249,0.41949119,-0.48793398
xylose_gL,all_known,raman_preprocessed_als_sg2_snv,als_sg2_snv,krr,"kernel=rbf,alpha=0.1,gamma_scale=2.0,max_features=192,x_transform=none,log_target=False",10,0.7158125,0.31029095,0.38078422,-0.4035535
xylose_gL,all_known,parafac_raman_fusion_als_sg2_snv,als_sg2_snv+parafac,krr,"kernel=rbf,alpha=0.1,gamma_scale=1.0,max_features=192,x_transform=l2,log_target=True",10,0.71649061,0.31029131,0.32913842,-0.17752579
xylose_gL,all_known,parafac_raman_fusion_als_sg0_snv_area,als_sg0_snv_area+parafac,krr,"kernel=rbf,alpha=0.1,gamma_scale=2.0,max_features=12,x_transform=l2,log_target=True",10,0.71676289,0.30745128,0.32484769,-0.27236195
xylose_gL,all_known,parafac_raman_fusion_als_sg0_snv_area,als_sg0_snv_area+parafac,krr,"kernel=laplacian,alpha=0.1,gamma_scale=2.0,max_features=12,x_transform=none,log_target=False",10,0.71687577,0.30730373,0.35974954,-0.24508439
xylose_gL,all_known,parafac_raman_fusion_als_sg0_snv_area,als_sg0_snv_area+parafac,weighted_knn,"k=5,metric=manhattan,max_features=192,x_transform=l2,log_target=False",10,0.7168824,0.24499388,0.33199379,-0.36524764
xylose_gL,all_known,raman_preprocessed_als_sg2_snv,als_sg2_snv,weighted_knn,"k=5,metric=manhattan,max_features=12,x_transform=none,log_target=True",10,0.71720001,0.36429075,0.3081937,-0.15361535
xylose_gL,all_known,parafac_raman_fusion_als_sg2_snv,als_sg2_snv+parafac,krr,"kernel=rbf,alpha=0.1,gamma_scale=2.0,max_features=192,x_transform=l2,log_target=False",10,0.7172134,0.27396856,0.37888242,-0.32881413
xylose_gL,all_known,parafac_raman_fusion_als_sg0_snv_area,als_sg0_snv_area+parafac,krr,"kernel=rbf,alpha=0.1,gamma_scale=1.0,max_features=12,x_transform=l2,log_target=True",10,0.7176812,0.30663522,0.33120984,-0.27649376
xylose_gL,all_known,parafac_raman_fusion_als_sg2_snv,als_sg2_snv+parafac,krr,"kernel=laplacian,alpha=0.1,gamma_scale=1.0,max_features=48,x_transform=none,log_target=True",10,0.71787503,0.328592,0.31827084,-0.12667719
xylose_gL,all_known,parafac_raman_fusion_als_sg2_snv,als_sg2_snv+parafac,krr,"kernel=rbf,alpha=0.01,gamma_scale=2.0,max_features=192,x_transform=none,log_target=False",10,0.71799829,0.27177138,0.37748678,-0.3487022
xylose_gL,all_known,parafac_raman_fusion_als_sg0_snv_area,als_sg0_snv_area+parafac,krr,"kernel=rbf,alpha=0.1,gamma_scale=2.0,max_features=48,x_transform=l2,log_target=True",10,0.71817754,0.30207854,0.32071408,-0.16388686
xylose_gL,all_known,parafac_raman_fusion_als_sg2_snv,als_sg2_snv+parafac,krr,"kernel=rbf,alpha=0.01,gamma_scale=2.0,max_features=48,x_transform=l2,log_target=True",10,0.71822913,0.30616207,0.3217642,-0.20037476
xylose_gL,all_known,parafac_raman_fusion_als_sg2_snv,als_sg2_snv+parafac,krr,"kernel=rbf,alpha=0.01,gamma_scale=2.0,max_features=48,x_transform=none,log_target=True",10,0.71842497,0.32997949,0.30279136,-0.1010793
xylose_gL,all_known,raman_preprocessed_als_sg0_snv_area,als_sg0_snv_area,weighted_knn,"k=5,metric=manhattan,max_features=192,x_transform=none,log_target=False",10,0.71862888,0.27935666,0.35569882,-0.96634535
xylose_gL,all_known,parafac_raman_fusion_als_sg2_snv,als_sg2_snv+parafac,krr,"kernel=laplacian,alpha=0.1,gamma_scale=2.0,max_features=12,x_transform=none,log_target=True",10,0.71918775,0.32970382,0.29828814,-0.12728362
xylose_gL,all_known,raman_preprocessed_als_sg0_snv_area,als_sg0_snv_area,weighted_knn,"k=3,metric=manhattan,max_features=192,x_transform=none,log_target=True",10,0.71949095,0.30334041,0.32405603,-0.51403777
xylose_gL,all_known,raman_preprocessed_als_sg2_snv,als_sg2_snv,krr,"kernel=rbf,alpha=0.1,gamma_scale=1.0,max_features=48,x_transform=l2,log_target=True",10,0.72003345,0.3212534,0.3521024,-0.35779822
xylose_gL,all_known,raman_preprocessed_als_sg2_snv,als_sg2_snv,krr,"kernel=laplacian,alpha=0.1,gamma_scale=1.0,max_features=12,x_transform=none,log_target=True",10,0.72056477,0.35336113,0.32202734,-0.20563749
xylose_gL,all_known,parafac_raman_fusion_als_sg0_snv_area,als_sg0_snv_area+parafac,krr,"kernel=laplacian,alpha=0.01,gamma_scale=2.0,max_features=12,x_transform=none,log_target=False",10,0.7209228,0.30540121,0.36455849,-0.27535064
xylose_gL,all_known,raman_preprocessed_als_sg2_snv,als_sg2_snv,krr,"kernel=laplacian,alpha=0.01,gamma_scale=1.0,max_features=48,x_transform=l2,log_target=True",10,0.72102615,0.34093098,0.34362877,-0.26081088
xylose_gL,all_known,parafac_raman_fusion_als_sg0_snv_area,als_sg0_snv_area+parafac,weighted_knn,"k=5,metric=manhattan,max_features=192,x_transform=none,log_target=True",10,0.72144267,0.26662618,0.32226176,-0.36498229
xylose_gL,all_known,parafac_raman_fusion_als_sg2_snv,als_sg2_snv+parafac,krr,"kernel=laplacian,alpha=0.01,gamma_scale=2.0,max_features=12,x_transform=none,log_target=True",10,0.72180654,0.32679827,0.30046686,-0.15232178
xylose_gL,all_known,eem_parafac_scores,parafac_rank_selected,krr,"kernel=rbf,alpha=0.1,gamma_scale=1.0,max_features=12,x_transform=l2,log_target=True",10,0.72181133,0.35206056,0.34087207,-0.047342765
xylose_gL,all_known,eem_parafac_scores,parafac_rank_selected,krr,"kernel=laplacian,alpha=0.1,gamma_scale=1.0,max_features=12,x_transform=l2,log_target=True",10,0.72181133,0.35206056,0.34087207,-0.047342765
xylose_gL,all_known,eem_parafac_scores,parafac_rank_selected,krr,"kernel=rbf,alpha=0.1,gamma_scale=1.0,max_features=48,x_transform=l2,log_target=True",10,0.72181133,0.35206056,0.34087207,-0.047342765
xylose_gL,all_known,eem_parafac_scores,parafac_rank_selected,krr,"kernel=laplacian,alpha=0.1,gamma_scale=1.0,max_features=48,x_transform=l2,log_target=True",10,0.72181133,0.35206056,0.34087207,-0.047342765
xylose_gL,all_known,eem_parafac_scores,parafac_rank_selected,krr,"kernel=rbf,alpha=0.1,gamma_scale=1.0,max_features=192,x_transform=l2,log_target=True",10,0.72181133,0.35206056,0.34087207,-0.047342765
xylose_gL,all_known,eem_parafac_scores,parafac_rank_selected,krr,"kernel=laplacian,alpha=0.1,gamma_scale=1.0,max_features=192,x_transform=l2,log_target=True",10,0.72181133,0.35206056,0.34087207,-0.047342765
xylose_gL,all_known,eem_parafac_scores,parafac_rank_selected,krr,"kernel=rbf,alpha=0.1,gamma_scale=2.0,max_features=12,x_transform=l2,log_target=True",10,0.72181619,0.35206386,0.34083636,-0.047348043
xylose_gL,all_known,eem_parafac_scores,parafac_rank_selected,krr,"kernel=laplacian,alpha=0.1,gamma_scale=2.0,max_features=12,x_transform=l2,log_target=True",10,0.72181619,0.35206386,0.34083636,-0.047348043
xylose_gL,all_known,eem_parafac_scores,parafac_rank_selected,krr,"kernel=rbf,alpha=0.1,gamma_scale=2.0,max_features=48,x_transform=l2,log_target=True",10,0.72181619,0.35206386,0.34083636,-0.047348043
xylose_gL,all_known,eem_parafac_scores,parafac_rank_selected,krr,"kernel=laplacian,alpha=0.1,gamma_scale=2.0,max_features=48,x_transform=l2,log_target=True",10,0.72181619,0.35206386,0.34083636,-0.047348043
xylose_gL,all_known,eem_parafac_scores,parafac_rank_selected,krr,"kernel=rbf,alpha=0.1,gamma_scale=2.0,max_features=192,x_transform=l2,log_target=True",10,0.72181619,0.35206386,0.34083636,-0.047348043
xylose_gL,all_known,eem_parafac_scores,parafac_rank_selected,krr,"kernel=laplacian,alpha=0.1,gamma_scale=2.0,max_features=192,x_transform=l2,log_target=True",10,0.72181619,0.35206386,0.34083636,-0.047348043
xylose_gL,all_known,eem_parafac_scores,parafac_rank_selected,krr,"kernel=rbf,alpha=0.01,gamma_scale=1.0,max_features=12,x_transform=l2,log_target=True",10,0.721818,0.35200578,0.34102749,-0.047495723
xylose_gL,all_known,eem_parafac_scores,parafac_rank_selected,krr,"kernel=laplacian,alpha=0.01,gamma_scale=1.0,max_features=12,x_transform=l2,log_target=True",10,0.721818,0.35200578,0.34102749,-0.047495723
xylose_gL,all_known,eem_parafac_scores,parafac_rank_selected,krr,"kernel=rbf,alpha=0.01,gamma_scale=1.0,max_features=48,x_transform=l2,log_target=True",10,0.721818,0.35200578,0.34102749,-0.047495723
xylose_gL,all_known,eem_parafac_scores,parafac_rank_selected,krr,"kernel=laplacian,alpha=0.01,gamma_scale=1.0,max_features=48,x_transform=l2,log_target=True",10,0.721818,0.35200578,0.34102749,-0.047495723
xylose_gL,all_known,eem_parafac_scores,parafac_rank_selected,krr,"kernel=rbf,alpha=0.01,gamma_scale=1.0,max_features=192,x_transform=l2,log_target=True",10,0.721818,0.35200578,0.34102749,-0.047495723
xylose_gL,all_known,eem_parafac_scores,parafac_rank_selected,krr,"kernel=laplacian,alpha=0.01,gamma_scale=1.0,max_features=192,x_transform=l2,log_target=True",10,0.721818,0.35200578,0.34102749,-0.047495723
xylose_gL,all_known,eem_parafac_scores,parafac_rank_selected,krr,"kernel=rbf,alpha=0.01,gamma_scale=2.0,max_features=12,x_transform=l2,log_target=True",10,0.72181849,0.35200611,0.34102391,-0.047496252
xylose_gL,all_known,eem_parafac_scores,parafac_rank_selected,krr,"kernel=laplacian,alpha=0.01,gamma_scale=2.0,max_features=12,x_transform=l2,log_target=True",10,0.72181849,0.35200611,0.34102391,-0.047496252
xylose_gL,all_known,eem_parafac_scores,parafac_rank_selected,krr,"kernel=rbf,alpha=0.01,gamma_scale=2.0,max_features=48,x_transform=l2,log_target=True",10,0.72181849,0.35200611,0.34102391,-0.047496252
xylose_gL,all_known,eem_parafac_scores,parafac_rank_selected,krr,"kernel=laplacian,alpha=0.01,gamma_scale=2.0,max_features=48,x_transform=l2,log_target=True",10,0.72181849,0.35200611,0.34102391,-0.047496252
xylose_gL,all_known,eem_parafac_scores,parafac_rank_selected,krr,"kernel=rbf,alpha=0.01,gamma_scale=2.0,max_features=192,x_transform=l2,log_target=True",10,0.72181849,0.35200611,0.34102391,-0.047496252
xylose_gL,all_known,eem_parafac_scores,parafac_rank_selected,krr,"kernel=laplacian,alpha=0.01,gamma_scale=2.0,max_features=192,x_transform=l2,log_target=True",10,0.72181849,0.35200611,0.34102391,-0.047496252
xylose_gL,all_known,raman_preprocessed_als_sg2_snv,als_sg2_snv,krr,"kernel=rbf,alpha=0.01,gamma_scale=2.0,max_features=192,x_transform=none,log_target=False",10,0.72201862,0.30507047,0.38883835,-0.46113017
xylose_gL,all_known,parafac_raman_fusion_als_sg2_snv,als_sg2_snv+parafac,krr,"kernel=laplacian,alpha=0.01,gamma_scale=1.0,max_features=48,x_transform=none,log_target=True",10,0.72210872,0.32675659,0.32107869,-0.15286042
xylose_gL,all_known,raman_preprocessed_als_sg2_snv,als_sg2_snv,weighted_knn,"k=3,metric=manhattan,max_features=48,x_transform=none,log_target=True",10,0.72251086,0.38672631,0.30366596,-0.16432389
xylose_gL,all_known,parafac_raman_fusion_als_sg2_snv,als_sg2_snv+parafac,krr,"kernel=laplacian,alpha=0.1,gamma_scale=2.0,max_features=48,x_transform=none,log_target=False",10,0.72272791,0.3051533,0.3515068,-0.24558567
xylose_gL,all_known,raman_preprocessed_als_sg2_snv,als_sg2_snv,weighted_knn,"k=5,metric=manhattan,max_features=48,x_transform=none,log_target=False",10,0.72304323,0.38327728,0.31412424,-0.15153768
xylose_gL,all_known,parafac_raman_fusion_als_sg2_snv,als_sg2_snv+parafac,krr,"kernel=rbf,alpha=0.01,gamma_scale=2.0,max_features=192,x_transform=l2,log_target=False",10,0.72304372,0.26753226,0.3851924,-0.38435625
xylose_gL,all_known,raman_preprocessed_als_sg2_snv,als_sg2_snv,krr,"kernel=laplacian,alpha=0.1,gamma_scale=2.0,max_features=12,x_transform=l2,log_target=True",10,0.72325143,0.33722615,0.32543157,-0.25636698
xylose_gL,all_known,parafac_raman_fusion_als_sg2_snv,als_sg2_snv+parafac,krr,"kernel=rbf,alpha=0.1,gamma_scale=1.0,max_features=48,x_transform=none,log_target=True",10,0.72332083,0.31739574,0.31698754,-0.17137715
xylose_gL,all_known,parafac_raman_fusion_als_sg0_snv_area,als_sg0_snv_area+parafac,krr,"kernel=rbf,alpha=0.1,gamma_scale=2.0,max_features=192,x_transform=none,log_target=False",10,0.72346247,0.25053954,0.38919908,-0.39038096
xylose_gL,all_known,raman_preprocessed_als_sg2_snv,als_sg2_snv,krr,"kernel=rbf,alpha=0.01,gamma_scale=1.0,max_features=192,x_transform=none,log_target=True",10,0.72348423,0.33789748,0.34614437,-0.31858877
xylose_gL,all_known,parafac_raman_fusion_als_sg0_snv_area,als_sg0_snv_area+parafac,krr,"kernel=rbf,alpha=0.01,gamma_scale=2.0,max_features=48,x_transform=l2,log_target=True",10,0.72355732,0.29639594,0.32407726,-0.20124453
xylose_gL,all_known,parafac_raman_fusion_als_sg2_snv,als_sg2_snv+parafac,krr,"kernel=laplacian,alpha=0.1,gamma_scale=1.0,max_features=48,x_transform=l2,log_target=True",10,0.72388486,0.31850237,0.33202576,-0.18300168
xylose_gL,all_known,raman_preprocessed_als_sg2_snv,als_sg2_snv,weighted_knn,"k=5,metric=manhattan,max_features=192,x_transform=none,log_target=True",10,0.7244987,0.31203649,0.30256428,-0.33932748
xylose_gL,all_known,raman_preprocessed_als_sg2_snv,als_sg2_snv,krr,"kernel=laplacian,alpha=0.1,gamma_scale=2.0,max_features=48,x_transform=none,log_target=False",10,0.72470966,0.32377546,0.36115329,-0.36237231
xylose_gL,all_known,parafac_raman_fusion_als_sg0_snv_area,als_sg0_snv_area+parafac,krr,"kernel=rbf,alpha=0.1,gamma_scale=2.0,max_features=48,x_transform=none,log_target=True",10,0.72475587,0.31264352,0.31104929,-0.1628197
xylose_gL,all_known,parafac_raman_fusion_als_sg0_snv_area,als_sg0_snv_area+parafac,weighted_knn,"k=5,metric=manhattan,max_features=48,x_transform=none,log_target=True",10,0.72490969,0.33317286,0.29996168,-0.10398279
xylose_gL,all_known,parafac_raman_fusion_als_sg2_snv,als_sg2_snv+parafac,krr,"kernel=rbf,alpha=0.01,gamma_scale=1.0,max_features=192,x_transform=none,log_target=True",10,0.72534093,0.30310539,0.33273741,-0.24487004
xylose_gL,all_known,raman_preprocessed_als_sg0_snv_area,als_sg0_snv_area,krr,"kernel=rbf,alpha=0.01,gamma_scale=2.0,max_features=48,x_transform=none,log_target=False",10,0.72558638,0.30709484,0.39853834,-0.43353402
xylose_gL,all_known,parafac_raman_fusion_als_sg2_snv,als_sg2_snv+parafac,weighted_knn,"k=3,metric=manhattan,max_features=192,x_transform=none,log_target=True",10,0.72559479,0.24474352,0.31941036,-0.48466976
xylose_gL,all_known,parafac_raman_fusion_als_sg0_snv_area,als_sg0_snv_area+parafac,krr,"kernel=laplacian,alpha=0.1,gamma_scale=2.0,max_features=48,x_transform=none,log_target=False",10,0.72572354,0.27011721,0.37463122,-0.33930598
xylose_gL,all_known,parafac_raman_fusion_als_sg0_snv_area,als_sg0_snv_area+parafac,weighted_knn,"k=5,metric=manhattan,max_features=12,x_transform=none,log_target=False",10,0.72584388,0.34158699,0.31396715,-0.20344497
xylose_gL,all_known,parafac_raman_fusion_als_sg2_snv,als_sg2_snv+parafac,krr,"kernel=laplacian,alpha=0.01,gamma_scale=2.0,max_features=48,x_transform=none,log_target=False",10,0.72644165,0.3023685,0.35483791,-0.2771104
xylose_gL,all_known,raman_preprocessed_als_sg2_snv,als_sg2_snv,krr,"kernel=rbf,alpha=0.1,gamma_scale=2.0,max_features=192,x_transform=l2,log_target=False",10,0.72651644,0.30647423,0.3943419,-0.48470652
xylose_gL,all_known,parafac_raman_fusion_als_sg0_snv_area,als_sg0_snv_area+parafac,krr,"kernel=rbf,alpha=0.01,gamma_scale=2.0,max_features=12,x_transform=l2,log_target=True",10,0.72655341,0.29842451,0.33678561,-0.37227184
xylose_gL,all_known,raman_preprocessed_als_sg0_snv_area,als_sg0_snv_area,krr,"kernel=laplacian,alpha=0.1,gamma_scale=2.0,max_features=12,x_transform=l2,log_target=False",10,0.72662484,0.31395523,0.40574476,-0.42765289
xylose_gL,all_known,raman_preprocessed_als_sg0_snv_area,als_sg0_snv_area,krr,"kernel=rbf,alpha=0.1,gamma_scale=2.0,max_features=48,x_transform=l2,log_target=False",10,0.72690415,0.2918125,0.40802878,-0.49341625
xylose_gL,all_known,parafac_raman_fusion_als_sg0_snv_area,als_sg0_snv_area+parafac,krr,"kernel=laplacian,alpha=0.1,gamma_scale=2.0,max_features=12,x_transform=l2,log_target=False",10,0.72697253,0.26931156,0.39544879,-0.43779968
xylose_gL,all_known,parafac_raman_fusion_als_sg2_snv,als_sg2_snv+parafac,krr,"kernel=rbf,alpha=0.01,gamma_scale=1.0,max_features=192,x_transform=l2,log_target=True",10,0.72699518,0.30284698,0.33638864,-0.25047845
xylose_gL,all_known,parafac_raman_fusion_als_sg0_snv_area,als_sg0_snv_area+parafac,weighted_knn,"k=3,metric=manhattan,max_features=192,x_transform=none,log_target=True",10,0.72702297,0.22666962,0.32869379,-0.56961372
xylose_gL,all_known,raman_preprocessed_als_sg2_snv,als_sg2_snv,weighted_knn,"k=3,metric=manhattan,max_features=192,x_transform=none,log_target=True",10,0.72702964,0.31753225,0.3059689,-0.39544107
xylose_gL,all_known,raman_preprocessed_als_sg2_snv,als_sg2_snv,krr,"kernel=rbf,alpha=0.01,gamma_scale=1.0,max_features=192,x_transform=l2,log_target=True",10,0.72735025,0.33719118,0.35295617,-0.34378466
xylose_gL,all_known,parafac_raman_fusion_als_sg2_snv,als_sg2_snv+parafac,krr,"kernel=rbf,alpha=0.1,gamma_scale=1.0,max_features=48,x_transform=l2,log_target=True",10,0.72759564,0.29746635,0.33655126,-0.27475288
xylose_gL,all_known,raman_preprocessed_als_sg0_snv_area,als_sg0_snv_area,krr,"kernel=rbf,alpha=0.01,gamma_scale=1.0,max_features=192,x_transform=none,log_target=False",10,0.72819904,0.28970578,0.45122004,-0.58642006
xylose_gL,all_known,raman_preprocessed_als_sg2_snv,als_sg2_snv,krr,"kernel=laplacian,alpha=0.01,gamma_scale=2.0,max_features=48,x_transform=none,log_target=False",10,0.72866503,0.32050394,0.36502467,-0.39558826
xylose_gL,all_known,raman_preprocessed_als_sg2_snv,als_sg2_snv,krr,"kernel=laplacian,alpha=0.01,gamma_scale=1.0,max_features=12,x_transform=none,log_target=True",10,0.72875635,0.34936799,0.32759755,-0.2567509
xylose_gL,all_known,parafac_raman_fusion_als_sg2_snv,als_sg2_snv+parafac,krr,"kernel=laplacian,alpha=0.1,gamma_scale=1.0,max_features=192,x_transform=none,log_target=False",10,0.72876354,0.28349241,0.39189644,-0.34119787
xylose_gL,all_known,parafac_raman_fusion_als_sg0_snv_area,als_sg0_snv_area+parafac,krr,"kernel=rbf,alpha=0.1,gamma_scale=1.0,max_features=192,x_transform=l2,log_target=False",10,0.72924279,0.23755559,0.42506482,-0.45173051
xylose_gL,all_known,raman_preprocessed_als_sg0_snv_area,als_sg0_snv_area,krr,"kernel=laplacian,alpha=0.1,gamma_scale=1.0,max_features=12,x_transform=none,log_target=False",10,0.72938657,0.30565864,0.41650411,-0.49410003
xylose_gL,all_known,parafac_raman_fusion_als_sg2_snv,als_sg2_snv+parafac,weighted_knn,"k=3,metric=correlation,max_features=48,x_transform=l2,log_target=True",10,0.72944502,0.25202531,0.32347663,-0.62235113
xylose_gL,all_known,parafac_raman_fusion_als_sg2_snv,als_sg2_snv+parafac,weighted_knn,"k=3,metric=correlation,max_features=48,x_transform=none,log_target=True",10,0.72944502,0.25202531,0.32347663,-0.62235113
xylose_gL,all_known,parafac_raman_fusion_als_sg2_snv,als_sg2_snv+parafac,krr,"kernel=laplacian,alpha=0.1,gamma_scale=1.0,max_features=192,x_transform=l2,log_target=False",10,0.72968902,0.28322853,0.39383989,-0.34674886
xylose_gL,all_known,parafac_raman_fusion_als_sg0_snv_area,als_sg0_snv_area+parafac,krr,"kernel=rbf,alpha=0.01,gamma_scale=2.0,max_features=48,x_transform=none,log_target=True",10,0.72985737,0.31006561,0.3145575,-0.19128285
xylose_gL,all_known,parafac_raman_fusion_als_sg0_snv_area,als_sg0_snv_area+parafac,krr,"kernel=rbf,alpha=0.01,gamma_scale=2.0,max_features=192,x_transform=none,log_target=False",10,0.72988742,0.2424636,0.39856327,-0.44964797
xylose_gL,all_known,parafac_raman_fusion_als_sg0_snv_area,als_sg0_snv_area+parafac,krr,"kernel=laplacian,alpha=0.01,gamma_scale=2.0,max_features=48,x_transform=none,log_target=False",10,0.73006354,0.2643313,0.38052184,-0.37962718
xylose_gL,all_known,parafac_raman_fusion_als_sg2_snv,als_sg2_snv+parafac,krr,"kernel=laplacian,alpha=0.1,gamma_scale=1.0,max_features=12,x_transform=none,log_target=True",10,0.73024523,0.3201014,0.31392299,-0.24170882
xylose_gL,all_known,parafac_raman_fusion_als_sg2_snv,als_sg2_snv+parafac,weighted_knn,"k=5,metric=manhattan,max_features=12,x_transform=none,log_target=True",10,0.7303011,0.29158529,0.31096489,-0.28285533
xylose_gL,all_known,parafac_raman_fusion_als_sg0_snv_area,als_sg0_snv_area+parafac,krr,"kernel=laplacian,alpha=0.1,gamma_scale=2.0,max_features=48,x_transform=l2,log_target=False",10,0.73040624,0.26255878,0.3894842,-0.38902703
xylose_gL,all_known,parafac_raman_fusion_als_sg2_snv,als_sg2_snv+parafac,krr,"kernel=rbf,alpha=0.1,gamma_scale=2.0,max_features=48,x_transform=none,log_target=False",10,0.73066866,0.29244404,0.3490691,-0.31695594
xylose_gL,all_known,parafac_raman_fusion_als_sg2_snv,als_sg2_snv+parafac,krr,"kernel=laplacian,alpha=0.01,gamma_scale=1.0,max_features=48,x_transform=l2,log_target=True",10,0.73070066,0.31453741,0.33711504,-0.22817051
xylose_gL,all_known,parafac_raman_fusion_als_sg0_snv_area,als_sg0_snv_area+parafac,krr,"kernel=rbf,alpha=0.1,gamma_scale=1.0,max_features=48,x_transform=none,log_target=True",10,0.73168586,0.30214904,0.32413847,-0.22338493
xylose_gL,all_known,parafac_raman_fusion_als_sg0_snv_area,als_sg0_snv_area+parafac,krr,"kernel=laplacian,alpha=0.01,gamma_scale=2.0,max_features=12,x_transform=l2,log_target=False",10,0.73175701,0.26420802,0.40297664,-0.49409173
xylose_gL,all_known,parafac_raman_fusion_als_sg2_snv,als_sg2_snv+parafac,krr,"kernel=rbf,alpha=0.01,gamma_scale=1.0,max_features=48,x_transform=none,log_target=True",10,0.73224605,0.31559134,0.3220241,-0.21230899
xylose_gL,all_known,raman_preprocessed_als_sg0_snv_area,als_sg0_snv_area,krr,"kernel=rbf,alpha=0.01,gamma_scale=2.0,max_features=12,x_transform=l2,log_target=True",10,0.73224909,0.33311066,0.3513274,-0.43779874
xylose_gL,all_known,parafac_raman_fusion_als_sg0_snv_area,als_sg0_snv_area+parafac,krr,"kernel=rbf,alpha=0.1,gamma_scale=1.0,max_features=48,x_transform=l2,log_target=True",10,0.73241462,0.28728459,0.33820082,-0.26311042
xylose_gL,all_known,raman_preprocessed_als_sg2_snv,als_sg2_snv,krr,"kernel=laplacian,alpha=0.01,gamma_scale=2.0,max_features=12,x_transform=l2,log_target=True",10,0.73248573,0.3307407,0.33065989,-0.31884502
xylose_gL,all_known,parafac_raman_fusion_als_sg2_snv,als_sg2_snv+parafac,weighted_knn,"k=5,metric=correlation,max_features=48,x_transform=none,log_target=True",10,0.73258312,0.25998717,0.34264895,-0.47047026
xylose_gL,all_known,parafac_raman_fusion_als_sg2_snv,als_sg2_snv+parafac,weighted_knn,"k=5,metric=correlation,max_features=48,x_transform=l2,log_target=True",10,0.73258312,0.25998717,0.34264895,-0.47047026
xylose_gL,all_known,raman_preprocessed_als_sg2_snv,als_sg2_snv,krr,"kernel=rbf,alpha=0.01,gamma_scale=2.0,max_features=192,x_transform=l2,log_target=False",10,0.73326767,0.30132105,0.40286639,-0.54751769
xylose_gL,all_known,parafac_raman_fusion_als_sg2_snv,als_sg2_snv+parafac,krr,"kernel=laplacian,alpha=0.1,gamma_scale=2.0,max_features=12,x_transform=l2,log_target=True",10,0.73328327,0.31206574,0.31887492,-0.26168249
xylose_gL,all_known,parafac_raman_fusion_als_sg2_snv,als_sg2_snv+parafac,weighted_knn,"k=3,metric=manhattan,max_features=48,x_transform=none,log_target=True",10,0.73356451,0.34780265,0.30548261,-0.13021021
xylose_gL,all_known,raman_preprocessed_als_sg2_snv,als_sg2_snv,krr,"kernel=rbf,alpha=0.1,gamma_scale=2.0,max_features=48,x_transform=none,log_target=False",10,0.73373394,0.30764684,0.37109609,-0.49442688
xylose_gL,all_known,raman_preprocessed_als_sg2_snv,als_sg2_snv,krr,"kernel=rbf,alpha=0.01,gamma_scale=1.0,max_features=48,x_transform=l2,log_target=True",10,0.73377382,0.31207363,0.36441443,-0.46608855
xylose_gL,all_known,parafac_raman_fusion_als_sg0_snv_area,als_sg0_snv_area+parafac,weighted_knn,"k=3,metric=manhattan,max_features=192,x_transform=l2,log_target=False",10,0.73392888,0.23040765,0.32050985,-0.57093224
xylose_gL,all_known,parafac_raman_fusion_als_sg0_snv_area,als_sg0_snv_area+parafac,weighted_knn,"k=3,metric=manhattan,max_features=12,x_transform=none,log_target=False",10,0.73406775,0.34492938,0.31240089,-0.34148855
xylose_gL,all_known,raman_preprocessed_als_sg2_snv,als_sg2_snv,krr,"kernel=laplacian,alpha=0.1,gamma_scale=1.0,max_features=192,x_transform=none,log_target=False",10,0.73458514,0.30924185,0.39871258,-0.48896522
xylose_gL,all_known,raman_preprocessed_als_sg0_snv_area,als_sg0_snv_area,weighted_knn,"k=3,metric=manhattan,max_features=48,x_transform=none,log_target=False",10,0.73474711,0.34092534,0.318826,-0.34370929
xylose_gL,all_known,raman_preprocessed_als_sg0_snv_area,als_sg0_snv_area,krr,"kernel=laplacian,alpha=0.01,gamma_scale=2.0,max_features=12,x_transform=l2,log_target=False",10,0.73488423,0.30968638,0.413783,-0.49009263
xylose_gL,all_known,parafac_raman_fusion_als_sg0_snv_area,als_sg0_snv_area+parafac,krr,"kernel=rbf,alpha=0.01,gamma_scale=1.0,max_features=12,x_transform=none,log_target=True",10,0.73513665,0.32115905,0.32757346,-0.30291765
xylose_gL,all_known,raman_preprocessed_als_sg2_snv,als_sg2_snv,krr,"kernel=laplacian,alpha=0.1,gamma_scale=1.0,max_features=192,x_transform=l2,log_target=False",10,0.73519724,0.30893714,0.40127672,-0.49611504
xylose_gL,all_known,parafac_raman_fusion_als_sg0_snv_area,als_sg0_snv_area+parafac,krr,"kernel=laplacian,alpha=0.01,gamma_scale=2.0,max_features=48,x_transform=l2,log_target=False",10,0.7352312,0.25557906,0.39484199,-0.43757117
xylose_gL,all_known,eem_parafac_scores,parafac_rank_selected,krr,"kernel=rbf,alpha=0.1,gamma_scale=2.0,max_features=12,x_transform=l2,log_target=False",10,0.73565869,0.33019023,0.41570365,-0.17196606
xylose_gL,all_known,eem_parafac_scores,parafac_rank_selected,krr,"kernel=laplacian,alpha=0.1,gamma_scale=2.0,max_features=12,x_transform=l2,log_target=False",10,0.73565869,0.33019023,0.41570365,-0.17196606
xylose_gL,all_known,eem_parafac_scores,parafac_rank_selected,krr,"kernel=rbf,alpha=0.1,gamma_scale=2.0,max_features=48,x_transform=l2,log_target=False",10,0.73565869,0.33019023,0.41570365,-0.17196606
xylose_gL,all_known,eem_parafac_scores,parafac_rank_selected,krr,"kernel=laplacian,alpha=0.1,gamma_scale=2.0,max_features=48,x_transform=l2,log_target=False",10,0.73565869,0.33019023,0.41570365,-0.17196606
xylose_gL,all_known,eem_parafac_scores,parafac_rank_selected,krr,"kernel=rbf,alpha=0.1,gamma_scale=2.0,max_features=192,x_transform=l2,log_target=False",10,0.73565869,0.33019023,0.41570365,-0.17196606
xylose_gL,all_known,eem_parafac_scores,parafac_rank_selected,krr,"kernel=laplacian,alpha=0.1,gamma_scale=2.0,max_features=192,x_transform=l2,log_target=False",10,0.73565869,0.33019023,0.41570365,-0.17196606
xylose_gL,all_known,eem_parafac_scores,parafac_rank_selected,krr,"kernel=rbf,alpha=0.1,gamma_scale=1.0,max_features=12,x_transform=l2,log_target=False",10,0.73566251,0.33017443,0.41576151,-0.17204617
xylose_gL,all_known,eem_parafac_scores,parafac_rank_selected,krr,"kernel=laplacian,alpha=0.1,gamma_scale=1.0,max_features=12,x_transform=l2,log_target=False",10,0.73566251,0.33017443,0.41576151,-0.17204617
xylose_gL,all_known,eem_parafac_scores,parafac_rank_selected,krr,"kernel=rbf,alpha=0.1,gamma_scale=1.0,max_features=48,x_transform=l2,log_target=False",10,0.73566251,0.33017443,0.41576151,-0.17204617
xylose_gL,all_known,eem_parafac_scores,parafac_rank_selected,krr,"kernel=laplacian,alpha=0.1,gamma_scale=1.0,max_features=48,x_transform=l2,log_target=False",10,0.73566251,0.33017443,0.41576151,-0.17204617
xylose_gL,all_known,eem_parafac_scores,parafac_rank_selected,krr,"kernel=rbf,alpha=0.1,gamma_scale=1.0,max_features=192,x_transform=l2,log_target=False",10,0.73566251,0.33017443,0.41576151,-0.17204617
xylose_gL,all_known,eem_parafac_scores,parafac_rank_selected,krr,"kernel=laplacian,alpha=0.1,gamma_scale=1.0,max_features=192,x_transform=l2,log_target=False",10,0.73566251,0.33017443,0.41576151,-0.17204617
xylose_gL,all_known,eem_parafac_scores,parafac_rank_selected,krr,"kernel=rbf,alpha=0.01,gamma_scale=2.0,max_features=12,x_transform=l2,log_target=False",10,0.73575183,0.33006625,0.4159919,-0.17274726
xylose_gL,all_known,eem_parafac_scores,parafac_rank_selected,krr,"kernel=laplacian,alpha=0.01,gamma_scale=2.0,max_features=12,x_transform=l2,log_target=False",10,0.73575183,0.33006625,0.4159919,-0.17274726
xylose_gL,all_known,eem_parafac_scores,parafac_rank_selected,krr,"kernel=rbf,alpha=0.01,gamma_scale=2.0,max_features=48,x_transform=l2,log_target=False",10,0.73575183,0.33006625,0.4159919,-0.17274726
xylose_gL,all_known,eem_parafac_scores,parafac_rank_selected,krr,"kernel=laplacian,alpha=0.01,gamma_scale=2.0,max_features=48,x_transform=l2,log_target=False",10,0.73575183,0.33006625,0.4159919,-0.17274726
xylose_gL,all_known,eem_parafac_scores,parafac_rank_selected,krr,"kernel=rbf,alpha=0.01,gamma_scale=2.0,max_features=192,x_transform=l2,log_target=False",10,0.73575183,0.33006625,0.4159919,-0.17274726
xylose_gL,all_known,eem_parafac_scores,parafac_rank_selected,krr,"kernel=laplacian,alpha=0.01,gamma_scale=2.0,max_features=192,x_transform=l2,log_target=False",10,0.73575183,0.33006625,0.4159919,-0.17274726
xylose_gL,all_known,eem_parafac_scores,parafac_rank_selected,krr,"kernel=rbf,alpha=0.01,gamma_scale=1.0,max_features=12,x_transform=l2,log_target=False",10,0.73575221,0.33006467,0.4159977,-0.1727553
xylose_gL,all_known,eem_parafac_scores,parafac_rank_selected,krr,"kernel=laplacian,alpha=0.01,gamma_scale=1.0,max_features=12,x_transform=l2,log_target=False",10,0.73575221,0.33006467,0.4159977,-0.1727553
xylose_gL,all_known,eem_parafac_scores,parafac_rank_selected,krr,"kernel=rbf,alpha=0.01,gamma_scale=1.0,max_features=48,x_transform=l2,log_target=False",10,0.73575221,0.33006467,0.4159977,-0.1727553
xylose_gL,all_known,eem_parafac_scores,parafac_rank_selected,krr,"kernel=laplacian,alpha=0.01,gamma_scale=1.0,max_features=48,x_transform=l2,log_target=False",10,0.73575221,0.33006467,0.4159977,-0.1727553
xylose_gL,all_known,eem_parafac_scores,parafac_rank_selected,krr,"kernel=rbf,alpha=0.01,gamma_scale=1.0,max_features=192,x_transform=l2,log_target=False",10,0.73575221,0.33006467,0.4159977,-0.1727553
xylose_gL,all_known,eem_parafac_scores,parafac_rank_selected,krr,"kernel=laplacian,alpha=0.01,gamma_scale=1.0,max_features=192,x_transform=l2,log_target=False",10,0.73575221,0.33006467,0.4159977,-0.1727553
xylose_gL,all_known,parafac_raman_fusion_als_sg2_snv,als_sg2_snv+parafac,krr,"kernel=laplacian,alpha=0.01,gamma_scale=1.0,max_features=12,x_transform=none,log_target=True",10,0.7359221,0.31615582,0.31819778,-0.29360667
xylose_gL,all_known,parafac_raman_fusion_als_sg2_snv,als_sg2_snv+parafac,krr,"kernel=laplacian,alpha=0.1,gamma_scale=2.0,max_features=48,x_transform=l2,log_target=False",10,0.73617981,0.28031448,0.38299497,-0.40567709
xylose_gL,all_known,parafac_raman_fusion_als_sg2_snv,als_sg2_snv+parafac,krr,"kernel=rbf,alpha=0.01,gamma_scale=2.0,max_features=48,x_transform=none,log_target=False",10,0.736911,0.28894838,0.35445655,-0.36206223
xylose_gL,all_known,raman_preprocessed_als_sg2_snv,als_sg2_snv,weighted_knn,"k=5,metric=correlation,max_features=48,x_transform=none,log_target=True",10,0.73693239,0.30374204,0.34969956,-0.53059393
xylose_gL,all_known,raman_preprocessed_als_sg2_snv,als_sg2_snv,weighted_knn,"k=5,metric=correlation,max_features=48,x_transform=l2,log_target=True",10,0.73693239,0.30374204,0.34969956,-0.53059393
xylose_gL,all_known,parafac_raman_fusion_als_sg2_snv,als_sg2_snv+parafac,krr,"kernel=laplacian,alpha=0.01,gamma_scale=1.0,max_features=192,x_transform=none,log_target=False",10,0.73784846,0.27643888,0.40239765,-0.41337911
xylose_gL,all_known,parafac_raman_fusion_als_sg2_snv,als_sg2_snv+parafac,krr,"kernel=laplacian,alpha=0.01,gamma_scale=1.0,max_features=192,x_transform=l2,log_target=False",10,0.73889414,0.27625713,0.40464468,-0.41979019
xylose_gL,all_known,raman_preprocessed_als_sg2_snv,als_sg2_snv,krr,"kernel=laplacian,alpha=0.1,gamma_scale=1.0,max_features=12,x_transform=l2,log_target=True",10,0.73908661,0.32452863,0.34136394,-0.36494955
xylose_gL,all_known,parafac_raman_fusion_als_sg2_snv,als_sg2_snv+parafac,weighted_knn,"k=3,metric=manhattan,max_features=12,x_transform=none,log_target=True",10,0.73941123,0.25582774,0.31296677,-0.48616547
xylose_gL,all_known,raman_preprocessed_als_sg2_snv,als_sg2_snv,krr,"kernel=rbf,alpha=0.01,gamma_scale=2.0,max_features=48,x_transform=none,log_target=False",10,0.73956492,0.30359813,0.37814042,-0.54585163
xylose_gL,all_known,parafac_raman_fusion_als_sg2_snv,als_sg2_snv+parafac,krr,"kernel=laplacian,alpha=0.01,gamma_scale=2.0,max_features=12,x_transform=l2,log_target=True",10,0.74065708,0.30705492,0.32300644,-0.32490399
xylose_gL,all_known,parafac_raman_fusion_als_sg0_snv_area,als_sg0_snv_area+parafac,weighted_knn,"k=5,metric=correlation,max_features=192,x_transform=none,log_target=False",10,0.74068128,0.23615513,0.33938491,-0.62111242
xylose_gL,all_known,parafac_raman_fusion_als_sg0_snv_area,als_sg0_snv_area+parafac,weighted_knn,"k=5,metric=correlation,max_features=192,x_transform=l2,log_target=False",10,0.74068128,0.23615513,0.33938491,-0.62111242
xylose_gL,all_known,eem_parafac_scores,parafac_rank_selected,krr,"kernel=rbf,alpha=0.1,gamma_scale=2.0,max_features=12,x_transform=none,log_target=True",10,0.74089809,0.34650571,0.35557505,-0.14179478
xylose_gL,all_known,eem_parafac_scores,parafac_rank_selected,krr,"kernel=rbf,alpha=0.1,gamma_scale=2.0,max_features=48,x_transform=none,log_target=True",10,0.74089809,0.34650571,0.35557505,-0.14179478
xylose_gL,all_known,eem_parafac_scores,parafac_rank_selected,krr,"kernel=rbf,alpha=0.1,gamma_scale=2.0,max_features=192,x_transform=none,log_target=True",10,0.74089809,0.34650571,0.35557505,-0.14179478
xylose_gL,all_known,raman_preprocessed_als_sg0_snv_area,als_sg0_snv_area,krr,"kernel=rbf,alpha=0.01,gamma_scale=2.0,max_features=48,x_transform=l2,log_target=False",10,0.74132084,0.28369866,0.42255389,-0.60552737
xylose_gL,all_known,raman_preprocessed_als_sg0_snv_area,als_sg0_snv_area,krr,"kernel=laplacian,alpha=0.01,gamma_scale=1.0,max_features=12,x_transform=none,log_target=False",10,0.74134143,0.30182579,0.43049589,-0.58645915
xylose_gL,all_known,parafac_raman_fusion_als_sg2_snv,als_sg2_snv+parafac,krr,"kernel=laplacian,alpha=0.01,gamma_scale=2.0,max_features=48,x_transform=l2,log_target=False",10,0.74202182,0.27581103,0.3887016,-0.45708022
xylose_gL,all_known,parafac_raman_fusion_als_sg2_snv,als_sg2_snv+parafac,krr,"kernel=laplacian,alpha=0.1,gamma_scale=1.0,max_features=12,x_transform=l2,log_target=True",10,0.74212708,0.30666032,0.33140963,-0.32336868
xylose_gL,all_known,parafac_raman_fusion_als_sg2_snv,als_sg2_snv+parafac,krr,"kernel=rbf,alpha=0.01,gamma_scale=1.0,max_features=48,x_transform=l2,log_target=True",10,0.74225127,0.2884771,0.34650393,-0.3794444
xylose_gL,all_known,parafac_raman_fusion_als_sg0_snv_area,als_sg0_snv_area+parafac,weighted_knn,"k=5,metric=manhattan,max_features=48,x_transform=l2,log_target=True",10,0.74234369,0.24432155,0.34092996,-0.45206525
xylose_gL,all_known,parafac_raman_fusion_als_sg2_snv,als_sg2_snv+parafac,weighted_knn,"k=3,metric=manhattan,max_features=48,x_transform=none,log_target=False",10,0.74264226,0.34072967,0.32187215,-0.20031379
xylose_gL,all_known,eem_parafac_scores,parafac_rank_selected,krr,"kernel=rbf,alpha=0.1,gamma_scale=1.0,max_features=12,x_transform=none,log_target=True",10,0.74279871,0.34337366,0.35629532,-0.17450016
xylose_gL,all_known,eem_parafac_scores,parafac_rank_selected,krr,"kernel=rbf,alpha=0.1,gamma_scale=1.0,max_features=48,x_transform=none,log_target=True",10,0.74279871,0.34337366,0.35629532,-0.17450016
xylose_gL,all_known,eem_parafac_scores,parafac_rank_selected,krr,"kernel=rbf,alpha=0.1,gamma_scale=1.0,max_features=192,x_transform=none,log_target=True",10,0.74279871,0.34337366,0.35629532,-0.17450016
xylose_gL,all_known,raman_preprocessed_als_sg2_snv,als_sg2_snv,weighted_knn,"k=3,metric=manhattan,max_features=48,x_transform=none,log_target=False",10,0.74315561,0.37528844,0.32279597,-0.34077893
xylose_gL,all_known,parafac_raman_fusion_als_sg0_snv_area,als_sg0_snv_area+parafac,weighted_knn,"k=3,metric=correlation,max_features=192,x_transform=none,log_target=False",10,0.74357114,0.22815501,0.34056665,-0.66760362
xylose_gL,all_known,parafac_raman_fusion_als_sg0_snv_area,als_sg0_snv_area+parafac,weighted_knn,"k=3,metric=correlation,max_features=192,x_transform=l2,log_target=False",10,0.74357114,0.22815501,0.34056665,-0.66760362
xylose_gL,all_known,raman_preprocessed_als_sg0_snv_area,als_sg0_snv_area,krr,"kernel=rbf,alpha=0.1,gamma_scale=2.0,max_features=12,x_transform=none,log_target=False",10,0.7438306,0.33484034,0.38926387,-0.48502431
xylose_gL,all_known,raman_preprocessed_als_sg2_snv,als_sg2_snv,krr,"kernel=laplacian,alpha=0.01,gamma_scale=1.0,max_features=192,x_transform=none,log_target=False",10,0.74403719,0.30288587,0.40894033,-0.56721503
xylose_gL,all_known,raman_preprocessed_als_sg2_snv,als_sg2_snv,krr,"kernel=laplacian,alpha=0.01,gamma_scale=1.0,max_features=192,x_transform=l2,log_target=False",10,0.74444092,0.30276156,0.41102435,-0.57314906
xylose_gL,all_known,eem_parafac_scores,parafac_rank_selected,weighted_knn,"k=3,metric=correlation,max_features=12,x_transform=none,log_target=False",10,0.74515411,0.36446083,0.26883333,-0.11181076
xylose_gL,all_known,eem_parafac_scores,parafac_rank_selected,weighted_knn,"k=3,metric=correlation,max_features=12,x_transform=l2,log_target=False",10,0.74515411,0.36446083,0.26883333,-0.11181076
xylose_gL,all_known,eem_parafac_scores,parafac_rank_selected,weighted_knn,"k=3,metric=correlation,max_features=48,x_transform=none,log_target=False",10,0.74515411,0.36446083,0.26883333,-0.11181076
xylose_gL,all_known,eem_parafac_scores,parafac_rank_selected,weighted_knn,"k=3,metric=correlation,max_features=48,x_transform=l2,log_target=False",10,0.74515411,0.36446083,0.26883333,-0.11181076
xylose_gL,all_known,eem_parafac_scores,parafac_rank_selected,weighted_knn,"k=3,metric=correlation,max_features=192,x_transform=none,log_target=False",10,0.74515411,0.36446083,0.26883333,-0.11181076
xylose_gL,all_known,eem_parafac_scores,parafac_rank_selected,weighted_knn,"k=3,metric=correlation,max_features=192,x_transform=l2,log_target=False",10,0.74515411,0.36446083,0.26883333,-0.11181076
xylose_gL,all_known,parafac_raman_fusion_als_sg0_snv_area,als_sg0_snv_area+parafac,krr,"kernel=rbf,alpha=0.1,gamma_scale=1.0,max_features=192,x_transform=none,log_target=False",10,0.74521865,0.22695439,0.4375635,-0.58816281
xylose_gL,all_known,eem_parafac_scores,parafac_rank_selected,weighted_knn,"k=3,metric=correlation,max_features=12,x_transform=none,log_target=True",10,0.74540777,0.36446298,0.26851737,-0.11272625
xylose_gL,all_known,eem_parafac_scores,parafac_rank_selected,weighted_knn,"k=3,metric=correlation,max_features=12,x_transform=l2,log_target=True",10,0.74540777,0.36446298,0.26851737,-0.11272625
xylose_gL,all_known,eem_parafac_scores,parafac_rank_selected,weighted_knn,"k=3,metric=correlation,max_features=48,x_transform=none,log_target=True",10,0.74540777,0.36446298,0.26851737,-0.11272625
xylose_gL,all_known,eem_parafac_scores,parafac_rank_selected,weighted_knn,"k=3,metric=correlation,max_features=48,x_transform=l2,log_target=True",10,0.74540777,0.36446298,0.26851737,-0.11272625
xylose_gL,all_known,eem_parafac_scores,parafac_rank_selected,weighted_knn,"k=3,metric=correlation,max_features=192,x_transform=none,log_target=True",10,0.74540777,0.36446298,0.26851737,-0.11272625
xylose_gL,all_known,eem_parafac_scores,parafac_rank_selected,weighted_knn,"k=3,metric=correlation,max_features=192,x_transform=l2,log_target=True",10,0.74540777,0.36446298,0.26851737,-0.11272625
xylose_gL,all_known,parafac_raman_fusion_als_sg0_snv_area,als_sg0_snv_area+parafac,weighted_knn,"k=5,metric=correlation,max_features=48,x_transform=none,log_target=True",10,0.74545163,0.26965069,0.33556463,-0.40755939
xylose_gL,all_known,parafac_raman_fusion_als_sg0_snv_area,als_sg0_snv_area+parafac,weighted_knn,"k=5,metric=correlation,max_features=48,x_transform=l2,log_target=True",10,0.74545163,0.26965069,0.33556463,-0.40755939
xylose_gL,all_known,raman_preprocessed_als_sg2_snv,als_sg2_snv,krr,"kernel=laplacian,alpha=0.1,gamma_scale=2.0,max_features=48,x_transform=l2,log_target=False",10,0.74558663,0.30113561,0.39301688,-0.56571927
xylose_gL,all_known,parafac_raman_fusion_als_sg0_snv_area,als_sg0_snv_area+parafac,weighted_knn,"k=3,metric=manhattan,max_features=48,x_transform=none,log_target=True",10,0.74611535,0.32405844,0.3078461,-0.20101948
xylose_gL,all_known,parafac_raman_fusion_als_sg2_snv,als_sg2_snv+parafac,krr,"kernel=rbf,alpha=0.1,gamma_scale=2.0,max_features=12,x_transform=none,log_target=True",10,0.74632935,0.29021806,0.30991925,-0.45389943
xylose_gL,all_known,parafac_raman_fusion_als_sg0_snv_area,als_sg0_snv_area+parafac,krr,"kernel=laplacian,alpha=0.1,gamma_scale=1.0,max_features=12,x_transform=none,log_target=False",10,0.74668069,0.28219241,0.40781006,-0.48631925
xylose_gL,all_known,parafac_raman_fusion_als_sg0_snv_area,als_sg0_snv_area+parafac,krr,"kernel=rbf,alpha=0.01,gamma_scale=1.0,max_features=192,x_transform=l2,log_target=False",10,0.74787878,0.22222999,0.44838022,-0.59999516
xylose_gL,all_known,eem_parafac_scores,parafac_rank_selected,weighted_knn,"k=5,metric=correlation,max_features=12,x_transform=none,log_target=False",10,0.74846211,0.36445607,0.26491667,-0.12386838
xylose_gL,all_known,eem_parafac_scores,parafac_rank_selected,weighted_knn,"k=5,metric=correlation,max_features=12,x_transform=l2,log_target=False",10,0.74846211,0.36445607,0.26491667,-0.12386838
xylose_gL,all_known,eem_parafac_scores,parafac_rank_selected,weighted_knn,"k=5,metric=correlation,max_features=48,x_transform=none,log_target=False",10,0.74846211,0.36445607,0.26491667,-0.12386838
xylose_gL,all_known,eem_parafac_scores,parafac_rank_selected,weighted_knn,"k=5,metric=correlation,max_features=48,x_transform=l2,log_target=False",10,0.74846211,0.36445607,0.26491667,-0.12386838
xylose_gL,all_known,eem_parafac_scores,parafac_rank_selected,weighted_knn,"k=5,metric=correlation,max_features=192,x_transform=none,log_target=False",10,0.74846211,0.36445607,0.26491667,-0.12386838
xylose_gL,all_known,eem_parafac_scores,parafac_rank_selected,weighted_knn,"k=5,metric=correlation,max_features=192,x_transform=l2,log_target=False",10,0.74846211,0.36445607,0.26491667,-0.12386838
xylose_gL,all_known,parafac_raman_fusion_als_sg0_snv_area,als_sg0_snv_area+parafac,krr,"kernel=rbf,alpha=0.01,gamma_scale=1.0,max_features=48,x_transform=none,log_target=True",10,0.74864669,0.29582542,0.33522065,-0.31837285
xylose_gL,all_known,eem_parafac_scores,parafac_rank_selected,weighted_knn,"k=5,metric=correlation,max_features=12,x_transform=none,log_target=True",10,0.74865568,0.36445377,0.26470272,-0.12458166
xylose_gL,all_known,eem_parafac_scores,parafac_rank_selected,weighted_knn,"k=5,metric=correlation,max_features=12,x_transform=l2,log_target=True",10,0.74865568,0.36445377,0.26470272,-0.12458166
xylose_gL,all_known,eem_parafac_scores,parafac_rank_selected,weighted_knn,"k=5,metric=correlation,max_features=48,x_transform=none,log_target=True",10,0.74865568,0.36445377,0.26470272,-0.12458166
xylose_gL,all_known,eem_parafac_scores,parafac_rank_selected,weighted_knn,"k=5,metric=correlation,max_features=48,x_transform=l2,log_target=True",10,0.74865568,0.36445377,0.26470272,-0.12458166
xylose_gL,all_known,eem_parafac_scores,parafac_rank_selected,weighted_knn,"k=5,metric=correlation,max_features=192,x_transform=none,log_target=True",10,0.74865568,0.36445377,0.26470272,-0.12458166
xylose_gL,all_known,eem_parafac_scores,parafac_rank_selected,weighted_knn,"k=5,metric=correlation,max_features=192,x_transform=l2,log_target=True",10,0.74865568,0.36445377,0.26470272,-0.12458166
xylose_gL,all_known,parafac_raman_fusion_als_sg0_snv_area,als_sg0_snv_area+parafac,krr,"kernel=laplacian,alpha=0.1,gamma_scale=1.0,max_features=48,x_transform=none,log_target=False",10,0.74871027,0.23868273,0.42212534,-0.57454387
xylose_gL,all_known,raman_preprocessed_als_sg0_snv_area,als_sg0_snv_area,weighted_knn,"k=3,metric=manhattan,max_features=12,x_transform=none,log_target=False",10,0.74873145,0.37177754,0.33343786,-0.28549623
xylose_gL,all_known,parafac_raman_fusion_als_sg0_snv_area,als_sg0_snv_area+parafac,krr,"kernel=rbf,alpha=0.01,gamma_scale=1.0,max_features=12,x_transform=l2,log_target=True",10,0.74911518,0.28325182,0.36583149,-0.58855218
xylose_gL,all_known,raman_preprocessed_als_sg0_snv_area,als_sg0_snv_area,krr,"kernel=rbf,alpha=0.1,gamma_scale=1.0,max_features=48,x_transform=none,log_target=False",10,0.74916983,0.28464039,0.44358526,-0.68659929
xylose_gL,all_known,raman_preprocessed_als_sg2_snv,als_sg2_snv,krr,"kernel=rbf,alpha=0.1,gamma_scale=2.0,max_features=12,x_transform=none,log_target=True",10,0.74959596,0.34036133,0.321807,-0.38529203
xylose_gL,all_known,parafac_raman_fusion_als_sg0_snv_area,als_sg0_snv_area+parafac,krr,"kernel=rbf,alpha=0.01,gamma_scale=1.0,max_features=48,x_transform=l2,log_target=True",10,0.74960878,0.27463494,0.35084208,-0.37748649
xylose_gL,all_known,eem_parafac_scores,parafac_rank_selected,weighted_knn,"k=3,metric=manhattan,max_features=12,x_transform=l2,log_target=False",10,0.75013075,0.3648136,0.26998148,-0.12983067
xylose_gL,all_known,eem_parafac_scores,parafac_rank_selected,weighted_knn,"k=3,metric=manhattan,max_features=48,x_transform=l2,log_target=False",10,0.75013075,0.3648136,0.26998148,-0.12983067
xylose_gL,all_known,eem_parafac_scores,parafac_rank_selected,weighted_knn,"k=3,metric=manhattan,max_features=192,x_transform=l2,log_target=False",10,0.75013075,0.3648136,0.26998148,-0.12983067
xylose_gL,all_known,eem_parafac_scores,parafac_rank_selected,weighted_knn,"k=3,metric=manhattan,max_features=12,x_transform=l2,log_target=True",10,0.75023577,0.36480222,0.26965381,-0.13022153
xylose_gL,all_known,eem_parafac_scores,parafac_rank_selected,weighted_knn,"k=3,metric=manhattan,max_features=48,x_transform=l2,log_target=True",10,0.75023577,0.36480222,0.26965381,-0.13022153
xylose_gL,all_known,eem_parafac_scores,parafac_rank_selected,weighted_knn,"k=3,metric=manhattan,max_features=192,x_transform=l2,log_target=True",10,0.75023577,0.36480222,0.26965381,-0.13022153
xylose_gL,all_known,eem_parafac_scores,parafac_rank_selected,weighted_knn,"k=5,metric=manhattan,max_features=12,x_transform=l2,log_target=False",10,0.75148025,0.36469649,0.26593333,-0.13472091
xylose_gL,all_known,eem_parafac_scores,parafac_rank_selected,weighted_knn,"k=5,metric=manhattan,max_features=48,x_transform=l2,log_target=False",10,0.75148025,0.36469649,0.26593333,-0.13472091
xylose_gL,all_known,eem_parafac_scores,parafac_rank_selected,weighted_knn,"k=5,metric=manhattan,max_features=192,x_transform=l2,log_target=False",10,0.75148025,0.36469649,0.26593333,-0.13472091
xylose_gL,all_known,parafac_raman_fusion_als_sg0_snv_area,als_sg0_snv_area+parafac,weighted_knn,"k=1,metric=manhattan,max_features=192,x_transform=l2,log_target=False",10,0.75154969,0.30906986,0.29822222,-0.96558163
xylose_gL,all_known,parafac_raman_fusion_als_sg0_snv_area,als_sg0_snv_area+parafac,weighted_knn,"k=1,metric=manhattan,max_features=192,x_transform=l2,log_target=True",10,0.75154969,0.30906986,0.29822222,-0.96558163
xylose_gL,all_known,eem_parafac_scores,parafac_rank_selected,weighted_knn,"k=5,metric=manhattan,max_features=12,x_transform=l2,log_target=True",10,0.75156228,0.36468578,0.26570231,-0.13503306
xylose_gL,all_known,eem_parafac_scores,parafac_rank_selected,weighted_knn,"k=5,metric=manhattan,max_features=48,x_transform=l2,log_target=True",10,0.75156228,0.36468578,0.26570231,-0.13503306
xylose_gL,all_known,eem_parafac_scores,parafac_rank_selected,weighted_knn,"k=5,metric=manhattan,max_features=192,x_transform=l2,log_target=True",10,0.75156228,0.36468578,0.26570231,-0.13503306
xylose_gL,all_known,parafac_raman_fusion_als_sg0_snv_area,als_sg0_snv_area+parafac,weighted_knn,"k=5,metric=correlation,max_features=12,x_transform=none,log_target=True",10,0.75161957,0.28445443,0.33681326,-0.51682198
xylose_gL,all_known,parafac_raman_fusion_als_sg0_snv_area,als_sg0_snv_area+parafac,weighted_knn,"k=5,metric=correlation,max_features=12,x_transform=l2,log_target=True",10,0.75161957,0.28445443,0.33681326,-0.51682198
xylose_gL,all_known,raman_preprocessed_als_sg2_snv,als_sg2_snv,krr,"kernel=laplacian,alpha=0.01,gamma_scale=2.0,max_features=48,x_transform=l2,log_target=False",10,0.75164595,0.29669282,0.39860703,-0.61723952
xylose_gL,all_known,eem_parafac_scores,parafac_rank_selected,weighted_knn,"k=1,metric=manhattan,max_features=12,x_transform=l2,log_target=False",10,0.75180045,0.3616142,0.26713889,-0.14021385
xylose_gL,all_known,eem_parafac_scores,parafac_rank_selected,weighted_knn,"k=1,metric=manhattan,max_features=12,x_transform=l2,log_target=True",10,0.75180045,0.3616142,0.26713889,-0.14021385
xylose_gL,all_known,eem_parafac_scores,parafac_rank_selected,weighted_knn,"k=1,metric=manhattan,max_features=48,x_transform=l2,log_target=False",10,0.75180045,0.3616142,0.26713889,-0.14021385
xylose_gL,all_known,eem_parafac_scores,parafac_rank_selected,weighted_knn,"k=1,metric=manhattan,max_features=48,x_transform=l2,log_target=True",10,0.75180045,0.3616142,0.26713889,-0.14021385
xylose_gL,all_known,eem_parafac_scores,parafac_rank_selected,weighted_knn,"k=1,metric=manhattan,max_features=192,x_transform=l2,log_target=False",10,0.75180045,0.3616142,0.26713889,-0.14021385
xylose_gL,all_known,eem_parafac_scores,parafac_rank_selected,weighted_knn,"k=1,metric=manhattan,max_features=192,x_transform=l2,log_target=True",10,0.75180045,0.3616142,0.26713889,-0.14021385
xylose_gL,all_known,eem_parafac_scores,parafac_rank_selected,krr,"kernel=laplacian,alpha=0.1,gamma_scale=1.0,max_features=12,x_transform=none,log_target=True",10,0.75232233,0.33921558,0.36057328,-0.21914792
xylose_gL,all_known,eem_parafac_scores,parafac_rank_selected,krr,"kernel=laplacian,alpha=0.1,gamma_scale=1.0,max_features=48,x_transform=none,log_target=True",10,0.75232233,0.33921558,0.36057328,-0.21914792
xylose_gL,all_known,eem_parafac_scores,parafac_rank_selected,krr,"kernel=laplacian,alpha=0.1,gamma_scale=1.0,max_features=192,x_transform=none,log_target=True",10,0.75232233,0.33921558,0.36057328,-0.21914792
xylose_gL,all_known,parafac_raman_fusion_als_sg0_snv_area,als_sg0_snv_area+parafac,krr,"kernel=laplacian,alpha=0.1,gamma_scale=1.0,max_features=12,x_transform=l2,log_target=False",10,0.75280489,0.24442348,0.44393257,-0.673988
xylose_gL,all_known,parafac_raman_fusion_als_sg2_snv,als_sg2_snv+parafac,krr,"kernel=laplacian,alpha=0.1,gamma_scale=2.0,max_features=12,x_transform=none,log_target=False",10,0.75307126,0.29628506,0.35071218,-0.45927199
xylose_gL,all_known,parafac_raman_fusion_als_sg2_snv,als_sg2_snv+parafac,krr,"kernel=rbf,alpha=0.1,gamma_scale=2.0,max_features=48,x_transform=l2,log_target=False",10,0.75365646,0.24707157,0.40299237,-0.69265952
xylose_gL,all_known,raman_preprocessed_als_sg2_snv,als_sg2_snv,krr,"kernel=laplacian,alpha=0.1,gamma_scale=2.0,max_features=12,x_transform=none,log_target=False",10,0.75377184,0.3196818,0.35820695,-0.47134616
xylose_gL,all_known,eem_parafac_scores,parafac_rank_selected,weighted_knn,"k=1,metric=correlation,max_features=12,x_transform=none,log_target=False",10,0.75380994,0.36432646,0.26069444,-0.14386009
xylose_gL,all_known,eem_parafac_scores,parafac_rank_selected,weighted_knn,"k=1,metric=correlation,max_features=12,x_transform=none,log_target=True",10,0.75380994,0.36432646,0.26069444,-0.14386009
xylose_gL,all_known,eem_parafac_scores,parafac_rank_selected,weighted_knn,"k=1,metric=correlation,max_features=12,x_transform=l2,log_target=False",10,0.75380994,0.36432646,0.26069444,-0.14386009
xylose_gL,all_known,eem_parafac_scores,parafac_rank_selected,weighted_knn,"k=1,metric=correlation,max_features=12,x_transform=l2,log_target=True",10,0.75380994,0.36432646,0.26069444,-0.14386009
xylose_gL,all_known,eem_parafac_scores,parafac_rank_selected,weighted_knn,"k=1,metric=correlation,max_features=48,x_transform=none,log_target=False",10,0.75380994,0.36432646,0.26069444,-0.14386009
xylose_gL,all_known,eem_parafac_scores,parafac_rank_selected,weighted_knn,"k=1,metric=correlation,max_features=48,x_transform=none,log_target=True",10,0.75380994,0.36432646,0.26069444,-0.14386009
xylose_gL,all_known,eem_parafac_scores,parafac_rank_selected,weighted_knn,"k=1,metric=correlation,max_features=48,x_transform=l2,log_target=False",10,0.75380994,0.36432646,0.26069444,-0.14386009
xylose_gL,all_known,eem_parafac_scores,parafac_rank_selected,weighted_knn,"k=1,metric=correlation,max_features=48,x_transform=l2,log_target=True",10,0.75380994,0.36432646,0.26069444,-0.14386009
xylose_gL,all_known,eem_parafac_scores,parafac_rank_selected,weighted_knn,"k=1,metric=correlation,max_features=192,x_transform=none,log_target=False",10,0.75380994,0.36432646,0.26069444,-0.14386009
xylose_gL,all_known,eem_parafac_scores,parafac_rank_selected,weighted_knn,"k=1,metric=correlation,max_features=192,x_transform=none,log_target=True",10,0.75380994,0.36432646,0.26069444,-0.14386009
xylose_gL,all_known,eem_parafac_scores,parafac_rank_selected,weighted_knn,"k=1,metric=correlation,max_features=192,x_transform=l2,log_target=False",10,0.75380994,0.36432646,0.26069444,-0.14386009
xylose_gL,all_known,eem_parafac_scores,parafac_rank_selected,weighted_knn,"k=1,metric=correlation,max_features=192,x_transform=l2,log_target=True",10,0.75380994,0.36432646,0.26069444,-0.14386009
xylose_gL,all_known,parafac_raman_fusion_als_sg2_snv,als_sg2_snv+parafac,krr,"kernel=laplacian,alpha=0.1,gamma_scale=1.0,max_features=48,x_transform=none,log_target=False",10,0.75482353,0.27858307,0.40037074,-0.55234765
xylose_gL,all_known,parafac_raman_fusion_als_sg2_snv,als_sg2_snv+parafac,krr,"kernel=rbf,alpha=0.1,gamma_scale=1.0,max_features=12,x_transform=none,log_target=True",10,0.75488598,0.27640323,0.31947567,-0.70174315
xylose_gL,all_known,parafac_raman_fusion_als_sg0_snv_area,als_sg0_snv_area+parafac,krr,"kernel=rbf,alpha=0.1,gamma_scale=2.0,max_features=12,x_transform=none,log_target=False",10,0.75558309,0.30158069,0.38357671,-0.49108595
xylose_gL,all_known,raman_preprocessed_als_sg2_snv,als_sg2_snv,weighted_knn,"k=3,metric=manhattan,max_features=12,x_transform=none,log_target=True",10,0.75561048,0.33304486,0.32776571,-0.42990507
xylose_gL,all_known,raman_preprocessed_als_sg0_snv_area,als_sg0_snv_area,weighted_knn,"k=3,metric=manhattan,max_features=48,x_transform=l2,log_target=True",10,0.7568486,0.30950258,0.34016542,-0.51201431
xylose_gL,all_known,raman_preprocessed_als_sg0_snv_area,als_sg0_snv_area,weighted_knn,"k=3,metric=correlation,max_features=12,x_transform=none,log_target=True",10,0.75701912,0.32454762,0.3317407,-0.7287224
xylose_gL,all_known,raman_preprocessed_als_sg0_snv_area,als_sg0_snv_area,weighted_knn,"k=3,metric=correlation,max_features=12,x_transform=l2,log_target=True",10,0.75701912,0.32454762,0.3317407,-0.7287224
xylose_gL,all_known,parafac_raman_fusion_als_sg0_snv_area,als_sg0_snv_area+parafac,krr,"kernel=laplacian,alpha=0.01,gamma_scale=1.0,max_features=12,x_transform=none,log_target=False",10,0.75750672,0.27874238,0.41944362,-0.5627542
xylose_gL,all_known,parafac_raman_fusion_als_sg2_snv,als_sg2_snv+parafac,krr,"kernel=laplacian,alpha=0.01,gamma_scale=1.0,max_features=12,x_transform=l2,log_target=True",10,0.75755783,0.2982597,0.34102629,-0.45097442
xylose_gL,all_known,raman_preprocessed_als_sg2_snv,als_sg2_snv,krr,"kernel=rbf,alpha=0.1,gamma_scale=1.0,max_features=12,x_transform=l2,log_target=True",10,0.75872455,0.3116506,0.3460654,-0.562911
xylose_gL,all_known,parafac_raman_fusion_als_sg2_snv,als_sg2_snv+parafac,krr,"kernel=rbf,alpha=0.1,gamma_scale=1.0,max_features=192,x_transform=none,log_target=False",10,0.75936052,0.23901714,0.43377238,-0.71037573
xylose_gL,all_known,raman_preprocessed_als_sg0_snv_area,als_sg0_snv_area,krr,"kernel=laplacian,alpha=0.1,gamma_scale=1.0,max_features=12,x_transform=l2,log_target=False",10,0.7595939,0.2888801,0.45633986,-0.73023899
xylose_gL,all_known,parafac_raman_fusion_als_sg2_snv,als_sg2_snv+parafac,krr,"kernel=laplacian,alpha=0.01,gamma_scale=2.0,max_features=12,x_transform=none,log_target=False",10,0.75973601,0.2928176,0.35658869,-0.51783397
xylose_gL,all_known,raman_preprocessed_als_sg2_snv,als_sg2_snv,krr,"kernel=laplacian,alpha=0.01,gamma_scale=1.0,max_features=12,x_transform=l2,log_target=True",10,0.76015674,0.31138932,0.35326604,-0.51144688
xylose_gL,all_known,parafac_raman_fusion_als_sg0_snv_area,als_sg0_snv_area+parafac,krr,"kernel=laplacian,alpha=0.1,gamma_scale=1.0,max_features=48,x_transform=l2,log_target=False",10,0.76045483,0.22665768,0.43689416,-0.6917655
xylose_gL,all_known,parafac_raman_fusion_als_sg2_snv,als_sg2_snv+parafac,krr,"kernel=rbf,alpha=0.1,gamma_scale=1.0,max_features=192,x_transform=l2,log_target=False",10,0.7605165,0.23886342,0.43792463,-0.70938088
xylose_gL,all_known,parafac_raman_fusion_als_sg0_snv_area,als_sg0_snv_area+parafac,krr,"kernel=laplacian,alpha=0.01,gamma_scale=1.0,max_features=48,x_transform=none,log_target=False",10,0.7611217,0.2263317,0.4368706,-0.688003
xylose_gL,all_known,raman_preprocessed_als_sg2_snv,als_sg2_snv,weighted_knn,"k=3,metric=manhattan,max_features=48,x_transform=l2,log_target=True",10,0.76122446,0.30691011,0.35183524,-0.64936352
xylose_gL,all_known,parafac_raman_fusion_als_sg0_snv_area,als_sg0_snv_area+parafac,weighted_knn,"k=5,metric=manhattan,max_features=12,x_transform=l2,log_target=False",10,0.76163303,0.21194043,0.38214864,-1.1317781
xylose_gL,all_known,raman_preprocessed_als_sg2_snv,als_sg2_snv,krr,"kernel=laplacian,alpha=0.1,gamma_scale=1.0,max_features=48,x_transform=none,log_target=False",10,0.76167644,0.29518567,0.41052082,-0.68927357
xylose_gL,all_known,parafac_raman_fusion_als_sg2_snv,als_sg2_snv+parafac,weighted_knn,"k=3,metric=manhattan,max_features=192,x_transform=l2,log_target=True",10,0.76212131,0.25176377,0.33268711,-0.75982842
xylose_gL,all_known,raman_preprocessed_als_sg2_snv,als_sg2_snv,krr,"kernel=laplacian,alpha=0.01,gamma_scale=2.0,max_features=12,x_transform=none,log_target=False",10,0.76227015,0.31533169,0.36439407,-0.53038663
xylose_gL,all_known,parafac_raman_fusion_als_sg2_snv,als_sg2_snv+parafac,weighted_knn,"k=5,metric=manhattan,max_features=48,x_transform=l2,log_target=True",10,0.76235718,0.25411937,0.36429251,-0.69646094
xylose_gL,all_known,parafac_raman_fusion_als_sg2_snv,als_sg2_snv+parafac,krr,"kernel=rbf,alpha=0.01,gamma_scale=2.0,max_features=12,x_transform=none,log_target=True",10,0.76278771,0.27280446,0.32561052,-0.63681601
xylose_gL,all_known,parafac_raman_fusion_als_sg2_snv,als_sg2_snv+parafac,krr,"kernel=rbf,alpha=0.1,gamma_scale=1.0,max_features=12,x_transform=l2,log_target=True",10,0.76292048,0.26301379,0.34378407,-0.72527263
xylose_gL,all_known,raman_preprocessed_als_sg0_snv_area,als_sg0_snv_area,weighted_knn,"k=1,metric=correlation,max_features=192,x_transform=none,log_target=False",10,0.76340788,0.34637097,0.33016667,-1.0569142
xylose_gL,all_known,raman_preprocessed_als_sg0_snv_area,als_sg0_snv_area,weighted_knn,"k=1,metric=correlation,max_features=192,x_transform=none,log_target=True",10,0.76340788,0.34637097,0.33016667,-1.0569142
xylose_gL,all_known,raman_preprocessed_als_sg0_snv_area,als_sg0_snv_area,weighted_knn,"k=1,metric=correlation,max_features=192,x_transform=l2,log_target=False",10,0.76340788,0.34637097,0.33016667,-1.0569142
xylose_gL,all_known,raman_preprocessed_als_sg0_snv_area,als_sg0_snv_area,weighted_knn,"k=1,metric=correlation,max_features=192,x_transform=l2,log_target=True",10,0.76340788,0.34637097,0.33016667,-1.0569142
xylose_gL,all_known,parafac_raman_fusion_als_sg0_snv_area,als_sg0_snv_area+parafac,weighted_knn,"k=5,metric=manhattan,max_features=48,x_transform=none,log_target=False",10,0.76426854,0.30267871,0.33768277,-0.37271034
xylose_gL,all_known,parafac_raman_fusion_als_sg2_snv,als_sg2_snv+parafac,krr,"kernel=rbf,alpha=0.1,gamma_scale=1.0,max_features=48,x_transform=none,log_target=False",10,0.76434464,0.26059568,0.40176101,-0.68780793
xylose_gL,all_known,raman_preprocessed_als_sg2_snv,als_sg2_snv,weighted_knn,"k=3,metric=manhattan,max_features=192,x_transform=l2,log_target=True",10,0.76454448,0.30217173,0.32828022,-0.77213882
xylose_gL,all_known,parafac_raman_fusion_als_sg2_snv,als_sg2_snv+parafac,krr,"kernel=laplacian,alpha=0.01,gamma_scale=1.0,max_features=48,x_transform=none,log_target=False",10,0.76458978,0.27458386,0.41013643,-0.63142878
xylose_gL,all_known,eem_parafac_scores,parafac_rank_selected,krr,"kernel=laplacian,alpha=0.1,gamma_scale=2.0,max_features=12,x_transform=none,log_target=True",10,0.7646514,0.33235228,0.36797303,-0.31137239
xylose_gL,all_known,eem_parafac_scores,parafac_rank_selected,krr,"kernel=laplacian,alpha=0.1,gamma_scale=2.0,max_features=48,x_transform=none,log_target=True",10,0.7646514,0.33235228,0.36797303,-0.31137239
xylose_gL,all_known,eem_parafac_scores,parafac_rank_selected,krr,"kernel=laplacian,alpha=0.1,gamma_scale=2.0,max_features=192,x_transform=none,log_target=True",10,0.7646514,0.33235228,0.36797303,-0.31137239
xylose_gL,all_known,raman_preprocessed_als_sg0_snv_area,als_sg0_snv_area,weighted_knn,"k=5,metric=manhattan,max_features=48,x_transform=l2,log_target=False",10,0.76474167,0.29703263,0.3844112,-0.75360816
xylose_gL,all_known,parafac_raman_fusion_als_sg2_snv,als_sg2_snv+parafac,krr,"kernel=rbf,alpha=0.01,gamma_scale=2.0,max_features=48,x_transform=l2,log_target=False",10,0.76510337,0.23978567,0.41389939,-0.80464843
xylose_gL,all_known,parafac_raman_fusion_als_sg0_snv_area,als_sg0_snv_area+parafac,weighted_knn,"k=3,metric=manhattan,max_features=12,x_transform=l2,log_target=True",10,0.76541902,0.25319749,0.34313105,-0.82372616
xylose_gL,all_known,raman_preprocessed_als_sg0_snv_area,als_sg0_snv_area,krr,"kernel=rbf,alpha=0.1,gamma_scale=1.0,max_features=12,x_transform=none,log_target=False",10,0.76597933,0.31363221,0.42409399,-0.65041147
xylose_gL,all_known,raman_preprocessed_als_sg2_snv,als_sg2_snv,weighted_knn,"k=5,metric=manhattan,max_features=48,x_transform=l2,log_target=True",10,0.76654464,0.28191833,0.36601073,-0.80047723
xylose_gL,all_known,parafac_raman_fusion_als_sg0_snv_area,als_sg0_snv_area+parafac,krr,"kernel=laplacian,alpha=0.01,gamma_scale=1.0,max_features=12,x_transform=l2,log_target=False",10,0.76670178,0.2348762,0.46514843,-0.81940533
xylose_gL,all_known,eem_parafac_scores,parafac_rank_selected,krr,"kernel=rbf,alpha=0.01,gamma_scale=2.0,max_features=12,x_transform=none,log_target=True",10,0.76690722,0.32624305,0.36764897,-0.34728517
xylose_gL,all_known,eem_parafac_scores,parafac_rank_selected,krr,"kernel=rbf,alpha=0.01,gamma_scale=2.0,max_features=48,x_transform=none,log_target=True",10,0.76690722,0.32624305,0.36764897,-0.34728517
xylose_gL,all_known,eem_parafac_scores,parafac_rank_selected,krr,"kernel=rbf,alpha=0.01,gamma_scale=2.0,max_features=192,x_transform=none,log_target=True",10,0.76690722,0.32624305,0.36764897,-0.34728517
xylose_gL,all_known,raman_preprocessed_als_sg2_snv,als_sg2_snv,weighted_knn,"k=5,metric=manhattan,max_features=12,x_transform=none,log_target=False",10,0.76772924,0.32068673,0.34858866,-0.51998342
xylose_gL,all_known,raman_preprocessed_als_sg2_snv,als_sg2_snv,krr,"kernel=rbf,alpha=0.1,gamma_scale=1.0,max_features=12,x_transform=none,log_target=True",10,0.76880242,0.3227253,0.33585035,-0.59942403
xylose_gL,all_known,parafac_raman_fusion_als_sg0_snv_area,als_sg0_snv_area+parafac,krr,"kernel=rbf,alpha=0.01,gamma_scale=1.0,max_features=192,x_transform=none,log_target=False",10,0.77008934,0.20734689,0.46777669,-0.79749397
xylose_gL,all_known,raman_preprocessed_als_sg2_snv,als_sg2_snv,krr,"kernel=rbf,alpha=0.1,gamma_scale=1.0,max_features=48,x_transform=none,log_target=False",10,0.77010113,0.2810076,0.42976168,-0.87696823
xylose_gL,all_known,raman_preprocessed_als_sg0_snv_area,als_sg0_snv_area,krr,"kernel=rbf,alpha=0.1,gamma_scale=1.0,max_features=48,x_transform=l2,log_target=False",10,0.77086888,0.26541169,0.46670781,-0.87254955
xylose_gL,all_known,raman_preprocessed_als_sg2_snv,als_sg2_snv,krr,"kernel=laplacian,alpha=0.01,gamma_scale=1.0,max_features=48,x_transform=none,log_target=False",10,0.77087818,0.29048294,0.42138903,-0.76338115
xylose_gL,all_known,raman_preprocessed_als_sg2_snv,als_sg2_snv,krr,"kernel=rbf,alpha=0.1,gamma_scale=2.0,max_features=48,x_transform=l2,log_target=False",10,0.77088793,0.26889905,0.4236968,-0.94094502
xylose_gL,all_known,parafac_raman_fusion_als_sg0_snv_area,als_sg0_snv_area+parafac,krr,"kernel=rbf,alpha=0.01,gamma_scale=2.0,max_features=12,x_transform=none,log_target=False",10,0.77337412,0.29528799,0.4030032,-0.58544948
xylose_gL,all_known,raman_preprocessed_als_sg2_snv,als_sg2_snv,weighted_knn,"k=1,metric=manhattan,max_features=48,x_transform=none,log_target=False",10,0.77376379,0.37293582,0.29738889,-0.51331801
xylose_gL,all_known,raman_preprocessed_als_sg2_snv,als_sg2_snv,weighted_knn,"k=1,metric=manhattan,max_features=48,x_transform=none,log_target=True",10,0.77376379,0.37293582,0.29738889,-0.51331801
xylose_gL,all_known,parafac_raman_fusion_als_sg0_snv_area,als_sg0_snv_area+parafac,krr,"kernel=rbf,alpha=0.1,gamma_scale=2.0,max_features=48,x_transform=none,log_target=False",10,0.77385929,0.24618956,0.40363304,-0.65011343
xylose_gL,all_known,parafac_raman_fusion_als_sg0_snv_area,als_sg0_snv_area+parafac,krr,"kernel=laplacian,alpha=0.01,gamma_scale=1.0,max_features=48,x_transform=l2,log_target=False",10,0.77444881,0.21241479,0.45358337,-0.83209787
xylose_gL,all_known,raman_preprocessed_als_sg2_snv,als_sg2_snv,krr,"kernel=rbf,alpha=0.1,gamma_scale=1.0,max_features=192,x_transform=none,log_target=False",10,0.77519252,0.27739066,0.46002626,-0.91574865
xylose_gL,all_known,parafac_raman_fusion_als_sg0_snv_area,als_sg0_snv_area+parafac,weighted_knn,"k=3,metric=manhattan,max_features=48,x_transform=l2,log_target=True",10,0.77531805,0.2341246,0.34550254,-0.58567319
xylose_gL,all_known,raman_preprocessed_als_sg0_snv_area,als_sg0_snv_area,krr,"kernel=rbf,alpha=0.01,gamma_scale=2.0,max_features=12,x_transform=none,log_target=False",10,0.77568598,0.32857291,0.41948235,-0.69988152
xylose_gL,all_known,raman_preprocessed_als_sg0_snv_area,als_sg0_snv_area,weighted_knn,"k=3,metric=manhattan,max_features=192,x_transform=none,log_target=False",10,0.77601094,0.27027383,0.37188665,-1.1378575
xylose_gL,all_known,raman_preprocessed_als_sg0_snv_area,als_sg0_snv_area,weighted_knn,"k=3,metric=manhattan,max_features=12,x_transform=l2,log_target=True",10,0.77604649,0.30557883,0.35080587,-0.71677798
xylose_gL,all_known,parafac_raman_fusion_als_sg2_snv,als_sg2_snv+parafac,weighted_knn,"k=5,metric=manhattan,max_features=192,x_transform=l2,log_target=False",10,0.77664634,0.20842703,0.37150679,-1.0764726
xylose_gL,all_known,parafac_raman_fusion_als_sg2_snv,als_sg2_snv+parafac,krr,"kernel=laplacian,alpha=0.1,gamma_scale=1.0,max_features=48,x_transform=l2,log_target=False",10,0.77687819,0.25493964,0.43879348,-0.74593746
xylose_gL,all_known,raman_preprocessed_als_sg2_snv,als_sg2_snv,weighted_knn,"k=5,metric=manhattan,max_features=12,x_transform=l2,log_target=True",10,0.77768259,0.28221625,0.36680748,-0.73982952
xylose_gL,all_known,eem_parafac_scores,parafac_rank_selected,krr,"kernel=rbf,alpha=0.1,gamma_scale=1.0,max_features=12,x_transform=none,log_target=False",10,0.77771696,0.31204389,0.43483064,-0.48182158
xylose_gL,all_known,eem_parafac_scores,parafac_rank_selected,krr,"kernel=rbf,alpha=0.1,gamma_scale=1.0,max_features=48,x_transform=none,log_target=False",10,0.77771696,0.31204389,0.43483064,-0.48182158
xylose_gL,all_known,eem_parafac_scores,parafac_rank_selected,krr,"kernel=rbf,alpha=0.1,gamma_scale=1.0,max_features=192,x_transform=none,log_target=False",10,0.77771696,0.31204389,0.43483064,-0.48182158
xylose_gL,all_known,raman_preprocessed_als_sg2_snv,als_sg2_snv,krr,"kernel=rbf,alpha=0.01,gamma_scale=2.0,max_features=12,x_transform=none,log_target=True",10,0.77858036,0.32818747,0.3417058,-0.61605322
xylose_gL,all_known,raman_preprocessed_als_sg0_snv_area,als_sg0_snv_area,weighted_knn,"k=5,metric=manhattan,max_features=12,x_transform=l2,log_target=False",10,0.77866387,0.27266578,0.38808922,-0.99816157
xylose_gL,all_known,parafac_raman_fusion_als_sg2_snv,als_sg2_snv+parafac,weighted_knn,"k=5,metric=manhattan,max_features=12,x_transform=none,log_target=False",10,0.77878613,0.242588,0.35118519,-0.7747783
xylose_gL,all_known,raman_preprocessed_als_sg2_snv,als_sg2_snv,krr,"kernel=rbf,alpha=0.1,gamma_scale=1.0,max_features=192,x_transform=l2,log_target=False",10,0.77903506,0.27736373,0.4680361,-0.94434731
xylose_gL,all_known,parafac_raman_fusion_als_sg0_snv_area,als_sg0_snv_area+parafac,krr,"kernel=rbf,alpha=0.1,gamma_scale=2.0,max_features=48,x_transform=l2,log_target=False",10,0.7791845,0.22413459,0.42095661,-0.77462491
xylose_gL,all_known,parafac_raman_fusion_als_sg0_snv_area,als_sg0_snv_area+parafac,weighted_knn,"k=5,metric=manhattan,max_features=192,x_transform=none,log_target=False",10,0.78062047,0.19104446,0.37494492,-1.0525666
xylose_gL,all_known,raman_preprocessed_als_sg0_snv_area,als_sg0_snv_area,krr,"kernel=laplacian,alpha=0.01,gamma_scale=1.0,max_features=12,x_transform=l2,log_target=False",10,0.78103271,0.28091726,0.47929013,-0.9019224
xylose_gL,all_known,parafac_raman_fusion_als_sg2_snv,als_sg2_snv+parafac,krr,"kernel=rbf,alpha=0.01,gamma_scale=1.0,max_features=192,x_transform=none,log_target=False",10,0.78167562,0.22379735,0.45587607,-0.91462237
xylose_gL,all_known,parafac_raman_fusion_als_sg2_snv,als_sg2_snv+parafac,krr,"kernel=rbf,alpha=0.1,gamma_scale=2.0,max_features=12,x_transform=l2,log_target=True",10,0.78181161,0.25900818,0.34619101,-0.95427242
xylose_gL,all_known,parafac_raman_fusion_als_sg2_snv,als_sg2_snv+parafac,krr,"kernel=rbf,alpha=0.01,gamma_scale=1.0,max_features=48,x_transform=none,log_target=False",10,0.78192171,0.25582042,0.41686084,-0.81068918
xylose_gL,all_known,raman_preprocessed_als_sg2_snv,als_sg2_snv,krr,"kernel=rbf,alpha=0.01,gamma_scale=2.0,max_features=48,x_transform=l2,log_target=False",10,0.78214273,0.26267775,0.43500568,-1.0524297
xylose_gL,all_known,parafac_raman_fusion_als_sg0_snv_area,als_sg0_snv_area+parafac,krr,"kernel=rbf,alpha=0.1,gamma_scale=1.0,max_features=12,x_transform=none,log_target=False",10,0.78222846,0.28216043,0.42735064,-0.74432756
xylose_gL,all_known,parafac_raman_fusion_als_sg2_snv,als_sg2_snv+parafac,weighted_knn,"k=5,metric=correlation,max_features=12,x_transform=none,log_target=True",10,0.78284999,0.24737484,0.35543295,-0.91361045
xylose_gL,all_known,parafac_raman_fusion_als_sg2_snv,als_sg2_snv+parafac,weighted_knn,"k=5,metric=correlation,max_features=12,x_transform=l2,log_target=True",10,0.78284999,0.24737484,0.35543295,-0.91361045
xylose_gL,all_known,parafac_raman_fusion_als_sg0_snv_area,als_sg0_snv_area+parafac,weighted_knn,"k=1,metric=manhattan,max_features=12,x_transform=none,log_target=False",10,0.78312113,0.38006978,0.30898611,-0.54227472
xylose_gL,all_known,parafac_raman_fusion_als_sg0_snv_area,als_sg0_snv_area+parafac,weighted_knn,"k=1,metric=manhattan,max_features=12,x_transform=none,log_target=True",10,0.78312113,0.38006978,0.30898611,-0.54227472
xylose_gL,all_known,parafac_raman_fusion_als_sg2_snv,als_sg2_snv+parafac,krr,"kernel=rbf,alpha=0.01,gamma_scale=1.0,max_features=192,x_transform=l2,log_target=False",10,0.78327376,0.22386912,0.46085845,-0.91276274
xylose_gL,all_known,raman_preprocessed_als_sg2_snv,als_sg2_snv,krr,"kernel=rbf,alpha=0.01,gamma_scale=1.0,max_features=48,x_transform=none,log_target=False",10,0.78357692,0.27607177,0.4439838,-0.99205683
xylose_gL,all_known,raman_preprocessed_als_sg0_snv_area,als_sg0_snv_area,krr,"kernel=rbf,alpha=0.01,gamma_scale=1.0,max_features=48,x_transform=none,log_target=False",10,0.78392538,0.27406764,0.48130269,-0.96530844
xylose_gL,all_known,raman_preprocessed_als_sg0_snv_area,als_sg0_snv_area,krr,"kernel=rbf,alpha=0.01,gamma_scale=1.0,max_features=12,x_transform=l2,log_target=True",10,0.78423115,0.30394618,0.38603286,-0.94053186
xylose_gL,all_known,raman_preprocessed_als_sg2_snv,als_sg2_snv,weighted_knn,"k=3,metric=correlation,max_features=48,x_transform=none,log_target=True",10,0.78501484,0.26911511,0.34836959,-0.94763325
xylose_gL,all_known,raman_preprocessed_als_sg2_snv,als_sg2_snv,weighted_knn,"k=3,metric=correlation,max_features=48,x_transform=l2,log_target=True",10,0.78501484,0.26911511,0.34836959,-0.94763325
xylose_gL,all_known,eem_parafac_scores,parafac_rank_selected,weighted_knn,"k=5,metric=manhattan,max_features=12,x_transform=none,log_target=True",10,0.78556611,0.32064088,0.38443949,-0.46859452
xylose_gL,all_known,eem_parafac_scores,parafac_rank_selected,weighted_knn,"k=5,metric=manhattan,max_features=48,x_transform=none,log_target=True",10,0.78556611,0.32064088,0.38443949,-0.46859452
xylose_gL,all_known,eem_parafac_scores,parafac_rank_selected,weighted_knn,"k=5,metric=manhattan,max_features=192,x_transform=none,log_target=True",10,0.78556611,0.32064088,0.38443949,-0.46859452
xylose_gL,all_known,eem_parafac_scores,parafac_rank_selected,krr,"kernel=rbf,alpha=0.1,gamma_scale=2.0,max_features=12,x_transform=none,log_target=False",10,0.78641165,0.30897855,0.43489131,-0.49341827
xylose_gL,all_known,eem_parafac_scores,parafac_rank_selected,krr,"kernel=rbf,alpha=0.1,gamma_scale=2.0,max_features=48,x_transform=none,log_target=False",10,0.78641165,0.30897855,0.43489131,-0.49341827
xylose_gL,all_known,eem_parafac_scores,parafac_rank_selected,krr,"kernel=rbf,alpha=0.1,gamma_scale=2.0,max_features=192,x_transform=none,log_target=False",10,0.78641165,0.30897855,0.43489131,-0.49341827
xylose_gL,all_known,parafac_raman_fusion_als_sg2_snv,als_sg2_snv+parafac,weighted_knn,"k=5,metric=manhattan,max_features=192,x_transform=none,log_target=False",10,0.78668868,0.17440522,0.37055747,-1.1296257
xylose_gL,all_known,raman_preprocessed_als_sg2_snv,als_sg2_snv,krr,"kernel=laplacian,alpha=0.1,gamma_scale=1.0,max_features=48,x_transform=l2,log_target=False",10,0.78675955,0.27452896,0.44797715,-0.90634196
xylose_gL,all_known,parafac_raman_fusion_als_sg0_snv_area,als_sg0_snv_area+parafac,krr,"kernel=rbf,alpha=0.01,gamma_scale=2.0,max_features=48,x_transform=none,log_target=False",10,0.78680638,0.24059372,0.41498376,-0.7368254
xylose_gL,all_known,raman_preprocessed_als_sg2_snv,als_sg2_snv,krr,"kernel=rbf,alpha=0.1,gamma_scale=2.0,max_features=12,x_transform=l2,log_target=True",10,0.78811189,0.30576061,0.35610406,-0.78367369
xylose_gL,all_known,raman_preprocessed_als_sg2_snv,als_sg2_snv,weighted_knn,"k=5,metric=manhattan,max_features=192,x_transform=l2,log_target=False",10,0.78902232,0.24078185,0.37137038,-1.2434082
xylose_gL,all_known,parafac_raman_fusion_als_sg2_snv,als_sg2_snv+parafac,krr,"kernel=laplacian,alpha=0.1,gamma_scale=1.0,max_features=12,x_transform=none,log_target=False",10,0.79018352,0.27907822,0.39544234,-0.75557118
xylose_gL,all_known,parafac_raman_fusion_als_sg2_snv,als_sg2_snv+parafac,weighted_knn,"k=1,metric=manhattan,max_features=48,x_transform=none,log_target=False",10,0.7932347,0.32848606,0.321875,-0.50633126
xylose_gL,all_known,parafac_raman_fusion_als_sg2_snv,als_sg2_snv+parafac,weighted_knn,"k=1,metric=manhattan,max_features=48,x_transform=none,log_target=True",10,0.7932347,0.32848606,0.321875,-0.50633126
xylose_gL,all_known,parafac_raman_fusion_als_sg0_snv_area,als_sg0_snv_area+parafac,krr,"kernel=rbf,alpha=0.01,gamma_scale=2.0,max_features=48,x_transform=l2,log_target=False",10,0.7938289,0.21409686,0.43463688,-0.89622277
xylose_gL,all_known,parafac_raman_fusion_als_sg2_snv,als_sg2_snv+parafac,krr,"kernel=laplacian,alpha=0.01,gamma_scale=1.0,max_features=48,x_transform=l2,log_target=False",10,0.79413507,0.24613214,0.45700031,-0.89157124
xylose_gL,all_known,raman_preprocessed_als_sg2_snv,als_sg2_snv,weighted_knn,"k=5,metric=manhattan,max_features=192,x_transform=none,log_target=False",10,0.79431805,0.23738198,0.35549731,-1.078457
xylose_gL,all_known,raman_preprocessed_als_sg2_snv,als_sg2_snv,weighted_knn,"k=3,metric=manhattan,max_features=192,x_transform=none,log_target=False",10,0.79565727,0.25949626,0.34280927,-1.0092504
xylose_gL,all_known,raman_preprocessed_als_sg0_snv_area,als_sg0_snv_area,weighted_knn,"k=1,metric=manhattan,max_features=192,x_transform=l2,log_target=False",10,0.79574889,0.36636459,0.33666667,-0.85832213
xylose_gL,all_known,raman_preprocessed_als_sg0_snv_area,als_sg0_snv_area,weighted_knn,"k=1,metric=manhattan,max_features=192,x_transform=l2,log_target=True",10,0.79574889,0.36636459,0.33666667,-0.85832213
xylose_gL,all_known,parafac_raman_fusion_als_sg2_snv,als_sg2_snv+parafac,weighted_knn,"k=3,metric=correlation,max_features=48,x_transform=none,log_target=False",10,0.79680128,0.18139911,0.36838568,-1.4662589
xylose_gL,all_known,parafac_raman_fusion_als_sg2_snv,als_sg2_snv+parafac,weighted_knn,"k=3,metric=correlation,max_features=48,x_transform=l2,log_target=False",10,0.79680128,0.18139911,0.36838568,-1.4662589
xylose_gL,all_known,raman_preprocessed_als_sg2_snv,als_sg2_snv,krr,"kernel=laplacian,alpha=0.1,gamma_scale=2.0,max_features=12,x_transform=l2,log_target=False",10,0.79825172,0.2747785,0.40675952,-0.90282968
xylose_gL,all_known,parafac_raman_fusion_als_sg2_snv,als_sg2_snv+parafac,krr,"kernel=rbf,alpha=0.01,gamma_scale=1.0,max_features=12,x_transform=none,log_target=True",10,0.79906352,0.24116095,0.3505722,-1.4567601
xylose_gL,all_known,raman_preprocessed_als_sg2_snv,als_sg2_snv,krr,"kernel=laplacian,alpha=0.1,gamma_scale=1.0,max_features=12,x_transform=none,log_target=False",10,0.79942533,0.29464818,0.40513883,-0.82733055
xylose_gL,all_known,parafac_raman_fusion_als_sg2_snv,als_sg2_snv+parafac,krr,"kernel=laplacian,alpha=0.1,gamma_scale=2.0,max_features=12,x_transform=l2,log_target=False",10,0.79976594,0.25805877,0.39853038,-0.87495105
xylose_gL,all_known,raman_preprocessed_als_sg2_snv,als_sg2_snv,weighted_knn,"k=5,metric=correlation,max_features=12,x_transform=none,log_target=True",10,0.80021179,0.26763601,0.37432208,-0.9979365
xylose_gL,all_known,raman_preprocessed_als_sg2_snv,als_sg2_snv,weighted_knn,"k=5,metric=correlation,max_features=12,x_transform=l2,log_target=True",10,0.80021179,0.26763601,0.37432208,-0.9979365
xylose_gL,all_known,raman_preprocessed_als_sg2_snv,als_sg2_snv,krr,"kernel=rbf,alpha=0.01,gamma_scale=1.0,max_features=192,x_transform=none,log_target=False",10,0.80042291,0.26588352,0.48849255,-1.1487716
xylose_gL,all_known,raman_preprocessed_als_sg0_snv_area,als_sg0_snv_area,weighted_knn,"k=3,metric=correlation,max_features=48,x_transform=none,log_target=True",10,0.80129567,0.31936375,0.3744051,-0.86781438
xylose_gL,all_known,raman_preprocessed_als_sg0_snv_area,als_sg0_snv_area,weighted_knn,"k=3,metric=correlation,max_features=48,x_transform=l2,log_target=True",10,0.80129567,0.31936375,0.3744051,-0.86781438
xylose_gL,all_known,parafac_raman_fusion_als_sg0_snv_area,als_sg0_snv_area+parafac,weighted_knn,"k=3,metric=manhattan,max_features=48,x_transform=none,log_target=False",10,0.80256465,0.29317627,0.34752771,-0.58698623
xylose_gL,all_known,parafac_raman_fusion_als_sg2_snv,als_sg2_snv+parafac,krr,"kernel=rbf,alpha=0.1,gamma_scale=1.0,max_features=48,x_transform=l2,log_target=False",10,0.80331991,0.21765007,0.47326289,-1.1872492
xylose_gL,all_known,raman_preprocessed_als_sg2_snv,als_sg2_snv,krr,"kernel=laplacian,alpha=0.01,gamma_scale=1.0,max_features=48,x_transform=l2,log_target=False",10,0.80332167,0.26589155,0.46635915,-1.046303
xylose_gL,all_known,raman_preprocessed_als_sg2_snv,als_sg2_snv,krr,"kernel=rbf,alpha=0.01,gamma_scale=1.0,max_features=192,x_transform=l2,log_target=False",10,0.80516336,0.26633074,0.49816166,-1.1834756
xylose_gL,all_known,parafac_raman_fusion_als_sg2_snv,als_sg2_snv+parafac,krr,"kernel=laplacian,alpha=0.01,gamma_scale=1.0,max_features=12,x_transform=none,log_target=False",10,0.80525943,0.27386334,0.41264318,-0.87408372
xylose_gL,all_known,parafac_raman_fusion_als_sg2_snv,als_sg2_snv+parafac,weighted_knn,"k=3,metric=manhattan,max_features=48,x_transform=l2,log_target=True",10,0.80698549,0.25817196,0.36983897,-1.3197136
xylose_gL,all_known,parafac_raman_fusion_als_sg0_snv_area,als_sg0_snv_area+parafac,weighted_knn,"k=3,metric=manhattan,max_features=192,x_transform=none,log_target=False",10,0.80702796,0.16248313,0.38888575,-1.3750261
xylose_gL,all_known,raman_preprocessed_als_sg0_snv_area,als_sg0_snv_area,weighted_knn,"k=5,metric=correlation,max_features=12,x_transform=none,log_target=False",10,0.80728261,0.28259903,0.39641534,-1.3198759
xylose_gL,all_known,raman_preprocessed_als_sg0_snv_area,als_sg0_snv_area,weighted_knn,"k=5,metric=correlation,max_features=12,x_transform=l2,log_target=False",10,0.80728261,0.28259903,0.39641534,-1.3198759
xylose_gL,all_known,raman_preprocessed_als_sg2_snv,als_sg2_snv,weighted_knn,"k=1,metric=correlation,max_features=192,x_transform=none,log_target=False",10,0.80736278,0.25951263,0.32806944,-1.4964247
xylose_gL,all_known,raman_preprocessed_als_sg2_snv,als_sg2_snv,weighted_knn,"k=1,metric=correlation,max_features=192,x_transform=none,log_target=True",10,0.80736278,0.25951263,0.32806944,-1.4964247
xylose_gL,all_known,raman_preprocessed_als_sg2_snv,als_sg2_snv,weighted_knn,"k=1,metric=correlation,max_features=192,x_transform=l2,log_target=False",10,0.80736278,0.25951263,0.32806944,-1.4964247
xylose_gL,all_known,raman_preprocessed_als_sg2_snv,als_sg2_snv,weighted_knn,"k=1,metric=correlation,max_features=192,x_transform=l2,log_target=True",10,0.80736278,0.25951263,0.32806944,-1.4964247
xylose_gL,all_known,parafac_raman_fusion_als_sg2_snv,als_sg2_snv+parafac,weighted_knn,"k=3,metric=manhattan,max_features=12,x_transform=none,log_target=False",10,0.80771649,0.20276021,0.35116375,-1.3128541
xylose_gL,all_known,parafac_raman_fusion_als_sg2_snv,als_sg2_snv+parafac,krr,"kernel=rbf,alpha=0.1,gamma_scale=2.0,max_features=12,x_transform=none,log_target=False",10,0.80811301,0.24952627,0.38259057,-1.2445013
xylose_gL,all_known,parafac_raman_fusion_als_sg0_snv_area,als_sg0_snv_area+parafac,krr,"kernel=rbf,alpha=0.1,gamma_scale=1.0,max_features=48,x_transform=none,log_target=False",10,0.80963643,0.21719972,0.46101085,-0.97989212
xylose_gL,all_known,raman_preprocessed_als_sg0_snv_area,als_sg0_snv_area,weighted_knn,"k=5,metric=correlation,max_features=48,x_transform=none,log_target=False",10,0.81016461,0.25887877,0.41254871,-1.0824532
xylose_gL,all_known,raman_preprocessed_als_sg0_snv_area,als_sg0_snv_area,weighted_knn,"k=5,metric=correlation,max_features=48,x_transform=l2,log_target=False",10,0.81016461,0.25887877,0.41254871,-1.0824532
xylose_gL,all_known,parafac_raman_fusion_als_sg2_snv,als_sg2_snv+parafac,weighted_knn,"k=5,metric=manhattan,max_features=12,x_transform=l2,log_target=True",10,0.81022685,0.22615335,0.38199486,-1.0911348
xylose_gL,all_known,parafac_raman_fusion_als_sg2_snv,als_sg2_snv+parafac,weighted_knn,"k=3,metric=manhattan,max_features=192,x_transform=none,log_target=False",10,0.81414031,0.1537253,0.37127627,-1.3353408
xylose_gL,all_known,parafac_raman_fusion_als_sg0_snv_area,als_sg0_snv_area+parafac,weighted_knn,"k=3,metric=correlation,max_features=12,x_transform=none,log_target=True",10,0.81430558,0.26726337,0.35235519,-0.97166174
xylose_gL,all_known,parafac_raman_fusion_als_sg0_snv_area,als_sg0_snv_area+parafac,weighted_knn,"k=3,metric=correlation,max_features=12,x_transform=l2,log_target=True",10,0.81430558,0.26726337,0.35235519,-0.97166174
xylose_gL,all_known,parafac_raman_fusion_als_sg2_snv,als_sg2_snv+parafac,weighted_knn,"k=1,metric=correlation,max_features=192,x_transform=none,log_target=False",10,0.81513754,0.24144162,0.32934722,-1.9215707
xylose_gL,all_known,parafac_raman_fusion_als_sg2_snv,als_sg2_snv+parafac,weighted_knn,"k=1,metric=correlation,max_features=192,x_transform=none,log_target=True",10,0.81513754,0.24144162,0.32934722,-1.9215707
xylose_gL,all_known,parafac_raman_fusion_als_sg2_snv,als_sg2_snv+parafac,weighted_knn,"k=1,metric=correlation,max_features=192,x_transform=l2,log_target=False",10,0.81513754,0.24144162,0.32934722,-1.9215707
xylose_gL,all_known,parafac_raman_fusion_als_sg2_snv,als_sg2_snv+parafac,weighted_knn,"k=1,metric=correlation,max_features=192,x_transform=l2,log_target=True",10,0.81513754,0.24144162,0.32934722,-1.9215707
xylose_gL,all_known,parafac_raman_fusion_als_sg2_snv,als_sg2_snv+parafac,krr,"kernel=laplacian,alpha=0.01,gamma_scale=2.0,max_features=12,x_transform=l2,log_target=False",10,0.8156406,0.25197653,0.40995865,-1.0154842
xylose_gL,all_known,raman_preprocessed_als_sg2_snv,als_sg2_snv,krr,"kernel=laplacian,alpha=0.01,gamma_scale=2.0,max_features=12,x_transform=l2,log_target=False",10,0.81570128,0.26681907,0.41977637,-1.0434064
xylose_gL,all_known,eem_parafac_scores,parafac_rank_selected,krr,"kernel=rbf,alpha=0.01,gamma_scale=2.0,max_features=12,x_transform=none,log_target=False",10,0.81577905,0.29270621,0.45142144,-0.7381515
xylose_gL,all_known,eem_parafac_scores,parafac_rank_selected,krr,"kernel=rbf,alpha=0.01,gamma_scale=2.0,max_features=48,x_transform=none,log_target=False",10,0.81577905,0.29270621,0.45142144,-0.7381515
xylose_gL,all_known,eem_parafac_scores,parafac_rank_selected,krr,"kernel=rbf,alpha=0.01,gamma_scale=2.0,max_features=192,x_transform=none,log_target=False",10,0.81577905,0.29270621,0.45142144,-0.7381515
xylose_gL,all_known,raman_preprocessed_als_sg0_snv_area,als_sg0_snv_area,krr,"kernel=rbf,alpha=0.01,gamma_scale=1.0,max_features=48,x_transform=l2,log_target=False",10,0.81578714,0.24850835,0.51286965,-1.252501
xylose_gL,all_known,eem_parafac_scores,parafac_rank_selected,krr,"kernel=laplacian,alpha=0.1,gamma_scale=1.0,max_features=12,x_transform=none,log_target=False",10,0.81664892,0.30871721,0.43926923,-0.76978
xylose_gL,all_known,eem_parafac_scores,parafac_rank_selected,krr,"kernel=laplacian,alpha=0.1,gamma_scale=1.0,max_features=48,x_transform=none,log_target=False",10,0.81664892,0.30871721,0.43926923,-0.76978
xylose_gL,all_known,eem_parafac_scores,parafac_rank_selected,krr,"kernel=laplacian,alpha=0.1,gamma_scale=1.0,max_features=192,x_transform=none,log_target=False",10,0.81664892,0.30871721,0.43926923,-0.76978
xylose_gL,all_known,raman_preprocessed_als_sg2_snv,als_sg2_snv,krr,"kernel=laplacian,alpha=0.01,gamma_scale=1.0,max_features=12,x_transform=none,log_target=False",10,0.81749844,0.28797196,0.42030236,-0.96558244
xylose_gL,all_known,parafac_raman_fusion_als_sg2_snv,als_sg2_snv+parafac,weighted_knn,"k=5,metric=correlation,max_features=48,x_transform=none,log_target=False",10,0.81986322,0.18239033,0.41396379,-1.4014886
xylose_gL,all_known,parafac_raman_fusion_als_sg2_snv,als_sg2_snv+parafac,weighted_knn,"k=5,metric=correlation,max_features=48,x_transform=l2,log_target=False",10,0.81986322,0.18239033,0.41396379,-1.4014886
xylose_gL,all_known,parafac_raman_fusion_als_sg0_snv_area,als_sg0_snv_area+parafac,krr,"kernel=rbf,alpha=0.1,gamma_scale=2.0,max_features=12,x_transform=l2,log_target=False",10,0.8199324,0.24527099,0.46500048,-1.3250605
xylose_gL,all_known,parafac_raman_fusion_als_sg0_snv_area,als_sg0_snv_area+parafac,weighted_knn,"k=3,metric=correlation,max_features=48,x_transform=none,log_target=True",10,0.82031993,0.23812503,0.35658682,-1.0293599
xylose_gL,all_known,parafac_raman_fusion_als_sg0_snv_area,als_sg0_snv_area+parafac,weighted_knn,"k=3,metric=correlation,max_features=48,x_transform=l2,log_target=True",10,0.82031993,0.23812503,0.35658682,-1.0293599
xylose_gL,all_known,eem_parafac_scores,parafac_rank_selected,krr,"kernel=laplacian,alpha=0.01,gamma_scale=1.0,max_features=12,x_transform=none,log_target=True",10,0.82091612,0.30976324,0.40533268,-0.80813099
xylose_gL,all_known,eem_parafac_scores,parafac_rank_selected,krr,"kernel=laplacian,alpha=0.01,gamma_scale=1.0,max_features=48,x_transform=none,log_target=True",10,0.82091612,0.30976324,0.40533268,-0.80813099
xylose_gL,all_known,eem_parafac_scores,parafac_rank_selected,krr,"kernel=laplacian,alpha=0.01,gamma_scale=1.0,max_features=192,x_transform=none,log_target=True",10,0.82091612,0.30976324,0.40533268,-0.80813099
xylose_gL,all_known,raman_preprocessed_als_sg2_snv,als_sg2_snv,krr,"kernel=rbf,alpha=0.1,gamma_scale=1.0,max_features=48,x_transform=l2,log_target=False",10,0.82123714,0.24105654,0.49886469,-1.4391784
xylose_gL,all_known,parafac_raman_fusion_als_sg0_snv_area,als_sg0_snv_area+parafac,weighted_knn,"k=5,metric=manhattan,max_features=48,x_transform=l2,log_target=False",10,0.82354468,0.1716143,0.40499276,-1.3514004
xylose_gL,all_known,eem_parafac_scores,parafac_rank_selected,weighted_knn,"k=3,metric=manhattan,max_features=12,x_transform=none,log_target=True",10,0.82410092,0.30370726,0.40791365,-0.8263883
xylose_gL,all_known,eem_parafac_scores,parafac_rank_selected,weighted_knn,"k=3,metric=manhattan,max_features=48,x_transform=none,log_target=True",10,0.82410092,0.30370726,0.40791365,-0.8263883
xylose_gL,all_known,eem_parafac_scores,parafac_rank_selected,weighted_knn,"k=3,metric=manhattan,max_features=192,x_transform=none,log_target=True",10,0.82410092,0.30370726,0.40791365,-0.8263883
xylose_gL,all_known,parafac_raman_fusion_als_sg0_snv_area,als_sg0_snv_area+parafac,krr,"kernel=rbf,alpha=0.1,gamma_scale=1.0,max_features=48,x_transform=l2,log_target=False",10,0.82496975,0.19166642,0.48950536,-1.168601
xylose_gL,all_known,eem_parafac_scores,parafac_rank_selected,krr,"kernel=rbf,alpha=0.01,gamma_scale=1.0,max_features=12,x_transform=none,log_target=False",10,0.82693879,0.28590965,0.45227052,-0.91431279
xylose_gL,all_known,eem_parafac_scores,parafac_rank_selected,krr,"kernel=rbf,alpha=0.01,gamma_scale=1.0,max_features=48,x_transform=none,log_target=False",10,0.82693879,0.28590965,0.45227052,-0.91431279
xylose_gL,all_known,eem_parafac_scores,parafac_rank_selected,krr,"kernel=rbf,alpha=0.01,gamma_scale=1.0,max_features=192,x_transform=none,log_target=False",10,0.82693879,0.28590965,0.45227052,-0.91431279
xylose_gL,all_known,parafac_raman_fusion_als_sg2_snv,als_sg2_snv+parafac,krr,"kernel=laplacian,alpha=0.1,gamma_scale=1.0,max_features=12,x_transform=l2,log_target=False",10,0.82965808,0.24678661,0.44715679,-1.0727664
xylose_gL,all_known,raman_preprocessed_als_sg2_snv,als_sg2_snv,krr,"kernel=rbf,alpha=0.1,gamma_scale=2.0,max_features=12,x_transform=none,log_target=False",10,0.82990288,0.28349401,0.40092535,-1.1595951
xylose_gL,all_known,raman_preprocessed_als_sg0_snv_area,als_sg0_snv_area,krr,"kernel=rbf,alpha=0.1,gamma_scale=2.0,max_features=12,x_transform=l2,log_target=False",10,0.83023561,0.27705995,0.47916151,-1.2754157
xylose_gL,all_known,raman_preprocessed_als_sg2_snv,als_sg2_snv,weighted_knn,"k=3,metric=manhattan,max_features=12,x_transform=l2,log_target=True",10,0.83213296,0.26331493,0.38810899,-1.214369
xylose_gL,all_known,raman_preprocessed_als_sg2_snv,als_sg2_snv,weighted_knn,"k=3,metric=manhattan,max_features=12,x_transform=none,log_target=False",10,0.83293318,0.28302521,0.37242185,-1.0883656
xylose_gL,all_known,parafac_raman_fusion_als_sg0_snv_area,als_sg0_snv_area+parafac,weighted_knn,"k=1,metric=manhattan,max_features=48,x_transform=none,log_target=False",10,0.83484404,0.41525764,0.33241667,-0.49197428
xylose_gL,all_known,parafac_raman_fusion_als_sg0_snv_area,als_sg0_snv_area+parafac,weighted_knn,"k=1,metric=manhattan,max_features=48,x_transform=none,log_target=True",10,0.83484404,0.41525764,0.33241667,-0.49197428
xylose_gL,all_known,raman_preprocessed_als_sg2_snv,als_sg2_snv,krr,"kernel=laplacian,alpha=0.1,gamma_scale=1.0,max_features=12,x_transform=l2,log_target=False",10,0.8356007,0.25646087,0.46087853,-1.1900043
xylose_gL,all_known,parafac_raman_fusion_als_sg0_snv_area,als_sg0_snv_area+parafac,weighted_knn,"k=5,metric=correlation,max_features=48,x_transform=none,log_target=False",10,0.83561598,0.1952202,0.4063406,-1.3020229
xylose_gL,all_known,parafac_raman_fusion_als_sg0_snv_area,als_sg0_snv_area+parafac,weighted_knn,"k=5,metric=correlation,max_features=48,x_transform=l2,log_target=False",10,0.83561598,0.1952202,0.4063406,-1.3020229
xylose_gL,all_known,parafac_raman_fusion_als_sg2_snv,als_sg2_snv+parafac,krr,"kernel=rbf,alpha=0.01,gamma_scale=2.0,max_features=12,x_transform=l2,log_target=True",10,0.83576818,0.2412186,0.37622565,-1.7585864
xylose_gL,all_known,parafac_raman_fusion_als_sg0_snv_area,als_sg0_snv_area+parafac,krr,"kernel=rbf,alpha=0.1,gamma_scale=1.0,max_features=12,x_transform=l2,log_target=False",10,0.83638156,0.23559609,0.49472472,-1.4960775
xylose_gL,all_known,parafac_raman_fusion_als_sg0_snv_area,als_sg0_snv_area+parafac,krr,"kernel=rbf,alpha=0.01,gamma_scale=1.0,max_features=12,x_transform=none,log_target=False",10,0.83713081,0.27180764,0.48529946,-1.0912744
xylose_gL,all_known,parafac_raman_fusion_als_sg2_snv,als_sg2_snv+parafac,weighted_knn,"k=3,metric=manhattan,max_features=192,x_transform=l2,log_target=False",10,0.83724065,0.17960446,0.38054735,-1.7163169
xylose_gL,all_known,raman_preprocessed_als_sg2_snv,als_sg2_snv,weighted_knn,"k=3,metric=correlation,max_features=12,x_transform=l2,log_target=True",10,0.83821147,0.27583009,0.3894083,-1.4635133
xylose_gL,all_known,raman_preprocessed_als_sg2_snv,als_sg2_snv,weighted_knn,"k=3,metric=correlation,max_features=12,x_transform=none,log_target=True",10,0.83821147,0.27583009,0.3894083,-1.4635133
xylose_gL,all_known,raman_preprocessed_als_sg0_snv_area,als_sg0_snv_area,krr,"kernel=rbf,alpha=0.1,gamma_scale=1.0,max_features=12,x_transform=l2,log_target=False",10,0.8386598,0.26654328,0.5019906,-1.4065425
xylose_gL,all_known,raman_preprocessed_als_sg0_snv_area,als_sg0_snv_area,weighted_knn,"k=3,metric=manhattan,max_features=48,x_transform=l2,log_target=False",10,0.83925765,0.26792155,0.39688979,-1.2123865
xylose_gL,all_known,raman_preprocessed_als_sg0_snv_area,als_sg0_snv_area,krr,"kernel=rbf,alpha=0.01,gamma_scale=1.0,max_features=12,x_transform=none,log_target=False",10,0.83943999,0.29926417,0.48935154,-1.1834208
xylose_gL,all_known,parafac_raman_fusion_als_sg2_snv,als_sg2_snv+parafac,krr,"kernel=rbf,alpha=0.01,gamma_scale=1.0,max_features=48,x_transform=l2,log_target=False",10,0.83993325,0.20305302,0.50754613,-1.5544876
xylose_gL,all_known,eem_parafac_scores,parafac_rank_selected,krr,"kernel=laplacian,alpha=0.1,gamma_scale=2.0,max_features=12,x_transform=none,log_target=False",10,0.84033707,0.3067826,0.44406756,-1.0282418
xylose_gL,all_known,eem_parafac_scores,parafac_rank_selected,krr,"kernel=laplacian,alpha=0.1,gamma_scale=2.0,max_features=48,x_transform=none,log_target=False",10,0.84033707,0.3067826,0.44406756,-1.0282418
xylose_gL,all_known,eem_parafac_scores,parafac_rank_selected,krr,"kernel=laplacian,alpha=0.1,gamma_scale=2.0,max_features=192,x_transform=none,log_target=False",10,0.84033707,0.3067826,0.44406756,-1.0282418
xylose_gL,all_known,parafac_raman_fusion_als_sg2_snv,als_sg2_snv+parafac,krr,"kernel=rbf,alpha=0.1,gamma_scale=1.0,max_features=12,x_transform=none,log_target=False",10,0.84151641,0.23003559,0.412263,-1.7291168
xylose_gL,all_known,parafac_raman_fusion_als_sg2_snv,als_sg2_snv+parafac,krr,"kernel=rbf,alpha=0.01,gamma_scale=2.0,max_features=12,x_transform=none,log_target=False",10,0.84205169,0.23105479,0.4214838,-1.6631217
xylose_gL,all_known,parafac_raman_fusion_als_sg0_snv_area,als_sg0_snv_area+parafac,weighted_knn,"k=5,metric=correlation,max_features=12,x_transform=none,log_target=False",10,0.84440249,0.2085345,0.40871192,-1.4142667
xylose_gL,all_known,parafac_raman_fusion_als_sg0_snv_area,als_sg0_snv_area+parafac,weighted_knn,"k=5,metric=correlation,max_features=12,x_transform=l2,log_target=False",10,0.84440249,0.2085345,0.40871192,-1.4142667
xylose_gL,all_known,eem_parafac_scores,parafac_rank_selected,krr,"kernel=laplacian,alpha=0.01,gamma_scale=2.0,max_features=12,x_transform=none,log_target=True",10,0.84608865,0.30406118,0.41930591,-1.0620789
xylose_gL,all_known,eem_parafac_scores,parafac_rank_selected,krr,"kernel=laplacian,alpha=0.01,gamma_scale=2.0,max_features=48,x_transform=none,log_target=True",10,0.84608865,0.30406118,0.41930591,-1.0620789
xylose_gL,all_known,eem_parafac_scores,parafac_rank_selected,krr,"kernel=laplacian,alpha=0.01,gamma_scale=2.0,max_features=192,x_transform=none,log_target=True",10,0.84608865,0.30406118,0.41930591,-1.0620789
xylose_gL,all_known,parafac_raman_fusion_als_sg2_snv,als_sg2_snv+parafac,weighted_knn,"k=3,metric=correlation,max_features=12,x_transform=none,log_target=True",10,0.84774685,0.2480247,0.38270647,-1.4110093
xylose_gL,all_known,parafac_raman_fusion_als_sg2_snv,als_sg2_snv+parafac,weighted_knn,"k=3,metric=correlation,max_features=12,x_transform=l2,log_target=True",10,0.84774685,0.2480247,0.38270647,-1.4110093
xylose_gL,all_known,parafac_raman_fusion_als_sg0_snv_area,als_sg0_snv_area+parafac,krr,"kernel=rbf,alpha=0.01,gamma_scale=1.0,max_features=48,x_transform=none,log_target=False",10,0.84841263,0.20669931,0.49224715,-1.2468448
xylose_gL,all_known,raman_preprocessed_als_sg2_snv,als_sg2_snv,krr,"kernel=rbf,alpha=0.01,gamma_scale=1.0,max_features=48,x_transform=l2,log_target=False",10,0.85674299,0.22758185,0.53168354,-1.7960193
xylose_gL,all_known,parafac_raman_fusion_als_sg0_snv_area,als_sg0_snv_area+parafac,weighted_knn,"k=3,metric=manhattan,max_features=12,x_transform=l2,log_target=False",10,0.85752923,0.18164021,0.40015274,-2.13447
xylose_gL,all_known,raman_preprocessed_als_sg2_snv,als_sg2_snv,krr,"kernel=rbf,alpha=0.01,gamma_scale=1.0,max_features=12,x_transform=none,log_target=True",10,0.85839929,0.29694752,0.38043297,-1.6085011
xylose_gL,all_known,parafac_raman_fusion_als_sg0_snv_area,als_sg0_snv_area+parafac,krr,"kernel=rbf,alpha=0.01,gamma_scale=2.0,max_features=12,x_transform=l2,log_target=False",10,0.85930505,0.23667128,0.5101578,-1.7317616
xylose_gL,all_known,raman_preprocessed_als_sg2_snv,als_sg2_snv,krr,"kernel=rbf,alpha=0.1,gamma_scale=1.0,max_features=12,x_transform=l2,log_target=False",10,0.86047327,0.24220932,0.47748184,-1.692349
xylose_gL,all_known,parafac_raman_fusion_als_sg2_snv,als_sg2_snv+parafac,krr,"kernel=rbf,alpha=0.01,gamma_scale=1.0,max_features=12,x_transform=l2,log_target=True",10,0.86085574,0.22526331,0.40294692,-2.1790982
xylose_gL,all_known,raman_preprocessed_als_sg2_snv,als_sg2_snv,weighted_knn,"k=5,metric=correlation,max_features=48,x_transform=none,log_target=False",10,0.86115666,0.2298414,0.4336387,-1.8268513
xylose_gL,all_known,raman_preprocessed_als_sg2_snv,als_sg2_snv,weighted_knn,"k=5,metric=correlation,max_features=48,x_transform=l2,log_target=False",10,0.86115666,0.2298414,0.4336387,-1.8268513
xylose_gL,all_known,parafac_raman_fusion_als_sg2_snv,als_sg2_snv+parafac,weighted_knn,"k=5,metric=manhattan,max_features=48,x_transform=l2,log_target=False",10,0.86223835,0.16756583,0.44769063,-1.8895315
xylose_gL,all_known,raman_preprocessed_als_sg2_snv,als_sg2_snv,weighted_knn,"k=3,metric=manhattan,max_features=192,x_transform=l2,log_target=False",10,0.86242772,0.22687211,0.38348062,-1.7968935
xylose_gL,all_known,raman_preprocessed_als_sg2_snv,als_sg2_snv,weighted_knn,"k=3,metric=manhattan,max_features=48,x_transform=l2,log_target=False",10,0.86318329,0.238786,0.41776717,-1.8606663
xylose_gL,all_known,raman_preprocessed_als_sg2_snv,als_sg2_snv,krr,"kernel=rbf,alpha=0.1,gamma_scale=1.0,max_features=12,x_transform=none,log_target=False",10,0.86463366,0.25946258,0.4327613,-1.6016051
xylose_gL,all_known,parafac_raman_fusion_als_sg2_snv,als_sg2_snv+parafac,krr,"kernel=laplacian,alpha=0.01,gamma_scale=1.0,max_features=12,x_transform=l2,log_target=False",10,0.86489976,0.23615113,0.47882425,-1.3765182
xylose_gL,all_known,raman_preprocessed_als_sg0_snv_area,als_sg0_snv_area,weighted_knn,"k=3,metric=correlation,max_features=12,x_transform=none,log_target=False",10,0.86527194,0.26904506,0.39591283,-1.8086105
xylose_gL,all_known,raman_preprocessed_als_sg0_snv_area,als_sg0_snv_area,weighted_knn,"k=3,metric=correlation,max_features=12,x_transform=l2,log_target=False",10,0.86527194,0.26904506,0.39591283,-1.8086105
xylose_gL,all_known,parafac_raman_fusion_als_sg0_snv_area,als_sg0_snv_area+parafac,krr,"kernel=rbf,alpha=0.01,gamma_scale=1.0,max_features=48,x_transform=l2,log_target=False",10,0.86727887,0.17012848,0.52755516,-1.5250669
xylose_gL,all_known,eem_parafac_scores,parafac_rank_selected,weighted_knn,"k=5,metric=manhattan,max_features=12,x_transform=none,log_target=False",10,0.86813888,0.29894391,0.45796296,-1.2646375
xylose_gL,all_known,eem_parafac_scores,parafac_rank_selected,weighted_knn,"k=5,metric=manhattan,max_features=48,x_transform=none,log_target=False",10,0.86813888,0.29894391,0.45796296,-1.2646375
xylose_gL,all_known,eem_parafac_scores,parafac_rank_selected,weighted_knn,"k=5,metric=manhattan,max_features=192,x_transform=none,log_target=False",10,0.86813888,0.29894391,0.45796296,-1.2646375
xylose_gL,all_known,raman_preprocessed_als_sg0_snv_area,als_sg0_snv_area,weighted_knn,"k=1,metric=manhattan,max_features=48,x_transform=none,log_target=False",10,0.86995968,0.38469669,0.35583333,-1.5963604
xylose_gL,all_known,raman_preprocessed_als_sg0_snv_area,als_sg0_snv_area,weighted_knn,"k=1,metric=manhattan,max_features=48,x_transform=none,log_target=True",10,0.86995968,0.38469669,0.35583333,-1.5963604
xylose_gL,all_known,parafac_raman_fusion_als_sg0_snv_area,als_sg0_snv_area+parafac,weighted_knn,"k=1,metric=correlation,max_features=192,x_transform=none,log_target=False",10,0.87215973,0.32326036,0.35722222,-0.99587595
xylose_gL,all_known,parafac_raman_fusion_als_sg0_snv_area,als_sg0_snv_area+parafac,weighted_knn,"k=1,metric=correlation,max_features=192,x_transform=none,log_target=True",10,0.87215973,0.32326036,0.35722222,-0.99587595
xylose_gL,all_known,parafac_raman_fusion_als_sg0_snv_area,als_sg0_snv_area+parafac,weighted_knn,"k=1,metric=correlation,max_features=192,x_transform=l2,log_target=False",10,0.87215973,0.32326036,0.35722222,-0.99587595
xylose_gL,all_known,parafac_raman_fusion_als_sg0_snv_area,als_sg0_snv_area+parafac,weighted_knn,"k=1,metric=correlation,max_features=192,x_transform=l2,log_target=True",10,0.87215973,0.32326036,0.35722222,-0.99587595
xylose_gL,all_known,raman_preprocessed_als_sg2_snv,als_sg2_snv,krr,"kernel=laplacian,alpha=0.01,gamma_scale=1.0,max_features=12,x_transform=l2,log_target=False",10,0.8750567,0.24178768,0.49208933,-1.5147715
xylose_gL,all_known,raman_preprocessed_als_sg2_snv,als_sg2_snv,krr,"kernel=rbf,alpha=0.01,gamma_scale=2.0,max_features=12,x_transform=none,log_target=False",10,0.87581389,0.26858552,0.44102824,-1.6296683
xylose_gL,all_known,parafac_raman_fusion_als_sg0_snv_area,als_sg0_snv_area+parafac,weighted_knn,"k=3,metric=manhattan,max_features=48,x_transform=l2,log_target=False",10,0.87821797,0.18669151,0.40849598,-1.4946214
xylose_gL,all_known,raman_preprocessed_als_sg2_snv,als_sg2_snv,weighted_knn,"k=1,metric=manhattan,max_features=192,x_transform=l2,log_target=False",10,0.88074641,0.35041592,0.34230556,-1.502216
xylose_gL,all_known,raman_preprocessed_als_sg2_snv,als_sg2_snv,weighted_knn,"k=1,metric=manhattan,max_features=192,x_transform=l2,log_target=True",10,0.88074641,0.35041592,0.34230556,-1.502216
xylose_gL,all_known,raman_preprocessed_als_sg0_snv_area,als_sg0_snv_area,weighted_knn,"k=3,metric=manhattan,max_features=12,x_transform=l2,log_target=False",10,0.88476031,0.25166798,0.41891737,-1.8684796
xylose_gL,all_known,raman_preprocessed_als_sg2_snv,als_sg2_snv,weighted_knn,"k=5,metric=manhattan,max_features=48,x_transform=l2,log_target=False",10,0.88506954,0.21282598,0.44612756,-2.2177071
xylose_gL,all_known,raman_preprocessed_als_sg2_snv,als_sg2_snv,krr,"kernel=rbf,alpha=0.01,gamma_scale=2.0,max_features=12,x_transform=l2,log_target=True",10,0.88676082,0.28161085,0.40095277,-1.9134064
xylose_gL,all_known,parafac_raman_fusion_als_sg2_snv,als_sg2_snv+parafac,weighted_knn,"k=5,metric=correlation,max_features=12,x_transform=none,log_target=False",10,0.89069524,0.17544981,0.43522088,-2.2990293
xylose_gL,all_known,parafac_raman_fusion_als_sg2_snv,als_sg2_snv+parafac,weighted_knn,"k=5,metric=correlation,max_features=12,x_transform=l2,log_target=False",10,0.89069524,0.17544981,0.43522088,-2.2990293
xylose_gL,target_focused,eem_parafac_scores,parafac_rank_selected,weighted_knn,"k=5,metric=correlation,max_features=12,x_transform=none,log_target=False",10,0.89212064,0.45231689,0.56410588,-0.052198865
xylose_gL,target_focused,eem_parafac_scores,parafac_rank_selected,weighted_knn,"k=5,metric=correlation,max_features=12,x_transform=l2,log_target=False",10,0.89212064,0.45231689,0.56410588,-0.052198865
xylose_gL,target_focused,eem_parafac_scores,parafac_rank_selected,weighted_knn,"k=5,metric=correlation,max_features=48,x_transform=none,log_target=False",10,0.89212064,0.45231689,0.56410588,-0.052198865
xylose_gL,target_focused,eem_parafac_scores,parafac_rank_selected,weighted_knn,"k=5,metric=correlation,max_features=48,x_transform=l2,log_target=False",10,0.89212064,0.45231689,0.56410588,-0.052198865
xylose_gL,target_focused,eem_parafac_scores,parafac_rank_selected,weighted_knn,"k=5,metric=correlation,max_features=192,x_transform=none,log_target=False",10,0.89212064,0.45231689,0.56410588,-0.052198865
xylose_gL,target_focused,eem_parafac_scores,parafac_rank_selected,weighted_knn,"k=5,metric=correlation,max_features=192,x_transform=l2,log_target=False",10,0.89212064,0.45231689,0.56410588,-0.052198865
xylose_gL,all_known,raman_preprocessed_als_sg2_snv,als_sg2_snv,weighted_knn,"k=5,metric=manhattan,max_features=12,x_transform=l2,log_target=False",10,0.8931977,0.21897893,0.45547,-1.9526511
xylose_gL,all_known,parafac_raman_fusion_als_sg2_snv,als_sg2_snv+parafac,krr,"kernel=rbf,alpha=0.1,gamma_scale=1.0,max_features=12,x_transform=l2,log_target=False",10,0.89325257,0.18374635,0.49301429,-2.1083943
xylose_gL,all_known,raman_preprocessed_als_sg2_snv,als_sg2_snv,krr,"kernel=rbf,alpha=0.1,gamma_scale=2.0,max_features=12,x_transform=l2,log_target=False",10,0.89364395,0.24048822,0.47452157,-1.9938443
xylose_gL,all_known,parafac_raman_fusion_als_sg2_snv,als_sg2_snv+parafac,weighted_knn,"k=3,metric=manhattan,max_features=12,x_transform=l2,log_target=True",10,0.89658574,0.18723607,0.41896934,-1.8351644
xylose_gL,all_known,raman_preprocessed_als_sg0_snv_area,als_sg0_snv_area,krr,"kernel=rbf,alpha=0.01,gamma_scale=2.0,max_features=12,x_transform=l2,log_target=False",10,0.89673816,0.25973792,0.53621158,-1.856812
xylose_gL,all_known,raman_preprocessed_als_sg2_snv,als_sg2_snv,weighted_knn,"k=3,metric=correlation,max_features=48,x_transform=none,log_target=False",10,0.8977973,0.20153342,0.41538393,-2.2605531
xylose_gL,all_known,raman_preprocessed_als_sg2_snv,als_sg2_snv,weighted_knn,"k=3,metric=correlation,max_features=48,x_transform=l2,log_target=False",10,0.8977973,0.20153342,0.41538393,-2.2605531
xylose_gL,target_focused,eem_parafac_scores,parafac_rank_selected,weighted_knn,"k=5,metric=correlation,max_features=12,x_transform=none,log_target=True",10,0.89947789,0.45805515,0.54299955,-0.065788912
xylose_gL,target_focused,eem_parafac_scores,parafac_rank_selected,weighted_knn,"k=5,metric=correlation,max_features=12,x_transform=l2,log_target=True",10,0.89947789,0.45805515,0.54299955,-0.065788912
xylose_gL,target_focused,eem_parafac_scores,parafac_rank_selected,weighted_knn,"k=5,metric=correlation,max_features=48,x_transform=none,log_target=True",10,0.89947789,0.45805515,0.54299955,-0.065788912
xylose_gL,target_focused,eem_parafac_scores,parafac_rank_selected,weighted_knn,"k=5,metric=correlation,max_features=48,x_transform=l2,log_target=True",10,0.89947789,0.45805515,0.54299955,-0.065788912
xylose_gL,target_focused,eem_parafac_scores,parafac_rank_selected,weighted_knn,"k=5,metric=correlation,max_features=192,x_transform=none,log_target=True",10,0.89947789,0.45805515,0.54299955,-0.065788912
xylose_gL,target_focused,eem_parafac_scores,parafac_rank_selected,weighted_knn,"k=5,metric=correlation,max_features=192,x_transform=l2,log_target=True",10,0.89947789,0.45805515,0.54299955,-0.065788912
xylose_gL,all_known,raman_preprocessed_als_sg2_snv,als_sg2_snv,weighted_knn,"k=1,metric=manhattan,max_features=192,x_transform=none,log_target=False",10,0.90255994,0.29157702,0.35673611,-2.0991974
xylose_gL,all_known,raman_preprocessed_als_sg2_snv,als_sg2_snv,weighted_knn,"k=1,metric=manhattan,max_features=192,x_transform=none,log_target=True",10,0.90255994,0.29157702,0.35673611,-2.0991974
xylose_gL,all_known,raman_preprocessed_als_sg2_snv,als_sg2_snv,krr,"kernel=rbf,alpha=0.01,gamma_scale=1.0,max_features=12,x_transform=l2,log_target=True",10,0.90256757,0.28478177,0.42003781,-1.9647338
xylose_gL,target_focused,eem_parafac_scores,parafac_rank_selected,krr,"kernel=rbf,alpha=0.1,gamma_scale=1.0,max_features=12,x_transform=l2,log_target=True",10,0.90500893,0.45086523,0.57409415,-0.098669154
xylose_gL,target_focused,eem_parafac_scores,parafac_rank_selected,krr,"kernel=laplacian,alpha=0.1,gamma_scale=1.0,max_features=12,x_transform=l2,log_target=True",10,0.90500893,0.45086523,0.57409415,-0.098669154
xylose_gL,target_focused,eem_parafac_scores,parafac_rank_selected,krr,"kernel=rbf,alpha=0.1,gamma_scale=1.0,max_features=48,x_transform=l2,log_target=True",10,0.90500893,0.45086523,0.57409415,-0.098669154
xylose_gL,target_focused,eem_parafac_scores,parafac_rank_selected,krr,"kernel=laplacian,alpha=0.1,gamma_scale=1.0,max_features=48,x_transform=l2,log_target=True",10,0.90500893,0.45086523,0.57409415,-0.098669154
xylose_gL,target_focused,eem_parafac_scores,parafac_rank_selected,krr,"kernel=rbf,alpha=0.1,gamma_scale=1.0,max_features=192,x_transform=l2,log_target=True",10,0.90500893,0.45086523,0.57409415,-0.098669154
xylose_gL,target_focused,eem_parafac_scores,parafac_rank_selected,krr,"kernel=laplacian,alpha=0.1,gamma_scale=1.0,max_features=192,x_transform=l2,log_target=True",10,0.90500893,0.45086523,0.57409415,-0.098669154
xylose_gL,target_focused,eem_parafac_scores,parafac_rank_selected,krr,"kernel=rbf,alpha=0.1,gamma_scale=2.0,max_features=12,x_transform=l2,log_target=True",10,0.90503161,0.45091524,0.57402821,-0.098639337
xylose_gL,target_focused,eem_parafac_scores,parafac_rank_selected,krr,"kernel=laplacian,alpha=0.1,gamma_scale=2.0,max_features=12,x_transform=l2,log_target=True",10,0.90503161,0.45091524,0.57402821,-0.098639337
xylose_gL,target_focused,eem_parafac_scores,parafac_rank_selected,krr,"kernel=rbf,alpha=0.1,gamma_scale=2.0,max_features=48,x_transform=l2,log_target=True",10,0.90503161,0.45091524,0.57402821,-0.098639337
xylose_gL,target_focused,eem_parafac_scores,parafac_rank_selected,krr,"kernel=laplacian,alpha=0.1,gamma_scale=2.0,max_features=48,x_transform=l2,log_target=True",10,0.90503161,0.45091524,0.57402821,-0.098639337
xylose_gL,target_focused,eem_parafac_scores,parafac_rank_selected,krr,"kernel=rbf,alpha=0.1,gamma_scale=2.0,max_features=192,x_transform=l2,log_target=True",10,0.90503161,0.45091524,0.57402821,-0.098639337
xylose_gL,target_focused,eem_parafac_scores,parafac_rank_selected,krr,"kernel=laplacian,alpha=0.1,gamma_scale=2.0,max_features=192,x_transform=l2,log_target=True",10,0.90503161,0.45091524,0.57402821,-0.098639337
xylose_gL,target_focused,eem_parafac_scores,parafac_rank_selected,krr,"kernel=rbf,alpha=0.01,gamma_scale=1.0,max_features=12,x_transform=l2,log_target=True",10,0.90505039,0.45069064,0.57454282,-0.099192092
xylose_gL,target_focused,eem_parafac_scores,parafac_rank_selected,krr,"kernel=laplacian,alpha=0.01,gamma_scale=1.0,max_features=12,x_transform=l2,log_target=True",10,0.90505039,0.45069064,0.57454282,-0.099192092
xylose_gL,target_focused,eem_parafac_scores,parafac_rank_selected,krr,"kernel=rbf,alpha=0.01,gamma_scale=1.0,max_features=48,x_transform=l2,log_target=True",10,0.90505039,0.45069064,0.57454282,-0.099192092
xylose_gL,target_focused,eem_parafac_scores,parafac_rank_selected,krr,"kernel=laplacian,alpha=0.01,gamma_scale=1.0,max_features=48,x_transform=l2,log_target=True",10,0.90505039,0.45069064,0.57454282,-0.099192092
xylose_gL,target_focused,eem_parafac_scores,parafac_rank_selected,krr,"kernel=rbf,alpha=0.01,gamma_scale=1.0,max_features=192,x_transform=l2,log_target=True",10,0.90505039,0.45069064,0.57454282,-0.099192092
xylose_gL,target_focused,eem_parafac_scores,parafac_rank_selected,krr,"kernel=laplacian,alpha=0.01,gamma_scale=1.0,max_features=192,x_transform=l2,log_target=True",10,0.90505039,0.45069064,0.57454282,-0.099192092
xylose_gL,target_focused,eem_parafac_scores,parafac_rank_selected,krr,"kernel=rbf,alpha=0.01,gamma_scale=2.0,max_features=12,x_transform=l2,log_target=True",10,0.90505264,0.4506957,0.57453619,-0.099188886
xylose_gL,target_focused,eem_parafac_scores,parafac_rank_selected,krr,"kernel=laplacian,alpha=0.01,gamma_scale=2.0,max_features=12,x_transform=l2,log_target=True",10,0.90505264,0.4506957,0.57453619,-0.099188886
xylose_gL,target_focused,eem_parafac_scores,parafac_rank_selected,krr,"kernel=rbf,alpha=0.01,gamma_scale=2.0,max_features=48,x_transform=l2,log_target=True",10,0.90505264,0.4506957,0.57453619,-0.099188886
xylose_gL,target_focused,eem_parafac_scores,parafac_rank_selected,krr,"kernel=laplacian,alpha=0.01,gamma_scale=2.0,max_features=48,x_transform=l2,log_target=True",10,0.90505264,0.4506957,0.57453619,-0.099188886
xylose_gL,target_focused,eem_parafac_scores,parafac_rank_selected,krr,"kernel=rbf,alpha=0.01,gamma_scale=2.0,max_features=192,x_transform=l2,log_target=True",10,0.90505264,0.4506957,0.57453619,-0.099188886
xylose_gL,target_focused,eem_parafac_scores,parafac_rank_selected,krr,"kernel=laplacian,alpha=0.01,gamma_scale=2.0,max_features=192,x_transform=l2,log_target=True",10,0.90505264,0.4506957,0.57453619,-0.099188886
xylose_gL,all_known,raman_preprocessed_als_sg0_snv_area,als_sg0_snv_area,weighted_knn,"k=3,metric=correlation,max_features=48,x_transform=none,log_target=False",10,0.90735111,0.27939911,0.4406237,-1.9222349
xylose_gL,all_known,raman_preprocessed_als_sg0_snv_area,als_sg0_snv_area,weighted_knn,"k=3,metric=correlation,max_features=48,x_transform=l2,log_target=False",10,0.90735111,0.27939911,0.4406237,-1.9222349
xylose_gL,all_known,parafac_raman_fusion_als_sg2_snv,als_sg2_snv+parafac,krr,"kernel=rbf,alpha=0.1,gamma_scale=2.0,max_features=12,x_transform=l2,log_target=False",10,0.91552316,0.19089106,0.48081648,-2.3939231
xylose_gL,all_known,eem_parafac_scores,parafac_rank_selected,weighted_knn,"k=3,metric=manhattan,max_features=12,x_transform=none,log_target=False",10,0.91841638,0.29916137,0.47612322,-1.9421384
xylose_gL,all_known,eem_parafac_scores,parafac_rank_selected,weighted_knn,"k=3,metric=manhattan,max_features=48,x_transform=none,log_target=False",10,0.91841638,0.29916137,0.47612322,-1.9421384
xylose_gL,all_known,eem_parafac_scores,parafac_rank_selected,weighted_knn,"k=3,metric=manhattan,max_features=192,x_transform=none,log_target=False",10,0.91841638,0.29916137,0.47612322,-1.9421384
xylose_gL,all_known,parafac_raman_fusion_als_sg2_snv,als_sg2_snv+parafac,krr,"kernel=rbf,alpha=0.01,gamma_scale=1.0,max_features=12,x_transform=none,log_target=False",10,0.91922046,0.20307539,0.49124199,-2.9471887
xylose_gL,all_known,eem_parafac_scores,parafac_rank_selected,krr,"kernel=rbf,alpha=0.01,gamma_scale=1.0,max_features=12,x_transform=none,log_target=True",10,0.92000824,0.33441234,0.40211676,-2.102138
xylose_gL,all_known,eem_parafac_scores,parafac_rank_selected,krr,"kernel=rbf,alpha=0.01,gamma_scale=1.0,max_features=48,x_transform=none,log_target=True",10,0.92000824,0.33441234,0.40211676,-2.102138
xylose_gL,all_known,eem_parafac_scores,parafac_rank_selected,krr,"kernel=rbf,alpha=0.01,gamma_scale=1.0,max_features=192,x_transform=none,log_target=True",10,0.92000824,0.33441234,0.40211676,-2.102138
xylose_gL,all_known,eem_parafac_scores,parafac_rank_selected,krr,"kernel=laplacian,alpha=0.01,gamma_scale=1.0,max_features=12,x_transform=none,log_target=False",10,0.92038252,0.30868008,0.48046177,-2.0312883
xylose_gL,all_known,eem_parafac_scores,parafac_rank_selected,krr,"kernel=laplacian,alpha=0.01,gamma_scale=1.0,max_features=48,x_transform=none,log_target=False",10,0.92038252,0.30868008,0.48046177,-2.0312883
xylose_gL,all_known,eem_parafac_scores,parafac_rank_selected,krr,"kernel=laplacian,alpha=0.01,gamma_scale=1.0,max_features=192,x_transform=none,log_target=False",10,0.92038252,0.30868008,0.48046177,-2.0312883
xylose_gL,all_known,raman_preprocessed_als_sg2_snv,als_sg2_snv,weighted_knn,"k=5,metric=correlation,max_features=12,x_transform=none,log_target=False",10,0.92164646,0.20229394,0.46415604,-2.5461945
xylose_gL,all_known,raman_preprocessed_als_sg2_snv,als_sg2_snv,weighted_knn,"k=5,metric=correlation,max_features=12,x_transform=l2,log_target=False",10,0.92164646,0.20229394,0.46415604,-2.5461945
xylose_gL,target_focused,eem_parafac_scores,parafac_rank_selected,weighted_knn,"k=3,metric=correlation,max_features=12,x_transform=none,log_target=False",10,0.92584784,0.46916059,0.51841176,-0.14082455
xylose_gL,target_focused,eem_parafac_scores,parafac_rank_selected,weighted_knn,"k=3,metric=correlation,max_features=12,x_transform=l2,log_target=False",10,0.92584784,0.46916059,0.51841176,-0.14082455
xylose_gL,target_focused,eem_parafac_scores,parafac_rank_selected,weighted_knn,"k=3,metric=correlation,max_features=48,x_transform=none,log_target=False",10,0.92584784,0.46916059,0.51841176,-0.14082455
xylose_gL,target_focused,eem_parafac_scores,parafac_rank_selected,weighted_knn,"k=3,metric=correlation,max_features=48,x_transform=l2,log_target=False",10,0.92584784,0.46916059,0.51841176,-0.14082455
xylose_gL,target_focused,eem_parafac_scores,parafac_rank_selected,weighted_knn,"k=3,metric=correlation,max_features=192,x_transform=none,log_target=False",10,0.92584784,0.46916059,0.51841176,-0.14082455
xylose_gL,target_focused,eem_parafac_scores,parafac_rank_selected,weighted_knn,"k=3,metric=correlation,max_features=192,x_transform=l2,log_target=False",10,0.92584784,0.46916059,0.51841176,-0.14082455
xylose_gL,all_known,parafac_raman_fusion_als_sg2_snv,als_sg2_snv+parafac,weighted_knn,"k=3,metric=manhattan,max_features=48,x_transform=l2,log_target=False",10,0.92648022,0.20523465,0.4418051,-2.4724416
xylose_gL,target_focused,eem_parafac_scores,parafac_rank_selected,weighted_knn,"k=3,metric=correlation,max_features=12,x_transform=none,log_target=True",10,0.93313776,0.46962136,0.50675253,-0.16206639
xylose_gL,target_focused,eem_parafac_scores,parafac_rank_selected,weighted_knn,"k=3,metric=correlation,max_features=12,x_transform=l2,log_target=True",10,0.93313776,0.46962136,0.50675253,-0.16206639
xylose_gL,target_focused,eem_parafac_scores,parafac_rank_selected,weighted_knn,"k=3,metric=correlation,max_features=48,x_transform=none,log_target=True",10,0.93313776,0.46962136,0.50675253,-0.16206639
xylose_gL,target_focused,eem_parafac_scores,parafac_rank_selected,weighted_knn,"k=3,metric=correlation,max_features=48,x_transform=l2,log_target=True",10,0.93313776,0.46962136,0.50675253,-0.16206639
xylose_gL,target_focused,eem_parafac_scores,parafac_rank_selected,weighted_knn,"k=3,metric=correlation,max_features=192,x_transform=none,log_target=True",10,0.93313776,0.46962136,0.50675253,-0.16206639
xylose_gL,target_focused,eem_parafac_scores,parafac_rank_selected,weighted_knn,"k=3,metric=correlation,max_features=192,x_transform=l2,log_target=True",10,0.93313776,0.46962136,0.50675253,-0.16206639
xylose_gL,all_known,raman_preprocessed_als_sg2_snv,als_sg2_snv,weighted_knn,"k=3,metric=correlation,max_features=12,x_transform=none,log_target=False",10,0.93354499,0.25142236,0.46413559,-2.8782941
xylose_gL,all_known,raman_preprocessed_als_sg2_snv,als_sg2_snv,weighted_knn,"k=3,metric=correlation,max_features=12,x_transform=l2,log_target=False",10,0.93354499,0.25142236,0.46413559,-2.8782941
xylose_gL,all_known,parafac_raman_fusion_als_sg0_snv_area,als_sg0_snv_area+parafac,weighted_knn,"k=3,metric=correlation,max_features=12,x_transform=none,log_target=False",10,0.93474632,0.19597877,0.42010776,-2.1650439
xylose_gL,all_known,parafac_raman_fusion_als_sg0_snv_area,als_sg0_snv_area+parafac,weighted_knn,"k=3,metric=correlation,max_features=12,x_transform=l2,log_target=False",10,0.93474632,0.19597877,0.42010776,-2.1650439
xylose_gL,all_known,parafac_raman_fusion_als_sg0_snv_area,als_sg0_snv_area+parafac,weighted_knn,"k=3,metric=correlation,max_features=48,x_transform=none,log_target=False",10,0.94027217,0.17800978,0.43126008,-2.3015828
xylose_gL,all_known,parafac_raman_fusion_als_sg0_snv_area,als_sg0_snv_area+parafac,weighted_knn,"k=3,metric=correlation,max_features=48,x_transform=l2,log_target=False",10,0.94027217,0.17800978,0.43126008,-2.3015828
xylose_gL,all_known,parafac_raman_fusion_als_sg2_snv,als_sg2_snv+parafac,weighted_knn,"k=1,metric=manhattan,max_features=192,x_transform=l2,log_target=False",10,0.94195504,0.27243439,0.36701389,-2.0573982
xylose_gL,all_known,parafac_raman_fusion_als_sg2_snv,als_sg2_snv+parafac,weighted_knn,"k=1,metric=manhattan,max_features=192,x_transform=l2,log_target=True",10,0.94195504,0.27243439,0.36701389,-2.0573982
xylose_gL,all_known,parafac_raman_fusion_als_sg2_snv,als_sg2_snv+parafac,weighted_knn,"k=5,metric=manhattan,max_features=12,x_transform=l2,log_target=False",10,0.94439272,0.16018118,0.47509836,-2.7629537
xylose_gL,target_focused,eem_parafac_scores,parafac_rank_selected,krr,"kernel=rbf,alpha=0.1,gamma_scale=2.0,max_features=12,x_transform=l2,log_target=False",10,0.94782574,0.40084716,0.65752066,-0.38442087
xylose_gL,target_focused,eem_parafac_scores,parafac_rank_selected,krr,"kernel=laplacian,alpha=0.1,gamma_scale=2.0,max_features=12,x_transform=l2,log_target=False",10,0.94782574,0.40084716,0.65752066,-0.38442087
xylose_gL,target_focused,eem_parafac_scores,parafac_rank_selected,krr,"kernel=rbf,alpha=0.1,gamma_scale=2.0,max_features=48,x_transform=l2,log_target=False",10,0.94782574,0.40084716,0.65752066,-0.38442087
xylose_gL,target_focused,eem_parafac_scores,parafac_rank_selected,krr,"kernel=laplacian,alpha=0.1,gamma_scale=2.0,max_features=48,x_transform=l2,log_target=False",10,0.94782574,0.40084716,0.65752066,-0.38442087
xylose_gL,target_focused,eem_parafac_scores,parafac_rank_selected,krr,"kernel=rbf,alpha=0.1,gamma_scale=2.0,max_features=192,x_transform=l2,log_target=False",10,0.94782574,0.40084716,0.65752066,-0.38442087
xylose_gL,target_focused,eem_parafac_scores,parafac_rank_selected,krr,"kernel=laplacian,alpha=0.1,gamma_scale=2.0,max_features=192,x_transform=l2,log_target=False",10,0.94782574,0.40084716,0.65752066,-0.38442087
xylose_gL,target_focused,eem_parafac_scores,parafac_rank_selected,krr,"kernel=rbf,alpha=0.1,gamma_scale=1.0,max_features=12,x_transform=l2,log_target=False",10,0.94784698,0.40073554,0.65762942,-0.38481191
xylose_gL,target_focused,eem_parafac_scores,parafac_rank_selected,krr,"kernel=laplacian,alpha=0.1,gamma_scale=1.0,max_features=12,x_transform=l2,log_target=False",10,0.94784698,0.40073554,0.65762942,-0.38481191
xylose_gL,target_focused,eem_parafac_scores,parafac_rank_selected,krr,"kernel=rbf,alpha=0.1,gamma_scale=1.0,max_features=48,x_transform=l2,log_target=False",10,0.94784698,0.40073554,0.65762942,-0.38481191
xylose_gL,target_focused,eem_parafac_scores,parafac_rank_selected,krr,"kernel=laplacian,alpha=0.1,gamma_scale=1.0,max_features=48,x_transform=l2,log_target=False",10,0.94784698,0.40073554,0.65762942,-0.38481191
xylose_gL,target_focused,eem_parafac_scores,parafac_rank_selected,krr,"kernel=rbf,alpha=0.1,gamma_scale=1.0,max_features=192,x_transform=l2,log_target=False",10,0.94784698,0.40073554,0.65762942,-0.38481191
xylose_gL,target_focused,eem_parafac_scores,parafac_rank_selected,krr,"kernel=laplacian,alpha=0.1,gamma_scale=1.0,max_features=192,x_transform=l2,log_target=False",10,0.94784698,0.40073554,0.65762942,-0.38481191
xylose_gL,target_focused,eem_parafac_scores,parafac_rank_selected,krr,"kernel=rbf,alpha=0.01,gamma_scale=2.0,max_features=12,x_transform=l2,log_target=False",10,0.94840218,0.40033699,0.65832862,-0.38817994
xylose_gL,target_focused,eem_parafac_scores,parafac_rank_selected,krr,"kernel=laplacian,alpha=0.01,gamma_scale=2.0,max_features=12,x_transform=l2,log_target=False",10,0.94840218,0.40033699,0.65832862,-0.38817994
xylose_gL,target_focused,eem_parafac_scores,parafac_rank_selected,krr,"kernel=rbf,alpha=0.01,gamma_scale=2.0,max_features=48,x_transform=l2,log_target=False",10,0.94840218,0.40033699,0.65832862,-0.38817994
xylose_gL,target_focused,eem_parafac_scores,parafac_rank_selected,krr,"kernel=laplacian,alpha=0.01,gamma_scale=2.0,max_features=48,x_transform=l2,log_target=False",10,0.94840218,0.40033699,0.65832862,-0.38817994
xylose_gL,target_focused,eem_parafac_scores,parafac_rank_selected,krr,"kernel=rbf,alpha=0.01,gamma_scale=2.0,max_features=192,x_transform=l2,log_target=False",10,0.94840218,0.40033699,0.65832862,-0.38817994
xylose_gL,target_focused,eem_parafac_scores,parafac_rank_selected,krr,"kernel=laplacian,alpha=0.01,gamma_scale=2.0,max_features=192,x_transform=l2,log_target=False",10,0.94840218,0.40033699,0.65832862,-0.38817994
xylose_gL,target_focused,eem_parafac_scores,parafac_rank_selected,krr,"kernel=rbf,alpha=0.01,gamma_scale=1.0,max_features=12,x_transform=l2,log_target=False",10,0.94840434,0.40032573,0.65833955,-0.38821952
xylose_gL,target_focused,eem_parafac_scores,parafac_rank_selected,krr,"kernel=laplacian,alpha=0.01,gamma_scale=1.0,max_features=12,x_transform=l2,log_target=False",10,0.94840434,0.40032573,0.65833955,-0.38821952
xylose_gL,target_focused,eem_parafac_scores,parafac_rank_selected,krr,"kernel=rbf,alpha=0.01,gamma_scale=1.0,max_features=48,x_transform=l2,log_target=False",10,0.94840434,0.40032573,0.65833955,-0.38821952
xylose_gL,target_focused,eem_parafac_scores,parafac_rank_selected,krr,"kernel=laplacian,alpha=0.01,gamma_scale=1.0,max_features=48,x_transform=l2,log_target=False",10,0.94840434,0.40032573,0.65833955,-0.38821952
xylose_gL,target_focused,eem_parafac_scores,parafac_rank_selected,krr,"kernel=rbf,alpha=0.01,gamma_scale=1.0,max_features=192,x_transform=l2,log_target=False",10,0.94840434,0.40032573,0.65833955,-0.38821952
xylose_gL,target_focused,eem_parafac_scores,parafac_rank_selected,krr,"kernel=laplacian,alpha=0.01,gamma_scale=1.0,max_features=192,x_transform=l2,log_target=False",10,0.94840434,0.40032573,0.65833955,-0.38821952
xylose_gL,all_known,eem_parafac_scores,parafac_rank_selected,krr,"kernel=laplacian,alpha=0.01,gamma_scale=2.0,max_features=12,x_transform=none,log_target=False",10,0.94860274,0.31396145,0.49098213,-2.4237811
xylose_gL,all_known,eem_parafac_scores,parafac_rank_selected,krr,"kernel=laplacian,alpha=0.01,gamma_scale=2.0,max_features=48,x_transform=none,log_target=False",10,0.94860274,0.31396145,0.49098213,-2.4237811
xylose_gL,all_known,eem_parafac_scores,parafac_rank_selected,krr,"kernel=laplacian,alpha=0.01,gamma_scale=2.0,max_features=192,x_transform=none,log_target=False",10,0.94860274,0.31396145,0.49098213,-2.4237811
xylose_gL,target_focused,eem_parafac_scores,parafac_rank_selected,krr,"kernel=rbf,alpha=0.1,gamma_scale=1.0,max_features=12,x_transform=none,log_target=True",10,0.94863196,0.41815686,0.59838016,-0.32372998
xylose_gL,target_focused,eem_parafac_scores,parafac_rank_selected,krr,"kernel=rbf,alpha=0.1,gamma_scale=1.0,max_features=48,x_transform=none,log_target=True",10,0.94863196,0.41815686,0.59838016,-0.32372998
xylose_gL,target_focused,eem_parafac_scores,parafac_rank_selected,krr,"kernel=rbf,alpha=0.1,gamma_scale=1.0,max_features=192,x_transform=none,log_target=True",10,0.94863196,0.41815686,0.59838016,-0.32372998
xylose_gL,all_known,parafac_raman_fusion_als_sg0_snv_area,als_sg0_snv_area+parafac,krr,"kernel=rbf,alpha=0.01,gamma_scale=1.0,max_features=12,x_transform=l2,log_target=False",10,0.94889271,0.21271253,0.61395276,-2.77166
xylose_gL,all_known,raman_preprocessed_als_sg0_snv_area,als_sg0_snv_area,weighted_knn,"k=1,metric=manhattan,max_features=12,x_transform=none,log_target=False",10,0.95053859,0.40331068,0.37556944,-1.6265682
xylose_gL,all_known,raman_preprocessed_als_sg0_snv_area,als_sg0_snv_area,weighted_knn,"k=1,metric=manhattan,max_features=12,x_transform=none,log_target=True",10,0.95053859,0.40331068,0.37556944,-1.6265682
xylose_gL,all_known,raman_preprocessed_als_sg2_snv,als_sg2_snv,weighted_knn,"k=3,metric=manhattan,max_features=12,x_transform=l2,log_target=False",10,0.9533364,0.22538894,0.46792488,-2.6107936
xylose_gL,target_focused,eem_parafac_scores,parafac_rank_selected,krr,"kernel=rbf,alpha=0.1,gamma_scale=2.0,max_features=12,x_transform=none,log_target=True",10,0.96915391,0.41187948,0.61140904,-0.42118804
xylose_gL,target_focused,eem_parafac_scores,parafac_rank_selected,krr,"kernel=rbf,alpha=0.1,gamma_scale=2.0,max_features=48,x_transform=none,log_target=True",10,0.96915391,0.41187948,0.61140904,-0.42118804
xylose_gL,target_focused,eem_parafac_scores,parafac_rank_selected,krr,"kernel=rbf,alpha=0.1,gamma_scale=2.0,max_features=192,x_transform=none,log_target=True",10,0.96915391,0.41187948,0.61140904,-0.42118804
xylose_gL,all_known,parafac_raman_fusion_als_sg0_snv_area,als_sg0_snv_area+parafac,weighted_knn,"k=1,metric=manhattan,max_features=12,x_transform=l2,log_target=False",10,0.96991752,0.32656059,0.379,-3.2421114
xylose_gL,all_known,parafac_raman_fusion_als_sg0_snv_area,als_sg0_snv_area+parafac,weighted_knn,"k=1,metric=manhattan,max_features=12,x_transform=l2,log_target=True",10,0.96991752,0.32656059,0.379,-3.2421114
xylose_gL,target_focused,eem_parafac_scores,parafac_rank_selected,weighted_knn,"k=5,metric=manhattan,max_features=12,x_transform=l2,log_target=True",10,0.97184267,0.41890957,0.62916913,-0.40664941
xylose_gL,target_focused,eem_parafac_scores,parafac_rank_selected,weighted_knn,"k=5,metric=manhattan,max_features=48,x_transform=l2,log_target=True",10,0.97184267,0.41890957,0.62916913,-0.40664941
xylose_gL,target_focused,eem_parafac_scores,parafac_rank_selected,weighted_knn,"k=5,metric=manhattan,max_features=192,x_transform=l2,log_target=True",10,0.97184267,0.41890957,0.62916913,-0.40664941
xylose_gL,target_focused,eem_parafac_scores,parafac_rank_selected,weighted_knn,"k=1,metric=correlation,max_features=12,x_transform=none,log_target=False",10,0.97380016,0.45255323,0.49247059,-0.34090815
xylose_gL,target_focused,eem_parafac_scores,parafac_rank_selected,weighted_knn,"k=1,metric=correlation,max_features=12,x_transform=none,log_target=True",10,0.97380016,0.45255323,0.49247059,-0.34090815
xylose_gL,target_focused,eem_parafac_scores,parafac_rank_selected,weighted_knn,"k=1,metric=correlation,max_features=12,x_transform=l2,log_target=False",10,0.97380016,0.45255323,0.49247059,-0.34090815
xylose_gL,target_focused,eem_parafac_scores,parafac_rank_selected,weighted_knn,"k=1,metric=correlation,max_features=12,x_transform=l2,log_target=True",10,0.97380016,0.45255323,0.49247059,-0.34090815
xylose_gL,target_focused,eem_parafac_scores,parafac_rank_selected,weighted_knn,"k=1,metric=correlation,max_features=48,x_transform=none,log_target=False",10,0.97380016,0.45255323,0.49247059,-0.34090815
xylose_gL,target_focused,eem_parafac_scores,parafac_rank_selected,weighted_knn,"k=1,metric=correlation,max_features=48,x_transform=none,log_target=True",10,0.97380016,0.45255323,0.49247059,-0.34090815
xylose_gL,target_focused,eem_parafac_scores,parafac_rank_selected,weighted_knn,"k=1,metric=correlation,max_features=48,x_transform=l2,log_target=False",10,0.97380016,0.45255323,0.49247059,-0.34090815
xylose_gL,target_focused,eem_parafac_scores,parafac_rank_selected,weighted_knn,"k=1,metric=correlation,max_features=48,x_transform=l2,log_target=True",10,0.97380016,0.45255323,0.49247059,-0.34090815
xylose_gL,target_focused,eem_parafac_scores,parafac_rank_selected,weighted_knn,"k=1,metric=correlation,max_features=192,x_transform=none,log_target=False",10,0.97380016,0.45255323,0.49247059,-0.34090815
xylose_gL,target_focused,eem_parafac_scores,parafac_rank_selected,weighted_knn,"k=1,metric=correlation,max_features=192,x_transform=none,log_target=True",10,0.97380016,0.45255323,0.49247059,-0.34090815
xylose_gL,target_focused,eem_parafac_scores,parafac_rank_selected,weighted_knn,"k=1,metric=correlation,max_features=192,x_transform=l2,log_target=False",10,0.97380016,0.45255323,0.49247059,-0.34090815
xylose_gL,target_focused,eem_parafac_scores,parafac_rank_selected,weighted_knn,"k=1,metric=correlation,max_features=192,x_transform=l2,log_target=True",10,0.97380016,0.45255323,0.49247059,-0.34090815
xylose_gL,target_focused,eem_parafac_scores,parafac_rank_selected,krr,"kernel=rbf,alpha=0.01,gamma_scale=1.0,max_features=12,x_transform=none,log_target=True",10,0.98063352,0.3929904,0.61655747,-0.54516425
xylose_gL,target_focused,eem_parafac_scores,parafac_rank_selected,krr,"kernel=rbf,alpha=0.01,gamma_scale=1.0,max_features=48,x_transform=none,log_target=True",10,0.98063352,0.3929904,0.61655747,-0.54516425
xylose_gL,target_focused,eem_parafac_scores,parafac_rank_selected,krr,"kernel=rbf,alpha=0.01,gamma_scale=1.0,max_features=192,x_transform=none,log_target=True",10,0.98063352,0.3929904,0.61655747,-0.54516425
xylose_gL,all_known,raman_preprocessed_als_sg2_snv,als_sg2_snv,krr,"kernel=rbf,alpha=0.01,gamma_scale=1.0,max_features=12,x_transform=none,log_target=False",10,0.98083886,0.23928852,0.52181913,-3.008569
xylose_gL,all_known,parafac_raman_fusion_als_sg2_snv,als_sg2_snv+parafac,weighted_knn,"k=3,metric=correlation,max_features=12,x_transform=none,log_target=False",10,0.98786851,0.20256701,0.46459744,-3.1644512
xylose_gL,all_known,parafac_raman_fusion_als_sg2_snv,als_sg2_snv+parafac,weighted_knn,"k=3,metric=correlation,max_features=12,x_transform=l2,log_target=False",10,0.98786851,0.20256701,0.46459744,-3.1644512
xylose_gL,all_known,raman_preprocessed_als_sg0_snv_area,als_sg0_snv_area,krr,"kernel=rbf,alpha=0.01,gamma_scale=1.0,max_features=12,x_transform=l2,log_target=False",10,1.0034609,0.21429395,0.64662902,-3.0438963
xylose_gL,all_known,parafac_raman_fusion_als_sg2_snv,als_sg2_snv+parafac,weighted_knn,"k=1,metric=correlation,max_features=48,x_transform=none,log_target=False",10,1.0038572,0.42290877,0.42986111,-1.4497339
xylose_gL,all_known,parafac_raman_fusion_als_sg2_snv,als_sg2_snv+parafac,weighted_knn,"k=1,metric=correlation,max_features=48,x_transform=none,log_target=True",10,1.0038572,0.42290877,0.42986111,-1.4497339
xylose_gL,all_known,parafac_raman_fusion_als_sg2_snv,als_sg2_snv+parafac,weighted_knn,"k=1,metric=correlation,max_features=48,x_transform=l2,log_target=False",10,1.0038572,0.42290877,0.42986111,-1.4497339
xylose_gL,all_known,parafac_raman_fusion_als_sg2_snv,als_sg2_snv+parafac,weighted_knn,"k=1,metric=correlation,max_features=48,x_transform=l2,log_target=True",10,1.0038572,0.42290877,0.42986111,-1.4497339
xylose_gL,target_focused,eem_parafac_scores,parafac_rank_selected,krr,"kernel=laplacian,alpha=0.1,gamma_scale=1.0,max_features=12,x_transform=none,log_target=True",10,1.0047575,0.41430458,0.62461943,-0.56757654
xylose_gL,target_focused,eem_parafac_scores,parafac_rank_selected,krr,"kernel=laplacian,alpha=0.1,gamma_scale=1.0,max_features=48,x_transform=none,log_target=True",10,1.0047575,0.41430458,0.62461943,-0.56757654
xylose_gL,target_focused,eem_parafac_scores,parafac_rank_selected,krr,"kernel=laplacian,alpha=0.1,gamma_scale=1.0,max_features=192,x_transform=none,log_target=True",10,1.0047575,0.41430458,0.62461943,-0.56757654
xylose_gL,all_known,raman_preprocessed_als_sg2_snv,als_sg2_snv,weighted_knn,"k=1,metric=correlation,max_features=48,x_transform=none,log_target=False",10,1.0157472,0.33285896,0.39794444,-4.0217516
xylose_gL,all_known,raman_preprocessed_als_sg2_snv,als_sg2_snv,weighted_knn,"k=1,metric=correlation,max_features=48,x_transform=none,log_target=True",10,1.0157472,0.33285896,0.39794444,-4.0217516
xylose_gL,all_known,raman_preprocessed_als_sg2_snv,als_sg2_snv,weighted_knn,"k=1,metric=correlation,max_features=48,x_transform=l2,log_target=False",10,1.0157472,0.33285896,0.39794444,-4.0217516
xylose_gL,all_known,raman_preprocessed_als_sg2_snv,als_sg2_snv,weighted_knn,"k=1,metric=correlation,max_features=48,x_transform=l2,log_target=True",10,1.0157472,0.33285896,0.39794444,-4.0217516
xylose_gL,target_focused,eem_parafac_scores,parafac_rank_selected,krr,"kernel=rbf,alpha=0.1,gamma_scale=1.0,max_features=12,x_transform=none,log_target=False",10,1.0166361,0.34787328,0.70317499,-0.84645193
xylose_gL,target_focused,eem_parafac_scores,parafac_rank_selected,krr,"kernel=rbf,alpha=0.1,gamma_scale=1.0,max_features=48,x_transform=none,log_target=False",10,1.0166361,0.34787328,0.70317499,-0.84645193
xylose_gL,target_focused,eem_parafac_scores,parafac_rank_selected,krr,"kernel=rbf,alpha=0.1,gamma_scale=1.0,max_features=192,x_transform=none,log_target=False",10,1.0166361,0.34787328,0.70317499,-0.84645193
xylose_gL,all_known,raman_preprocessed_als_sg2_snv,als_sg2_snv,krr,"kernel=rbf,alpha=0.01,gamma_scale=2.0,max_features=12,x_transform=l2,log_target=False",10,1.0273744,0.20468933,0.57000344,-3.5913418
xylose_gL,all_known,parafac_raman_fusion_als_sg2_snv,als_sg2_snv+parafac,krr,"kernel=rbf,alpha=0.01,gamma_scale=2.0,max_features=12,x_transform=l2,log_target=False",10,1.0297502,0.16460127,0.5665003,-3.8038978
xylose_gL,target_focused,eem_parafac_scores,parafac_rank_selected,krr,"kernel=laplacian,alpha=0.1,gamma_scale=2.0,max_features=12,x_transform=none,log_target=True",10,1.0376585,0.40384668,0.64205581,-0.76139222
xylose_gL,target_focused,eem_parafac_scores,parafac_rank_selected,krr,"kernel=laplacian,alpha=0.1,gamma_scale=2.0,max_features=48,x_transform=none,log_target=True",10,1.0376585,0.40384668,0.64205581,-0.76139222
xylose_gL,target_focused,eem_parafac_scores,parafac_rank_selected,krr,"kernel=laplacian,alpha=0.1,gamma_scale=2.0,max_features=192,x_transform=none,log_target=True",10,1.0376585,0.40384668,0.64205581,-0.76139222
xylose_gL,all_known,parafac_raman_fusion_als_sg2_snv,als_sg2_snv+parafac,weighted_knn,"k=1,metric=manhattan,max_features=192,x_transform=none,log_target=False",10,1.0489122,0.23994935,0.41769444,-4.7727188
xylose_gL,all_known,parafac_raman_fusion_als_sg2_snv,als_sg2_snv+parafac,weighted_knn,"k=1,metric=manhattan,max_features=192,x_transform=none,log_target=True",10,1.0489122,0.23994935,0.41769444,-4.7727188
xylose_gL,target_focused,eem_parafac_scores,parafac_rank_selected,krr,"kernel=rbf,alpha=0.01,gamma_scale=1.0,max_features=12,x_transform=none,log_target=False",10,1.0516398,0.3251084,0.72126691,-1.1406958
xylose_gL,target_focused,eem_parafac_scores,parafac_rank_selected,krr,"kernel=rbf,alpha=0.01,gamma_scale=1.0,max_features=48,x_transform=none,log_target=False",10,1.0516398,0.3251084,0.72126691,-1.1406958
xylose_gL,target_focused,eem_parafac_scores,parafac_rank_selected,krr,"kernel=rbf,alpha=0.01,gamma_scale=1.0,max_features=192,x_transform=none,log_target=False",10,1.0516398,0.3251084,0.72126691,-1.1406958
xylose_gL,all_known,parafac_raman_fusion_als_sg2_snv,als_sg2_snv+parafac,weighted_knn,"k=3,metric=manhattan,max_features=12,x_transform=l2,log_target=False",10,1.0529358,0.15063254,0.51448198,-3.7478964
xylose_gL,target_focused,eem_parafac_scores,parafac_rank_selected,krr,"kernel=rbf,alpha=0.1,gamma_scale=2.0,max_features=12,x_transform=none,log_target=False",10,1.0550304,0.33546833,0.72396792,-1.0906813
xylose_gL,target_focused,eem_parafac_scores,parafac_rank_selected,krr,"kernel=rbf,alpha=0.1,gamma_scale=2.0,max_features=48,x_transform=none,log_target=False",10,1.0550304,0.33546833,0.72396792,-1.0906813
xylose_gL,target_focused,eem_parafac_scores,parafac_rank_selected,krr,"kernel=rbf,alpha=0.1,gamma_scale=2.0,max_features=192,x_transform=none,log_target=False",10,1.0550304,0.33546833,0.72396792,-1.0906813
xylose_gL,target_focused,eem_parafac_scores,parafac_rank_selected,weighted_knn,"k=5,metric=manhattan,max_features=12,x_transform=none,log_target=True",10,1.0693495,0.4026972,0.68099131,-0.92744546
xylose_gL,target_focused,eem_parafac_scores,parafac_rank_selected,weighted_knn,"k=5,metric=manhattan,max_features=48,x_transform=none,log_target=True",10,1.0693495,0.4026972,0.68099131,-0.92744546
xylose_gL,target_focused,eem_parafac_scores,parafac_rank_selected,weighted_knn,"k=5,metric=manhattan,max_features=192,x_transform=none,log_target=True",10,1.0693495,0.4026972,0.68099131,-0.92744546
xylose_gL,target_focused,eem_parafac_scores,parafac_rank_selected,krr,"kernel=rbf,alpha=0.01,gamma_scale=2.0,max_features=12,x_transform=none,log_target=True",10,1.071379,0.3574787,0.64730142,-1.5145593
xylose_gL,target_focused,eem_parafac_scores,parafac_rank_selected,krr,"kernel=rbf,alpha=0.01,gamma_scale=2.0,max_features=48,x_transform=none,log_target=True",10,1.071379,0.3574787,0.64730142,-1.5145593
xylose_gL,target_focused,eem_parafac_scores,parafac_rank_selected,krr,"kernel=rbf,alpha=0.01,gamma_scale=2.0,max_features=192,x_transform=none,log_target=True",10,1.071379,0.3574787,0.64730142,-1.5145593
xylose_gL,all_known,parafac_raman_fusion_als_sg2_snv,als_sg2_snv+parafac,weighted_knn,"k=1,metric=manhattan,max_features=12,x_transform=none,log_target=False",10,1.0747602,0.2901256,0.432375,-5.9783026
xylose_gL,all_known,parafac_raman_fusion_als_sg2_snv,als_sg2_snv+parafac,weighted_knn,"k=1,metric=manhattan,max_features=12,x_transform=none,log_target=True",10,1.0747602,0.2901256,0.432375,-5.9783026
xylose_gL,all_known,raman_preprocessed_als_sg0_snv_area,als_sg0_snv_area,weighted_knn,"k=1,metric=manhattan,max_features=12,x_transform=l2,log_target=False",10,1.0775152,0.42066244,0.44259722,-2.8802594
xylose_gL,all_known,raman_preprocessed_als_sg0_snv_area,als_sg0_snv_area,weighted_knn,"k=1,metric=manhattan,max_features=12,x_transform=l2,log_target=True",10,1.0775152,0.42066244,0.44259722,-2.8802594
xylose_gL,all_known,raman_preprocessed_als_sg2_snv,als_sg2_snv,weighted_knn,"k=1,metric=manhattan,max_features=48,x_transform=l2,log_target=False",10,1.0808981,0.30022379,0.42530556,-3.7850376
xylose_gL,all_known,raman_preprocessed_als_sg2_snv,als_sg2_snv,weighted_knn,"k=1,metric=manhattan,max_features=48,x_transform=l2,log_target=True",10,1.0808981,0.30022379,0.42530556,-3.7850376
xylose_gL,all_known,raman_preprocessed_als_sg2_snv,als_sg2_snv,krr,"kernel=rbf,alpha=0.01,gamma_scale=1.0,max_features=12,x_transform=l2,log_target=False",10,1.0881167,0.19347955,0.66055707,-4.3731203
xylose_gL,target_focused,eem_parafac_scores,parafac_rank_selected,weighted_knn,"k=3,metric=manhattan,max_features=12,x_transform=l2,log_target=True",10,1.0895985,0.37405047,0.69040093,-1.1163523
xylose_gL,target_focused,eem_parafac_scores,parafac_rank_selected,weighted_knn,"k=3,metric=manhattan,max_features=48,x_transform=l2,log_target=True",10,1.0895985,0.37405047,0.69040093,-1.1163523
xylose_gL,target_focused,eem_parafac_scores,parafac_rank_selected,weighted_knn,"k=3,metric=manhattan,max_features=192,x_transform=l2,log_target=True",10,1.0895985,0.37405047,0.69040093,-1.1163523
xylose_gL,all_known,parafac_raman_fusion_als_sg2_snv,als_sg2_snv+parafac,weighted_knn,"k=1,metric=manhattan,max_features=48,x_transform=l2,log_target=False",10,1.1098367,0.24997971,0.45776389,-4.3330092
xylose_gL,all_known,parafac_raman_fusion_als_sg2_snv,als_sg2_snv+parafac,weighted_knn,"k=1,metric=manhattan,max_features=48,x_transform=l2,log_target=True",10,1.1098367,0.24997971,0.45776389,-4.3330092
xylose_gL,all_known,raman_preprocessed_als_sg0_snv_area,als_sg0_snv_area,weighted_knn,"k=1,metric=correlation,max_features=48,x_transform=none,log_target=False",10,1.111649,0.36656752,0.46370833,-3.3539093
xylose_gL,all_known,raman_preprocessed_als_sg0_snv_area,als_sg0_snv_area,weighted_knn,"k=1,metric=correlation,max_features=48,x_transform=l2,log_target=False",10,1.111649,0.36656752,0.46370833,-3.3539093
xylose_gL,all_known,raman_preprocessed_als_sg0_snv_area,als_sg0_snv_area,weighted_knn,"k=1,metric=correlation,max_features=48,x_transform=l2,log_target=True",10,1.111649,0.36656752,0.46370833,-3.3539093
xylose_gL,all_known,raman_preprocessed_als_sg0_snv_area,als_sg0_snv_area,weighted_knn,"k=1,metric=correlation,max_features=48,x_transform=none,log_target=True",10,1.111649,0.36656752,0.46370833,-3.3539093
xylose_gL,target_focused,eem_parafac_scores,parafac_rank_selected,weighted_knn,"k=5,metric=manhattan,max_features=12,x_transform=l2,log_target=False",10,1.120711,0.32286822,0.78923529,-1.3917989
xylose_gL,target_focused,eem_parafac_scores,parafac_rank_selected,weighted_knn,"k=5,metric=manhattan,max_features=48,x_transform=l2,log_target=False",10,1.120711,0.32286822,0.78923529,-1.3917989
xylose_gL,target_focused,eem_parafac_scores,parafac_rank_selected,weighted_knn,"k=5,metric=manhattan,max_features=192,x_transform=l2,log_target=False",10,1.120711,0.32286822,0.78923529,-1.3917989
xylose_gL,all_known,parafac_raman_fusion_als_sg2_snv,als_sg2_snv+parafac,krr,"kernel=rbf,alpha=0.01,gamma_scale=1.0,max_features=12,x_transform=l2,log_target=False",10,1.1210001,0.12698697,0.67497778,-4.9578923
xylose_gL,target_focused,eem_parafac_scores,parafac_rank_selected,krr,"kernel=laplacian,alpha=0.1,gamma_scale=1.0,max_features=12,x_transform=none,log_target=False",10,1.1220317,0.35201832,0.74805351,-1.4059475
xylose_gL,target_focused,eem_parafac_scores,parafac_rank_selected,krr,"kernel=laplacian,alpha=0.1,gamma_scale=1.0,max_features=48,x_transform=none,log_target=False",10,1.1220317,0.35201832,0.74805351,-1.4059475
xylose_gL,target_focused,eem_parafac_scores,parafac_rank_selected,krr,"kernel=laplacian,alpha=0.1,gamma_scale=1.0,max_features=192,x_transform=none,log_target=False",10,1.1220317,0.35201832,0.74805351,-1.4059475
xylose_gL,target_focused,eem_parafac_scores,parafac_rank_selected,weighted_knn,"k=3,metric=manhattan,max_features=12,x_transform=none,log_target=True",10,1.125361,0.37928023,0.72220852,-1.3335746
xylose_gL,target_focused,eem_parafac_scores,parafac_rank_selected,weighted_knn,"k=3,metric=manhattan,max_features=48,x_transform=none,log_target=True",10,1.125361,0.37928023,0.72220852,-1.3335746
xylose_gL,target_focused,eem_parafac_scores,parafac_rank_selected,weighted_knn,"k=3,metric=manhattan,max_features=192,x_transform=none,log_target=True",10,1.125361,0.37928023,0.72220852,-1.3335746
xylose_gL,all_known,raman_preprocessed_als_sg0_snv_area,als_sg0_snv_area,weighted_knn,"k=1,metric=correlation,max_features=12,x_transform=none,log_target=False",10,1.1315077,0.33175749,0.47616667,-4.5612549
xylose_gL,all_known,raman_preprocessed_als_sg0_snv_area,als_sg0_snv_area,weighted_knn,"k=1,metric=correlation,max_features=12,x_transform=none,log_target=True",10,1.1315077,0.33175749,0.47616667,-4.5612549
xylose_gL,all_known,raman_preprocessed_als_sg0_snv_area,als_sg0_snv_area,weighted_knn,"k=1,metric=correlation,max_features=12,x_transform=l2,log_target=False",10,1.1315077,0.33175749,0.47616667,-4.5612549
xylose_gL,all_known,raman_preprocessed_als_sg0_snv_area,als_sg0_snv_area,weighted_knn,"k=1,metric=correlation,max_features=12,x_transform=l2,log_target=True",10,1.1315077,0.33175749,0.47616667,-4.5612549
xylose_gL,target_focused,eem_parafac_scores,parafac_rank_selected,krr,"kernel=laplacian,alpha=0.01,gamma_scale=1.0,max_features=12,x_transform=none,log_target=True",10,1.1353044,0.37410746,0.71000026,-1.422507
xylose_gL,target_focused,eem_parafac_scores,parafac_rank_selected,krr,"kernel=laplacian,alpha=0.01,gamma_scale=1.0,max_features=48,x_transform=none,log_target=True",10,1.1353044,0.37410746,0.71000026,-1.422507
xylose_gL,target_focused,eem_parafac_scores,parafac_rank_selected,krr,"kernel=laplacian,alpha=0.01,gamma_scale=1.0,max_features=192,x_transform=none,log_target=True",10,1.1353044,0.37410746,0.71000026,-1.422507
xylose_gL,all_known,parafac_raman_fusion_als_sg0_snv_area,als_sg0_snv_area+parafac,weighted_knn,"k=1,metric=correlation,max_features=12,x_transform=none,log_target=False",10,1.1375926,0.16386111,0.44290278,-3.9447629
xylose_gL,all_known,parafac_raman_fusion_als_sg0_snv_area,als_sg0_snv_area+parafac,weighted_knn,"k=1,metric=correlation,max_features=12,x_transform=l2,log_target=False",10,1.1375926,0.16386111,0.44290278,-3.9447629
xylose_gL,all_known,parafac_raman_fusion_als_sg0_snv_area,als_sg0_snv_area+parafac,weighted_knn,"k=1,metric=correlation,max_features=12,x_transform=l2,log_target=True",10,1.1375926,0.16386111,0.44290278,-3.9447629
xylose_gL,all_known,parafac_raman_fusion_als_sg0_snv_area,als_sg0_snv_area+parafac,weighted_knn,"k=1,metric=correlation,max_features=12,x_transform=none,log_target=True",10,1.1375926,0.16386111,0.44290278,-3.9447629
xylose_gL,target_focused,eem_parafac_scores,parafac_rank_selected,krr,"kernel=rbf,alpha=0.01,gamma_scale=2.0,max_features=12,x_transform=none,log_target=False",10,1.1513638,0.31415057,0.7807748,-1.757114
xylose_gL,target_focused,eem_parafac_scores,parafac_rank_selected,krr,"kernel=rbf,alpha=0.01,gamma_scale=2.0,max_features=48,x_transform=none,log_target=False",10,1.1513638,0.31415057,0.7807748,-1.757114
xylose_gL,target_focused,eem_parafac_scores,parafac_rank_selected,krr,"kernel=rbf,alpha=0.01,gamma_scale=2.0,max_features=192,x_transform=none,log_target=False",10,1.1513638,0.31415057,0.7807748,-1.757114
xylose_gL,all_known,raman_preprocessed_als_sg2_snv,als_sg2_snv,weighted_knn,"k=1,metric=manhattan,max_features=12,x_transform=none,log_target=False",10,1.1554578,0.3007795,0.47525,-5.4048744
xylose_gL,all_known,raman_preprocessed_als_sg2_snv,als_sg2_snv,weighted_knn,"k=1,metric=manhattan,max_features=12,x_transform=none,log_target=True",10,1.1554578,0.3007795,0.47525,-5.4048744
xylose_gL,all_known,eem_parafac_scores,parafac_rank_selected,weighted_knn,"k=1,metric=manhattan,max_features=12,x_transform=none,log_target=False",10,1.156429,0.42425945,0.55798611,-6.5403928
xylose_gL,all_known,eem_parafac_scores,parafac_rank_selected,weighted_knn,"k=1,metric=manhattan,max_features=12,x_transform=none,log_target=True",10,1.156429,0.42425945,0.55798611,-6.5403928
xylose_gL,all_known,eem_parafac_scores,parafac_rank_selected,weighted_knn,"k=1,metric=manhattan,max_features=48,x_transform=none,log_target=False",10,1.156429,0.42425945,0.55798611,-6.5403928
xylose_gL,all_known,eem_parafac_scores,parafac_rank_selected,weighted_knn,"k=1,metric=manhattan,max_features=48,x_transform=none,log_target=True",10,1.156429,0.42425945,0.55798611,-6.5403928
xylose_gL,all_known,eem_parafac_scores,parafac_rank_selected,weighted_knn,"k=1,metric=manhattan,max_features=192,x_transform=none,log_target=False",10,1.156429,0.42425945,0.55798611,-6.5403928
xylose_gL,all_known,eem_parafac_scores,parafac_rank_selected,weighted_knn,"k=1,metric=manhattan,max_features=192,x_transform=none,log_target=True",10,1.156429,0.42425945,0.55798611,-6.5403928
xylose_gL,target_focused,eem_parafac_scores,parafac_rank_selected,krr,"kernel=laplacian,alpha=0.01,gamma_scale=2.0,max_features=12,x_transform=none,log_target=True",10,1.1628286,0.37146691,0.7256934,-1.6047759
xylose_gL,target_focused,eem_parafac_scores,parafac_rank_selected,krr,"kernel=laplacian,alpha=0.01,gamma_scale=2.0,max_features=48,x_transform=none,log_target=True",10,1.1628286,0.37146691,0.7256934,-1.6047759
xylose_gL,target_focused,eem_parafac_scores,parafac_rank_selected,krr,"kernel=laplacian,alpha=0.01,gamma_scale=2.0,max_features=192,x_transform=none,log_target=True",10,1.1628286,0.37146691,0.7256934,-1.6047759
xylose_gL,target_focused,eem_parafac_scores,parafac_rank_selected,krr,"kernel=laplacian,alpha=0.1,gamma_scale=2.0,max_features=12,x_transform=none,log_target=False",10,1.1649577,0.34669711,0.76534375,-1.7149811
xylose_gL,target_focused,eem_parafac_scores,parafac_rank_selected,krr,"kernel=laplacian,alpha=0.1,gamma_scale=2.0,max_features=48,x_transform=none,log_target=False",10,1.1649577,0.34669711,0.76534375,-1.7149811
xylose_gL,target_focused,eem_parafac_scores,parafac_rank_selected,krr,"kernel=laplacian,alpha=0.1,gamma_scale=2.0,max_features=192,x_transform=none,log_target=False",10,1.1649577,0.34669711,0.76534375,-1.7149811
xylose_gL,all_known,parafac_raman_fusion_als_sg2_snv,als_sg2_snv+parafac,weighted_knn,"k=1,metric=correlation,max_features=12,x_transform=none,log_target=False",10,1.1933498,0.29622347,0.48015278,-6.7529278
xylose_gL,all_known,parafac_raman_fusion_als_sg2_snv,als_sg2_snv+parafac,weighted_knn,"k=1,metric=correlation,max_features=12,x_transform=none,log_target=True",10,1.1933498,0.29622347,0.48015278,-6.7529278
xylose_gL,all_known,parafac_raman_fusion_als_sg2_snv,als_sg2_snv+parafac,weighted_knn,"k=1,metric=correlation,max_features=12,x_transform=l2,log_target=False",10,1.1933498,0.29622347,0.48015278,-6.7529278
xylose_gL,all_known,parafac_raman_fusion_als_sg2_snv,als_sg2_snv+parafac,weighted_knn,"k=1,metric=correlation,max_features=12,x_transform=l2,log_target=True",10,1.1933498,0.29622347,0.48015278,-6.7529278
xylose_gL,all_known,parafac_raman_fusion_als_sg0_snv_area,als_sg0_snv_area+parafac,weighted_knn,"k=1,metric=manhattan,max_features=192,x_transform=none,log_target=False",10,1.1944849,0.30346551,0.47477778,-3.756729
xylose_gL,all_known,parafac_raman_fusion_als_sg0_snv_area,als_sg0_snv_area+parafac,weighted_knn,"k=1,metric=manhattan,max_features=192,x_transform=none,log_target=True",10,1.1944849,0.30346551,0.47477778,-3.756729
xylose_gL,all_known,raman_preprocessed_als_sg0_snv_area,als_sg0_snv_area,weighted_knn,"k=1,metric=manhattan,max_features=192,x_transform=none,log_target=False",10,1.197095,0.22509663,0.49330556,-5.2625365
xylose_gL,all_known,raman_preprocessed_als_sg0_snv_area,als_sg0_snv_area,weighted_knn,"k=1,metric=manhattan,max_features=192,x_transform=none,log_target=True",10,1.197095,0.22509663,0.49330556,-5.2625365
xylose_gL,all_known,raman_preprocessed_als_sg2_snv,als_sg2_snv,weighted_knn,"k=1,metric=correlation,max_features=12,x_transform=none,log_target=False",10,1.2063001,0.29650847,0.509375,-6.8171256
xylose_gL,all_known,raman_preprocessed_als_sg2_snv,als_sg2_snv,weighted_knn,"k=1,metric=correlation,max_features=12,x_transform=none,log_target=True",10,1.2063001,0.29650847,0.509375,-6.8171256
xylose_gL,all_known,raman_preprocessed_als_sg2_snv,als_sg2_snv,weighted_knn,"k=1,metric=correlation,max_features=12,x_transform=l2,log_target=False",10,1.2063001,0.29650847,0.509375,-6.8171256
xylose_gL,all_known,raman_preprocessed_als_sg2_snv,als_sg2_snv,weighted_knn,"k=1,metric=correlation,max_features=12,x_transform=l2,log_target=True",10,1.2063001,0.29650847,0.509375,-6.8171256
xylose_gL,all_known,raman_preprocessed_als_sg0_snv_area,als_sg0_snv_area,weighted_knn,"k=1,metric=manhattan,max_features=48,x_transform=l2,log_target=False",10,1.2090416,0.2902148,0.49995833,-5.0722181
xylose_gL,all_known,raman_preprocessed_als_sg0_snv_area,als_sg0_snv_area,weighted_knn,"k=1,metric=manhattan,max_features=48,x_transform=l2,log_target=True",10,1.2090416,0.2902148,0.49995833,-5.0722181
xylose_gL,target_focused,eem_parafac_scores,parafac_rank_selected,weighted_knn,"k=5,metric=manhattan,max_features=12,x_transform=none,log_target=False",10,1.2096949,0.3458662,0.81013949,-2.0427387
xylose_gL,target_focused,eem_parafac_scores,parafac_rank_selected,weighted_knn,"k=5,metric=manhattan,max_features=48,x_transform=none,log_target=False",10,1.2096949,0.3458662,0.81013949,-2.0427387
xylose_gL,target_focused,eem_parafac_scores,parafac_rank_selected,weighted_knn,"k=5,metric=manhattan,max_features=192,x_transform=none,log_target=False",10,1.2096949,0.3458662,0.81013949,-2.0427387
xylose_gL,all_known,parafac_raman_fusion_als_sg0_snv_area,als_sg0_snv_area+parafac,weighted_knn,"k=1,metric=manhattan,max_features=48,x_transform=l2,log_target=False",10,1.2194539,0.38481219,0.519375,-3.8143732
xylose_gL,all_known,parafac_raman_fusion_als_sg0_snv_area,als_sg0_snv_area+parafac,weighted_knn,"k=1,metric=manhattan,max_features=48,x_transform=l2,log_target=True",10,1.2194539,0.38481219,0.519375,-3.8143732
xylose_gL,all_known,raman_preprocessed_als_sg2_snv,als_sg2_snv,weighted_knn,"k=1,metric=manhattan,max_features=12,x_transform=l2,log_target=False",10,1.2407743,0.28821461,0.55095833,-7.4111317
xylose_gL,all_known,raman_preprocessed_als_sg2_snv,als_sg2_snv,weighted_knn,"k=1,metric=manhattan,max_features=12,x_transform=l2,log_target=True",10,1.2407743,0.28821461,0.55095833,-7.4111317
xylose_gL,all_known,parafac_raman_fusion_als_sg2_snv,als_sg2_snv+parafac,weighted_knn,"k=1,metric=manhattan,max_features=12,x_transform=l2,log_target=False",10,1.268321,0.20475453,0.50480556,-7.7263328
xylose_gL,all_known,parafac_raman_fusion_als_sg2_snv,als_sg2_snv+parafac,weighted_knn,"k=1,metric=manhattan,max_features=12,x_transform=l2,log_target=True",10,1.268321,0.20475453,0.50480556,-7.7263328
xylose_gL,target_focused,eem_parafac_scores,parafac_rank_selected,krr,"kernel=laplacian,alpha=0.01,gamma_scale=1.0,max_features=12,x_transform=none,log_target=False",10,1.2750351,0.32565908,0.8194648,-2.6237047
xylose_gL,target_focused,eem_parafac_scores,parafac_rank_selected,krr,"kernel=laplacian,alpha=0.01,gamma_scale=1.0,max_features=48,x_transform=none,log_target=False",10,1.2750351,0.32565908,0.8194648,-2.6237047
xylose_gL,target_focused,eem_parafac_scores,parafac_rank_selected,krr,"kernel=laplacian,alpha=0.01,gamma_scale=1.0,max_features=192,x_transform=none,log_target=False",10,1.2750351,0.32565908,0.8194648,-2.6237047
xylose_gL,target_focused,eem_parafac_scores,parafac_rank_selected,weighted_knn,"k=3,metric=manhattan,max_features=12,x_transform=none,log_target=False",10,1.275985,0.33758454,0.84260531,-2.6164512
xylose_gL,target_focused,eem_parafac_scores,parafac_rank_selected,weighted_knn,"k=3,metric=manhattan,max_features=48,x_transform=none,log_target=False",10,1.275985,0.33758454,0.84260531,-2.6164512
xylose_gL,target_focused,eem_parafac_scores,parafac_rank_selected,weighted_knn,"k=3,metric=manhattan,max_features=192,x_transform=none,log_target=False",10,1.275985,0.33758454,0.84260531,-2.6164512
xylose_gL,all_known,parafac_raman_fusion_als_sg0_snv_area,als_sg0_snv_area+parafac,weighted_knn,"k=1,metric=correlation,max_features=48,x_transform=none,log_target=False",10,1.295079,0.32498673,0.52377778,-5.323032
xylose_gL,all_known,parafac_raman_fusion_als_sg0_snv_area,als_sg0_snv_area+parafac,weighted_knn,"k=1,metric=correlation,max_features=48,x_transform=l2,log_target=False",10,1.295079,0.32498673,0.52377778,-5.323032
xylose_gL,all_known,parafac_raman_fusion_als_sg0_snv_area,als_sg0_snv_area+parafac,weighted_knn,"k=1,metric=correlation,max_features=48,x_transform=none,log_target=True",10,1.295079,0.32498673,0.52377778,-5.323032
xylose_gL,all_known,parafac_raman_fusion_als_sg0_snv_area,als_sg0_snv_area+parafac,weighted_knn,"k=1,metric=correlation,max_features=48,x_transform=l2,log_target=True",10,1.295079,0.32498673,0.52377778,-5.323032
xylose_gL,target_focused,eem_parafac_scores,parafac_rank_selected,krr,"kernel=laplacian,alpha=0.01,gamma_scale=2.0,max_features=12,x_transform=none,log_target=False",10,1.30164,0.32814267,0.82803277,-2.8297086
xylose_gL,target_focused,eem_parafac_scores,parafac_rank_selected,krr,"kernel=laplacian,alpha=0.01,gamma_scale=2.0,max_features=48,x_transform=none,log_target=False",10,1.30164,0.32814267,0.82803277,-2.8297086
xylose_gL,target_focused,eem_parafac_scores,parafac_rank_selected,krr,"kernel=laplacian,alpha=0.01,gamma_scale=2.0,max_features=192,x_transform=none,log_target=False",10,1.30164,0.32814267,0.82803277,-2.8297086
xylose_gL,target_focused,eem_parafac_scores,parafac_rank_selected,weighted_knn,"k=3,metric=manhattan,max_features=12,x_transform=l2,log_target=False",10,1.3547973,0.25478636,0.95005882,-3.3973508
xylose_gL,target_focused,eem_parafac_scores,parafac_rank_selected,weighted_knn,"k=3,metric=manhattan,max_features=48,x_transform=l2,log_target=False",10,1.3547973,0.25478636,0.95005882,-3.3973508
xylose_gL,target_focused,eem_parafac_scores,parafac_rank_selected,weighted_knn,"k=3,metric=manhattan,max_features=192,x_transform=l2,log_target=False",10,1.3547973,0.25478636,0.95005882,-3.3973508
xylose_gL,target_focused,eem_parafac_scores,parafac_rank_selected,weighted_knn,"k=1,metric=manhattan,max_features=12,x_transform=none,log_target=False",10,1.5254199,0.3795251,0.88426471,-5.1475383
xylose_gL,target_focused,eem_parafac_scores,parafac_rank_selected,weighted_knn,"k=1,metric=manhattan,max_features=12,x_transform=none,log_target=True",10,1.5254199,0.3795251,0.88426471,-5.1475383
xylose_gL,target_focused,eem_parafac_scores,parafac_rank_selected,weighted_knn,"k=1,metric=manhattan,max_features=48,x_transform=none,log_target=False",10,1.5254199,0.3795251,0.88426471,-5.1475383
xylose_gL,target_focused,eem_parafac_scores,parafac_rank_selected,weighted_knn,"k=1,metric=manhattan,max_features=48,x_transform=none,log_target=True",10,1.5254199,0.3795251,0.88426471,-5.1475383
xylose_gL,target_focused,eem_parafac_scores,parafac_rank_selected,weighted_knn,"k=1,metric=manhattan,max_features=192,x_transform=none,log_target=False",10,1.5254199,0.3795251,0.88426471,-5.1475383
xylose_gL,target_focused,eem_parafac_scores,parafac_rank_selected,weighted_knn,"k=1,metric=manhattan,max_features=192,x_transform=none,log_target=True",10,1.5254199,0.3795251,0.88426471,-5.1475383
xylose_gL,target_focused,eem_parafac_scores,parafac_rank_selected,weighted_knn,"k=1,metric=manhattan,max_features=12,x_transform=l2,log_target=False",10,2.5416276,1.134817,1.8258824,-23.843467
xylose_gL,target_focused,eem_parafac_scores,parafac_rank_selected,weighted_knn,"k=1,metric=manhattan,max_features=12,x_transform=l2,log_target=True",10,2.5416276,1.134817,1.8258824,-23.843467
xylose_gL,target_focused,eem_parafac_scores,parafac_rank_selected,weighted_knn,"k=1,metric=manhattan,max_features=48,x_transform=l2,log_target=False",10,2.5416276,1.134817,1.8258824,-23.843467
xylose_gL,target_focused,eem_parafac_scores,parafac_rank_selected,weighted_knn,"k=1,metric=manhattan,max_features=48,x_transform=l2,log_target=True",10,2.5416276,1.134817,1.8258824,-23.843467
xylose_gL,target_focused,eem_parafac_scores,parafac_rank_selected,weighted_knn,"k=1,metric=manhattan,max_features=192,x_transform=l2,log_target=False",10,2.5416276,1.134817,1.8258824,-23.843467
xylose_gL,target_focused,eem_parafac_scores,parafac_rank_selected,weighted_knn,"k=1,metric=manhattan,max_features=192,x_transform=l2,log_target=True",10,2.5416276,1.134817,1.8258824,-23.843467
